-- BP 6.1D content: domain syschar: 3

INSERT INTO S_DOM
	VALUES (111189,
	'enum2',
	'This test is a helper domain for enum1.  See enum1 for a complete description.

** Note: This domain cannot be run in Verifier as it relies on the transfer of data between two OOA domains via FBO.',
	0,
	1);
INSERT INTO S_CDT
	VALUES (524289,
	0);
INSERT INTO S_DT
	VALUES (524289,
	111189,
	'void',
	'');
INSERT INTO S_CDT
	VALUES (524290,
	1);
INSERT INTO S_DT
	VALUES (524290,
	111189,
	'boolean',
	'');
INSERT INTO S_CDT
	VALUES (524291,
	2);
INSERT INTO S_DT
	VALUES (524291,
	111189,
	'integer',
	'');
INSERT INTO S_CDT
	VALUES (524292,
	3);
INSERT INTO S_DT
	VALUES (524292,
	111189,
	'real',
	'');
INSERT INTO S_CDT
	VALUES (524293,
	4);
INSERT INTO S_DT
	VALUES (524293,
	111189,
	'string',
	'');
INSERT INTO S_CDT
	VALUES (524294,
	5);
INSERT INTO S_DT
	VALUES (524294,
	111189,
	'unique_id',
	'');
INSERT INTO S_CDT
	VALUES (524295,
	6);
INSERT INTO S_DT
	VALUES (524295,
	111189,
	'state<State_Model>',
	'');
INSERT INTO S_CDT
	VALUES (524296,
	7);
INSERT INTO S_DT
	VALUES (524296,
	111189,
	'same_as<Base_Attribute>',
	'');
INSERT INTO S_CDT
	VALUES (524297,
	8);
INSERT INTO S_DT
	VALUES (524297,
	111189,
	'inst_ref<Object>',
	'');
INSERT INTO S_CDT
	VALUES (524298,
	9);
INSERT INTO S_DT
	VALUES (524298,
	111189,
	'inst_ref_set<Object>',
	'');
INSERT INTO S_CDT
	VALUES (524299,
	10);
INSERT INTO S_DT
	VALUES (524299,
	111189,
	'inst<Event>',
	'');
INSERT INTO S_CDT
	VALUES (524300,
	11);
INSERT INTO S_DT
	VALUES (524300,
	111189,
	'inst<Mapping>',
	'');
INSERT INTO S_CDT
	VALUES (524301,
	12);
INSERT INTO S_DT
	VALUES (524301,
	111189,
	'inst_ref<Mapping>',
	'');
INSERT INTO S_UDT
	VALUES (524302,
	524300,
	1);
INSERT INTO S_DT
	VALUES (524302,
	111189,
	'date',
	'');
INSERT INTO S_UDT
	VALUES (524303,
	524300,
	2);
INSERT INTO S_DT
	VALUES (524303,
	111189,
	'timestamp',
	'');
INSERT INTO S_UDT
	VALUES (524304,
	524301,
	3);
INSERT INTO S_DT
	VALUES (524304,
	111189,
	'inst_ref<Timer>',
	'');
INSERT INTO S_UDT
	VALUES (524307,
	524293,
	0);
INSERT INTO S_DT
	VALUES (524307,
	111189,
	'colorsA',
	'ENUMERATION: TRUE
Owner:enum1');
INSERT INTO S_UDT
	VALUES (524308,
	524293,
	0);
INSERT INTO S_DT
	VALUES (524308,
	111189,
	'colorsB',
	'comment here
enumeration:TRUE
//comment here
enumerator0:red
enumerator1:redder
enumerator2:reddest
//comment here
');
INSERT INTO S_EE
	VALUES (524295,
	'Logging ',
	'',
	'LOG',
	111189);
INSERT INTO S_BRG
	VALUES (524326,
	524295,
	'LogSuccess',
	'',
	0,
	524289,
	'',
	1);
INSERT INTO S_BPARM
	VALUES (524341,
	524326,
	'message',
	524293,
	0);
INSERT INTO S_BRG
	VALUES (524327,
	524295,
	'LogFailure',
	'',
	0,
	524289,
	'',
	1);
INSERT INTO S_BPARM
	VALUES (524342,
	524327,
	'message',
	524293,
	0);
INSERT INTO S_BRG
	VALUES (524328,
	524295,
	'LogInfo',
	'',
	0,
	524289,
	'',
	1);
INSERT INTO S_BPARM
	VALUES (524343,
	524328,
	'message',
	524293,
	0);
INSERT INTO S_EE
	VALUES (524296,
	'Time',
	'',
	'TIM',
	111189);
INSERT INTO S_BRG
	VALUES (524329,
	524296,
	'current_date',
	'',
	1,
	524302,
	'',
	0);
INSERT INTO S_BRG
	VALUES (524330,
	524296,
	'create_date',
	'',
	1,
	524302,
	'',
	0);
INSERT INTO S_BPARM
	VALUES (524344,
	524330,
	'second',
	524291,
	0);
INSERT INTO S_BPARM
	VALUES (524345,
	524330,
	'minute',
	524291,
	0);
INSERT INTO S_BPARM
	VALUES (524346,
	524330,
	'hour',
	524291,
	0);
INSERT INTO S_BPARM
	VALUES (524347,
	524330,
	'day',
	524291,
	0);
INSERT INTO S_BPARM
	VALUES (524348,
	524330,
	'month',
	524291,
	0);
INSERT INTO S_BPARM
	VALUES (524349,
	524330,
	'year',
	524291,
	0);
INSERT INTO S_BRG
	VALUES (524331,
	524296,
	'get_second',
	'',
	1,
	524291,
	'',
	0);
INSERT INTO S_BPARM
	VALUES (524350,
	524331,
	'date',
	524302,
	0);
INSERT INTO S_BRG
	VALUES (524332,
	524296,
	'get_minute',
	'',
	1,
	524291,
	'',
	0);
INSERT INTO S_BPARM
	VALUES (524351,
	524332,
	'date',
	524302,
	0);
INSERT INTO S_BRG
	VALUES (524333,
	524296,
	'get_hour',
	'',
	1,
	524291,
	'',
	0);
INSERT INTO S_BPARM
	VALUES (524352,
	524333,
	'date',
	524302,
	0);
INSERT INTO S_BRG
	VALUES (524334,
	524296,
	'get_day',
	'',
	1,
	524291,
	'',
	0);
INSERT INTO S_BPARM
	VALUES (524353,
	524334,
	'date',
	524302,
	0);
INSERT INTO S_BRG
	VALUES (524335,
	524296,
	'get_month',
	'',
	1,
	524291,
	'',
	0);
INSERT INTO S_BPARM
	VALUES (524354,
	524335,
	'date',
	524302,
	0);
INSERT INTO S_BRG
	VALUES (524336,
	524296,
	'get_year',
	'',
	1,
	524291,
	'',
	0);
INSERT INTO S_BPARM
	VALUES (524355,
	524336,
	'date',
	524302,
	0);
INSERT INTO S_BRG
	VALUES (524337,
	524296,
	'current_clock',
	'',
	1,
	524303,
	'',
	0);
INSERT INTO S_BRG
	VALUES (524338,
	524296,
	'timer_start',
	'',
	1,
	524304,
	'',
	0);
INSERT INTO S_BPARM
	VALUES (524356,
	524338,
	'microseconds',
	524291,
	0);
INSERT INTO S_BPARM
	VALUES (524357,
	524338,
	'event_inst',
	524299,
	0);
INSERT INTO S_BRG
	VALUES (524339,
	524296,
	'timer_start_recurring',
	'',
	1,
	524304,
	'',
	0);
INSERT INTO S_BPARM
	VALUES (524358,
	524339,
	'microseconds',
	524291,
	0);
INSERT INTO S_BPARM
	VALUES (524359,
	524339,
	'event_inst',
	524299,
	0);
INSERT INTO S_BRG
	VALUES (524340,
	524296,
	'timer_remaining_time',
	'',
	1,
	524291,
	'',
	0);
INSERT INTO S_BPARM
	VALUES (524360,
	524340,
	'timer_inst_ref',
	524304,
	0);
INSERT INTO S_BRG
	VALUES (524341,
	524296,
	'timer_reset_time',
	'',
	1,
	524290,
	'',
	0);
INSERT INTO S_BPARM
	VALUES (524361,
	524341,
	'timer_inst_ref',
	524304,
	0);
INSERT INTO S_BPARM
	VALUES (524362,
	524341,
	'microseconds',
	524291,
	0);
INSERT INTO S_BRG
	VALUES (524342,
	524296,
	'timer_add_time',
	'',
	1,
	524290,
	'',
	0);
INSERT INTO S_BPARM
	VALUES (524363,
	524342,
	'timer_inst_ref',
	524304,
	0);
INSERT INTO S_BPARM
	VALUES (524364,
	524342,
	'microseconds',
	524291,
	0);
INSERT INTO S_BRG
	VALUES (524343,
	524296,
	'timer_cancel',
	'',
	1,
	524290,
	'',
	0);
INSERT INTO S_BPARM
	VALUES (524365,
	524343,
	'timer_inst_ref',
	524304,
	0);
INSERT INTO S_EE
	VALUES (524297,
	'EnumOne',
	'',
	'ENUMONE',
	111189);
INSERT INTO S_BRG
	VALUES (524344,
	524297,
	'send_colorsA_ret_colorsA',
	'',
	0,
	524307,
	'LOG::LogFailure(message:"ENUMONE::send_colorsA_ret_colorsA bridge should not have been translated");
return param.colorA;',
	1);
INSERT INTO S_BPARM
	VALUES (524366,
	524344,
	'colorA',
	524307,
	0);
INSERT INTO S_BRG
	VALUES (524345,
	524297,
	'send_colorsB_ret_colorsB',
	'',
	0,
	524308,
	'LOG::LogFailure(message:"ENUMONE::send_colorsB_ret_colorsB bridge should not have been translated");
return param.colorB;',
	1);
INSERT INTO S_BPARM
	VALUES (524367,
	524345,
	'colorB',
	524308,
	0);
INSERT INTO S_EE
	VALUES (524298,
	'Driver',
	'',
	'DR',
	111189);
INSERT INTO S_BRG
	VALUES (524346,
	524298,
	'checkin',
	'',
	0,
	524289,
	'control stop;',
	1);
INSERT INTO S_BPARM
	VALUES (524368,
	524346,
	'id',
	524291,
	0);
INSERT INTO GD_MD
	VALUES (524289,
	1,
	111189,
	1,
	1,
	0,
	1,
	1,
	0,
	12,
	1631,
	4141,
	1.000000,
	0);
INSERT INTO GD_GE
	VALUES (524348,
	524289,
	5767179,
	11);
INSERT INTO GD_SHP
	VALUES (524348,
	2048,
	1360,
	2240,
	1472);
INSERT INTO GD_GE
	VALUES (524349,
	524289,
	524295,
	12);
INSERT INTO GD_SHP
	VALUES (524349,
	1824,
	1616,
	2016,
	1728);
INSERT INTO GD_GE
	VALUES (524350,
	524289,
	524296,
	12);
INSERT INTO GD_SHP
	VALUES (524350,
	2048,
	1616,
	2240,
	1728);
INSERT INTO GD_GE
	VALUES (524351,
	524289,
	524297,
	12);
INSERT INTO GD_SHP
	VALUES (524351,
	2048,
	1488,
	2240,
	1600);
INSERT INTO GD_GE
	VALUES (524352,
	524289,
	6291468,
	11);
INSERT INTO GD_SHP
	VALUES (524352,
	1824,
	1360,
	2016,
	1472);
INSERT INTO GD_GE
	VALUES (524353,
	524289,
	524298,
	12);
INSERT INTO GD_SHP
	VALUES (524353,
	1824,
	1488,
	2016,
	1600);
INSERT INTO GD_MD
	VALUES (524290,
	2,
	111189,
	1,
	1,
	0,
	1,
	1,
	0,
	12,
	1600,
	4200,
	1.000000,
	0);
INSERT INTO GD_GE
	VALUES (524354,
	524290,
	5767179,
	11);
INSERT INTO GD_SHP
	VALUES (524354,
	1920,
	1344,
	2080,
	1440);
INSERT INTO GD_GE
	VALUES (524355,
	524290,
	6291468,
	11);
INSERT INTO GD_SHP
	VALUES (524355,
	1920,
	1488,
	2128,
	1584);
INSERT INTO GD_MD
	VALUES (524291,
	3,
	111189,
	1,
	1,
	0,
	1,
	1,
	0,
	12,
	1600,
	4200,
	1.000000,
	0);
INSERT INTO GD_GE
	VALUES (524356,
	524291,
	5767179,
	11);
INSERT INTO GD_SHP
	VALUES (524356,
	1920,
	1344,
	2080,
	1440);
INSERT INTO GD_GE
	VALUES (524357,
	524291,
	6291468,
	11);
INSERT INTO GD_SHP
	VALUES (524357,
	1920,
	1488,
	2128,
	1584);
INSERT INTO GD_MD
	VALUES (524292,
	4,
	111189,
	1,
	1,
	0,
	1,
	1,
	0,
	12,
	1600,
	4200,
	1.000000,
	0);
INSERT INTO GD_GE
	VALUES (524358,
	524292,
	5767179,
	11);
INSERT INTO GD_SHP
	VALUES (524358,
	1920,
	1344,
	2080,
	1440);
INSERT INTO GD_GE
	VALUES (524359,
	524292,
	6291468,
	11);
INSERT INTO GD_SHP
	VALUES (524359,
	1920,
	1488,
	2128,
	1584);
INSERT INTO S_SS
	VALUES (5767179,
	'enum2',
	'',
	'',
	1,
	111189,
	5767179);
INSERT INTO O_OBJ
	VALUES (5767172,
	'Enum Bridge Object',
	3,
	'B',
	'',
	5767179);
INSERT INTO O_NBATTR
	VALUES (5767179,
	5767172);
INSERT INTO O_BATTR
	VALUES (5767179,
	5767172);
INSERT INTO O_ATTR
	VALUES (5767179,
	5767172,
	0,
	'id',
	'',
	'',
	'id',
	0,
	524294);
INSERT INTO O_NBATTR
	VALUES (5767180,
	5767172);
INSERT INTO O_BATTR
	VALUES (5767180,
	5767172);
INSERT INTO O_ATTR
	VALUES (5767180,
	5767172,
	5767179,
	'ra_send_colorsA_ret_colorsA',
	'',
	'',
	'ra_send_colorsA_ret_colorsA',
	0,
	524307);
INSERT INTO O_NBATTR
	VALUES (5767181,
	5767172);
INSERT INTO O_BATTR
	VALUES (5767181,
	5767172);
INSERT INTO O_ATTR
	VALUES (5767181,
	5767172,
	5767180,
	'ra_send_colorsB_ret_colorsB',
	'',
	'',
	'ra_send_colorsB_ret_colorsB',
	0,
	524308);
INSERT INTO O_NBATTR
	VALUES (5767182,
	5767172);
INSERT INTO O_BATTR
	VALUES (5767182,
	5767172);
INSERT INTO O_ATTR
	VALUES (5767182,
	5767172,
	5767181,
	'current_state',
	'',
	'',
	'current_state',
	0,
	524295);
INSERT INTO O_ID
	VALUES (0,
	5767172);
INSERT INTO O_OIDA
	VALUES (5767179,
	5767172,
	0);
INSERT INTO SM_ISM
	VALUES (3145734,
	5767172);
INSERT INTO SM_SM
	VALUES (3145734,
	'',
	6);
INSERT INTO SM_MOORE
	VALUES (3145734);
INSERT INTO SM_EVTDI
	VALUES (3145729,
	3145734,
	'colorA',
	'',
	524307);
INSERT INTO SM_EVTDI
	VALUES (3145730,
	3145734,
	'colorB',
	'',
	524308);
INSERT INTO SM_SUPDT
	VALUES (3145729,
	3145734,
	0);
INSERT INTO SM_SDI
	VALUES (3145730,
	3145729,
	3145734);
INSERT INTO SM_SDI
	VALUES (3145729,
	3145729,
	3145734);
INSERT INTO SM_SUPDT
	VALUES (3145730,
	3145734,
	0);
INSERT INTO SM_SUPDT
	VALUES (3145731,
	3145734,
	0);
INSERT INTO SM_SDI
	VALUES (3145729,
	3145731,
	3145734);
INSERT INTO SM_SUPDT
	VALUES (3145732,
	3145734,
	0);
INSERT INTO SM_SDI
	VALUES (3145730,
	3145732,
	3145734);
INSERT INTO SM_STATE
	VALUES (3145729,
	3145734,
	3145729,
	'start instance',
	1,
	0);
INSERT INTO SM_LEVT
	VALUES (3145729,
	3145734,
	3145729);
INSERT INTO SM_SEVT
	VALUES (3145729,
	3145734,
	3145729);
INSERT INTO SM_EVT
	VALUES (3145729,
	3145734,
	3145729,
	1,
	'start instance',
	0,
	'',
	'B1',
	'');
INSERT INTO SM_SEME
	VALUES (3145729,
	3145729,
	3145734,
	3145729);
INSERT INTO SM_LEVT
	VALUES (3145730,
	3145734,
	3145730);
INSERT INTO SM_SEVT
	VALUES (3145730,
	3145734,
	3145730);
INSERT INTO SM_EVT
	VALUES (3145730,
	3145734,
	3145730,
	2,
	'shutdown instance',
	0,
	'',
	'B2',
	'');
INSERT INTO SM_CH
	VALUES (3145729,
	3145730,
	3145734,
	3145730,
	'');
INSERT INTO SM_SEME
	VALUES (3145729,
	3145730,
	3145734,
	3145730);
INSERT INTO SM_LEVT
	VALUES (3145731,
	3145734,
	3145729);
INSERT INTO SM_SEVT
	VALUES (3145731,
	3145734,
	3145729);
INSERT INTO SM_EVT
	VALUES (3145731,
	3145734,
	3145729,
	3,
	'start assigner',
	0,
	'',
	'B3',
	'');
INSERT INTO SM_CH
	VALUES (3145729,
	3145731,
	3145734,
	3145729,
	'');
INSERT INTO SM_SEME
	VALUES (3145729,
	3145731,
	3145734,
	3145729);
INSERT INTO SM_LEVT
	VALUES (3145732,
	3145734,
	3145730);
INSERT INTO SM_SEVT
	VALUES (3145732,
	3145734,
	3145730);
INSERT INTO SM_EVT
	VALUES (3145732,
	3145734,
	3145730,
	4,
	'shutdown assigner',
	0,
	'',
	'B4',
	'');
INSERT INTO SM_CH
	VALUES (3145729,
	3145732,
	3145734,
	3145730,
	'');
INSERT INTO SM_SEME
	VALUES (3145729,
	3145732,
	3145734,
	3145730);
INSERT INTO SM_LEVT
	VALUES (3145733,
	3145734,
	3145731);
INSERT INTO SM_SEVT
	VALUES (3145733,
	3145734,
	3145731);
INSERT INTO SM_EVT
	VALUES (3145733,
	3145734,
	3145731,
	5,
	'send_colorsA_ret_colorsA',
	0,
	'',
	'B5',
	'');
INSERT INTO SM_CH
	VALUES (3145729,
	3145733,
	3145734,
	3145731,
	'');
INSERT INTO SM_SEME
	VALUES (3145729,
	3145733,
	3145734,
	3145731);
INSERT INTO SM_LEVT
	VALUES (3145734,
	3145734,
	3145732);
INSERT INTO SM_SEVT
	VALUES (3145734,
	3145734,
	3145732);
INSERT INTO SM_EVT
	VALUES (3145734,
	3145734,
	3145732,
	6,
	'send_colorsB_ret_colorsB',
	0,
	'',
	'B6',
	'');
INSERT INTO SM_CH
	VALUES (3145729,
	3145734,
	3145734,
	3145732,
	'');
INSERT INTO SM_SEME
	VALUES (3145729,
	3145734,
	3145734,
	3145732);
INSERT INTO SM_STATE
	VALUES (3145730,
	3145734,
	3145730,
	'shutdown instance',
	2,
	0);
INSERT INTO SM_CH
	VALUES (3145730,
	3145729,
	3145734,
	3145729,
	'');
INSERT INTO SM_SEME
	VALUES (3145730,
	3145729,
	3145734,
	3145729);
INSERT INTO SM_SEME
	VALUES (3145730,
	3145730,
	3145734,
	3145730);
INSERT INTO SM_CH
	VALUES (3145730,
	3145731,
	3145734,
	3145729,
	'');
INSERT INTO SM_SEME
	VALUES (3145730,
	3145731,
	3145734,
	3145729);
INSERT INTO SM_CH
	VALUES (3145730,
	3145732,
	3145734,
	3145730,
	'');
INSERT INTO SM_SEME
	VALUES (3145730,
	3145732,
	3145734,
	3145730);
INSERT INTO SM_CH
	VALUES (3145730,
	3145733,
	3145734,
	3145731,
	'');
INSERT INTO SM_SEME
	VALUES (3145730,
	3145733,
	3145734,
	3145731);
INSERT INTO SM_CH
	VALUES (3145730,
	3145734,
	3145734,
	3145732,
	'');
INSERT INTO SM_SEME
	VALUES (3145730,
	3145734,
	3145734,
	3145732);
INSERT INTO SM_STATE
	VALUES (3145731,
	3145734,
	3145729,
	'start assigner',
	3,
	0);
INSERT INTO SM_CH
	VALUES (3145731,
	3145729,
	3145734,
	3145729,
	'');
INSERT INTO SM_SEME
	VALUES (3145731,
	3145729,
	3145734,
	3145729);
INSERT INTO SM_CH
	VALUES (3145731,
	3145730,
	3145734,
	3145730,
	'');
INSERT INTO SM_SEME
	VALUES (3145731,
	3145730,
	3145734,
	3145730);
INSERT INTO SM_SEME
	VALUES (3145731,
	3145731,
	3145734,
	3145729);
INSERT INTO SM_CH
	VALUES (3145731,
	3145732,
	3145734,
	3145730,
	'');
INSERT INTO SM_SEME
	VALUES (3145731,
	3145732,
	3145734,
	3145730);
INSERT INTO SM_CH
	VALUES (3145731,
	3145733,
	3145734,
	3145731,
	'');
INSERT INTO SM_SEME
	VALUES (3145731,
	3145733,
	3145734,
	3145731);
INSERT INTO SM_CH
	VALUES (3145731,
	3145734,
	3145734,
	3145732,
	'');
INSERT INTO SM_SEME
	VALUES (3145731,
	3145734,
	3145734,
	3145732);
INSERT INTO SM_STATE
	VALUES (3145732,
	3145734,
	3145730,
	'shutdown assigner',
	4,
	0);
INSERT INTO SM_CH
	VALUES (3145732,
	3145729,
	3145734,
	3145729,
	'');
INSERT INTO SM_SEME
	VALUES (3145732,
	3145729,
	3145734,
	3145729);
INSERT INTO SM_CH
	VALUES (3145732,
	3145730,
	3145734,
	3145730,
	'');
INSERT INTO SM_SEME
	VALUES (3145732,
	3145730,
	3145734,
	3145730);
INSERT INTO SM_CH
	VALUES (3145732,
	3145731,
	3145734,
	3145729,
	'');
INSERT INTO SM_SEME
	VALUES (3145732,
	3145731,
	3145734,
	3145729);
INSERT INTO SM_SEME
	VALUES (3145732,
	3145732,
	3145734,
	3145730);
INSERT INTO SM_CH
	VALUES (3145732,
	3145733,
	3145734,
	3145731,
	'');
INSERT INTO SM_SEME
	VALUES (3145732,
	3145733,
	3145734,
	3145731);
INSERT INTO SM_CH
	VALUES (3145732,
	3145734,
	3145734,
	3145732,
	'');
INSERT INTO SM_SEME
	VALUES (3145732,
	3145734,
	3145734,
	3145732);
INSERT INTO SM_STATE
	VALUES (3145733,
	3145734,
	3145731,
	'send_colorsA_ret_colorsA',
	5,
	0);
INSERT INTO SM_CH
	VALUES (3145733,
	3145729,
	3145734,
	3145729,
	'');
INSERT INTO SM_SEME
	VALUES (3145733,
	3145729,
	3145734,
	3145729);
INSERT INTO SM_CH
	VALUES (3145733,
	3145730,
	3145734,
	3145730,
	'');
INSERT INTO SM_SEME
	VALUES (3145733,
	3145730,
	3145734,
	3145730);
INSERT INTO SM_CH
	VALUES (3145733,
	3145731,
	3145734,
	3145729,
	'');
INSERT INTO SM_SEME
	VALUES (3145733,
	3145731,
	3145734,
	3145729);
INSERT INTO SM_CH
	VALUES (3145733,
	3145732,
	3145734,
	3145730,
	'');
INSERT INTO SM_SEME
	VALUES (3145733,
	3145732,
	3145734,
	3145730);
INSERT INTO SM_SEME
	VALUES (3145733,
	3145733,
	3145734,
	3145731);
INSERT INTO SM_CH
	VALUES (3145733,
	3145734,
	3145734,
	3145732,
	'');
INSERT INTO SM_SEME
	VALUES (3145733,
	3145734,
	3145734,
	3145732);
INSERT INTO SM_STATE
	VALUES (3145734,
	3145734,
	3145732,
	'send_colorsB_ret_colorsB',
	6,
	0);
INSERT INTO SM_CH
	VALUES (3145734,
	3145729,
	3145734,
	3145729,
	'');
INSERT INTO SM_SEME
	VALUES (3145734,
	3145729,
	3145734,
	3145729);
INSERT INTO SM_CH
	VALUES (3145734,
	3145730,
	3145734,
	3145730,
	'');
INSERT INTO SM_SEME
	VALUES (3145734,
	3145730,
	3145734,
	3145730);
INSERT INTO SM_CH
	VALUES (3145734,
	3145731,
	3145734,
	3145729,
	'');
INSERT INTO SM_SEME
	VALUES (3145734,
	3145731,
	3145734,
	3145729);
INSERT INTO SM_CH
	VALUES (3145734,
	3145732,
	3145734,
	3145730,
	'');
INSERT INTO SM_SEME
	VALUES (3145734,
	3145732,
	3145734,
	3145730);
INSERT INTO SM_CH
	VALUES (3145734,
	3145733,
	3145734,
	3145731,
	'');
INSERT INTO SM_SEME
	VALUES (3145734,
	3145733,
	3145734,
	3145731);
INSERT INTO SM_SEME
	VALUES (3145734,
	3145734,
	3145734,
	3145732);
INSERT INTO SM_NSTXN
	VALUES (3145729,
	3145734,
	3145729,
	3145729,
	3145729);
INSERT INTO SM_TXN
	VALUES (3145729,
	3145734,
	3145729,
	3145729);
INSERT INTO SM_NSTXN
	VALUES (3145730,
	3145734,
	3145730,
	3145730,
	3145730);
INSERT INTO SM_TXN
	VALUES (3145730,
	3145734,
	3145730,
	3145730);
INSERT INTO SM_NSTXN
	VALUES (3145731,
	3145734,
	3145731,
	3145731,
	3145729);
INSERT INTO SM_TXN
	VALUES (3145731,
	3145734,
	3145731,
	3145729);
INSERT INTO SM_NSTXN
	VALUES (3145732,
	3145734,
	3145732,
	3145732,
	3145730);
INSERT INTO SM_TXN
	VALUES (3145732,
	3145734,
	3145732,
	3145730);
INSERT INTO SM_NSTXN
	VALUES (3145733,
	3145734,
	3145733,
	3145733,
	3145731);
INSERT INTO SM_TXN
	VALUES (3145733,
	3145734,
	3145733,
	3145731);
INSERT INTO SM_NSTXN
	VALUES (3145734,
	3145734,
	3145734,
	3145734,
	3145732);
INSERT INTO SM_TXN
	VALUES (3145734,
	3145734,
	3145734,
	3145732);
INSERT INTO SM_MOAH
	VALUES (3145729,
	3145734,
	3145729);
INSERT INTO SM_AH
	VALUES (3145729,
	3145734);
INSERT INTO SM_ACT
	VALUES (3145729,
	3145734,
	1,
	'select any te from instances of TE;
generate TE1:''start''(colorA:rcvd_evt.colorA,colorB:rcvd_evt.colorB) to te;',
	'');
INSERT INTO SM_MOAH
	VALUES (3145730,
	3145734,
	3145730);
INSERT INTO SM_AH
	VALUES (3145730,
	3145734);
INSERT INTO SM_ACT
	VALUES (3145730,
	3145734,
	1,
	'select any te from instances of TE;
generate TE3:''shutdown''() to te;',
	'');
INSERT INTO SM_MOAH
	VALUES (3145731,
	3145734,
	3145731);
INSERT INTO SM_AH
	VALUES (3145731,
	3145734);
INSERT INTO SM_ACT
	VALUES (3145731,
	3145734,
	1,
	'generate TE_A1:''start''(colorA:rcvd_evt.colorA,colorB:rcvd_evt.colorB) to TE Assigner;',
	'');
INSERT INTO SM_MOAH
	VALUES (3145732,
	3145734,
	3145732);
INSERT INTO SM_AH
	VALUES (3145732,
	3145734);
INSERT INTO SM_ACT
	VALUES (3145732,
	3145734,
	1,
	'generate TE_A2:''finish''() to TE Assigner;',
	'');
INSERT INTO SM_MOAH
	VALUES (3145733,
	3145734,
	3145733);
INSERT INTO SM_AH
	VALUES (3145733,
	3145734);
INSERT INTO SM_ACT
	VALUES (3145733,
	3145734,
	1,
	'self.ra_send_colorsA_ret_colorsA=rcvd_evt.colorA;',
	'');
INSERT INTO SM_MOAH
	VALUES (3145734,
	3145734,
	3145734);
INSERT INTO SM_AH
	VALUES (3145734,
	3145734);
INSERT INTO SM_ACT
	VALUES (3145734,
	3145734,
	1,
	'self.ra_send_colorsB_ret_colorsB=rcvd_evt.colorB;',
	'');
INSERT INTO GD_MD
	VALUES (3145729,
	8,
	3145734,
	40,
	1,
	0,
	1,
	1,
	0,
	12,
	1600,
	4200,
	1.000000,
	0);
INSERT INTO GD_GE
	VALUES (3145730,
	3145729,
	3145729,
	41);
INSERT INTO GD_SHP
	VALUES (3145730,
	1632,
	1104,
	1968,
	1248);
INSERT INTO GD_GE
	VALUES (3145731,
	3145729,
	3145730,
	41);
INSERT INTO GD_SHP
	VALUES (3145731,
	1648,
	1344,
	1952,
	1472);
INSERT INTO GD_GE
	VALUES (3145732,
	3145729,
	3145731,
	41);
INSERT INTO GD_SHP
	VALUES (3145732,
	2016,
	1120,
	2320,
	1264);
INSERT INTO GD_GE
	VALUES (3145733,
	3145729,
	3145732,
	41);
INSERT INTO GD_SHP
	VALUES (3145733,
	2000,
	1360,
	2320,
	1472);
INSERT INTO GD_GE
	VALUES (3145734,
	3145729,
	3145733,
	41);
INSERT INTO GD_SHP
	VALUES (3145734,
	1632,
	1568,
	1936,
	1712);
INSERT INTO GD_GE
	VALUES (3145735,
	3145729,
	3145734,
	41);
INSERT INTO GD_SHP
	VALUES (3145735,
	2016,
	1568,
	2320,
	1712);
INSERT INTO GD_GE
	VALUES (3145736,
	3145729,
	3145729,
	42);
INSERT INTO GD_CON
	VALUES (3145736,
	3145730,
	3145730,
	0);
INSERT INTO GD_CTXT
	VALUES (3145736,
	0,
	0,
	0,
	0,
	0,
	0,
	1794,
	1037,
	2102,
	1102,
	67,
	6,
	0,
	0,
	0,
	0,
	0,
	0);
INSERT INTO GD_LS
	VALUES (3145737,
	3145736,
	1680,
	1104,
	1680,
	1056,
	0);
INSERT INTO GD_LS
	VALUES (3145738,
	3145736,
	1680,
	1056,
	1824,
	1056,
	3145737);
INSERT INTO GD_LS
	VALUES (3145739,
	3145736,
	1824,
	1056,
	1824,
	1104,
	3145738);
INSERT INTO GD_GE
	VALUES (3145740,
	3145729,
	3145730,
	42);
INSERT INTO GD_CON
	VALUES (3145740,
	3145731,
	3145731,
	0);
INSERT INTO GD_CTXT
	VALUES (3145740,
	0,
	0,
	0,
	0,
	0,
	0,
	1813,
	1252,
	2013,
	1297,
	46,
	-3,
	0,
	0,
	0,
	0,
	0,
	0);
INSERT INTO GD_LS
	VALUES (3145741,
	3145740,
	1680,
	1344,
	1680,
	1280,
	0);
INSERT INTO GD_LS
	VALUES (3145742,
	3145740,
	1680,
	1280,
	1904,
	1280,
	3145741);
INSERT INTO GD_LS
	VALUES (3145743,
	3145740,
	1904,
	1280,
	1904,
	1344,
	3145742);
INSERT INTO GD_GE
	VALUES (3145744,
	3145729,
	3145731,
	42);
INSERT INTO GD_CON
	VALUES (3145744,
	3145732,
	3145732,
	0);
INSERT INTO GD_CTXT
	VALUES (3145744,
	0,
	0,
	0,
	0,
	0,
	0,
	2142,
	1042,
	2307,
	1086,
	7,
	-21,
	0,
	0,
	0,
	0,
	0,
	0);
INSERT INTO GD_LS
	VALUES (3145745,
	3145744,
	2032,
	1120,
	2032,
	1088,
	0);
INSERT INTO GD_LS
	VALUES (3145746,
	3145744,
	2032,
	1088,
	2288,
	1088,
	3145745);
INSERT INTO GD_LS
	VALUES (3145747,
	3145744,
	2288,
	1088,
	2288,
	1120,
	3145746);
INSERT INTO GD_GE
	VALUES (3145748,
	3145729,
	3145732,
	42);
INSERT INTO GD_CON
	VALUES (3145748,
	3145733,
	3145733,
	0);
INSERT INTO GD_CTXT
	VALUES (3145748,
	0,
	0,
	0,
	0,
	0,
	0,
	2085,
	1263,
	2274,
	1310,
	-21,
	-24,
	0,
	0,
	0,
	0,
	0,
	0);
INSERT INTO GD_LS
	VALUES (3145749,
	3145748,
	2048,
	1360,
	2032,
	1312,
	0);
INSERT INTO GD_LS
	VALUES (3145750,
	3145748,
	2032,
	1312,
	2224,
	1312,
	3145749);
INSERT INTO GD_LS
	VALUES (3145751,
	3145748,
	2224,
	1312,
	2256,
	1360,
	3145750);
INSERT INTO GD_GE
	VALUES (3145752,
	3145729,
	3145733,
	42);
INSERT INTO GD_CON
	VALUES (3145752,
	3145734,
	3145734,
	0);
INSERT INTO GD_CTXT
	VALUES (3145752,
	0,
	0,
	0,
	0,
	0,
	0,
	1658,
	1475,
	2004,
	1521,
	-93,
	-20,
	0,
	0,
	0,
	0,
	0,
	0);
INSERT INTO GD_LS
	VALUES (3145753,
	3145752,
	1664,
	1568,
	1664,
	1520,
	0);
INSERT INTO GD_LS
	VALUES (3145754,
	3145752,
	1664,
	1520,
	1888,
	1520,
	3145753);
INSERT INTO GD_LS
	VALUES (3145755,
	3145752,
	1888,
	1520,
	1888,
	1568,
	3145754);
INSERT INTO GD_GE
	VALUES (3145756,
	3145729,
	3145734,
	42);
INSERT INTO GD_CON
	VALUES (3145756,
	3145735,
	3145735,
	0);
INSERT INTO GD_CTXT
	VALUES (3145756,
	0,
	0,
	0,
	0,
	0,
	0,
	2057,
	1478,
	2384,
	1518,
	-78,
	-17,
	0,
	0,
	0,
	0,
	0,
	0);
INSERT INTO GD_LS
	VALUES (3145757,
	3145756,
	2048,
	1568,
	2048,
	1520,
	0);
INSERT INTO GD_LS
	VALUES (3145758,
	3145756,
	2048,
	1520,
	2272,
	1520,
	3145757);
INSERT INTO GD_LS
	VALUES (3145759,
	3145756,
	2272,
	1520,
	2272,
	1568,
	3145758);
INSERT INTO O_OBJ
	VALUES (5767173,
	'enum init',
	4,
	'INIT',
	'',
	5767179);
INSERT INTO O_NBATTR
	VALUES (5767183,
	5767173);
INSERT INTO O_BATTR
	VALUES (5767183,
	5767173);
INSERT INTO O_ATTR
	VALUES (5767183,
	5767173,
	0,
	'id',
	'',
	'',
	'id',
	0,
	524294);
INSERT INTO O_NBATTR
	VALUES (5767184,
	5767173);
INSERT INTO O_BATTR
	VALUES (5767184,
	5767173);
INSERT INTO O_ATTR
	VALUES (5767184,
	5767173,
	5767183,
	'current_state',
	'',
	'',
	'current_state',
	0,
	524295);
INSERT INTO O_ID
	VALUES (0,
	5767173);
INSERT INTO O_OIDA
	VALUES (5767183,
	5767173,
	0);
INSERT INTO SM_ISM
	VALUES (3670023,
	5767173);
INSERT INTO SM_SM
	VALUES (3670023,
	'',
	7);
INSERT INTO SM_MOORE
	VALUES (3670023);
INSERT INTO SM_SUPDT
	VALUES (3670017,
	3670023,
	0);
INSERT INTO SM_STATE
	VALUES (3670017,
	3670023,
	3670017,
	'init',
	1,
	0);
INSERT INTO SM_LEVT
	VALUES (3670017,
	3670023,
	3670017);
INSERT INTO SM_SEVT
	VALUES (3670017,
	3670023,
	3670017);
INSERT INTO SM_EVT
	VALUES (3670017,
	3670023,
	3670017,
	1,
	'Init',
	0,
	'',
	'INIT1',
	'');
INSERT INTO SM_SEME
	VALUES (3670017,
	3670017,
	3670023,
	3670017);
INSERT INTO SM_NSTXN
	VALUES (3670017,
	3670023,
	3670017,
	3670017,
	3670017);
INSERT INTO SM_TXN
	VALUES (3670017,
	3670023,
	3670017,
	3670017);
INSERT INTO SM_MOAH
	VALUES (3670017,
	3670023,
	3670017);
INSERT INTO SM_AH
	VALUES (3670017,
	3670023);
INSERT INTO SM_ACT
	VALUES (3670017,
	3670023,
	1,
	'create object instance of TE;
DR::checkin(id:2);
',
	'');
INSERT INTO GD_MD
	VALUES (3670017,
	8,
	3670023,
	40,
	1,
	0,
	1,
	1,
	0,
	12,
	1600,
	4199,
	1.000000,
	0);
INSERT INTO GD_GE
	VALUES (3670018,
	3670017,
	3670017,
	41);
INSERT INTO GD_SHP
	VALUES (3670018,
	1648,
	1264,
	1936,
	1440);
INSERT INTO GD_GE
	VALUES (3670019,
	3670017,
	3670017,
	42);
INSERT INTO GD_CON
	VALUES (3670019,
	3670018,
	3670018,
	0);
INSERT INTO GD_CTXT
	VALUES (3670019,
	0,
	0,
	0,
	0,
	0,
	0,
	0,
	0,
	0,
	0,
	0,
	0,
	0,
	0,
	0,
	0,
	0,
	0);
INSERT INTO GD_LS
	VALUES (3670020,
	3670019,
	1664,
	1264,
	1664,
	1232,
	0);
INSERT INTO GD_LS
	VALUES (3670021,
	3670019,
	1664,
	1232,
	1904,
	1232,
	3670020);
INSERT INTO GD_LS
	VALUES (3670022,
	3670019,
	1904,
	1232,
	1904,
	1264,
	3670021);
INSERT INTO GD_MD
	VALUES (5767211,
	5,
	5767179,
	11,
	1,
	0,
	1,
	1,
	0,
	12,
	1417,
	4201,
	1.000000,
	0);
INSERT INTO GD_GE
	VALUES (5767214,
	5767211,
	5767172,
	21);
INSERT INTO GD_SHP
	VALUES (5767214,
	1666,
	1299,
	1970,
	1459);
INSERT INTO GD_GE
	VALUES (5767215,
	5767211,
	5767173,
	21);
INSERT INTO GD_SHP
	VALUES (5767215,
	1666,
	1507,
	1970,
	1667);
INSERT INTO GD_MD
	VALUES (5767212,
	6,
	5767179,
	11,
	1,
	0,
	1,
	1,
	0,
	12,
	1600,
	4200,
	1.000000,
	0);
INSERT INTO GD_GE
	VALUES (5767216,
	5767212,
	5767172,
	21);
INSERT INTO GD_SHP
	VALUES (5767216,
	1666,
	1299,
	1858,
	1363);
INSERT INTO GD_GE
	VALUES (5767217,
	5767212,
	5767173,
	21);
INSERT INTO GD_SHP
	VALUES (5767217,
	1666,
	1507,
	1858,
	1571);
INSERT INTO GD_MD
	VALUES (5767213,
	7,
	5767179,
	11,
	1,
	0,
	1,
	1,
	0,
	12,
	1600,
	4200,
	1.000000,
	0);
INSERT INTO GD_GE
	VALUES (5767218,
	5767213,
	5767172,
	21);
INSERT INTO GD_SHP
	VALUES (5767218,
	1666,
	1299,
	1858,
	1363);
INSERT INTO GD_GE
	VALUES (5767219,
	5767213,
	5767173,
	21);
INSERT INTO GD_SHP
	VALUES (5767219,
	1666,
	1507,
	1858,
	1571);
INSERT INTO S_SS
	VALUES (6291468,
	'Test Enums',
	'',
	'',
	300,
	111189,
	6291468);
INSERT INTO O_OBJ
	VALUES (6291462,
	'Test Enums',
	300,
	'TE',
	'',
	6291468);
INSERT INTO O_TFR
	VALUES (6291459,
	6291462,
	'send_colorsA_ret_colorsA',
	'',
	524307,
	0,
	'// ACTION_SPECIFICATION: TRUE
return param.colorA;',
	1);
INSERT INTO O_TPARM
	VALUES (6291537,
	6291459,
	'colorA',
	524307,
	0);
INSERT INTO O_TFR
	VALUES (6291460,
	6291462,
	'send_colorsB_ret_colorsB',
	'',
	524308,
	0,
	'LOG::LogFailure(message:"TE::send_colorsA_ret_colorsA operation should not have been translated");
return param.colorB;',
	1);
INSERT INTO O_TPARM
	VALUES (6291538,
	6291460,
	'colorB',
	524308,
	0);
INSERT INTO O_NBATTR
	VALUES (6291473,
	6291462);
INSERT INTO O_BATTR
	VALUES (6291473,
	6291462);
INSERT INTO O_ATTR
	VALUES (6291473,
	6291462,
	0,
	'id',
	'',
	'',
	'id',
	0,
	524294);
INSERT INTO O_NBATTR
	VALUES (6291474,
	6291462);
INSERT INTO O_BATTR
	VALUES (6291474,
	6291462);
INSERT INTO O_ATTR
	VALUES (6291474,
	6291462,
	6291473,
	'current_state',
	'',
	'',
	'current_state',
	0,
	524295);
INSERT INTO O_NBATTR
	VALUES (6291475,
	6291462);
INSERT INTO O_BATTR
	VALUES (6291475,
	6291462);
INSERT INTO O_ATTR
	VALUES (6291475,
	6291462,
	6291474,
	'colorA',
	'',
	'',
	'colorA',
	0,
	524307);
INSERT INTO O_NBATTR
	VALUES (6291476,
	6291462);
INSERT INTO O_BATTR
	VALUES (6291476,
	6291462);
INSERT INTO O_ATTR
	VALUES (6291476,
	6291462,
	6291475,
	'colorB',
	'',
	'',
	'colorB',
	0,
	524308);
INSERT INTO O_ID
	VALUES (0,
	6291462);
INSERT INTO O_OIDA
	VALUES (6291473,
	6291462,
	0);
INSERT INTO SM_ISM
	VALUES (4194312,
	6291462);
INSERT INTO SM_SM
	VALUES (4194312,
	'',
	8);
INSERT INTO SM_MOORE
	VALUES (4194312);
INSERT INTO SM_EVTDI
	VALUES (4194305,
	4194312,
	'colorA',
	'',
	524307);
INSERT INTO SM_EVTDI
	VALUES (4194306,
	4194312,
	'colorB',
	'',
	524308);
INSERT INTO SM_SUPDT
	VALUES (4194305,
	4194312,
	0);
INSERT INTO SM_SDI
	VALUES (4194306,
	4194305,
	4194312);
INSERT INTO SM_SDI
	VALUES (4194305,
	4194305,
	4194312);
INSERT INTO SM_SUPDT
	VALUES (4194306,
	4194312,
	0);
INSERT INTO SM_STATE
	VALUES (4194305,
	4194312,
	4194305,
	'start',
	1,
	0);
INSERT INTO SM_LEVT
	VALUES (4194305,
	4194312,
	4194305);
INSERT INTO SM_SEVT
	VALUES (4194305,
	4194312,
	4194305);
INSERT INTO SM_EVT
	VALUES (4194305,
	4194312,
	4194305,
	1,
	'start',
	0,
	'',
	'TE1',
	'');
INSERT INTO SM_SEME
	VALUES (4194305,
	4194305,
	4194312,
	4194305);
INSERT INTO SM_LEVT
	VALUES (4194306,
	4194312,
	4194305);
INSERT INTO SM_SEVT
	VALUES (4194306,
	4194312,
	4194305);
INSERT INTO SM_EVT
	VALUES (4194306,
	4194312,
	4194305,
	2,
	'finish',
	0,
	'',
	'TE2',
	'');
INSERT INTO SM_SEME
	VALUES (4194305,
	4194306,
	4194312,
	4194305);
INSERT INTO SM_LEVT
	VALUES (4194307,
	4194312,
	4194306);
INSERT INTO SM_SEVT
	VALUES (4194307,
	4194312,
	4194306);
INSERT INTO SM_EVT
	VALUES (4194307,
	4194312,
	4194306,
	3,
	'shutdown',
	0,
	'',
	'TE3',
	'');
INSERT INTO SM_CH
	VALUES (4194305,
	4194307,
	4194312,
	4194306,
	'');
INSERT INTO SM_SEME
	VALUES (4194305,
	4194307,
	4194312,
	4194306);
INSERT INTO SM_STATE
	VALUES (4194306,
	4194312,
	4194305,
	'finish',
	2,
	0);
INSERT INTO SM_EIGN
	VALUES (4194306,
	4194305,
	4194312,
	4194305,
	'');
INSERT INTO SM_SEME
	VALUES (4194306,
	4194305,
	4194312,
	4194305);
INSERT INTO SM_EIGN
	VALUES (4194306,
	4194306,
	4194312,
	4194305,
	'');
INSERT INTO SM_SEME
	VALUES (4194306,
	4194306,
	4194312,
	4194305);
INSERT INTO SM_SEME
	VALUES (4194306,
	4194307,
	4194312,
	4194306);
INSERT INTO SM_STATE
	VALUES (4194307,
	4194312,
	4194306,
	'done',
	3,
	0);
INSERT INTO SM_CH
	VALUES (4194307,
	4194305,
	4194312,
	4194305,
	'');
INSERT INTO SM_SEME
	VALUES (4194307,
	4194305,
	4194312,
	4194305);
INSERT INTO SM_CH
	VALUES (4194307,
	4194306,
	4194312,
	4194305,
	'');
INSERT INTO SM_SEME
	VALUES (4194307,
	4194306,
	4194312,
	4194305);
INSERT INTO SM_CH
	VALUES (4194307,
	4194307,
	4194312,
	4194306,
	'');
INSERT INTO SM_SEME
	VALUES (4194307,
	4194307,
	4194312,
	4194306);
INSERT INTO SM_NSTXN
	VALUES (4194305,
	4194312,
	4194305,
	4194306,
	4194305);
INSERT INTO SM_TXN
	VALUES (4194305,
	4194312,
	4194306,
	4194305);
INSERT INTO SM_NSTXN
	VALUES (4194306,
	4194312,
	4194306,
	4194307,
	4194306);
INSERT INTO SM_TXN
	VALUES (4194306,
	4194312,
	4194307,
	4194306);
INSERT INTO SM_NSTXN
	VALUES (4194307,
	4194312,
	4194305,
	4194305,
	4194305);
INSERT INTO SM_TXN
	VALUES (4194307,
	4194312,
	4194305,
	4194305);
INSERT INTO SM_MOAH
	VALUES (4194305,
	4194312,
	4194305);
INSERT INTO SM_AH
	VALUES (4194305,
	4194312);
INSERT INTO SM_ACT
	VALUES (4194305,
	4194312,
	1,
	'// The following exercise all valid uses of enums in the AL
// object attribute
// event supp data item
// bridge operation argument
// bridge return value
// transformer argument
// transform return value
// comparison ==, !=
// assignment to local variable

assign self.colorA = "a49";
assign self.colorB = "redder";

// test in attribute and event data
if (self.colorA == rcvd_evt.colorA)
  LOG::LogSuccess(message:"ENUM1: self.enumA == rcvd_evt.enumA") ;
else 
  LOG::LogFailure(message:"ENUM1: self.enumA == rcvd_evt.enumA") ;
end if;

if (self.colorB == rcvd_evt.colorB)
  LOG::LogSuccess(message:"ENUM1: self.enumB == rcvd_evt.enum") ;
else 
  LOG::LogFailure(message:"ENUM1: self.enumB == rcvd_evt.enum") ;
end if;

// test local variable
assign local_colorA = self.colorA;
assign local_colorB = self.colorB;

if (local_colorA == rcvd_evt.colorA)
  LOG::LogSuccess(message:"ENUM1: local_colorA == rcvd_evt.enumA") ;
else 
LOG::LogFailure(message:"ENUM1: local_colorA == rcvd_evt.enumA") ;
end if;

if (local_colorB == rcvd_evt.colorB)
  LOG::LogSuccess(message:"ENUM1: local_colorB == rcvd_evt.enumB") ;
else 
LOG::LogFailure(message:"ENUM1: local_colorB == rcvd_evt.enumB") ;
end if;

// check inequality
if (local_colorA != "foocolor")
  LOG::LogSuccess(message:"ENUM1: local_colorA != operator") ;
else 
LOG::LogFailure(message:"ENUM1: local_colorA != operator") ;
end if;


// Test transforms with enums

transform ret_colorA = TE::send_colorsA_ret_colorsA(colorA:rcvd_evt.colorA);
transform ret_colorB = TE::send_colorsB_ret_colorsB(colorB:rcvd_evt.colorB);

if (ret_colorA == "a49")
  LOG::LogSuccess(message:"ENUM1: xform_ret_color == a49") ;
else 
LOG::LogFailure(message:"ENUM1: xform_ret_color == a49") ;
end if;

if (ret_colorB == "redder")
  LOG::LogSuccess(message:"ENUM1: xform_ret_color == redder") ;
else 
LOG::LogFailure(message:"ENUM1: xform_ret_color == redder") ;
end if;

// Test Bridges

ca=ENUMONE::send_colorsA_ret_colorsA(colorA:self.colorA);
cb=ENUMONE::send_colorsB_ret_colorsB(colorB:self.colorB);

if (ca == "a49")
  LOG::LogSuccess(message:"ENUMTWO::send_colorsA_ret_colorsA(colorA:self.colorA") ;
else 
LOG::LogFailure(message:"ENUMTWO::send_colorsA_ret_colorsA(colorA:self.colorA") ;
end if;

if (cb == "redder")
  LOG::LogSuccess(message:"ENUMTWO::send_colorsB_ret_colorsB(colorB:self.colorB") ;
else 
LOG::LogFailure(message:"ENUMTWO::send_colorsB_ret_colorsB(colorB:self.colorB") ;
end if;

generate TE2:''finish''(colorA:"a49",colorB:"redder") to self;




',
	'');
INSERT INTO SM_MOAH
	VALUES (4194306,
	4194312,
	4194306);
INSERT INTO SM_AH
	VALUES (4194306,
	4194312);
INSERT INTO SM_ACT
	VALUES (4194306,
	4194312,
	1,
	'DR::checkin(id:10);
',
	'');
INSERT INTO SM_MOAH
	VALUES (4194307,
	4194312,
	4194307);
INSERT INTO SM_AH
	VALUES (4194307,
	4194312);
INSERT INTO SM_ACT
	VALUES (4194307,
	4194312,
	1,
	'',
	'');
INSERT INTO GD_MD
	VALUES (4194305,
	8,
	4194312,
	40,
	1,
	0,
	1,
	1,
	0,
	12,
	1600,
	4200,
	1.000000,
	0);
INSERT INTO GD_GE
	VALUES (4194306,
	4194305,
	4194305,
	41);
INSERT INTO GD_SHP
	VALUES (4194306,
	1760,
	1312,
	2144,
	1424);
INSERT INTO GD_GE
	VALUES (4194307,
	4194305,
	4194306,
	41);
INSERT INTO GD_SHP
	VALUES (4194307,
	1760,
	1504,
	2144,
	1584);
INSERT INTO GD_GE
	VALUES (4194308,
	4194305,
	4194307,
	41);
INSERT INTO GD_SHP
	VALUES (4194308,
	1760,
	1664,
	2144,
	1744);
INSERT INTO GD_GE
	VALUES (4194309,
	4194305,
	4194305,
	42);
INSERT INTO GD_CON
	VALUES (4194309,
	4194306,
	4194307,
	0);
INSERT INTO GD_CTXT
	VALUES (4194309,
	0,
	0,
	0,
	0,
	0,
	0,
	1904,
	1446,
	2158,
	1478,
	0,
	-3,
	0,
	0,
	0,
	0,
	0,
	0);
INSERT INTO GD_LS
	VALUES (4194310,
	4194309,
	1920,
	1424,
	1920,
	1504,
	0);
INSERT INTO GD_GE
	VALUES (4194311,
	4194305,
	4194306,
	42);
INSERT INTO GD_CON
	VALUES (4194311,
	4194307,
	4194308,
	0);
INSERT INTO GD_CTXT
	VALUES (4194311,
	0,
	0,
	0,
	0,
	0,
	0,
	1959,
	1604,
	2127,
	1648,
	39,
	-5,
	0,
	0,
	0,
	0,
	0,
	0);
INSERT INTO GD_LS
	VALUES (4194312,
	4194311,
	1936,
	1584,
	1936,
	1664,
	0);
INSERT INTO GD_GE
	VALUES (4194313,
	4194305,
	4194307,
	42);
INSERT INTO GD_CON
	VALUES (4194313,
	4194306,
	4194306,
	0);
INSERT INTO GD_CTXT
	VALUES (4194313,
	0,
	0,
	0,
	0,
	0,
	0,
	1895,
	1217,
	2130,
	1260,
	-16,
	-22,
	0,
	0,
	0,
	0,
	0,
	0);
INSERT INTO GD_LS
	VALUES (4194314,
	4194313,
	1792,
	1312,
	1792,
	1264,
	0);
INSERT INTO GD_LS
	VALUES (4194315,
	4194313,
	1792,
	1264,
	2080,
	1264,
	4194314);
INSERT INTO GD_LS
	VALUES (4194316,
	4194313,
	2080,
	1264,
	2080,
	1312,
	4194315);
INSERT INTO SM_ASM
	VALUES (4718601,
	6291462);
INSERT INTO SM_SM
	VALUES (4718601,
	'',
	9);
INSERT INTO SM_MOORE
	VALUES (4718601);
INSERT INTO SM_EVTDI
	VALUES (4718593,
	4718601,
	'colorA',
	'',
	524307);
INSERT INTO SM_EVTDI
	VALUES (4718594,
	4718601,
	'colorB',
	'',
	524308);
INSERT INTO SM_SUPDT
	VALUES (4718593,
	4718601,
	0);
INSERT INTO SM_SDI
	VALUES (4718594,
	4718593,
	4718601);
INSERT INTO SM_SDI
	VALUES (4718593,
	4718593,
	4718601);
INSERT INTO SM_SUPDT
	VALUES (4718594,
	4718601,
	0);
INSERT INTO SM_STATE
	VALUES (4718593,
	4718601,
	4718593,
	'start',
	1,
	0);
INSERT INTO SM_LEVT
	VALUES (4718593,
	4718601,
	4718593);
INSERT INTO SM_SEVT
	VALUES (4718593,
	4718601,
	4718593);
INSERT INTO SM_EVT
	VALUES (4718593,
	4718601,
	4718593,
	1,
	'start',
	0,
	'',
	'TE_A1',
	'');
INSERT INTO SM_SEME
	VALUES (4718593,
	4718593,
	4718601,
	4718593);
INSERT INTO SM_LEVT
	VALUES (4718594,
	4718601,
	4718594);
INSERT INTO SM_SEVT
	VALUES (4718594,
	4718601,
	4718594);
INSERT INTO SM_EVT
	VALUES (4718594,
	4718601,
	4718594,
	2,
	'finish',
	0,
	'',
	'TE_A2',
	'');
INSERT INTO SM_SEME
	VALUES (4718593,
	4718594,
	4718601,
	4718594);
INSERT INTO SM_STATE
	VALUES (4718594,
	4718601,
	4718594,
	'finish',
	2,
	0);
INSERT INTO SM_CH
	VALUES (4718594,
	4718593,
	4718601,
	4718593,
	'');
INSERT INTO SM_SEME
	VALUES (4718594,
	4718593,
	4718601,
	4718593);
INSERT INTO SM_CH
	VALUES (4718594,
	4718594,
	4718601,
	4718594,
	'');
INSERT INTO SM_SEME
	VALUES (4718594,
	4718594,
	4718601,
	4718594);
INSERT INTO SM_NSTXN
	VALUES (4718593,
	4718601,
	4718593,
	4718593,
	4718593);
INSERT INTO SM_TXN
	VALUES (4718593,
	4718601,
	4718593,
	4718593);
INSERT INTO SM_NSTXN
	VALUES (4718594,
	4718601,
	4718593,
	4718594,
	4718594);
INSERT INTO SM_TXN
	VALUES (4718594,
	4718601,
	4718594,
	4718594);
INSERT INTO SM_MOAH
	VALUES (4718593,
	4718601,
	4718593);
INSERT INTO SM_AH
	VALUES (4718593,
	4718601);
INSERT INTO SM_ACT
	VALUES (4718593,
	4718601,
	1,
	'// The following exercise all valid uses of enums in the AL
// object attribute
// event supp data item
// bridge operation argument
// bridge return value
// transformer argument
// transform return value
// comparison ==, !=
// assignment to local variable

select any te from instances of TE;

assign te.colorA = "a49";
assign te.colorB = "redder";

// test in attribute and event data
if (te.colorA == rcvd_evt.colorA)
  LOG::LogSuccess(message:"ENUM1: te.enumA == rcvd_evt.enumA") ;
else 
  LOG::LogFailure(message:"ENUM1: te.enumA == rcvd_evt.enumA") ;
end if;

if (te.colorB == rcvd_evt.colorB)
  LOG::LogSuccess(message:"ENUM1: te.enumB == rcvd_evt.enum") ;
else 
  LOG::LogFailure(message:"ENUM1: te.enumB == rcvd_evt.enum") ;
end if;

// test local variable
assign local_colorA = te.colorA;
assign local_colorB = te.colorB;

if (local_colorA == rcvd_evt.colorA)
  LOG::LogSuccess(message:"ENUM1: local_colorA == rcvd_evt.enumA") ;
else 
LOG::LogFailure(message:"ENUM1: local_colorA == rcvd_evt.enumA") ;
end if;

if (local_colorB == rcvd_evt.colorB)
  LOG::LogSuccess(message:"ENUM1: local_colorB == rcvd_evt.enumB") ;
else 
LOG::LogFailure(message:"ENUM1: local_colorB == rcvd_evt.enumB") ;
end if;

// check inequality
if (local_colorA != "foocolor")
  LOG::LogSuccess(message:"ENUM1: local_colorA != operator") ;
else 
LOG::LogFailure(message:"ENUM1: local_colorA != operator") ;
end if;


// Test transforms with enums

transform ret_colorA = TE::send_colorsA_ret_colorsA(colorA:rcvd_evt.colorA);
transform ret_colorB = TE::send_colorsB_ret_colorsB(colorB:rcvd_evt.colorB);

if (ret_colorA == "a49")
  LOG::LogSuccess(message:"ENUM1: xform_ret_color == a49") ;
else 
LOG::LogFailure(message:"ENUM1: xform_ret_color == a49") ;
end if;

if (ret_colorB == "redder")
  LOG::LogSuccess(message:"ENUM1: xform_ret_color == redder") ;
else 
LOG::LogFailure(message:"ENUM1: xform_ret_color == redder") ;
end if;

// Test Bridges

ca=ENUMONE::send_colorsA_ret_colorsA(colorA:te.colorA);
cb=ENUMONE::send_colorsB_ret_colorsB(colorB:te.colorB);

if (ca == "a49")
  LOG::LogSuccess(message:"ENUMTWO::send_colorsA_ret_colorsA(colorA:te.colorA") ;
else 
LOG::LogFailure(message:"ENUMTWO::send_colorsA_ret_colorsA(colorA:te.colorA") ;
end if;

if (cb == "redder")
  LOG::LogSuccess(message:"ENUMTWO::send_colorsB_ret_colorsB(colorB:te.colorB") ;
else 
LOG::LogFailure(message:"ENUMTWO::send_colorsB_ret_colorsB(colorB:te.colorB") ;
end if;

DR::checkin(id:10);


',
	'');
INSERT INTO SM_MOAH
	VALUES (4718594,
	4718601,
	4718594);
INSERT INTO SM_AH
	VALUES (4718594,
	4718601);
INSERT INTO SM_ACT
	VALUES (4718594,
	4718601,
	1,
	'//idle',
	'');
INSERT INTO GD_MD
	VALUES (4718593,
	10,
	4718601,
	40,
	1,
	0,
	1,
	1,
	0,
	12,
	1600,
	4200,
	1.000000,
	0);
INSERT INTO GD_GE
	VALUES (4718594,
	4718593,
	4718593,
	41);
INSERT INTO GD_SHP
	VALUES (4718594,
	1700,
	1270,
	2084,
	1494);
INSERT INTO GD_GE
	VALUES (4718595,
	4718593,
	4718594,
	41);
INSERT INTO GD_SHP
	VALUES (4718595,
	1700,
	1558,
	2084,
	1638);
INSERT INTO GD_GE
	VALUES (4718596,
	4718593,
	4718594,
	42);
INSERT INTO GD_CON
	VALUES (4718596,
	4718594,
	4718595,
	0);
INSERT INTO GD_CTXT
	VALUES (4718596,
	0,
	0,
	0,
	0,
	0,
	0,
	1875,
	1509,
	2129,
	1541,
	31,
	-2,
	0,
	0,
	0,
	0,
	0,
	0);
INSERT INTO GD_LS
	VALUES (4718597,
	4718596,
	1860,
	1494,
	1860,
	1558,
	0);
INSERT INTO GD_GE
	VALUES (4718598,
	4718593,
	4718593,
	42);
INSERT INTO GD_CON
	VALUES (4718598,
	4718594,
	4718594,
	0);
INSERT INTO GD_CTXT
	VALUES (4718598,
	0,
	0,
	0,
	0,
	0,
	0,
	1842,
	1159,
	2125,
	1204,
	-5,
	-16,
	0,
	0,
	0,
	0,
	0,
	0);
INSERT INTO GD_LS
	VALUES (4718599,
	4718598,
	1744,
	1270,
	1744,
	1200,
	0);
INSERT INTO GD_LS
	VALUES (4718600,
	4718598,
	1744,
	1200,
	2000,
	1200,
	4718599);
INSERT INTO GD_LS
	VALUES (4718601,
	4718598,
	2000,
	1200,
	2000,
	1270,
	4718600);
INSERT INTO GD_MD
	VALUES (6291508,
	5,
	6291468,
	11,
	1,
	0,
	1,
	1,
	0,
	12,
	1600,
	4199,
	1.000000,
	0);
INSERT INTO GD_GE
	VALUES (6291511,
	6291508,
	6291462,
	21);
INSERT INTO GD_SHP
	VALUES (6291511,
	1700,
	1270,
	2128,
	1504);
INSERT INTO GD_MD
	VALUES (6291509,
	6,
	6291468,
	11,
	1,
	0,
	1,
	1,
	0,
	12,
	1600,
	4200,
	1.000000,
	0);
INSERT INTO GD_GE
	VALUES (6291512,
	6291509,
	6291462,
	21);
INSERT INTO GD_SHP
	VALUES (6291512,
	1700,
	1270,
	1892,
	1334);
INSERT INTO GD_GE
	VALUES (6291513,
	6291509,
	4718601,
	40);
INSERT INTO GD_SHP
	VALUES (6291513,
	1860,
	1362,
	2052,
	1426);
INSERT INTO GD_MD
	VALUES (6291510,
	7,
	6291468,
	11,
	1,
	0,
	1,
	1,
	0,
	12,
	1600,
	4200,
	1.000000,
	0);
INSERT INTO GD_GE
	VALUES (6291514,
	6291510,
	6291462,
	21);
INSERT INTO GD_SHP
	VALUES (6291514,
	1700,
	1270,
	1892,
	1334);
INSERT INTO GD_GE
	VALUES (6291515,
	6291510,
	4718601,
	40);
INSERT INTO GD_SHP
	VALUES (6291515,
	1860,
	1362,
	2052,
	1426);
