-- BP 6.1D content: domain syschar: 3

INSERT INTO S_DOM
	VALUES (52144,
	'enum1',
	'This test deals with "Old Style" enumerations by using them in both an assigner and instance statechart in the following ways:
   -  object attribute
   -  event supp data item
   -  bridge operation argument ( wired to enum2 domain )
   -  bridge return value
   -  transformer argument ( realized )
   -  transform return value
   -  comparison ==, !=
   -  assignment to local variable

** Note: This domain cannot be run in Verifier as it relies on the transfer of data between two OOA domains by way of FBO.',
	1,
	1);
INSERT INTO S_CDT
	VALUES (524289,
	0);
INSERT INTO S_DT
	VALUES (524289,
	52144,
	'void',
	'');
INSERT INTO S_CDT
	VALUES (524290,
	1);
INSERT INTO S_DT
	VALUES (524290,
	52144,
	'boolean',
	'');
INSERT INTO S_CDT
	VALUES (524291,
	2);
INSERT INTO S_DT
	VALUES (524291,
	52144,
	'integer',
	'');
INSERT INTO S_CDT
	VALUES (524292,
	3);
INSERT INTO S_DT
	VALUES (524292,
	52144,
	'real',
	'');
INSERT INTO S_CDT
	VALUES (524293,
	4);
INSERT INTO S_DT
	VALUES (524293,
	52144,
	'string',
	'');
INSERT INTO S_CDT
	VALUES (524294,
	5);
INSERT INTO S_DT
	VALUES (524294,
	52144,
	'unique_id',
	'');
INSERT INTO S_CDT
	VALUES (524295,
	6);
INSERT INTO S_DT
	VALUES (524295,
	52144,
	'state<State_Model>',
	'');
INSERT INTO S_CDT
	VALUES (524296,
	7);
INSERT INTO S_DT
	VALUES (524296,
	52144,
	'same_as<Base_Attribute>',
	'');
INSERT INTO S_CDT
	VALUES (524297,
	8);
INSERT INTO S_DT
	VALUES (524297,
	52144,
	'inst_ref<Object>',
	'');
INSERT INTO S_CDT
	VALUES (524298,
	9);
INSERT INTO S_DT
	VALUES (524298,
	52144,
	'inst_ref_set<Object>',
	'');
INSERT INTO S_CDT
	VALUES (524299,
	10);
INSERT INTO S_DT
	VALUES (524299,
	52144,
	'inst<Event>',
	'');
INSERT INTO S_CDT
	VALUES (524300,
	11);
INSERT INTO S_DT
	VALUES (524300,
	52144,
	'inst<Mapping>',
	'');
INSERT INTO S_CDT
	VALUES (524301,
	12);
INSERT INTO S_DT
	VALUES (524301,
	52144,
	'inst_ref<Mapping>',
	'');
INSERT INTO S_UDT
	VALUES (524302,
	524300,
	1);
INSERT INTO S_DT
	VALUES (524302,
	52144,
	'date',
	'');
INSERT INTO S_UDT
	VALUES (524303,
	524300,
	2);
INSERT INTO S_DT
	VALUES (524303,
	52144,
	'timestamp',
	'');
INSERT INTO S_UDT
	VALUES (524304,
	524301,
	3);
INSERT INTO S_DT
	VALUES (524304,
	52144,
	'inst_ref<Timer>',
	'');
INSERT INTO S_UDT
	VALUES (524305,
	524293,
	0);
INSERT INTO S_DT
	VALUES (524305,
	52144,
	'colorsA',
	'Define the enumeration for colorsA
ENUMERATION: TRUE
This is a comment 
ENUMERATOR0: Red=2
ENUMERATOR1: Blue=3
ENUMERATOR2: White=4
ENUMERATOR3: Teal
ENUMERATOR4: Magenta
ENUMERATOR5: Pink
ENUMERATOR7: a7
comment
ENUMERATOR8: foocolor
ENUMERATOR9: a9
ENUMERATOR10: a10
ENUMERATOR11: a11
ENUMERATOR12: a12
ENUMERATOR13: a13
ENUMERATOR14: a14
ENUMERATOR15: a15
ENUMERATOR16: a16
ENUMERATOR17: a17
ENUMERATOR18: a18
ENUMERATOR19: a19
ENUMERATOR20: a20
ENUMERATOR21: a21
ENUMERATOR22: a22
comment
ENUMERATOR23: a23
ENUMERATOR24: a24
ENUMERATOR25: a25
ENUMERATOR26: a26
ENUMERATOR27: a27
ENUMERATOR28: a28
ENUMERATOR29: a29
ENUMERATOR30: a30
comment
ENUMERATOR31: a31
ENUMERATOR32: a32
ENUMERATOR33: a33
ENUMERATOR34: a34
ENUMERATOR35: a35
ENUMERATOR36: a36
ENUMERATOR37: a37
ENUMERATOR38: a38
ENUMERATOR39: a39
ENUMERATOR40: a40
ENUMERATOR41: a41
ENUMERATOR42: a42
ENUMERATOR43: a43
ENUMERATOR44: a44
ENUMERATOR45: a45
ENUMERATOR46: a46
ENUMERATOR47: a47
ENUMERATOR48: a48=1000
ENUMERATOR49: a49
comment at end of enumeration colorsA.');
INSERT INTO S_UDT
	VALUES (524306,
	524293,
	0);
INSERT INTO S_DT
	VALUES (524306,
	52144,
	'colorsB',
	'ENUMERATION:TRUE
OWNER:enum2');
INSERT INTO S_EE
	VALUES (524295,
	'Logging ',
	'',
	'LOG',
	52144);
INSERT INTO S_BRG
	VALUES (524326,
	524295,
	'LogSuccess',
	'',
	0,
	524289,
	'',
	1);
INSERT INTO S_BPARM
	VALUES (524341,
	524326,
	'message',
	524293,
	0);
INSERT INTO S_BRG
	VALUES (524327,
	524295,
	'LogFailure',
	'',
	0,
	524289,
	'',
	1);
INSERT INTO S_BPARM
	VALUES (524342,
	524327,
	'message',
	524293,
	0);
INSERT INTO S_BRG
	VALUES (524328,
	524295,
	'LogInfo',
	'',
	0,
	524289,
	'',
	1);
INSERT INTO S_BPARM
	VALUES (524343,
	524328,
	'message',
	524293,
	0);
INSERT INTO S_EE
	VALUES (524296,
	'Time',
	'',
	'TIM',
	52144);
INSERT INTO S_BRG
	VALUES (524329,
	524296,
	'current_date',
	'',
	1,
	524302,
	'',
	0);
INSERT INTO S_BRG
	VALUES (524330,
	524296,
	'create_date',
	'',
	1,
	524302,
	'',
	0);
INSERT INTO S_BPARM
	VALUES (524344,
	524330,
	'second',
	524291,
	0);
INSERT INTO S_BPARM
	VALUES (524345,
	524330,
	'minute',
	524291,
	0);
INSERT INTO S_BPARM
	VALUES (524346,
	524330,
	'hour',
	524291,
	0);
INSERT INTO S_BPARM
	VALUES (524347,
	524330,
	'day',
	524291,
	0);
INSERT INTO S_BPARM
	VALUES (524348,
	524330,
	'month',
	524291,
	0);
INSERT INTO S_BPARM
	VALUES (524349,
	524330,
	'year',
	524291,
	0);
INSERT INTO S_BRG
	VALUES (524331,
	524296,
	'get_second',
	'',
	1,
	524291,
	'',
	0);
INSERT INTO S_BPARM
	VALUES (524350,
	524331,
	'date',
	524302,
	0);
INSERT INTO S_BRG
	VALUES (524332,
	524296,
	'get_minute',
	'',
	1,
	524291,
	'',
	0);
INSERT INTO S_BPARM
	VALUES (524351,
	524332,
	'date',
	524302,
	0);
INSERT INTO S_BRG
	VALUES (524333,
	524296,
	'get_hour',
	'',
	1,
	524291,
	'',
	0);
INSERT INTO S_BPARM
	VALUES (524352,
	524333,
	'date',
	524302,
	0);
INSERT INTO S_BRG
	VALUES (524334,
	524296,
	'get_day',
	'',
	1,
	524291,
	'',
	0);
INSERT INTO S_BPARM
	VALUES (524353,
	524334,
	'date',
	524302,
	0);
INSERT INTO S_BRG
	VALUES (524335,
	524296,
	'get_month',
	'',
	1,
	524291,
	'',
	0);
INSERT INTO S_BPARM
	VALUES (524354,
	524335,
	'date',
	524302,
	0);
INSERT INTO S_BRG
	VALUES (524336,
	524296,
	'get_year',
	'',
	1,
	524291,
	'',
	0);
INSERT INTO S_BPARM
	VALUES (524355,
	524336,
	'date',
	524302,
	0);
INSERT INTO S_BRG
	VALUES (524337,
	524296,
	'current_clock',
	'',
	1,
	524303,
	'',
	0);
INSERT INTO S_BRG
	VALUES (524338,
	524296,
	'timer_start',
	'',
	1,
	524304,
	'',
	0);
INSERT INTO S_BPARM
	VALUES (524356,
	524338,
	'microseconds',
	524291,
	0);
INSERT INTO S_BPARM
	VALUES (524357,
	524338,
	'event_inst',
	524299,
	0);
INSERT INTO S_BRG
	VALUES (524339,
	524296,
	'timer_start_recurring',
	'',
	1,
	524304,
	'',
	0);
INSERT INTO S_BPARM
	VALUES (524358,
	524339,
	'microseconds',
	524291,
	0);
INSERT INTO S_BPARM
	VALUES (524359,
	524339,
	'event_inst',
	524299,
	0);
INSERT INTO S_BRG
	VALUES (524340,
	524296,
	'timer_remaining_time',
	'',
	1,
	524291,
	'',
	0);
INSERT INTO S_BPARM
	VALUES (524360,
	524340,
	'timer_inst_ref',
	524304,
	0);
INSERT INTO S_BRG
	VALUES (524341,
	524296,
	'timer_reset_time',
	'',
	1,
	524290,
	'',
	0);
INSERT INTO S_BPARM
	VALUES (524361,
	524341,
	'timer_inst_ref',
	524304,
	0);
INSERT INTO S_BPARM
	VALUES (524362,
	524341,
	'microseconds',
	524291,
	0);
INSERT INTO S_BRG
	VALUES (524342,
	524296,
	'timer_add_time',
	'',
	1,
	524290,
	'',
	0);
INSERT INTO S_BPARM
	VALUES (524363,
	524342,
	'timer_inst_ref',
	524304,
	0);
INSERT INTO S_BPARM
	VALUES (524364,
	524342,
	'microseconds',
	524291,
	0);
INSERT INTO S_BRG
	VALUES (524343,
	524296,
	'timer_cancel',
	'',
	1,
	524290,
	'',
	0);
INSERT INTO S_BPARM
	VALUES (524365,
	524343,
	'timer_inst_ref',
	524304,
	0);
INSERT INTO S_EE
	VALUES (524297,
	'Architecture',
	'',
	'ARCH',
	52144);
INSERT INTO S_BRG
	VALUES (524344,
	524297,
	'shutdown',
	'',
	0,
	524289,
	'control stop;',
	1);
INSERT INTO S_EE
	VALUES (524298,
	'Enum Two',
	'',
	'ENUMTWO',
	52144);
INSERT INTO S_BRG
	VALUES (524345,
	524298,
	'send_colorsA_ret_colorsA',
	'',
	0,
	524305,
	'return param.colorA;',
	1);
INSERT INTO S_BPARM
	VALUES (524366,
	524345,
	'colorA',
	524305,
	0);
INSERT INTO S_BRG
	VALUES (524346,
	524298,
	'send_colorsB_ret_colorsB',
	'',
	0,
	524306,
	'return param.colorB;',
	1);
INSERT INTO S_BPARM
	VALUES (524367,
	524346,
	'colorB',
	524306,
	0);
INSERT INTO S_EE
	VALUES (524299,
	'Driver',
	'',
	'DR',
	52144);
INSERT INTO S_BRG
	VALUES (524347,
	524299,
	'checkin',
	'',
	0,
	524289,
	'control stop;
',
	1);
INSERT INTO S_BPARM
	VALUES (524368,
	524347,
	'id',
	524291,
	0);
INSERT INTO GD_MD
	VALUES (524289,
	1,
	52144,
	1,
	1,
	0,
	1,
	1,
	0,
	12,
	1511,
	4125,
	1.000000,
	0);
INSERT INTO GD_GE
	VALUES (524348,
	524289,
	6815757,
	11);
INSERT INTO GD_SHP
	VALUES (524348,
	1712,
	1312,
	1904,
	1424);
INSERT INTO GD_GE
	VALUES (524349,
	524289,
	524295,
	12);
INSERT INTO GD_SHP
	VALUES (524349,
	1712,
	1696,
	1904,
	1808);
INSERT INTO GD_GE
	VALUES (524350,
	524289,
	524296,
	12);
INSERT INTO GD_SHP
	VALUES (524350,
	1712,
	1568,
	1904,
	1680);
INSERT INTO GD_GE
	VALUES (524351,
	524289,
	524297,
	12);
INSERT INTO GD_SHP
	VALUES (524351,
	1920,
	1568,
	2112,
	1680);
INSERT INTO GD_GE
	VALUES (524352,
	524289,
	7340046,
	11);
INSERT INTO GD_SHP
	VALUES (524352,
	1920,
	1312,
	2112,
	1424);
INSERT INTO GD_GE
	VALUES (524353,
	524289,
	524298,
	12);
INSERT INTO GD_SHP
	VALUES (524353,
	1712,
	1440,
	1904,
	1552);
INSERT INTO GD_GE
	VALUES (524354,
	524289,
	524299,
	12);
INSERT INTO GD_SHP
	VALUES (524354,
	1920,
	1440,
	2112,
	1552);
INSERT INTO GD_MD
	VALUES (524290,
	2,
	52144,
	1,
	1,
	0,
	1,
	1,
	0,
	12,
	1600,
	4200,
	1.000000,
	0);
INSERT INTO GD_GE
	VALUES (524355,
	524290,
	6815757,
	11);
INSERT INTO GD_SHP
	VALUES (524355,
	1920,
	1344,
	2080,
	1440);
INSERT INTO GD_GE
	VALUES (524356,
	524290,
	7340046,
	11);
INSERT INTO GD_SHP
	VALUES (524356,
	2160,
	1408,
	2320,
	1504);
INSERT INTO GD_MD
	VALUES (524291,
	3,
	52144,
	1,
	1,
	0,
	1,
	1,
	0,
	12,
	1600,
	4200,
	1.000000,
	0);
INSERT INTO GD_GE
	VALUES (524357,
	524291,
	6815757,
	11);
INSERT INTO GD_SHP
	VALUES (524357,
	1920,
	1344,
	2080,
	1440);
INSERT INTO GD_GE
	VALUES (524358,
	524291,
	7340046,
	11);
INSERT INTO GD_SHP
	VALUES (524358,
	1856,
	1344,
	2016,
	1440);
INSERT INTO GD_MD
	VALUES (524292,
	4,
	52144,
	1,
	1,
	0,
	1,
	1,
	0,
	12,
	1600,
	4200,
	1.000000,
	0);
INSERT INTO GD_GE
	VALUES (524359,
	524292,
	6815757,
	11);
INSERT INTO GD_SHP
	VALUES (524359,
	1920,
	1344,
	2080,
	1440);
INSERT INTO GD_GE
	VALUES (524360,
	524292,
	7340046,
	11);
INSERT INTO GD_SHP
	VALUES (524360,
	2192,
	1392,
	2352,
	1488);
INSERT INTO S_SS
	VALUES (6815757,
	'enum1',
	'',
	'',
	1,
	52144,
	6815757);
INSERT INTO O_OBJ
	VALUES (6815748,
	'enum init',
	1,
	'INIT',
	'',
	6815757);
INSERT INTO O_NBATTR
	VALUES (6815755,
	6815748);
INSERT INTO O_BATTR
	VALUES (6815755,
	6815748);
INSERT INTO O_ATTR
	VALUES (6815755,
	6815748,
	0,
	'id',
	'',
	'',
	'id',
	0,
	524294);
INSERT INTO O_NBATTR
	VALUES (6815756,
	6815748);
INSERT INTO O_BATTR
	VALUES (6815756,
	6815748);
INSERT INTO O_ATTR
	VALUES (6815756,
	6815748,
	6815755,
	'current_state',
	'',
	'',
	'current_state',
	0,
	524295);
INSERT INTO O_ID
	VALUES (0,
	6815748);
INSERT INTO O_OIDA
	VALUES (6815755,
	6815748,
	0);
INSERT INTO SM_ISM
	VALUES (3145734,
	6815748);
INSERT INTO SM_SM
	VALUES (3145734,
	'',
	6);
INSERT INTO SM_MOORE
	VALUES (3145734);
INSERT INTO SM_SUPDT
	VALUES (3145729,
	3145734,
	0);
INSERT INTO SM_STATE
	VALUES (3145729,
	3145734,
	3145729,
	'init',
	1,
	0);
INSERT INTO SM_LEVT
	VALUES (3145729,
	3145734,
	3145729);
INSERT INTO SM_SEVT
	VALUES (3145729,
	3145734,
	3145729);
INSERT INTO SM_EVT
	VALUES (3145729,
	3145734,
	3145729,
	1,
	'Init',
	0,
	'',
	'INIT1',
	'');
INSERT INTO SM_SEME
	VALUES (3145729,
	3145729,
	3145734,
	3145729);
INSERT INTO SM_NSTXN
	VALUES (3145729,
	3145734,
	3145729,
	3145729,
	3145729);
INSERT INTO SM_TXN
	VALUES (3145729,
	3145734,
	3145729,
	3145729);
INSERT INTO SM_MOAH
	VALUES (3145729,
	3145734,
	3145729);
INSERT INTO SM_AH
	VALUES (3145729,
	3145734);
INSERT INTO SM_ACT
	VALUES (3145729,
	3145734,
	1,
	'create object instance of TE;
DR::checkin(id:1);
',
	'');
INSERT INTO GD_MD
	VALUES (3145729,
	8,
	3145734,
	40,
	1,
	0,
	1,
	1,
	0,
	12,
	1600,
	4199,
	1.000000,
	0);
INSERT INTO GD_GE
	VALUES (3145730,
	3145729,
	3145729,
	41);
INSERT INTO GD_SHP
	VALUES (3145730,
	1648,
	1264,
	1936,
	1440);
INSERT INTO GD_GE
	VALUES (3145731,
	3145729,
	3145729,
	42);
INSERT INTO GD_CON
	VALUES (3145731,
	3145730,
	3145730,
	0);
INSERT INTO GD_CTXT
	VALUES (3145731,
	0,
	0,
	0,
	0,
	0,
	0,
	0,
	0,
	0,
	0,
	0,
	0,
	0,
	0,
	0,
	0,
	0,
	0);
INSERT INTO GD_LS
	VALUES (3145732,
	3145731,
	1680,
	1264,
	1680,
	1232,
	0);
INSERT INTO GD_LS
	VALUES (3145733,
	3145731,
	1680,
	1232,
	1904,
	1232,
	3145732);
INSERT INTO GD_LS
	VALUES (3145734,
	3145731,
	1904,
	1232,
	1904,
	1264,
	3145733);
INSERT INTO O_OBJ
	VALUES (6815749,
	'Enum Bridge Object',
	2,
	'B',
	'',
	6815757);
INSERT INTO O_NBATTR
	VALUES (6815757,
	6815749);
INSERT INTO O_BATTR
	VALUES (6815757,
	6815749);
INSERT INTO O_ATTR
	VALUES (6815757,
	6815749,
	0,
	'id',
	'',
	'',
	'id',
	0,
	524294);
INSERT INTO O_NBATTR
	VALUES (6815758,
	6815749);
INSERT INTO O_BATTR
	VALUES (6815758,
	6815749);
INSERT INTO O_ATTR
	VALUES (6815758,
	6815749,
	6815757,
	'ra_send_colorsA_ret_colorsA',
	'',
	'',
	'ra_send_colorsA_ret_colorsA',
	0,
	524305);
INSERT INTO O_NBATTR
	VALUES (6815759,
	6815749);
INSERT INTO O_BATTR
	VALUES (6815759,
	6815749);
INSERT INTO O_ATTR
	VALUES (6815759,
	6815749,
	6815758,
	'ra_send_colorsB_ret_colorsB',
	'',
	'',
	'ra_send_colorsB_ret_colorsB',
	0,
	524306);
INSERT INTO O_NBATTR
	VALUES (6815760,
	6815749);
INSERT INTO O_BATTR
	VALUES (6815760,
	6815749);
INSERT INTO O_ATTR
	VALUES (6815760,
	6815749,
	6815759,
	'current_state',
	'',
	'',
	'current_state',
	0,
	524295);
INSERT INTO O_ID
	VALUES (0,
	6815749);
INSERT INTO O_OIDA
	VALUES (6815757,
	6815749,
	0);
INSERT INTO SM_ISM
	VALUES (3670023,
	6815749);
INSERT INTO SM_SM
	VALUES (3670023,
	'',
	7);
INSERT INTO SM_MOORE
	VALUES (3670023);
INSERT INTO SM_EVTDI
	VALUES (3670017,
	3670023,
	'colorA',
	'',
	524305);
INSERT INTO SM_EVTDI
	VALUES (3670018,
	3670023,
	'colorB',
	'',
	524306);
INSERT INTO SM_SUPDT
	VALUES (3670017,
	3670023,
	0);
INSERT INTO SM_SDI
	VALUES (3670017,
	3670017,
	3670023);
INSERT INTO SM_SDI
	VALUES (3670018,
	3670017,
	3670023);
INSERT INTO SM_SUPDT
	VALUES (3670018,
	3670023,
	0);
INSERT INTO SM_SUPDT
	VALUES (3670019,
	3670023,
	0);
INSERT INTO SM_SDI
	VALUES (3670017,
	3670019,
	3670023);
INSERT INTO SM_SUPDT
	VALUES (3670020,
	3670023,
	0);
INSERT INTO SM_SDI
	VALUES (3670018,
	3670020,
	3670023);
INSERT INTO SM_STATE
	VALUES (3670017,
	3670023,
	3670017,
	'start instance',
	1,
	0);
INSERT INTO SM_LEVT
	VALUES (3670017,
	3670023,
	3670017);
INSERT INTO SM_SEVT
	VALUES (3670017,
	3670023,
	3670017);
INSERT INTO SM_EVT
	VALUES (3670017,
	3670023,
	3670017,
	1,
	'start instance',
	0,
	'',
	'B1',
	'');
INSERT INTO SM_SEME
	VALUES (3670017,
	3670017,
	3670023,
	3670017);
INSERT INTO SM_LEVT
	VALUES (3670018,
	3670023,
	3670018);
INSERT INTO SM_SEVT
	VALUES (3670018,
	3670023,
	3670018);
INSERT INTO SM_EVT
	VALUES (3670018,
	3670023,
	3670018,
	2,
	'shutdown instance',
	0,
	'',
	'B2',
	'');
INSERT INTO SM_CH
	VALUES (3670017,
	3670018,
	3670023,
	3670018,
	'');
INSERT INTO SM_SEME
	VALUES (3670017,
	3670018,
	3670023,
	3670018);
INSERT INTO SM_LEVT
	VALUES (3670019,
	3670023,
	3670017);
INSERT INTO SM_SEVT
	VALUES (3670019,
	3670023,
	3670017);
INSERT INTO SM_EVT
	VALUES (3670019,
	3670023,
	3670017,
	3,
	'start assigner',
	0,
	'',
	'B3',
	'');
INSERT INTO SM_CH
	VALUES (3670017,
	3670019,
	3670023,
	3670017,
	'');
INSERT INTO SM_SEME
	VALUES (3670017,
	3670019,
	3670023,
	3670017);
INSERT INTO SM_LEVT
	VALUES (3670020,
	3670023,
	3670018);
INSERT INTO SM_SEVT
	VALUES (3670020,
	3670023,
	3670018);
INSERT INTO SM_EVT
	VALUES (3670020,
	3670023,
	3670018,
	4,
	'shutdown assigner',
	0,
	'',
	'B4',
	'');
INSERT INTO SM_CH
	VALUES (3670017,
	3670020,
	3670023,
	3670018,
	'');
INSERT INTO SM_SEME
	VALUES (3670017,
	3670020,
	3670023,
	3670018);
INSERT INTO SM_LEVT
	VALUES (3670021,
	3670023,
	3670019);
INSERT INTO SM_SEVT
	VALUES (3670021,
	3670023,
	3670019);
INSERT INTO SM_EVT
	VALUES (3670021,
	3670023,
	3670019,
	5,
	'send_colorsA_ret_colorsA',
	0,
	'',
	'B5',
	'');
INSERT INTO SM_CH
	VALUES (3670017,
	3670021,
	3670023,
	3670019,
	'');
INSERT INTO SM_SEME
	VALUES (3670017,
	3670021,
	3670023,
	3670019);
INSERT INTO SM_LEVT
	VALUES (3670022,
	3670023,
	3670020);
INSERT INTO SM_SEVT
	VALUES (3670022,
	3670023,
	3670020);
INSERT INTO SM_EVT
	VALUES (3670022,
	3670023,
	3670020,
	6,
	'send_colorsB_ret_colorsB',
	0,
	'',
	'B6',
	'');
INSERT INTO SM_CH
	VALUES (3670017,
	3670022,
	3670023,
	3670020,
	'');
INSERT INTO SM_SEME
	VALUES (3670017,
	3670022,
	3670023,
	3670020);
INSERT INTO SM_STATE
	VALUES (3670018,
	3670023,
	3670018,
	'shutdown instance',
	2,
	0);
INSERT INTO SM_CH
	VALUES (3670018,
	3670017,
	3670023,
	3670017,
	'');
INSERT INTO SM_SEME
	VALUES (3670018,
	3670017,
	3670023,
	3670017);
INSERT INTO SM_SEME
	VALUES (3670018,
	3670018,
	3670023,
	3670018);
INSERT INTO SM_CH
	VALUES (3670018,
	3670019,
	3670023,
	3670017,
	'');
INSERT INTO SM_SEME
	VALUES (3670018,
	3670019,
	3670023,
	3670017);
INSERT INTO SM_CH
	VALUES (3670018,
	3670020,
	3670023,
	3670018,
	'');
INSERT INTO SM_SEME
	VALUES (3670018,
	3670020,
	3670023,
	3670018);
INSERT INTO SM_CH
	VALUES (3670018,
	3670021,
	3670023,
	3670019,
	'');
INSERT INTO SM_SEME
	VALUES (3670018,
	3670021,
	3670023,
	3670019);
INSERT INTO SM_CH
	VALUES (3670018,
	3670022,
	3670023,
	3670020,
	'');
INSERT INTO SM_SEME
	VALUES (3670018,
	3670022,
	3670023,
	3670020);
INSERT INTO SM_STATE
	VALUES (3670019,
	3670023,
	3670017,
	'start assigner',
	3,
	0);
INSERT INTO SM_CH
	VALUES (3670019,
	3670017,
	3670023,
	3670017,
	'');
INSERT INTO SM_SEME
	VALUES (3670019,
	3670017,
	3670023,
	3670017);
INSERT INTO SM_CH
	VALUES (3670019,
	3670018,
	3670023,
	3670018,
	'');
INSERT INTO SM_SEME
	VALUES (3670019,
	3670018,
	3670023,
	3670018);
INSERT INTO SM_SEME
	VALUES (3670019,
	3670019,
	3670023,
	3670017);
INSERT INTO SM_CH
	VALUES (3670019,
	3670020,
	3670023,
	3670018,
	'');
INSERT INTO SM_SEME
	VALUES (3670019,
	3670020,
	3670023,
	3670018);
INSERT INTO SM_CH
	VALUES (3670019,
	3670021,
	3670023,
	3670019,
	'');
INSERT INTO SM_SEME
	VALUES (3670019,
	3670021,
	3670023,
	3670019);
INSERT INTO SM_CH
	VALUES (3670019,
	3670022,
	3670023,
	3670020,
	'');
INSERT INTO SM_SEME
	VALUES (3670019,
	3670022,
	3670023,
	3670020);
INSERT INTO SM_STATE
	VALUES (3670020,
	3670023,
	3670018,
	'shutdown assigner',
	4,
	0);
INSERT INTO SM_CH
	VALUES (3670020,
	3670017,
	3670023,
	3670017,
	'');
INSERT INTO SM_SEME
	VALUES (3670020,
	3670017,
	3670023,
	3670017);
INSERT INTO SM_CH
	VALUES (3670020,
	3670018,
	3670023,
	3670018,
	'');
INSERT INTO SM_SEME
	VALUES (3670020,
	3670018,
	3670023,
	3670018);
INSERT INTO SM_CH
	VALUES (3670020,
	3670019,
	3670023,
	3670017,
	'');
INSERT INTO SM_SEME
	VALUES (3670020,
	3670019,
	3670023,
	3670017);
INSERT INTO SM_SEME
	VALUES (3670020,
	3670020,
	3670023,
	3670018);
INSERT INTO SM_CH
	VALUES (3670020,
	3670021,
	3670023,
	3670019,
	'');
INSERT INTO SM_SEME
	VALUES (3670020,
	3670021,
	3670023,
	3670019);
INSERT INTO SM_CH
	VALUES (3670020,
	3670022,
	3670023,
	3670020,
	'');
INSERT INTO SM_SEME
	VALUES (3670020,
	3670022,
	3670023,
	3670020);
INSERT INTO SM_STATE
	VALUES (3670021,
	3670023,
	3670019,
	'send_colorsA_ret_colorsA',
	5,
	0);
INSERT INTO SM_CH
	VALUES (3670021,
	3670017,
	3670023,
	3670017,
	'');
INSERT INTO SM_SEME
	VALUES (3670021,
	3670017,
	3670023,
	3670017);
INSERT INTO SM_CH
	VALUES (3670021,
	3670018,
	3670023,
	3670018,
	'');
INSERT INTO SM_SEME
	VALUES (3670021,
	3670018,
	3670023,
	3670018);
INSERT INTO SM_CH
	VALUES (3670021,
	3670019,
	3670023,
	3670017,
	'');
INSERT INTO SM_SEME
	VALUES (3670021,
	3670019,
	3670023,
	3670017);
INSERT INTO SM_CH
	VALUES (3670021,
	3670020,
	3670023,
	3670018,
	'');
INSERT INTO SM_SEME
	VALUES (3670021,
	3670020,
	3670023,
	3670018);
INSERT INTO SM_SEME
	VALUES (3670021,
	3670021,
	3670023,
	3670019);
INSERT INTO SM_CH
	VALUES (3670021,
	3670022,
	3670023,
	3670020,
	'');
INSERT INTO SM_SEME
	VALUES (3670021,
	3670022,
	3670023,
	3670020);
INSERT INTO SM_STATE
	VALUES (3670022,
	3670023,
	3670020,
	'send_colorsB_ret_colorsB',
	6,
	0);
INSERT INTO SM_CH
	VALUES (3670022,
	3670017,
	3670023,
	3670017,
	'');
INSERT INTO SM_SEME
	VALUES (3670022,
	3670017,
	3670023,
	3670017);
INSERT INTO SM_CH
	VALUES (3670022,
	3670018,
	3670023,
	3670018,
	'');
INSERT INTO SM_SEME
	VALUES (3670022,
	3670018,
	3670023,
	3670018);
INSERT INTO SM_CH
	VALUES (3670022,
	3670019,
	3670023,
	3670017,
	'');
INSERT INTO SM_SEME
	VALUES (3670022,
	3670019,
	3670023,
	3670017);
INSERT INTO SM_CH
	VALUES (3670022,
	3670020,
	3670023,
	3670018,
	'');
INSERT INTO SM_SEME
	VALUES (3670022,
	3670020,
	3670023,
	3670018);
INSERT INTO SM_CH
	VALUES (3670022,
	3670021,
	3670023,
	3670019,
	'');
INSERT INTO SM_SEME
	VALUES (3670022,
	3670021,
	3670023,
	3670019);
INSERT INTO SM_SEME
	VALUES (3670022,
	3670022,
	3670023,
	3670020);
INSERT INTO SM_NSTXN
	VALUES (3670017,
	3670023,
	3670017,
	3670017,
	3670017);
INSERT INTO SM_TXN
	VALUES (3670017,
	3670023,
	3670017,
	3670017);
INSERT INTO SM_NSTXN
	VALUES (3670018,
	3670023,
	3670018,
	3670018,
	3670018);
INSERT INTO SM_TXN
	VALUES (3670018,
	3670023,
	3670018,
	3670018);
INSERT INTO SM_NSTXN
	VALUES (3670019,
	3670023,
	3670019,
	3670019,
	3670017);
INSERT INTO SM_TXN
	VALUES (3670019,
	3670023,
	3670019,
	3670017);
INSERT INTO SM_NSTXN
	VALUES (3670020,
	3670023,
	3670020,
	3670020,
	3670018);
INSERT INTO SM_TXN
	VALUES (3670020,
	3670023,
	3670020,
	3670018);
INSERT INTO SM_NSTXN
	VALUES (3670021,
	3670023,
	3670021,
	3670021,
	3670019);
INSERT INTO SM_TXN
	VALUES (3670021,
	3670023,
	3670021,
	3670019);
INSERT INTO SM_NSTXN
	VALUES (3670022,
	3670023,
	3670022,
	3670022,
	3670020);
INSERT INTO SM_TXN
	VALUES (3670022,
	3670023,
	3670022,
	3670020);
INSERT INTO SM_MOAH
	VALUES (3670017,
	3670023,
	3670017);
INSERT INTO SM_AH
	VALUES (3670017,
	3670023);
INSERT INTO SM_ACT
	VALUES (3670017,
	3670023,
	1,
	'select any te from instances of TE;
generate TE1:''start''(colorA:rcvd_evt.colorA,colorB:rcvd_evt.colorB) to te;',
	'');
INSERT INTO SM_MOAH
	VALUES (3670018,
	3670023,
	3670018);
INSERT INTO SM_AH
	VALUES (3670018,
	3670023);
INSERT INTO SM_ACT
	VALUES (3670018,
	3670023,
	1,
	'select any te from instances of TE;
generate TE3:''shutdown''() to te;',
	'');
INSERT INTO SM_MOAH
	VALUES (3670019,
	3670023,
	3670019);
INSERT INTO SM_AH
	VALUES (3670019,
	3670023);
INSERT INTO SM_ACT
	VALUES (3670019,
	3670023,
	1,
	'generate TE_A1:''start''(colorA:rcvd_evt.colorA,colorB:rcvd_evt.colorB) to TE Assigner;',
	'');
INSERT INTO SM_MOAH
	VALUES (3670020,
	3670023,
	3670020);
INSERT INTO SM_AH
	VALUES (3670020,
	3670023);
INSERT INTO SM_ACT
	VALUES (3670020,
	3670023,
	1,
	'generate TE_A2:''finish''() to TE Assigner;',
	'');
INSERT INTO SM_MOAH
	VALUES (3670021,
	3670023,
	3670021);
INSERT INTO SM_AH
	VALUES (3670021,
	3670023);
INSERT INTO SM_ACT
	VALUES (3670021,
	3670023,
	1,
	'self.ra_send_colorsA_ret_colorsA=rcvd_evt.colorA;',
	'');
INSERT INTO SM_MOAH
	VALUES (3670022,
	3670023,
	3670022);
INSERT INTO SM_AH
	VALUES (3670022,
	3670023);
INSERT INTO SM_ACT
	VALUES (3670022,
	3670023,
	1,
	'self.ra_send_colorsB_ret_colorsB=rcvd_evt.colorB;',
	'');
INSERT INTO GD_MD
	VALUES (3670017,
	8,
	3670023,
	40,
	1,
	0,
	1,
	1,
	0,
	12,
	1473,
	4208,
	0.750000,
	0);
INSERT INTO GD_GE
	VALUES (3670018,
	3670017,
	3670017,
	41);
INSERT INTO GD_SHP
	VALUES (3670018,
	1648,
	1104,
	1936,
	1248);
INSERT INTO GD_GE
	VALUES (3670019,
	3670017,
	3670018,
	41);
INSERT INTO GD_SHP
	VALUES (3670019,
	1648,
	1328,
	1936,
	1472);
INSERT INTO GD_GE
	VALUES (3670020,
	3670017,
	3670019,
	41);
INSERT INTO GD_SHP
	VALUES (3670020,
	2000,
	1104,
	2288,
	1248);
INSERT INTO GD_GE
	VALUES (3670021,
	3670017,
	3670020,
	41);
INSERT INTO GD_SHP
	VALUES (3670021,
	2000,
	1328,
	2288,
	1472);
INSERT INTO GD_GE
	VALUES (3670022,
	3670017,
	3670021,
	41);
INSERT INTO GD_SHP
	VALUES (3670022,
	1648,
	1568,
	1936,
	1712);
INSERT INTO GD_GE
	VALUES (3670023,
	3670017,
	3670022,
	41);
INSERT INTO GD_SHP
	VALUES (3670023,
	2000,
	1568,
	2288,
	1712);
INSERT INTO GD_GE
	VALUES (3670024,
	3670017,
	3670017,
	42);
INSERT INTO GD_CON
	VALUES (3670024,
	3670018,
	3670018,
	0);
INSERT INTO GD_CTXT
	VALUES (3670024,
	0,
	0,
	0,
	0,
	0,
	0,
	1676,
	1038,
	1910,
	1060,
	-1,
	-6,
	0,
	0,
	0,
	0,
	0,
	0);
INSERT INTO GD_LS
	VALUES (3670159,
	3670024,
	1680,
	1104,
	1680,
	1072,
	0);
INSERT INTO GD_LS
	VALUES (3670160,
	3670024,
	1680,
	1072,
	1904,
	1072,
	3670159);
INSERT INTO GD_LS
	VALUES (3670161,
	3670024,
	1904,
	1072,
	1904,
	1104,
	3670160);
INSERT INTO GD_GE
	VALUES (3670028,
	3670017,
	3670018,
	42);
INSERT INTO GD_CON
	VALUES (3670028,
	3670019,
	3670019,
	0);
INSERT INTO GD_CTXT
	VALUES (3670028,
	0,
	0,
	0,
	0,
	0,
	0,
	1711,
	1267,
	1866,
	1289,
	-6,
	-1,
	0,
	0,
	0,
	0,
	0,
	0);
INSERT INTO GD_LS
	VALUES (3670192,
	3670028,
	1680,
	1328,
	1680,
	1296,
	0);
INSERT INTO GD_LS
	VALUES (3670193,
	3670028,
	1680,
	1296,
	1904,
	1296,
	3670192);
INSERT INTO GD_LS
	VALUES (3670194,
	3670028,
	1904,
	1296,
	1904,
	1328,
	3670193);
INSERT INTO GD_GE
	VALUES (3670032,
	3670017,
	3670019,
	42);
INSERT INTO GD_CON
	VALUES (3670032,
	3670020,
	3670020,
	0);
INSERT INTO GD_CTXT
	VALUES (3670032,
	0,
	0,
	0,
	0,
	0,
	0,
	2023,
	1036,
	2259,
	1058,
	-5,
	-8,
	0,
	0,
	0,
	0,
	0,
	0);
INSERT INTO GD_LS
	VALUES (3670141,
	3670032,
	2016,
	1104,
	2016,
	1072,
	0);
INSERT INTO GD_LS
	VALUES (3670142,
	3670032,
	2016,
	1072,
	2272,
	1072,
	3670141);
INSERT INTO GD_LS
	VALUES (3670143,
	3670032,
	2272,
	1072,
	2272,
	1104,
	3670142);
INSERT INTO GD_GE
	VALUES (3670036,
	3670017,
	3670020,
	42);
INSERT INTO GD_CON
	VALUES (3670036,
	3670021,
	3670021,
	0);
INSERT INTO GD_CTXT
	VALUES (3670036,
	0,
	0,
	0,
	0,
	0,
	0,
	2059,
	1265,
	2216,
	1287,
	-9,
	-3,
	0,
	0,
	0,
	0,
	0,
	0);
INSERT INTO GD_LS
	VALUES (3670240,
	3670036,
	2032,
	1328,
	2032,
	1296,
	0);
INSERT INTO GD_LS
	VALUES (3670241,
	3670036,
	2032,
	1296,
	2256,
	1296,
	3670240);
INSERT INTO GD_LS
	VALUES (3670242,
	3670036,
	2256,
	1296,
	2256,
	1328,
	3670241);
INSERT INTO GD_GE
	VALUES (3670040,
	3670017,
	3670021,
	42);
INSERT INTO GD_CON
	VALUES (3670040,
	3670022,
	3670022,
	0);
INSERT INTO GD_CTXT
	VALUES (3670040,
	0,
	0,
	0,
	0,
	0,
	0,
	1674,
	1491,
	1948,
	1513,
	17,
	-17,
	0,
	0,
	0,
	0,
	0,
	0);
INSERT INTO GD_LS
	VALUES (3670300,
	3670040,
	1680,
	1568,
	1680,
	1536,
	0);
INSERT INTO GD_LS
	VALUES (3670301,
	3670040,
	1680,
	1536,
	1904,
	1536,
	3670300);
INSERT INTO GD_LS
	VALUES (3670302,
	3670040,
	1904,
	1536,
	1904,
	1568,
	3670301);
INSERT INTO GD_GE
	VALUES (3670044,
	3670017,
	3670022,
	42);
INSERT INTO GD_CON
	VALUES (3670044,
	3670023,
	3670023,
	0);
INSERT INTO GD_CTXT
	VALUES (3670044,
	0,
	0,
	0,
	0,
	0,
	0,
	2019,
	1501,
	2293,
	1523,
	10,
	-7,
	0,
	0,
	0,
	0,
	0,
	0);
INSERT INTO GD_LS
	VALUES (3670366,
	3670044,
	2032,
	1568,
	2032,
	1536,
	0);
INSERT INTO GD_LS
	VALUES (3670367,
	3670044,
	2032,
	1536,
	2256,
	1536,
	3670366);
INSERT INTO GD_LS
	VALUES (3670368,
	3670044,
	2256,
	1536,
	2256,
	1568,
	3670367);
INSERT INTO CA_COMM
	VALUES (3670017,
	6815757);
INSERT INTO CA_SMSMC
	VALUES (3670017,
	3670023,
	4194312,
	0);
INSERT INTO CA_SMSME
	VALUES (3670017,
	4194312,
	4194307);
INSERT INTO CA_SMSME
	VALUES (3670017,
	4194312,
	4194305);
INSERT INTO CA_COMM
	VALUES (3670018,
	6815757);
INSERT INTO CA_SMSMC
	VALUES (3670018,
	3670023,
	4718601,
	0);
INSERT INTO CA_SMSME
	VALUES (3670018,
	4718601,
	4718594);
INSERT INTO CA_SMSME
	VALUES (3670018,
	4718601,
	4718593);
INSERT INTO CA_ACC
	VALUES (3670017,
	6815757,
	3670023,
	0);
INSERT INTO CA_SMOA
	VALUES (3670017,
	6815749,
	0);
INSERT INTO CA_SMOAA
	VALUES (3670017,
	6815758,
	6815749);
INSERT INTO CA_SMOAA
	VALUES (3670017,
	6815759,
	6815749);
INSERT INTO GD_MD
	VALUES (6815787,
	5,
	6815757,
	11,
	1,
	0,
	1,
	1,
	0,
	12,
	1487,
	4357,
	1.000000,
	0);
INSERT INTO GD_GE
	VALUES (6815790,
	6815787,
	6815748,
	21);
INSERT INTO GD_SHP
	VALUES (6815790,
	1712,
	1344,
	2064,
	1504);
INSERT INTO GD_GE
	VALUES (6815791,
	6815787,
	6815749,
	21);
INSERT INTO GD_SHP
	VALUES (6815791,
	1712,
	1152,
	2064,
	1312);
INSERT INTO GD_MD
	VALUES (6815788,
	6,
	6815757,
	11,
	1,
	0,
	1,
	1,
	0,
	12,
	1600,
	4200,
	1.000000,
	0);
INSERT INTO GD_GE
	VALUES (6815792,
	6815788,
	6815748,
	21);
INSERT INTO GD_SHP
	VALUES (6815792,
	1712,
	1280,
	1904,
	1344);
INSERT INTO GD_GE
	VALUES (6815793,
	6815788,
	6815749,
	21);
INSERT INTO GD_SHP
	VALUES (6815793,
	1712,
	1152,
	1904,
	1216);
INSERT INTO GD_MD
	VALUES (6815789,
	7,
	6815757,
	11,
	1,
	0,
	1,
	1,
	0,
	12,
	1600,
	4200,
	1.000000,
	0);
INSERT INTO GD_GE
	VALUES (6815794,
	6815789,
	6815748,
	21);
INSERT INTO GD_SHP
	VALUES (6815794,
	1712,
	1280,
	1904,
	1344);
INSERT INTO GD_GE
	VALUES (6815795,
	6815789,
	6815749,
	21);
INSERT INTO GD_SHP
	VALUES (6815795,
	1712,
	1152,
	1904,
	1216);
INSERT INTO S_SS
	VALUES (7340046,
	'Test Enums',
	'',
	'',
	300,
	52144,
	7340046);
INSERT INTO O_OBJ
	VALUES (7340038,
	'Test Enums',
	300,
	'TE',
	'',
	7340046);
INSERT INTO O_TFR
	VALUES (7340035,
	7340038,
	'send_colorsA_ret_colorsA',
	'',
	524305,
	0,
	'// ACTION_SPECIFICATION: TRUE
return param.colorA;',
	1);
INSERT INTO O_TPARM
	VALUES (7340113,
	7340035,
	'colorA',
	524305,
	0);
INSERT INTO O_TFR
	VALUES (7340036,
	7340038,
	'send_colorsB_ret_colorsB',
	'',
	524306,
	0,
	'LOG::LogFailure(message:"TE::send_colorsB_ret_colorsB operation should not have been translated.");
return param.colorB;',
	1);
INSERT INTO O_TPARM
	VALUES (7340114,
	7340036,
	'colorB',
	524306,
	0);
INSERT INTO O_NBATTR
	VALUES (7340049,
	7340038);
INSERT INTO O_BATTR
	VALUES (7340049,
	7340038);
INSERT INTO O_ATTR
	VALUES (7340049,
	7340038,
	0,
	'id',
	'',
	'',
	'id',
	0,
	524294);
INSERT INTO O_NBATTR
	VALUES (7340050,
	7340038);
INSERT INTO O_BATTR
	VALUES (7340050,
	7340038);
INSERT INTO O_ATTR
	VALUES (7340050,
	7340038,
	7340049,
	'current_state',
	'',
	'',
	'current_state',
	0,
	524295);
INSERT INTO O_NBATTR
	VALUES (7340051,
	7340038);
INSERT INTO O_BATTR
	VALUES (7340051,
	7340038);
INSERT INTO O_ATTR
	VALUES (7340051,
	7340038,
	7340050,
	'colorA',
	'',
	'',
	'colorA',
	0,
	524305);
INSERT INTO O_NBATTR
	VALUES (7340052,
	7340038);
INSERT INTO O_BATTR
	VALUES (7340052,
	7340038);
INSERT INTO O_ATTR
	VALUES (7340052,
	7340038,
	7340051,
	'colorB',
	'',
	'',
	'colorB',
	0,
	524306);
INSERT INTO O_ID
	VALUES (0,
	7340038);
INSERT INTO O_OIDA
	VALUES (7340049,
	7340038,
	0);
INSERT INTO SM_ISM
	VALUES (4194312,
	7340038);
INSERT INTO SM_SM
	VALUES (4194312,
	'',
	8);
INSERT INTO SM_MOORE
	VALUES (4194312);
INSERT INTO SM_EVTDI
	VALUES (4194305,
	4194312,
	'colorA',
	'',
	524305);
INSERT INTO SM_EVTDI
	VALUES (4194306,
	4194312,
	'colorB',
	'',
	524306);
INSERT INTO SM_SUPDT
	VALUES (4194305,
	4194312,
	0);
INSERT INTO SM_SDI
	VALUES (4194305,
	4194305,
	4194312);
INSERT INTO SM_SDI
	VALUES (4194306,
	4194305,
	4194312);
INSERT INTO SM_SUPDT
	VALUES (4194306,
	4194312,
	0);
INSERT INTO SM_STATE
	VALUES (4194305,
	4194312,
	4194305,
	'start',
	1,
	0);
INSERT INTO SM_LEVT
	VALUES (4194305,
	4194312,
	4194305);
INSERT INTO SM_SEVT
	VALUES (4194305,
	4194312,
	4194305);
INSERT INTO SM_EVT
	VALUES (4194305,
	4194312,
	4194305,
	1,
	'start',
	0,
	'',
	'TE1',
	'');
INSERT INTO SM_SEME
	VALUES (4194305,
	4194305,
	4194312,
	4194305);
INSERT INTO SM_LEVT
	VALUES (4194306,
	4194312,
	4194305);
INSERT INTO SM_SEVT
	VALUES (4194306,
	4194312,
	4194305);
INSERT INTO SM_EVT
	VALUES (4194306,
	4194312,
	4194305,
	2,
	'finish',
	0,
	'',
	'TE2',
	'');
INSERT INTO SM_SEME
	VALUES (4194305,
	4194306,
	4194312,
	4194305);
INSERT INTO SM_LEVT
	VALUES (4194307,
	4194312,
	4194306);
INSERT INTO SM_SEVT
	VALUES (4194307,
	4194312,
	4194306);
INSERT INTO SM_EVT
	VALUES (4194307,
	4194312,
	4194306,
	3,
	'shutdown',
	0,
	'',
	'TE3',
	'');
INSERT INTO SM_CH
	VALUES (4194305,
	4194307,
	4194312,
	4194306,
	'');
INSERT INTO SM_SEME
	VALUES (4194305,
	4194307,
	4194312,
	4194306);
INSERT INTO SM_STATE
	VALUES (4194306,
	4194312,
	4194305,
	'finish',
	2,
	0);
INSERT INTO SM_EIGN
	VALUES (4194306,
	4194305,
	4194312,
	4194305,
	'');
INSERT INTO SM_SEME
	VALUES (4194306,
	4194305,
	4194312,
	4194305);
INSERT INTO SM_EIGN
	VALUES (4194306,
	4194306,
	4194312,
	4194305,
	'');
INSERT INTO SM_SEME
	VALUES (4194306,
	4194306,
	4194312,
	4194305);
INSERT INTO SM_SEME
	VALUES (4194306,
	4194307,
	4194312,
	4194306);
INSERT INTO SM_STATE
	VALUES (4194307,
	4194312,
	4194306,
	'done',
	3,
	0);
INSERT INTO SM_CH
	VALUES (4194307,
	4194305,
	4194312,
	4194305,
	'');
INSERT INTO SM_SEME
	VALUES (4194307,
	4194305,
	4194312,
	4194305);
INSERT INTO SM_CH
	VALUES (4194307,
	4194306,
	4194312,
	4194305,
	'');
INSERT INTO SM_SEME
	VALUES (4194307,
	4194306,
	4194312,
	4194305);
INSERT INTO SM_CH
	VALUES (4194307,
	4194307,
	4194312,
	4194306,
	'');
INSERT INTO SM_SEME
	VALUES (4194307,
	4194307,
	4194312,
	4194306);
INSERT INTO SM_NSTXN
	VALUES (4194305,
	4194312,
	4194305,
	4194306,
	4194305);
INSERT INTO SM_TXN
	VALUES (4194305,
	4194312,
	4194306,
	4194305);
INSERT INTO SM_NSTXN
	VALUES (4194306,
	4194312,
	4194306,
	4194307,
	4194306);
INSERT INTO SM_TXN
	VALUES (4194306,
	4194312,
	4194307,
	4194306);
INSERT INTO SM_NSTXN
	VALUES (4194307,
	4194312,
	4194305,
	4194305,
	4194305);
INSERT INTO SM_TXN
	VALUES (4194307,
	4194312,
	4194305,
	4194305);
INSERT INTO SM_MOAH
	VALUES (4194305,
	4194312,
	4194305);
INSERT INTO SM_AH
	VALUES (4194305,
	4194312);
INSERT INTO SM_ACT
	VALUES (4194305,
	4194312,
	1,
	'// The following exercise all valid uses of enums in the AL
// object attribute
// event supp data item
// bridge operation argument
// bridge return value
// transformer argument
// transform return value
// comparison ==, !=
// assignment to local variable

assign self.colorA = "a49";
assign self.colorB = "redder";

// test in attribute and event data
if (self.colorA == rcvd_evt.colorA)
  LOG::LogSuccess(message:"ENUM1: self.enumA == rcvd_evt.enumA") ;
else 
  LOG::LogFailure(message:"ENUM1: self.enumA == rcvd_evt.enumA") ;
end if;

if (self.colorB == rcvd_evt.colorB)
  LOG::LogSuccess(message:"ENUM1: self.enumB == rcvd_evt.enum") ;
else 
  LOG::LogFailure(message:"ENUM1: self.enumB == rcvd_evt.enum") ;
end if;

// test local variable
assign local_colorA = self.colorA;
assign local_colorB = self.colorB;

if (local_colorA == rcvd_evt.colorA)
  LOG::LogSuccess(message:"ENUM1: local_colorA == rcvd_evt.enumA") ;
else 
LOG::LogFailure(message:"ENUM1: local_colorA == rcvd_evt.enumA") ;
end if;

if (local_colorB == rcvd_evt.colorB)
  LOG::LogSuccess(message:"ENUM1: local_colorB == rcvd_evt.enumB") ;
else 
LOG::LogFailure(message:"ENUM1: local_colorB == rcvd_evt.enumB") ;
end if;

// check inequality
if (local_colorA != "foocolor")
  LOG::LogSuccess(message:"ENUM1: local_colorA != operator") ;
else 
LOG::LogFailure(message:"ENUM1: local_colorA != operator") ;
end if;


// Test transforms with enums

transform ret_colorA = TE::send_colorsA_ret_colorsA(colorA:rcvd_evt.colorA);
transform ret_colorB = TE::send_colorsB_ret_colorsB(colorB:rcvd_evt.colorB);

if (ret_colorA == "a49")
  LOG::LogSuccess(message:"ENUM1: xform_ret_color == a49") ;
else 
LOG::LogFailure(message:"ENUM1: xform_ret_color == a49") ;
end if;

if (ret_colorB == "redder")
  LOG::LogSuccess(message:"ENUM1: xform_ret_color == redder") ;
else 
LOG::LogFailure(message:"ENUM1: xform_ret_color == redder") ;
end if;

// Test Bridges

ca=ENUMTWO::send_colorsA_ret_colorsA(colorA:self.colorA);
cb=ENUMTWO::send_colorsB_ret_colorsB(colorB:self.colorB);

if (ca == "a49")
  LOG::LogSuccess(message:"ENUMTWO::send_colorsA_ret_colorsA(colorA:self.colorA") ;
else 
LOG::LogFailure(message:"ENUMTWO::send_colorsA_ret_colorsA(colorA:self.colorA") ;
end if;

if (cb == "redder")
  LOG::LogSuccess(message:"ENUMTWO::send_colorsB_ret_colorsB(colorB:self.colorB") ;
else 
LOG::LogFailure(message:"ENUMTWO::send_colorsB_ret_colorsB(colorB:self.colorB") ;
end if;

generate TE2:''finish''(colorA:"a49",colorB:"redder") to self;




',
	'');
INSERT INTO SM_MOAH
	VALUES (4194306,
	4194312,
	4194306);
INSERT INTO SM_AH
	VALUES (4194306,
	4194312);
INSERT INTO SM_ACT
	VALUES (4194306,
	4194312,
	1,
	'DR::checkin(id:10);
',
	'');
INSERT INTO SM_MOAH
	VALUES (4194307,
	4194312,
	4194307);
INSERT INTO SM_AH
	VALUES (4194307,
	4194312);
INSERT INTO SM_ACT
	VALUES (4194307,
	4194312,
	1,
	'ARCH::shutdown();',
	'');
INSERT INTO GD_MD
	VALUES (4194305,
	8,
	4194312,
	40,
	1,
	0,
	1,
	1,
	0,
	12,
	1600,
	4200,
	1.000000,
	0);
INSERT INTO GD_GE
	VALUES (4194306,
	4194305,
	4194305,
	41);
INSERT INTO GD_SHP
	VALUES (4194306,
	1760,
	1312,
	2144,
	1424);
INSERT INTO GD_GE
	VALUES (4194307,
	4194305,
	4194306,
	41);
INSERT INTO GD_SHP
	VALUES (4194307,
	1760,
	1504,
	2144,
	1584);
INSERT INTO GD_GE
	VALUES (4194308,
	4194305,
	4194307,
	41);
INSERT INTO GD_SHP
	VALUES (4194308,
	1760,
	1664,
	2144,
	1744);
INSERT INTO GD_GE
	VALUES (4194309,
	4194305,
	4194305,
	42);
INSERT INTO GD_CON
	VALUES (4194309,
	4194306,
	4194307,
	0);
INSERT INTO GD_CTXT
	VALUES (4194309,
	0,
	0,
	0,
	0,
	0,
	0,
	1904,
	1446,
	2158,
	1478,
	0,
	-3,
	0,
	0,
	0,
	0,
	0,
	0);
INSERT INTO GD_LS
	VALUES (4194310,
	4194309,
	1920,
	1424,
	1920,
	1504,
	0);
INSERT INTO GD_GE
	VALUES (4194311,
	4194305,
	4194306,
	42);
INSERT INTO GD_CON
	VALUES (4194311,
	4194307,
	4194308,
	0);
INSERT INTO GD_CTXT
	VALUES (4194311,
	0,
	0,
	0,
	0,
	0,
	0,
	1959,
	1604,
	2127,
	1648,
	39,
	-5,
	0,
	0,
	0,
	0,
	0,
	0);
INSERT INTO GD_LS
	VALUES (4194312,
	4194311,
	1936,
	1584,
	1936,
	1664,
	0);
INSERT INTO GD_GE
	VALUES (4194313,
	4194305,
	4194307,
	42);
INSERT INTO GD_CON
	VALUES (4194313,
	4194306,
	4194306,
	0);
INSERT INTO GD_CTXT
	VALUES (4194313,
	0,
	0,
	0,
	0,
	0,
	0,
	1904,
	1217,
	2166,
	1262,
	-7,
	-22,
	0,
	0,
	0,
	0,
	0,
	0);
INSERT INTO GD_LS
	VALUES (4194314,
	4194313,
	1808,
	1312,
	1808,
	1264,
	0);
INSERT INTO GD_LS
	VALUES (4194315,
	4194313,
	1808,
	1264,
	2064,
	1264,
	4194314);
INSERT INTO GD_LS
	VALUES (4194316,
	4194313,
	2064,
	1264,
	2064,
	1312,
	4194315);
INSERT INTO SM_ASM
	VALUES (4718601,
	7340038);
INSERT INTO SM_SM
	VALUES (4718601,
	'',
	9);
INSERT INTO SM_MOORE
	VALUES (4718601);
INSERT INTO SM_EVTDI
	VALUES (4718593,
	4718601,
	'colorA',
	'',
	524305);
INSERT INTO SM_EVTDI
	VALUES (4718594,
	4718601,
	'colorB',
	'',
	524306);
INSERT INTO SM_SUPDT
	VALUES (4718593,
	4718601,
	0);
INSERT INTO SM_SDI
	VALUES (4718594,
	4718593,
	4718601);
INSERT INTO SM_SDI
	VALUES (4718593,
	4718593,
	4718601);
INSERT INTO SM_SUPDT
	VALUES (4718594,
	4718601,
	0);
INSERT INTO SM_STATE
	VALUES (4718593,
	4718601,
	4718593,
	'start',
	1,
	0);
INSERT INTO SM_LEVT
	VALUES (4718593,
	4718601,
	4718593);
INSERT INTO SM_SEVT
	VALUES (4718593,
	4718601,
	4718593);
INSERT INTO SM_EVT
	VALUES (4718593,
	4718601,
	4718593,
	1,
	'start',
	0,
	'',
	'TE_A1',
	'');
INSERT INTO SM_SEME
	VALUES (4718593,
	4718593,
	4718601,
	4718593);
INSERT INTO SM_LEVT
	VALUES (4718594,
	4718601,
	4718594);
INSERT INTO SM_SEVT
	VALUES (4718594,
	4718601,
	4718594);
INSERT INTO SM_EVT
	VALUES (4718594,
	4718601,
	4718594,
	2,
	'finish',
	0,
	'',
	'TE_A2',
	'');
INSERT INTO SM_SEME
	VALUES (4718593,
	4718594,
	4718601,
	4718594);
INSERT INTO SM_STATE
	VALUES (4718594,
	4718601,
	4718594,
	'finish',
	2,
	0);
INSERT INTO SM_CH
	VALUES (4718594,
	4718593,
	4718601,
	4718593,
	'');
INSERT INTO SM_SEME
	VALUES (4718594,
	4718593,
	4718601,
	4718593);
INSERT INTO SM_CH
	VALUES (4718594,
	4718594,
	4718601,
	4718594,
	'');
INSERT INTO SM_SEME
	VALUES (4718594,
	4718594,
	4718601,
	4718594);
INSERT INTO SM_NSTXN
	VALUES (4718593,
	4718601,
	4718593,
	4718593,
	4718593);
INSERT INTO SM_TXN
	VALUES (4718593,
	4718601,
	4718593,
	4718593);
INSERT INTO SM_NSTXN
	VALUES (4718594,
	4718601,
	4718593,
	4718594,
	4718594);
INSERT INTO SM_TXN
	VALUES (4718594,
	4718601,
	4718594,
	4718594);
INSERT INTO SM_MOAH
	VALUES (4718593,
	4718601,
	4718593);
INSERT INTO SM_AH
	VALUES (4718593,
	4718601);
INSERT INTO SM_ACT
	VALUES (4718593,
	4718601,
	1,
	'// The following exercise all valid uses of enums in the AL
// object attribute
// event supp data item
// bridge operation argument
// bridge return value
// transformer argument
// transform return value
// comparison ==, !=
// assignment to local variable

select any te from instances of TE;

assign te.colorA = "a49";
assign te.colorB = "redder";

// test in attribute and event data
if (te.colorA == rcvd_evt.colorA)
  LOG::LogSuccess(message:"ENUM1: te.enumA == rcvd_evt.enumA") ;
else 
  LOG::LogFailure(message:"ENUM1: te.enumA == rcvd_evt.enumA") ;
end if;

if (te.colorB == rcvd_evt.colorB)
  LOG::LogSuccess(message:"ENUM1: te.enumB == rcvd_evt.enum") ;
else 
  LOG::LogFailure(message:"ENUM1: te.enumB == rcvd_evt.enum") ;
end if;

// test local variable
assign local_colorA = te.colorA;
assign local_colorB = te.colorB;

if (local_colorA == rcvd_evt.colorA)
  LOG::LogSuccess(message:"ENUM1: local_colorA == rcvd_evt.enumA") ;
else 
LOG::LogFailure(message:"ENUM1: local_colorA == rcvd_evt.enumA") ;
end if;

if (local_colorB == rcvd_evt.colorB)
  LOG::LogSuccess(message:"ENUM1: local_colorB == rcvd_evt.enumB") ;
else 
LOG::LogFailure(message:"ENUM1: local_colorB == rcvd_evt.enumB") ;
end if;

// check inequality
if (local_colorA != "foocolor")
  LOG::LogSuccess(message:"ENUM1: local_colorA != operator") ;
else 
LOG::LogFailure(message:"ENUM1: local_colorA != operator") ;
end if;


// Test transforms with enums

transform ret_colorA = TE::send_colorsA_ret_colorsA(colorA:rcvd_evt.colorA);
transform ret_colorB = TE::send_colorsB_ret_colorsB(colorB:rcvd_evt.colorB);

if (ret_colorA == "a49")
  LOG::LogSuccess(message:"ENUM1: xform_ret_color == a49") ;
else 
LOG::LogFailure(message:"ENUM1: xform_ret_color == a49") ;
end if;

if (ret_colorB == "redder")
  LOG::LogSuccess(message:"ENUM1: xform_ret_color == redder") ;
else 
LOG::LogFailure(message:"ENUM1: xform_ret_color == redder") ;
end if;

// Test Bridges

ca=ENUMTWO::send_colorsA_ret_colorsA(colorA:te.colorA);
cb=ENUMTWO::send_colorsB_ret_colorsB(colorB:te.colorB);

if (ca == "a49")
  LOG::LogSuccess(message:"ENUMTWO::send_colorsA_ret_colorsA(colorA:te.colorA") ;
else 
LOG::LogFailure(message:"ENUMTWO::send_colorsA_ret_colorsA(colorA:te.colorA") ;
end if;

if (cb == "redder")
  LOG::LogSuccess(message:"ENUMTWO::send_colorsB_ret_colorsB(colorB:te.colorB") ;
else 
LOG::LogFailure(message:"ENUMTWO::send_colorsB_ret_colorsB(colorB:te.colorB") ;
end if;

DR::checkin(id:10);


',
	'');
INSERT INTO SM_MOAH
	VALUES (4718594,
	4718601,
	4718594);
INSERT INTO SM_AH
	VALUES (4718594,
	4718601);
INSERT INTO SM_ACT
	VALUES (4718594,
	4718601,
	1,
	'//idle',
	'');
INSERT INTO GD_MD
	VALUES (4718593,
	10,
	4718601,
	40,
	1,
	0,
	1,
	1,
	0,
	12,
	1600,
	4200,
	1.000000,
	0);
INSERT INTO GD_GE
	VALUES (4718594,
	4718593,
	4718593,
	41);
INSERT INTO GD_SHP
	VALUES (4718594,
	1700,
	1270,
	2084,
	1494);
INSERT INTO GD_GE
	VALUES (4718595,
	4718593,
	4718594,
	41);
INSERT INTO GD_SHP
	VALUES (4718595,
	1700,
	1558,
	2084,
	1638);
INSERT INTO GD_GE
	VALUES (4718596,
	4718593,
	4718594,
	42);
INSERT INTO GD_CON
	VALUES (4718596,
	4718594,
	4718595,
	0);
INSERT INTO GD_CTXT
	VALUES (4718596,
	0,
	0,
	0,
	0,
	0,
	0,
	1875,
	1509,
	2129,
	1541,
	31,
	-2,
	0,
	0,
	0,
	0,
	0,
	0);
INSERT INTO GD_LS
	VALUES (4718597,
	4718596,
	1860,
	1494,
	1860,
	1558,
	0);
INSERT INTO GD_GE
	VALUES (4718598,
	4718593,
	4718593,
	42);
INSERT INTO GD_CON
	VALUES (4718598,
	4718594,
	4718594,
	0);
INSERT INTO GD_CTXT
	VALUES (4718598,
	0,
	0,
	0,
	0,
	0,
	0,
	1842,
	1159,
	2125,
	1204,
	-5,
	-16,
	0,
	0,
	0,
	0,
	0,
	0);
INSERT INTO GD_LS
	VALUES (4718599,
	4718598,
	1744,
	1270,
	1744,
	1200,
	0);
INSERT INTO GD_LS
	VALUES (4718600,
	4718598,
	1744,
	1200,
	2000,
	1200,
	4718599);
INSERT INTO GD_LS
	VALUES (4718601,
	4718598,
	2000,
	1200,
	2000,
	1270,
	4718600);
INSERT INTO CA_ACC
	VALUES (4194306,
	7340046,
	4194312,
	0);
INSERT INTO CA_SMOA
	VALUES (4194306,
	7340038,
	0);
INSERT INTO CA_SMOAA
	VALUES (4194306,
	7340051,
	7340038);
INSERT INTO CA_SMOAA
	VALUES (4194306,
	7340052,
	7340038);
INSERT INTO CA_ACC
	VALUES (4718594,
	7340046,
	4718601,
	0);
INSERT INTO CA_SMOA
	VALUES (4718594,
	7340038,
	0);
INSERT INTO CA_SMOAA
	VALUES (4718594,
	7340052,
	7340038);
INSERT INTO CA_SMOAA
	VALUES (4718594,
	7340051,
	7340038);
INSERT INTO GD_MD
	VALUES (7340084,
	5,
	7340046,
	11,
	1,
	0,
	1,
	1,
	0,
	12,
	1658,
	4573,
	1.750668,
	0);
INSERT INTO GD_GE
	VALUES (7340087,
	7340084,
	7340038,
	21);
INSERT INTO GD_SHP
	VALUES (7340087,
	1680,
	1136,
	2096,
	1360);
INSERT INTO GD_MD
	VALUES (7340085,
	6,
	7340046,
	11,
	1,
	0,
	1,
	1,
	0,
	12,
	1600,
	4200,
	1.000000,
	0);
INSERT INTO GD_GE
	VALUES (7340088,
	7340085,
	7340038,
	21);
INSERT INTO GD_SHP
	VALUES (7340088,
	1744,
	1296,
	1936,
	1360);
INSERT INTO GD_GE
	VALUES (7340089,
	7340085,
	4718601,
	40);
INSERT INTO GD_SHP
	VALUES (7340089,
	1904,
	1324,
	2096,
	1388);
INSERT INTO GD_MD
	VALUES (7340086,
	7,
	7340046,
	11,
	1,
	0,
	1,
	1,
	0,
	12,
	1600,
	4200,
	1.000000,
	0);
INSERT INTO GD_GE
	VALUES (7340090,
	7340086,
	7340038,
	21);
INSERT INTO GD_SHP
	VALUES (7340090,
	1744,
	1296,
	1936,
	1360);
INSERT INTO GD_GE
	VALUES (7340091,
	7340086,
	4718601,
	40);
INSERT INTO GD_SHP
	VALUES (7340091,
	1904,
	1324,
	2096,
	1388);
