-- BP 6.1D content: domain syschar: 3

INSERT INTO S_DOM
	VALUES (2084515,
	'event',
	'This test deals with sending events by using timers to determine when the event will be sent.
Events are sent to Assigner state charts, Instance state charts, transitions, creation transitions, and EEs.  Each event is sent with and without supplemental data.',
	0,
	1);
INSERT INTO S_CDT
	VALUES (524289,
	0);
INSERT INTO S_DT
	VALUES (524289,
	2084515,
	'void',
	'');
INSERT INTO S_CDT
	VALUES (524290,
	1);
INSERT INTO S_DT
	VALUES (524290,
	2084515,
	'boolean',
	'');
INSERT INTO S_CDT
	VALUES (524291,
	2);
INSERT INTO S_DT
	VALUES (524291,
	2084515,
	'integer',
	'');
INSERT INTO S_CDT
	VALUES (524292,
	3);
INSERT INTO S_DT
	VALUES (524292,
	2084515,
	'real',
	'');
INSERT INTO S_CDT
	VALUES (524293,
	4);
INSERT INTO S_DT
	VALUES (524293,
	2084515,
	'string',
	'');
INSERT INTO S_CDT
	VALUES (524294,
	5);
INSERT INTO S_DT
	VALUES (524294,
	2084515,
	'unique_id',
	'');
INSERT INTO S_CDT
	VALUES (524295,
	6);
INSERT INTO S_DT
	VALUES (524295,
	2084515,
	'state<State_Model>',
	'');
INSERT INTO S_CDT
	VALUES (524296,
	7);
INSERT INTO S_DT
	VALUES (524296,
	2084515,
	'same_as<Base_Attribute>',
	'');
INSERT INTO S_CDT
	VALUES (524297,
	8);
INSERT INTO S_DT
	VALUES (524297,
	2084515,
	'inst_ref<Object>',
	'');
INSERT INTO S_CDT
	VALUES (524298,
	9);
INSERT INTO S_DT
	VALUES (524298,
	2084515,
	'inst_ref_set<Object>',
	'');
INSERT INTO S_CDT
	VALUES (524299,
	10);
INSERT INTO S_DT
	VALUES (524299,
	2084515,
	'inst<Event>',
	'');
INSERT INTO S_CDT
	VALUES (524300,
	11);
INSERT INTO S_DT
	VALUES (524300,
	2084515,
	'inst<Mapping>',
	'');
INSERT INTO S_CDT
	VALUES (524301,
	12);
INSERT INTO S_DT
	VALUES (524301,
	2084515,
	'inst_ref<Mapping>',
	'');
INSERT INTO S_UDT
	VALUES (524302,
	524300,
	1);
INSERT INTO S_DT
	VALUES (524302,
	2084515,
	'date',
	'');
INSERT INTO S_UDT
	VALUES (524303,
	524300,
	2);
INSERT INTO S_DT
	VALUES (524303,
	2084515,
	'timestamp',
	'');
INSERT INTO S_UDT
	VALUES (524304,
	524301,
	3);
INSERT INTO S_DT
	VALUES (524304,
	2084515,
	'inst_ref<Timer>',
	'');
INSERT INTO S_EE
	VALUES (524290,
	'Logging ',
	'',
	'LOG',
	2084515);
INSERT INTO S_BRG
	VALUES (524304,
	524290,
	'LogSuccess',
	'',
	0,
	524289,
	'',
	1);
INSERT INTO S_BPARM
	VALUES (524311,
	524304,
	'message',
	524293,
	0);
INSERT INTO S_BRG
	VALUES (524305,
	524290,
	'LogFailure',
	'',
	0,
	524289,
	'',
	1);
INSERT INTO S_BPARM
	VALUES (524312,
	524305,
	'message',
	524293,
	0);
INSERT INTO S_BRG
	VALUES (524306,
	524290,
	'LogInfo',
	'',
	0,
	524289,
	'',
	1);
INSERT INTO S_BPARM
	VALUES (524313,
	524306,
	'message',
	524293,
	0);
INSERT INTO S_EE
	VALUES (524291,
	'Time',
	'',
	'TIM',
	2084515);
INSERT INTO S_BRG
	VALUES (524307,
	524291,
	'current_date',
	'',
	1,
	524302,
	'',
	0);
INSERT INTO S_BRG
	VALUES (524308,
	524291,
	'create_date',
	'',
	1,
	524302,
	'',
	0);
INSERT INTO S_BPARM
	VALUES (524314,
	524308,
	'second',
	524291,
	0);
INSERT INTO S_BPARM
	VALUES (524315,
	524308,
	'minute',
	524291,
	0);
INSERT INTO S_BPARM
	VALUES (524316,
	524308,
	'hour',
	524291,
	0);
INSERT INTO S_BPARM
	VALUES (524317,
	524308,
	'day',
	524291,
	0);
INSERT INTO S_BPARM
	VALUES (524318,
	524308,
	'month',
	524291,
	0);
INSERT INTO S_BPARM
	VALUES (524319,
	524308,
	'year',
	524291,
	0);
INSERT INTO S_BRG
	VALUES (524309,
	524291,
	'get_second',
	'',
	1,
	524291,
	'',
	0);
INSERT INTO S_BPARM
	VALUES (524320,
	524309,
	'date',
	524302,
	0);
INSERT INTO S_BRG
	VALUES (524310,
	524291,
	'get_minute',
	'',
	1,
	524291,
	'',
	0);
INSERT INTO S_BPARM
	VALUES (524321,
	524310,
	'date',
	524302,
	0);
INSERT INTO S_BRG
	VALUES (524311,
	524291,
	'get_hour',
	'',
	1,
	524291,
	'',
	0);
INSERT INTO S_BPARM
	VALUES (524322,
	524311,
	'date',
	524302,
	0);
INSERT INTO S_BRG
	VALUES (524312,
	524291,
	'get_day',
	'',
	1,
	524291,
	'',
	0);
INSERT INTO S_BPARM
	VALUES (524323,
	524312,
	'date',
	524302,
	0);
INSERT INTO S_BRG
	VALUES (524313,
	524291,
	'get_month',
	'',
	1,
	524291,
	'',
	0);
INSERT INTO S_BPARM
	VALUES (524324,
	524313,
	'date',
	524302,
	0);
INSERT INTO S_BRG
	VALUES (524314,
	524291,
	'get_year',
	'',
	1,
	524291,
	'',
	0);
INSERT INTO S_BPARM
	VALUES (524325,
	524314,
	'date',
	524302,
	0);
INSERT INTO S_BRG
	VALUES (524315,
	524291,
	'current_clock',
	'',
	1,
	524303,
	'',
	0);
INSERT INTO S_BRG
	VALUES (524316,
	524291,
	'timer_start',
	'',
	1,
	524304,
	'',
	0);
INSERT INTO S_BPARM
	VALUES (524326,
	524316,
	'microseconds',
	524291,
	0);
INSERT INTO S_BPARM
	VALUES (524327,
	524316,
	'event_inst',
	524299,
	0);
INSERT INTO S_BRG
	VALUES (524317,
	524291,
	'timer_start_recurring',
	'',
	1,
	524304,
	'',
	0);
INSERT INTO S_BPARM
	VALUES (524328,
	524317,
	'microseconds',
	524291,
	0);
INSERT INTO S_BPARM
	VALUES (524329,
	524317,
	'event_inst',
	524299,
	0);
INSERT INTO S_BRG
	VALUES (524318,
	524291,
	'timer_remaining_time',
	'',
	1,
	524291,
	'',
	0);
INSERT INTO S_BPARM
	VALUES (524330,
	524318,
	'timer_inst_ref',
	524304,
	0);
INSERT INTO S_BRG
	VALUES (524319,
	524291,
	'timer_reset_time',
	'',
	1,
	524290,
	'',
	0);
INSERT INTO S_BPARM
	VALUES (524331,
	524319,
	'timer_inst_ref',
	524304,
	0);
INSERT INTO S_BPARM
	VALUES (524332,
	524319,
	'microseconds',
	524291,
	0);
INSERT INTO S_BRG
	VALUES (524320,
	524291,
	'timer_add_time',
	'',
	1,
	524290,
	'',
	0);
INSERT INTO S_BPARM
	VALUES (524333,
	524320,
	'timer_inst_ref',
	524304,
	0);
INSERT INTO S_BPARM
	VALUES (524334,
	524320,
	'microseconds',
	524291,
	0);
INSERT INTO S_BRG
	VALUES (524321,
	524291,
	'timer_cancel',
	'',
	1,
	524290,
	'',
	0);
INSERT INTO S_BPARM
	VALUES (524335,
	524321,
	'timer_inst_ref',
	524304,
	0);
INSERT INTO S_EE
	VALUES (524292,
	'External Entity no supdata',
	'// How do you get the DR instance?
//generate DR3:''test passed'' to DR;

',
	'EE',
	2084515);
INSERT INTO S_BRG
	VALUES (524323,
	524292,
	'bogus',
	'',
	0,
	524289,
	'',
	1);
INSERT INTO S_EEEDI
	VALUES (524289,
	524292,
	'b',
	'',
	524290);
INSERT INTO S_EEEDI
	VALUES (524290,
	524292,
	'i',
	'',
	524291);
INSERT INTO S_EEEDI
	VALUES (524291,
	524292,
	'r',
	'',
	524292);
INSERT INTO S_EEEDI
	VALUES (524292,
	524292,
	's',
	'',
	524293);
INSERT INTO S_EEEVT
	VALUES (524289,
	524292,
	1,
	'test timer event',
	0,
	'',
	'EE1',
	'');
INSERT INTO S_EEEVT
	VALUES (524290,
	524292,
	2,
	'test timer event with supdata',
	0,
	'',
	'EE2',
	'');
INSERT INTO S_EEEDT
	VALUES (524292,
	524290,
	524291);
INSERT INTO S_EEEDT
	VALUES (524292,
	524290,
	524289);
INSERT INTO S_EEEDT
	VALUES (524292,
	524290,
	524290);
INSERT INTO S_EEEDT
	VALUES (524292,
	524290,
	524292);
INSERT INTO S_EE
	VALUES (524294,
	'Architecture',
	'',
	'ARCH',
	2084515);
INSERT INTO S_BRG
	VALUES (524322,
	524294,
	'shutdown',
	'',
	0,
	524289,
	'control stop;',
	1);
INSERT INTO GD_MD
	VALUES (524289,
	1,
	2084515,
	1,
	1,
	0,
	1,
	1,
	0,
	12,
	1543,
	4237,
	1.000000,
	0);
INSERT INTO GD_GE
	VALUES (524301,
	524289,
	524290,
	12);
INSERT INTO GD_SHP
	VALUES (524301,
	1696,
	1536,
	1936,
	1680);
INSERT INTO GD_GE
	VALUES (524318,
	524289,
	4194312,
	11);
INSERT INTO GD_SHP
	VALUES (524318,
	1952,
	1216,
	2192,
	1360);
INSERT INTO GD_GE
	VALUES (524319,
	524289,
	524291,
	12);
INSERT INTO GD_SHP
	VALUES (524319,
	1952,
	1376,
	2192,
	1520);
INSERT INTO GD_GE
	VALUES (524320,
	524289,
	524292,
	12);
INSERT INTO GD_SHP
	VALUES (524320,
	1696,
	1376,
	1936,
	1520);
INSERT INTO GD_GE
	VALUES (524322,
	524289,
	524294,
	12);
INSERT INTO GD_SHP
	VALUES (524322,
	1952,
	1536,
	2192,
	1680);
INSERT INTO GD_MD
	VALUES (524290,
	2,
	2084515,
	1,
	1,
	0,
	1,
	1,
	0,
	12,
	1600,
	4200,
	1.000000,
	0);
INSERT INTO GD_GE
	VALUES (524323,
	524290,
	4194312,
	11);
INSERT INTO GD_SHP
	VALUES (524323,
	1920,
	1344,
	2080,
	1440);
INSERT INTO GD_MD
	VALUES (524291,
	3,
	2084515,
	1,
	1,
	0,
	1,
	1,
	0,
	12,
	1600,
	4200,
	1.000000,
	0);
INSERT INTO GD_GE
	VALUES (524324,
	524291,
	4194312,
	11);
INSERT INTO GD_SHP
	VALUES (524324,
	1920,
	1344,
	2080,
	1440);
INSERT INTO GD_MD
	VALUES (524292,
	4,
	2084515,
	1,
	1,
	0,
	1,
	1,
	0,
	12,
	1600,
	4200,
	1.000000,
	0);
INSERT INTO GD_GE
	VALUES (524325,
	524292,
	4194312,
	11);
INSERT INTO GD_SHP
	VALUES (524325,
	1920,
	1344,
	2080,
	1440);
INSERT INTO S_SS
	VALUES (4194312,
	'event',
	'',
	'',
	1,
	2084515,
	4194312);
INSERT INTO O_OBJ
	VALUES (4194305,
	'Driver',
	1,
	'DR',
	'',
	4194312);
INSERT INTO O_NBATTR
	VALUES (4194305,
	4194305);
INSERT INTO O_BATTR
	VALUES (4194305,
	4194305);
INSERT INTO O_ATTR
	VALUES (4194305,
	4194305,
	0,
	'dr_id',
	'',
	'',
	'dr_id',
	0,
	524291);
INSERT INTO O_NBATTR
	VALUES (4194307,
	4194305);
INSERT INTO O_BATTR
	VALUES (4194307,
	4194305);
INSERT INTO O_ATTR
	VALUES (4194307,
	4194305,
	4194305,
	'testNumber',
	'',
	'',
	'testNumber',
	0,
	524291);
INSERT INTO O_NBATTR
	VALUES (4194308,
	4194305);
INSERT INTO O_BATTR
	VALUES (4194308,
	4194305);
INSERT INTO O_ATTR
	VALUES (4194308,
	4194305,
	4194307,
	'test_passed_timer',
	'',
	'',
	'test_passed_timer',
	0,
	524304);
INSERT INTO O_NBATTR
	VALUES (4194309,
	4194305);
INSERT INTO O_BATTR
	VALUES (4194309,
	4194305);
INSERT INTO O_ATTR
	VALUES (4194309,
	4194305,
	4194308,
	'test_failed_timer',
	'',
	'',
	'test_failed_timer',
	0,
	524304);
INSERT INTO O_NBATTR
	VALUES (4194306,
	4194305);
INSERT INTO O_BATTR
	VALUES (4194306,
	4194305);
INSERT INTO O_ATTR
	VALUES (4194306,
	4194305,
	4194309,
	'current_state',
	'',
	'',
	'current_state',
	0,
	524295);
INSERT INTO O_ID
	VALUES (0,
	4194305);
INSERT INTO O_OIDA
	VALUES (4194305,
	4194305,
	0);
INSERT INTO SM_ISM
	VALUES (1048578,
	4194305);
INSERT INTO SM_SM
	VALUES (1048578,
	'',
	2);
INSERT INTO SM_MOORE
	VALUES (1048578);
INSERT INTO SM_EVTDI
	VALUES (1048577,
	1048578,
	'b',
	'',
	524290);
INSERT INTO SM_EVTDI
	VALUES (1048578,
	1048578,
	'i',
	'',
	524291);
INSERT INTO SM_EVTDI
	VALUES (1048579,
	1048578,
	'r',
	'',
	524292);
INSERT INTO SM_EVTDI
	VALUES (1048580,
	1048578,
	's',
	'',
	524293);
INSERT INTO SM_SUPDT
	VALUES (1048577,
	1048578,
	0);
INSERT INTO SM_STATE
	VALUES (1048577,
	1048578,
	1048577,
	'Send Event to EE',
	26,
	0);
INSERT INTO SM_LEVT
	VALUES (1048577,
	1048578,
	1048577);
INSERT INTO SM_SEVT
	VALUES (1048577,
	1048578,
	1048577);
INSERT INTO SM_EVT
	VALUES (1048577,
	1048578,
	1048577,
	1,
	'start test',
	0,
	'',
	'DR1',
	'');
INSERT INTO SM_EIGN
	VALUES (1048577,
	1048577,
	1048578,
	1048577,
	'');
INSERT INTO SM_SEME
	VALUES (1048577,
	1048577,
	1048578,
	1048577);
INSERT INTO SM_LEVT
	VALUES (1048578,
	1048578,
	1048577);
INSERT INTO SM_SEVT
	VALUES (1048578,
	1048578,
	1048577);
INSERT INTO SM_EVT
	VALUES (1048578,
	1048578,
	1048577,
	2,
	'next test',
	0,
	'',
	'DR2',
	'');
INSERT INTO SM_EIGN
	VALUES (1048577,
	1048578,
	1048578,
	1048577,
	'');
INSERT INTO SM_SEME
	VALUES (1048577,
	1048578,
	1048578,
	1048577);
INSERT INTO SM_LEVT
	VALUES (1048579,
	1048578,
	1048577);
INSERT INTO SM_SEVT
	VALUES (1048579,
	1048578,
	1048577);
INSERT INTO SM_EVT
	VALUES (1048579,
	1048578,
	1048577,
	3,
	'test passed',
	0,
	'',
	'DR3',
	'');
INSERT INTO SM_SEME
	VALUES (1048577,
	1048579,
	1048578,
	1048577);
INSERT INTO SM_LEVT
	VALUES (1048580,
	1048578,
	1048577);
INSERT INTO SM_SEVT
	VALUES (1048580,
	1048578,
	1048577);
INSERT INTO SM_EVT
	VALUES (1048580,
	1048578,
	1048577,
	4,
	'test failed for EE',
	0,
	'',
	'DR4',
	'');
INSERT INTO SM_SEME
	VALUES (1048577,
	1048580,
	1048578,
	1048577);
INSERT INTO SM_LEVT
	VALUES (1048581,
	1048578,
	1048577);
INSERT INTO SM_SEVT
	VALUES (1048581,
	1048578,
	1048577);
INSERT INTO SM_EVT
	VALUES (1048581,
	1048578,
	1048577,
	5,
	'test failed for Assigner',
	0,
	'',
	'DR5',
	'');
INSERT INTO SM_EIGN
	VALUES (1048577,
	1048581,
	1048578,
	1048577,
	'');
INSERT INTO SM_SEME
	VALUES (1048577,
	1048581,
	1048578,
	1048577);
INSERT INTO SM_LEVT
	VALUES (1048582,
	1048578,
	1048577);
INSERT INTO SM_SEVT
	VALUES (1048582,
	1048578,
	1048577);
INSERT INTO SM_EVT
	VALUES (1048582,
	1048578,
	1048577,
	6,
	'test failed for Creator',
	0,
	'',
	'DR6',
	'');
INSERT INTO SM_EIGN
	VALUES (1048577,
	1048582,
	1048578,
	1048577,
	'');
INSERT INTO SM_SEME
	VALUES (1048577,
	1048582,
	1048578,
	1048577);
INSERT INTO SM_LEVT
	VALUES (1048583,
	1048578,
	1048577);
INSERT INTO SM_SEVT
	VALUES (1048583,
	1048578,
	1048577);
INSERT INTO SM_EVT
	VALUES (1048583,
	1048578,
	1048577,
	7,
	'test failed for EE supdata',
	0,
	'',
	'DR7',
	'');
INSERT INTO SM_EIGN
	VALUES (1048577,
	1048583,
	1048578,
	1048577,
	'');
INSERT INTO SM_SEME
	VALUES (1048577,
	1048583,
	1048578,
	1048577);
INSERT INTO SM_LEVT
	VALUES (1048584,
	1048578,
	1048577);
INSERT INTO SM_SEVT
	VALUES (1048584,
	1048578,
	1048577);
INSERT INTO SM_EVT
	VALUES (1048584,
	1048578,
	1048577,
	8,
	'test failed for assigner supdata',
	0,
	'',
	'DR8',
	'');
INSERT INTO SM_EIGN
	VALUES (1048577,
	1048584,
	1048578,
	1048577,
	'');
INSERT INTO SM_SEME
	VALUES (1048577,
	1048584,
	1048578,
	1048577);
INSERT INTO SM_LEVT
	VALUES (1048585,
	1048578,
	1048577);
INSERT INTO SM_SEVT
	VALUES (1048585,
	1048578,
	1048577);
INSERT INTO SM_EVT
	VALUES (1048585,
	1048578,
	1048577,
	9,
	'test failed for creation supdata',
	0,
	'',
	'DR9',
	'');
INSERT INTO SM_EIGN
	VALUES (1048577,
	1048585,
	1048578,
	1048577,
	'');
INSERT INTO SM_SEME
	VALUES (1048577,
	1048585,
	1048578,
	1048577);
INSERT INTO SM_STATE
	VALUES (1048578,
	1048578,
	1048577,
	'Send Event to Assigner',
	2,
	0);
INSERT INTO SM_EIGN
	VALUES (1048578,
	1048577,
	1048578,
	1048577,
	'');
INSERT INTO SM_SEME
	VALUES (1048578,
	1048577,
	1048578,
	1048577);
INSERT INTO SM_EIGN
	VALUES (1048578,
	1048578,
	1048578,
	1048577,
	'');
INSERT INTO SM_SEME
	VALUES (1048578,
	1048578,
	1048578,
	1048577);
INSERT INTO SM_SEME
	VALUES (1048578,
	1048579,
	1048578,
	1048577);
INSERT INTO SM_EIGN
	VALUES (1048578,
	1048580,
	1048578,
	1048577,
	'');
INSERT INTO SM_SEME
	VALUES (1048578,
	1048580,
	1048578,
	1048577);
INSERT INTO SM_SEME
	VALUES (1048578,
	1048581,
	1048578,
	1048577);
INSERT INTO SM_EIGN
	VALUES (1048578,
	1048582,
	1048578,
	1048577,
	'');
INSERT INTO SM_SEME
	VALUES (1048578,
	1048582,
	1048578,
	1048577);
INSERT INTO SM_EIGN
	VALUES (1048578,
	1048583,
	1048578,
	1048577,
	'');
INSERT INTO SM_SEME
	VALUES (1048578,
	1048583,
	1048578,
	1048577);
INSERT INTO SM_EIGN
	VALUES (1048578,
	1048584,
	1048578,
	1048577,
	'');
INSERT INTO SM_SEME
	VALUES (1048578,
	1048584,
	1048578,
	1048577);
INSERT INTO SM_EIGN
	VALUES (1048578,
	1048585,
	1048578,
	1048577,
	'');
INSERT INTO SM_SEME
	VALUES (1048578,
	1048585,
	1048578,
	1048577);
INSERT INTO SM_STATE
	VALUES (1048579,
	1048578,
	1048577,
	'Send Event to Creator',
	3,
	0);
INSERT INTO SM_EIGN
	VALUES (1048579,
	1048577,
	1048578,
	1048577,
	'');
INSERT INTO SM_SEME
	VALUES (1048579,
	1048577,
	1048578,
	1048577);
INSERT INTO SM_EIGN
	VALUES (1048579,
	1048578,
	1048578,
	1048577,
	'');
INSERT INTO SM_SEME
	VALUES (1048579,
	1048578,
	1048578,
	1048577);
INSERT INTO SM_SEME
	VALUES (1048579,
	1048579,
	1048578,
	1048577);
INSERT INTO SM_EIGN
	VALUES (1048579,
	1048580,
	1048578,
	1048577,
	'');
INSERT INTO SM_SEME
	VALUES (1048579,
	1048580,
	1048578,
	1048577);
INSERT INTO SM_EIGN
	VALUES (1048579,
	1048581,
	1048578,
	1048577,
	'');
INSERT INTO SM_SEME
	VALUES (1048579,
	1048581,
	1048578,
	1048577);
INSERT INTO SM_SEME
	VALUES (1048579,
	1048582,
	1048578,
	1048577);
INSERT INTO SM_EIGN
	VALUES (1048579,
	1048583,
	1048578,
	1048577,
	'');
INSERT INTO SM_SEME
	VALUES (1048579,
	1048583,
	1048578,
	1048577);
INSERT INTO SM_EIGN
	VALUES (1048579,
	1048584,
	1048578,
	1048577,
	'');
INSERT INTO SM_SEME
	VALUES (1048579,
	1048584,
	1048578,
	1048577);
INSERT INTO SM_EIGN
	VALUES (1048579,
	1048585,
	1048578,
	1048577,
	'');
INSERT INTO SM_SEME
	VALUES (1048579,
	1048585,
	1048578,
	1048577);
INSERT INTO SM_STATE
	VALUES (1048580,
	1048578,
	1048577,
	'Supdata Event to EE',
	4,
	0);
INSERT INTO SM_EIGN
	VALUES (1048580,
	1048577,
	1048578,
	1048577,
	'');
INSERT INTO SM_SEME
	VALUES (1048580,
	1048577,
	1048578,
	1048577);
INSERT INTO SM_EIGN
	VALUES (1048580,
	1048578,
	1048578,
	1048577,
	'');
INSERT INTO SM_SEME
	VALUES (1048580,
	1048578,
	1048578,
	1048577);
INSERT INTO SM_SEME
	VALUES (1048580,
	1048579,
	1048578,
	1048577);
INSERT INTO SM_EIGN
	VALUES (1048580,
	1048580,
	1048578,
	1048577,
	'');
INSERT INTO SM_SEME
	VALUES (1048580,
	1048580,
	1048578,
	1048577);
INSERT INTO SM_EIGN
	VALUES (1048580,
	1048581,
	1048578,
	1048577,
	'');
INSERT INTO SM_SEME
	VALUES (1048580,
	1048581,
	1048578,
	1048577);
INSERT INTO SM_EIGN
	VALUES (1048580,
	1048582,
	1048578,
	1048577,
	'');
INSERT INTO SM_SEME
	VALUES (1048580,
	1048582,
	1048578,
	1048577);
INSERT INTO SM_SEME
	VALUES (1048580,
	1048583,
	1048578,
	1048577);
INSERT INTO SM_EIGN
	VALUES (1048580,
	1048584,
	1048578,
	1048577,
	'');
INSERT INTO SM_SEME
	VALUES (1048580,
	1048584,
	1048578,
	1048577);
INSERT INTO SM_EIGN
	VALUES (1048580,
	1048585,
	1048578,
	1048577,
	'');
INSERT INTO SM_SEME
	VALUES (1048580,
	1048585,
	1048578,
	1048577);
INSERT INTO SM_STATE
	VALUES (1048581,
	1048578,
	1048577,
	'Event to EE Received',
	5,
	0);
INSERT INTO SM_EIGN
	VALUES (1048581,
	1048577,
	1048578,
	1048577,
	'');
INSERT INTO SM_SEME
	VALUES (1048581,
	1048577,
	1048578,
	1048577);
INSERT INTO SM_EIGN
	VALUES (1048581,
	1048578,
	1048578,
	1048577,
	'');
INSERT INTO SM_SEME
	VALUES (1048581,
	1048578,
	1048578,
	1048577);
INSERT INTO SM_SEME
	VALUES (1048581,
	1048579,
	1048578,
	1048577);
INSERT INTO SM_SEME
	VALUES (1048581,
	1048580,
	1048578,
	1048577);
INSERT INTO SM_EIGN
	VALUES (1048581,
	1048581,
	1048578,
	1048577,
	'');
INSERT INTO SM_SEME
	VALUES (1048581,
	1048581,
	1048578,
	1048577);
INSERT INTO SM_EIGN
	VALUES (1048581,
	1048582,
	1048578,
	1048577,
	'');
INSERT INTO SM_SEME
	VALUES (1048581,
	1048582,
	1048578,
	1048577);
INSERT INTO SM_EIGN
	VALUES (1048581,
	1048583,
	1048578,
	1048577,
	'');
INSERT INTO SM_SEME
	VALUES (1048581,
	1048583,
	1048578,
	1048577);
INSERT INTO SM_EIGN
	VALUES (1048581,
	1048584,
	1048578,
	1048577,
	'');
INSERT INTO SM_SEME
	VALUES (1048581,
	1048584,
	1048578,
	1048577);
INSERT INTO SM_EIGN
	VALUES (1048581,
	1048585,
	1048578,
	1048577,
	'');
INSERT INTO SM_SEME
	VALUES (1048581,
	1048585,
	1048578,
	1048577);
INSERT INTO SM_STATE
	VALUES (1048582,
	1048578,
	1048577,
	'Event to EE Failed',
	6,
	0);
INSERT INTO SM_EIGN
	VALUES (1048582,
	1048577,
	1048578,
	1048577,
	'');
INSERT INTO SM_SEME
	VALUES (1048582,
	1048577,
	1048578,
	1048577);
INSERT INTO SM_SEME
	VALUES (1048582,
	1048578,
	1048578,
	1048577);
INSERT INTO SM_EIGN
	VALUES (1048582,
	1048579,
	1048578,
	1048577,
	'');
INSERT INTO SM_SEME
	VALUES (1048582,
	1048579,
	1048578,
	1048577);
INSERT INTO SM_EIGN
	VALUES (1048582,
	1048580,
	1048578,
	1048577,
	'');
INSERT INTO SM_SEME
	VALUES (1048582,
	1048580,
	1048578,
	1048577);
INSERT INTO SM_EIGN
	VALUES (1048582,
	1048581,
	1048578,
	1048577,
	'');
INSERT INTO SM_SEME
	VALUES (1048582,
	1048581,
	1048578,
	1048577);
INSERT INTO SM_EIGN
	VALUES (1048582,
	1048582,
	1048578,
	1048577,
	'');
INSERT INTO SM_SEME
	VALUES (1048582,
	1048582,
	1048578,
	1048577);
INSERT INTO SM_EIGN
	VALUES (1048582,
	1048583,
	1048578,
	1048577,
	'');
INSERT INTO SM_SEME
	VALUES (1048582,
	1048583,
	1048578,
	1048577);
INSERT INTO SM_EIGN
	VALUES (1048582,
	1048584,
	1048578,
	1048577,
	'');
INSERT INTO SM_SEME
	VALUES (1048582,
	1048584,
	1048578,
	1048577);
INSERT INTO SM_EIGN
	VALUES (1048582,
	1048585,
	1048578,
	1048577,
	'');
INSERT INTO SM_SEME
	VALUES (1048582,
	1048585,
	1048578,
	1048577);
INSERT INTO SM_STATE
	VALUES (1048583,
	1048578,
	1048577,
	'Event to Assigner Failed',
	7,
	0);
INSERT INTO SM_EIGN
	VALUES (1048583,
	1048577,
	1048578,
	1048577,
	'');
INSERT INTO SM_SEME
	VALUES (1048583,
	1048577,
	1048578,
	1048577);
INSERT INTO SM_SEME
	VALUES (1048583,
	1048578,
	1048578,
	1048577);
INSERT INTO SM_EIGN
	VALUES (1048583,
	1048579,
	1048578,
	1048577,
	'');
INSERT INTO SM_SEME
	VALUES (1048583,
	1048579,
	1048578,
	1048577);
INSERT INTO SM_EIGN
	VALUES (1048583,
	1048580,
	1048578,
	1048577,
	'');
INSERT INTO SM_SEME
	VALUES (1048583,
	1048580,
	1048578,
	1048577);
INSERT INTO SM_EIGN
	VALUES (1048583,
	1048581,
	1048578,
	1048577,
	'');
INSERT INTO SM_SEME
	VALUES (1048583,
	1048581,
	1048578,
	1048577);
INSERT INTO SM_EIGN
	VALUES (1048583,
	1048582,
	1048578,
	1048577,
	'');
INSERT INTO SM_SEME
	VALUES (1048583,
	1048582,
	1048578,
	1048577);
INSERT INTO SM_EIGN
	VALUES (1048583,
	1048583,
	1048578,
	1048577,
	'');
INSERT INTO SM_SEME
	VALUES (1048583,
	1048583,
	1048578,
	1048577);
INSERT INTO SM_EIGN
	VALUES (1048583,
	1048584,
	1048578,
	1048577,
	'');
INSERT INTO SM_SEME
	VALUES (1048583,
	1048584,
	1048578,
	1048577);
INSERT INTO SM_EIGN
	VALUES (1048583,
	1048585,
	1048578,
	1048577,
	'');
INSERT INTO SM_SEME
	VALUES (1048583,
	1048585,
	1048578,
	1048577);
INSERT INTO SM_STATE
	VALUES (1048584,
	1048578,
	1048577,
	'Event to Assigner Received',
	8,
	0);
INSERT INTO SM_EIGN
	VALUES (1048584,
	1048577,
	1048578,
	1048577,
	'');
INSERT INTO SM_SEME
	VALUES (1048584,
	1048577,
	1048578,
	1048577);
INSERT INTO SM_EIGN
	VALUES (1048584,
	1048578,
	1048578,
	1048577,
	'');
INSERT INTO SM_SEME
	VALUES (1048584,
	1048578,
	1048578,
	1048577);
INSERT INTO SM_SEME
	VALUES (1048584,
	1048579,
	1048578,
	1048577);
INSERT INTO SM_EIGN
	VALUES (1048584,
	1048580,
	1048578,
	1048577,
	'');
INSERT INTO SM_SEME
	VALUES (1048584,
	1048580,
	1048578,
	1048577);
INSERT INTO SM_SEME
	VALUES (1048584,
	1048581,
	1048578,
	1048577);
INSERT INTO SM_EIGN
	VALUES (1048584,
	1048582,
	1048578,
	1048577,
	'');
INSERT INTO SM_SEME
	VALUES (1048584,
	1048582,
	1048578,
	1048577);
INSERT INTO SM_EIGN
	VALUES (1048584,
	1048583,
	1048578,
	1048577,
	'');
INSERT INTO SM_SEME
	VALUES (1048584,
	1048583,
	1048578,
	1048577);
INSERT INTO SM_EIGN
	VALUES (1048584,
	1048584,
	1048578,
	1048577,
	'');
INSERT INTO SM_SEME
	VALUES (1048584,
	1048584,
	1048578,
	1048577);
INSERT INTO SM_EIGN
	VALUES (1048584,
	1048585,
	1048578,
	1048577,
	'');
INSERT INTO SM_SEME
	VALUES (1048584,
	1048585,
	1048578,
	1048577);
INSERT INTO SM_STATE
	VALUES (1048585,
	1048578,
	1048577,
	'Event to Creator Failed',
	9,
	0);
INSERT INTO SM_EIGN
	VALUES (1048585,
	1048577,
	1048578,
	1048577,
	'');
INSERT INTO SM_SEME
	VALUES (1048585,
	1048577,
	1048578,
	1048577);
INSERT INTO SM_SEME
	VALUES (1048585,
	1048578,
	1048578,
	1048577);
INSERT INTO SM_EIGN
	VALUES (1048585,
	1048579,
	1048578,
	1048577,
	'');
INSERT INTO SM_SEME
	VALUES (1048585,
	1048579,
	1048578,
	1048577);
INSERT INTO SM_EIGN
	VALUES (1048585,
	1048580,
	1048578,
	1048577,
	'');
INSERT INTO SM_SEME
	VALUES (1048585,
	1048580,
	1048578,
	1048577);
INSERT INTO SM_EIGN
	VALUES (1048585,
	1048581,
	1048578,
	1048577,
	'');
INSERT INTO SM_SEME
	VALUES (1048585,
	1048581,
	1048578,
	1048577);
INSERT INTO SM_EIGN
	VALUES (1048585,
	1048582,
	1048578,
	1048577,
	'');
INSERT INTO SM_SEME
	VALUES (1048585,
	1048582,
	1048578,
	1048577);
INSERT INTO SM_EIGN
	VALUES (1048585,
	1048583,
	1048578,
	1048577,
	'');
INSERT INTO SM_SEME
	VALUES (1048585,
	1048583,
	1048578,
	1048577);
INSERT INTO SM_EIGN
	VALUES (1048585,
	1048584,
	1048578,
	1048577,
	'');
INSERT INTO SM_SEME
	VALUES (1048585,
	1048584,
	1048578,
	1048577);
INSERT INTO SM_EIGN
	VALUES (1048585,
	1048585,
	1048578,
	1048577,
	'');
INSERT INTO SM_SEME
	VALUES (1048585,
	1048585,
	1048578,
	1048577);
INSERT INTO SM_STATE
	VALUES (1048586,
	1048578,
	1048577,
	'Event to Creator Received',
	10,
	0);
INSERT INTO SM_EIGN
	VALUES (1048586,
	1048577,
	1048578,
	1048577,
	'');
INSERT INTO SM_SEME
	VALUES (1048586,
	1048577,
	1048578,
	1048577);
INSERT INTO SM_EIGN
	VALUES (1048586,
	1048578,
	1048578,
	1048577,
	'');
INSERT INTO SM_SEME
	VALUES (1048586,
	1048578,
	1048578,
	1048577);
INSERT INTO SM_SEME
	VALUES (1048586,
	1048579,
	1048578,
	1048577);
INSERT INTO SM_EIGN
	VALUES (1048586,
	1048580,
	1048578,
	1048577,
	'');
INSERT INTO SM_SEME
	VALUES (1048586,
	1048580,
	1048578,
	1048577);
INSERT INTO SM_EIGN
	VALUES (1048586,
	1048581,
	1048578,
	1048577,
	'');
INSERT INTO SM_SEME
	VALUES (1048586,
	1048581,
	1048578,
	1048577);
INSERT INTO SM_SEME
	VALUES (1048586,
	1048582,
	1048578,
	1048577);
INSERT INTO SM_EIGN
	VALUES (1048586,
	1048583,
	1048578,
	1048577,
	'');
INSERT INTO SM_SEME
	VALUES (1048586,
	1048583,
	1048578,
	1048577);
INSERT INTO SM_EIGN
	VALUES (1048586,
	1048584,
	1048578,
	1048577,
	'');
INSERT INTO SM_SEME
	VALUES (1048586,
	1048584,
	1048578,
	1048577);
INSERT INTO SM_EIGN
	VALUES (1048586,
	1048585,
	1048578,
	1048577,
	'');
INSERT INTO SM_SEME
	VALUES (1048586,
	1048585,
	1048578,
	1048577);
INSERT INTO SM_STATE
	VALUES (1048587,
	1048578,
	1048577,
	'Test Complete',
	11,
	0);
INSERT INTO SM_EIGN
	VALUES (1048587,
	1048577,
	1048578,
	1048577,
	'');
INSERT INTO SM_SEME
	VALUES (1048587,
	1048577,
	1048578,
	1048577);
INSERT INTO SM_EIGN
	VALUES (1048587,
	1048578,
	1048578,
	1048577,
	'');
INSERT INTO SM_SEME
	VALUES (1048587,
	1048578,
	1048578,
	1048577);
INSERT INTO SM_EIGN
	VALUES (1048587,
	1048579,
	1048578,
	1048577,
	'');
INSERT INTO SM_SEME
	VALUES (1048587,
	1048579,
	1048578,
	1048577);
INSERT INTO SM_EIGN
	VALUES (1048587,
	1048580,
	1048578,
	1048577,
	'');
INSERT INTO SM_SEME
	VALUES (1048587,
	1048580,
	1048578,
	1048577);
INSERT INTO SM_EIGN
	VALUES (1048587,
	1048581,
	1048578,
	1048577,
	'');
INSERT INTO SM_SEME
	VALUES (1048587,
	1048581,
	1048578,
	1048577);
INSERT INTO SM_EIGN
	VALUES (1048587,
	1048582,
	1048578,
	1048577,
	'');
INSERT INTO SM_SEME
	VALUES (1048587,
	1048582,
	1048578,
	1048577);
INSERT INTO SM_EIGN
	VALUES (1048587,
	1048583,
	1048578,
	1048577,
	'');
INSERT INTO SM_SEME
	VALUES (1048587,
	1048583,
	1048578,
	1048577);
INSERT INTO SM_EIGN
	VALUES (1048587,
	1048584,
	1048578,
	1048577,
	'');
INSERT INTO SM_SEME
	VALUES (1048587,
	1048584,
	1048578,
	1048577);
INSERT INTO SM_EIGN
	VALUES (1048587,
	1048585,
	1048578,
	1048577,
	'');
INSERT INTO SM_SEME
	VALUES (1048587,
	1048585,
	1048578,
	1048577);
INSERT INTO SM_STATE
	VALUES (1048588,
	1048578,
	1048577,
	'Supdata Event to EE Failed',
	12,
	0);
INSERT INTO SM_EIGN
	VALUES (1048588,
	1048577,
	1048578,
	1048577,
	'');
INSERT INTO SM_SEME
	VALUES (1048588,
	1048577,
	1048578,
	1048577);
INSERT INTO SM_SEME
	VALUES (1048588,
	1048578,
	1048578,
	1048577);
INSERT INTO SM_EIGN
	VALUES (1048588,
	1048579,
	1048578,
	1048577,
	'');
INSERT INTO SM_SEME
	VALUES (1048588,
	1048579,
	1048578,
	1048577);
INSERT INTO SM_EIGN
	VALUES (1048588,
	1048580,
	1048578,
	1048577,
	'');
INSERT INTO SM_SEME
	VALUES (1048588,
	1048580,
	1048578,
	1048577);
INSERT INTO SM_EIGN
	VALUES (1048588,
	1048581,
	1048578,
	1048577,
	'');
INSERT INTO SM_SEME
	VALUES (1048588,
	1048581,
	1048578,
	1048577);
INSERT INTO SM_EIGN
	VALUES (1048588,
	1048582,
	1048578,
	1048577,
	'');
INSERT INTO SM_SEME
	VALUES (1048588,
	1048582,
	1048578,
	1048577);
INSERT INTO SM_EIGN
	VALUES (1048588,
	1048583,
	1048578,
	1048577,
	'');
INSERT INTO SM_SEME
	VALUES (1048588,
	1048583,
	1048578,
	1048577);
INSERT INTO SM_EIGN
	VALUES (1048588,
	1048584,
	1048578,
	1048577,
	'');
INSERT INTO SM_SEME
	VALUES (1048588,
	1048584,
	1048578,
	1048577);
INSERT INTO SM_EIGN
	VALUES (1048588,
	1048585,
	1048578,
	1048577,
	'');
INSERT INTO SM_SEME
	VALUES (1048588,
	1048585,
	1048578,
	1048577);
INSERT INTO SM_STATE
	VALUES (1048589,
	1048578,
	1048577,
	'Supdata Event to EE Received',
	13,
	0);
INSERT INTO SM_EIGN
	VALUES (1048589,
	1048577,
	1048578,
	1048577,
	'');
INSERT INTO SM_SEME
	VALUES (1048589,
	1048577,
	1048578,
	1048577);
INSERT INTO SM_EIGN
	VALUES (1048589,
	1048578,
	1048578,
	1048577,
	'');
INSERT INTO SM_SEME
	VALUES (1048589,
	1048578,
	1048578,
	1048577);
INSERT INTO SM_SEME
	VALUES (1048589,
	1048579,
	1048578,
	1048577);
INSERT INTO SM_EIGN
	VALUES (1048589,
	1048580,
	1048578,
	1048577,
	'');
INSERT INTO SM_SEME
	VALUES (1048589,
	1048580,
	1048578,
	1048577);
INSERT INTO SM_EIGN
	VALUES (1048589,
	1048581,
	1048578,
	1048577,
	'');
INSERT INTO SM_SEME
	VALUES (1048589,
	1048581,
	1048578,
	1048577);
INSERT INTO SM_EIGN
	VALUES (1048589,
	1048582,
	1048578,
	1048577,
	'');
INSERT INTO SM_SEME
	VALUES (1048589,
	1048582,
	1048578,
	1048577);
INSERT INTO SM_SEME
	VALUES (1048589,
	1048583,
	1048578,
	1048577);
INSERT INTO SM_EIGN
	VALUES (1048589,
	1048584,
	1048578,
	1048577,
	'');
INSERT INTO SM_SEME
	VALUES (1048589,
	1048584,
	1048578,
	1048577);
INSERT INTO SM_EIGN
	VALUES (1048589,
	1048585,
	1048578,
	1048577,
	'');
INSERT INTO SM_SEME
	VALUES (1048589,
	1048585,
	1048578,
	1048577);
INSERT INTO SM_STATE
	VALUES (1048590,
	1048578,
	1048577,
	'Supdata Event to Assigner',
	14,
	0);
INSERT INTO SM_EIGN
	VALUES (1048590,
	1048577,
	1048578,
	1048577,
	'');
INSERT INTO SM_SEME
	VALUES (1048590,
	1048577,
	1048578,
	1048577);
INSERT INTO SM_EIGN
	VALUES (1048590,
	1048578,
	1048578,
	1048577,
	'');
INSERT INTO SM_SEME
	VALUES (1048590,
	1048578,
	1048578,
	1048577);
INSERT INTO SM_SEME
	VALUES (1048590,
	1048579,
	1048578,
	1048577);
INSERT INTO SM_EIGN
	VALUES (1048590,
	1048580,
	1048578,
	1048577,
	'');
INSERT INTO SM_SEME
	VALUES (1048590,
	1048580,
	1048578,
	1048577);
INSERT INTO SM_EIGN
	VALUES (1048590,
	1048581,
	1048578,
	1048577,
	'');
INSERT INTO SM_SEME
	VALUES (1048590,
	1048581,
	1048578,
	1048577);
INSERT INTO SM_EIGN
	VALUES (1048590,
	1048582,
	1048578,
	1048577,
	'');
INSERT INTO SM_SEME
	VALUES (1048590,
	1048582,
	1048578,
	1048577);
INSERT INTO SM_EIGN
	VALUES (1048590,
	1048583,
	1048578,
	1048577,
	'');
INSERT INTO SM_SEME
	VALUES (1048590,
	1048583,
	1048578,
	1048577);
INSERT INTO SM_SEME
	VALUES (1048590,
	1048584,
	1048578,
	1048577);
INSERT INTO SM_EIGN
	VALUES (1048590,
	1048585,
	1048578,
	1048577,
	'');
INSERT INTO SM_SEME
	VALUES (1048590,
	1048585,
	1048578,
	1048577);
INSERT INTO SM_STATE
	VALUES (1048591,
	1048578,
	1048577,
	'Supdata Event to Assigner Failed',
	15,
	0);
INSERT INTO SM_EIGN
	VALUES (1048591,
	1048577,
	1048578,
	1048577,
	'');
INSERT INTO SM_SEME
	VALUES (1048591,
	1048577,
	1048578,
	1048577);
INSERT INTO SM_SEME
	VALUES (1048591,
	1048578,
	1048578,
	1048577);
INSERT INTO SM_EIGN
	VALUES (1048591,
	1048579,
	1048578,
	1048577,
	'');
INSERT INTO SM_SEME
	VALUES (1048591,
	1048579,
	1048578,
	1048577);
INSERT INTO SM_EIGN
	VALUES (1048591,
	1048580,
	1048578,
	1048577,
	'');
INSERT INTO SM_SEME
	VALUES (1048591,
	1048580,
	1048578,
	1048577);
INSERT INTO SM_EIGN
	VALUES (1048591,
	1048581,
	1048578,
	1048577,
	'');
INSERT INTO SM_SEME
	VALUES (1048591,
	1048581,
	1048578,
	1048577);
INSERT INTO SM_EIGN
	VALUES (1048591,
	1048582,
	1048578,
	1048577,
	'');
INSERT INTO SM_SEME
	VALUES (1048591,
	1048582,
	1048578,
	1048577);
INSERT INTO SM_EIGN
	VALUES (1048591,
	1048583,
	1048578,
	1048577,
	'');
INSERT INTO SM_SEME
	VALUES (1048591,
	1048583,
	1048578,
	1048577);
INSERT INTO SM_EIGN
	VALUES (1048591,
	1048584,
	1048578,
	1048577,
	'');
INSERT INTO SM_SEME
	VALUES (1048591,
	1048584,
	1048578,
	1048577);
INSERT INTO SM_EIGN
	VALUES (1048591,
	1048585,
	1048578,
	1048577,
	'');
INSERT INTO SM_SEME
	VALUES (1048591,
	1048585,
	1048578,
	1048577);
INSERT INTO SM_STATE
	VALUES (1048592,
	1048578,
	1048577,
	'Supdata Event to Assigner Received',
	16,
	0);
INSERT INTO SM_EIGN
	VALUES (1048592,
	1048577,
	1048578,
	1048577,
	'');
INSERT INTO SM_SEME
	VALUES (1048592,
	1048577,
	1048578,
	1048577);
INSERT INTO SM_EIGN
	VALUES (1048592,
	1048578,
	1048578,
	1048577,
	'');
INSERT INTO SM_SEME
	VALUES (1048592,
	1048578,
	1048578,
	1048577);
INSERT INTO SM_SEME
	VALUES (1048592,
	1048579,
	1048578,
	1048577);
INSERT INTO SM_EIGN
	VALUES (1048592,
	1048580,
	1048578,
	1048577,
	'');
INSERT INTO SM_SEME
	VALUES (1048592,
	1048580,
	1048578,
	1048577);
INSERT INTO SM_EIGN
	VALUES (1048592,
	1048581,
	1048578,
	1048577,
	'');
INSERT INTO SM_SEME
	VALUES (1048592,
	1048581,
	1048578,
	1048577);
INSERT INTO SM_EIGN
	VALUES (1048592,
	1048582,
	1048578,
	1048577,
	'');
INSERT INTO SM_SEME
	VALUES (1048592,
	1048582,
	1048578,
	1048577);
INSERT INTO SM_EIGN
	VALUES (1048592,
	1048583,
	1048578,
	1048577,
	'');
INSERT INTO SM_SEME
	VALUES (1048592,
	1048583,
	1048578,
	1048577);
INSERT INTO SM_SEME
	VALUES (1048592,
	1048584,
	1048578,
	1048577);
INSERT INTO SM_EIGN
	VALUES (1048592,
	1048585,
	1048578,
	1048577,
	'');
INSERT INTO SM_SEME
	VALUES (1048592,
	1048585,
	1048578,
	1048577);
INSERT INTO SM_STATE
	VALUES (1048593,
	1048578,
	1048577,
	'Supdata Event to Creator',
	17,
	0);
INSERT INTO SM_EIGN
	VALUES (1048593,
	1048577,
	1048578,
	1048577,
	'');
INSERT INTO SM_SEME
	VALUES (1048593,
	1048577,
	1048578,
	1048577);
INSERT INTO SM_EIGN
	VALUES (1048593,
	1048578,
	1048578,
	1048577,
	'');
INSERT INTO SM_SEME
	VALUES (1048593,
	1048578,
	1048578,
	1048577);
INSERT INTO SM_SEME
	VALUES (1048593,
	1048579,
	1048578,
	1048577);
INSERT INTO SM_EIGN
	VALUES (1048593,
	1048580,
	1048578,
	1048577,
	'');
INSERT INTO SM_SEME
	VALUES (1048593,
	1048580,
	1048578,
	1048577);
INSERT INTO SM_EIGN
	VALUES (1048593,
	1048581,
	1048578,
	1048577,
	'');
INSERT INTO SM_SEME
	VALUES (1048593,
	1048581,
	1048578,
	1048577);
INSERT INTO SM_EIGN
	VALUES (1048593,
	1048582,
	1048578,
	1048577,
	'');
INSERT INTO SM_SEME
	VALUES (1048593,
	1048582,
	1048578,
	1048577);
INSERT INTO SM_EIGN
	VALUES (1048593,
	1048583,
	1048578,
	1048577,
	'');
INSERT INTO SM_SEME
	VALUES (1048593,
	1048583,
	1048578,
	1048577);
INSERT INTO SM_EIGN
	VALUES (1048593,
	1048584,
	1048578,
	1048577,
	'');
INSERT INTO SM_SEME
	VALUES (1048593,
	1048584,
	1048578,
	1048577);
INSERT INTO SM_SEME
	VALUES (1048593,
	1048585,
	1048578,
	1048577);
INSERT INTO SM_STATE
	VALUES (1048594,
	1048578,
	1048577,
	'Supdata Event to Creator Failed',
	18,
	0);
INSERT INTO SM_EIGN
	VALUES (1048594,
	1048577,
	1048578,
	1048577,
	'');
INSERT INTO SM_SEME
	VALUES (1048594,
	1048577,
	1048578,
	1048577);
INSERT INTO SM_SEME
	VALUES (1048594,
	1048578,
	1048578,
	1048577);
INSERT INTO SM_EIGN
	VALUES (1048594,
	1048579,
	1048578,
	1048577,
	'');
INSERT INTO SM_SEME
	VALUES (1048594,
	1048579,
	1048578,
	1048577);
INSERT INTO SM_EIGN
	VALUES (1048594,
	1048580,
	1048578,
	1048577,
	'');
INSERT INTO SM_SEME
	VALUES (1048594,
	1048580,
	1048578,
	1048577);
INSERT INTO SM_EIGN
	VALUES (1048594,
	1048581,
	1048578,
	1048577,
	'');
INSERT INTO SM_SEME
	VALUES (1048594,
	1048581,
	1048578,
	1048577);
INSERT INTO SM_EIGN
	VALUES (1048594,
	1048582,
	1048578,
	1048577,
	'');
INSERT INTO SM_SEME
	VALUES (1048594,
	1048582,
	1048578,
	1048577);
INSERT INTO SM_EIGN
	VALUES (1048594,
	1048583,
	1048578,
	1048577,
	'');
INSERT INTO SM_SEME
	VALUES (1048594,
	1048583,
	1048578,
	1048577);
INSERT INTO SM_EIGN
	VALUES (1048594,
	1048584,
	1048578,
	1048577,
	'');
INSERT INTO SM_SEME
	VALUES (1048594,
	1048584,
	1048578,
	1048577);
INSERT INTO SM_EIGN
	VALUES (1048594,
	1048585,
	1048578,
	1048577,
	'');
INSERT INTO SM_SEME
	VALUES (1048594,
	1048585,
	1048578,
	1048577);
INSERT INTO SM_STATE
	VALUES (1048595,
	1048578,
	1048577,
	'Supdata Event to Creator Received',
	19,
	0);
INSERT INTO SM_EIGN
	VALUES (1048595,
	1048577,
	1048578,
	1048577,
	'');
INSERT INTO SM_SEME
	VALUES (1048595,
	1048577,
	1048578,
	1048577);
INSERT INTO SM_EIGN
	VALUES (1048595,
	1048578,
	1048578,
	1048577,
	'');
INSERT INTO SM_SEME
	VALUES (1048595,
	1048578,
	1048578,
	1048577);
INSERT INTO SM_SEME
	VALUES (1048595,
	1048579,
	1048578,
	1048577);
INSERT INTO SM_EIGN
	VALUES (1048595,
	1048580,
	1048578,
	1048577,
	'');
INSERT INTO SM_SEME
	VALUES (1048595,
	1048580,
	1048578,
	1048577);
INSERT INTO SM_EIGN
	VALUES (1048595,
	1048581,
	1048578,
	1048577,
	'');
INSERT INTO SM_SEME
	VALUES (1048595,
	1048581,
	1048578,
	1048577);
INSERT INTO SM_EIGN
	VALUES (1048595,
	1048582,
	1048578,
	1048577,
	'');
INSERT INTO SM_SEME
	VALUES (1048595,
	1048582,
	1048578,
	1048577);
INSERT INTO SM_EIGN
	VALUES (1048595,
	1048583,
	1048578,
	1048577,
	'');
INSERT INTO SM_SEME
	VALUES (1048595,
	1048583,
	1048578,
	1048577);
INSERT INTO SM_EIGN
	VALUES (1048595,
	1048584,
	1048578,
	1048577,
	'');
INSERT INTO SM_SEME
	VALUES (1048595,
	1048584,
	1048578,
	1048577);
INSERT INTO SM_SEME
	VALUES (1048595,
	1048585,
	1048578,
	1048577);
INSERT INTO SM_STATE
	VALUES (1048596,
	1048578,
	1048577,
	'Second Event to EE Received',
	20,
	0);
INSERT INTO SM_EIGN
	VALUES (1048596,
	1048577,
	1048578,
	1048577,
	'');
INSERT INTO SM_SEME
	VALUES (1048596,
	1048577,
	1048578,
	1048577);
INSERT INTO SM_SEME
	VALUES (1048596,
	1048578,
	1048578,
	1048577);
INSERT INTO SM_EIGN
	VALUES (1048596,
	1048579,
	1048578,
	1048577,
	'');
INSERT INTO SM_SEME
	VALUES (1048596,
	1048579,
	1048578,
	1048577);
INSERT INTO SM_EIGN
	VALUES (1048596,
	1048580,
	1048578,
	1048577,
	'');
INSERT INTO SM_SEME
	VALUES (1048596,
	1048580,
	1048578,
	1048577);
INSERT INTO SM_EIGN
	VALUES (1048596,
	1048581,
	1048578,
	1048577,
	'');
INSERT INTO SM_SEME
	VALUES (1048596,
	1048581,
	1048578,
	1048577);
INSERT INTO SM_EIGN
	VALUES (1048596,
	1048582,
	1048578,
	1048577,
	'');
INSERT INTO SM_SEME
	VALUES (1048596,
	1048582,
	1048578,
	1048577);
INSERT INTO SM_EIGN
	VALUES (1048596,
	1048583,
	1048578,
	1048577,
	'');
INSERT INTO SM_SEME
	VALUES (1048596,
	1048583,
	1048578,
	1048577);
INSERT INTO SM_EIGN
	VALUES (1048596,
	1048584,
	1048578,
	1048577,
	'');
INSERT INTO SM_SEME
	VALUES (1048596,
	1048584,
	1048578,
	1048577);
INSERT INTO SM_EIGN
	VALUES (1048596,
	1048585,
	1048578,
	1048577,
	'');
INSERT INTO SM_SEME
	VALUES (1048596,
	1048585,
	1048578,
	1048577);
INSERT INTO SM_STATE
	VALUES (1048597,
	1048578,
	1048577,
	'Second Event to Assigner Received',
	21,
	0);
INSERT INTO SM_EIGN
	VALUES (1048597,
	1048577,
	1048578,
	1048577,
	'');
INSERT INTO SM_SEME
	VALUES (1048597,
	1048577,
	1048578,
	1048577);
INSERT INTO SM_SEME
	VALUES (1048597,
	1048578,
	1048578,
	1048577);
INSERT INTO SM_EIGN
	VALUES (1048597,
	1048579,
	1048578,
	1048577,
	'');
INSERT INTO SM_SEME
	VALUES (1048597,
	1048579,
	1048578,
	1048577);
INSERT INTO SM_EIGN
	VALUES (1048597,
	1048580,
	1048578,
	1048577,
	'');
INSERT INTO SM_SEME
	VALUES (1048597,
	1048580,
	1048578,
	1048577);
INSERT INTO SM_EIGN
	VALUES (1048597,
	1048581,
	1048578,
	1048577,
	'');
INSERT INTO SM_SEME
	VALUES (1048597,
	1048581,
	1048578,
	1048577);
INSERT INTO SM_EIGN
	VALUES (1048597,
	1048582,
	1048578,
	1048577,
	'');
INSERT INTO SM_SEME
	VALUES (1048597,
	1048582,
	1048578,
	1048577);
INSERT INTO SM_EIGN
	VALUES (1048597,
	1048583,
	1048578,
	1048577,
	'');
INSERT INTO SM_SEME
	VALUES (1048597,
	1048583,
	1048578,
	1048577);
INSERT INTO SM_EIGN
	VALUES (1048597,
	1048584,
	1048578,
	1048577,
	'');
INSERT INTO SM_SEME
	VALUES (1048597,
	1048584,
	1048578,
	1048577);
INSERT INTO SM_EIGN
	VALUES (1048597,
	1048585,
	1048578,
	1048577,
	'');
INSERT INTO SM_SEME
	VALUES (1048597,
	1048585,
	1048578,
	1048577);
INSERT INTO SM_STATE
	VALUES (1048598,
	1048578,
	1048577,
	'Second Event to Creator Received',
	22,
	0);
INSERT INTO SM_EIGN
	VALUES (1048598,
	1048577,
	1048578,
	1048577,
	'');
INSERT INTO SM_SEME
	VALUES (1048598,
	1048577,
	1048578,
	1048577);
INSERT INTO SM_SEME
	VALUES (1048598,
	1048578,
	1048578,
	1048577);
INSERT INTO SM_EIGN
	VALUES (1048598,
	1048579,
	1048578,
	1048577,
	'');
INSERT INTO SM_SEME
	VALUES (1048598,
	1048579,
	1048578,
	1048577);
INSERT INTO SM_EIGN
	VALUES (1048598,
	1048580,
	1048578,
	1048577,
	'');
INSERT INTO SM_SEME
	VALUES (1048598,
	1048580,
	1048578,
	1048577);
INSERT INTO SM_EIGN
	VALUES (1048598,
	1048581,
	1048578,
	1048577,
	'');
INSERT INTO SM_SEME
	VALUES (1048598,
	1048581,
	1048578,
	1048577);
INSERT INTO SM_EIGN
	VALUES (1048598,
	1048582,
	1048578,
	1048577,
	'');
INSERT INTO SM_SEME
	VALUES (1048598,
	1048582,
	1048578,
	1048577);
INSERT INTO SM_EIGN
	VALUES (1048598,
	1048583,
	1048578,
	1048577,
	'');
INSERT INTO SM_SEME
	VALUES (1048598,
	1048583,
	1048578,
	1048577);
INSERT INTO SM_EIGN
	VALUES (1048598,
	1048584,
	1048578,
	1048577,
	'');
INSERT INTO SM_SEME
	VALUES (1048598,
	1048584,
	1048578,
	1048577);
INSERT INTO SM_EIGN
	VALUES (1048598,
	1048585,
	1048578,
	1048577,
	'');
INSERT INTO SM_SEME
	VALUES (1048598,
	1048585,
	1048578,
	1048577);
INSERT INTO SM_STATE
	VALUES (1048599,
	1048578,
	1048577,
	'Second Supdata Event to EE Received',
	23,
	0);
INSERT INTO SM_EIGN
	VALUES (1048599,
	1048577,
	1048578,
	1048577,
	'');
INSERT INTO SM_SEME
	VALUES (1048599,
	1048577,
	1048578,
	1048577);
INSERT INTO SM_SEME
	VALUES (1048599,
	1048578,
	1048578,
	1048577);
INSERT INTO SM_EIGN
	VALUES (1048599,
	1048579,
	1048578,
	1048577,
	'');
INSERT INTO SM_SEME
	VALUES (1048599,
	1048579,
	1048578,
	1048577);
INSERT INTO SM_EIGN
	VALUES (1048599,
	1048580,
	1048578,
	1048577,
	'');
INSERT INTO SM_SEME
	VALUES (1048599,
	1048580,
	1048578,
	1048577);
INSERT INTO SM_EIGN
	VALUES (1048599,
	1048581,
	1048578,
	1048577,
	'');
INSERT INTO SM_SEME
	VALUES (1048599,
	1048581,
	1048578,
	1048577);
INSERT INTO SM_EIGN
	VALUES (1048599,
	1048582,
	1048578,
	1048577,
	'');
INSERT INTO SM_SEME
	VALUES (1048599,
	1048582,
	1048578,
	1048577);
INSERT INTO SM_EIGN
	VALUES (1048599,
	1048583,
	1048578,
	1048577,
	'');
INSERT INTO SM_SEME
	VALUES (1048599,
	1048583,
	1048578,
	1048577);
INSERT INTO SM_EIGN
	VALUES (1048599,
	1048584,
	1048578,
	1048577,
	'');
INSERT INTO SM_SEME
	VALUES (1048599,
	1048584,
	1048578,
	1048577);
INSERT INTO SM_EIGN
	VALUES (1048599,
	1048585,
	1048578,
	1048577,
	'');
INSERT INTO SM_SEME
	VALUES (1048599,
	1048585,
	1048578,
	1048577);
INSERT INTO SM_STATE
	VALUES (1048600,
	1048578,
	1048577,
	'Second Supdata Event to Assigner Received',
	24,
	0);
INSERT INTO SM_EIGN
	VALUES (1048600,
	1048577,
	1048578,
	1048577,
	'');
INSERT INTO SM_SEME
	VALUES (1048600,
	1048577,
	1048578,
	1048577);
INSERT INTO SM_SEME
	VALUES (1048600,
	1048578,
	1048578,
	1048577);
INSERT INTO SM_EIGN
	VALUES (1048600,
	1048579,
	1048578,
	1048577,
	'');
INSERT INTO SM_SEME
	VALUES (1048600,
	1048579,
	1048578,
	1048577);
INSERT INTO SM_EIGN
	VALUES (1048600,
	1048580,
	1048578,
	1048577,
	'');
INSERT INTO SM_SEME
	VALUES (1048600,
	1048580,
	1048578,
	1048577);
INSERT INTO SM_EIGN
	VALUES (1048600,
	1048581,
	1048578,
	1048577,
	'');
INSERT INTO SM_SEME
	VALUES (1048600,
	1048581,
	1048578,
	1048577);
INSERT INTO SM_EIGN
	VALUES (1048600,
	1048582,
	1048578,
	1048577,
	'');
INSERT INTO SM_SEME
	VALUES (1048600,
	1048582,
	1048578,
	1048577);
INSERT INTO SM_EIGN
	VALUES (1048600,
	1048583,
	1048578,
	1048577,
	'');
INSERT INTO SM_SEME
	VALUES (1048600,
	1048583,
	1048578,
	1048577);
INSERT INTO SM_EIGN
	VALUES (1048600,
	1048584,
	1048578,
	1048577,
	'');
INSERT INTO SM_SEME
	VALUES (1048600,
	1048584,
	1048578,
	1048577);
INSERT INTO SM_EIGN
	VALUES (1048600,
	1048585,
	1048578,
	1048577,
	'');
INSERT INTO SM_SEME
	VALUES (1048600,
	1048585,
	1048578,
	1048577);
INSERT INTO SM_STATE
	VALUES (1048601,
	1048578,
	1048577,
	'Second Supdata Event to Creator Received',
	25,
	0);
INSERT INTO SM_EIGN
	VALUES (1048601,
	1048577,
	1048578,
	1048577,
	'');
INSERT INTO SM_SEME
	VALUES (1048601,
	1048577,
	1048578,
	1048577);
INSERT INTO SM_SEME
	VALUES (1048601,
	1048578,
	1048578,
	1048577);
INSERT INTO SM_EIGN
	VALUES (1048601,
	1048579,
	1048578,
	1048577,
	'');
INSERT INTO SM_SEME
	VALUES (1048601,
	1048579,
	1048578,
	1048577);
INSERT INTO SM_EIGN
	VALUES (1048601,
	1048580,
	1048578,
	1048577,
	'');
INSERT INTO SM_SEME
	VALUES (1048601,
	1048580,
	1048578,
	1048577);
INSERT INTO SM_EIGN
	VALUES (1048601,
	1048581,
	1048578,
	1048577,
	'');
INSERT INTO SM_SEME
	VALUES (1048601,
	1048581,
	1048578,
	1048577);
INSERT INTO SM_EIGN
	VALUES (1048601,
	1048582,
	1048578,
	1048577,
	'');
INSERT INTO SM_SEME
	VALUES (1048601,
	1048582,
	1048578,
	1048577);
INSERT INTO SM_EIGN
	VALUES (1048601,
	1048583,
	1048578,
	1048577,
	'');
INSERT INTO SM_SEME
	VALUES (1048601,
	1048583,
	1048578,
	1048577);
INSERT INTO SM_EIGN
	VALUES (1048601,
	1048584,
	1048578,
	1048577,
	'');
INSERT INTO SM_SEME
	VALUES (1048601,
	1048584,
	1048578,
	1048577);
INSERT INTO SM_EIGN
	VALUES (1048601,
	1048585,
	1048578,
	1048577,
	'');
INSERT INTO SM_SEME
	VALUES (1048601,
	1048585,
	1048578,
	1048577);
INSERT INTO SM_STATE
	VALUES (1048602,
	1048578,
	1048577,
	'Start Test and Wait for EE to Initialize',
	1,
	0);
INSERT INTO SM_SEME
	VALUES (1048602,
	1048577,
	1048578,
	1048577);
INSERT INTO SM_SEME
	VALUES (1048602,
	1048578,
	1048578,
	1048577);
INSERT INTO SM_EIGN
	VALUES (1048602,
	1048579,
	1048578,
	1048577,
	'');
INSERT INTO SM_SEME
	VALUES (1048602,
	1048579,
	1048578,
	1048577);
INSERT INTO SM_EIGN
	VALUES (1048602,
	1048580,
	1048578,
	1048577,
	'');
INSERT INTO SM_SEME
	VALUES (1048602,
	1048580,
	1048578,
	1048577);
INSERT INTO SM_EIGN
	VALUES (1048602,
	1048581,
	1048578,
	1048577,
	'');
INSERT INTO SM_SEME
	VALUES (1048602,
	1048581,
	1048578,
	1048577);
INSERT INTO SM_EIGN
	VALUES (1048602,
	1048582,
	1048578,
	1048577,
	'');
INSERT INTO SM_SEME
	VALUES (1048602,
	1048582,
	1048578,
	1048577);
INSERT INTO SM_EIGN
	VALUES (1048602,
	1048583,
	1048578,
	1048577,
	'');
INSERT INTO SM_SEME
	VALUES (1048602,
	1048583,
	1048578,
	1048577);
INSERT INTO SM_EIGN
	VALUES (1048602,
	1048584,
	1048578,
	1048577,
	'');
INSERT INTO SM_SEME
	VALUES (1048602,
	1048584,
	1048578,
	1048577);
INSERT INTO SM_EIGN
	VALUES (1048602,
	1048585,
	1048578,
	1048577,
	'');
INSERT INTO SM_SEME
	VALUES (1048602,
	1048585,
	1048578,
	1048577);
INSERT INTO SM_NSTXN
	VALUES (1048577,
	1048578,
	1048577,
	1048579,
	1048577);
INSERT INTO SM_TXN
	VALUES (1048577,
	1048578,
	1048581,
	1048577);
INSERT INTO SM_NSTXN
	VALUES (1048578,
	1048578,
	1048577,
	1048580,
	1048577);
INSERT INTO SM_TXN
	VALUES (1048578,
	1048578,
	1048582,
	1048577);
INSERT INTO SM_NSTXN
	VALUES (1048579,
	1048578,
	1048582,
	1048578,
	1048577);
INSERT INTO SM_TXN
	VALUES (1048579,
	1048578,
	1048578,
	1048577);
INSERT INTO SM_NSTXN
	VALUES (1048580,
	1048578,
	1048583,
	1048578,
	1048577);
INSERT INTO SM_TXN
	VALUES (1048580,
	1048578,
	1048579,
	1048577);
INSERT INTO SM_NSTXN
	VALUES (1048581,
	1048578,
	1048585,
	1048578,
	1048577);
INSERT INTO SM_TXN
	VALUES (1048581,
	1048578,
	1048580,
	1048577);
INSERT INTO SM_NSTXN
	VALUES (1048582,
	1048578,
	1048578,
	1048579,
	1048577);
INSERT INTO SM_TXN
	VALUES (1048582,
	1048578,
	1048584,
	1048577);
INSERT INTO SM_NSTXN
	VALUES (1048583,
	1048578,
	1048579,
	1048579,
	1048577);
INSERT INTO SM_TXN
	VALUES (1048583,
	1048578,
	1048586,
	1048577);
INSERT INTO SM_NSTXN
	VALUES (1048584,
	1048578,
	1048578,
	1048581,
	1048577);
INSERT INTO SM_TXN
	VALUES (1048584,
	1048578,
	1048583,
	1048577);
INSERT INTO SM_NSTXN
	VALUES (1048585,
	1048578,
	1048579,
	1048582,
	1048577);
INSERT INTO SM_TXN
	VALUES (1048585,
	1048578,
	1048585,
	1048577);
INSERT INTO SM_NSTXN
	VALUES (1048586,
	1048578,
	1048580,
	1048583,
	1048577);
INSERT INTO SM_TXN
	VALUES (1048586,
	1048578,
	1048588,
	1048577);
INSERT INTO SM_NSTXN
	VALUES (1048587,
	1048578,
	1048580,
	1048579,
	1048577);
INSERT INTO SM_TXN
	VALUES (1048587,
	1048578,
	1048589,
	1048577);
INSERT INTO SM_NSTXN
	VALUES (1048588,
	1048578,
	1048590,
	1048579,
	1048577);
INSERT INTO SM_TXN
	VALUES (1048588,
	1048578,
	1048592,
	1048577);
INSERT INTO SM_NSTXN
	VALUES (1048589,
	1048578,
	1048590,
	1048584,
	1048577);
INSERT INTO SM_TXN
	VALUES (1048589,
	1048578,
	1048591,
	1048577);
INSERT INTO SM_NSTXN
	VALUES (1048590,
	1048578,
	1048588,
	1048578,
	1048577);
INSERT INTO SM_TXN
	VALUES (1048590,
	1048578,
	1048590,
	1048577);
INSERT INTO SM_NSTXN
	VALUES (1048591,
	1048578,
	1048593,
	1048579,
	1048577);
INSERT INTO SM_TXN
	VALUES (1048591,
	1048578,
	1048595,
	1048577);
INSERT INTO SM_NSTXN
	VALUES (1048592,
	1048578,
	1048597,
	1048578,
	1048577);
INSERT INTO SM_TXN
	VALUES (1048592,
	1048578,
	1048579,
	1048577);
INSERT INTO SM_NSTXN
	VALUES (1048593,
	1048578,
	1048596,
	1048578,
	1048577);
INSERT INTO SM_TXN
	VALUES (1048593,
	1048578,
	1048578,
	1048577);
INSERT INTO SM_NSTXN
	VALUES (1048594,
	1048578,
	1048598,
	1048578,
	1048577);
INSERT INTO SM_TXN
	VALUES (1048594,
	1048578,
	1048580,
	1048577);
INSERT INTO SM_NSTXN
	VALUES (1048595,
	1048578,
	1048594,
	1048578,
	1048577);
INSERT INTO SM_TXN
	VALUES (1048595,
	1048578,
	1048587,
	1048577);
INSERT INTO SM_NSTXN
	VALUES (1048596,
	1048578,
	1048601,
	1048578,
	1048577);
INSERT INTO SM_TXN
	VALUES (1048596,
	1048578,
	1048587,
	1048577);
INSERT INTO SM_NSTXN
	VALUES (1048597,
	1048578,
	1048599,
	1048578,
	1048577);
INSERT INTO SM_TXN
	VALUES (1048597,
	1048578,
	1048590,
	1048577);
INSERT INTO SM_NSTXN
	VALUES (1048598,
	1048578,
	1048600,
	1048578,
	1048577);
INSERT INTO SM_TXN
	VALUES (1048598,
	1048578,
	1048593,
	1048577);
INSERT INTO SM_NSTXN
	VALUES (1048599,
	1048578,
	1048593,
	1048585,
	1048577);
INSERT INTO SM_TXN
	VALUES (1048599,
	1048578,
	1048594,
	1048577);
INSERT INTO SM_NSTXN
	VALUES (1048600,
	1048578,
	1048591,
	1048578,
	1048577);
INSERT INTO SM_TXN
	VALUES (1048600,
	1048578,
	1048593,
	1048577);
INSERT INTO SM_NSTXN
	VALUES (1048601,
	1048578,
	1048581,
	1048580,
	1048577);
INSERT INTO SM_TXN
	VALUES (1048601,
	1048578,
	1048582,
	1048577);
INSERT INTO SM_NSTXN
	VALUES (1048602,
	1048578,
	1048584,
	1048581,
	1048577);
INSERT INTO SM_TXN
	VALUES (1048602,
	1048578,
	1048583,
	1048577);
INSERT INTO SM_NSTXN
	VALUES (1048603,
	1048578,
	1048586,
	1048582,
	1048577);
INSERT INTO SM_TXN
	VALUES (1048603,
	1048578,
	1048585,
	1048577);
INSERT INTO SM_NSTXN
	VALUES (1048604,
	1048578,
	1048589,
	1048583,
	1048577);
INSERT INTO SM_TXN
	VALUES (1048604,
	1048578,
	1048588,
	1048577);
INSERT INTO SM_NSTXN
	VALUES (1048605,
	1048578,
	1048592,
	1048584,
	1048577);
INSERT INTO SM_TXN
	VALUES (1048605,
	1048578,
	1048591,
	1048577);
INSERT INTO SM_NSTXN
	VALUES (1048606,
	1048578,
	1048595,
	1048585,
	1048577);
INSERT INTO SM_TXN
	VALUES (1048606,
	1048578,
	1048594,
	1048577);
INSERT INTO SM_NSTXN
	VALUES (1048607,
	1048578,
	1048581,
	1048579,
	1048577);
INSERT INTO SM_TXN
	VALUES (1048607,
	1048578,
	1048596,
	1048577);
INSERT INTO SM_NSTXN
	VALUES (1048608,
	1048578,
	1048584,
	1048579,
	1048577);
INSERT INTO SM_TXN
	VALUES (1048608,
	1048578,
	1048597,
	1048577);
INSERT INTO SM_NSTXN
	VALUES (1048609,
	1048578,
	1048586,
	1048579,
	1048577);
INSERT INTO SM_TXN
	VALUES (1048609,
	1048578,
	1048598,
	1048577);
INSERT INTO SM_NSTXN
	VALUES (1048610,
	1048578,
	1048589,
	1048579,
	1048577);
INSERT INTO SM_TXN
	VALUES (1048610,
	1048578,
	1048599,
	1048577);
INSERT INTO SM_NSTXN
	VALUES (1048611,
	1048578,
	1048592,
	1048579,
	1048577);
INSERT INTO SM_TXN
	VALUES (1048611,
	1048578,
	1048600,
	1048577);
INSERT INTO SM_NSTXN
	VALUES (1048612,
	1048578,
	1048595,
	1048579,
	1048577);
INSERT INTO SM_TXN
	VALUES (1048612,
	1048578,
	1048601,
	1048577);
INSERT INTO SM_NSTXN
	VALUES (1048613,
	1048578,
	1048602,
	1048577,
	1048577);
INSERT INTO SM_TXN
	VALUES (1048613,
	1048578,
	1048602,
	1048577);
INSERT INTO SM_NSTXN
	VALUES (1048614,
	1048578,
	1048602,
	1048578,
	1048577);
INSERT INTO SM_TXN
	VALUES (1048614,
	1048578,
	1048577,
	1048577);
INSERT INTO SM_MOAH
	VALUES (1048577,
	1048578,
	1048577);
INSERT INTO SM_AH
	VALUES (1048577,
	1048578);
INSERT INTO SM_ACT
	VALUES (1048577,
	1048578,
	1,
	'create object instance of H;

select any ex from instances of EX where selected.exdr_id == 44;

//create event instance evt_to_ee of EE1:''test timer event'' to EE;
create event instance evt_to_ee of EX2:''test timer event'' to ex;
start_success = TIM::timer_start (microseconds:1000, event_inst:evt_to_ee);

//create event instance evt_to_ee of EE1:''test timer event'' to EE;
create event instance evt_to_ee of EX2:''test timer event'' to ex;
start_success = TIM::timer_start (microseconds:2000, event_inst:evt_to_ee);

create event instance test_failed_evt of DR4:''test failed for EE'' to self;
self.test_failed_timer = TIM::timer_start (microseconds:10000000,
					event_inst:test_failed_evt);
',
	'');
INSERT INTO SM_MOAH
	VALUES (1048578,
	1048578,
	1048578);
INSERT INTO SM_AH
	VALUES (1048578,
	1048578);
INSERT INTO SM_ACT
	VALUES (1048578,
	1048578,
	1,
	'create event instance evt_to_asgn of G_A1:''event to assigner'' to G assigner;
start_success = TIM::timer_start (microseconds:1000, event_inst:evt_to_asgn);

create event instance evt_to_asgn of G_A1:''event to assigner'' to G assigner;
start_success = TIM::timer_start (microseconds:2000, event_inst:evt_to_asgn);

create event instance test_failed_evt of DR5:''test failed for Assigner'' to self;
self.test_failed_timer = TIM::timer_start (microseconds:10000000,
					event_inst:test_failed_evt);
',
	'');
INSERT INTO SM_MOAH
	VALUES (1048579,
	1048578,
	1048579);
INSERT INTO SM_AH
	VALUES (1048579,
	1048578);
INSERT INTO SM_ACT
	VALUES (1048579,
	1048578,
	1,
	'create event instance evt_to_ctor of H1:''create new h'' to H creator;
start_success = TIM::timer_start (microseconds:1000, event_inst:evt_to_ctor);

create event instance evt_to_ctor of H1:''create new h'' to H creator;
start_success = TIM::timer_start (microseconds:2000, event_inst:evt_to_ctor);

create event instance test_failed_evt of DR6:''test failed for Creator'' to self;
self.test_failed_timer = TIM::timer_start (microseconds:10000000,
					event_inst:test_failed_evt);
',
	'');
INSERT INTO SM_MOAH
	VALUES (1048580,
	1048578,
	1048580);
INSERT INTO SM_AH
	VALUES (1048580,
	1048578);
INSERT INTO SM_ACT
	VALUES (1048580,
	1048578,
	1,
	'select any ex from instances of EX where selected.exdr_id == 44;

//create event instance sup_evt_to_ee of EE2:''test timer event with supdata'' 
//(b:TRUE, i:12345, r:3.14, s:"Project Technology, Inc.") to EE;
create event instance sup_evt_to_ee of EX3:''test timer event with supdata''(b:TRUE,i:12345,r:3.14,s:"Project Technology, Inc.",
                                 dummy:2.1718) to ex;
start_status = TIM::timer_start (microseconds:1000, event_inst:sup_evt_to_ee);

//create event instance sup_evt_to_ee of EE2:''test timer event with supdata'' //(b:TRUE, i:12345, r:3.14, s:"Project Technology, Inc.") to EE;
create event instance sup_evt_to_ee of EX3:''test timer event with supdata''(b:TRUE,i:12345,r:3.14,s:"Project Technology, Inc.",
                                 dummy:2.1718) to ex;
start_status = TIM::timer_start (microseconds:2000, event_inst:sup_evt_to_ee);

create event instance test_failed_evt of DR7:''test failed for EE supdata'' to self;
self.test_failed_timer = TIM::timer_start (microseconds:10000000,
					event_inst:test_failed_evt);
',
	'');
INSERT INTO SM_MOAH
	VALUES (1048581,
	1048578,
	1048581);
INSERT INTO SM_AH
	VALUES (1048581,
	1048578);
INSERT INTO SM_ACT
	VALUES (1048581,
	1048578,
	1,
	'',
	'');
INSERT INTO SM_MOAH
	VALUES (1048582,
	1048578,
	1048582);
INSERT INTO SM_AH
	VALUES (1048582,
	1048578);
INSERT INTO SM_ACT
	VALUES (1048582,
	1048578,
	1,
	'LOG::LogFailure(message:"Event to EE Failed");
generate DR2:''next test'' to self;
',
	'');
INSERT INTO SM_MOAH
	VALUES (1048583,
	1048578,
	1048583);
INSERT INTO SM_AH
	VALUES (1048583,
	1048578);
INSERT INTO SM_ACT
	VALUES (1048583,
	1048578,
	1,
	'LOG::LogFailure(message:"Event to Assigner Failed");
generate DR2:''next test'' to self;
',
	'');
INSERT INTO SM_MOAH
	VALUES (1048584,
	1048578,
	1048584);
INSERT INTO SM_AH
	VALUES (1048584,
	1048578);
INSERT INTO SM_ACT
	VALUES (1048584,
	1048578,
	1,
	'',
	'');
INSERT INTO SM_MOAH
	VALUES (1048585,
	1048578,
	1048585);
INSERT INTO SM_AH
	VALUES (1048585,
	1048578);
INSERT INTO SM_ACT
	VALUES (1048585,
	1048578,
	1,
	'LOG::LogFailure(message:"Event to Creator Failed");
generate DR2:''next test'' to self;
',
	'');
INSERT INTO SM_MOAH
	VALUES (1048586,
	1048578,
	1048586);
INSERT INTO SM_AH
	VALUES (1048586,
	1048578);
INSERT INTO SM_ACT
	VALUES (1048586,
	1048578,
	1,
	'',
	'');
INSERT INTO SM_MOAH
	VALUES (1048587,
	1048578,
	1048587);
INSERT INTO SM_AH
	VALUES (1048587,
	1048578);
INSERT INTO SM_ACT
	VALUES (1048587,
	1048578,
	1,
	'LOG::LogInfo(message:"test complete");
bridge ARCH::shutdown();',
	'');
INSERT INTO SM_MOAH
	VALUES (1048588,
	1048578,
	1048588);
INSERT INTO SM_AH
	VALUES (1048588,
	1048578);
INSERT INTO SM_ACT
	VALUES (1048588,
	1048578,
	1,
	'LOG::LogFailure(message:"Supdata Event to EE Failed");
generate DR2:''next test'' to self;',
	'');
INSERT INTO SM_MOAH
	VALUES (1048589,
	1048578,
	1048589);
INSERT INTO SM_AH
	VALUES (1048589,
	1048578);
INSERT INTO SM_ACT
	VALUES (1048589,
	1048578,
	1,
	'',
	'');
INSERT INTO SM_MOAH
	VALUES (1048590,
	1048578,
	1048590);
INSERT INTO SM_AH
	VALUES (1048590,
	1048578);
INSERT INTO SM_ACT
	VALUES (1048590,
	1048578,
	1,
	'create event instance sup_evt_to_ass of G_A2:''supdata event to assigner'' 
		(b:TRUE, i:12345, r:3.14, s:"Project Technology, Inc.",
                                 dummy:2.1718) to G assigner;
start_success = TIM::timer_start (microseconds:1000, event_inst:sup_evt_to_ass);

create event instance sup_evt_to_ass of G_A2:''supdata event to assigner'' 
		(b:TRUE, i:12345, r:3.14, s:"Project Technology, Inc.",
                                 dummy:2.1718) to G assigner;
start_success = TIM::timer_start (microseconds:2000, event_inst:sup_evt_to_ass);

create event instance test_failed_evt of DR8: ''test failed for assigner supdata'' to self;
self.test_failed_timer = TIM::timer_start (microseconds:10000000,
					 	event_inst:test_failed_evt);
',
	'');
INSERT INTO SM_MOAH
	VALUES (1048591,
	1048578,
	1048591);
INSERT INTO SM_AH
	VALUES (1048591,
	1048578);
INSERT INTO SM_ACT
	VALUES (1048591,
	1048578,
	1,
	'LOG::LogFailure(message:"Supdata Event to Assigner Failed");
generate DR2:''next test'' to self;',
	'');
INSERT INTO SM_MOAH
	VALUES (1048592,
	1048578,
	1048592);
INSERT INTO SM_AH
	VALUES (1048592,
	1048578);
INSERT INTO SM_ACT
	VALUES (1048592,
	1048578,
	1,
	'',
	'');
INSERT INTO SM_MOAH
	VALUES (1048593,
	1048578,
	1048593);
INSERT INTO SM_AH
	VALUES (1048593,
	1048578);
INSERT INTO SM_ACT
	VALUES (1048593,
	1048578,
	1,
	'create event instance sup_evt_to_ctor of H2:''create new h with supdata'' 
	(b:TRUE, i:12345, r:3.14, s:"Project Technology, Inc.") to H creator;
start_success = TIM::timer_start (microseconds:2000, event_inst:sup_evt_to_ctor);

create event instance sup_evt_to_ctor of H2:''create new h with supdata'' 
 	(b:TRUE, i:12345, r:3.14, s:"Project Technology, Inc.") to H creator;
start_success = TIM::timer_start (microseconds:2000, event_inst:sup_evt_to_ctor);

create event instance test_failed_evt of DR9:''test failed for creation supdata'' to self;
self.test_failed_timer = TIM::timer_start (microseconds:10000000,
					event_inst:test_failed_evt);',
	'');
INSERT INTO SM_MOAH
	VALUES (1048594,
	1048578,
	1048594);
INSERT INTO SM_AH
	VALUES (1048594,
	1048578);
INSERT INTO SM_ACT
	VALUES (1048594,
	1048578,
	1,
	'LOG::LogFailure(message:"Supdaa Event to Creator Failed");
generate DR2:''next test'' to self;',
	'');
INSERT INTO SM_MOAH
	VALUES (1048595,
	1048578,
	1048595);
INSERT INTO SM_AH
	VALUES (1048595,
	1048578);
INSERT INTO SM_ACT
	VALUES (1048595,
	1048578,
	1,
	'',
	'');
INSERT INTO SM_MOAH
	VALUES (1048596,
	1048578,
	1048596);
INSERT INTO SM_AH
	VALUES (1048596,
	1048578);
INSERT INTO SM_ACT
	VALUES (1048596,
	1048578,
	1,
	'// Cancel ''test failed'' timer.
cancel_success = TIM::timer_cancel (timer_inst_ref:self.test_failed_timer);
LOG::LogSuccess(message:"Second Event to EE Received");
generate DR2:''next test'' to self;
',
	'');
INSERT INTO SM_MOAH
	VALUES (1048597,
	1048578,
	1048597);
INSERT INTO SM_AH
	VALUES (1048597,
	1048578);
INSERT INTO SM_ACT
	VALUES (1048597,
	1048578,
	1,
	'// Cancel ''test failed'' timer.
cancel_success = TIM::timer_cancel (timer_inst_ref:self.test_failed_timer);
LOG::LogSuccess(message:"Second Event to Assigner Received");
generate DR2:''next test'' to self;',
	'');
INSERT INTO SM_MOAH
	VALUES (1048598,
	1048578,
	1048598);
INSERT INTO SM_AH
	VALUES (1048598,
	1048578);
INSERT INTO SM_ACT
	VALUES (1048598,
	1048578,
	1,
	'// Cancel ''test failed'' timer.
cancel_success = TIM::timer_cancel (timer_inst_ref:self.test_failed_timer);
LOG::LogSuccess(message:"Second Event to Creator Received");
generate DR2:''next test'' to self;
',
	'');
INSERT INTO SM_MOAH
	VALUES (1048599,
	1048578,
	1048599);
INSERT INTO SM_AH
	VALUES (1048599,
	1048578);
INSERT INTO SM_ACT
	VALUES (1048599,
	1048578,
	1,
	'// Cancel ''test failed'' timer.
cancel_success = TIM::timer_cancel (timer_inst_ref:self.test_failed_timer);
LOG::LogSuccess(message:"Second Supdata Event to EE Received");
generate DR2:''next test'' to self;
',
	'');
INSERT INTO SM_MOAH
	VALUES (1048600,
	1048578,
	1048600);
INSERT INTO SM_AH
	VALUES (1048600,
	1048578);
INSERT INTO SM_ACT
	VALUES (1048600,
	1048578,
	1,
	'// Cancel ''test failed'' timer.
cancel_success = TIM::timer_cancel (timer_inst_ref:self.test_failed_timer);
LOG::LogSuccess(message:"Second Supdata Event to Assigner Received");
generate DR2:''next test'' to self;',
	'');
INSERT INTO SM_MOAH
	VALUES (1048601,
	1048578,
	1048601);
INSERT INTO SM_AH
	VALUES (1048601,
	1048578);
INSERT INTO SM_ACT
	VALUES (1048601,
	1048578,
	1,
	'// Cancel ''test failed'' timer.
cancel_success = TIM::timer_cancel (timer_inst_ref:self.test_failed_timer);
LOG::LogSuccess(message:"Second Supdata Event to Creator Received");
generate DR2:''next test'' to self;',
	'');
INSERT INTO SM_MOAH
	VALUES (1048602,
	1048578,
	1048602);
INSERT INTO SM_AH
	VALUES (1048602,
	1048578);
INSERT INTO SM_ACT
	VALUES (1048602,
	1048578,
	1,
	'',
	'');
INSERT INTO GD_MD
	VALUES (1048577,
	8,
	1048578,
	40,
	1,
	0,
	1,
	1,
	0,
	12,
	1600,
	4200,
	1.000000,
	0);
INSERT INTO GD_GE
	VALUES (1048578,
	1048577,
	1048577,
	41);
INSERT INTO GD_SHP
	VALUES (1048578,
	1728,
	1248,
	1888,
	1344);
INSERT INTO GD_GE
	VALUES (1048579,
	1048577,
	1048578,
	41);
INSERT INTO GD_SHP
	VALUES (1048579,
	1728,
	1392,
	1888,
	1488);
INSERT INTO GD_GE
	VALUES (1048580,
	1048577,
	1048579,
	41);
INSERT INTO GD_SHP
	VALUES (1048580,
	1728,
	1536,
	1888,
	1632);
INSERT INTO GD_GE
	VALUES (1048581,
	1048577,
	1048580,
	41);
INSERT INTO GD_SHP
	VALUES (1048581,
	1728,
	1680,
	1888,
	1776);
INSERT INTO GD_GE
	VALUES (1048582,
	1048577,
	1048581,
	41);
INSERT INTO GD_SHP
	VALUES (1048582,
	2256,
	1280,
	2416,
	1344);
INSERT INTO GD_GE
	VALUES (1048583,
	1048577,
	1048582,
	41);
INSERT INTO GD_SHP
	VALUES (1048583,
	2032,
	1280,
	2192,
	1344);
INSERT INTO GD_GE
	VALUES (1048584,
	1048577,
	1048583,
	41);
INSERT INTO GD_SHP
	VALUES (1048584,
	2032,
	1424,
	2192,
	1488);
INSERT INTO GD_GE
	VALUES (1048585,
	1048577,
	1048584,
	41);
INSERT INTO GD_SHP
	VALUES (1048585,
	2256,
	1424,
	2416,
	1488);
INSERT INTO GD_GE
	VALUES (1048586,
	1048577,
	1048585,
	41);
INSERT INTO GD_SHP
	VALUES (1048586,
	2032,
	1568,
	2192,
	1632);
INSERT INTO GD_GE
	VALUES (1048587,
	1048577,
	1048586,
	41);
INSERT INTO GD_SHP
	VALUES (1048587,
	2256,
	1568,
	2416,
	1632);
INSERT INTO GD_GE
	VALUES (1048588,
	1048577,
	1048587,
	41);
INSERT INTO GD_SHP
	VALUES (1048588,
	2256,
	2112,
	2464,
	2256);
INSERT INTO GD_GE
	VALUES (1048589,
	1048577,
	1048588,
	41);
INSERT INTO GD_SHP
	VALUES (1048589,
	2032,
	1712,
	2192,
	1776);
INSERT INTO GD_GE
	VALUES (1048590,
	1048577,
	1048589,
	41);
INSERT INTO GD_SHP
	VALUES (1048590,
	2256,
	1712,
	2416,
	1776);
INSERT INTO GD_GE
	VALUES (1048591,
	1048577,
	1048590,
	41);
INSERT INTO GD_SHP
	VALUES (1048591,
	1728,
	1824,
	1888,
	1920);
INSERT INTO GD_GE
	VALUES (1048592,
	1048577,
	1048591,
	41);
INSERT INTO GD_SHP
	VALUES (1048592,
	2032,
	1856,
	2192,
	1920);
INSERT INTO GD_GE
	VALUES (1048593,
	1048577,
	1048592,
	41);
INSERT INTO GD_SHP
	VALUES (1048593,
	2256,
	1856,
	2416,
	1920);
INSERT INTO GD_GE
	VALUES (1048594,
	1048577,
	1048593,
	41);
INSERT INTO GD_SHP
	VALUES (1048594,
	1728,
	1968,
	1888,
	2064);
INSERT INTO GD_GE
	VALUES (1048595,
	1048577,
	1048594,
	41);
INSERT INTO GD_SHP
	VALUES (1048595,
	2032,
	2000,
	2192,
	2064);
INSERT INTO GD_GE
	VALUES (1048596,
	1048577,
	1048595,
	41);
INSERT INTO GD_SHP
	VALUES (1048596,
	2256,
	2000,
	2416,
	2064);
INSERT INTO GD_GE
	VALUES (1048597,
	1048577,
	1048596,
	41);
INSERT INTO GD_SHP
	VALUES (1048597,
	2480,
	1280,
	2640,
	1344);
INSERT INTO GD_GE
	VALUES (1048598,
	1048577,
	1048597,
	41);
INSERT INTO GD_SHP
	VALUES (1048598,
	2480,
	1424,
	2640,
	1488);
INSERT INTO GD_GE
	VALUES (1048599,
	1048577,
	1048598,
	41);
INSERT INTO GD_SHP
	VALUES (1048599,
	2480,
	1568,
	2640,
	1632);
INSERT INTO GD_GE
	VALUES (1048600,
	1048577,
	1048599,
	41);
INSERT INTO GD_SHP
	VALUES (1048600,
	2480,
	1712,
	2640,
	1776);
INSERT INTO GD_GE
	VALUES (1048601,
	1048577,
	1048600,
	41);
INSERT INTO GD_SHP
	VALUES (1048601,
	2480,
	1856,
	2640,
	1920);
INSERT INTO GD_GE
	VALUES (1048602,
	1048577,
	1048601,
	41);
INSERT INTO GD_SHP
	VALUES (1048602,
	2480,
	2000,
	2640,
	2064);
INSERT INTO GD_GE
	VALUES (1048603,
	1048577,
	1048602,
	41);
INSERT INTO GD_SHP
	VALUES (1048603,
	1568,
	1104,
	1728,
	1200);
INSERT INTO GD_GE
	VALUES (1048604,
	1048577,
	1048578,
	42);
INSERT INTO GD_CON
	VALUES (1048604,
	1048578,
	1048583,
	0);
INSERT INTO GD_CTXT
	VALUES (1048604,
	0,
	0,
	0,
	0,
	0,
	0,
	1891,
	1300,
	2026,
	1335,
	-44,
	29,
	0,
	0,
	0,
	0,
	0,
	0);
INSERT INTO GD_LS
	VALUES (1048605,
	1048604,
	1888,
	1296,
	2032,
	1296,
	0);
INSERT INTO GD_GE
	VALUES (1048606,
	1048577,
	1048577,
	42);
INSERT INTO GD_CON
	VALUES (1048606,
	1048578,
	1048582,
	0);
INSERT INTO GD_CTXT
	VALUES (1048606,
	0,
	0,
	0,
	0,
	0,
	0,
	2159,
	1246,
	2277,
	1278,
	95,
	7,
	0,
	0,
	0,
	0,
	0,
	0);
INSERT INTO GD_LS
	VALUES (1048607,
	1048606,
	1888,
	1264,
	2256,
	1264,
	0);
INSERT INTO GD_LS
	VALUES (1048608,
	1048606,
	2256,
	1264,
	2288,
	1280,
	1048607);
INSERT INTO GD_GE
	VALUES (1048609,
	1048577,
	1048579,
	42);
INSERT INTO GD_CON
	VALUES (1048609,
	1048583,
	1048579,
	0);
INSERT INTO GD_CTXT
	VALUES (1048609,
	0,
	0,
	0,
	0,
	0,
	0,
	1901,
	1339,
	1999,
	1372,
	-10,
	4,
	0,
	0,
	0,
	0,
	0,
	0);
INSERT INTO GD_LS
	VALUES (1048610,
	1048609,
	2112,
	1344,
	2112,
	1360,
	0);
INSERT INTO GD_LS
	VALUES (1048611,
	1048609,
	2112,
	1360,
	1776,
	1360,
	1048610);
INSERT INTO GD_LS
	VALUES (1048612,
	1048609,
	1776,
	1360,
	1776,
	1392,
	1048611);
INSERT INTO GD_GE
	VALUES (1048613,
	1048577,
	1048582,
	42);
INSERT INTO GD_CON
	VALUES (1048613,
	1048579,
	1048585,
	0);
INSERT INTO GD_CTXT
	VALUES (1048613,
	0,
	0,
	0,
	0,
	0,
	0,
	2156,
	1386,
	2279,
	1425,
	92,
	3,
	0,
	0,
	0,
	0,
	0,
	0);
INSERT INTO GD_LS
	VALUES (1048614,
	1048613,
	1888,
	1408,
	2256,
	1408,
	0);
INSERT INTO GD_LS
	VALUES (1048615,
	1048613,
	2256,
	1408,
	2288,
	1424,
	1048614);
INSERT INTO GD_GE
	VALUES (1048616,
	1048577,
	1048584,
	42);
INSERT INTO GD_CON
	VALUES (1048616,
	1048579,
	1048584,
	0);
INSERT INTO GD_CTXT
	VALUES (1048616,
	0,
	0,
	0,
	0,
	0,
	0,
	1892,
	1473,
	2030,
	1514,
	-44,
	31,
	0,
	0,
	0,
	0,
	0,
	0);
INSERT INTO GD_LS
	VALUES (1048617,
	1048616,
	1888,
	1440,
	2032,
	1440,
	0);
INSERT INTO GD_GE
	VALUES (1048618,
	1048577,
	1048580,
	42);
INSERT INTO GD_CON
	VALUES (1048618,
	1048584,
	1048580,
	0);
INSERT INTO GD_CTXT
	VALUES (1048618,
	0,
	0,
	0,
	0,
	0,
	0,
	1901,
	1483,
	1998,
	1518,
	-10,
	4,
	0,
	0,
	0,
	0,
	0,
	0);
INSERT INTO GD_LS
	VALUES (1048619,
	1048618,
	2112,
	1488,
	2112,
	1504,
	0);
INSERT INTO GD_LS
	VALUES (1048620,
	1048618,
	2112,
	1504,
	1776,
	1504,
	1048619);
INSERT INTO GD_LS
	VALUES (1048621,
	1048618,
	1776,
	1504,
	1776,
	1536,
	1048620);
INSERT INTO GD_GE
	VALUES (1048622,
	1048577,
	1048585,
	42);
INSERT INTO GD_CON
	VALUES (1048622,
	1048580,
	1048586,
	0);
INSERT INTO GD_CTXT
	VALUES (1048622,
	0,
	0,
	0,
	0,
	0,
	0,
	1891,
	1614,
	2031,
	1656,
	-45,
	28,
	0,
	0,
	0,
	0,
	0,
	0);
INSERT INTO GD_LS
	VALUES (1048623,
	1048622,
	1888,
	1584,
	2032,
	1584,
	0);
INSERT INTO GD_GE
	VALUES (1048624,
	1048577,
	1048583,
	42);
INSERT INTO GD_CON
	VALUES (1048624,
	1048580,
	1048587,
	0);
INSERT INTO GD_CTXT
	VALUES (1048624,
	0,
	0,
	0,
	0,
	0,
	0,
	2138,
	1531,
	2272,
	1567,
	74,
	4,
	0,
	0,
	0,
	0,
	0,
	0);
INSERT INTO GD_LS
	VALUES (1048625,
	1048624,
	1888,
	1552,
	2256,
	1552,
	0);
INSERT INTO GD_LS
	VALUES (1048626,
	1048624,
	2256,
	1552,
	2288,
	1568,
	1048625);
INSERT INTO GD_GE
	VALUES (1048627,
	1048577,
	1048581,
	42);
INSERT INTO GD_CON
	VALUES (1048627,
	1048586,
	1048581,
	0);
INSERT INTO GD_CTXT
	VALUES (1048627,
	0,
	0,
	0,
	0,
	0,
	0,
	1892,
	1626,
	2021,
	1665,
	-19,
	3,
	0,
	0,
	0,
	0,
	0,
	0);
INSERT INTO GD_LS
	VALUES (1048628,
	1048627,
	2112,
	1632,
	2112,
	1648,
	0);
INSERT INTO GD_LS
	VALUES (1048629,
	1048627,
	2112,
	1648,
	1776,
	1648,
	1048628);
INSERT INTO GD_LS
	VALUES (1048630,
	1048627,
	1776,
	1648,
	1776,
	1680,
	1048629);
INSERT INTO GD_GE
	VALUES (1048631,
	1048577,
	1048586,
	42);
INSERT INTO GD_CON
	VALUES (1048631,
	1048581,
	1048589,
	0);
INSERT INTO GD_CTXT
	VALUES (1048631,
	0,
	0,
	0,
	0,
	0,
	0,
	1894,
	1725,
	2028,
	1765,
	-42,
	29,
	0,
	0,
	0,
	0,
	0,
	0);
INSERT INTO GD_LS
	VALUES (1048632,
	1048631,
	1888,
	1728,
	2032,
	1728,
	0);
INSERT INTO GD_GE
	VALUES (1048633,
	1048577,
	1048587,
	42);
INSERT INTO GD_CON
	VALUES (1048633,
	1048581,
	1048590,
	0);
INSERT INTO GD_CTXT
	VALUES (1048633,
	0,
	0,
	0,
	0,
	0,
	0,
	2141,
	1674,
	2272,
	1706,
	77,
	3,
	0,
	0,
	0,
	0,
	0,
	0);
INSERT INTO GD_LS
	VALUES (1048634,
	1048633,
	1888,
	1696,
	2256,
	1696,
	0);
INSERT INTO GD_LS
	VALUES (1048635,
	1048633,
	2256,
	1696,
	2288,
	1712,
	1048634);
INSERT INTO GD_GE
	VALUES (1048636,
	1048577,
	1048589,
	42);
INSERT INTO GD_CON
	VALUES (1048636,
	1048591,
	1048592,
	0);
INSERT INTO GD_CTXT
	VALUES (1048636,
	0,
	0,
	0,
	0,
	0,
	0,
	1891,
	1886,
	2033,
	1929,
	-45,
	30,
	0,
	0,
	0,
	0,
	0,
	0);
INSERT INTO GD_LS
	VALUES (1048637,
	1048636,
	1888,
	1872,
	2032,
	1872,
	0);
INSERT INTO GD_GE
	VALUES (1048638,
	1048577,
	1048588,
	42);
INSERT INTO GD_CON
	VALUES (1048638,
	1048591,
	1048593,
	0);
INSERT INTO GD_CTXT
	VALUES (1048638,
	0,
	0,
	0,
	0,
	0,
	0,
	2140,
	1818,
	2277,
	1851,
	76,
	3,
	0,
	0,
	0,
	0,
	0,
	0);
INSERT INTO GD_LS
	VALUES (1048639,
	1048638,
	1888,
	1840,
	2256,
	1840,
	0);
INSERT INTO GD_LS
	VALUES (1048640,
	1048638,
	2256,
	1840,
	2288,
	1856,
	1048639);
INSERT INTO GD_GE
	VALUES (1048641,
	1048577,
	1048590,
	42);
INSERT INTO GD_CON
	VALUES (1048641,
	1048589,
	1048591,
	0);
INSERT INTO GD_CTXT
	VALUES (1048641,
	0,
	0,
	0,
	0,
	0,
	0,
	1890,
	1771,
	2030,
	1807,
	-21,
	4,
	0,
	0,
	0,
	0,
	0,
	0);
INSERT INTO GD_LS
	VALUES (1048642,
	1048641,
	2112,
	1776,
	2112,
	1792,
	0);
INSERT INTO GD_LS
	VALUES (1048643,
	1048641,
	2112,
	1792,
	1776,
	1792,
	1048642);
INSERT INTO GD_LS
	VALUES (1048644,
	1048641,
	1776,
	1792,
	1776,
	1824,
	1048643);
INSERT INTO GD_GE
	VALUES (1048645,
	1048577,
	1048599,
	42);
INSERT INTO GD_CON
	VALUES (1048645,
	1048594,
	1048595,
	0);
INSERT INTO GD_CTXT
	VALUES (1048645,
	0,
	0,
	0,
	0,
	0,
	0,
	1891,
	2004,
	2032,
	2046,
	-44,
	-19,
	0,
	0,
	0,
	0,
	0,
	0);
INSERT INTO GD_LS
	VALUES (1048646,
	1048645,
	1888,
	2048,
	2032,
	2048,
	0);
INSERT INTO GD_GE
	VALUES (1048647,
	1048577,
	1048600,
	42);
INSERT INTO GD_CON
	VALUES (1048647,
	1048592,
	1048594,
	0);
INSERT INTO GD_CTXT
	VALUES (1048647,
	0,
	0,
	0,
	0,
	0,
	0,
	1893,
	1915,
	2020,
	1954,
	-18,
	4,
	0,
	0,
	0,
	0,
	0,
	0);
INSERT INTO GD_LS
	VALUES (1048648,
	1048647,
	2112,
	1920,
	2112,
	1936,
	0);
INSERT INTO GD_LS
	VALUES (1048649,
	1048647,
	2112,
	1936,
	1776,
	1936,
	1048648);
INSERT INTO GD_LS
	VALUES (1048650,
	1048647,
	1776,
	1936,
	1776,
	1968,
	1048649);
INSERT INTO GD_GE
	VALUES (1048651,
	1048577,
	1048591,
	42);
INSERT INTO GD_CON
	VALUES (1048651,
	1048594,
	1048596,
	0);
INSERT INTO GD_CTXT
	VALUES (1048651,
	0,
	0,
	0,
	0,
	0,
	0,
	2179,
	1964,
	2315,
	1997,
	89,
	5,
	0,
	0,
	0,
	0,
	0,
	0);
INSERT INTO GD_LS
	VALUES (1048652,
	1048651,
	1888,
	1984,
	2256,
	1984,
	0);
INSERT INTO GD_LS
	VALUES (1048653,
	1048651,
	2256,
	1984,
	2288,
	2000,
	1048652);
INSERT INTO GD_GE
	VALUES (1048654,
	1048577,
	1048596,
	42);
INSERT INTO GD_CON
	VALUES (1048654,
	1048602,
	1048588,
	0);
INSERT INTO GD_CTXT
	VALUES (1048654,
	0,
	0,
	0,
	0,
	0,
	0,
	2423,
	2155,
	2565,
	2189,
	-62,
	29,
	0,
	0,
	0,
	0,
	0,
	0);
INSERT INTO GD_LS
	VALUES (1048655,
	1048654,
	2560,
	2064,
	2496,
	2144,
	0);
INSERT INTO GD_LS
	VALUES (1048656,
	1048654,
	2496,
	2144,
	2464,
	2144,
	1048655);
INSERT INTO GD_GE
	VALUES (1048657,
	1048577,
	1048595,
	42);
INSERT INTO GD_CON
	VALUES (1048657,
	1048595,
	1048588,
	0);
INSERT INTO GD_CTXT
	VALUES (1048657,
	0,
	0,
	0,
	0,
	0,
	0,
	2120,
	2153,
	2247,
	2188,
	-31,
	39,
	0,
	0,
	0,
	0,
	0,
	0);
INSERT INTO GD_LS
	VALUES (1048658,
	1048657,
	2112,
	2064,
	2176,
	2144,
	0);
INSERT INTO GD_LS
	VALUES (1048659,
	1048657,
	2176,
	2144,
	2256,
	2144,
	1048658);
INSERT INTO GD_GE
	VALUES (1048660,
	1048577,
	1048607,
	42);
INSERT INTO GD_CON
	VALUES (1048660,
	1048582,
	1048597,
	0);
INSERT INTO GD_CTXT
	VALUES (1048660,
	0,
	0,
	0,
	0,
	0,
	0,
	2416,
	1269,
	2477,
	1310,
	-7,
	-18,
	0,
	0,
	0,
	0,
	0,
	0);
INSERT INTO GD_LS
	VALUES (1048661,
	1048660,
	2416,
	1312,
	2480,
	1312,
	0);
INSERT INTO GD_GE
	VALUES (1048662,
	1048577,
	1048601,
	42);
INSERT INTO GD_CON
	VALUES (1048662,
	1048582,
	1048583,
	0);
INSERT INTO GD_CTXT
	VALUES (1048662,
	0,
	0,
	0,
	0,
	0,
	0,
	2125,
	1344,
	2398,
	1377,
	-74,
	41,
	0,
	0,
	0,
	0,
	0,
	0);
INSERT INTO GD_LS
	VALUES (1048663,
	1048662,
	2256,
	1328,
	2192,
	1328,
	0);
INSERT INTO GD_GE
	VALUES (1048664,
	1048577,
	1048602,
	42);
INSERT INTO GD_CON
	VALUES (1048664,
	1048585,
	1048584,
	0);
INSERT INTO GD_CTXT
	VALUES (1048664,
	0,
	0,
	0,
	0,
	0,
	0,
	2120,
	1489,
	2401,
	1522,
	-79,
	42,
	0,
	0,
	0,
	0,
	0,
	0);
INSERT INTO GD_LS
	VALUES (1048665,
	1048664,
	2256,
	1472,
	2192,
	1472,
	0);
INSERT INTO GD_GE
	VALUES (1048666,
	1048577,
	1048608,
	42);
INSERT INTO GD_CON
	VALUES (1048666,
	1048585,
	1048598,
	0);
INSERT INTO GD_CTXT
	VALUES (1048666,
	0,
	0,
	0,
	0,
	0,
	0,
	2416,
	1413,
	2479,
	1454,
	-7,
	-18,
	0,
	0,
	0,
	0,
	0,
	0);
INSERT INTO GD_LS
	VALUES (1048667,
	1048666,
	2416,
	1456,
	2480,
	1456,
	0);
INSERT INTO GD_GE
	VALUES (1048668,
	1048577,
	1048603,
	42);
INSERT INTO GD_CON
	VALUES (1048668,
	1048587,
	1048586,
	0);
INSERT INTO GD_CTXT
	VALUES (1048668,
	0,
	0,
	0,
	0,
	0,
	0,
	2122,
	1630,
	2409,
	1660,
	-77,
	39,
	0,
	0,
	0,
	0,
	0,
	0);
INSERT INTO GD_LS
	VALUES (1048669,
	1048668,
	2256,
	1616,
	2192,
	1616,
	0);
INSERT INTO GD_GE
	VALUES (1048670,
	1048577,
	1048609,
	42);
INSERT INTO GD_CON
	VALUES (1048670,
	1048587,
	1048599,
	0);
INSERT INTO GD_CTXT
	VALUES (1048670,
	0,
	0,
	0,
	0,
	0,
	0,
	2416,
	1557,
	2477,
	1598,
	-7,
	-18,
	0,
	0,
	0,
	0,
	0,
	0);
INSERT INTO GD_LS
	VALUES (1048671,
	1048670,
	2416,
	1600,
	2480,
	1600,
	0);
INSERT INTO GD_GE
	VALUES (1048672,
	1048577,
	1048604,
	42);
INSERT INTO GD_CON
	VALUES (1048672,
	1048590,
	1048589,
	0);
INSERT INTO GD_CTXT
	VALUES (1048672,
	0,
	0,
	0,
	0,
	0,
	0,
	2115,
	1773,
	2430,
	1805,
	-84,
	38,
	0,
	0,
	0,
	0,
	0,
	0);
INSERT INTO GD_LS
	VALUES (1048673,
	1048672,
	2256,
	1760,
	2192,
	1760,
	0);
INSERT INTO GD_GE
	VALUES (1048674,
	1048577,
	1048610,
	42);
INSERT INTO GD_CON
	VALUES (1048674,
	1048590,
	1048600,
	0);
INSERT INTO GD_CTXT
	VALUES (1048674,
	0,
	0,
	0,
	0,
	0,
	0,
	2416,
	1696,
	2479,
	1742,
	-7,
	-23,
	0,
	0,
	0,
	0,
	0,
	0);
INSERT INTO GD_LS
	VALUES (1048675,
	1048674,
	2416,
	1744,
	2480,
	1744,
	0);
INSERT INTO GD_GE
	VALUES (1048676,
	1048577,
	1048605,
	42);
INSERT INTO GD_CON
	VALUES (1048676,
	1048593,
	1048592,
	0);
INSERT INTO GD_CTXT
	VALUES (1048676,
	0,
	0,
	0,
	0,
	0,
	0,
	2125,
	1918,
	2426,
	1957,
	-74,
	39,
	0,
	0,
	0,
	0,
	0,
	0);
INSERT INTO GD_LS
	VALUES (1048677,
	1048676,
	2256,
	1904,
	2192,
	1904,
	0);
INSERT INTO GD_GE
	VALUES (1048678,
	1048577,
	1048611,
	42);
INSERT INTO GD_CON
	VALUES (1048678,
	1048593,
	1048601,
	0);
INSERT INTO GD_CTXT
	VALUES (1048678,
	0,
	0,
	0,
	0,
	0,
	0,
	2416,
	1836,
	2477,
	1886,
	-7,
	-27,
	0,
	0,
	0,
	0,
	0,
	0);
INSERT INTO GD_LS
	VALUES (1048679,
	1048678,
	2416,
	1888,
	2480,
	1888,
	0);
INSERT INTO GD_GE
	VALUES (1048680,
	1048577,
	1048606,
	42);
INSERT INTO GD_CON
	VALUES (1048680,
	1048596,
	1048595,
	0);
INSERT INTO GD_CTXT
	VALUES (1048680,
	0,
	0,
	0,
	0,
	0,
	0,
	2160,
	2065,
	2445,
	2098,
	-39,
	42,
	0,
	0,
	0,
	0,
	0,
	0);
INSERT INTO GD_LS
	VALUES (1048681,
	1048680,
	2256,
	2048,
	2192,
	2048,
	0);
INSERT INTO GD_GE
	VALUES (1048682,
	1048577,
	1048612,
	42);
INSERT INTO GD_CON
	VALUES (1048682,
	1048596,
	1048602,
	0);
INSERT INTO GD_CTXT
	VALUES (1048682,
	0,
	0,
	0,
	0,
	0,
	0,
	2423,
	2013,
	2487,
	2065,
	-7,
	-29,
	0,
	0,
	0,
	0,
	0,
	0);
INSERT INTO GD_LS
	VALUES (1048683,
	1048682,
	2416,
	2032,
	2480,
	2032,
	0);
INSERT INTO GD_GE
	VALUES (1048684,
	1048577,
	1048598,
	42);
INSERT INTO GD_CON
	VALUES (1048684,
	1048601,
	1048594,
	0);
INSERT INTO GD_CTXT
	VALUES (1048684,
	0,
	0,
	0,
	0,
	0,
	0,
	2418,
	1929,
	2556,
	1964,
	251,
	2,
	0,
	0,
	0,
	0,
	0,
	0);
INSERT INTO GD_LS
	VALUES (1048685,
	1048684,
	2560,
	1920,
	2560,
	1952,
	0);
INSERT INTO GD_LS
	VALUES (1048686,
	1048684,
	2560,
	1952,
	1808,
	1952,
	1048685);
INSERT INTO GD_LS
	VALUES (1048687,
	1048684,
	1808,
	1952,
	1808,
	1968,
	1048686);
INSERT INTO GD_GE
	VALUES (1048688,
	1048577,
	1048597,
	42);
INSERT INTO GD_CON
	VALUES (1048688,
	1048600,
	1048591,
	0);
INSERT INTO GD_CTXT
	VALUES (1048688,
	0,
	0,
	0,
	0,
	0,
	0,
	2418,
	1788,
	2555,
	1822,
	251,
	5,
	0,
	0,
	0,
	0,
	0,
	0);
INSERT INTO GD_LS
	VALUES (1048689,
	1048688,
	2560,
	1776,
	2560,
	1808,
	0);
INSERT INTO GD_LS
	VALUES (1048690,
	1048688,
	2560,
	1808,
	1808,
	1808,
	1048689);
INSERT INTO GD_LS
	VALUES (1048691,
	1048688,
	1808,
	1808,
	1808,
	1824,
	1048690);
INSERT INTO GD_GE
	VALUES (1048692,
	1048577,
	1048594,
	42);
INSERT INTO GD_CON
	VALUES (1048692,
	1048599,
	1048581,
	0);
INSERT INTO GD_CTXT
	VALUES (1048692,
	0,
	0,
	0,
	0,
	0,
	0,
	2416,
	1640,
	2557,
	1677,
	249,
	1,
	0,
	0,
	0,
	0,
	0,
	0);
INSERT INTO GD_LS
	VALUES (1048693,
	1048692,
	2560,
	1632,
	2560,
	1664,
	0);
INSERT INTO GD_LS
	VALUES (1048694,
	1048692,
	2560,
	1664,
	1808,
	1664,
	1048693);
INSERT INTO GD_LS
	VALUES (1048695,
	1048692,
	1808,
	1664,
	1808,
	1680,
	1048694);
INSERT INTO GD_GE
	VALUES (1048696,
	1048577,
	1048592,
	42);
INSERT INTO GD_CON
	VALUES (1048696,
	1048598,
	1048580,
	0);
INSERT INTO GD_CTXT
	VALUES (1048696,
	0,
	0,
	0,
	0,
	0,
	0,
	2415,
	1498,
	2558,
	1531,
	248,
	3,
	0,
	0,
	0,
	0,
	0,
	0);
INSERT INTO GD_LS
	VALUES (1048697,
	1048696,
	2560,
	1488,
	2560,
	1520,
	0);
INSERT INTO GD_LS
	VALUES (1048698,
	1048696,
	2560,
	1520,
	1808,
	1520,
	1048697);
INSERT INTO GD_LS
	VALUES (1048699,
	1048696,
	1808,
	1520,
	1808,
	1536,
	1048698);
INSERT INTO GD_GE
	VALUES (1048700,
	1048577,
	1048593,
	42);
INSERT INTO GD_CON
	VALUES (1048700,
	1048597,
	1048579,
	0);
INSERT INTO GD_CTXT
	VALUES (1048700,
	0,
	0,
	0,
	0,
	0,
	0,
	2414,
	1352,
	2555,
	1387,
	247,
	1,
	0,
	0,
	0,
	0,
	0,
	0);
INSERT INTO GD_LS
	VALUES (1048701,
	1048700,
	2560,
	1344,
	2560,
	1376,
	0);
INSERT INTO GD_LS
	VALUES (1048702,
	1048700,
	2560,
	1376,
	1808,
	1376,
	1048701);
INSERT INTO GD_LS
	VALUES (1048703,
	1048700,
	1808,
	1376,
	1808,
	1392,
	1048702);
INSERT INTO GD_GE
	VALUES (1048704,
	1048577,
	1048613,
	42);
INSERT INTO GD_CON
	VALUES (1048704,
	1048603,
	1048603,
	0);
INSERT INTO GD_CTXT
	VALUES (1048704,
	0,
	0,
	0,
	0,
	0,
	0,
	1591,
	1070,
	1750,
	1110,
	72,
	23,
	0,
	0,
	0,
	0,
	0,
	0);
INSERT INTO GD_LS
	VALUES (1048705,
	1048704,
	1568,
	1120,
	1536,
	1120,
	0);
INSERT INTO GD_LS
	VALUES (1048706,
	1048704,
	1536,
	1120,
	1536,
	1072,
	1048705);
INSERT INTO GD_LS
	VALUES (1048707,
	1048704,
	1536,
	1072,
	1600,
	1072,
	1048706);
INSERT INTO GD_LS
	VALUES (1048708,
	1048704,
	1600,
	1072,
	1600,
	1104,
	1048707);
INSERT INTO GD_GE
	VALUES (1048709,
	1048577,
	1048614,
	42);
INSERT INTO GD_CON
	VALUES (1048709,
	1048603,
	1048578,
	0);
INSERT INTO GD_CTXT
	VALUES (1048709,
	0,
	0,
	0,
	0,
	0,
	0,
	1691,
	1201,
	1817,
	1254,
	24,
	1,
	0,
	0,
	0,
	0,
	0,
	0);
INSERT INTO GD_LS
	VALUES (1048710,
	1048709,
	1648,
	1200,
	1728,
	1248,
	0);
INSERT INTO O_OBJ
	VALUES (4194306,
	'G',
	2,
	'G',
	'',
	4194312);
INSERT INTO O_NBATTR
	VALUES (4194310,
	4194306);
INSERT INTO O_BATTR
	VALUES (4194310,
	4194306);
INSERT INTO O_ATTR
	VALUES (4194310,
	4194306,
	0,
	'g_id',
	'',
	'',
	'g_id',
	0,
	524294);
INSERT INTO O_ID
	VALUES (0,
	4194306);
INSERT INTO O_OIDA
	VALUES (4194310,
	4194306,
	0);
INSERT INTO SM_ASM
	VALUES (1572867,
	4194306);
INSERT INTO SM_SM
	VALUES (1572867,
	'',
	3);
INSERT INTO SM_MOORE
	VALUES (1572867);
INSERT INTO SM_EVTDI
	VALUES (1572865,
	1572867,
	'b',
	'',
	524290);
INSERT INTO SM_EVTDI
	VALUES (1572866,
	1572867,
	'i',
	'',
	524291);
INSERT INTO SM_EVTDI
	VALUES (1572867,
	1572867,
	'r',
	'',
	524292);
INSERT INTO SM_EVTDI
	VALUES (1572868,
	1572867,
	's',
	'',
	524293);
INSERT INTO SM_EVTDI
	VALUES (1572869,
	1572867,
	'dummy',
	'',
	524292);
INSERT INTO SM_SUPDT
	VALUES (1572865,
	1572867,
	0);
INSERT INTO SM_SUPDT
	VALUES (1572866,
	1572867,
	0);
INSERT INTO SM_SDI
	VALUES (1572868,
	1572866,
	1572867);
INSERT INTO SM_SDI
	VALUES (1572865,
	1572866,
	1572867);
INSERT INTO SM_SDI
	VALUES (1572867,
	1572866,
	1572867);
INSERT INTO SM_SDI
	VALUES (1572869,
	1572866,
	1572867);
INSERT INTO SM_SDI
	VALUES (1572866,
	1572866,
	1572867);
INSERT INTO SM_STATE
	VALUES (1572865,
	1572867,
	1572865,
	'Received Event with no supdata From Driver',
	2,
	0);
INSERT INTO SM_LEVT
	VALUES (1572865,
	1572867,
	1572865);
INSERT INTO SM_SEVT
	VALUES (1572865,
	1572867,
	1572865);
INSERT INTO SM_EVT
	VALUES (1572865,
	1572867,
	1572865,
	1,
	'event to assigner',
	0,
	'',
	'G_A1',
	'');
INSERT INTO SM_EIGN
	VALUES (1572865,
	1572865,
	1572867,
	1572865,
	'');
INSERT INTO SM_SEME
	VALUES (1572865,
	1572865,
	1572867,
	1572865);
INSERT INTO SM_LEVT
	VALUES (1572866,
	1572867,
	1572866);
INSERT INTO SM_SEVT
	VALUES (1572866,
	1572867,
	1572866);
INSERT INTO SM_EVT
	VALUES (1572866,
	1572867,
	1572866,
	2,
	'supdata event to assigner',
	0,
	'',
	'G_A2',
	'');
INSERT INTO SM_EIGN
	VALUES (1572865,
	1572866,
	1572867,
	1572866,
	'');
INSERT INTO SM_SEME
	VALUES (1572865,
	1572866,
	1572867,
	1572866);
INSERT INTO SM_LEVT
	VALUES (1572867,
	1572867,
	1572865);
INSERT INTO SM_SEVT
	VALUES (1572867,
	1572867,
	1572865);
INSERT INTO SM_EVT
	VALUES (1572867,
	1572867,
	1572865,
	3,
	'wait for events from driver',
	0,
	'',
	'G_A3',
	'');
INSERT INTO SM_SEME
	VALUES (1572865,
	1572867,
	1572867,
	1572865);
INSERT INTO SM_STATE
	VALUES (1572866,
	1572867,
	1572865,
	'Waiting for Event from Driver',
	1,
	0);
INSERT INTO SM_SEME
	VALUES (1572866,
	1572865,
	1572867,
	1572865);
INSERT INTO SM_SEME
	VALUES (1572866,
	1572866,
	1572867,
	1572866);
INSERT INTO SM_SEME
	VALUES (1572866,
	1572867,
	1572867,
	1572865);
INSERT INTO SM_STATE
	VALUES (1572867,
	1572867,
	1572866,
	'Received Event with supdata From Driver',
	3,
	0);
INSERT INTO SM_EIGN
	VALUES (1572867,
	1572865,
	1572867,
	1572865,
	'');
INSERT INTO SM_SEME
	VALUES (1572867,
	1572865,
	1572867,
	1572865);
INSERT INTO SM_EIGN
	VALUES (1572867,
	1572866,
	1572867,
	1572866,
	'');
INSERT INTO SM_SEME
	VALUES (1572867,
	1572866,
	1572867,
	1572866);
INSERT INTO SM_SEME
	VALUES (1572867,
	1572867,
	1572867,
	1572865);
INSERT INTO SM_NSTXN
	VALUES (1572865,
	1572867,
	1572866,
	1572865,
	1572865);
INSERT INTO SM_TXN
	VALUES (1572865,
	1572867,
	1572865,
	1572865);
INSERT INTO SM_NSTXN
	VALUES (1572866,
	1572867,
	1572866,
	1572866,
	1572866);
INSERT INTO SM_TXN
	VALUES (1572866,
	1572867,
	1572867,
	1572866);
INSERT INTO SM_NSTXN
	VALUES (1572867,
	1572867,
	1572865,
	1572867,
	1572865);
INSERT INTO SM_TXN
	VALUES (1572867,
	1572867,
	1572866,
	1572865);
INSERT INTO SM_NSTXN
	VALUES (1572868,
	1572867,
	1572867,
	1572867,
	1572865);
INSERT INTO SM_TXN
	VALUES (1572868,
	1572867,
	1572866,
	1572865);
INSERT INTO SM_NSTXN
	VALUES (1572869,
	1572867,
	1572866,
	1572867,
	1572865);
INSERT INTO SM_TXN
	VALUES (1572869,
	1572867,
	1572866,
	1572865);
INSERT INTO SM_MOAH
	VALUES (1572865,
	1572867,
	1572865);
INSERT INTO SM_AH
	VALUES (1572865,
	1572867);
INSERT INTO SM_ACT
	VALUES (1572865,
	1572867,
	1,
	'select any dr from instances of DR;
generate DR3:''test passed'' to dr;
generate G_A3:''wait for events from driver'' to G assigner;',
	'');
INSERT INTO SM_MOAH
	VALUES (1572866,
	1572867,
	1572866);
INSERT INTO SM_AH
	VALUES (1572866,
	1572867);
INSERT INTO SM_ACT
	VALUES (1572866,
	1572867,
	1,
	'',
	'');
INSERT INTO SM_MOAH
	VALUES (1572867,
	1572867,
	1572867);
INSERT INTO SM_AH
	VALUES (1572867,
	1572867);
INSERT INTO SM_ACT
	VALUES (1572867,
	1572867,
	1,
	'select any dr from instances of DR;
generate DR3:''test passed'' to dr;
generate G_A3:''wait for events from driver'' to G assigner;
',
	'');
INSERT INTO GD_MD
	VALUES (1572865,
	10,
	1572867,
	40,
	1,
	0,
	1,
	1,
	0,
	12,
	1600,
	4200,
	1.000000,
	0);
INSERT INTO GD_GE
	VALUES (1572866,
	1572865,
	1572865,
	41);
INSERT INTO GD_SHP
	VALUES (1572866,
	1664,
	1488,
	1888,
	1632);
INSERT INTO GD_GE
	VALUES (1572867,
	1572865,
	1572866,
	41);
INSERT INTO GD_SHP
	VALUES (1572867,
	1920,
	1280,
	2112,
	1392);
INSERT INTO GD_GE
	VALUES (1572868,
	1572865,
	1572867,
	41);
INSERT INTO GD_SHP
	VALUES (1572868,
	2112,
	1488,
	2352,
	1632);
INSERT INTO GD_GE
	VALUES (1572869,
	1572865,
	1572865,
	42);
INSERT INTO GD_CON
	VALUES (1572869,
	1572867,
	1572866,
	0);
INSERT INTO GD_CTXT
	VALUES (1572869,
	0,
	0,
	0,
	0,
	0,
	0,
	1756,
	1390,
	1884,
	1457,
	-122,
	-41,
	0,
	0,
	0,
	0,
	0,
	0);
INSERT INTO GD_LS
	VALUES (1572870,
	1572869,
	1952,
	1392,
	1840,
	1488,
	0);
INSERT INTO GD_GE
	VALUES (1572871,
	1572865,
	1572866,
	42);
INSERT INTO GD_CON
	VALUES (1572871,
	1572867,
	1572868,
	0);
INSERT INTO GD_CTXT
	VALUES (1572871,
	0,
	0,
	0,
	0,
	0,
	0,
	2016,
	1436,
	2122,
	1484,
	-78,
	17,
	0,
	0,
	0,
	0,
	0,
	0);
INSERT INTO GD_LS
	VALUES (1572872,
	1572871,
	2080,
	1392,
	2144,
	1488,
	0);
INSERT INTO GD_GE
	VALUES (1572873,
	1572865,
	1572868,
	42);
INSERT INTO GD_CON
	VALUES (1572873,
	1572868,
	1572867,
	0);
INSERT INTO GD_CTXT
	VALUES (1572873,
	0,
	0,
	0,
	0,
	0,
	0,
	2140,
	1405,
	2268,
	1454,
	28,
	-16,
	0,
	0,
	0,
	0,
	0,
	0);
INSERT INTO GD_LS
	VALUES (1572874,
	1572873,
	2160,
	1488,
	2096,
	1392,
	0);
INSERT INTO GD_GE
	VALUES (1572875,
	1572865,
	1572867,
	42);
INSERT INTO GD_CON
	VALUES (1572875,
	1572866,
	1572867,
	0);
INSERT INTO GD_CTXT
	VALUES (1572875,
	0,
	0,
	0,
	0,
	0,
	0,
	1913,
	1433,
	2006,
	1508,
	21,
	0,
	0,
	0,
	0,
	0,
	0,
	0);
INSERT INTO GD_LS
	VALUES (1572876,
	1572875,
	1856,
	1488,
	1968,
	1392,
	0);
INSERT INTO GD_GE
	VALUES (1572877,
	1572865,
	1572869,
	42);
INSERT INTO GD_CON
	VALUES (1572877,
	1572867,
	1572867,
	0);
INSERT INTO GD_CTXT
	VALUES (1572877,
	0,
	0,
	0,
	0,
	0,
	0,
	1769,
	1198,
	1911,
	1256,
	-78,
	-19,
	0,
	0,
	0,
	0,
	0,
	0);
INSERT INTO GD_LS
	VALUES (1572878,
	1572877,
	1920,
	1312,
	1872,
	1312,
	0);
INSERT INTO GD_LS
	VALUES (1572879,
	1572877,
	1872,
	1312,
	1872,
	1232,
	1572878);
INSERT INTO GD_LS
	VALUES (1572880,
	1572877,
	1872,
	1232,
	1952,
	1232,
	1572879);
INSERT INTO GD_LS
	VALUES (1572881,
	1572877,
	1952,
	1232,
	1952,
	1280,
	1572880);
INSERT INTO O_OBJ
	VALUES (4194307,
	'H',
	3,
	'H',
	'',
	4194312);
INSERT INTO O_NBATTR
	VALUES (4194311,
	4194307);
INSERT INTO O_BATTR
	VALUES (4194311,
	4194307);
INSERT INTO O_ATTR
	VALUES (4194311,
	4194307,
	0,
	'h_id',
	'',
	'',
	'h_id',
	0,
	524294);
INSERT INTO O_NBATTR
	VALUES (4194312,
	4194307);
INSERT INTO O_BATTR
	VALUES (4194312,
	4194307);
INSERT INTO O_ATTR
	VALUES (4194312,
	4194307,
	4194311,
	'current_state',
	'',
	'',
	'current_state',
	0,
	524295);
INSERT INTO O_ID
	VALUES (0,
	4194307);
INSERT INTO O_OIDA
	VALUES (4194311,
	4194307,
	0);
INSERT INTO SM_ISM
	VALUES (2097156,
	4194307);
INSERT INTO SM_SM
	VALUES (2097156,
	'',
	4);
INSERT INTO SM_MOORE
	VALUES (2097156);
INSERT INTO SM_EVTDI
	VALUES (2097153,
	2097156,
	'b',
	'',
	524290);
INSERT INTO SM_EVTDI
	VALUES (2097154,
	2097156,
	'i',
	'',
	524291);
INSERT INTO SM_EVTDI
	VALUES (2097155,
	2097156,
	'r',
	'',
	524292);
INSERT INTO SM_EVTDI
	VALUES (2097156,
	2097156,
	's',
	'',
	524293);
INSERT INTO SM_SUPDT
	VALUES (2097153,
	2097156,
	0);
INSERT INTO SM_SUPDT
	VALUES (2097154,
	2097156,
	0);
INSERT INTO SM_SDI
	VALUES (2097153,
	2097154,
	2097156);
INSERT INTO SM_SDI
	VALUES (2097154,
	2097154,
	2097156);
INSERT INTO SM_SDI
	VALUES (2097155,
	2097154,
	2097156);
INSERT INTO SM_SDI
	VALUES (2097156,
	2097154,
	2097156);
INSERT INTO SM_STATE
	VALUES (2097153,
	2097156,
	2097154,
	'Creation State With Supdata',
	2,
	0);
INSERT INTO SM_LEVT
	VALUES (2097153,
	2097156,
	2097153);
INSERT INTO SM_SEVT
	VALUES (2097153,
	2097156,
	2097153);
INSERT INTO SM_EVT
	VALUES (2097153,
	2097156,
	2097153,
	1,
	'create new h',
	0,
	'',
	'H1',
	'');
INSERT INTO SM_EIGN
	VALUES (2097153,
	2097153,
	2097156,
	2097153,
	'');
INSERT INTO SM_SEME
	VALUES (2097153,
	2097153,
	2097156,
	2097153);
INSERT INTO SM_LEVT
	VALUES (2097154,
	2097156,
	2097154);
INSERT INTO SM_SEVT
	VALUES (2097154,
	2097156,
	2097154);
INSERT INTO SM_EVT
	VALUES (2097154,
	2097156,
	2097154,
	2,
	'create new h with supdata',
	0,
	'',
	'H2',
	'');
INSERT INTO SM_SEME
	VALUES (2097153,
	2097154,
	2097156,
	2097154);
INSERT INTO SM_STATE
	VALUES (2097154,
	2097156,
	2097153,
	'Creation State Without Supdata',
	1,
	0);
INSERT INTO SM_SEME
	VALUES (2097154,
	2097153,
	2097156,
	2097153);
INSERT INTO SM_EIGN
	VALUES (2097154,
	2097154,
	2097156,
	2097154,
	'');
INSERT INTO SM_SEME
	VALUES (2097154,
	2097154,
	2097156,
	2097154);
INSERT INTO SM_CRTXN
	VALUES (2097153,
	2097156,
	2097154,
	2097154);
INSERT INTO SM_TXN
	VALUES (2097153,
	2097156,
	2097153,
	2097154);
INSERT INTO SM_CRTXN
	VALUES (2097154,
	2097156,
	2097153,
	2097153);
INSERT INTO SM_TXN
	VALUES (2097154,
	2097156,
	2097154,
	2097153);
INSERT INTO SM_NSTXN
	VALUES (2097155,
	2097156,
	2097153,
	2097154,
	2097154);
INSERT INTO SM_TXN
	VALUES (2097155,
	2097156,
	2097153,
	2097154);
INSERT INTO SM_NSTXN
	VALUES (2097156,
	2097156,
	2097154,
	2097153,
	2097153);
INSERT INTO SM_TXN
	VALUES (2097156,
	2097156,
	2097154,
	2097153);
INSERT INTO SM_MOAH
	VALUES (2097153,
	2097156,
	2097153);
INSERT INTO SM_AH
	VALUES (2097153,
	2097156);
INSERT INTO SM_ACT
	VALUES (2097153,
	2097156,
	1,
	'select any dr from instances of DR;
generate DR3:''test passed'' to dr;
',
	'');
INSERT INTO SM_MOAH
	VALUES (2097154,
	2097156,
	2097154);
INSERT INTO SM_AH
	VALUES (2097154,
	2097156);
INSERT INTO SM_ACT
	VALUES (2097154,
	2097156,
	1,
	'select any dr from instances of DR;
generate DR3:''test passed'' to dr;',
	'');
INSERT INTO GD_MD
	VALUES (2097153,
	8,
	2097156,
	40,
	1,
	0,
	1,
	1,
	0,
	12,
	1600,
	4200,
	1.000000,
	0);
INSERT INTO GD_GE
	VALUES (2097154,
	2097153,
	2097153,
	41);
INSERT INTO GD_SHP
	VALUES (2097154,
	1872,
	1296,
	2096,
	1408);
INSERT INTO GD_GE
	VALUES (2097155,
	2097153,
	2097154,
	41);
INSERT INTO GD_SHP
	VALUES (2097155,
	1616,
	1296,
	1840,
	1408);
INSERT INTO GD_GE
	VALUES (2097156,
	2097153,
	2097153,
	42);
INSERT INTO GD_CON
	VALUES (2097156,
	2097154,
	0,
	0);
INSERT INTO GD_CTXT
	VALUES (2097156,
	0,
	0,
	0,
	0,
	0,
	0,
	1987,
	1256,
	2096,
	1290,
	19,
	-1,
	0,
	0,
	0,
	0,
	0,
	0);
INSERT INTO GD_LS
	VALUES (2097157,
	2097156,
	1984,
	1296,
	1984,
	1232,
	0);
INSERT INTO GD_GE
	VALUES (2097158,
	2097153,
	2097155,
	42);
INSERT INTO GD_CON
	VALUES (2097158,
	2097154,
	2097154,
	0);
INSERT INTO GD_CTXT
	VALUES (2097158,
	0,
	0,
	0,
	0,
	0,
	0,
	1922,
	1451,
	2055,
	1488,
	-37,
	36,
	0,
	0,
	0,
	0,
	0,
	0);
INSERT INTO GD_LS
	VALUES (2097159,
	2097158,
	2048,
	1408,
	2048,
	1440,
	0);
INSERT INTO GD_LS
	VALUES (2097160,
	2097158,
	2048,
	1440,
	1920,
	1440,
	2097159);
INSERT INTO GD_LS
	VALUES (2097161,
	2097158,
	1920,
	1440,
	1920,
	1408,
	2097160);
INSERT INTO GD_GE
	VALUES (2097162,
	2097153,
	2097154,
	42);
INSERT INTO GD_CON
	VALUES (2097162,
	2097155,
	0,
	0);
INSERT INTO GD_CTXT
	VALUES (2097162,
	0,
	0,
	0,
	0,
	0,
	0,
	1758,
	1243,
	1888,
	1288,
	30,
	-6,
	0,
	0,
	0,
	0,
	0,
	0);
INSERT INTO GD_LS
	VALUES (2097163,
	2097162,
	1744,
	1296,
	1744,
	1232,
	0);
INSERT INTO GD_GE
	VALUES (2097164,
	2097153,
	2097156,
	42);
INSERT INTO GD_CON
	VALUES (2097164,
	2097155,
	2097155,
	0);
INSERT INTO GD_CTXT
	VALUES (2097164,
	0,
	0,
	0,
	0,
	0,
	0,
	1664,
	1471,
	1769,
	1508,
	-25,
	28,
	0,
	0,
	0,
	0,
	0,
	0);
INSERT INTO GD_LS
	VALUES (2097165,
	2097164,
	1776,
	1408,
	1776,
	1440,
	0);
INSERT INTO GD_LS
	VALUES (2097166,
	2097164,
	1776,
	1440,
	1664,
	1440,
	2097165);
INSERT INTO GD_LS
	VALUES (2097167,
	2097164,
	1664,
	1440,
	1664,
	1408,
	2097166);
INSERT INTO O_OBJ
	VALUES (4194308,
	'event init',
	4,
	'INIT',
	'',
	4194312);
INSERT INTO O_NBATTR
	VALUES (4194313,
	4194308);
INSERT INTO O_BATTR
	VALUES (4194313,
	4194308);
INSERT INTO O_ATTR
	VALUES (4194313,
	4194308,
	0,
	'id',
	'',
	'',
	'id',
	0,
	524294);
INSERT INTO O_NBATTR
	VALUES (4194314,
	4194308);
INSERT INTO O_BATTR
	VALUES (4194314,
	4194308);
INSERT INTO O_ATTR
	VALUES (4194314,
	4194308,
	4194313,
	'current_state',
	'',
	'',
	'current_state',
	0,
	524295);
INSERT INTO O_ID
	VALUES (0,
	4194308);
INSERT INTO O_OIDA
	VALUES (4194313,
	4194308,
	0);
INSERT INTO SM_ISM
	VALUES (2621445,
	4194308);
INSERT INTO SM_SM
	VALUES (2621445,
	'',
	5);
INSERT INTO SM_MOORE
	VALUES (2621445);
INSERT INTO SM_SUPDT
	VALUES (2621441,
	2621445,
	0);
INSERT INTO SM_STATE
	VALUES (2621441,
	2621445,
	2621441,
	'Initialize System',
	1,
	0);
INSERT INTO SM_LEVT
	VALUES (2621441,
	2621445,
	2621441);
INSERT INTO SM_SEVT
	VALUES (2621441,
	2621445,
	2621441);
INSERT INTO SM_EVT
	VALUES (2621441,
	2621445,
	2621441,
	1,
	'initialize',
	0,
	'',
	'INIT1',
	'');
INSERT INTO SM_SEME
	VALUES (2621441,
	2621441,
	2621445,
	2621441);
INSERT INTO SM_NSTXN
	VALUES (2621441,
	2621445,
	2621441,
	2621441,
	2621441);
INSERT INTO SM_TXN
	VALUES (2621441,
	2621445,
	2621441,
	2621441);
INSERT INTO SM_MOAH
	VALUES (2621441,
	2621445,
	2621441);
INSERT INTO SM_AH
	VALUES (2621441,
	2621445);
INSERT INTO SM_ACT
	VALUES (2621441,
	2621445,
	1,
	'create object instance dr of DR;
dr.dr_id=44;
generate DR1:''start test'' to dr;

create object instance exdr of EX;
exdr.exdr_id=44;
generate EX1:''start external driver'' to exdr;',
	'');
INSERT INTO GD_MD
	VALUES (2621441,
	8,
	2621445,
	40,
	1,
	0,
	1,
	1,
	0,
	12,
	1600,
	4200,
	1.000000,
	0);
INSERT INTO GD_GE
	VALUES (2621442,
	2621441,
	2621441,
	41);
INSERT INTO GD_SHP
	VALUES (2621442,
	1792,
	1408,
	2128,
	1680);
INSERT INTO GD_GE
	VALUES (2621443,
	2621441,
	2621441,
	42);
INSERT INTO GD_CON
	VALUES (2621443,
	2621442,
	2621442,
	0);
INSERT INTO GD_CTXT
	VALUES (2621443,
	0,
	0,
	0,
	0,
	0,
	0,
	2199,
	1396,
	2352,
	1430,
	-9,
	59,
	0,
	0,
	0,
	0,
	0,
	0);
INSERT INTO GD_LS
	VALUES (2621444,
	2621443,
	2128,
	1488,
	2224,
	1488,
	0);
INSERT INTO GD_LS
	VALUES (2621445,
	2621443,
	2224,
	1488,
	2224,
	1344,
	2621444);
INSERT INTO GD_LS
	VALUES (2621446,
	2621443,
	2224,
	1344,
	2064,
	1344,
	2621445);
INSERT INTO GD_LS
	VALUES (2621447,
	2621443,
	2064,
	1344,
	2064,
	1408,
	2621446);
INSERT INTO O_OBJ
	VALUES (4194309,
	'EXDriver',
	5,
	'EX',
	'',
	4194312);
INSERT INTO O_NBATTR
	VALUES (4194315,
	4194309);
INSERT INTO O_BATTR
	VALUES (4194315,
	4194309);
INSERT INTO O_ATTR
	VALUES (4194315,
	4194309,
	0,
	'exdr_id',
	'',
	'',
	'exdr_id',
	0,
	524291);
INSERT INTO O_NBATTR
	VALUES (4194316,
	4194309);
INSERT INTO O_BATTR
	VALUES (4194316,
	4194309);
INSERT INTO O_ATTR
	VALUES (4194316,
	4194309,
	4194315,
	'test_count',
	'',
	'',
	'test_count',
	0,
	524291);
INSERT INTO O_NBATTR
	VALUES (4194317,
	4194309);
INSERT INTO O_BATTR
	VALUES (4194317,
	4194309);
INSERT INTO O_ATTR
	VALUES (4194317,
	4194309,
	4194316,
	'current_state',
	'',
	'',
	'current_state',
	0,
	524295);
INSERT INTO O_ID
	VALUES (0,
	4194309);
INSERT INTO O_OIDA
	VALUES (4194315,
	4194309,
	0);
INSERT INTO SM_ISM
	VALUES (3145734,
	4194309);
INSERT INTO SM_SM
	VALUES (3145734,
	'',
	6);
INSERT INTO SM_MOORE
	VALUES (3145734);
INSERT INTO SM_EVTDI
	VALUES (3145729,
	3145734,
	'b',
	'',
	524290);
INSERT INTO SM_EVTDI
	VALUES (3145730,
	3145734,
	'i',
	'',
	524291);
INSERT INTO SM_EVTDI
	VALUES (3145731,
	3145734,
	'r',
	'',
	524292);
INSERT INTO SM_EVTDI
	VALUES (3145732,
	3145734,
	's',
	'',
	524293);
INSERT INTO SM_EVTDI
	VALUES (3145733,
	3145734,
	'dummy',
	'',
	524292);
INSERT INTO SM_SUPDT
	VALUES (3145729,
	3145734,
	0);
INSERT INTO SM_SUPDT
	VALUES (3145733,
	3145734,
	0);
INSERT INTO SM_SDI
	VALUES (3145732,
	3145733,
	3145734);
INSERT INTO SM_SDI
	VALUES (3145731,
	3145733,
	3145734);
INSERT INTO SM_SDI
	VALUES (3145730,
	3145733,
	3145734);
INSERT INTO SM_SDI
	VALUES (3145733,
	3145733,
	3145734);
INSERT INTO SM_SDI
	VALUES (3145729,
	3145733,
	3145734);
INSERT INTO SM_STATE
	VALUES (3145729,
	3145734,
	3145729,
	'Start',
	6,
	0);
INSERT INTO SM_LEVT
	VALUES (3145729,
	3145734,
	3145729);
INSERT INTO SM_SEVT
	VALUES (3145729,
	3145734,
	3145729);
INSERT INTO SM_EVT
	VALUES (3145729,
	3145734,
	3145729,
	1,
	'start external driver',
	0,
	'',
	'EX1',
	'');
INSERT INTO SM_EIGN
	VALUES (3145729,
	3145729,
	3145734,
	3145729,
	'');
INSERT INTO SM_SEME
	VALUES (3145729,
	3145729,
	3145734,
	3145729);
INSERT INTO SM_LEVT
	VALUES (3145730,
	3145734,
	3145729);
INSERT INTO SM_SEVT
	VALUES (3145730,
	3145734,
	3145729);
INSERT INTO SM_EVT
	VALUES (3145730,
	3145734,
	3145729,
	2,
	'test timer event',
	0,
	'',
	'EX2',
	'');
INSERT INTO SM_EIGN
	VALUES (3145729,
	3145730,
	3145734,
	3145729,
	'');
INSERT INTO SM_SEME
	VALUES (3145729,
	3145730,
	3145734,
	3145729);
INSERT INTO SM_LEVT
	VALUES (3145731,
	3145734,
	3145733);
INSERT INTO SM_SEVT
	VALUES (3145731,
	3145734,
	3145733);
INSERT INTO SM_EVT
	VALUES (3145731,
	3145734,
	3145733,
	3,
	'test timer event with supdata',
	0,
	'',
	'EX3',
	'');
INSERT INTO SM_EIGN
	VALUES (3145729,
	3145731,
	3145734,
	3145733,
	'');
INSERT INTO SM_SEME
	VALUES (3145729,
	3145731,
	3145734,
	3145733);
INSERT INTO SM_LEVT
	VALUES (3145732,
	3145734,
	3145729);
INSERT INTO SM_SEVT
	VALUES (3145732,
	3145734,
	3145729);
INSERT INTO SM_EVT
	VALUES (3145732,
	3145734,
	3145729,
	4,
	'return to run',
	0,
	'',
	'EX4',
	'');
INSERT INTO SM_SEME
	VALUES (3145729,
	3145732,
	3145734,
	3145729);
INSERT INTO SM_STATE
	VALUES (3145730,
	3145734,
	3145729,
	'Run',
	2,
	0);
INSERT INTO SM_EIGN
	VALUES (3145730,
	3145729,
	3145734,
	3145729,
	'');
INSERT INTO SM_SEME
	VALUES (3145730,
	3145729,
	3145734,
	3145729);
INSERT INTO SM_SEME
	VALUES (3145730,
	3145730,
	3145734,
	3145729);
INSERT INTO SM_SEME
	VALUES (3145730,
	3145731,
	3145734,
	3145733);
INSERT INTO SM_EIGN
	VALUES (3145730,
	3145732,
	3145734,
	3145729,
	'');
INSERT INTO SM_SEME
	VALUES (3145730,
	3145732,
	3145734,
	3145729);
INSERT INTO SM_STATE
	VALUES (3145731,
	3145734,
	3145729,
	'handle plain timer',
	3,
	0);
INSERT INTO SM_EIGN
	VALUES (3145731,
	3145729,
	3145734,
	3145729,
	'');
INSERT INTO SM_SEME
	VALUES (3145731,
	3145729,
	3145734,
	3145729);
INSERT INTO SM_EIGN
	VALUES (3145731,
	3145730,
	3145734,
	3145729,
	'');
INSERT INTO SM_SEME
	VALUES (3145731,
	3145730,
	3145734,
	3145729);
INSERT INTO SM_EIGN
	VALUES (3145731,
	3145731,
	3145734,
	3145733,
	'');
INSERT INTO SM_SEME
	VALUES (3145731,
	3145731,
	3145734,
	3145733);
INSERT INTO SM_SEME
	VALUES (3145731,
	3145732,
	3145734,
	3145729);
INSERT INTO SM_STATE
	VALUES (3145732,
	3145734,
	3145733,
	'handle timer with supdata',
	4,
	0);
INSERT INTO SM_EIGN
	VALUES (3145732,
	3145729,
	3145734,
	3145729,
	'');
INSERT INTO SM_SEME
	VALUES (3145732,
	3145729,
	3145734,
	3145729);
INSERT INTO SM_EIGN
	VALUES (3145732,
	3145730,
	3145734,
	3145729,
	'');
INSERT INTO SM_SEME
	VALUES (3145732,
	3145730,
	3145734,
	3145729);
INSERT INTO SM_EIGN
	VALUES (3145732,
	3145731,
	3145734,
	3145733,
	'');
INSERT INTO SM_SEME
	VALUES (3145732,
	3145731,
	3145734,
	3145733);
INSERT INTO SM_SEME
	VALUES (3145732,
	3145732,
	3145734,
	3145729);
INSERT INTO SM_STATE
	VALUES (3145733,
	3145734,
	0,
	'Creation state',
	1,
	0);
INSERT INTO SM_SEME
	VALUES (3145733,
	3145729,
	3145734,
	3145729);
INSERT INTO SM_EIGN
	VALUES (3145733,
	3145730,
	3145734,
	3145729,
	'');
INSERT INTO SM_SEME
	VALUES (3145733,
	3145730,
	3145734,
	3145729);
INSERT INTO SM_EIGN
	VALUES (3145733,
	3145731,
	3145734,
	3145733,
	'');
INSERT INTO SM_SEME
	VALUES (3145733,
	3145731,
	3145734,
	3145733);
INSERT INTO SM_EIGN
	VALUES (3145733,
	3145732,
	3145734,
	3145729,
	'');
INSERT INTO SM_SEME
	VALUES (3145733,
	3145732,
	3145734,
	3145729);
INSERT INTO SM_NSTXN
	VALUES (3145732,
	3145734,
	3145730,
	3145730,
	3145729);
INSERT INTO SM_TXN
	VALUES (3145732,
	3145734,
	3145731,
	3145729);
INSERT INTO SM_NSTXN
	VALUES (3145733,
	3145734,
	3145730,
	3145731,
	3145733);
INSERT INTO SM_TXN
	VALUES (3145733,
	3145734,
	3145732,
	3145733);
INSERT INTO SM_NSTXN
	VALUES (3145734,
	3145734,
	3145732,
	3145732,
	3145729);
INSERT INTO SM_TXN
	VALUES (3145734,
	3145734,
	3145730,
	3145729);
INSERT INTO SM_NSTXN
	VALUES (3145735,
	3145734,
	3145731,
	3145732,
	3145729);
INSERT INTO SM_TXN
	VALUES (3145735,
	3145734,
	3145730,
	3145729);
INSERT INTO SM_NSTXN
	VALUES (3145736,
	3145734,
	3145733,
	3145729,
	3145729);
INSERT INTO SM_TXN
	VALUES (3145736,
	3145734,
	3145729,
	3145729);
INSERT INTO SM_NSTXN
	VALUES (3145729,
	3145734,
	3145729,
	3145732,
	3145729);
INSERT INTO SM_TXN
	VALUES (3145729,
	3145734,
	3145730,
	3145729);
INSERT INTO SM_MOAH
	VALUES (3145729,
	3145734,
	3145729);
INSERT INTO SM_AH
	VALUES (3145729,
	3145734);
INSERT INTO SM_ACT
	VALUES (3145729,
	3145734,
	1,
	'select any dr from instances of DR where selected.dr_id == 44;
generate DR2 to dr;
generate EX4 to self;',
	'');
INSERT INTO SM_MOAH
	VALUES (3145730,
	3145734,
	3145730);
INSERT INTO SM_AH
	VALUES (3145730,
	3145734);
INSERT INTO SM_ACT
	VALUES (3145730,
	3145734,
	1,
	'',
	'');
INSERT INTO SM_MOAH
	VALUES (3145731,
	3145734,
	3145731);
INSERT INTO SM_AH
	VALUES (3145731,
	3145734);
INSERT INTO SM_ACT
	VALUES (3145731,
	3145734,
	1,
	'
LOG::LogSuccess(message:"Plain timer event received");
select any dr from instances of DR where selected.dr_id == 44;
generate DR3 to dr;
generate EX4 to self;',
	'');
INSERT INTO SM_MOAH
	VALUES (3145732,
	3145734,
	3145732);
INSERT INTO SM_AH
	VALUES (3145732,
	3145734);
INSERT INTO SM_ACT
	VALUES (3145732,
	3145734,
	1,
	'LOG::LogSuccess(message:"Timer event with supdata received");
select any dr from instances of DR where selected.dr_id == 44;
generate DR3 to dr;
generate EX4 to self;',
	'');
INSERT INTO SM_MOAH
	VALUES (3145733,
	3145734,
	3145733);
INSERT INTO SM_AH
	VALUES (3145733,
	3145734);
INSERT INTO SM_ACT
	VALUES (3145733,
	3145734,
	1,
	'',
	'');
INSERT INTO GD_MD
	VALUES (3145729,
	8,
	3145734,
	40,
	1,
	0,
	1,
	1,
	0,
	12,
	1600,
	4418,
	1.000000,
	0);
INSERT INTO GD_GE
	VALUES (3145730,
	3145729,
	3145729,
	41);
INSERT INTO GD_SHP
	VALUES (3145730,
	1728,
	1168,
	2208,
	1296);
INSERT INTO GD_GE
	VALUES (3145731,
	3145729,
	3145730,
	41);
INSERT INTO GD_SHP
	VALUES (3145731,
	1760,
	1392,
	2192,
	1488);
INSERT INTO GD_GE
	VALUES (3145751,
	3145729,
	3145731,
	41);
INSERT INTO GD_SHP
	VALUES (3145751,
	1664,
	1568,
	1968,
	1744);
INSERT INTO GD_GE
	VALUES (3145752,
	3145729,
	3145732,
	41);
INSERT INTO GD_SHP
	VALUES (3145752,
	2048,
	1568,
	2320,
	1744);
INSERT INTO GD_GE
	VALUES (3145933,
	3145729,
	3145733,
	41);
INSERT INTO GD_SHP
	VALUES (3145933,
	1744,
	992,
	2192,
	1088);
INSERT INTO GD_GE
	VALUES (3145732,
	3145729,
	3145729,
	42);
INSERT INTO GD_CON
	VALUES (3145732,
	3145730,
	3145731,
	0);
INSERT INTO GD_CTXT
	VALUES (3145732,
	0,
	0,
	0,
	0,
	0,
	0,
	1840,
	1312,
	2085,
	1358,
	0,
	-17,
	0,
	0,
	0,
	0,
	0,
	0);
INSERT INTO GD_LS
	VALUES (3145859,
	3145732,
	1856,
	1296,
	1856,
	1392,
	0);
INSERT INTO GD_GE
	VALUES (3145753,
	3145729,
	3145732,
	42);
INSERT INTO GD_CON
	VALUES (3145753,
	3145731,
	3145751,
	0);
INSERT INTO GD_CTXT
	VALUES (3145753,
	0,
	0,
	0,
	0,
	0,
	0,
	1708,
	1496,
	1853,
	1540,
	-132,
	-17,
	0,
	0,
	0,
	0,
	0,
	0);
INSERT INTO GD_LS
	VALUES (3145932,
	3145753,
	1856,
	1488,
	1856,
	1568,
	0);
INSERT INTO GD_GE
	VALUES (3145755,
	3145729,
	3145733,
	42);
INSERT INTO GD_CON
	VALUES (3145755,
	3145731,
	3145752,
	0);
INSERT INTO GD_CTXT
	VALUES (3145755,
	0,
	0,
	0,
	0,
	0,
	0,
	1967,
	1496,
	2142,
	1542,
	-161,
	-17,
	0,
	0,
	0,
	0,
	0,
	0);
INSERT INTO GD_LS
	VALUES (3145863,
	3145755,
	2144,
	1488,
	2144,
	1568,
	0);
INSERT INTO GD_GE
	VALUES (3145757,
	3145729,
	3145734,
	42);
INSERT INTO GD_CON
	VALUES (3145757,
	3145752,
	3145731,
	0);
INSERT INTO GD_CTXT
	VALUES (3145757,
	0,
	0,
	0,
	0,
	0,
	0,
	2232,
	1408,
	2396,
	1449,
	-120,
	-49,
	0,
	0,
	0,
	0,
	0,
	0);
INSERT INTO GD_LS
	VALUES (3145928,
	3145757,
	2320,
	1616,
	2368,
	1616,
	0);
INSERT INTO GD_LS
	VALUES (3145929,
	3145757,
	2368,
	1616,
	2368,
	1456,
	3145928);
INSERT INTO GD_LS
	VALUES (3145930,
	3145757,
	2368,
	1456,
	2192,
	1456,
	3145929);
INSERT INTO GD_GE
	VALUES (3145761,
	3145729,
	3145735,
	42);
INSERT INTO GD_CON
	VALUES (3145761,
	3145751,
	3145731,
	0);
INSERT INTO GD_CTXT
	VALUES (3145761,
	0,
	0,
	0,
	0,
	0,
	0,
	1623,
	1385,
	1728,
	1430,
	7,
	-96,
	0,
	0,
	0,
	0,
	0,
	0);
INSERT INTO GD_LS
	VALUES (3145915,
	3145761,
	1664,
	1632,
	1648,
	1632,
	0);
INSERT INTO GD_LS
	VALUES (3145916,
	3145761,
	1648,
	1632,
	1632,
	1632,
	3145915);
INSERT INTO GD_LS
	VALUES (3145917,
	3145761,
	1632,
	1632,
	1632,
	1456,
	3145916);
INSERT INTO GD_LS
	VALUES (3145918,
	3145761,
	1632,
	1456,
	1760,
	1456,
	3145917);
INSERT INTO GD_GE
	VALUES (3145934,
	3145729,
	3145736,
	42);
INSERT INTO GD_CON
	VALUES (3145934,
	3145933,
	3145730,
	0);
INSERT INTO GD_CTXT
	VALUES (3145934,
	0,
	0,
	0,
	0,
	0,
	0,
	1952,
	1112,
	2002,
	1142,
	0,
	-1,
	0,
	0,
	0,
	0,
	0,
	0);
INSERT INTO GD_LS
	VALUES (3145936,
	3145934,
	1968,
	1088,
	1968,
	1168,
	0);
INSERT INTO S_EEM
	VALUES (524289,
	524292,
	6,
	4194312);
INSERT INTO CA_SMEEC
	VALUES (4194305,
	1048578,
	524292,
	524289);
INSERT INTO CA_COMM
	VALUES (4194305,
	4194312);
INSERT INTO CA_SMEEE
	VALUES (4194305,
	524292,
	524289);
INSERT INTO CA_SMEEE
	VALUES (4194305,
	524292,
	524290);
INSERT INTO CA_EESMC
	VALUES (4194306,
	524289,
	524292,
	1048578);
INSERT INTO CA_COMM
	VALUES (4194306,
	4194312);
INSERT INTO CA_EESME
	VALUES (4194306,
	1048578,
	1048578);
INSERT INTO CA_EESME
	VALUES (4194306,
	1048578,
	1048579);
INSERT INTO GD_MD
	VALUES (4194318,
	5,
	4194312,
	11,
	1,
	0,
	1,
	1,
	0,
	12,
	1568,
	4165,
	1.000000,
	0);
INSERT INTO GD_GE
	VALUES (4194321,
	4194318,
	4194305,
	21);
INSERT INTO GD_SHP
	VALUES (4194321,
	1680,
	1248,
	1952,
	1408);
INSERT INTO GD_GE
	VALUES (4194322,
	4194318,
	4194306,
	21);
INSERT INTO GD_SHP
	VALUES (4194322,
	1680,
	1440,
	1952,
	1600);
INSERT INTO GD_GE
	VALUES (4194323,
	4194318,
	4194307,
	21);
INSERT INTO GD_SHP
	VALUES (4194323,
	1984,
	1440,
	2256,
	1600);
INSERT INTO GD_GE
	VALUES (4194324,
	4194318,
	4194308,
	21);
INSERT INTO GD_SHP
	VALUES (4194324,
	1984,
	1248,
	2256,
	1408);
INSERT INTO GD_GE
	VALUES (4194350,
	4194318,
	4194309,
	21);
INSERT INTO GD_SHP
	VALUES (4194350,
	1680,
	1632,
	1952,
	1792);
INSERT INTO GD_MD
	VALUES (4194319,
	6,
	4194312,
	11,
	1,
	0,
	1,
	1,
	0,
	12,
	1600,
	4200,
	1.000000,
	0);
INSERT INTO GD_GE
	VALUES (4194325,
	4194319,
	4194305,
	21);
INSERT INTO GD_SHP
	VALUES (4194325,
	1824,
	1296,
	2016,
	1360);
INSERT INTO GD_GE
	VALUES (4194326,
	4194319,
	1572867,
	40);
INSERT INTO GD_SHP
	VALUES (4194326,
	1680,
	1664,
	1872,
	1728);
INSERT INTO GD_GE
	VALUES (4194327,
	4194319,
	4194307,
	21);
INSERT INTO GD_SHP
	VALUES (4194327,
	1952,
	1568,
	2144,
	1632);
INSERT INTO GD_GE
	VALUES (4194328,
	4194319,
	4194308,
	21);
INSERT INTO GD_SHP
	VALUES (4194328,
	1680,
	1568,
	1872,
	1632);
INSERT INTO GD_GE
	VALUES (4194352,
	4194319,
	4194309,
	21);
INSERT INTO GD_SHP
	VALUES (4194352,
	2048,
	1456,
	2240,
	1520);
INSERT INTO GD_MD
	VALUES (4194320,
	7,
	4194312,
	11,
	1,
	0,
	1,
	1,
	0,
	12,
	1600,
	4200,
	1.000000,
	0);
INSERT INTO GD_GE
	VALUES (4194329,
	4194320,
	4194305,
	21);
INSERT INTO GD_SHP
	VALUES (4194329,
	1744,
	1296,
	1936,
	1360);
INSERT INTO GD_GE
	VALUES (4194330,
	4194320,
	4194306,
	21);
INSERT INTO GD_SHP
	VALUES (4194330,
	1744,
	1472,
	1936,
	1536);
INSERT INTO GD_GE
	VALUES (4194331,
	4194320,
	1572867,
	40);
INSERT INTO GD_SHP
	VALUES (4194331,
	1904,
	1564,
	2096,
	1628);
INSERT INTO GD_GE
	VALUES (4194332,
	4194320,
	4194307,
	21);
INSERT INTO GD_SHP
	VALUES (4194332,
	2016,
	1472,
	2208,
	1536);
INSERT INTO GD_GE
	VALUES (4194333,
	4194320,
	4194308,
	21);
INSERT INTO GD_SHP
	VALUES (4194333,
	2016,
	1296,
	2208,
	1360);
INSERT INTO GD_GE
	VALUES (4194351,
	4194320,
	4194309,
	21);
INSERT INTO GD_SHP
	VALUES (4194351,
	2000,
	1488,
	2192,
	1552);
