-- BP 6.1D content: domain syschar: 3

INSERT INTO S_DOM
	VALUES (2084515,
	'G_ALL_G_EVT_LE_precreated',
	'This test deals with sending pre-created events from different action specifications than
where they are created.  Additionally, the generation of the pre-created event is the should be
the only generation in the action spec.  This test verifies the fix for nextgen issues 590 and 625.
The test design is nextgen issue 830.

Events are sent from all possible action specifications: bridge, function, class operation
instance operation, MDA, and state action.  The precreated events are used as class 
attributes, parameters, and local variables.  Note that the parser prevents params from being
used directly as a pre-created event.

Events are sent to Assigner state charts, Instance state charts, and creation transitions.
Each event is sent without supplemental data.',
	0,
	1);
INSERT INTO S_CDT
	VALUES (524289,
	0);
INSERT INTO S_DT
	VALUES (524289,
	2084515,
	'void',
	'');
INSERT INTO S_CDT
	VALUES (524290,
	1);
INSERT INTO S_DT
	VALUES (524290,
	2084515,
	'boolean',
	'');
INSERT INTO S_CDT
	VALUES (524291,
	2);
INSERT INTO S_DT
	VALUES (524291,
	2084515,
	'integer',
	'');
INSERT INTO S_CDT
	VALUES (524292,
	3);
INSERT INTO S_DT
	VALUES (524292,
	2084515,
	'real',
	'');
INSERT INTO S_CDT
	VALUES (524293,
	4);
INSERT INTO S_DT
	VALUES (524293,
	2084515,
	'string',
	'');
INSERT INTO S_CDT
	VALUES (524294,
	5);
INSERT INTO S_DT
	VALUES (524294,
	2084515,
	'unique_id',
	'');
INSERT INTO S_CDT
	VALUES (524295,
	6);
INSERT INTO S_DT
	VALUES (524295,
	2084515,
	'state<State_Model>',
	'');
INSERT INTO S_CDT
	VALUES (524296,
	7);
INSERT INTO S_DT
	VALUES (524296,
	2084515,
	'same_as<Base_Attribute>',
	'');
INSERT INTO S_CDT
	VALUES (524297,
	8);
INSERT INTO S_DT
	VALUES (524297,
	2084515,
	'inst_ref<Object>',
	'');
INSERT INTO S_CDT
	VALUES (524298,
	9);
INSERT INTO S_DT
	VALUES (524298,
	2084515,
	'inst_ref_set<Object>',
	'');
INSERT INTO S_CDT
	VALUES (524299,
	10);
INSERT INTO S_DT
	VALUES (524299,
	2084515,
	'inst<Event>',
	'');
INSERT INTO S_CDT
	VALUES (524300,
	11);
INSERT INTO S_DT
	VALUES (524300,
	2084515,
	'inst<Mapping>',
	'');
INSERT INTO S_CDT
	VALUES (524301,
	12);
INSERT INTO S_DT
	VALUES (524301,
	2084515,
	'inst_ref<Mapping>',
	'');
INSERT INTO S_UDT
	VALUES (524302,
	524300,
	1);
INSERT INTO S_DT
	VALUES (524302,
	2084515,
	'date',
	'');
INSERT INTO S_UDT
	VALUES (524303,
	524300,
	2);
INSERT INTO S_DT
	VALUES (524303,
	2084515,
	'timestamp',
	'');
INSERT INTO S_UDT
	VALUES (524304,
	524301,
	3);
INSERT INTO S_DT
	VALUES (524304,
	2084515,
	'inst_ref<Timer>',
	'');
INSERT INTO S_SYNC
	VALUES (524289,
	2084515,
	'gen_PDR_event',
	'This is the function description.

',
	'select any pdr from instances of PDR where ( selected.dr_id == param.id );
y = param.p;
generate y;
generate pdr.evt_test;

',
	524289,
	1);
INSERT INTO S_SPARM
	VALUES (524337,
	524289,
	'id',
	524291,
	0);
INSERT INTO S_SPARM
	VALUES (524342,
	524289,
	'p',
	524299,
	0);
INSERT INTO S_SYNC
	VALUES (524291,
	2084515,
	'gen_ASM_event',
	'

',
	'select any pdr from instances of PDR where ( selected.dr_id == param.id );

y = param.p;
generate y;

generate pdr.evt_test;


',
	524289,
	1);
INSERT INTO S_SPARM
	VALUES (524343,
	524291,
	'p',
	524299,
	0);
INSERT INTO S_SPARM
	VALUES (524346,
	524291,
	'id',
	524291,
	0);
INSERT INTO S_SYNC
	VALUES (524292,
	2084515,
	'gen_CRE_event',
	'

',
	'select any pdr from instances of PDR where ( selected.dr_id == param.id );

y = param.p;
generate y;

generate pdr.evt_test;

',
	524289,
	1);
INSERT INTO S_SPARM
	VALUES (524349,
	524292,
	'id',
	524291,
	0);
INSERT INTO S_SPARM
	VALUES (524350,
	524292,
	'p',
	524299,
	0);
INSERT INTO S_EE
	VALUES (524290,
	'Logging ',
	'',
	'LOG',
	2084515);
INSERT INTO S_BRG
	VALUES (524304,
	524290,
	'LogSuccess',
	'',
	0,
	524289,
	'',
	1);
INSERT INTO S_BPARM
	VALUES (524311,
	524304,
	'message',
	524293,
	0);
INSERT INTO S_BRG
	VALUES (524305,
	524290,
	'LogFailure',
	'',
	0,
	524289,
	'',
	1);
INSERT INTO S_BPARM
	VALUES (524312,
	524305,
	'message',
	524293,
	0);
INSERT INTO S_BRG
	VALUES (524306,
	524290,
	'LogInfo',
	'',
	0,
	524289,
	'',
	1);
INSERT INTO S_BPARM
	VALUES (524313,
	524306,
	'message',
	524293,
	0);
INSERT INTO S_EE
	VALUES (524291,
	'Time',
	'',
	'TIM',
	2084515);
INSERT INTO S_BRG
	VALUES (524307,
	524291,
	'current_date',
	'',
	1,
	524302,
	'',
	0);
INSERT INTO S_BRG
	VALUES (524308,
	524291,
	'create_date',
	'',
	1,
	524302,
	'',
	0);
INSERT INTO S_BPARM
	VALUES (524314,
	524308,
	'second',
	524291,
	0);
INSERT INTO S_BPARM
	VALUES (524315,
	524308,
	'minute',
	524291,
	0);
INSERT INTO S_BPARM
	VALUES (524316,
	524308,
	'hour',
	524291,
	0);
INSERT INTO S_BPARM
	VALUES (524317,
	524308,
	'day',
	524291,
	0);
INSERT INTO S_BPARM
	VALUES (524318,
	524308,
	'month',
	524291,
	0);
INSERT INTO S_BPARM
	VALUES (524319,
	524308,
	'year',
	524291,
	0);
INSERT INTO S_BRG
	VALUES (524309,
	524291,
	'get_second',
	'',
	1,
	524291,
	'',
	0);
INSERT INTO S_BPARM
	VALUES (524320,
	524309,
	'date',
	524302,
	0);
INSERT INTO S_BRG
	VALUES (524310,
	524291,
	'get_minute',
	'',
	1,
	524291,
	'',
	0);
INSERT INTO S_BPARM
	VALUES (524321,
	524310,
	'date',
	524302,
	0);
INSERT INTO S_BRG
	VALUES (524311,
	524291,
	'get_hour',
	'',
	1,
	524291,
	'',
	0);
INSERT INTO S_BPARM
	VALUES (524322,
	524311,
	'date',
	524302,
	0);
INSERT INTO S_BRG
	VALUES (524312,
	524291,
	'get_day',
	'',
	1,
	524291,
	'',
	0);
INSERT INTO S_BPARM
	VALUES (524323,
	524312,
	'date',
	524302,
	0);
INSERT INTO S_BRG
	VALUES (524313,
	524291,
	'get_month',
	'',
	1,
	524291,
	'',
	0);
INSERT INTO S_BPARM
	VALUES (524324,
	524313,
	'date',
	524302,
	0);
INSERT INTO S_BRG
	VALUES (524314,
	524291,
	'get_year',
	'',
	1,
	524291,
	'',
	0);
INSERT INTO S_BPARM
	VALUES (524325,
	524314,
	'date',
	524302,
	0);
INSERT INTO S_BRG
	VALUES (524315,
	524291,
	'current_clock',
	'',
	1,
	524303,
	'',
	0);
INSERT INTO S_BRG
	VALUES (524316,
	524291,
	'timer_start',
	'',
	1,
	524304,
	'',
	0);
INSERT INTO S_BPARM
	VALUES (524326,
	524316,
	'microseconds',
	524291,
	0);
INSERT INTO S_BPARM
	VALUES (524327,
	524316,
	'event_inst',
	524299,
	0);
INSERT INTO S_BRG
	VALUES (524317,
	524291,
	'timer_start_recurring',
	'',
	1,
	524304,
	'',
	0);
INSERT INTO S_BPARM
	VALUES (524328,
	524317,
	'microseconds',
	524291,
	0);
INSERT INTO S_BPARM
	VALUES (524329,
	524317,
	'event_inst',
	524299,
	0);
INSERT INTO S_BRG
	VALUES (524318,
	524291,
	'timer_remaining_time',
	'',
	1,
	524291,
	'',
	0);
INSERT INTO S_BPARM
	VALUES (524330,
	524318,
	'timer_inst_ref',
	524304,
	0);
INSERT INTO S_BRG
	VALUES (524319,
	524291,
	'timer_reset_time',
	'',
	1,
	524290,
	'',
	0);
INSERT INTO S_BPARM
	VALUES (524331,
	524319,
	'timer_inst_ref',
	524304,
	0);
INSERT INTO S_BPARM
	VALUES (524332,
	524319,
	'microseconds',
	524291,
	0);
INSERT INTO S_BRG
	VALUES (524320,
	524291,
	'timer_add_time',
	'',
	1,
	524290,
	'',
	0);
INSERT INTO S_BPARM
	VALUES (524333,
	524320,
	'timer_inst_ref',
	524304,
	0);
INSERT INTO S_BPARM
	VALUES (524334,
	524320,
	'microseconds',
	524291,
	0);
INSERT INTO S_BRG
	VALUES (524321,
	524291,
	'timer_cancel',
	'',
	1,
	524290,
	'',
	0);
INSERT INTO S_BPARM
	VALUES (524335,
	524321,
	'timer_inst_ref',
	524304,
	0);
INSERT INTO S_EE
	VALUES (524294,
	'Architecture',
	'',
	'ARCH',
	2084515);
INSERT INTO S_BRG
	VALUES (524322,
	524294,
	'shutdown',
	'',
	0,
	524289,
	'control stop;',
	1);
INSERT INTO S_EE
	VALUES (524295,
	'Generate Event EE',
	'',
	'GEEE',
	2084515);
INSERT INTO S_BRG
	VALUES (524325,
	524295,
	'gen_PDR_event',
	'This is the bridge description.

',
	0,
	524289,
	'select any pdr from instances of PDR where ( selected.dr_id == param.id );

y = param.p;
generate y;

generate pdr.evt_test;
',
	1);
INSERT INTO S_BPARM
	VALUES (524338,
	524325,
	'id',
	524291,
	0);
INSERT INTO S_BPARM
	VALUES (524340,
	524325,
	'p',
	524299,
	0);
INSERT INTO S_BRG
	VALUES (524327,
	524295,
	'gen_ASM_event',
	'

',
	0,
	524289,
	'select any pdr from instances of PDR where ( selected.dr_id == param.id );

y = param.p;
generate y;

generate pdr.evt_test;
',
	1);
INSERT INTO S_BPARM
	VALUES (524344,
	524327,
	'p',
	524299,
	0);
INSERT INTO S_BPARM
	VALUES (524345,
	524327,
	'id',
	524291,
	0);
INSERT INTO S_BRG
	VALUES (524328,
	524295,
	'gen_CRE_event',
	'

',
	0,
	524289,
	'select any pdr from instances of PDR where ( selected.dr_id == param.id );

y = param.p;
generate y;

generate pdr.evt_test;


',
	1);
INSERT INTO S_BPARM
	VALUES (524347,
	524328,
	'id',
	524291,
	0);
INSERT INTO S_BPARM
	VALUES (524348,
	524328,
	'p',
	524299,
	0);
INSERT INTO GD_MD
	VALUES (524289,
	1,
	2084515,
	1,
	1,
	0,
	1,
	1,
	0,
	12,
	1543,
	4363,
	1.000000,
	0);
INSERT INTO GD_GE
	VALUES (524301,
	524289,
	524290,
	12);
INSERT INTO GD_SHP
	VALUES (524301,
	1696,
	1536,
	1936,
	1680);
INSERT INTO GD_GE
	VALUES (524318,
	524289,
	4194312,
	11);
INSERT INTO GD_SHP
	VALUES (524318,
	1952,
	1216,
	2192,
	1360);
INSERT INTO GD_GE
	VALUES (524319,
	524289,
	524291,
	12);
INSERT INTO GD_SHP
	VALUES (524319,
	1952,
	1376,
	2192,
	1520);
INSERT INTO GD_GE
	VALUES (524322,
	524289,
	524294,
	12);
INSERT INTO GD_SHP
	VALUES (524322,
	1952,
	1536,
	2192,
	1680);
INSERT INTO GD_GE
	VALUES (524337,
	524289,
	524295,
	12);
INSERT INTO GD_SHP
	VALUES (524337,
	1696,
	1376,
	1936,
	1504);
INSERT INTO GD_MD
	VALUES (524290,
	2,
	2084515,
	1,
	1,
	0,
	1,
	1,
	0,
	12,
	1600,
	4200,
	1.000000,
	0);
INSERT INTO GD_GE
	VALUES (524323,
	524290,
	4194312,
	11);
INSERT INTO GD_SHP
	VALUES (524323,
	1920,
	1344,
	2080,
	1440);
INSERT INTO GD_MD
	VALUES (524291,
	3,
	2084515,
	1,
	1,
	0,
	1,
	1,
	0,
	12,
	1600,
	4200,
	1.000000,
	0);
INSERT INTO GD_GE
	VALUES (524324,
	524291,
	4194312,
	11);
INSERT INTO GD_SHP
	VALUES (524324,
	1920,
	1344,
	2080,
	1440);
INSERT INTO GD_MD
	VALUES (524292,
	4,
	2084515,
	1,
	1,
	0,
	1,
	1,
	0,
	12,
	1600,
	4200,
	1.000000,
	0);
INSERT INTO GD_GE
	VALUES (524325,
	524292,
	4194312,
	11);
INSERT INTO GD_SHP
	VALUES (524325,
	1920,
	1344,
	2080,
	1440);
INSERT INTO S_SS
	VALUES (4194312,
	'G_ALL_G_EVT_LE_precreated',
	'',
	'',
	1,
	2084515,
	4194312);
INSERT INTO O_OBJ
	VALUES (4194306,
	'G',
	2,
	'G',
	'',
	4194312);
INSERT INTO O_NBATTR
	VALUES (4194310,
	4194306);
INSERT INTO O_BATTR
	VALUES (4194310,
	4194306);
INSERT INTO O_ATTR
	VALUES (4194310,
	4194306,
	0,
	'g_id',
	'',
	'',
	'g_id',
	0,
	524294);
INSERT INTO O_ID
	VALUES (0,
	4194306);
INSERT INTO O_OIDA
	VALUES (4194310,
	4194306,
	0);
INSERT INTO SM_ASM
	VALUES (1572867,
	4194306);
INSERT INTO SM_SM
	VALUES (1572867,
	'',
	3);
INSERT INTO SM_MOORE
	VALUES (1572867);
INSERT INTO SM_EVTDI
	VALUES (1572870,
	1572867,
	'evt',
	'',
	524299);
INSERT INTO SM_SUPDT
	VALUES (1572865,
	1572867,
	0);
INSERT INTO SM_SUPDT
	VALUES (1572871,
	1572867,
	0);
INSERT INTO SM_SDI
	VALUES (1572870,
	1572871,
	1572867);
INSERT INTO SM_STATE
	VALUES (1572865,
	1572867,
	1572865,
	'Received Event with no supdata From Driver',
	3,
	0);
INSERT INTO SM_LEVT
	VALUES (1572865,
	1572867,
	1572865);
INSERT INTO SM_SEVT
	VALUES (1572865,
	1572867,
	1572865);
INSERT INTO SM_EVT
	VALUES (1572865,
	1572867,
	1572865,
	1,
	'event to assigner',
	0,
	'',
	'G_A1',
	'');
INSERT INTO SM_CH
	VALUES (1572865,
	1572865,
	1572867,
	1572865,
	'');
INSERT INTO SM_SEME
	VALUES (1572865,
	1572865,
	1572867,
	1572865);
INSERT INTO SM_LEVT
	VALUES (1572867,
	1572867,
	1572865);
INSERT INTO SM_SEVT
	VALUES (1572867,
	1572867,
	1572865);
INSERT INTO SM_EVT
	VALUES (1572867,
	1572867,
	1572865,
	3,
	'wait for events from driver',
	0,
	'',
	'G_A3',
	'');
INSERT INTO SM_SEME
	VALUES (1572865,
	1572867,
	1572867,
	1572865);
INSERT INTO SM_LEVT
	VALUES (1572868,
	1572867,
	1572865);
INSERT INTO SM_SEVT
	VALUES (1572868,
	1572867,
	1572865);
INSERT INTO SM_EVT
	VALUES (1572868,
	1572867,
	1572865,
	2,
	'param event',
	0,
	'',
	'G_A2',
	'');
INSERT INTO SM_CH
	VALUES (1572865,
	1572868,
	1572867,
	1572865,
	'');
INSERT INTO SM_SEME
	VALUES (1572865,
	1572868,
	1572867,
	1572865);
INSERT INTO SM_LEVT
	VALUES (1572869,
	1572867,
	1572865);
INSERT INTO SM_SEVT
	VALUES (1572869,
	1572867,
	1572865);
INSERT INTO SM_EVT
	VALUES (1572869,
	1572867,
	1572865,
	4,
	'mda event',
	0,
	'',
	'G_A4',
	'');
INSERT INTO SM_CH
	VALUES (1572865,
	1572869,
	1572867,
	1572865,
	'');
INSERT INTO SM_SEME
	VALUES (1572865,
	1572869,
	1572867,
	1572865);
INSERT INTO SM_LEVT
	VALUES (1572870,
	1572867,
	1572871);
INSERT INTO SM_SEVT
	VALUES (1572870,
	1572867,
	1572871);
INSERT INTO SM_EVT
	VALUES (1572870,
	1572867,
	1572871,
	5,
	'asm event',
	0,
	'',
	'G_A5',
	'');
INSERT INTO SM_CH
	VALUES (1572865,
	1572870,
	1572867,
	1572871,
	'');
INSERT INTO SM_SEME
	VALUES (1572865,
	1572870,
	1572867,
	1572871);
INSERT INTO SM_STATE
	VALUES (1572866,
	1572867,
	1572865,
	'Waiting for Event from Driver',
	1,
	0);
INSERT INTO SM_CH
	VALUES (1572866,
	1572865,
	1572867,
	1572865,
	'');
INSERT INTO SM_SEME
	VALUES (1572866,
	1572865,
	1572867,
	1572865);
INSERT INTO SM_SEME
	VALUES (1572866,
	1572867,
	1572867,
	1572865);
INSERT INTO SM_SEME
	VALUES (1572866,
	1572868,
	1572867,
	1572865);
INSERT INTO SM_SEME
	VALUES (1572866,
	1572869,
	1572867,
	1572865);
INSERT INTO SM_SEME
	VALUES (1572866,
	1572870,
	1572867,
	1572871);
INSERT INTO SM_STATE
	VALUES (1572868,
	1572867,
	1572865,
	'Waiting for second event',
	2,
	0);
INSERT INTO SM_SEME
	VALUES (1572868,
	1572865,
	1572867,
	1572865);
INSERT INTO SM_CH
	VALUES (1572868,
	1572867,
	1572867,
	1572865,
	'');
INSERT INTO SM_SEME
	VALUES (1572868,
	1572867,
	1572867,
	1572865);
INSERT INTO SM_CH
	VALUES (1572868,
	1572868,
	1572867,
	1572865,
	'');
INSERT INTO SM_SEME
	VALUES (1572868,
	1572868,
	1572867,
	1572865);
INSERT INTO SM_CH
	VALUES (1572868,
	1572869,
	1572867,
	1572865,
	'');
INSERT INTO SM_SEME
	VALUES (1572868,
	1572869,
	1572867,
	1572865);
INSERT INTO SM_CH
	VALUES (1572868,
	1572870,
	1572867,
	1572871,
	'');
INSERT INTO SM_SEME
	VALUES (1572868,
	1572870,
	1572867,
	1572871);
INSERT INTO SM_STATE
	VALUES (1572869,
	1572867,
	1572871,
	'Action Send Event to ASM',
	4,
	0);
INSERT INTO SM_CH
	VALUES (1572869,
	1572865,
	1572867,
	1572865,
	'');
INSERT INTO SM_SEME
	VALUES (1572869,
	1572865,
	1572867,
	1572865);
INSERT INTO SM_CH
	VALUES (1572869,
	1572867,
	1572867,
	1572865,
	'');
INSERT INTO SM_SEME
	VALUES (1572869,
	1572867,
	1572867,
	1572865);
INSERT INTO SM_SEME
	VALUES (1572869,
	1572868,
	1572867,
	1572865);
INSERT INTO SM_CH
	VALUES (1572869,
	1572869,
	1572867,
	1572865,
	'');
INSERT INTO SM_SEME
	VALUES (1572869,
	1572869,
	1572867,
	1572865);
INSERT INTO SM_CH
	VALUES (1572869,
	1572870,
	1572867,
	1572871,
	'');
INSERT INTO SM_SEME
	VALUES (1572869,
	1572870,
	1572867,
	1572871);
INSERT INTO SM_STATE
	VALUES (1572870,
	1572867,
	1572865,
	'Action Send Event to ASM 2',
	5,
	0);
INSERT INTO SM_SEME
	VALUES (1572870,
	1572865,
	1572867,
	1572865);
INSERT INTO SM_CH
	VALUES (1572870,
	1572867,
	1572867,
	1572865,
	'');
INSERT INTO SM_SEME
	VALUES (1572870,
	1572867,
	1572867,
	1572865);
INSERT INTO SM_CH
	VALUES (1572870,
	1572868,
	1572867,
	1572865,
	'');
INSERT INTO SM_SEME
	VALUES (1572870,
	1572868,
	1572867,
	1572865);
INSERT INTO SM_CH
	VALUES (1572870,
	1572869,
	1572867,
	1572865,
	'');
INSERT INTO SM_SEME
	VALUES (1572870,
	1572869,
	1572867,
	1572865);
INSERT INTO SM_CH
	VALUES (1572870,
	1572870,
	1572867,
	1572871,
	'');
INSERT INTO SM_SEME
	VALUES (1572870,
	1572870,
	1572867,
	1572871);
INSERT INTO SM_NSTXN
	VALUES (1572867,
	1572867,
	1572865,
	1572867,
	1572865);
INSERT INTO SM_TXN
	VALUES (1572867,
	1572867,
	1572866,
	1572865);
INSERT INTO SM_NSTXN
	VALUES (1572869,
	1572867,
	1572866,
	1572867,
	1572865);
INSERT INTO SM_TXN
	VALUES (1572869,
	1572867,
	1572866,
	1572865);
INSERT INTO SM_NSTXN
	VALUES (1572870,
	1572867,
	1572866,
	1572868,
	1572865);
INSERT INTO SM_TXN
	VALUES (1572870,
	1572867,
	1572868,
	1572865);
INSERT INTO SM_NSTXN
	VALUES (1572871,
	1572867,
	1572868,
	1572865,
	1572865);
INSERT INTO SM_TXN
	VALUES (1572871,
	1572867,
	1572865,
	1572865);
INSERT INTO SM_NSTXN
	VALUES (1572872,
	1572867,
	1572866,
	1572869,
	1572865);
INSERT INTO SM_TXN
	VALUES (1572872,
	1572867,
	1572865,
	1572865);
INSERT INTO SM_NSTXN
	VALUES (1572873,
	1572867,
	1572866,
	1572870,
	1572871);
INSERT INTO SM_TXN
	VALUES (1572873,
	1572867,
	1572869,
	1572871);
INSERT INTO SM_NSTXN
	VALUES (1572876,
	1572867,
	1572869,
	1572868,
	1572865);
INSERT INTO SM_TXN
	VALUES (1572876,
	1572867,
	1572870,
	1572865);
INSERT INTO SM_NSTXN
	VALUES (1572877,
	1572867,
	1572870,
	1572865,
	1572865);
INSERT INTO SM_TXN
	VALUES (1572877,
	1572867,
	1572865,
	1572865);
INSERT INTO SM_MOAH
	VALUES (1572865,
	1572867,
	1572865);
INSERT INTO SM_AH
	VALUES (1572865,
	1572867);
INSERT INTO SM_ACT
	VALUES (1572865,
	1572867,
	1,
	'select any pdr from instances of PDR;
generate PDR1:''next test'' to pdr;
generate G_A3:''wait for events from driver'' to G assigner;',
	'');
INSERT INTO SM_MOAH
	VALUES (1572866,
	1572867,
	1572866);
INSERT INTO SM_AH
	VALUES (1572866,
	1572867);
INSERT INTO SM_ACT
	VALUES (1572866,
	1572867,
	1,
	'',
	'');
INSERT INTO SM_MOAH
	VALUES (1572868,
	1572867,
	1572868);
INSERT INTO SM_AH
	VALUES (1572868,
	1572867);
INSERT INTO SM_ACT
	VALUES (1572868,
	1572867,
	1,
	'

',
	'// do nothing');
INSERT INTO SM_MOAH
	VALUES (1572869,
	1572867,
	1572869);
INSERT INTO SM_AH
	VALUES (1572869,
	1572867);
INSERT INTO SM_ACT
	VALUES (1572869,
	1572867,
	1,
	'
y = rcvd_evt.evt;
generate y;
',
	'');
INSERT INTO SM_MOAH
	VALUES (1572870,
	1572867,
	1572870);
INSERT INTO SM_AH
	VALUES (1572870,
	1572867);
INSERT INTO SM_ACT
	VALUES (1572870,
	1572867,
	1,
	'select any pdr from instances of PDR;

generate pdr.evt_test;


',
	'');
INSERT INTO GD_MD
	VALUES (1572865,
	10,
	1572867,
	40,
	1,
	0,
	1,
	1,
	0,
	12,
	1497,
	4200,
	1.000000,
	0);
INSERT INTO GD_GE
	VALUES (1572866,
	1572865,
	1572865,
	41);
INSERT INTO GD_SHP
	VALUES (1572866,
	1904,
	1632,
	2128,
	1776);
INSERT INTO GD_GE
	VALUES (1572867,
	1572865,
	1572866,
	41);
INSERT INTO GD_SHP
	VALUES (1572867,
	1920,
	1280,
	2112,
	1392);
INSERT INTO GD_GE
	VALUES (1572900,
	1572865,
	1572868,
	41);
INSERT INTO GD_SHP
	VALUES (1572900,
	1744,
	1440,
	2000,
	1568);
INSERT INTO GD_GE
	VALUES (1572927,
	1572865,
	1572869,
	41);
INSERT INTO GD_SHP
	VALUES (1572927,
	1504,
	1408,
	1712,
	1520);
INSERT INTO GD_GE
	VALUES (1572949,
	1572865,
	1572870,
	41);
INSERT INTO GD_SHP
	VALUES (1572949,
	1536,
	1664,
	1744,
	1776);
INSERT INTO GD_GE
	VALUES (1572875,
	1572865,
	1572867,
	42);
INSERT INTO GD_CON
	VALUES (1572875,
	1572866,
	1572867,
	0);
INSERT INTO GD_CTXT
	VALUES (1572875,
	0,
	0,
	0,
	0,
	0,
	0,
	2104,
	1497,
	2330,
	1519,
	240,
	-6,
	0,
	0,
	0,
	0,
	0,
	0);
INSERT INTO GD_LS
	VALUES (1572898,
	1572875,
	2096,
	1632,
	2096,
	1392,
	0);
INSERT INTO GD_GE
	VALUES (1572877,
	1572865,
	1572869,
	42);
INSERT INTO GD_CON
	VALUES (1572877,
	1572867,
	1572867,
	0);
INSERT INTO GD_CTXT
	VALUES (1572877,
	0,
	0,
	0,
	0,
	0,
	0,
	1769,
	1198,
	1911,
	1256,
	-78,
	-19,
	0,
	0,
	0,
	0,
	0,
	0);
INSERT INTO GD_LS
	VALUES (1572878,
	1572877,
	1920,
	1312,
	1872,
	1312,
	0);
INSERT INTO GD_LS
	VALUES (1572879,
	1572877,
	1872,
	1312,
	1872,
	1232,
	1572878);
INSERT INTO GD_LS
	VALUES (1572880,
	1572877,
	1872,
	1232,
	1952,
	1232,
	1572879);
INSERT INTO GD_LS
	VALUES (1572881,
	1572877,
	1952,
	1232,
	1952,
	1280,
	1572880);
INSERT INTO GD_GE
	VALUES (1572901,
	1572865,
	1572870,
	42);
INSERT INTO GD_CON
	VALUES (1572901,
	1572867,
	1572900,
	0);
INSERT INTO GD_CTXT
	VALUES (1572901,
	0,
	0,
	0,
	0,
	0,
	0,
	0,
	0,
	0,
	0,
	0,
	0,
	0,
	0,
	0,
	0,
	0,
	0);
INSERT INTO GD_LS
	VALUES (1572902,
	1572901,
	1952,
	1392,
	1952,
	1440,
	0);
INSERT INTO GD_GE
	VALUES (1572903,
	1572865,
	1572871,
	42);
INSERT INTO GD_CON
	VALUES (1572903,
	1572900,
	1572866,
	0);
INSERT INTO GD_CTXT
	VALUES (1572903,
	0,
	0,
	0,
	0,
	0,
	0,
	0,
	0,
	0,
	0,
	0,
	0,
	0,
	0,
	0,
	0,
	0,
	0);
INSERT INTO GD_LS
	VALUES (1572904,
	1572903,
	1952,
	1568,
	1952,
	1632,
	0);
INSERT INTO GD_GE
	VALUES (1572905,
	1572865,
	1572872,
	42);
INSERT INTO GD_CON
	VALUES (1572905,
	1572867,
	1572866,
	0);
INSERT INTO GD_CTXT
	VALUES (1572905,
	0,
	0,
	0,
	0,
	0,
	0,
	2032,
	1420,
	2153,
	1442,
	143,
	-83,
	0,
	0,
	0,
	0,
	0,
	0);
INSERT INTO GD_LS
	VALUES (1572926,
	1572905,
	2016,
	1392,
	2016,
	1632,
	0);
INSERT INTO GD_GE
	VALUES (1572928,
	1572865,
	1572873,
	42);
INSERT INTO GD_CON
	VALUES (1572928,
	1572867,
	1572927,
	0);
INSERT INTO GD_CTXT
	VALUES (1572928,
	0,
	0,
	0,
	0,
	0,
	0,
	1710,
	1316,
	1830,
	1338,
	0,
	0,
	0,
	0,
	0,
	0,
	0,
	0);
INSERT INTO GD_LS
	VALUES (1572947,
	1572928,
	1920,
	1344,
	1616,
	1344,
	0);
INSERT INTO GD_LS
	VALUES (1572948,
	1572928,
	1616,
	1344,
	1616,
	1408,
	1572947);
INSERT INTO GD_GE
	VALUES (1572950,
	1572865,
	1572876,
	42);
INSERT INTO GD_CON
	VALUES (1572950,
	1572927,
	1572949,
	0);
INSERT INTO GD_CTXT
	VALUES (1572950,
	0,
	0,
	0,
	0,
	0,
	0,
	0,
	0,
	0,
	0,
	0,
	0,
	0,
	0,
	0,
	0,
	0,
	0);
INSERT INTO GD_LS
	VALUES (1572951,
	1572950,
	1616,
	1520,
	1616,
	1664,
	0);
INSERT INTO GD_GE
	VALUES (1572952,
	1572865,
	1572877,
	42);
INSERT INTO GD_CON
	VALUES (1572952,
	1572949,
	1572866,
	0);
INSERT INTO GD_CTXT
	VALUES (1572952,
	0,
	0,
	0,
	0,
	0,
	0,
	0,
	0,
	0,
	0,
	0,
	0,
	0,
	0,
	0,
	0,
	0,
	0);
INSERT INTO GD_LS
	VALUES (1572953,
	1572952,
	1744,
	1728,
	1904,
	1728,
	0);
INSERT INTO O_OBJ
	VALUES (4194307,
	'H',
	3,
	'H',
	'',
	4194312);
INSERT INTO O_NBATTR
	VALUES (4194311,
	4194307);
INSERT INTO O_BATTR
	VALUES (4194311,
	4194307);
INSERT INTO O_ATTR
	VALUES (4194311,
	4194307,
	0,
	'h_id',
	'',
	'',
	'h_id',
	0,
	524294);
INSERT INTO O_NBATTR
	VALUES (4194312,
	4194307);
INSERT INTO O_BATTR
	VALUES (4194312,
	4194307);
INSERT INTO O_ATTR
	VALUES (4194312,
	4194307,
	4194311,
	'current_state',
	'',
	'',
	'current_state',
	0,
	524295);
INSERT INTO O_ID
	VALUES (0,
	4194307);
INSERT INTO O_OIDA
	VALUES (4194311,
	4194307,
	0);
INSERT INTO SM_ISM
	VALUES (2097156,
	4194307);
INSERT INTO SM_SM
	VALUES (2097156,
	'',
	4);
INSERT INTO SM_MOORE
	VALUES (2097156);
INSERT INTO SM_EVTDI
	VALUES (2097157,
	2097156,
	'evt',
	'',
	524299);
INSERT INTO SM_SUPDT
	VALUES (2097153,
	2097156,
	0);
INSERT INTO SM_SUPDT
	VALUES (2097157,
	2097156,
	0);
INSERT INTO SM_SDI
	VALUES (2097157,
	2097157,
	2097156);
INSERT INTO SM_STATE
	VALUES (2097154,
	2097156,
	2097153,
	'Creation State',
	1,
	0);
INSERT INTO SM_LEVT
	VALUES (2097153,
	2097156,
	2097153);
INSERT INTO SM_SEVT
	VALUES (2097153,
	2097156,
	2097153);
INSERT INTO SM_EVT
	VALUES (2097153,
	2097156,
	2097153,
	1,
	'event to creator',
	0,
	'',
	'H1',
	'');
INSERT INTO SM_CH
	VALUES (2097154,
	2097153,
	2097156,
	2097153,
	'');
INSERT INTO SM_SEME
	VALUES (2097154,
	2097153,
	2097156,
	2097153);
INSERT INTO SM_LEVT
	VALUES (2097155,
	2097156,
	2097153);
INSERT INTO SM_SEVT
	VALUES (2097155,
	2097156,
	2097153);
INSERT INTO SM_EVT
	VALUES (2097155,
	2097156,
	2097153,
	2,
	'param event',
	0,
	'',
	'H2',
	'');
INSERT INTO SM_CH
	VALUES (2097154,
	2097155,
	2097156,
	2097153,
	'');
INSERT INTO SM_SEME
	VALUES (2097154,
	2097155,
	2097156,
	2097153);
INSERT INTO SM_LEVT
	VALUES (2097156,
	2097156,
	2097157);
INSERT INTO SM_SEVT
	VALUES (2097156,
	2097156,
	2097157);
INSERT INTO SM_EVT
	VALUES (2097156,
	2097156,
	2097157,
	3,
	'edi event',
	0,
	'',
	'H3',
	'');
INSERT INTO SM_CH
	VALUES (2097154,
	2097156,
	2097156,
	2097157,
	'');
INSERT INTO SM_SEME
	VALUES (2097154,
	2097156,
	2097156,
	2097157);
INSERT INTO SM_LEVT
	VALUES (2097157,
	2097156,
	2097153);
INSERT INTO SM_SEVT
	VALUES (2097157,
	2097156,
	2097153);
INSERT INTO SM_EVT
	VALUES (2097157,
	2097156,
	2097153,
	4,
	'attr event',
	0,
	'',
	'H4',
	'');
INSERT INTO SM_CH
	VALUES (2097154,
	2097157,
	2097156,
	2097153,
	'');
INSERT INTO SM_SEME
	VALUES (2097154,
	2097157,
	2097156,
	2097153);
INSERT INTO SM_STATE
	VALUES (2097155,
	2097156,
	2097153,
	'Param Creation State',
	2,
	0);
INSERT INTO SM_CH
	VALUES (2097155,
	2097153,
	2097156,
	2097153,
	'');
INSERT INTO SM_SEME
	VALUES (2097155,
	2097153,
	2097156,
	2097153);
INSERT INTO SM_CH
	VALUES (2097155,
	2097155,
	2097156,
	2097153,
	'');
INSERT INTO SM_SEME
	VALUES (2097155,
	2097155,
	2097156,
	2097153);
INSERT INTO SM_CH
	VALUES (2097155,
	2097156,
	2097156,
	2097157,
	'');
INSERT INTO SM_SEME
	VALUES (2097155,
	2097156,
	2097156,
	2097157);
INSERT INTO SM_CH
	VALUES (2097155,
	2097157,
	2097156,
	2097153,
	'');
INSERT INTO SM_SEME
	VALUES (2097155,
	2097157,
	2097156,
	2097153);
INSERT INTO SM_STATE
	VALUES (2097156,
	2097156,
	2097157,
	'Generate from local',
	3,
	0);
INSERT INTO SM_CH
	VALUES (2097156,
	2097153,
	2097156,
	2097153,
	'');
INSERT INTO SM_SEME
	VALUES (2097156,
	2097153,
	2097156,
	2097153);
INSERT INTO SM_CH
	VALUES (2097156,
	2097155,
	2097156,
	2097153,
	'');
INSERT INTO SM_SEME
	VALUES (2097156,
	2097155,
	2097156,
	2097153);
INSERT INTO SM_CH
	VALUES (2097156,
	2097156,
	2097156,
	2097157,
	'');
INSERT INTO SM_SEME
	VALUES (2097156,
	2097156,
	2097156,
	2097157);
INSERT INTO SM_CH
	VALUES (2097156,
	2097157,
	2097156,
	2097153,
	'');
INSERT INTO SM_SEME
	VALUES (2097156,
	2097157,
	2097156,
	2097153);
INSERT INTO SM_STATE
	VALUES (2097157,
	2097156,
	2097153,
	'Generate from obj attr',
	4,
	0);
INSERT INTO SM_CH
	VALUES (2097157,
	2097153,
	2097156,
	2097153,
	'');
INSERT INTO SM_SEME
	VALUES (2097157,
	2097153,
	2097156,
	2097153);
INSERT INTO SM_CH
	VALUES (2097157,
	2097155,
	2097156,
	2097153,
	'');
INSERT INTO SM_SEME
	VALUES (2097157,
	2097155,
	2097156,
	2097153);
INSERT INTO SM_CH
	VALUES (2097157,
	2097156,
	2097156,
	2097157,
	'');
INSERT INTO SM_SEME
	VALUES (2097157,
	2097156,
	2097156,
	2097157);
INSERT INTO SM_CH
	VALUES (2097157,
	2097157,
	2097156,
	2097153,
	'');
INSERT INTO SM_SEME
	VALUES (2097157,
	2097157,
	2097156,
	2097153);
INSERT INTO SM_CRTXN
	VALUES (2097154,
	2097156,
	2097153,
	2097153);
INSERT INTO SM_TXN
	VALUES (2097154,
	2097156,
	2097154,
	2097153);
INSERT INTO SM_CRTXN
	VALUES (2097157,
	2097156,
	2097155,
	2097153);
INSERT INTO SM_TXN
	VALUES (2097157,
	2097156,
	2097155,
	2097153);
INSERT INTO SM_CRTXN
	VALUES (2097158,
	2097156,
	2097156,
	2097157);
INSERT INTO SM_TXN
	VALUES (2097158,
	2097156,
	2097156,
	2097157);
INSERT INTO SM_CRTXN
	VALUES (2097159,
	2097156,
	2097157,
	2097153);
INSERT INTO SM_TXN
	VALUES (2097159,
	2097156,
	2097157,
	2097153);
INSERT INTO SM_MOAH
	VALUES (2097154,
	2097156,
	2097154);
INSERT INTO SM_AH
	VALUES (2097154,
	2097156);
INSERT INTO SM_ACT
	VALUES (2097154,
	2097156,
	1,
	'select any pdr from instances of PDR;
generate PDR1:''next test'' to pdr;',
	'');
INSERT INTO SM_MOAH
	VALUES (2097155,
	2097156,
	2097155);
INSERT INTO SM_AH
	VALUES (2097155,
	2097156);
INSERT INTO SM_ACT
	VALUES (2097155,
	2097156,
	1,
	'select any pdr from instances of PDR;
generate PDR2:''param event'' to pdr;

',
	'');
INSERT INTO SM_MOAH
	VALUES (2097156,
	2097156,
	2097156);
INSERT INTO SM_AH
	VALUES (2097156,
	2097156);
INSERT INTO SM_ACT
	VALUES (2097156,
	2097156,
	1,
	'y = rcvd_evt.evt;
generate y;
',
	'');
INSERT INTO SM_MOAH
	VALUES (2097157,
	2097156,
	2097157);
INSERT INTO SM_AH
	VALUES (2097157,
	2097156);
INSERT INTO SM_ACT
	VALUES (2097157,
	2097156,
	1,
	'select any pdr from instances of PDR;
generate pdr.evt_test;

',
	'');
INSERT INTO GD_MD
	VALUES (2097153,
	8,
	2097156,
	40,
	1,
	0,
	1,
	1,
	0,
	12,
	1456,
	4200,
	1.000000,
	0);
INSERT INTO GD_GE
	VALUES (2097155,
	2097153,
	2097154,
	41);
INSERT INTO GD_SHP
	VALUES (2097155,
	1616,
	1296,
	1840,
	1408);
INSERT INTO GD_GE
	VALUES (2097168,
	2097153,
	2097155,
	41);
INSERT INTO GD_SHP
	VALUES (2097168,
	1952,
	1296,
	2192,
	1408);
INSERT INTO GD_GE
	VALUES (2097171,
	2097153,
	2097156,
	41);
INSERT INTO GD_SHP
	VALUES (2097171,
	1632,
	1520,
	1920,
	1680);
INSERT INTO GD_GE
	VALUES (2097174,
	2097153,
	2097157,
	41);
INSERT INTO GD_SHP
	VALUES (2097174,
	2000,
	1520,
	2224,
	1680);
INSERT INTO GD_GE
	VALUES (2097162,
	2097153,
	2097154,
	42);
INSERT INTO GD_CON
	VALUES (2097162,
	2097155,
	0,
	0);
INSERT INTO GD_CTXT
	VALUES (2097162,
	0,
	0,
	0,
	0,
	0,
	0,
	1758,
	1243,
	1888,
	1288,
	30,
	-6,
	0,
	0,
	0,
	0,
	0,
	0);
INSERT INTO GD_LS
	VALUES (2097163,
	2097162,
	1744,
	1296,
	1744,
	1232,
	0);
INSERT INTO GD_GE
	VALUES (2097169,
	2097153,
	2097157,
	42);
INSERT INTO GD_CON
	VALUES (2097169,
	2097168,
	0,
	0);
INSERT INTO GD_CTXT
	VALUES (2097169,
	0,
	0,
	0,
	0,
	0,
	0,
	2061,
	1254,
	2179,
	1276,
	137,
	-1,
	0,
	0,
	0,
	0,
	0,
	0);
INSERT INTO GD_LS
	VALUES (2097170,
	2097169,
	2048,
	1296,
	2048,
	1232,
	0);
INSERT INTO GD_GE
	VALUES (2097172,
	2097153,
	2097158,
	42);
INSERT INTO GD_CON
	VALUES (2097172,
	2097171,
	0,
	0);
INSERT INTO GD_CTXT
	VALUES (2097172,
	0,
	0,
	0,
	0,
	0,
	0,
	1619,
	1473,
	1724,
	1495,
	-30,
	-6,
	0,
	0,
	0,
	0,
	0,
	0);
INSERT INTO GD_LS
	VALUES (2097173,
	2097172,
	1760,
	1520,
	1760,
	1456,
	0);
INSERT INTO GD_GE
	VALUES (2097175,
	2097153,
	2097159,
	42);
INSERT INTO GD_CON
	VALUES (2097175,
	2097174,
	0,
	0);
INSERT INTO GD_CTXT
	VALUES (2097175,
	0,
	0,
	0,
	0,
	0,
	0,
	1949,
	1480,
	2086,
	1502,
	-20,
	-7,
	0,
	0,
	0,
	0,
	0,
	0);
INSERT INTO GD_LS
	VALUES (2097191,
	2097175,
	2112,
	1520,
	2112,
	1472,
	0);
INSERT INTO O_OBJ
	VALUES (4194308,
	'event init',
	1,
	'INIT',
	'',
	4194312);
INSERT INTO O_NBATTR
	VALUES (4194313,
	4194308);
INSERT INTO O_BATTR
	VALUES (4194313,
	4194308);
INSERT INTO O_ATTR
	VALUES (4194313,
	4194308,
	0,
	'id',
	'',
	'',
	'id',
	0,
	524294);
INSERT INTO O_NBATTR
	VALUES (4194314,
	4194308);
INSERT INTO O_BATTR
	VALUES (4194314,
	4194308);
INSERT INTO O_ATTR
	VALUES (4194314,
	4194308,
	4194313,
	'current_state',
	'',
	'',
	'current_state',
	0,
	524295);
INSERT INTO O_ID
	VALUES (0,
	4194308);
INSERT INTO O_OIDA
	VALUES (4194313,
	4194308,
	0);
INSERT INTO SM_ISM
	VALUES (2621445,
	4194308);
INSERT INTO SM_SM
	VALUES (2621445,
	'',
	5);
INSERT INTO SM_MOORE
	VALUES (2621445);
INSERT INTO SM_SUPDT
	VALUES (2621441,
	2621445,
	0);
INSERT INTO SM_STATE
	VALUES (2621441,
	2621445,
	2621441,
	'Initialize System',
	1,
	0);
INSERT INTO SM_LEVT
	VALUES (2621441,
	2621445,
	2621441);
INSERT INTO SM_SEVT
	VALUES (2621441,
	2621445,
	2621441);
INSERT INTO SM_EVT
	VALUES (2621441,
	2621445,
	2621441,
	1,
	'initialize',
	0,
	'',
	'INIT1',
	'');
INSERT INTO SM_SEME
	VALUES (2621441,
	2621441,
	2621445,
	2621441);
INSERT INTO SM_NSTXN
	VALUES (2621441,
	2621445,
	2621441,
	2621441,
	2621441);
INSERT INTO SM_TXN
	VALUES (2621441,
	2621445,
	2621441,
	2621441);
INSERT INTO SM_MOAH
	VALUES (2621441,
	2621445,
	2621441);
INSERT INTO SM_AH
	VALUES (2621441,
	2621445);
INSERT INTO SM_ACT
	VALUES (2621441,
	2621445,
	1,
	'create object instance pdr of PDR;
pdr.dr_id=44;
generate PDR1:''next test'' to pdr;
',
	'');
INSERT INTO GD_MD
	VALUES (2621441,
	8,
	2621445,
	40,
	1,
	0,
	1,
	1,
	0,
	12,
	1600,
	4200,
	1.000000,
	0);
INSERT INTO GD_GE
	VALUES (2621442,
	2621441,
	2621441,
	41);
INSERT INTO GD_SHP
	VALUES (2621442,
	1792,
	1408,
	2128,
	1680);
INSERT INTO GD_GE
	VALUES (2621443,
	2621441,
	2621441,
	42);
INSERT INTO GD_CON
	VALUES (2621443,
	2621442,
	2621442,
	0);
INSERT INTO GD_CTXT
	VALUES (2621443,
	0,
	0,
	0,
	0,
	0,
	0,
	2199,
	1396,
	2352,
	1430,
	-9,
	59,
	0,
	0,
	0,
	0,
	0,
	0);
INSERT INTO GD_LS
	VALUES (2621444,
	2621443,
	2128,
	1488,
	2224,
	1488,
	0);
INSERT INTO GD_LS
	VALUES (2621445,
	2621443,
	2224,
	1488,
	2224,
	1344,
	2621444);
INSERT INTO GD_LS
	VALUES (2621446,
	2621443,
	2224,
	1344,
	2064,
	1344,
	2621445);
INSERT INTO GD_LS
	VALUES (2621447,
	2621443,
	2064,
	1344,
	2064,
	1408,
	2621446);
INSERT INTO O_OBJ
	VALUES (4194310,
	'Pre-created Event Driver',
	4,
	'PDR',
	'',
	4194312);
INSERT INTO O_TFR
	VALUES (4194306,
	4194310,
	'i_gen_PDR_event',
	'This is the operation description.

',
	524289,
	1,
	'y = param.p;
generate y;

generate self.evt_test;


',
	1);
INSERT INTO O_TPARM
	VALUES (4194353,
	4194306,
	'p',
	524299,
	0);
INSERT INTO O_TFR
	VALUES (4194308,
	4194310,
	'c_gen_PDR_event',
	'This is the operation description.

',
	524289,
	0,
	'select any pdr from instances of PDR where ( selected.dr_id == param.id );
y = param.p;
generate y;
generate pdr.evt_test;


',
	1);
INSERT INTO O_TPARM
	VALUES (4194352,
	4194308,
	'id',
	524291,
	0);
INSERT INTO O_TPARM
	VALUES (4194355,
	4194308,
	'p',
	524299,
	0);
INSERT INTO O_TFR
	VALUES (4194309,
	4194310,
	'c_gen_ASM_event',
	'

',
	524289,
	0,
	'select any pdr from instances of PDR where ( selected.dr_id == param.id );
y = param.p;
generate y;
generate pdr.evt_test;



',
	1);
INSERT INTO O_TPARM
	VALUES (4194356,
	4194309,
	'id',
	524291,
	0);
INSERT INTO O_TPARM
	VALUES (4194357,
	4194309,
	'p',
	524299,
	0);
INSERT INTO O_TFR
	VALUES (4194310,
	4194310,
	'i_gen_ASM_event',
	'

',
	524289,
	1,
	'y = param.p;
generate y;

generate self.evt_test;




',
	1);
INSERT INTO O_TPARM
	VALUES (4194359,
	4194310,
	'p',
	524299,
	0);
INSERT INTO O_TFR
	VALUES (4194311,
	4194310,
	'c_gen_CRE_event',
	'

',
	524289,
	0,
	'select any pdr from instances of PDR where ( selected.dr_id == param.id );

y = param.p;
generate y;

generate pdr.evt_test;


',
	1);
INSERT INTO O_TPARM
	VALUES (4194360,
	4194311,
	'id',
	524291,
	0);
INSERT INTO O_TPARM
	VALUES (4194361,
	4194311,
	'p',
	524299,
	0);
INSERT INTO O_TFR
	VALUES (4194312,
	4194310,
	'i_gen_CRE_event',
	'

',
	524289,
	1,
	'
y = param.p;
generate y;

generate self.evt_test;


',
	1);
INSERT INTO O_TPARM
	VALUES (4194362,
	4194312,
	'p',
	524299,
	0);
INSERT INTO O_NBATTR
	VALUES (4194320,
	4194310);
INSERT INTO O_BATTR
	VALUES (4194320,
	4194310);
INSERT INTO O_ATTR
	VALUES (4194320,
	4194310,
	0,
	'dr_id',
	'',
	'',
	'dr_id',
	0,
	524291);
INSERT INTO O_NBATTR
	VALUES (4194324,
	4194310);
INSERT INTO O_BATTR
	VALUES (4194324,
	4194310);
INSERT INTO O_ATTR
	VALUES (4194324,
	4194310,
	4194320,
	'evt_test',
	'This is the attribute description.

',
	'',
	'evt_test',
	0,
	524299);
INSERT INTO O_DBATTR
	VALUES (4194325,
	4194310,
	'generate self.evt_test;
self.gen_mda = 1;



',
	1);
INSERT INTO O_BATTR
	VALUES (4194325,
	4194310);
INSERT INTO O_ATTR
	VALUES (4194325,
	4194310,
	4194324,
	'gen_mda',
	'

',
	'',
	'gen_mda',
	0,
	524291);
INSERT INTO O_NBATTR
	VALUES (4194326,
	4194310);
INSERT INTO O_BATTR
	VALUES (4194326,
	4194310);
INSERT INTO O_ATTR
	VALUES (4194326,
	4194310,
	4194325,
	'current_state',
	'',
	'',
	'current_state',
	0,
	524295);
INSERT INTO O_ID
	VALUES (0,
	4194310);
INSERT INTO O_OIDA
	VALUES (4194320,
	4194310,
	0);
INSERT INTO SM_ISM
	VALUES (4718601,
	4194310);
INSERT INTO SM_SM
	VALUES (4718601,
	'',
	9);
INSERT INTO SM_MOORE
	VALUES (4718601);
INSERT INTO SM_EVTDI
	VALUES (4718601,
	4718601,
	'evt',
	'',
	524299);
INSERT INTO SM_SUPDT
	VALUES (4718594,
	4718601,
	0);
INSERT INTO SM_SUPDT
	VALUES (4718598,
	4718601,
	0);
INSERT INTO SM_SDI
	VALUES (4718601,
	4718598,
	4718601);
INSERT INTO SM_STATE
	VALUES (4718625,
	4718601,
	4718594,
	'Bridge Send Event to ISM',
	2,
	0);
INSERT INTO SM_LEVT
	VALUES (4718603,
	4718601,
	4718594);
INSERT INTO SM_SEVT
	VALUES (4718603,
	4718601,
	4718594);
INSERT INTO SM_EVT
	VALUES (4718603,
	4718601,
	4718594,
	1,
	'next test',
	0,
	'',
	'PDR1',
	'');
INSERT INTO SM_CH
	VALUES (4718625,
	4718603,
	4718601,
	4718594,
	'');
INSERT INTO SM_SEME
	VALUES (4718625,
	4718603,
	4718601,
	4718594);
INSERT INTO SM_LEVT
	VALUES (4718611,
	4718601,
	4718594);
INSERT INTO SM_SEVT
	VALUES (4718611,
	4718601,
	4718594);
INSERT INTO SM_EVT
	VALUES (4718611,
	4718601,
	4718594,
	2,
	'param event',
	0,
	'',
	'PDR2',
	'');
INSERT INTO SM_SEME
	VALUES (4718625,
	4718611,
	4718601,
	4718594);
INSERT INTO SM_LEVT
	VALUES (4718613,
	4718601,
	4718598);
INSERT INTO SM_SEVT
	VALUES (4718613,
	4718601,
	4718598);
INSERT INTO SM_EVT
	VALUES (4718613,
	4718601,
	4718598,
	3,
	'edi event',
	0,
	'',
	'PDR3',
	'');
INSERT INTO SM_CH
	VALUES (4718625,
	4718613,
	4718601,
	4718598,
	'');
INSERT INTO SM_SEME
	VALUES (4718625,
	4718613,
	4718601,
	4718598);
INSERT INTO SM_STATE
	VALUES (4718629,
	4718601,
	4718594,
	'Bridge Event Send to ISM 1',
	4,
	0);
INSERT INTO SM_SEME
	VALUES (4718629,
	4718603,
	4718601,
	4718594);
INSERT INTO SM_CH
	VALUES (4718629,
	4718611,
	4718601,
	4718594,
	'');
INSERT INTO SM_SEME
	VALUES (4718629,
	4718611,
	4718601,
	4718594);
INSERT INTO SM_CH
	VALUES (4718629,
	4718613,
	4718601,
	4718598,
	'');
INSERT INTO SM_SEME
	VALUES (4718629,
	4718613,
	4718601,
	4718598);
INSERT INTO SM_STATE
	VALUES (4718644,
	4718601,
	4718594,
	'IOP Send Event to ISM',
	5,
	0);
INSERT INTO SM_CH
	VALUES (4718644,
	4718603,
	4718601,
	4718594,
	'');
INSERT INTO SM_SEME
	VALUES (4718644,
	4718603,
	4718601,
	4718594);
INSERT INTO SM_SEME
	VALUES (4718644,
	4718611,
	4718601,
	4718594);
INSERT INTO SM_CH
	VALUES (4718644,
	4718613,
	4718601,
	4718598,
	'');
INSERT INTO SM_SEME
	VALUES (4718644,
	4718613,
	4718601,
	4718598);
INSERT INTO SM_STATE
	VALUES (4718650,
	4718601,
	0,
	'Created',
	1,
	0);
INSERT INTO SM_SEME
	VALUES (4718650,
	4718603,
	4718601,
	4718594);
INSERT INTO SM_CH
	VALUES (4718650,
	4718611,
	4718601,
	4718594,
	'');
INSERT INTO SM_SEME
	VALUES (4718650,
	4718611,
	4718601,
	4718594);
INSERT INTO SM_CH
	VALUES (4718650,
	4718613,
	4718601,
	4718598,
	'');
INSERT INTO SM_SEME
	VALUES (4718650,
	4718613,
	4718601,
	4718598);
INSERT INTO SM_STATE
	VALUES (4718657,
	4718601,
	4718594,
	'IOP Send Event to ISM 1',
	6,
	0);
INSERT INTO SM_SEME
	VALUES (4718657,
	4718603,
	4718601,
	4718594);
INSERT INTO SM_CH
	VALUES (4718657,
	4718611,
	4718601,
	4718594,
	'');
INSERT INTO SM_SEME
	VALUES (4718657,
	4718611,
	4718601,
	4718594);
INSERT INTO SM_CH
	VALUES (4718657,
	4718613,
	4718601,
	4718598,
	'');
INSERT INTO SM_SEME
	VALUES (4718657,
	4718613,
	4718601,
	4718598);
INSERT INTO SM_STATE
	VALUES (4718658,
	4718601,
	4718594,
	'Func Send Event to ISM 1',
	10,
	0);
INSERT INTO SM_SEME
	VALUES (4718658,
	4718603,
	4718601,
	4718594);
INSERT INTO SM_CH
	VALUES (4718658,
	4718611,
	4718601,
	4718594,
	'');
INSERT INTO SM_SEME
	VALUES (4718658,
	4718611,
	4718601,
	4718594);
INSERT INTO SM_CH
	VALUES (4718658,
	4718613,
	4718601,
	4718598,
	'');
INSERT INTO SM_SEME
	VALUES (4718658,
	4718613,
	4718601,
	4718598);
INSERT INTO SM_STATE
	VALUES (4718659,
	4718601,
	4718594,
	'COP Send Event to ISM',
	7,
	0);
INSERT INTO SM_CH
	VALUES (4718659,
	4718603,
	4718601,
	4718594,
	'');
INSERT INTO SM_SEME
	VALUES (4718659,
	4718603,
	4718601,
	4718594);
INSERT INTO SM_SEME
	VALUES (4718659,
	4718611,
	4718601,
	4718594);
INSERT INTO SM_CH
	VALUES (4718659,
	4718613,
	4718601,
	4718598,
	'');
INSERT INTO SM_SEME
	VALUES (4718659,
	4718613,
	4718601,
	4718598);
INSERT INTO SM_STATE
	VALUES (4718660,
	4718601,
	4718594,
	'COP Event Send to ISM 1',
	8,
	0);
INSERT INTO SM_SEME
	VALUES (4718660,
	4718603,
	4718601,
	4718594);
INSERT INTO SM_CH
	VALUES (4718660,
	4718611,
	4718601,
	4718594,
	'');
INSERT INTO SM_SEME
	VALUES (4718660,
	4718611,
	4718601,
	4718594);
INSERT INTO SM_CH
	VALUES (4718660,
	4718613,
	4718601,
	4718598,
	'');
INSERT INTO SM_SEME
	VALUES (4718660,
	4718613,
	4718601,
	4718598);
INSERT INTO SM_STATE
	VALUES (4718661,
	4718601,
	4718594,
	'Func Send Event to ISM',
	9,
	0);
INSERT INTO SM_CH
	VALUES (4718661,
	4718603,
	4718601,
	4718594,
	'');
INSERT INTO SM_SEME
	VALUES (4718661,
	4718603,
	4718601,
	4718594);
INSERT INTO SM_SEME
	VALUES (4718661,
	4718611,
	4718601,
	4718594);
INSERT INTO SM_CH
	VALUES (4718661,
	4718613,
	4718601,
	4718598,
	'');
INSERT INTO SM_SEME
	VALUES (4718661,
	4718613,
	4718601,
	4718598);
INSERT INTO SM_STATE
	VALUES (4718662,
	4718601,
	4718594,
	'Action Send Event to ISM 3',
	14,
	0);
INSERT INTO SM_SEME
	VALUES (4718662,
	4718603,
	4718601,
	4718594);
INSERT INTO SM_CH
	VALUES (4718662,
	4718611,
	4718601,
	4718594,
	'');
INSERT INTO SM_SEME
	VALUES (4718662,
	4718611,
	4718601,
	4718594);
INSERT INTO SM_CH
	VALUES (4718662,
	4718613,
	4718601,
	4718598,
	'');
INSERT INTO SM_SEME
	VALUES (4718662,
	4718613,
	4718601,
	4718598);
INSERT INTO SM_STATE
	VALUES (4718663,
	4718601,
	4718594,
	'MDA Send Event to ISM',
	11,
	0);
INSERT INTO SM_SEME
	VALUES (4718663,
	4718603,
	4718601,
	4718594);
INSERT INTO SM_CH
	VALUES (4718663,
	4718611,
	4718601,
	4718594,
	'');
INSERT INTO SM_SEME
	VALUES (4718663,
	4718611,
	4718601,
	4718594);
INSERT INTO SM_CH
	VALUES (4718663,
	4718613,
	4718601,
	4718598,
	'');
INSERT INTO SM_SEME
	VALUES (4718663,
	4718613,
	4718601,
	4718598);
INSERT INTO SM_STATE
	VALUES (4718664,
	4718601,
	4718594,
	'Action Event Send to ISM 1',
	12,
	0);
INSERT INTO SM_CH
	VALUES (4718664,
	4718603,
	4718601,
	4718594,
	'');
INSERT INTO SM_SEME
	VALUES (4718664,
	4718603,
	4718601,
	4718594);
INSERT INTO SM_CH
	VALUES (4718664,
	4718611,
	4718601,
	4718594,
	'');
INSERT INTO SM_SEME
	VALUES (4718664,
	4718611,
	4718601,
	4718594);
INSERT INTO SM_SEME
	VALUES (4718664,
	4718613,
	4718601,
	4718598);
INSERT INTO SM_STATE
	VALUES (4718665,
	4718601,
	4718598,
	'Action Send Event to ISM 2',
	13,
	0);
INSERT INTO SM_CH
	VALUES (4718665,
	4718603,
	4718601,
	4718594,
	'');
INSERT INTO SM_SEME
	VALUES (4718665,
	4718603,
	4718601,
	4718594);
INSERT INTO SM_SEME
	VALUES (4718665,
	4718611,
	4718601,
	4718594);
INSERT INTO SM_CH
	VALUES (4718665,
	4718613,
	4718601,
	4718598,
	'');
INSERT INTO SM_SEME
	VALUES (4718665,
	4718613,
	4718601,
	4718598);
INSERT INTO SM_STATE
	VALUES (4718678,
	4718601,
	4718594,
	'Bridge Send Event to ASM',
	15,
	0);
INSERT INTO SM_SEME
	VALUES (4718678,
	4718603,
	4718601,
	4718594);
INSERT INTO SM_CH
	VALUES (4718678,
	4718611,
	4718601,
	4718594,
	'');
INSERT INTO SM_SEME
	VALUES (4718678,
	4718611,
	4718601,
	4718594);
INSERT INTO SM_CH
	VALUES (4718678,
	4718613,
	4718601,
	4718598,
	'');
INSERT INTO SM_SEME
	VALUES (4718678,
	4718613,
	4718601,
	4718598);
INSERT INTO SM_STATE
	VALUES (4718680,
	4718601,
	4718594,
	'IOP Send Event to ASM',
	17,
	0);
INSERT INTO SM_SEME
	VALUES (4718680,
	4718603,
	4718601,
	4718594);
INSERT INTO SM_CH
	VALUES (4718680,
	4718611,
	4718601,
	4718594,
	'');
INSERT INTO SM_SEME
	VALUES (4718680,
	4718611,
	4718601,
	4718594);
INSERT INTO SM_CH
	VALUES (4718680,
	4718613,
	4718601,
	4718598,
	'');
INSERT INTO SM_SEME
	VALUES (4718680,
	4718613,
	4718601,
	4718598);
INSERT INTO SM_STATE
	VALUES (4718683,
	4718601,
	4718594,
	'COP Send Event to ASM',
	19,
	0);
INSERT INTO SM_SEME
	VALUES (4718683,
	4718603,
	4718601,
	4718594);
INSERT INTO SM_CH
	VALUES (4718683,
	4718611,
	4718601,
	4718594,
	'');
INSERT INTO SM_SEME
	VALUES (4718683,
	4718611,
	4718601,
	4718594);
INSERT INTO SM_CH
	VALUES (4718683,
	4718613,
	4718601,
	4718598,
	'');
INSERT INTO SM_SEME
	VALUES (4718683,
	4718613,
	4718601,
	4718598);
INSERT INTO SM_STATE
	VALUES (4718685,
	4718601,
	4718594,
	'Func Send Event to ASM',
	21,
	0);
INSERT INTO SM_SEME
	VALUES (4718685,
	4718603,
	4718601,
	4718594);
INSERT INTO SM_CH
	VALUES (4718685,
	4718611,
	4718601,
	4718594,
	'');
INSERT INTO SM_SEME
	VALUES (4718685,
	4718611,
	4718601,
	4718594);
INSERT INTO SM_CH
	VALUES (4718685,
	4718613,
	4718601,
	4718598,
	'');
INSERT INTO SM_SEME
	VALUES (4718685,
	4718613,
	4718601,
	4718598);
INSERT INTO SM_STATE
	VALUES (4718687,
	4718601,
	4718594,
	'MDA Send Event to ASM',
	23,
	0);
INSERT INTO SM_SEME
	VALUES (4718687,
	4718603,
	4718601,
	4718594);
INSERT INTO SM_CH
	VALUES (4718687,
	4718611,
	4718601,
	4718594,
	'');
INSERT INTO SM_SEME
	VALUES (4718687,
	4718611,
	4718601,
	4718594);
INSERT INTO SM_CH
	VALUES (4718687,
	4718613,
	4718601,
	4718598,
	'');
INSERT INTO SM_SEME
	VALUES (4718687,
	4718613,
	4718601,
	4718598);
INSERT INTO SM_STATE
	VALUES (4718688,
	4718601,
	4718594,
	'Action Event Send to ASM 1',
	24,
	0);
INSERT INTO SM_SEME
	VALUES (4718688,
	4718603,
	4718601,
	4718594);
INSERT INTO SM_CH
	VALUES (4718688,
	4718611,
	4718601,
	4718594,
	'');
INSERT INTO SM_SEME
	VALUES (4718688,
	4718611,
	4718601,
	4718594);
INSERT INTO SM_CH
	VALUES (4718688,
	4718613,
	4718601,
	4718598,
	'');
INSERT INTO SM_SEME
	VALUES (4718688,
	4718613,
	4718601,
	4718598);
INSERT INTO SM_STATE
	VALUES (4718690,
	4718601,
	4718594,
	'Bridge Send Event to Creator',
	27,
	0);
INSERT INTO SM_CH
	VALUES (4718690,
	4718603,
	4718601,
	4718594,
	'');
INSERT INTO SM_SEME
	VALUES (4718690,
	4718603,
	4718601,
	4718594);
INSERT INTO SM_SEME
	VALUES (4718690,
	4718611,
	4718601,
	4718594);
INSERT INTO SM_CH
	VALUES (4718690,
	4718613,
	4718601,
	4718598,
	'');
INSERT INTO SM_SEME
	VALUES (4718690,
	4718613,
	4718601,
	4718598);
INSERT INTO SM_STATE
	VALUES (4718691,
	4718601,
	4718594,
	'Bridge Event Send to Creator 1',
	28,
	0);
INSERT INTO SM_SEME
	VALUES (4718691,
	4718603,
	4718601,
	4718594);
INSERT INTO SM_CH
	VALUES (4718691,
	4718611,
	4718601,
	4718594,
	'');
INSERT INTO SM_SEME
	VALUES (4718691,
	4718611,
	4718601,
	4718594);
INSERT INTO SM_CH
	VALUES (4718691,
	4718613,
	4718601,
	4718598,
	'');
INSERT INTO SM_SEME
	VALUES (4718691,
	4718613,
	4718601,
	4718598);
INSERT INTO SM_STATE
	VALUES (4718692,
	4718601,
	4718594,
	'IOP Send Event to Creator',
	29,
	0);
INSERT INTO SM_CH
	VALUES (4718692,
	4718603,
	4718601,
	4718594,
	'');
INSERT INTO SM_SEME
	VALUES (4718692,
	4718603,
	4718601,
	4718594);
INSERT INTO SM_SEME
	VALUES (4718692,
	4718611,
	4718601,
	4718594);
INSERT INTO SM_CH
	VALUES (4718692,
	4718613,
	4718601,
	4718598,
	'');
INSERT INTO SM_SEME
	VALUES (4718692,
	4718613,
	4718601,
	4718598);
INSERT INTO SM_STATE
	VALUES (4718693,
	4718601,
	4718594,
	'IOP Send Event to Creator 1',
	30,
	0);
INSERT INTO SM_SEME
	VALUES (4718693,
	4718603,
	4718601,
	4718594);
INSERT INTO SM_CH
	VALUES (4718693,
	4718611,
	4718601,
	4718594,
	'');
INSERT INTO SM_SEME
	VALUES (4718693,
	4718611,
	4718601,
	4718594);
INSERT INTO SM_CH
	VALUES (4718693,
	4718613,
	4718601,
	4718598,
	'');
INSERT INTO SM_SEME
	VALUES (4718693,
	4718613,
	4718601,
	4718598);
INSERT INTO SM_STATE
	VALUES (4718694,
	4718601,
	4718594,
	'Func Send Event to Creator 1',
	34,
	0);
INSERT INTO SM_SEME
	VALUES (4718694,
	4718603,
	4718601,
	4718594);
INSERT INTO SM_CH
	VALUES (4718694,
	4718611,
	4718601,
	4718594,
	'');
INSERT INTO SM_SEME
	VALUES (4718694,
	4718611,
	4718601,
	4718594);
INSERT INTO SM_CH
	VALUES (4718694,
	4718613,
	4718601,
	4718598,
	'');
INSERT INTO SM_SEME
	VALUES (4718694,
	4718613,
	4718601,
	4718598);
INSERT INTO SM_STATE
	VALUES (4718695,
	4718601,
	4718594,
	'COP Send Event to Creator',
	31,
	0);
INSERT INTO SM_CH
	VALUES (4718695,
	4718603,
	4718601,
	4718594,
	'');
INSERT INTO SM_SEME
	VALUES (4718695,
	4718603,
	4718601,
	4718594);
INSERT INTO SM_SEME
	VALUES (4718695,
	4718611,
	4718601,
	4718594);
INSERT INTO SM_CH
	VALUES (4718695,
	4718613,
	4718601,
	4718598,
	'');
INSERT INTO SM_SEME
	VALUES (4718695,
	4718613,
	4718601,
	4718598);
INSERT INTO SM_STATE
	VALUES (4718696,
	4718601,
	4718594,
	'COP Event Send to Creator 1',
	32,
	0);
INSERT INTO SM_SEME
	VALUES (4718696,
	4718603,
	4718601,
	4718594);
INSERT INTO SM_CH
	VALUES (4718696,
	4718611,
	4718601,
	4718594,
	'');
INSERT INTO SM_SEME
	VALUES (4718696,
	4718611,
	4718601,
	4718594);
INSERT INTO SM_CH
	VALUES (4718696,
	4718613,
	4718601,
	4718598,
	'');
INSERT INTO SM_SEME
	VALUES (4718696,
	4718613,
	4718601,
	4718598);
INSERT INTO SM_STATE
	VALUES (4718697,
	4718601,
	4718594,
	'Func Send Event to Creator',
	33,
	0);
INSERT INTO SM_CH
	VALUES (4718697,
	4718603,
	4718601,
	4718594,
	'');
INSERT INTO SM_SEME
	VALUES (4718697,
	4718603,
	4718601,
	4718594);
INSERT INTO SM_SEME
	VALUES (4718697,
	4718611,
	4718601,
	4718594);
INSERT INTO SM_CH
	VALUES (4718697,
	4718613,
	4718601,
	4718598,
	'');
INSERT INTO SM_SEME
	VALUES (4718697,
	4718613,
	4718601,
	4718598);
INSERT INTO SM_STATE
	VALUES (4718699,
	4718601,
	4718594,
	'MDA Send Event to Creator',
	35,
	0);
INSERT INTO SM_SEME
	VALUES (4718699,
	4718603,
	4718601,
	4718594);
INSERT INTO SM_CH
	VALUES (4718699,
	4718611,
	4718601,
	4718594,
	'');
INSERT INTO SM_SEME
	VALUES (4718699,
	4718611,
	4718601,
	4718594);
INSERT INTO SM_CH
	VALUES (4718699,
	4718613,
	4718601,
	4718598,
	'');
INSERT INTO SM_SEME
	VALUES (4718699,
	4718613,
	4718601,
	4718598);
INSERT INTO SM_STATE
	VALUES (4718700,
	4718601,
	4718594,
	'Action Event Send to Creator 1',
	36,
	0);
INSERT INTO SM_SEME
	VALUES (4718700,
	4718603,
	4718601,
	4718594);
INSERT INTO SM_CH
	VALUES (4718700,
	4718611,
	4718601,
	4718594,
	'');
INSERT INTO SM_SEME
	VALUES (4718700,
	4718611,
	4718601,
	4718594);
INSERT INTO SM_CH
	VALUES (4718700,
	4718613,
	4718601,
	4718598,
	'');
INSERT INTO SM_SEME
	VALUES (4718700,
	4718613,
	4718601,
	4718598);
INSERT INTO SM_STATE
	VALUES (4718703,
	4718601,
	4718594,
	'Test Complete',
	40,
	0);
INSERT INTO SM_CH
	VALUES (4718703,
	4718603,
	4718601,
	4718594,
	'');
INSERT INTO SM_SEME
	VALUES (4718703,
	4718603,
	4718601,
	4718594);
INSERT INTO SM_CH
	VALUES (4718703,
	4718611,
	4718601,
	4718594,
	'');
INSERT INTO SM_SEME
	VALUES (4718703,
	4718611,
	4718601,
	4718594);
INSERT INTO SM_CH
	VALUES (4718703,
	4718613,
	4718601,
	4718598,
	'');
INSERT INTO SM_SEME
	VALUES (4718703,
	4718613,
	4718601,
	4718598);
INSERT INTO SM_NSTXN
	VALUES (4718675,
	4718601,
	4718650,
	4718603,
	4718594);
INSERT INTO SM_TXN
	VALUES (4718675,
	4718601,
	4718625,
	4718594);
INSERT INTO SM_NSTXN
	VALUES (4718668,
	4718601,
	4718629,
	4718603,
	4718594);
INSERT INTO SM_TXN
	VALUES (4718668,
	4718601,
	4718644,
	4718594);
INSERT INTO SM_NSTXN
	VALUES (4718685,
	4718601,
	4718625,
	4718611,
	4718594);
INSERT INTO SM_TXN
	VALUES (4718685,
	4718601,
	4718629,
	4718594);
INSERT INTO SM_NSTXN
	VALUES (4718686,
	4718601,
	4718644,
	4718611,
	4718594);
INSERT INTO SM_TXN
	VALUES (4718686,
	4718601,
	4718657,
	4718594);
INSERT INTO SM_NSTXN
	VALUES (4718687,
	4718601,
	4718659,
	4718611,
	4718594);
INSERT INTO SM_TXN
	VALUES (4718687,
	4718601,
	4718660,
	4718594);
INSERT INTO SM_NSTXN
	VALUES (4718689,
	4718601,
	4718660,
	4718603,
	4718594);
INSERT INTO SM_TXN
	VALUES (4718689,
	4718601,
	4718661,
	4718594);
INSERT INTO SM_NSTXN
	VALUES (4718691,
	4718601,
	4718661,
	4718611,
	4718594);
INSERT INTO SM_TXN
	VALUES (4718691,
	4718601,
	4718658,
	4718594);
INSERT INTO SM_NSTXN
	VALUES (4718692,
	4718601,
	4718665,
	4718611,
	4718594);
INSERT INTO SM_TXN
	VALUES (4718692,
	4718601,
	4718662,
	4718594);
INSERT INTO SM_NSTXN
	VALUES (4718693,
	4718601,
	4718657,
	4718603,
	4718594);
INSERT INTO SM_TXN
	VALUES (4718693,
	4718601,
	4718659,
	4718594);
INSERT INTO SM_NSTXN
	VALUES (4718694,
	4718601,
	4718658,
	4718603,
	4718594);
INSERT INTO SM_TXN
	VALUES (4718694,
	4718601,
	4718663,
	4718594);
INSERT INTO SM_NSTXN
	VALUES (4718688,
	4718601,
	4718663,
	4718603,
	4718594);
INSERT INTO SM_TXN
	VALUES (4718688,
	4718601,
	4718664,
	4718594);
INSERT INTO SM_NSTXN
	VALUES (4718690,
	4718601,
	4718664,
	4718613,
	4718598);
INSERT INTO SM_TXN
	VALUES (4718690,
	4718601,
	4718665,
	4718598);
INSERT INTO SM_NSTXN
	VALUES (4718712,
	4718601,
	4718687,
	4718603,
	4718594);
INSERT INTO SM_TXN
	VALUES (4718712,
	4718601,
	4718688,
	4718594);
INSERT INTO SM_NSTXN
	VALUES (4718716,
	4718601,
	4718694,
	4718603,
	4718594);
INSERT INTO SM_TXN
	VALUES (4718716,
	4718601,
	4718699,
	4718594);
INSERT INTO SM_NSTXN
	VALUES (4718717,
	4718601,
	4718693,
	4718603,
	4718594);
INSERT INTO SM_TXN
	VALUES (4718717,
	4718601,
	4718695,
	4718594);
INSERT INTO SM_NSTXN
	VALUES (4718719,
	4718601,
	4718697,
	4718611,
	4718594);
INSERT INTO SM_TXN
	VALUES (4718719,
	4718601,
	4718694,
	4718594);
INSERT INTO SM_NSTXN
	VALUES (4718721,
	4718601,
	4718696,
	4718603,
	4718594);
INSERT INTO SM_TXN
	VALUES (4718721,
	4718601,
	4718697,
	4718594);
INSERT INTO SM_NSTXN
	VALUES (4718722,
	4718601,
	4718699,
	4718603,
	4718594);
INSERT INTO SM_TXN
	VALUES (4718722,
	4718601,
	4718700,
	4718594);
INSERT INTO SM_NSTXN
	VALUES (4718723,
	4718601,
	4718695,
	4718611,
	4718594);
INSERT INTO SM_TXN
	VALUES (4718723,
	4718601,
	4718696,
	4718594);
INSERT INTO SM_NSTXN
	VALUES (4718724,
	4718601,
	4718690,
	4718611,
	4718594);
INSERT INTO SM_TXN
	VALUES (4718724,
	4718601,
	4718691,
	4718594);
INSERT INTO SM_NSTXN
	VALUES (4718725,
	4718601,
	4718691,
	4718603,
	4718594);
INSERT INTO SM_TXN
	VALUES (4718725,
	4718601,
	4718692,
	4718594);
INSERT INTO SM_NSTXN
	VALUES (4718726,
	4718601,
	4718662,
	4718603,
	4718594);
INSERT INTO SM_TXN
	VALUES (4718726,
	4718601,
	4718678,
	4718594);
INSERT INTO SM_NSTXN
	VALUES (4718729,
	4718601,
	4718678,
	4718603,
	4718594);
INSERT INTO SM_TXN
	VALUES (4718729,
	4718601,
	4718680,
	4718594);
INSERT INTO SM_NSTXN
	VALUES (4718730,
	4718601,
	4718680,
	4718603,
	4718594);
INSERT INTO SM_TXN
	VALUES (4718730,
	4718601,
	4718683,
	4718594);
INSERT INTO SM_NSTXN
	VALUES (4718731,
	4718601,
	4718683,
	4718603,
	4718594);
INSERT INTO SM_TXN
	VALUES (4718731,
	4718601,
	4718685,
	4718594);
INSERT INTO SM_NSTXN
	VALUES (4718732,
	4718601,
	4718685,
	4718603,
	4718594);
INSERT INTO SM_TXN
	VALUES (4718732,
	4718601,
	4718687,
	4718594);
INSERT INTO SM_NSTXN
	VALUES (4718733,
	4718601,
	4718688,
	4718603,
	4718594);
INSERT INTO SM_TXN
	VALUES (4718733,
	4718601,
	4718690,
	4718594);
INSERT INTO SM_NSTXN
	VALUES (4718734,
	4718601,
	4718692,
	4718611,
	4718594);
INSERT INTO SM_TXN
	VALUES (4718734,
	4718601,
	4718693,
	4718594);
INSERT INTO SM_NSTXN
	VALUES (4718736,
	4718601,
	4718700,
	4718603,
	4718594);
INSERT INTO SM_TXN
	VALUES (4718736,
	4718601,
	4718703,
	4718594);
INSERT INTO SM_MOAH
	VALUES (4718625,
	4718601,
	4718625);
INSERT INTO SM_AH
	VALUES (4718625,
	4718601);
INSERT INTO SM_ACT
	VALUES (4718625,
	4718601,
	1,
	'this_inst = self;
create event instance x1 of PDR2:''param event'' to this_inst;
create event instance x2 of PDR1:''next test'' to this_inst;
self.evt_test = x2;

GEEE::gen_PDR_event( id: self.dr_id, p: x1 );
',
	'');
INSERT INTO SM_MOAH
	VALUES (4718629,
	4718601,
	4718629);
INSERT INTO SM_AH
	VALUES (4718629,
	4718601);
INSERT INTO SM_ACT
	VALUES (4718629,
	4718601,
	1,
	'// do nothing',
	'');
INSERT INTO SM_MOAH
	VALUES (4718644,
	4718601,
	4718644);
INSERT INTO SM_AH
	VALUES (4718644,
	4718601);
INSERT INTO SM_ACT
	VALUES (4718644,
	4718601,
	1,
	'this_inst = self;
create event instance x1 of PDR2:''param event'' to this_inst;
create event instance x2 of PDR1:''next test'' to this_inst;
self.evt_test = x2;

self.i_gen_PDR_event( p: x1 );
',
	'');
INSERT INTO SM_MOAH
	VALUES (4718650,
	4718601,
	4718650);
INSERT INTO SM_AH
	VALUES (4718650,
	4718601);
INSERT INTO SM_ACT
	VALUES (4718650,
	4718601,
	1,
	'',
	'');
INSERT INTO SM_MOAH
	VALUES (4718657,
	4718601,
	4718657);
INSERT INTO SM_AH
	VALUES (4718657,
	4718601);
INSERT INTO SM_ACT
	VALUES (4718657,
	4718601,
	1,
	'// do nothing

',
	'');
INSERT INTO SM_MOAH
	VALUES (4718658,
	4718601,
	4718658);
INSERT INTO SM_AH
	VALUES (4718658,
	4718601);
INSERT INTO SM_ACT
	VALUES (4718658,
	4718601,
	1,
	'// do nothing

',
	'');
INSERT INTO SM_MOAH
	VALUES (4718659,
	4718601,
	4718659);
INSERT INTO SM_AH
	VALUES (4718659,
	4718601);
INSERT INTO SM_ACT
	VALUES (4718659,
	4718601,
	1,
	'this_inst = self;
create event instance x1 of PDR2:''param event'' to this_inst;
create event instance x2 of PDR1:''next test'' to this_inst;
self.evt_test = x2;

PDR::c_gen_PDR_event( id: self.dr_id, p: x1 );
',
	'');
INSERT INTO SM_MOAH
	VALUES (4718660,
	4718601,
	4718660);
INSERT INTO SM_AH
	VALUES (4718660,
	4718601);
INSERT INTO SM_ACT
	VALUES (4718660,
	4718601,
	1,
	'// do nothing',
	'');
INSERT INTO SM_MOAH
	VALUES (4718661,
	4718601,
	4718661);
INSERT INTO SM_AH
	VALUES (4718661,
	4718601);
INSERT INTO SM_ACT
	VALUES (4718661,
	4718601,
	1,
	'this_inst = self;
create event instance x1 of PDR2:''param event'' to this_inst;
create event instance x2 of PDR1:''next test'' to this_inst;
self.evt_test = x2;

::gen_PDR_event( id: self.dr_id,  p: x1 );
',
	'');
INSERT INTO SM_MOAH
	VALUES (4718662,
	4718601,
	4718662);
INSERT INTO SM_AH
	VALUES (4718662,
	4718601);
INSERT INTO SM_ACT
	VALUES (4718662,
	4718601,
	1,
	'generate self.evt_test;


',
	'');
INSERT INTO SM_MOAH
	VALUES (4718663,
	4718601,
	4718663);
INSERT INTO SM_AH
	VALUES (4718663,
	4718601);
INSERT INTO SM_ACT
	VALUES (4718663,
	4718601,
	1,
	'this_inst = self;
create event instance x1 of PDR1:''next test'' to this_inst;
self.evt_test = x1;

x = self.gen_mda;
',
	'');
INSERT INTO SM_MOAH
	VALUES (4718664,
	4718601,
	4718664);
INSERT INTO SM_AH
	VALUES (4718664,
	4718601);
INSERT INTO SM_ACT
	VALUES (4718664,
	4718601,
	1,
	'this_inst = self;
create event instance x1 of PDR2:''param event'' to this_inst;
create event instance x2 of PDR1:''next test'' to this_inst;
self.evt_test = x2;

generate PDR3 (evt: x1) to this_inst;
',
	'');
INSERT INTO SM_MOAH
	VALUES (4718665,
	4718601,
	4718665);
INSERT INTO SM_AH
	VALUES (4718665,
	4718601);
INSERT INTO SM_ACT
	VALUES (4718665,
	4718601,
	1,
	'y = rcvd_evt.evt;
generate y;',
	'');
INSERT INTO SM_MOAH
	VALUES (4718678,
	4718601,
	4718678);
INSERT INTO SM_AH
	VALUES (4718678,
	4718601);
INSERT INTO SM_ACT
	VALUES (4718678,
	4718601,
	1,
	'
create event instance x1 of G_A2:''param event'' to G assigner;
create event instance x2 of G_A1:''event to assigner'' to G assigner;

self.evt_test = x2;

GEEE::gen_ASM_event( id: self.dr_id, p: x1 );
',
	'');
INSERT INTO SM_MOAH
	VALUES (4718680,
	4718601,
	4718680);
INSERT INTO SM_AH
	VALUES (4718680,
	4718601);
INSERT INTO SM_ACT
	VALUES (4718680,
	4718601,
	1,
	'create event instance x1 of G_A2:''param event'' to G assigner;
create event instance x2 of G_A1:''event to assigner'' to G assigner;

self.evt_test = x2;

self.i_gen_ASM_event( p: x1 );
',
	'');
INSERT INTO SM_MOAH
	VALUES (4718683,
	4718601,
	4718683);
INSERT INTO SM_AH
	VALUES (4718683,
	4718601);
INSERT INTO SM_ACT
	VALUES (4718683,
	4718601,
	1,
	'create event instance x1 of G_A2:''param event'' to G assigner;
create event instance x2 of G_A1:''event to assigner'' to G assigner;

self.evt_test = x2;

PDR::c_gen_ASM_event( id: self.dr_id, p: x1 );
',
	'');
INSERT INTO SM_MOAH
	VALUES (4718685,
	4718601,
	4718685);
INSERT INTO SM_AH
	VALUES (4718685,
	4718601);
INSERT INTO SM_ACT
	VALUES (4718685,
	4718601,
	1,
	'create event instance x1 of G_A2:''param event'' to G assigner;
create event instance x2 of G_A1:''event to assigner'' to G assigner;

self.evt_test = x2;

::gen_ASM_event( id: self.dr_id,  p: x1 );
',
	'');
INSERT INTO SM_MOAH
	VALUES (4718687,
	4718601,
	4718687);
INSERT INTO SM_AH
	VALUES (4718687,
	4718601);
INSERT INTO SM_ACT
	VALUES (4718687,
	4718601,
	1,
	'create event instance x1 of G_A4:''mda event'' to G assigner;
self.evt_test = x1;

x = self.gen_mda;
',
	'');
INSERT INTO SM_MOAH
	VALUES (4718688,
	4718601,
	4718688);
INSERT INTO SM_AH
	VALUES (4718688,
	4718601);
INSERT INTO SM_ACT
	VALUES (4718688,
	4718601,
	1,
	'create event instance x1 of G_A2:''param event'' to G assigner;
create event instance x2 of G_A1:''event to assigner'' to G assigner;

self.evt_test = x2;

generate G_A5:''asm event'' (evt: x1) to G assigner;
',
	'');
INSERT INTO SM_MOAH
	VALUES (4718690,
	4718601,
	4718690);
INSERT INTO SM_AH
	VALUES (4718690,
	4718601);
INSERT INTO SM_ACT
	VALUES (4718690,
	4718601,
	1,
	'
create event instance x1 of H2:''param event'' to H creator;
create event instance x2 of H1:''event to creator'' to H creator;

self.evt_test = x2;

GEEE::gen_CRE_event( id: self.dr_id, p: x1 );
',
	'');
INSERT INTO SM_MOAH
	VALUES (4718691,
	4718601,
	4718691);
INSERT INTO SM_AH
	VALUES (4718691,
	4718601);
INSERT INTO SM_ACT
	VALUES (4718691,
	4718601,
	1,
	'// do nothing',
	'');
INSERT INTO SM_MOAH
	VALUES (4718692,
	4718601,
	4718692);
INSERT INTO SM_AH
	VALUES (4718692,
	4718601);
INSERT INTO SM_ACT
	VALUES (4718692,
	4718601,
	1,
	'create event instance x1 of H2:''param event'' to H creator;
create event instance x2 of H1:''event to creator'' to H creator;

self.evt_test = x2;

self.i_gen_CRE_event( p: x1 );
',
	'');
INSERT INTO SM_MOAH
	VALUES (4718693,
	4718601,
	4718693);
INSERT INTO SM_AH
	VALUES (4718693,
	4718601);
INSERT INTO SM_ACT
	VALUES (4718693,
	4718601,
	1,
	'// do nothing

',
	'');
INSERT INTO SM_MOAH
	VALUES (4718694,
	4718601,
	4718694);
INSERT INTO SM_AH
	VALUES (4718694,
	4718601);
INSERT INTO SM_ACT
	VALUES (4718694,
	4718601,
	1,
	'// do nothing

',
	'');
INSERT INTO SM_MOAH
	VALUES (4718695,
	4718601,
	4718695);
INSERT INTO SM_AH
	VALUES (4718695,
	4718601);
INSERT INTO SM_ACT
	VALUES (4718695,
	4718601,
	1,
	'create event instance x1 of H2:''param event'' to H creator;
create event instance x2 of H1:''event to creator'' to H creator;

self.evt_test = x2;

PDR::c_gen_CRE_event( id: self.dr_id, p: x1 );
',
	'');
INSERT INTO SM_MOAH
	VALUES (4718696,
	4718601,
	4718696);
INSERT INTO SM_AH
	VALUES (4718696,
	4718601);
INSERT INTO SM_ACT
	VALUES (4718696,
	4718601,
	1,
	'// do nothing',
	'');
INSERT INTO SM_MOAH
	VALUES (4718697,
	4718601,
	4718697);
INSERT INTO SM_AH
	VALUES (4718697,
	4718601);
INSERT INTO SM_ACT
	VALUES (4718697,
	4718601,
	1,
	'create event instance x1 of H2:''param event'' to H creator;
create event instance x2 of H1:''event to creator'' to H creator;

self.evt_test = x2;

::gen_CRE_event( id: self.dr_id,  p: x1 );
',
	'');
INSERT INTO SM_MOAH
	VALUES (4718699,
	4718601,
	4718699);
INSERT INTO SM_AH
	VALUES (4718699,
	4718601);
INSERT INTO SM_ACT
	VALUES (4718699,
	4718601,
	1,
	'create event instance x1 of H1:''event to creator'' to H creator;

self.evt_test = x1;

x = self.gen_mda;
',
	'');
INSERT INTO SM_MOAH
	VALUES (4718700,
	4718601,
	4718700);
INSERT INTO SM_AH
	VALUES (4718700,
	4718601);
INSERT INTO SM_ACT
	VALUES (4718700,
	4718601,
	1,
	'create event instance x1 of H4:''attr event'' to H creator;
create event instance x2 of H1:''event to creator'' to H creator;

self.evt_test = x2;

generate H3:''edi event'' (evt: x1) to H creator;
',
	'');
INSERT INTO SM_MOAH
	VALUES (4718703,
	4718601,
	4718703);
INSERT INTO SM_AH
	VALUES (4718703,
	4718601);
INSERT INTO SM_ACT
	VALUES (4718703,
	4718601,
	1,
	'LOG::LogInfo(message:"test complete");
bridge ARCH::shutdown();',
	'');
INSERT INTO GD_MD
	VALUES (4718593,
	8,
	4718601,
	40,
	1,
	0,
	1,
	1,
	0,
	12,
	1553,
	3384,
	0.795148,
	0);
INSERT INTO GD_GE
	VALUES (4718790,
	4718593,
	4718625,
	41);
INSERT INTO GD_SHP
	VALUES (4718790,
	1728,
	1248,
	1888,
	1344);
INSERT INTO GD_GE
	VALUES (4718794,
	4718593,
	4718629,
	41);
INSERT INTO GD_SHP
	VALUES (4718794,
	2032,
	1248,
	2240,
	1344);
INSERT INTO GD_GE
	VALUES (4718809,
	4718593,
	4718644,
	41);
INSERT INTO GD_SHP
	VALUES (4718809,
	2352,
	1248,
	2592,
	1328);
INSERT INTO GD_GE
	VALUES (4718815,
	4718593,
	4718650,
	41);
INSERT INTO GD_SHP
	VALUES (4718815,
	1568,
	1104,
	1728,
	1200);
INSERT INTO GD_GE
	VALUES (4719154,
	4718593,
	4718657,
	41);
INSERT INTO GD_SHP
	VALUES (4719154,
	2672,
	1248,
	2864,
	1328);
INSERT INTO GD_GE
	VALUES (4719159,
	4718593,
	4718658,
	41);
INSERT INTO GD_SHP
	VALUES (4719159,
	2656,
	1424,
	2848,
	1504);
INSERT INTO GD_GE
	VALUES (4719160,
	4718593,
	4718659,
	41);
INSERT INTO GD_SHP
	VALUES (4719160,
	1712,
	1424,
	1872,
	1520);
INSERT INTO GD_GE
	VALUES (4719161,
	4718593,
	4718660,
	41);
INSERT INTO GD_SHP
	VALUES (4719161,
	2016,
	1424,
	2224,
	1520);
INSERT INTO GD_GE
	VALUES (4719162,
	4718593,
	4718661,
	41);
INSERT INTO GD_SHP
	VALUES (4719162,
	2336,
	1424,
	2576,
	1504);
INSERT INTO GD_GE
	VALUES (4719165,
	4718593,
	4718662,
	41);
INSERT INTO GD_SHP
	VALUES (4719165,
	2656,
	1584,
	2848,
	1664);
INSERT INTO GD_GE
	VALUES (4719166,
	4718593,
	4718663,
	41);
INSERT INTO GD_SHP
	VALUES (4719166,
	1712,
	1584,
	1872,
	1680);
INSERT INTO GD_GE
	VALUES (4719167,
	4718593,
	4718664,
	41);
INSERT INTO GD_SHP
	VALUES (4719167,
	2016,
	1584,
	2224,
	1680);
INSERT INTO GD_GE
	VALUES (4719168,
	4718593,
	4718665,
	41);
INSERT INTO GD_SHP
	VALUES (4719168,
	2336,
	1584,
	2576,
	1664);
INSERT INTO GD_GE
	VALUES (4719273,
	4718593,
	4718678,
	41);
INSERT INTO GD_SHP
	VALUES (4719273,
	1712,
	1792,
	1872,
	1888);
INSERT INTO GD_GE
	VALUES (4719275,
	4718593,
	4718680,
	41);
INSERT INTO GD_SHP
	VALUES (4719275,
	2016,
	1792,
	2256,
	1872);
INSERT INTO GD_GE
	VALUES (4719278,
	4718593,
	4718683,
	41);
INSERT INTO GD_SHP
	VALUES (4719278,
	2368,
	1792,
	2576,
	1872);
INSERT INTO GD_GE
	VALUES (4719280,
	4718593,
	4718685,
	41);
INSERT INTO GD_SHP
	VALUES (4719280,
	2656,
	1792,
	2896,
	1872);
INSERT INTO GD_GE
	VALUES (4719282,
	4718593,
	4718687,
	41);
INSERT INTO GD_SHP
	VALUES (4719282,
	1712,
	1968,
	1872,
	2064);
INSERT INTO GD_GE
	VALUES (4719283,
	4718593,
	4718688,
	41);
INSERT INTO GD_SHP
	VALUES (4719283,
	2016,
	1968,
	2224,
	2064);
INSERT INTO GD_GE
	VALUES (4719309,
	4718593,
	4718690,
	41);
INSERT INTO GD_SHP
	VALUES (4719309,
	1696,
	2272,
	1856,
	2368);
INSERT INTO GD_GE
	VALUES (4719310,
	4718593,
	4718691,
	41);
INSERT INTO GD_SHP
	VALUES (4719310,
	2000,
	2272,
	2208,
	2368);
INSERT INTO GD_GE
	VALUES (4719311,
	4718593,
	4718692,
	41);
INSERT INTO GD_SHP
	VALUES (4719311,
	2320,
	2272,
	2560,
	2352);
INSERT INTO GD_GE
	VALUES (4719312,
	4718593,
	4718693,
	41);
INSERT INTO GD_SHP
	VALUES (4719312,
	2640,
	2272,
	2832,
	2352);
INSERT INTO GD_GE
	VALUES (4719313,
	4718593,
	4718694,
	41);
INSERT INTO GD_SHP
	VALUES (4719313,
	2624,
	2448,
	2816,
	2528);
INSERT INTO GD_GE
	VALUES (4719314,
	4718593,
	4718695,
	41);
INSERT INTO GD_SHP
	VALUES (4719314,
	1680,
	2448,
	1840,
	2544);
INSERT INTO GD_GE
	VALUES (4719315,
	4718593,
	4718696,
	41);
INSERT INTO GD_SHP
	VALUES (4719315,
	1984,
	2448,
	2192,
	2544);
INSERT INTO GD_GE
	VALUES (4719316,
	4718593,
	4718697,
	41);
INSERT INTO GD_SHP
	VALUES (4719316,
	2304,
	2448,
	2544,
	2528);
INSERT INTO GD_GE
	VALUES (4719318,
	4718593,
	4718699,
	41);
INSERT INTO GD_SHP
	VALUES (4719318,
	1680,
	2608,
	1840,
	2704);
INSERT INTO GD_GE
	VALUES (4719319,
	4718593,
	4718700,
	41);
INSERT INTO GD_SHP
	VALUES (4719319,
	1984,
	2608,
	2192,
	2704);
INSERT INTO GD_GE
	VALUES (4719346,
	4718593,
	4718703,
	41);
INSERT INTO GD_SHP
	VALUES (4719346,
	2176,
	2816,
	2384,
	2960);
INSERT INTO GD_GE
	VALUES (4718872,
	4718593,
	4718668,
	42);
INSERT INTO GD_CON
	VALUES (4718872,
	4718794,
	4718809,
	0);
INSERT INTO GD_CTXT
	VALUES (4718872,
	0,
	0,
	0,
	0,
	0,
	0,
	2247,
	1228,
	2306,
	1268,
	-22,
	-6,
	0,
	0,
	0,
	0,
	0,
	0);
INSERT INTO GD_LS
	VALUES (4719153,
	4718872,
	2240,
	1280,
	2352,
	1280,
	0);
INSERT INTO GD_GE
	VALUES (4718921,
	4718593,
	4718675,
	42);
INSERT INTO GD_CON
	VALUES (4718921,
	4718815,
	4718790,
	0);
INSERT INTO GD_CTXT
	VALUES (4718921,
	0,
	0,
	0,
	0,
	0,
	0,
	1691,
	1201,
	1799,
	1223,
	115,
	-25,
	0,
	0,
	0,
	0,
	0,
	0);
INSERT INTO GD_LS
	VALUES (4719158,
	4718921,
	1648,
	1200,
	1733,
	1253,
	0);
INSERT INTO GD_GE
	VALUES (4719120,
	4718593,
	4718685,
	42);
INSERT INTO GD_CON
	VALUES (4719120,
	4718790,
	4718794,
	0);
INSERT INTO GD_CTXT
	VALUES (4719120,
	0,
	0,
	0,
	0,
	0,
	0,
	0,
	0,
	0,
	0,
	0,
	0,
	0,
	0,
	0,
	0,
	0,
	0);
INSERT INTO GD_LS
	VALUES (4719121,
	4719120,
	1888,
	1296,
	2032,
	1296,
	0);
INSERT INTO GD_GE
	VALUES (4719155,
	4718593,
	4718686,
	42);
INSERT INTO GD_CON
	VALUES (4719155,
	4718809,
	4719154,
	0);
INSERT INTO GD_CTXT
	VALUES (4719155,
	0,
	0,
	0,
	0,
	0,
	0,
	2572,
	1214,
	2709,
	1236,
	6,
	-54,
	0,
	0,
	0,
	0,
	0,
	0);
INSERT INTO GD_LS
	VALUES (4719156,
	4719155,
	2592,
	1296,
	2672,
	1296,
	0);
INSERT INTO GD_GE
	VALUES (4719163,
	4718593,
	4718687,
	42);
INSERT INTO GD_CON
	VALUES (4719163,
	4719160,
	4719161,
	0);
INSERT INTO GD_CTXT
	VALUES (4719163,
	0,
	0,
	0,
	0,
	0,
	0,
	1878,
	1444,
	2015,
	1466,
	0,
	0,
	0,
	0,
	0,
	0,
	0,
	0);
INSERT INTO GD_LS
	VALUES (4719206,
	4719163,
	1872,
	1472,
	2016,
	1472,
	0);
INSERT INTO GD_GE
	VALUES (4719169,
	4718593,
	4718688,
	42);
INSERT INTO GD_CON
	VALUES (4719169,
	4719166,
	4719167,
	0);
INSERT INTO GD_CTXT
	VALUES (4719169,
	0,
	0,
	0,
	0,
	0,
	0,
	1878,
	1604,
	2015,
	1626,
	0,
	0,
	0,
	0,
	0,
	0,
	0,
	0);
INSERT INTO GD_LS
	VALUES (4719191,
	4719169,
	1872,
	1632,
	2016,
	1632,
	0);
INSERT INTO GD_GE
	VALUES (4719171,
	4718593,
	4718689,
	42);
INSERT INTO GD_CON
	VALUES (4719171,
	4719161,
	4719162,
	0);
INSERT INTO GD_CTXT
	VALUES (4719171,
	0,
	0,
	0,
	0,
	0,
	0,
	2214,
	1444,
	2351,
	1466,
	0,
	0,
	0,
	0,
	0,
	0,
	0,
	0);
INSERT INTO GD_LS
	VALUES (4719208,
	4719171,
	2224,
	1472,
	2336,
	1472,
	0);
INSERT INTO GD_GE
	VALUES (4719173,
	4718593,
	4718690,
	42);
INSERT INTO GD_CON
	VALUES (4719173,
	4719167,
	4719168,
	0);
INSERT INTO GD_CTXT
	VALUES (4719173,
	0,
	0,
	0,
	0,
	0,
	0,
	2214,
	1604,
	2351,
	1626,
	0,
	0,
	0,
	0,
	0,
	0,
	0,
	0);
INSERT INTO GD_LS
	VALUES (4719193,
	4719173,
	2224,
	1632,
	2336,
	1632,
	0);
INSERT INTO GD_GE
	VALUES (4719175,
	4718593,
	4718691,
	42);
INSERT INTO GD_CON
	VALUES (4719175,
	4719162,
	4719159,
	0);
INSERT INTO GD_CTXT
	VALUES (4719175,
	0,
	0,
	0,
	0,
	0,
	0,
	2550,
	1444,
	2687,
	1466,
	0,
	0,
	0,
	0,
	0,
	0,
	0,
	0);
INSERT INTO GD_LS
	VALUES (4719207,
	4719175,
	2576,
	1472,
	2656,
	1472,
	0);
INSERT INTO GD_GE
	VALUES (4719177,
	4718593,
	4718692,
	42);
INSERT INTO GD_CON
	VALUES (4719177,
	4719168,
	4719165,
	0);
INSERT INTO GD_CTXT
	VALUES (4719177,
	0,
	0,
	0,
	0,
	0,
	0,
	2550,
	1588,
	2687,
	1610,
	0,
	0,
	0,
	0,
	0,
	0,
	0,
	0);
INSERT INTO GD_LS
	VALUES (4719192,
	4719177,
	2576,
	1616,
	2656,
	1616,
	0);
INSERT INTO GD_GE
	VALUES (4719209,
	4718593,
	4718693,
	42);
INSERT INTO GD_CON
	VALUES (4719209,
	4719154,
	4719160,
	0);
INSERT INTO GD_CTXT
	VALUES (4719209,
	0,
	0,
	0,
	0,
	0,
	0,
	2250,
	1348,
	2358,
	1370,
	38,
	0,
	0,
	0,
	0,
	0,
	0,
	0);
INSERT INTO GD_LS
	VALUES (4719232,
	4719209,
	2736,
	1328,
	2736,
	1376,
	0);
INSERT INTO GD_LS
	VALUES (4719233,
	4719209,
	2736,
	1376,
	1792,
	1376,
	4719232);
INSERT INTO GD_LS
	VALUES (4719234,
	4719209,
	1792,
	1376,
	1792,
	1424,
	4719233);
INSERT INTO GD_GE
	VALUES (4719213,
	4718593,
	4718694,
	42);
INSERT INTO GD_CON
	VALUES (4719213,
	4719159,
	4719166,
	0);
INSERT INTO GD_CTXT
	VALUES (4719213,
	0,
	0,
	0,
	0,
	0,
	0,
	2242,
	1522,
	2350,
	1544,
	30,
	-2,
	0,
	0,
	0,
	0,
	0,
	0);
INSERT INTO GD_LS
	VALUES (4719214,
	4719213,
	2736,
	1504,
	2736,
	1552,
	0);
INSERT INTO GD_LS
	VALUES (4719215,
	4719213,
	2736,
	1552,
	1792,
	1552,
	4719214);
INSERT INTO GD_LS
	VALUES (4719216,
	4719213,
	1792,
	1552,
	1792,
	1584,
	4719215);
INSERT INTO GD_GE
	VALUES (4719301,
	4718593,
	4718712,
	42);
INSERT INTO GD_CON
	VALUES (4719301,
	4719282,
	4719283,
	0);
INSERT INTO GD_CTXT
	VALUES (4719301,
	0,
	0,
	0,
	0,
	0,
	0,
	1878,
	1988,
	1986,
	2010,
	-14,
	0,
	0,
	0,
	0,
	0,
	0,
	0);
INSERT INTO GD_LS
	VALUES (4719421,
	4719301,
	1872,
	2016,
	2016,
	2016,
	0);
INSERT INTO GD_GE
	VALUES (4719321,
	4718593,
	4718716,
	42);
INSERT INTO GD_CON
	VALUES (4719321,
	4719313,
	4719318,
	0);
INSERT INTO GD_CTXT
	VALUES (4719321,
	0,
	0,
	0,
	0,
	0,
	0,
	2210,
	2546,
	2318,
	2568,
	30,
	-2,
	0,
	0,
	0,
	0,
	0,
	0);
INSERT INTO GD_LS
	VALUES (4719322,
	4719321,
	2704,
	2528,
	2704,
	2576,
	0);
INSERT INTO GD_LS
	VALUES (4719323,
	4719321,
	2704,
	2576,
	1760,
	2576,
	4719322);
INSERT INTO GD_LS
	VALUES (4719324,
	4719321,
	1760,
	2576,
	1760,
	2608,
	4719323);
INSERT INTO GD_GE
	VALUES (4719325,
	4718593,
	4718717,
	42);
INSERT INTO GD_CON
	VALUES (4719325,
	4719312,
	4719314,
	0);
INSERT INTO GD_CTXT
	VALUES (4719325,
	0,
	0,
	0,
	0,
	0,
	0,
	2218,
	2372,
	2326,
	2394,
	38,
	0,
	0,
	0,
	0,
	0,
	0,
	0);
INSERT INTO GD_LS
	VALUES (4719326,
	4719325,
	2704,
	2352,
	2704,
	2400,
	0);
INSERT INTO GD_LS
	VALUES (4719327,
	4719325,
	2704,
	2400,
	1760,
	2400,
	4719326);
INSERT INTO GD_LS
	VALUES (4719328,
	4719325,
	1760,
	2400,
	1760,
	2448,
	4719327);
INSERT INTO GD_GE
	VALUES (4719331,
	4718593,
	4718719,
	42);
INSERT INTO GD_CON
	VALUES (4719331,
	4719316,
	4719313,
	0);
INSERT INTO GD_CTXT
	VALUES (4719331,
	0,
	0,
	0,
	0,
	0,
	0,
	2518,
	2468,
	2655,
	2490,
	0,
	0,
	0,
	0,
	0,
	0,
	0,
	0);
INSERT INTO GD_LS
	VALUES (4719332,
	4719331,
	2544,
	2496,
	2624,
	2496,
	0);
INSERT INTO GD_GE
	VALUES (4719335,
	4718593,
	4718721,
	42);
INSERT INTO GD_CON
	VALUES (4719335,
	4719315,
	4719316,
	0);
INSERT INTO GD_CTXT
	VALUES (4719335,
	0,
	0,
	0,
	0,
	0,
	0,
	2182,
	2468,
	2319,
	2490,
	0,
	0,
	0,
	0,
	0,
	0,
	0,
	0);
INSERT INTO GD_LS
	VALUES (4719336,
	4719335,
	2192,
	2496,
	2304,
	2496,
	0);
INSERT INTO GD_GE
	VALUES (4719337,
	4718593,
	4718722,
	42);
INSERT INTO GD_CON
	VALUES (4719337,
	4719318,
	4719319,
	0);
INSERT INTO GD_CTXT
	VALUES (4719337,
	0,
	0,
	0,
	0,
	0,
	0,
	1846,
	2628,
	1983,
	2650,
	0,
	0,
	0,
	0,
	0,
	0,
	0,
	0);
INSERT INTO GD_LS
	VALUES (4719338,
	4719337,
	1840,
	2656,
	1984,
	2656,
	0);
INSERT INTO GD_GE
	VALUES (4719339,
	4718593,
	4718723,
	42);
INSERT INTO GD_CON
	VALUES (4719339,
	4719314,
	4719315,
	0);
INSERT INTO GD_CTXT
	VALUES (4719339,
	0,
	0,
	0,
	0,
	0,
	0,
	1846,
	2468,
	1983,
	2490,
	0,
	0,
	0,
	0,
	0,
	0,
	0,
	0);
INSERT INTO GD_LS
	VALUES (4719340,
	4719339,
	1840,
	2496,
	1984,
	2496,
	0);
INSERT INTO GD_GE
	VALUES (4719341,
	4718593,
	4718724,
	42);
INSERT INTO GD_CON
	VALUES (4719341,
	4719309,
	4719310,
	0);
INSERT INTO GD_CTXT
	VALUES (4719341,
	0,
	0,
	0,
	0,
	0,
	0,
	0,
	0,
	0,
	0,
	0,
	0,
	0,
	0,
	0,
	0,
	0,
	0);
INSERT INTO GD_LS
	VALUES (4719342,
	4719341,
	1856,
	2320,
	2000,
	2320,
	0);
INSERT INTO GD_GE
	VALUES (4719343,
	4718593,
	4718725,
	42);
INSERT INTO GD_CON
	VALUES (4719343,
	4719310,
	4719311,
	0);
INSERT INTO GD_CTXT
	VALUES (4719343,
	0,
	0,
	0,
	0,
	0,
	0,
	2215,
	2252,
	2274,
	2292,
	-22,
	-6,
	0,
	0,
	0,
	0,
	0,
	0);
INSERT INTO GD_LS
	VALUES (4719344,
	4719343,
	2208,
	2304,
	2320,
	2304,
	0);
INSERT INTO GD_GE
	VALUES (4719347,
	4718593,
	4718726,
	42);
INSERT INTO GD_CON
	VALUES (4719347,
	4719165,
	4719273,
	0);
INSERT INTO GD_CTXT
	VALUES (4719347,
	0,
	0,
	0,
	0,
	0,
	0,
	2274,
	1733,
	2382,
	1755,
	62,
	33,
	0,
	0,
	0,
	0,
	0,
	0);
INSERT INTO GD_LS
	VALUES (4719403,
	4719347,
	2736,
	1664,
	2736,
	1728,
	0);
INSERT INTO GD_LS
	VALUES (4719404,
	4719347,
	2736,
	1728,
	1792,
	1728,
	4719403);
INSERT INTO GD_LS
	VALUES (4719405,
	4719347,
	1792,
	1728,
	1792,
	1792,
	4719404);
INSERT INTO GD_GE
	VALUES (4719359,
	4718593,
	4718729,
	42);
INSERT INTO GD_CON
	VALUES (4719359,
	4719273,
	4719275,
	0);
INSERT INTO GD_CTXT
	VALUES (4719359,
	0,
	0,
	0,
	0,
	0,
	0,
	1878,
	1812,
	1986,
	1834,
	-14,
	0,
	0,
	0,
	0,
	0,
	0,
	0);
INSERT INTO GD_LS
	VALUES (4719416,
	4719359,
	1872,
	1840,
	2016,
	1840,
	0);
INSERT INTO GD_GE
	VALUES (4719406,
	4718593,
	4718730,
	42);
INSERT INTO GD_CON
	VALUES (4719406,
	4719275,
	4719278,
	0);
INSERT INTO GD_CTXT
	VALUES (4719406,
	0,
	0,
	0,
	0,
	0,
	0,
	2249,
	1772,
	2357,
	1794,
	-11,
	-24,
	0,
	0,
	0,
	0,
	0,
	0);
INSERT INTO GD_LS
	VALUES (4719415,
	4719406,
	2256,
	1824,
	2368,
	1824,
	0);
INSERT INTO GD_GE
	VALUES (4719408,
	4718593,
	4718731,
	42);
INSERT INTO GD_CON
	VALUES (4719408,
	4719278,
	4719280,
	0);
INSERT INTO GD_CTXT
	VALUES (4719408,
	0,
	0,
	0,
	0,
	0,
	0,
	2556,
	1764,
	2664,
	1786,
	-8,
	-48,
	0,
	0,
	0,
	0,
	0,
	0);
INSERT INTO GD_LS
	VALUES (4719412,
	4719408,
	2576,
	1840,
	2656,
	1840,
	0);
INSERT INTO GD_GE
	VALUES (4719423,
	4718593,
	4718732,
	42);
INSERT INTO GD_CON
	VALUES (4719423,
	4719280,
	4719282,
	0);
INSERT INTO GD_CTXT
	VALUES (4719423,
	0,
	0,
	0,
	0,
	0,
	0,
	2214,
	1892,
	2322,
	1914,
	-14,
	0,
	0,
	0,
	0,
	0,
	0,
	0);
INSERT INTO GD_LS
	VALUES (4719433,
	4719423,
	2752,
	1872,
	2752,
	1920,
	0);
INSERT INTO GD_LS
	VALUES (4719434,
	4719423,
	2752,
	1920,
	1808,
	1920,
	4719433);
INSERT INTO GD_LS
	VALUES (4719435,
	4719423,
	1808,
	1920,
	1808,
	1968,
	4719434);
INSERT INTO GD_GE
	VALUES (4719436,
	4718593,
	4718733,
	42);
INSERT INTO GD_CON
	VALUES (4719436,
	4719283,
	4719309,
	0);
INSERT INTO GD_CTXT
	VALUES (4719436,
	0,
	0,
	0,
	0,
	0,
	0,
	0,
	0,
	0,
	0,
	0,
	0,
	0,
	0,
	0,
	0,
	0,
	0);
INSERT INTO GD_LS
	VALUES (4719437,
	4719436,
	2096,
	2064,
	2096,
	2160,
	0);
INSERT INTO GD_LS
	VALUES (4719438,
	4719436,
	2096,
	2160,
	1776,
	2160,
	4719437);
INSERT INTO GD_LS
	VALUES (4719439,
	4719436,
	1776,
	2160,
	1776,
	2272,
	4719438);
INSERT INTO GD_GE
	VALUES (4719440,
	4718593,
	4718734,
	42);
INSERT INTO GD_CON
	VALUES (4719440,
	4719311,
	4719312,
	0);
INSERT INTO GD_CTXT
	VALUES (4719440,
	0,
	0,
	0,
	0,
	0,
	0,
	0,
	0,
	0,
	0,
	0,
	0,
	0,
	0,
	0,
	0,
	0,
	0);
INSERT INTO GD_LS
	VALUES (4719441,
	4719440,
	2560,
	2320,
	2640,
	2320,
	0);
INSERT INTO GD_GE
	VALUES (4719444,
	4718593,
	4718736,
	42);
INSERT INTO GD_CON
	VALUES (4719444,
	4719319,
	4719346,
	0);
INSERT INTO GD_CTXT
	VALUES (4719444,
	0,
	0,
	0,
	0,
	0,
	0,
	0,
	0,
	0,
	0,
	0,
	0,
	0,
	0,
	0,
	0,
	0,
	0);
INSERT INTO GD_LS
	VALUES (4719445,
	4719444,
	2192,
	2656,
	2288,
	2656,
	0);
INSERT INTO GD_LS
	VALUES (4719446,
	4719444,
	2288,
	2656,
	2288,
	2816,
	4719445);
INSERT INTO GD_MD
	VALUES (4194318,
	5,
	4194312,
	11,
	1,
	0,
	1,
	1,
	0,
	12,
	1435,
	4165,
	1.000000,
	0);
INSERT INTO GD_GE
	VALUES (4194322,
	4194318,
	4194306,
	21);
INSERT INTO GD_SHP
	VALUES (4194322,
	1984,
	1440,
	2256,
	1600);
INSERT INTO GD_GE
	VALUES (4194323,
	4194318,
	4194307,
	21);
INSERT INTO GD_SHP
	VALUES (4194323,
	1984,
	1632,
	2256,
	1792);
INSERT INTO GD_GE
	VALUES (4194324,
	4194318,
	4194308,
	21);
INSERT INTO GD_SHP
	VALUES (4194324,
	1984,
	1248,
	2256,
	1408);
INSERT INTO GD_GE
	VALUES (4194367,
	4194318,
	4194310,
	21);
INSERT INTO GD_SHP
	VALUES (4194367,
	1488,
	1248,
	1936,
	1552);
INSERT INTO GD_MD
	VALUES (4194319,
	6,
	4194312,
	11,
	1,
	0,
	1,
	1,
	0,
	12,
	1273,
	4124,
	0.811741,
	0);
INSERT INTO GD_GE
	VALUES (4194326,
	4194319,
	1572867,
	40);
INSERT INTO GD_SHP
	VALUES (4194326,
	1680,
	1664,
	1872,
	1728);
INSERT INTO GD_GE
	VALUES (4194327,
	4194319,
	4194307,
	21);
INSERT INTO GD_SHP
	VALUES (4194327,
	1952,
	1568,
	2144,
	1632);
INSERT INTO GD_GE
	VALUES (4194328,
	4194319,
	4194308,
	21);
INSERT INTO GD_SHP
	VALUES (4194328,
	1680,
	1568,
	1872,
	1632);
INSERT INTO GD_GE
	VALUES (4194368,
	4194319,
	4194310,
	21);
INSERT INTO GD_SHP
	VALUES (4194368,
	1296,
	1248,
	1488,
	1312);
INSERT INTO GD_MD
	VALUES (4194320,
	7,
	4194312,
	11,
	1,
	0,
	1,
	1,
	0,
	12,
	1600,
	4200,
	1.000000,
	0);
INSERT INTO GD_GE
	VALUES (4194330,
	4194320,
	4194306,
	21);
INSERT INTO GD_SHP
	VALUES (4194330,
	1744,
	1472,
	1936,
	1536);
INSERT INTO GD_GE
	VALUES (4194331,
	4194320,
	1572867,
	40);
INSERT INTO GD_SHP
	VALUES (4194331,
	1904,
	1564,
	2096,
	1628);
INSERT INTO GD_GE
	VALUES (4194332,
	4194320,
	4194307,
	21);
INSERT INTO GD_SHP
	VALUES (4194332,
	2016,
	1472,
	2208,
	1536);
INSERT INTO GD_GE
	VALUES (4194333,
	4194320,
	4194308,
	21);
INSERT INTO GD_SHP
	VALUES (4194333,
	2016,
	1296,
	2208,
	1360);
INSERT INTO GD_GE
	VALUES (4194369,
	4194320,
	4194310,
	21);
INSERT INTO GD_SHP
	VALUES (4194369,
	1296,
	1248,
	1488,
	1312);
