-- BP 6.1D content: domain syschar: 3

INSERT INTO S_DOM
	VALUES (2033203,
	'G_ALL_performance_test5',
	'Test5 creates 10000 active instances and then deletes the 10000 active instances.',
	0,
	1);
INSERT INTO S_CDT
	VALUES (524289,
	0);
INSERT INTO S_DT
	VALUES (524289,
	2033203,
	'void',
	'');
INSERT INTO S_CDT
	VALUES (524290,
	1);
INSERT INTO S_DT
	VALUES (524290,
	2033203,
	'boolean',
	'');
INSERT INTO S_CDT
	VALUES (524291,
	2);
INSERT INTO S_DT
	VALUES (524291,
	2033203,
	'integer',
	'');
INSERT INTO S_CDT
	VALUES (524292,
	3);
INSERT INTO S_DT
	VALUES (524292,
	2033203,
	'real',
	'');
INSERT INTO S_CDT
	VALUES (524293,
	4);
INSERT INTO S_DT
	VALUES (524293,
	2033203,
	'string',
	'');
INSERT INTO S_CDT
	VALUES (524294,
	5);
INSERT INTO S_DT
	VALUES (524294,
	2033203,
	'unique_id',
	'');
INSERT INTO S_CDT
	VALUES (524295,
	6);
INSERT INTO S_DT
	VALUES (524295,
	2033203,
	'state<State_Model>',
	'');
INSERT INTO S_CDT
	VALUES (524296,
	7);
INSERT INTO S_DT
	VALUES (524296,
	2033203,
	'same_as<Base_Attribute>',
	'');
INSERT INTO S_CDT
	VALUES (524297,
	8);
INSERT INTO S_DT
	VALUES (524297,
	2033203,
	'inst_ref<Object>',
	'');
INSERT INTO S_CDT
	VALUES (524298,
	9);
INSERT INTO S_DT
	VALUES (524298,
	2033203,
	'inst_ref_set<Object>',
	'');
INSERT INTO S_CDT
	VALUES (524299,
	10);
INSERT INTO S_DT
	VALUES (524299,
	2033203,
	'inst<Event>',
	'');
INSERT INTO S_CDT
	VALUES (524300,
	11);
INSERT INTO S_DT
	VALUES (524300,
	2033203,
	'inst<Mapping>',
	'');
INSERT INTO S_CDT
	VALUES (524301,
	12);
INSERT INTO S_DT
	VALUES (524301,
	2033203,
	'inst_ref<Mapping>',
	'');
INSERT INTO S_UDT
	VALUES (524302,
	524300,
	1);
INSERT INTO S_DT
	VALUES (524302,
	2033203,
	'date',
	'');
INSERT INTO S_UDT
	VALUES (524303,
	524300,
	2);
INSERT INTO S_DT
	VALUES (524303,
	2033203,
	'timestamp',
	'');
INSERT INTO S_UDT
	VALUES (524304,
	524301,
	3);
INSERT INTO S_DT
	VALUES (524304,
	2033203,
	'inst_ref<Timer>',
	'');
INSERT INTO S_EE
	VALUES (524289,
	'Architecture',
	'',
	'ARCH',
	2033203);
INSERT INTO S_BRG
	VALUES (524289,
	524289,
	'shutdown',
	'',
	0,
	524289,
	'',
	1);
INSERT INTO GD_MD
	VALUES (524289,
	1,
	2033203,
	1,
	1,
	0,
	1,
	1,
	0,
	12,
	1600,
	4200,
	1.000000,
	0);
INSERT INTO GD_GE
	VALUES (524293,
	524289,
	524289,
	12);
INSERT INTO GD_SHP
	VALUES (524293,
	1872,
	1520,
	2096,
	1680);
INSERT INTO GD_GE
	VALUES (524294,
	524289,
	1048578,
	11);
INSERT INTO GD_SHP
	VALUES (524294,
	1872,
	1312,
	2096,
	1472);
INSERT INTO GD_MD
	VALUES (524290,
	2,
	2033203,
	1,
	1,
	0,
	1,
	1,
	0,
	12,
	1600,
	4200,
	1.000000,
	0);
INSERT INTO GD_GE
	VALUES (524295,
	524290,
	1048578,
	11);
INSERT INTO GD_SHP
	VALUES (524295,
	1872,
	1312,
	2096,
	1472);
INSERT INTO GD_MD
	VALUES (524291,
	3,
	2033203,
	1,
	1,
	0,
	1,
	1,
	0,
	12,
	1600,
	4200,
	1.000000,
	0);
INSERT INTO GD_GE
	VALUES (524296,
	524291,
	1048578,
	11);
INSERT INTO GD_SHP
	VALUES (524296,
	1872,
	1312,
	2096,
	1472);
INSERT INTO GD_MD
	VALUES (524292,
	4,
	2033203,
	1,
	1,
	0,
	1,
	1,
	0,
	12,
	1600,
	4200,
	1.000000,
	0);
INSERT INTO GD_GE
	VALUES (524297,
	524292,
	1048578,
	11);
INSERT INTO GD_SHP
	VALUES (524297,
	1872,
	1312,
	2096,
	1472);
INSERT INTO S_SS
	VALUES (1048578,
	'Test5',
	'',
	'T5',
	1,
	2033203,
	1048578);
INSERT INTO O_OBJ
	VALUES (1048577,
	'Initialization',
	1,
	'INIT',
	'',
	1048578);
INSERT INTO O_NBATTR
	VALUES (1048577,
	1048577);
INSERT INTO O_BATTR
	VALUES (1048577,
	1048577);
INSERT INTO O_ATTR
	VALUES (1048577,
	1048577,
	0,
	'id',
	'',
	'',
	'id',
	0,
	524294);
INSERT INTO O_NBATTR
	VALUES (1048578,
	1048577);
INSERT INTO O_BATTR
	VALUES (1048578,
	1048577);
INSERT INTO O_ATTR
	VALUES (1048578,
	1048577,
	1048577,
	'current_state',
	'',
	'',
	'current_state',
	0,
	524295);
INSERT INTO O_ID
	VALUES (0,
	1048577);
INSERT INTO O_OIDA
	VALUES (1048577,
	1048577,
	0);
INSERT INTO SM_ISM
	VALUES (1572867,
	1048577);
INSERT INTO SM_SM
	VALUES (1572867,
	'',
	3);
INSERT INTO SM_MOORE
	VALUES (1572867);
INSERT INTO SM_STATE
	VALUES (1572865,
	1572867,
	0,
	'Start',
	1,
	0);
INSERT INTO SM_MOAH
	VALUES (1572865,
	1572867,
	1572865);
INSERT INTO SM_AH
	VALUES (1572865,
	1572867);
INSERT INTO SM_ACT
	VALUES (1572865,
	1572867,
	1,
	'create object instance tc of TC;
generate TC1 to tc;',
	'');
INSERT INTO GD_MD
	VALUES (1572865,
	8,
	1572867,
	40,
	1,
	0,
	1,
	1,
	0,
	12,
	1600,
	4200,
	1.000000,
	0);
INSERT INTO GD_GE
	VALUES (1572866,
	1572865,
	1572865,
	41);
INSERT INTO GD_SHP
	VALUES (1572866,
	1712,
	1248,
	2000,
	1456);
INSERT INTO O_OBJ
	VALUES (1048578,
	'Test Class',
	2,
	'TC',
	'',
	1048578);
INSERT INTO O_NBATTR
	VALUES (1048579,
	1048578);
INSERT INTO O_BATTR
	VALUES (1048579,
	1048578);
INSERT INTO O_ATTR
	VALUES (1048579,
	1048578,
	0,
	'id',
	'',
	'',
	'id',
	0,
	524294);
INSERT INTO O_NBATTR
	VALUES (1048580,
	1048578);
INSERT INTO O_BATTR
	VALUES (1048580,
	1048578);
INSERT INTO O_ATTR
	VALUES (1048580,
	1048578,
	1048579,
	'current_state',
	'',
	'',
	'current_state',
	0,
	524295);
INSERT INTO O_ID
	VALUES (0,
	1048578);
INSERT INTO O_OIDA
	VALUES (1048579,
	1048578,
	0);
INSERT INTO SM_ISM
	VALUES (2097156,
	1048578);
INSERT INTO SM_SM
	VALUES (2097156,
	'',
	4);
INSERT INTO SM_MOORE
	VALUES (2097156);
INSERT INTO SM_SUPDT
	VALUES (2097153,
	2097156,
	0);
INSERT INTO SM_STATE
	VALUES (2097153,
	2097156,
	2097153,
	'State One',
	1,
	0);
INSERT INTO SM_LEVT
	VALUES (2097153,
	2097156,
	2097153);
INSERT INTO SM_SEVT
	VALUES (2097153,
	2097156,
	2097153);
INSERT INTO SM_EVT
	VALUES (2097153,
	2097156,
	2097153,
	1,
	'',
	0,
	'',
	'TC1',
	'');
INSERT INTO SM_SEME
	VALUES (2097153,
	2097153,
	2097156,
	2097153);
INSERT INTO SM_NSTXN
	VALUES (2097153,
	2097156,
	2097153,
	2097153,
	2097153);
INSERT INTO SM_TXN
	VALUES (2097153,
	2097156,
	2097153,
	2097153);
INSERT INTO SM_MOAH
	VALUES (2097153,
	2097156,
	2097153);
INSERT INTO SM_AH
	VALUES (2097153,
	2097156);
INSERT INTO SM_ACT
	VALUES (2097153,
	2097156,
	1,
	'OP::GetMasterStart( );

while( OP::IncreaseCount( ) <= 10000 )
  create object instance of TC2;
end while;

select many tc2_set from instances of TC2;
for each tc2 in tc2_set
  delete object instance tc2;
end for;

OP::GetMasterFinish( );
OP::CalculateTime( );
ARCH::shutdown( );',
	'');
INSERT INTO GD_MD
	VALUES (2097153,
	8,
	2097156,
	40,
	1,
	0,
	1,
	1,
	0,
	12,
	1600,
	4200,
	1.000000,
	0);
INSERT INTO GD_GE
	VALUES (2097154,
	2097153,
	2097153,
	41);
INSERT INTO GD_SHP
	VALUES (2097154,
	1840,
	1392,
	2160,
	1616);
INSERT INTO GD_GE
	VALUES (2097155,
	2097153,
	2097153,
	42);
INSERT INTO GD_CON
	VALUES (2097155,
	2097154,
	2097154,
	0);
INSERT INTO GD_CTXT
	VALUES (2097155,
	0,
	0,
	0,
	0,
	0,
	0,
	1733,
	1328,
	1771,
	1350,
	1,
	-47,
	0,
	0,
	0,
	0,
	0,
	0);
INSERT INTO GD_LS
	VALUES (2097156,
	2097155,
	1840,
	1440,
	1776,
	1440,
	0);
INSERT INTO GD_LS
	VALUES (2097157,
	2097155,
	1776,
	1440,
	1776,
	1328,
	2097156);
INSERT INTO GD_LS
	VALUES (2097158,
	2097155,
	1776,
	1328,
	1888,
	1328,
	2097157);
INSERT INTO GD_LS
	VALUES (2097159,
	2097155,
	1888,
	1328,
	1888,
	1392,
	2097158);
INSERT INTO O_OBJ
	VALUES (1048579,
	'Op Class',
	4,
	'OP',
	'',
	1048578);
INSERT INTO O_TFR
	VALUES (1048577,
	1048579,
	'GetMasterStart',
	'',
	524289,
	0,
	'',
	1);
INSERT INTO O_TFR
	VALUES (1048578,
	1048579,
	'GetMasterFinish',
	'',
	524289,
	0,
	'',
	1);
INSERT INTO O_TFR
	VALUES (1048579,
	1048579,
	'CalculateTime',
	'',
	524289,
	0,
	'',
	1);
INSERT INTO O_TFR
	VALUES (1048580,
	1048579,
	'IncreaseCount',
	'',
	524291,
	0,
	'return -1;',
	1);
INSERT INTO O_NBATTR
	VALUES (1048581,
	1048579);
INSERT INTO O_BATTR
	VALUES (1048581,
	1048579);
INSERT INTO O_ATTR
	VALUES (1048581,
	1048579,
	0,
	'id',
	'',
	'',
	'id',
	0,
	524294);
INSERT INTO O_ID
	VALUES (0,
	1048579);
INSERT INTO O_OIDA
	VALUES (1048581,
	1048579,
	0);
INSERT INTO O_OBJ
	VALUES (1048580,
	'Test Class 2',
	3,
	'TC2',
	'',
	1048578);
INSERT INTO O_NBATTR
	VALUES (1048582,
	1048580);
INSERT INTO O_BATTR
	VALUES (1048582,
	1048580);
INSERT INTO O_ATTR
	VALUES (1048582,
	1048580,
	0,
	'id',
	'',
	'',
	'id',
	0,
	524294);
INSERT INTO O_NBATTR
	VALUES (1048583,
	1048580);
INSERT INTO O_BATTR
	VALUES (1048583,
	1048580);
INSERT INTO O_ATTR
	VALUES (1048583,
	1048580,
	1048582,
	'current_state',
	'',
	'',
	'current_state',
	0,
	524295);
INSERT INTO O_ID
	VALUES (0,
	1048580);
INSERT INTO O_OIDA
	VALUES (1048582,
	1048580,
	0);
INSERT INTO SM_ISM
	VALUES (2621445,
	1048580);
INSERT INTO SM_SM
	VALUES (2621445,
	'',
	5);
INSERT INTO SM_MOORE
	VALUES (2621445);
INSERT INTO GD_MD
	VALUES (2621441,
	8,
	2621445,
	40,
	1,
	0,
	1,
	1,
	0,
	12,
	1600,
	4200,
	1.000000,
	0);
INSERT INTO GD_MD
	VALUES (1048577,
	5,
	1048578,
	11,
	1,
	0,
	1,
	1,
	0,
	12,
	1600,
	4200,
	1.000000,
	0);
INSERT INTO GD_GE
	VALUES (1048580,
	1048577,
	1048577,
	21);
INSERT INTO GD_SHP
	VALUES (1048580,
	1696,
	1280,
	1920,
	1456);
INSERT INTO GD_GE
	VALUES (1048581,
	1048577,
	1048578,
	21);
INSERT INTO GD_SHP
	VALUES (1048581,
	2000,
	1280,
	2240,
	1456);
INSERT INTO GD_GE
	VALUES (1048582,
	1048577,
	1048579,
	21);
INSERT INTO GD_SHP
	VALUES (1048582,
	1696,
	1536,
	1920,
	1696);
INSERT INTO GD_GE
	VALUES (1048587,
	1048577,
	1048580,
	21);
INSERT INTO GD_SHP
	VALUES (1048587,
	2000,
	1536,
	2240,
	1696);
INSERT INTO GD_MD
	VALUES (1048578,
	6,
	1048578,
	11,
	1,
	0,
	1,
	1,
	0,
	12,
	1600,
	4200,
	1.000000,
	0);
INSERT INTO GD_GE
	VALUES (1048583,
	1048578,
	1048577,
	21);
INSERT INTO GD_SHP
	VALUES (1048583,
	1696,
	1280,
	1888,
	1344);
INSERT INTO GD_GE
	VALUES (1048584,
	1048578,
	1048578,
	21);
INSERT INTO GD_SHP
	VALUES (1048584,
	2000,
	1280,
	2192,
	1344);
INSERT INTO GD_GE
	VALUES (1048589,
	1048578,
	1048580,
	21);
INSERT INTO GD_SHP
	VALUES (1048589,
	2000,
	1536,
	2192,
	1600);
INSERT INTO GD_MD
	VALUES (1048579,
	7,
	1048578,
	11,
	1,
	0,
	1,
	1,
	0,
	12,
	1600,
	4200,
	1.000000,
	0);
INSERT INTO GD_GE
	VALUES (1048585,
	1048579,
	1048577,
	21);
INSERT INTO GD_SHP
	VALUES (1048585,
	1696,
	1280,
	1888,
	1344);
INSERT INTO GD_GE
	VALUES (1048586,
	1048579,
	1048578,
	21);
INSERT INTO GD_SHP
	VALUES (1048586,
	2000,
	1280,
	2192,
	1344);
INSERT INTO GD_GE
	VALUES (1048588,
	1048579,
	1048580,
	21);
INSERT INTO GD_SHP
	VALUES (1048588,
	2000,
	1536,
	2192,
	1600);
