-- BP 6.1D content: domain syschar: 3

INSERT INTO S_DOM
	VALUES (153911,
	'G_ALL_performance_test2',
	'Test2 sends an instance event, with no supplemental data, between two states in the same instance 10000 times ( 5000 times from each state ).',
	0,
	1);
INSERT INTO S_CDT
	VALUES (524289,
	0);
INSERT INTO S_DT
	VALUES (524289,
	153911,
	'void',
	'');
INSERT INTO S_CDT
	VALUES (524290,
	1);
INSERT INTO S_DT
	VALUES (524290,
	153911,
	'boolean',
	'');
INSERT INTO S_CDT
	VALUES (524291,
	2);
INSERT INTO S_DT
	VALUES (524291,
	153911,
	'integer',
	'');
INSERT INTO S_CDT
	VALUES (524292,
	3);
INSERT INTO S_DT
	VALUES (524292,
	153911,
	'real',
	'');
INSERT INTO S_CDT
	VALUES (524293,
	4);
INSERT INTO S_DT
	VALUES (524293,
	153911,
	'string',
	'');
INSERT INTO S_CDT
	VALUES (524294,
	5);
INSERT INTO S_DT
	VALUES (524294,
	153911,
	'unique_id',
	'');
INSERT INTO S_CDT
	VALUES (524295,
	6);
INSERT INTO S_DT
	VALUES (524295,
	153911,
	'state<State_Model>',
	'');
INSERT INTO S_CDT
	VALUES (524296,
	7);
INSERT INTO S_DT
	VALUES (524296,
	153911,
	'same_as<Base_Attribute>',
	'');
INSERT INTO S_CDT
	VALUES (524297,
	8);
INSERT INTO S_DT
	VALUES (524297,
	153911,
	'inst_ref<Object>',
	'');
INSERT INTO S_CDT
	VALUES (524298,
	9);
INSERT INTO S_DT
	VALUES (524298,
	153911,
	'inst_ref_set<Object>',
	'');
INSERT INTO S_CDT
	VALUES (524299,
	10);
INSERT INTO S_DT
	VALUES (524299,
	153911,
	'inst<Event>',
	'');
INSERT INTO S_CDT
	VALUES (524300,
	11);
INSERT INTO S_DT
	VALUES (524300,
	153911,
	'inst<Mapping>',
	'');
INSERT INTO S_CDT
	VALUES (524301,
	12);
INSERT INTO S_DT
	VALUES (524301,
	153911,
	'inst_ref<Mapping>',
	'');
INSERT INTO S_UDT
	VALUES (524302,
	524300,
	1);
INSERT INTO S_DT
	VALUES (524302,
	153911,
	'date',
	'');
INSERT INTO S_UDT
	VALUES (524303,
	524300,
	2);
INSERT INTO S_DT
	VALUES (524303,
	153911,
	'timestamp',
	'');
INSERT INTO S_UDT
	VALUES (524304,
	524301,
	3);
INSERT INTO S_DT
	VALUES (524304,
	153911,
	'inst_ref<Timer>',
	'');
INSERT INTO S_EE
	VALUES (524289,
	'Architecture',
	'',
	'ARCH',
	153911);
INSERT INTO S_BRG
	VALUES (524289,
	524289,
	'shutdown',
	'',
	0,
	524289,
	'',
	1);
INSERT INTO GD_MD
	VALUES (524289,
	1,
	153911,
	1,
	1,
	0,
	1,
	1,
	0,
	12,
	1600,
	4200,
	1.000000,
	0);
INSERT INTO GD_GE
	VALUES (524293,
	524289,
	524289,
	12);
INSERT INTO GD_SHP
	VALUES (524293,
	1856,
	1520,
	2080,
	1680);
INSERT INTO GD_GE
	VALUES (524294,
	524289,
	1048578,
	11);
INSERT INTO GD_SHP
	VALUES (524294,
	1856,
	1296,
	2080,
	1456);
INSERT INTO GD_MD
	VALUES (524290,
	2,
	153911,
	1,
	1,
	0,
	1,
	1,
	0,
	12,
	1600,
	4200,
	1.000000,
	0);
INSERT INTO GD_GE
	VALUES (524295,
	524290,
	1048578,
	11);
INSERT INTO GD_SHP
	VALUES (524295,
	1856,
	1296,
	2080,
	1456);
INSERT INTO GD_MD
	VALUES (524291,
	3,
	153911,
	1,
	1,
	0,
	1,
	1,
	0,
	12,
	1600,
	4200,
	1.000000,
	0);
INSERT INTO GD_GE
	VALUES (524296,
	524291,
	1048578,
	11);
INSERT INTO GD_SHP
	VALUES (524296,
	1856,
	1296,
	2080,
	1456);
INSERT INTO GD_MD
	VALUES (524292,
	4,
	153911,
	1,
	1,
	0,
	1,
	1,
	0,
	12,
	1600,
	4200,
	1.000000,
	0);
INSERT INTO GD_GE
	VALUES (524297,
	524292,
	1048578,
	11);
INSERT INTO GD_SHP
	VALUES (524297,
	1856,
	1296,
	2080,
	1456);
INSERT INTO S_SS
	VALUES (1048578,
	'Test2',
	'',
	'T2',
	1,
	153911,
	1048578);
INSERT INTO O_OBJ
	VALUES (1048577,
	'Initialization',
	1,
	'INIT',
	'',
	1048578);
INSERT INTO O_NBATTR
	VALUES (1048577,
	1048577);
INSERT INTO O_BATTR
	VALUES (1048577,
	1048577);
INSERT INTO O_ATTR
	VALUES (1048577,
	1048577,
	0,
	'id',
	'',
	'',
	'id',
	0,
	524294);
INSERT INTO O_NBATTR
	VALUES (1048578,
	1048577);
INSERT INTO O_BATTR
	VALUES (1048578,
	1048577);
INSERT INTO O_ATTR
	VALUES (1048578,
	1048577,
	1048577,
	'current_state',
	'',
	'',
	'current_state',
	0,
	524295);
INSERT INTO O_ID
	VALUES (0,
	1048577);
INSERT INTO O_OIDA
	VALUES (1048577,
	1048577,
	0);
INSERT INTO SM_ISM
	VALUES (1572867,
	1048577);
INSERT INTO SM_SM
	VALUES (1572867,
	'',
	3);
INSERT INTO SM_MOORE
	VALUES (1572867);
INSERT INTO SM_STATE
	VALUES (1572865,
	1572867,
	0,
	'Start',
	1,
	0);
INSERT INTO SM_MOAH
	VALUES (1572865,
	1572867,
	1572865);
INSERT INTO SM_AH
	VALUES (1572865,
	1572867);
INSERT INTO SM_ACT
	VALUES (1572865,
	1572867,
	1,
	'create object instance tc of TC;
generate TC1 to tc;

OP::GetMasterStart( );',
	'');
INSERT INTO GD_MD
	VALUES (1572865,
	8,
	1572867,
	40,
	1,
	0,
	1,
	1,
	0,
	12,
	1600,
	4200,
	1.000000,
	0);
INSERT INTO GD_GE
	VALUES (1572866,
	1572865,
	1572865,
	41);
INSERT INTO GD_SHP
	VALUES (1572866,
	1712,
	1248,
	2000,
	1456);
INSERT INTO O_OBJ
	VALUES (1048578,
	'Test Class',
	2,
	'TC',
	'',
	1048578);
INSERT INTO O_NBATTR
	VALUES (1048579,
	1048578);
INSERT INTO O_BATTR
	VALUES (1048579,
	1048578);
INSERT INTO O_ATTR
	VALUES (1048579,
	1048578,
	0,
	'id',
	'',
	'',
	'id',
	0,
	524294);
INSERT INTO O_NBATTR
	VALUES (1048580,
	1048578);
INSERT INTO O_BATTR
	VALUES (1048580,
	1048578);
INSERT INTO O_ATTR
	VALUES (1048580,
	1048578,
	1048579,
	'current_state',
	'',
	'',
	'current_state',
	0,
	524295);
INSERT INTO O_ID
	VALUES (0,
	1048578);
INSERT INTO O_OIDA
	VALUES (1048579,
	1048578,
	0);
INSERT INTO SM_ISM
	VALUES (2097156,
	1048578);
INSERT INTO SM_SM
	VALUES (2097156,
	'',
	4);
INSERT INTO SM_MOORE
	VALUES (2097156);
INSERT INTO SM_SUPDT
	VALUES (2097153,
	2097156,
	0);
INSERT INTO SM_STATE
	VALUES (2097153,
	2097156,
	2097153,
	'State One',
	1,
	0);
INSERT INTO SM_LEVT
	VALUES (2097153,
	2097156,
	2097153);
INSERT INTO SM_SEVT
	VALUES (2097153,
	2097156,
	2097153);
INSERT INTO SM_EVT
	VALUES (2097153,
	2097156,
	2097153,
	1,
	'',
	0,
	'',
	'TC1',
	'');
INSERT INTO SM_SEME
	VALUES (2097153,
	2097153,
	2097156,
	2097153);
INSERT INTO SM_LEVT
	VALUES (2097154,
	2097156,
	2097153);
INSERT INTO SM_SEVT
	VALUES (2097154,
	2097156,
	2097153);
INSERT INTO SM_EVT
	VALUES (2097154,
	2097156,
	2097153,
	2,
	'',
	0,
	'',
	'TC2',
	'');
INSERT INTO SM_SEME
	VALUES (2097153,
	2097154,
	2097156,
	2097153);
INSERT INTO SM_STATE
	VALUES (2097154,
	2097156,
	2097153,
	'State Two',
	2,
	0);
INSERT INTO SM_CH
	VALUES (2097154,
	2097153,
	2097156,
	2097153,
	'');
INSERT INTO SM_SEME
	VALUES (2097154,
	2097153,
	2097156,
	2097153);
INSERT INTO SM_SEME
	VALUES (2097154,
	2097154,
	2097156,
	2097153);
INSERT INTO SM_NSTXN
	VALUES (2097153,
	2097156,
	2097153,
	2097153,
	2097153);
INSERT INTO SM_TXN
	VALUES (2097153,
	2097156,
	2097153,
	2097153);
INSERT INTO SM_NSTXN
	VALUES (2097154,
	2097156,
	2097153,
	2097154,
	2097153);
INSERT INTO SM_TXN
	VALUES (2097154,
	2097156,
	2097154,
	2097153);
INSERT INTO SM_NSTXN
	VALUES (2097155,
	2097156,
	2097154,
	2097154,
	2097153);
INSERT INTO SM_TXN
	VALUES (2097155,
	2097156,
	2097153,
	2097153);
INSERT INTO SM_MOAH
	VALUES (2097153,
	2097156,
	2097153);
INSERT INTO SM_AH
	VALUES (2097153,
	2097156);
INSERT INTO SM_ACT
	VALUES (2097153,
	2097156,
	1,
	'if ( OP::IncreaseCount( ) == 10001 )
  OP::GetMasterFinish( );
  OP::CalculateTime( );
  ARCH::shutdown( );
else
  generate TC2 to self;
end if;
',
	'');
INSERT INTO SM_MOAH
	VALUES (2097154,
	2097156,
	2097154);
INSERT INTO SM_AH
	VALUES (2097154,
	2097156);
INSERT INTO SM_ACT
	VALUES (2097154,
	2097156,
	1,
	'x = OP::IncreaseCount( );
generate TC2 to self;',
	'');
INSERT INTO GD_MD
	VALUES (2097153,
	8,
	2097156,
	40,
	1,
	0,
	1,
	1,
	0,
	12,
	1725,
	4200,
	1.000000,
	0);
INSERT INTO GD_GE
	VALUES (2097154,
	2097153,
	2097153,
	41);
INSERT INTO GD_SHP
	VALUES (2097154,
	1840,
	1392,
	2160,
	1616);
INSERT INTO GD_GE
	VALUES (2097155,
	2097153,
	2097154,
	41);
INSERT INTO GD_SHP
	VALUES (2097155,
	2384,
	1392,
	2688,
	1616);
INSERT INTO GD_GE
	VALUES (2097156,
	2097153,
	2097153,
	42);
INSERT INTO GD_CON
	VALUES (2097156,
	2097154,
	2097154,
	0);
INSERT INTO GD_CTXT
	VALUES (2097156,
	0,
	0,
	0,
	0,
	0,
	0,
	1733,
	1328,
	1771,
	1350,
	1,
	-47,
	0,
	0,
	0,
	0,
	0,
	0);
INSERT INTO GD_LS
	VALUES (2097157,
	2097156,
	1840,
	1440,
	1776,
	1440,
	0);
INSERT INTO GD_LS
	VALUES (2097158,
	2097156,
	1776,
	1440,
	1776,
	1328,
	2097157);
INSERT INTO GD_LS
	VALUES (2097159,
	2097156,
	1776,
	1328,
	1888,
	1328,
	2097158);
INSERT INTO GD_LS
	VALUES (2097160,
	2097156,
	1888,
	1328,
	1888,
	1392,
	2097159);
INSERT INTO GD_GE
	VALUES (2097161,
	2097153,
	2097154,
	42);
INSERT INTO GD_CON
	VALUES (2097161,
	2097154,
	2097155,
	0);
INSERT INTO GD_CTXT
	VALUES (2097161,
	0,
	0,
	0,
	0,
	0,
	0,
	2258,
	1539,
	2296,
	1561,
	3,
	-1,
	0,
	0,
	0,
	0,
	0,
	0);
INSERT INTO GD_LS
	VALUES (2097162,
	2097161,
	2160,
	1568,
	2384,
	1568,
	0);
INSERT INTO GD_GE
	VALUES (2097163,
	2097153,
	2097155,
	42);
INSERT INTO GD_CON
	VALUES (2097163,
	2097155,
	2097154,
	0);
INSERT INTO GD_CTXT
	VALUES (2097163,
	0,
	0,
	0,
	0,
	0,
	0,
	2255,
	1395,
	2293,
	1417,
	0,
	-1,
	0,
	0,
	0,
	0,
	0,
	0);
INSERT INTO GD_LS
	VALUES (2097164,
	2097163,
	2384,
	1424,
	2160,
	1424,
	0);
INSERT INTO O_OBJ
	VALUES (1048579,
	'Op Class',
	3,
	'OP',
	'',
	1048578);
INSERT INTO O_TFR
	VALUES (1048577,
	1048579,
	'GetMasterStart',
	'',
	524289,
	0,
	'',
	1);
INSERT INTO O_TFR
	VALUES (1048578,
	1048579,
	'GetMasterFinish',
	'',
	524289,
	0,
	'',
	1);
INSERT INTO O_TFR
	VALUES (1048579,
	1048579,
	'CalculateTime',
	'',
	524289,
	0,
	'',
	1);
INSERT INTO O_TFR
	VALUES (1048580,
	1048579,
	'IncreaseCount',
	'',
	524291,
	0,
	'return -1;',
	1);
INSERT INTO O_NBATTR
	VALUES (1048581,
	1048579);
INSERT INTO O_BATTR
	VALUES (1048581,
	1048579);
INSERT INTO O_ATTR
	VALUES (1048581,
	1048579,
	0,
	'id',
	'',
	'',
	'id',
	0,
	524294);
INSERT INTO O_ID
	VALUES (0,
	1048579);
INSERT INTO O_OIDA
	VALUES (1048581,
	1048579,
	0);
INSERT INTO GD_MD
	VALUES (1048577,
	5,
	1048578,
	11,
	1,
	0,
	1,
	1,
	0,
	12,
	1600,
	4200,
	1.000000,
	0);
INSERT INTO GD_GE
	VALUES (1048580,
	1048577,
	1048577,
	21);
INSERT INTO GD_SHP
	VALUES (1048580,
	1664,
	1248,
	1888,
	1424);
INSERT INTO GD_GE
	VALUES (1048581,
	1048577,
	1048578,
	21);
INSERT INTO GD_SHP
	VALUES (1048581,
	1968,
	1248,
	2208,
	1424);
INSERT INTO GD_GE
	VALUES (1048582,
	1048577,
	1048579,
	21);
INSERT INTO GD_SHP
	VALUES (1048582,
	1664,
	1504,
	1888,
	1664);
INSERT INTO GD_MD
	VALUES (1048578,
	6,
	1048578,
	11,
	1,
	0,
	1,
	1,
	0,
	12,
	1600,
	4200,
	1.000000,
	0);
INSERT INTO GD_GE
	VALUES (1048583,
	1048578,
	1048577,
	21);
INSERT INTO GD_SHP
	VALUES (1048583,
	1664,
	1248,
	1856,
	1312);
INSERT INTO GD_GE
	VALUES (1048584,
	1048578,
	1048578,
	21);
INSERT INTO GD_SHP
	VALUES (1048584,
	1968,
	1248,
	2160,
	1312);
INSERT INTO GD_MD
	VALUES (1048579,
	7,
	1048578,
	11,
	1,
	0,
	1,
	1,
	0,
	12,
	1600,
	4200,
	1.000000,
	0);
INSERT INTO GD_GE
	VALUES (1048585,
	1048579,
	1048577,
	21);
INSERT INTO GD_SHP
	VALUES (1048585,
	1664,
	1248,
	1856,
	1312);
INSERT INTO GD_GE
	VALUES (1048586,
	1048579,
	1048578,
	21);
INSERT INTO GD_SHP
	VALUES (1048586,
	1968,
	1248,
	2160,
	1312);
