-- BP 6.1D content: domain syschar: 3

INSERT INTO S_DOM
	VALUES (14722845,
	'G_STE_del_inst_mult',
	'This test will test deleting an instance twice, in the following ways:
	- delete self twice
	- delete a local (reference to self) twice
	- delete self followed by a local (reference to self)
	- delete a local (reference to self) followed by self
	- delete a selected instance (NOT a reference to self) twice
	- delete self within a final state transition
	- delete a local (reference to self) within a final state transition
	- delete a selected instance (reference to self) within a final state transition

In all cases, the instance should be deleted once, and an error should be generated by the application stating that the user attempted to delete the same instance twice.
',
	0,
	1);
INSERT INTO S_CDT
	VALUES (524289,
	0);
INSERT INTO S_DT
	VALUES (524289,
	14722845,
	'void',
	'');
INSERT INTO S_CDT
	VALUES (524290,
	1);
INSERT INTO S_DT
	VALUES (524290,
	14722845,
	'boolean',
	'');
INSERT INTO S_CDT
	VALUES (524291,
	2);
INSERT INTO S_DT
	VALUES (524291,
	14722845,
	'integer',
	'');
INSERT INTO S_CDT
	VALUES (524292,
	3);
INSERT INTO S_DT
	VALUES (524292,
	14722845,
	'real',
	'');
INSERT INTO S_CDT
	VALUES (524293,
	4);
INSERT INTO S_DT
	VALUES (524293,
	14722845,
	'string',
	'');
INSERT INTO S_CDT
	VALUES (524294,
	5);
INSERT INTO S_DT
	VALUES (524294,
	14722845,
	'unique_id',
	'');
INSERT INTO S_CDT
	VALUES (524295,
	6);
INSERT INTO S_DT
	VALUES (524295,
	14722845,
	'state<State_Model>',
	'');
INSERT INTO S_CDT
	VALUES (524296,
	7);
INSERT INTO S_DT
	VALUES (524296,
	14722845,
	'same_as<Base_Attribute>',
	'');
INSERT INTO S_CDT
	VALUES (524297,
	8);
INSERT INTO S_DT
	VALUES (524297,
	14722845,
	'inst_ref<Object>',
	'');
INSERT INTO S_CDT
	VALUES (524298,
	9);
INSERT INTO S_DT
	VALUES (524298,
	14722845,
	'inst_ref_set<Object>',
	'');
INSERT INTO S_CDT
	VALUES (524299,
	10);
INSERT INTO S_DT
	VALUES (524299,
	14722845,
	'inst<Event>',
	'');
INSERT INTO S_CDT
	VALUES (524300,
	11);
INSERT INTO S_DT
	VALUES (524300,
	14722845,
	'inst<Mapping>',
	'');
INSERT INTO S_CDT
	VALUES (524301,
	12);
INSERT INTO S_DT
	VALUES (524301,
	14722845,
	'inst_ref<Mapping>',
	'');
INSERT INTO S_UDT
	VALUES (524302,
	524300,
	1);
INSERT INTO S_DT
	VALUES (524302,
	14722845,
	'date',
	'');
INSERT INTO S_UDT
	VALUES (524303,
	524300,
	2);
INSERT INTO S_DT
	VALUES (524303,
	14722845,
	'timestamp',
	'');
INSERT INTO S_UDT
	VALUES (524304,
	524301,
	3);
INSERT INTO S_DT
	VALUES (524304,
	14722845,
	'inst_ref<Timer>',
	'');
INSERT INTO S_UDT
	VALUES (524305,
	524294,
	0);
INSERT INTO S_DT
	VALUES (524305,
	14722845,
	'arbitrary_id',
	'Arbitrary ID with core data type of unique_id.');
INSERT INTO S_EE
	VALUES (524289,
	'Time',
	'',
	'TIM',
	14722845);
INSERT INTO S_BRG
	VALUES (524289,
	524289,
	'current_date',
	'Returns the current date.',
	1,
	524302,
	'',
	0);
INSERT INTO S_BRG
	VALUES (524290,
	524289,
	'create_date',
	'Creates a date based on input parameters.

Returns a date.',
	1,
	524302,
	'',
	0);
INSERT INTO S_BPARM
	VALUES (524289,
	524290,
	'second',
	524291,
	0);
INSERT INTO S_BPARM
	VALUES (524290,
	524290,
	'minute',
	524291,
	0);
INSERT INTO S_BPARM
	VALUES (524291,
	524290,
	'hour',
	524291,
	0);
INSERT INTO S_BPARM
	VALUES (524292,
	524290,
	'day',
	524291,
	0);
INSERT INTO S_BPARM
	VALUES (524293,
	524290,
	'month',
	524291,
	0);
INSERT INTO S_BPARM
	VALUES (524294,
	524290,
	'year',
	524291,
	0);
INSERT INTO S_BRG
	VALUES (524291,
	524289,
	'get_second',
	'Returns the second contained in <date>.',
	1,
	524291,
	'',
	0);
INSERT INTO S_BPARM
	VALUES (524295,
	524291,
	'date',
	524302,
	0);
INSERT INTO S_BRG
	VALUES (524292,
	524289,
	'get_minute',
	'Returns the minute contained in <date>.',
	1,
	524291,
	'',
	0);
INSERT INTO S_BPARM
	VALUES (524296,
	524292,
	'date',
	524302,
	0);
INSERT INTO S_BRG
	VALUES (524293,
	524289,
	'get_hour',
	'Returns the hour contained in <date>.',
	1,
	524291,
	'',
	0);
INSERT INTO S_BPARM
	VALUES (524297,
	524293,
	'date',
	524302,
	0);
INSERT INTO S_BRG
	VALUES (524294,
	524289,
	'get_day',
	'Returns the day contained in <date>.',
	1,
	524291,
	'',
	0);
INSERT INTO S_BPARM
	VALUES (524298,
	524294,
	'date',
	524302,
	0);
INSERT INTO S_BRG
	VALUES (524295,
	524289,
	'get_month',
	'Returns the month contained in <date>.',
	1,
	524291,
	'',
	0);
INSERT INTO S_BPARM
	VALUES (524299,
	524295,
	'date',
	524302,
	0);
INSERT INTO S_BRG
	VALUES (524296,
	524289,
	'get_year',
	'Returns the year contained in <date>.',
	1,
	524291,
	'',
	0);
INSERT INTO S_BPARM
	VALUES (524300,
	524296,
	'date',
	524302,
	0);
INSERT INTO S_BRG
	VALUES (524297,
	524289,
	'current_clock',
	'Returns the current time.',
	1,
	524303,
	'',
	0);
INSERT INTO S_BRG
	VALUES (524298,
	524289,
	'timer_start',
	'Starts a (one shot) timer to expire in <microseconds>, sending <event_inst> upon expiration.  Note that upon expiration the timer will be deleted.

Returns the instance handle of the non-recurring timer.',
	1,
	524304,
	'',
	0);
INSERT INTO S_BPARM
	VALUES (524301,
	524298,
	'microseconds',
	524291,
	0);
INSERT INTO S_BPARM
	VALUES (524302,
	524298,
	'event_inst',
	524299,
	0);
INSERT INTO S_BRG
	VALUES (524299,
	524289,
	'timer_start_recurring',
	'Starts a (recurring) timer to expire in <microseconds>, sending <event_inst> upon expiration.  Upon expiration, the timer will be restarted and fire again in <microseconds> and (re)generate the event <event_inst>.

Returns the instance handle of the recurring timer.',
	1,
	524304,
	'',
	0);
INSERT INTO S_BPARM
	VALUES (524303,
	524299,
	'microseconds',
	524291,
	0);
INSERT INTO S_BPARM
	VALUES (524304,
	524299,
	'event_inst',
	524299,
	0);
INSERT INTO S_BRG
	VALUES (524300,
	524289,
	'timer_remaining_time',
	'Returns the time remaining (in microseconds) before <timer_inst_ref> expires. If <timer_inst_ref> no longer exists, a zero value will be returned. 

It is important to note that even if it no longer exists, an event may still be in transit (e.g., was generated) from a previous timer expiration.  Respectable OOA must account for this "ships passing" possibility.

Returns the time remaining.
',
	1,
	524291,
	'',
	0);
INSERT INTO S_BPARM
	VALUES (524305,
	524300,
	'timer_inst_ref',
	524304,
	0);
INSERT INTO S_BRG
	VALUES (524301,
	524289,
	'timer_reset_time',
	'This method attempts to set <timer_inst_ref> to expire <microseconds>.

It is important to note that an event may still be in transit (e.g., was already generated) from a previous expiration prior to this method invocation.  Respectable OOA must account for this "ships passing" possibility.

Returns TRUE if the timer exists, otherwise FALSE.',
	1,
	524290,
	'',
	0);
INSERT INTO S_BPARM
	VALUES (524306,
	524301,
	'timer_inst_ref',
	524304,
	0);
INSERT INTO S_BPARM
	VALUES (524307,
	524301,
	'microseconds',
	524291,
	0);
INSERT INTO S_BRG
	VALUES (524302,
	524289,
	'timer_add_time',
	'This method attempts to add <microseconds> to the <timer_inst_ref>. 

It is important to note that an event may still be in transit (e.g., was already generated) from a previous expiration prior to this method invocation.  Respectable OOA must account for this "ships passing" possibility.

Returns TRUE if the timer exists, otherwise FALSE.',
	1,
	524290,
	'',
	0);
INSERT INTO S_BPARM
	VALUES (524308,
	524302,
	'timer_inst_ref',
	524304,
	0);
INSERT INTO S_BPARM
	VALUES (524309,
	524302,
	'microseconds',
	524291,
	0);
INSERT INTO S_BRG
	VALUES (524303,
	524289,
	'timer_cancel',
	'This method attempts to cancel and delete <timer_inst_ref>.  

It is important to note that an event may still be in transit (e.g., was already generated) from a previous expiration prior to this method invocation.  Respectable OOA must account for this "ships passing" possibility.

Returns TRUE if the timer exists, otherwise FALSE.',
	1,
	524290,
	'',
	0);
INSERT INTO S_BPARM
	VALUES (524310,
	524303,
	'timer_inst_ref',
	524304,
	0);
INSERT INTO S_EE
	VALUES (524290,
	'Architecture',
	'This EE provides an interface between the domain and the run time implementation that supports the execution of the domain.',
	'ARCH',
	14722845);
INSERT INTO S_BRG
	VALUES (524304,
	524290,
	'shutdown',
	'This bridge sends a request to the run time implementation to shut down.',
	0,
	524289,
	'control stop;',
	1);
INSERT INTO S_EE
	VALUES (524291,
	'Logging',
	'This EE is responsible for logging test data.

The output will be written to a file that may be used for test verification.',
	'LOG',
	14722845);
INSERT INTO S_BRG
	VALUES (524305,
	524291,
	'LogFailure',
	'Log a test failure.

Output fomat:

"Log Failure - <message>"',
	0,
	524289,
	'',
	1);
INSERT INTO S_BPARM
	VALUES (524311,
	524305,
	'message',
	524293,
	0);
INSERT INTO S_BRG
	VALUES (524306,
	524291,
	'LogInfo',
	'Log some information.

Output fomat:

"Log Info - <message>"',
	0,
	524289,
	'',
	1);
INSERT INTO S_BPARM
	VALUES (524312,
	524306,
	'message',
	524293,
	0);
INSERT INTO S_BRG
	VALUES (524307,
	524291,
	'LogSuccess',
	'Log a test success.

Output fomat:

"Log Success - <message>"',
	0,
	524289,
	'',
	1);
INSERT INTO S_BPARM
	VALUES (524313,
	524307,
	'message',
	524293,
	0);
INSERT INTO S_BRG
	VALUES (524308,
	524291,
	'LogReal',
	'Log a real value with an optional message.

Output fomat:

"Log Real - <real>: <message>"',
	0,
	524289,
	'',
	1);
INSERT INTO S_BPARM
	VALUES (524314,
	524308,
	'message',
	524293,
	0);
INSERT INTO S_BPARM
	VALUES (524315,
	524308,
	'real',
	524292,
	0);
INSERT INTO S_BRG
	VALUES (524309,
	524291,
	'LogDate',
	'Log a date value with an optional message.

Output fomat:

"Log Date - <date>: <message>"',
	0,
	524289,
	'',
	1);
INSERT INTO S_BPARM
	VALUES (524316,
	524309,
	'message',
	524293,
	0);
INSERT INTO S_BPARM
	VALUES (524317,
	524309,
	'date',
	524302,
	0);
INSERT INTO S_BRG
	VALUES (524310,
	524291,
	'LogTime',
	'Log a timestamp value with an optional message.

Output fomat:

"Log Time - <time>: <message>"',
	0,
	524289,
	'',
	1);
INSERT INTO S_BPARM
	VALUES (524318,
	524310,
	'message',
	524293,
	0);
INSERT INTO S_BPARM
	VALUES (524319,
	524310,
	'time',
	524303,
	0);
INSERT INTO S_BRG
	VALUES (524311,
	524291,
	'LogInt',
	'Log an integer value with an optional message.

Output fomat:

"Log Int - <int>: <message>"',
	0,
	524289,
	'',
	1);
INSERT INTO S_BPARM
	VALUES (524320,
	524311,
	'message',
	524293,
	0);
INSERT INTO S_BPARM
	VALUES (524321,
	524311,
	'int',
	524291,
	0);
INSERT INTO S_BRG
	VALUES (524312,
	524291,
	'LogString',
	'Log a string value with an optional message.

Output fomat:

"Log String - <str>: <message>"',
	0,
	524289,
	'',
	1);
INSERT INTO S_BPARM
	VALUES (524322,
	524312,
	'message',
	524293,
	0);
INSERT INTO S_BPARM
	VALUES (524323,
	524312,
	'str',
	524293,
	0);
INSERT INTO S_BRG
	VALUES (524313,
	524291,
	'LogBoolean',
	'Log a boolean value with an optional message.

Output fomat:

"Log Boolean - <bool>: <message>"',
	0,
	524289,
	'',
	1);
INSERT INTO S_BPARM
	VALUES (524324,
	524313,
	'message',
	524293,
	0);
INSERT INTO S_BPARM
	VALUES (524325,
	524313,
	'bool',
	524290,
	0);
INSERT INTO S_BRG
	VALUES (524314,
	524291,
	'LogUniqueId',
	'Log a unique_id value with an optional message.

Output fomat:

"Log Unique ID - <uid>: <message>"',
	0,
	524289,
	'',
	1);
INSERT INTO S_BPARM
	VALUES (524326,
	524314,
	'message',
	524293,
	0);
INSERT INTO S_BPARM
	VALUES (524327,
	524314,
	'uid',
	524294,
	0);
INSERT INTO S_BRG
	VALUES (524315,
	524291,
	'LogArbitraryId',
	'Log an arbitrary_id value with an optional message.

Output fomat:

"Log Arbitrary ID - <aid>: <message>"',
	0,
	524289,
	'',
	1);
INSERT INTO S_BPARM
	VALUES (524328,
	524315,
	'message',
	524293,
	0);
INSERT INTO S_BPARM
	VALUES (524329,
	524315,
	'aid',
	524305,
	0);
INSERT INTO GD_MD
	VALUES (524289,
	1,
	14722845,
	1,
	1,
	0,
	1,
	1,
	0,
	12,
	1823,
	4174,
	1.000000,
	0);
INSERT INTO GD_GE
	VALUES (524293,
	524289,
	524289,
	12);
INSERT INTO GD_SHP
	VALUES (524293,
	1936,
	1536,
	2096,
	1632);
INSERT INTO GD_GE
	VALUES (524294,
	524289,
	524290,
	12);
INSERT INTO GD_SHP
	VALUES (524294,
	2144,
	1536,
	2304,
	1632);
INSERT INTO GD_GE
	VALUES (524295,
	524289,
	524291,
	12);
INSERT INTO GD_SHP
	VALUES (524295,
	2352,
	1536,
	2512,
	1632);
INSERT INTO GD_GE
	VALUES (524322,
	524289,
	1048578,
	11);
INSERT INTO GD_SHP
	VALUES (524322,
	2144,
	1392,
	2304,
	1488);
INSERT INTO GD_MD
	VALUES (524290,
	2,
	14722845,
	1,
	1,
	0,
	1,
	1,
	0,
	12,
	1600,
	4200,
	1.000000,
	0);
INSERT INTO GD_GE
	VALUES (524323,
	524290,
	1048578,
	11);
INSERT INTO GD_SHP
	VALUES (524323,
	2160,
	1248,
	2320,
	1344);
INSERT INTO GD_MD
	VALUES (524291,
	3,
	14722845,
	1,
	1,
	0,
	1,
	1,
	0,
	12,
	1600,
	4200,
	1.000000,
	0);
INSERT INTO GD_GE
	VALUES (524324,
	524291,
	1048578,
	11);
INSERT INTO GD_SHP
	VALUES (524324,
	2160,
	1248,
	2320,
	1344);
INSERT INTO GD_MD
	VALUES (524292,
	4,
	14722845,
	1,
	1,
	0,
	1,
	1,
	0,
	12,
	1600,
	4200,
	1.000000,
	0);
INSERT INTO GD_GE
	VALUES (524325,
	524292,
	1048578,
	11);
INSERT INTO GD_SHP
	VALUES (524325,
	2160,
	1248,
	2320,
	1344);
INSERT INTO S_SS
	VALUES (1048578,
	'G_STE_del_inst_mult',
	'This subsystem contains the classes needed to delete self in an FST, delete self twice, delete self followed by local, delete local followed by self, delete local twice, delete a selected class twice, as well as the initialization class and driver class.',
	'',
	1,
	14722845,
	1048578);
INSERT INTO O_OBJ
	VALUES (1048577,
	'Initialization',
	1,
	'INIT',
	'This class is used to create any pre-existing instances necessary for the execution of the domain.  It also generates the creation event to the driver to begin the test(s).  

This class is not translated the same as other classes by the architecture.  Events other than the creation event inside of the initialization class are not allowed.  Any instances created or events generated from its state chart are processed before the dispatcher is started.',
	1048578);
INSERT INTO O_NBATTR
	VALUES (1048577,
	1048577);
INSERT INTO O_BATTR
	VALUES (1048577,
	1048577);
INSERT INTO O_ATTR
	VALUES (1048577,
	1048577,
	0,
	'Init_ID',
	'',
	'',
	'Init_ID',
	0,
	524294);
INSERT INTO O_NBATTR
	VALUES (1048578,
	1048577);
INSERT INTO O_BATTR
	VALUES (1048578,
	1048577);
INSERT INTO O_ATTR
	VALUES (1048578,
	1048577,
	1048577,
	'current_state',
	'',
	'',
	'current_state',
	0,
	524295);
INSERT INTO O_ID
	VALUES (0,
	1048577);
INSERT INTO O_OIDA
	VALUES (1048577,
	1048577,
	0);
INSERT INTO SM_ISM
	VALUES (1572867,
	1048577);
INSERT INTO SM_SM
	VALUES (1572867,
	'',
	3);
INSERT INTO SM_MOORE
	VALUES (1572867);
INSERT INTO SM_SUPDT
	VALUES (1572865,
	1572867,
	0);
INSERT INTO SM_STATE
	VALUES (1572865,
	1572867,
	1572865,
	'Initialize',
	1,
	0);
INSERT INTO SM_LEVT
	VALUES (1572865,
	1572867,
	1572865);
INSERT INTO SM_SEVT
	VALUES (1572865,
	1572867,
	1572865);
INSERT INTO SM_EVT
	VALUES (1572865,
	1572867,
	1572865,
	1,
	'Init',
	0,
	'',
	'INIT1',
	'');
INSERT INTO SM_EIGN
	VALUES (1572865,
	1572865,
	1572867,
	1572865,
	'');
INSERT INTO SM_SEME
	VALUES (1572865,
	1572865,
	1572867,
	1572865);
INSERT INTO SM_CRTXN
	VALUES (1572865,
	1572867,
	1572865,
	1572865);
INSERT INTO SM_TXN
	VALUES (1572865,
	1572867,
	1572865,
	1572865);
INSERT INTO SM_MOAH
	VALUES (1572865,
	1572867,
	1572865);
INSERT INTO SM_AH
	VALUES (1572865,
	1572867);
INSERT INTO SM_ACT
	VALUES (1572865,
	1572867,
	1,
	'// Insert initialization action language here.

// Instances of CW_FST.
create object instance cw_fst1 of CW_FST;
cw_fst1.cw_fst_ID = 1;
create object instance cw_fst2 of CW_FST;
cw_fst2.cw_fst_ID = 2;
create object instance cw_fst3 of CW_FST;
cw_fst3.cw_fst_ID = 3;

// Instance of CT_DST.
create object instance ct_dst of CT_DST;
ct_dst.ct_dst_ID = 1;

// Instance of CT_DSL.
create object instance ct_dsl of CT_DSL;
ct_dsl.ct_dsl_ID = 1;

// Instance of CT_DLS.
create object instance ct_dls of CT_DLS;
ct_dls.ct_dls_ID = 1;

// Instance of CT_DLT.
create object instance ct_dlt of CT_DLT;
ct_dlt.ct_dlt_ID = 1;

// Instance of CTBD
create object instance ctbd of CTBD;
ctbd.ctbd_ID = 1;

generate DRV1 to DRV creator;',
	'');
INSERT INTO GD_MD
	VALUES (1572865,
	8,
	1572867,
	40,
	1,
	0,
	1,
	1,
	0,
	12,
	1615,
	4278,
	1.000000,
	0);
INSERT INTO GD_GE
	VALUES (1572866,
	1572865,
	1572865,
	41);
INSERT INTO GD_SHP
	VALUES (1572866,
	1856,
	1376,
	2176,
	1520);
INSERT INTO GD_GE
	VALUES (1572867,
	1572865,
	1572865,
	42);
INSERT INTO GD_CON
	VALUES (1572867,
	1572866,
	0,
	0);
INSERT INTO GD_CTXT
	VALUES (1572867,
	0,
	0,
	0,
	0,
	0,
	0,
	1915,
	1326,
	2126,
	1361,
	-48,
	8,
	0,
	0,
	0,
	0,
	0,
	0);
INSERT INTO GD_LS
	VALUES (1572868,
	1572867,
	2016,
	1376,
	2016,
	1296,
	0);
INSERT INTO O_OBJ
	VALUES (1048578,
	'Driver',
	2,
	'DRV',
	'The Driver class is what runs the test(s).',
	1048578);
INSERT INTO O_NBATTR
	VALUES (1048579,
	1048578);
INSERT INTO O_BATTR
	VALUES (1048579,
	1048578);
INSERT INTO O_ATTR
	VALUES (1048579,
	1048578,
	0,
	'Driver_ID',
	'',
	'',
	'Driver_ID',
	0,
	524291);
INSERT INTO O_NBATTR
	VALUES (1048580,
	1048578);
INSERT INTO O_BATTR
	VALUES (1048580,
	1048578);
INSERT INTO O_ATTR
	VALUES (1048580,
	1048578,
	1048579,
	'current_state',
	'',
	'',
	'current_state',
	0,
	524295);
INSERT INTO O_ID
	VALUES (0,
	1048578);
INSERT INTO O_OIDA
	VALUES (1048579,
	1048578,
	0);
INSERT INTO SM_ISM
	VALUES (2097156,
	1048578);
INSERT INTO SM_SM
	VALUES (2097156,
	'',
	4);
INSERT INTO SM_MOORE
	VALUES (2097156);
INSERT INTO SM_SUPDT
	VALUES (2097153,
	2097156,
	0);
INSERT INTO SM_STATE
	VALUES (2097153,
	2097156,
	2097153,
	'Begin Test',
	1,
	0);
INSERT INTO SM_LEVT
	VALUES (2097153,
	2097156,
	2097153);
INSERT INTO SM_SEVT
	VALUES (2097153,
	2097156,
	2097153);
INSERT INTO SM_EVT
	VALUES (2097153,
	2097156,
	2097153,
	1,
	'begin',
	0,
	'',
	'DRV1',
	'');
INSERT INTO SM_EIGN
	VALUES (2097153,
	2097153,
	2097156,
	2097153,
	'');
INSERT INTO SM_SEME
	VALUES (2097153,
	2097153,
	2097156,
	2097153);
INSERT INTO SM_LEVT
	VALUES (2097154,
	2097156,
	2097153);
INSERT INTO SM_SEVT
	VALUES (2097154,
	2097156,
	2097153);
INSERT INTO SM_EVT
	VALUES (2097154,
	2097156,
	2097153,
	2,
	'end',
	0,
	'',
	'DRV2',
	'');
INSERT INTO SM_EIGN
	VALUES (2097153,
	2097154,
	2097156,
	2097153,
	'');
INSERT INTO SM_SEME
	VALUES (2097153,
	2097154,
	2097156,
	2097153);
INSERT INTO SM_LEVT
	VALUES (2097155,
	2097156,
	2097153);
INSERT INTO SM_SEVT
	VALUES (2097155,
	2097156,
	2097153);
INSERT INTO SM_EVT
	VALUES (2097155,
	2097156,
	2097153,
	3,
	'next',
	0,
	'',
	'DRV3',
	'');
INSERT INTO SM_SEME
	VALUES (2097153,
	2097155,
	2097156,
	2097153);
INSERT INTO SM_STATE
	VALUES (2097154,
	2097156,
	2097153,
	'End Test',
	8,
	1);
INSERT INTO SM_EIGN
	VALUES (2097154,
	2097153,
	2097156,
	2097153,
	'');
INSERT INTO SM_SEME
	VALUES (2097154,
	2097153,
	2097156,
	2097153);
INSERT INTO SM_EIGN
	VALUES (2097154,
	2097154,
	2097156,
	2097153,
	'');
INSERT INTO SM_SEME
	VALUES (2097154,
	2097154,
	2097156,
	2097153);
INSERT INTO SM_EIGN
	VALUES (2097154,
	2097155,
	2097156,
	2097153,
	'');
INSERT INTO SM_SEME
	VALUES (2097154,
	2097155,
	2097156,
	2097153);
INSERT INTO SM_STATE
	VALUES (2097155,
	2097156,
	2097153,
	'Delete self in FST',
	2,
	0);
INSERT INTO SM_EIGN
	VALUES (2097155,
	2097153,
	2097156,
	2097153,
	'');
INSERT INTO SM_SEME
	VALUES (2097155,
	2097153,
	2097156,
	2097153);
INSERT INTO SM_EIGN
	VALUES (2097155,
	2097154,
	2097156,
	2097153,
	'');
INSERT INTO SM_SEME
	VALUES (2097155,
	2097154,
	2097156,
	2097153);
INSERT INTO SM_SEME
	VALUES (2097155,
	2097155,
	2097156,
	2097153);
INSERT INTO SM_STATE
	VALUES (2097156,
	2097156,
	2097153,
	'Delete self twice',
	3,
	0);
INSERT INTO SM_EIGN
	VALUES (2097156,
	2097153,
	2097156,
	2097153,
	'');
INSERT INTO SM_SEME
	VALUES (2097156,
	2097153,
	2097156,
	2097153);
INSERT INTO SM_EIGN
	VALUES (2097156,
	2097154,
	2097156,
	2097153,
	'');
INSERT INTO SM_SEME
	VALUES (2097156,
	2097154,
	2097156,
	2097153);
INSERT INTO SM_SEME
	VALUES (2097156,
	2097155,
	2097156,
	2097153);
INSERT INTO SM_STATE
	VALUES (2097157,
	2097156,
	2097153,
	'Delete self and local',
	4,
	0);
INSERT INTO SM_EIGN
	VALUES (2097157,
	2097153,
	2097156,
	2097153,
	'');
INSERT INTO SM_SEME
	VALUES (2097157,
	2097153,
	2097156,
	2097153);
INSERT INTO SM_EIGN
	VALUES (2097157,
	2097154,
	2097156,
	2097153,
	'');
INSERT INTO SM_SEME
	VALUES (2097157,
	2097154,
	2097156,
	2097153);
INSERT INTO SM_SEME
	VALUES (2097157,
	2097155,
	2097156,
	2097153);
INSERT INTO SM_STATE
	VALUES (2097158,
	2097156,
	2097153,
	'Delete local and self',
	5,
	0);
INSERT INTO SM_EIGN
	VALUES (2097158,
	2097153,
	2097156,
	2097153,
	'');
INSERT INTO SM_SEME
	VALUES (2097158,
	2097153,
	2097156,
	2097153);
INSERT INTO SM_EIGN
	VALUES (2097158,
	2097154,
	2097156,
	2097153,
	'');
INSERT INTO SM_SEME
	VALUES (2097158,
	2097154,
	2097156,
	2097153);
INSERT INTO SM_SEME
	VALUES (2097158,
	2097155,
	2097156,
	2097153);
INSERT INTO SM_STATE
	VALUES (2097159,
	2097156,
	2097153,
	'Delete local twice',
	6,
	0);
INSERT INTO SM_EIGN
	VALUES (2097159,
	2097153,
	2097156,
	2097153,
	'');
INSERT INTO SM_SEME
	VALUES (2097159,
	2097153,
	2097156,
	2097153);
INSERT INTO SM_EIGN
	VALUES (2097159,
	2097154,
	2097156,
	2097153,
	'');
INSERT INTO SM_SEME
	VALUES (2097159,
	2097154,
	2097156,
	2097153);
INSERT INTO SM_SEME
	VALUES (2097159,
	2097155,
	2097156,
	2097153);
INSERT INTO SM_STATE
	VALUES (2097160,
	2097156,
	2097153,
	'Delete other class twice',
	7,
	0);
INSERT INTO SM_EIGN
	VALUES (2097160,
	2097153,
	2097156,
	2097153,
	'');
INSERT INTO SM_SEME
	VALUES (2097160,
	2097153,
	2097156,
	2097153);
INSERT INTO SM_EIGN
	VALUES (2097160,
	2097154,
	2097156,
	2097153,
	'');
INSERT INTO SM_SEME
	VALUES (2097160,
	2097154,
	2097156,
	2097153);
INSERT INTO SM_SEME
	VALUES (2097160,
	2097155,
	2097156,
	2097153);
INSERT INTO SM_CRTXN
	VALUES (2097153,
	2097156,
	2097153,
	2097153);
INSERT INTO SM_TXN
	VALUES (2097153,
	2097156,
	2097153,
	2097153);
INSERT INTO SM_NSTXN
	VALUES (2097154,
	2097156,
	2097153,
	2097155,
	2097153);
INSERT INTO SM_TXN
	VALUES (2097154,
	2097156,
	2097155,
	2097153);
INSERT INTO SM_NSTXN
	VALUES (2097155,
	2097156,
	2097155,
	2097155,
	2097153);
INSERT INTO SM_TXN
	VALUES (2097155,
	2097156,
	2097156,
	2097153);
INSERT INTO SM_NSTXN
	VALUES (2097156,
	2097156,
	2097156,
	2097155,
	2097153);
INSERT INTO SM_TXN
	VALUES (2097156,
	2097156,
	2097157,
	2097153);
INSERT INTO SM_NSTXN
	VALUES (2097157,
	2097156,
	2097157,
	2097155,
	2097153);
INSERT INTO SM_TXN
	VALUES (2097157,
	2097156,
	2097158,
	2097153);
INSERT INTO SM_NSTXN
	VALUES (2097158,
	2097156,
	2097158,
	2097155,
	2097153);
INSERT INTO SM_TXN
	VALUES (2097158,
	2097156,
	2097159,
	2097153);
INSERT INTO SM_NSTXN
	VALUES (2097159,
	2097156,
	2097159,
	2097155,
	2097153);
INSERT INTO SM_TXN
	VALUES (2097159,
	2097156,
	2097160,
	2097153);
INSERT INTO SM_NSTXN
	VALUES (2097160,
	2097156,
	2097160,
	2097155,
	2097153);
INSERT INTO SM_TXN
	VALUES (2097160,
	2097156,
	2097154,
	2097153);
INSERT INTO SM_MOAH
	VALUES (2097153,
	2097156,
	2097153);
INSERT INTO SM_AH
	VALUES (2097153,
	2097156);
INSERT INTO SM_ACT
	VALUES (2097153,
	2097156,
	1,
	'// Start the test.
// Insert additional states between ''Begin Test'' and ''End Test''.
generate DRV3 to self;',
	'');
INSERT INTO SM_MOAH
	VALUES (2097154,
	2097156,
	2097154);
INSERT INTO SM_AH
	VALUES (2097154,
	2097156);
INSERT INTO SM_ACT
	VALUES (2097154,
	2097156,
	1,
	'LOG::LogSuccess(message:"No problems with deleting a selected instance twice.");

// End the test.

ARCH::shutdown();',
	'');
INSERT INTO SM_MOAH
	VALUES (2097155,
	2097156,
	2097155);
INSERT INTO SM_AH
	VALUES (2097155,
	2097156);
INSERT INTO SM_ACT
	VALUES (2097155,
	2097156,
	1,
	'select any cw_fst1 from instances of CW_FST where selected.cw_fst_ID == 1;
generate CW_FST1(which_path:1) to cw_fst1;

select any cw_fst2 from instances of CW_FST where selected.cw_fst_ID == 2;
generate CW_FST1(which_path:2) to cw_fst2;

select any cw_fst3 from instances of CW_FST where selected.cw_fst_ID == 3;
generate CW_FST1(which_path:3) to cw_fst3;',
	'');
INSERT INTO SM_MOAH
	VALUES (2097156,
	2097156,
	2097156);
INSERT INTO SM_AH
	VALUES (2097156,
	2097156);
INSERT INTO SM_ACT
	VALUES (2097156,
	2097156,
	1,
	'LOG::LogSuccess(message:"No problems with deleting in an FST.");
select any ct_dst from instances of CT_DST where selected.ct_dst_ID == 1;
generate CT_DST1 to ct_dst;',
	'');
INSERT INTO SM_MOAH
	VALUES (2097157,
	2097156,
	2097157);
INSERT INTO SM_AH
	VALUES (2097157,
	2097156);
INSERT INTO SM_ACT
	VALUES (2097157,
	2097156,
	1,
	'LOG::LogSuccess(message:"No problems deleting self twice.");
select any ct_dsl from instances of CT_DSL where selected.ct_dsl_ID == 1;
generate CT_DSL1 to ct_dsl;',
	'');
INSERT INTO SM_MOAH
	VALUES (2097158,
	2097156,
	2097158);
INSERT INTO SM_AH
	VALUES (2097158,
	2097156);
INSERT INTO SM_ACT
	VALUES (2097158,
	2097156,
	1,
	'LOG::LogSuccess(message:"No problems with deleting self and then local.");
select any ct_dls from instances of CT_DLS where selected.ct_dls_ID == 1;
generate CT_DLS1 to ct_dls;',
	'');
INSERT INTO SM_MOAH
	VALUES (2097159,
	2097156,
	2097159);
INSERT INTO SM_AH
	VALUES (2097159,
	2097156);
INSERT INTO SM_ACT
	VALUES (2097159,
	2097156,
	1,
	'LOG::LogSuccess(message:"No problems with deleting local and then self.");
select any ct_dlt from instances of CT_DLT where selected.ct_dlt_ID == 1;
generate CT_DLT1 to ct_dlt;',
	'');
INSERT INTO SM_MOAH
	VALUES (2097160,
	2097156,
	2097160);
INSERT INTO SM_AH
	VALUES (2097160,
	2097156);
INSERT INTO SM_ACT
	VALUES (2097160,
	2097156,
	1,
	'LOG::LogSuccess(message:"No problems with deleting local twice.");
select any ctbd from instances of CTBD where selected.ctbd_ID == 1;
// First deletion of ctbd.
delete object instance ctbd;
select any ctbd2 from instances of CTBD where selected.ctbd_ID == 1;
if ( empty ctbd2 )
  LOG::LogSuccess(message:"Class CTBD was successfully deleted for the first time.");
else
  LOG::LogFailure(message:"Class CTBD was NOT successfully deleted for the first time.");
end if;

// Second deletion of ctbd.
// NOTE: remove this comment and uncomment the lines below
// once nextgen issue 485 has been addressed.
//delete object instance ctbd;

generate DRV3 to self;',
	'');
INSERT INTO GD_MD
	VALUES (2097153,
	8,
	2097156,
	40,
	1,
	0,
	1,
	1,
	0,
	12,
	1476,
	3585,
	0.525730,
	0);
INSERT INTO GD_GE
	VALUES (2097154,
	2097153,
	2097153,
	41);
INSERT INTO GD_SHP
	VALUES (2097154,
	1632,
	1296,
	2064,
	1488);
INSERT INTO GD_GE
	VALUES (2097155,
	2097153,
	2097154,
	41);
INSERT INTO GD_SHP
	VALUES (2097155,
	2320,
	2064,
	2752,
	2256);
INSERT INTO GD_GE
	VALUES (2097156,
	2097153,
	2097155,
	41);
INSERT INTO GD_SHP
	VALUES (2097156,
	1632,
	1552,
	2064,
	1744);
INSERT INTO GD_GE
	VALUES (2097157,
	2097153,
	2097156,
	41);
INSERT INTO GD_SHP
	VALUES (2097157,
	1632,
	1808,
	2064,
	2000);
INSERT INTO GD_GE
	VALUES (2097158,
	2097153,
	2097157,
	41);
INSERT INTO GD_SHP
	VALUES (2097158,
	1632,
	2064,
	2064,
	2256);
INSERT INTO GD_GE
	VALUES (2097159,
	2097153,
	2097158,
	41);
INSERT INTO GD_SHP
	VALUES (2097159,
	2320,
	1296,
	2752,
	1488);
INSERT INTO GD_GE
	VALUES (2097160,
	2097153,
	2097159,
	41);
INSERT INTO GD_SHP
	VALUES (2097160,
	2320,
	1552,
	2752,
	1744);
INSERT INTO GD_GE
	VALUES (2097161,
	2097153,
	2097160,
	41);
INSERT INTO GD_SHP
	VALUES (2097161,
	2320,
	1808,
	2752,
	2000);
INSERT INTO GD_GE
	VALUES (2097162,
	2097153,
	2097153,
	42);
INSERT INTO GD_CON
	VALUES (2097162,
	2097154,
	0,
	0);
INSERT INTO GD_CTXT
	VALUES (2097162,
	0,
	0,
	0,
	0,
	0,
	0,
	1719,
	1259,
	1813,
	1281,
	-21,
	-4,
	0,
	0,
	0,
	0,
	0,
	0);
INSERT INTO GD_LS
	VALUES (2097163,
	2097162,
	1840,
	1296,
	1840,
	1248,
	0);
INSERT INTO GD_GE
	VALUES (2097164,
	2097153,
	2097154,
	42);
INSERT INTO GD_CON
	VALUES (2097164,
	2097154,
	2097156,
	0);
INSERT INTO GD_CTXT
	VALUES (2097164,
	0,
	0,
	0,
	0,
	0,
	0,
	1746,
	1502,
	1825,
	1524,
	-9,
	-9,
	0,
	0,
	0,
	0,
	0,
	0);
INSERT INTO GD_LS
	VALUES (2097165,
	2097164,
	1840,
	1488,
	1840,
	1552,
	0);
INSERT INTO GD_GE
	VALUES (2097166,
	2097153,
	2097155,
	42);
INSERT INTO GD_CON
	VALUES (2097166,
	2097156,
	2097157,
	0);
INSERT INTO GD_CTXT
	VALUES (2097166,
	0,
	0,
	0,
	0,
	0,
	0,
	0,
	0,
	0,
	0,
	0,
	0,
	0,
	0,
	0,
	0,
	0,
	0);
INSERT INTO GD_LS
	VALUES (2097167,
	2097166,
	1840,
	1744,
	1840,
	1808,
	0);
INSERT INTO GD_GE
	VALUES (2097168,
	2097153,
	2097156,
	42);
INSERT INTO GD_CON
	VALUES (2097168,
	2097157,
	2097158,
	0);
INSERT INTO GD_CTXT
	VALUES (2097168,
	0,
	0,
	0,
	0,
	0,
	0,
	0,
	0,
	0,
	0,
	0,
	0,
	0,
	0,
	0,
	0,
	0,
	0);
INSERT INTO GD_LS
	VALUES (2097169,
	2097168,
	1840,
	2000,
	1840,
	2064,
	0);
INSERT INTO GD_GE
	VALUES (2097170,
	2097153,
	2097157,
	42);
INSERT INTO GD_CON
	VALUES (2097170,
	2097158,
	2097159,
	0);
INSERT INTO GD_CTXT
	VALUES (2097170,
	0,
	0,
	0,
	0,
	0,
	0,
	2099,
	1743,
	2178,
	1765,
	-8,
	-24,
	0,
	0,
	0,
	0,
	0,
	0);
INSERT INTO GD_LS
	VALUES (2097171,
	2097170,
	2064,
	2160,
	2192,
	2160,
	0);
INSERT INTO GD_LS
	VALUES (2097172,
	2097170,
	2192,
	2160,
	2192,
	1392,
	2097171);
INSERT INTO GD_LS
	VALUES (2097173,
	2097170,
	2192,
	1392,
	2320,
	1392,
	2097172);
INSERT INTO GD_GE
	VALUES (2097174,
	2097153,
	2097158,
	42);
INSERT INTO GD_CON
	VALUES (2097174,
	2097159,
	2097160,
	0);
INSERT INTO GD_CTXT
	VALUES (2097174,
	0,
	0,
	0,
	0,
	0,
	0,
	2434,
	1506,
	2513,
	1528,
	-9,
	-5,
	0,
	0,
	0,
	0,
	0,
	0);
INSERT INTO GD_LS
	VALUES (2097175,
	2097174,
	2528,
	1488,
	2528,
	1552,
	0);
INSERT INTO GD_GE
	VALUES (2097176,
	2097153,
	2097159,
	42);
INSERT INTO GD_CON
	VALUES (2097176,
	2097160,
	2097161,
	0);
INSERT INTO GD_CTXT
	VALUES (2097176,
	0,
	0,
	0,
	0,
	0,
	0,
	2434,
	1761,
	2513,
	1783,
	-9,
	-6,
	0,
	0,
	0,
	0,
	0,
	0);
INSERT INTO GD_LS
	VALUES (2097177,
	2097176,
	2528,
	1744,
	2528,
	1808,
	0);
INSERT INTO GD_GE
	VALUES (2097178,
	2097153,
	2097160,
	42);
INSERT INTO GD_CON
	VALUES (2097178,
	2097161,
	2097155,
	0);
INSERT INTO GD_CTXT
	VALUES (2097178,
	0,
	0,
	0,
	0,
	0,
	0,
	2434,
	2020,
	2513,
	2042,
	-9,
	-3,
	0,
	0,
	0,
	0,
	0,
	0);
INSERT INTO GD_LS
	VALUES (2097179,
	2097178,
	2528,
	2000,
	2528,
	2064,
	0);
INSERT INTO O_OBJ
	VALUES (1048579,
	'Class with FST',
	3,
	'CW_FST',
	'',
	1048578);
INSERT INTO O_NBATTR
	VALUES (1048581,
	1048579);
INSERT INTO O_BATTR
	VALUES (1048581,
	1048579);
INSERT INTO O_ATTR
	VALUES (1048581,
	1048579,
	0,
	'current_state',
	'',
	'',
	'current_state',
	0,
	524295);
INSERT INTO O_NBATTR
	VALUES (1048582,
	1048579);
INSERT INTO O_BATTR
	VALUES (1048582,
	1048579);
INSERT INTO O_ATTR
	VALUES (1048582,
	1048579,
	1048581,
	'cw_fst_ID',
	'',
	'',
	'cw_fst_ID',
	0,
	524291);
INSERT INTO O_ID
	VALUES (0,
	1048579);
INSERT INTO O_OIDA
	VALUES (1048582,
	1048579,
	0);
INSERT INTO SM_ISM
	VALUES (2621445,
	1048579);
INSERT INTO SM_SM
	VALUES (2621445,
	'',
	5);
INSERT INTO SM_MOORE
	VALUES (2621445);
INSERT INTO SM_EVTDI
	VALUES (2621441,
	2621445,
	'which_path',
	'',
	524291);
INSERT INTO SM_SUPDT
	VALUES (2621441,
	2621445,
	0);
INSERT INTO SM_SDI
	VALUES (2621441,
	2621441,
	2621445);
INSERT INTO SM_SUPDT
	VALUES (2621442,
	2621445,
	0);
INSERT INTO SM_STATE
	VALUES (2621441,
	2621445,
	2621441,
	'State One',
	1,
	0);
INSERT INTO SM_LEVT
	VALUES (2621441,
	2621445,
	2621441);
INSERT INTO SM_SEVT
	VALUES (2621441,
	2621445,
	2621441);
INSERT INTO SM_EVT
	VALUES (2621441,
	2621445,
	2621441,
	1,
	'Start',
	0,
	'',
	'CW_FST1',
	'');
INSERT INTO SM_SEME
	VALUES (2621441,
	2621441,
	2621445,
	2621441);
INSERT INTO SM_LEVT
	VALUES (2621442,
	2621445,
	2621442);
INSERT INTO SM_SEVT
	VALUES (2621442,
	2621445,
	2621442);
INSERT INTO SM_EVT
	VALUES (2621442,
	2621445,
	2621442,
	1,
	'',
	1,
	'go_left',
	'go_left1',
	'');
INSERT INTO SM_SEME
	VALUES (2621441,
	2621442,
	2621445,
	2621442);
INSERT INTO SM_LEVT
	VALUES (2621443,
	2621445,
	2621442);
INSERT INTO SM_SEVT
	VALUES (2621443,
	2621445,
	2621442);
INSERT INTO SM_EVT
	VALUES (2621443,
	2621445,
	2621442,
	2,
	'',
	1,
	'go_right',
	'go_right2',
	'');
INSERT INTO SM_SEME
	VALUES (2621441,
	2621443,
	2621445,
	2621442);
INSERT INTO SM_LEVT
	VALUES (2621444,
	2621445,
	2621442);
INSERT INTO SM_SEVT
	VALUES (2621444,
	2621445,
	2621442);
INSERT INTO SM_EVT
	VALUES (2621444,
	2621445,
	2621442,
	3,
	'',
	1,
	'go_center',
	'go_center3',
	'');
INSERT INTO SM_SEME
	VALUES (2621441,
	2621444,
	2621445,
	2621442);
INSERT INTO SM_STATE
	VALUES (2621442,
	2621445,
	2621442,
	'Left FST',
	2,
	1);
INSERT INTO SM_EIGN
	VALUES (2621442,
	2621441,
	2621445,
	2621441,
	'');
INSERT INTO SM_SEME
	VALUES (2621442,
	2621441,
	2621445,
	2621441);
INSERT INTO SM_EIGN
	VALUES (2621442,
	2621442,
	2621445,
	2621442,
	'');
INSERT INTO SM_SEME
	VALUES (2621442,
	2621442,
	2621445,
	2621442);
INSERT INTO SM_EIGN
	VALUES (2621442,
	2621443,
	2621445,
	2621442,
	'');
INSERT INTO SM_SEME
	VALUES (2621442,
	2621443,
	2621445,
	2621442);
INSERT INTO SM_EIGN
	VALUES (2621442,
	2621444,
	2621445,
	2621442,
	'');
INSERT INTO SM_SEME
	VALUES (2621442,
	2621444,
	2621445,
	2621442);
INSERT INTO SM_STATE
	VALUES (2621443,
	2621445,
	2621442,
	'Right FST',
	3,
	1);
INSERT INTO SM_EIGN
	VALUES (2621443,
	2621441,
	2621445,
	2621441,
	'');
INSERT INTO SM_SEME
	VALUES (2621443,
	2621441,
	2621445,
	2621441);
INSERT INTO SM_EIGN
	VALUES (2621443,
	2621442,
	2621445,
	2621442,
	'');
INSERT INTO SM_SEME
	VALUES (2621443,
	2621442,
	2621445,
	2621442);
INSERT INTO SM_EIGN
	VALUES (2621443,
	2621443,
	2621445,
	2621442,
	'');
INSERT INTO SM_SEME
	VALUES (2621443,
	2621443,
	2621445,
	2621442);
INSERT INTO SM_EIGN
	VALUES (2621443,
	2621444,
	2621445,
	2621442,
	'');
INSERT INTO SM_SEME
	VALUES (2621443,
	2621444,
	2621445,
	2621442);
INSERT INTO SM_STATE
	VALUES (2621444,
	2621445,
	2621442,
	'Center FST',
	4,
	1);
INSERT INTO SM_EIGN
	VALUES (2621444,
	2621441,
	2621445,
	2621441,
	'');
INSERT INTO SM_SEME
	VALUES (2621444,
	2621441,
	2621445,
	2621441);
INSERT INTO SM_EIGN
	VALUES (2621444,
	2621442,
	2621445,
	2621442,
	'');
INSERT INTO SM_SEME
	VALUES (2621444,
	2621442,
	2621445,
	2621442);
INSERT INTO SM_EIGN
	VALUES (2621444,
	2621443,
	2621445,
	2621442,
	'');
INSERT INTO SM_SEME
	VALUES (2621444,
	2621443,
	2621445,
	2621442);
INSERT INTO SM_EIGN
	VALUES (2621444,
	2621444,
	2621445,
	2621442,
	'');
INSERT INTO SM_SEME
	VALUES (2621444,
	2621444,
	2621445,
	2621442);
INSERT INTO SM_NSTXN
	VALUES (2621441,
	2621445,
	2621441,
	2621441,
	2621441);
INSERT INTO SM_TXN
	VALUES (2621441,
	2621445,
	2621441,
	2621441);
INSERT INTO SM_NSTXN
	VALUES (2621442,
	2621445,
	2621441,
	2621442,
	2621442);
INSERT INTO SM_TXN
	VALUES (2621442,
	2621445,
	2621442,
	2621442);
INSERT INTO SM_NSTXN
	VALUES (2621443,
	2621445,
	2621441,
	2621443,
	2621442);
INSERT INTO SM_TXN
	VALUES (2621443,
	2621445,
	2621443,
	2621442);
INSERT INTO SM_NSTXN
	VALUES (2621444,
	2621445,
	2621441,
	2621444,
	2621442);
INSERT INTO SM_TXN
	VALUES (2621444,
	2621445,
	2621444,
	2621442);
INSERT INTO SM_MOAH
	VALUES (2621441,
	2621445,
	2621441);
INSERT INTO SM_AH
	VALUES (2621441,
	2621445);
INSERT INTO SM_ACT
	VALUES (2621441,
	2621445,
	1,
	'determine_path = rcvd_evt.which_path;

if ( determine_path == 1 )
   generate go_left1 to self;
elif ( determine_path == 2 )
  generate go_right2 to self;
elif ( determine_path == 3 )
  generate go_center3 to self;
else
  LOG::LogFailure(message:"Invalid choice for parameter ''which_path'' of event ''CW_FST1''.");
end if;',
	'');
INSERT INTO SM_MOAH
	VALUES (2621442,
	2621445,
	2621442);
INSERT INTO SM_AH
	VALUES (2621442,
	2621445);
INSERT INTO SM_ACT
	VALUES (2621442,
	2621445,
	1,
	'// First delete self.
delete object instance self;
select any cw_fst from instances of CW_FST where selected.cw_fst_ID == 1;
if ( empty cw_fst )
  LOG::LogSuccess(message:"The class CW_FST was successfully deleted for the first time.");
else
  LOG::LogFailure(message:"The class CW_FST was NOT successfully deleted for the first time.");
end if;',
	'');
INSERT INTO SM_MOAH
	VALUES (2621443,
	2621445,
	2621443);
INSERT INTO SM_AH
	VALUES (2621443,
	2621445);
INSERT INTO SM_ACT
	VALUES (2621443,
	2621445,
	1,
	'// This state will delete the instance using a local which is self.
local = self;
delete object instance local;
select any cw_fst from instances of CW_FST where selected.cw_fst_ID == 2;
if ( empty cw_fst )
  LOG::LogSuccess(message:"The class CW_FST was successfully deleted for the first time.");
else
  LOG::LogFailure(message:"The class CW_FST was NOT successfully deleted for the first time.");
end if;',
	'');
INSERT INTO SM_MOAH
	VALUES (2621444,
	2621445,
	2621444);
INSERT INTO SM_AH
	VALUES (2621444,
	2621445);
INSERT INTO SM_ACT
	VALUES (2621444,
	2621445,
	1,
	'// This state will delete the instance after selecting it where it is self.
select any inst from instances of CW_FST where selected.cw_fst_ID == 3;
delete object instance inst;

select any cw_fst from instances of CW_FST where selected.cw_fst_ID == 3;
if ( empty cw_fst )
  LOG::LogSuccess(message:"The class CW_FST was successfully deleted for the first time.");
else
  LOG::LogFailure(message:"The class CW_FST was NOT successfully deleted for the first time.");
end if;

select any drv from instances of DRV;
generate DRV3 to drv;',
	'');
INSERT INTO GD_MD
	VALUES (2621441,
	8,
	2621445,
	40,
	1,
	0,
	1,
	1,
	0,
	12,
	1243,
	3631,
	0.525187,
	0);
INSERT INTO GD_GE
	VALUES (2621442,
	2621441,
	2621441,
	41);
INSERT INTO GD_SHP
	VALUES (2621442,
	1680,
	1248,
	2336,
	1536);
INSERT INTO GD_GE
	VALUES (2621443,
	2621441,
	2621442,
	41);
INSERT INTO GD_SHP
	VALUES (2621443,
	1488,
	1680,
	1936,
	1936);
INSERT INTO GD_GE
	VALUES (2621444,
	2621441,
	2621443,
	41);
INSERT INTO GD_SHP
	VALUES (2621444,
	2096,
	1680,
	2528,
	1936);
INSERT INTO GD_GE
	VALUES (2621445,
	2621441,
	2621444,
	41);
INSERT INTO GD_SHP
	VALUES (2621445,
	1776,
	2016,
	2224,
	2272);
INSERT INTO GD_GE
	VALUES (2621446,
	2621441,
	2621441,
	42);
INSERT INTO GD_CON
	VALUES (2621446,
	2621442,
	2621442,
	0);
INSERT INTO GD_CTXT
	VALUES (2621446,
	0,
	0,
	0,
	0,
	0,
	0,
	1910,
	1188,
	2034,
	1228,
	-6,
	18,
	0,
	0,
	0,
	0,
	0,
	0);
INSERT INTO GD_LS
	VALUES (2621447,
	2621446,
	1840,
	1248,
	1840,
	1216,
	0);
INSERT INTO GD_LS
	VALUES (2621448,
	2621446,
	1840,
	1216,
	2112,
	1216,
	2621447);
INSERT INTO GD_LS
	VALUES (2621449,
	2621446,
	2112,
	1216,
	2112,
	1248,
	2621448);
INSERT INTO GD_GE
	VALUES (2621450,
	2621441,
	2621442,
	42);
INSERT INTO GD_CON
	VALUES (2621450,
	2621442,
	2621443,
	0);
INSERT INTO GD_CTXT
	VALUES (2621450,
	0,
	0,
	0,
	0,
	0,
	0,
	1631,
	1583,
	1695,
	1605,
	-11,
	-16,
	0,
	0,
	0,
	0,
	0,
	0);
INSERT INTO GD_LS
	VALUES (2621451,
	2621450,
	1712,
	1536,
	1712,
	1680,
	0);
INSERT INTO GD_GE
	VALUES (2621452,
	2621441,
	2621443,
	42);
INSERT INTO GD_CON
	VALUES (2621452,
	2621442,
	2621444,
	0);
INSERT INTO GD_CTXT
	VALUES (2621452,
	0,
	0,
	0,
	0,
	0,
	0,
	2214,
	1583,
	2288,
	1605,
	-10,
	-16,
	0,
	0,
	0,
	0,
	0,
	0);
INSERT INTO GD_LS
	VALUES (2621453,
	2621452,
	2304,
	1536,
	2304,
	1680,
	0);
INSERT INTO GD_GE
	VALUES (2621454,
	2621441,
	2621444,
	42);
INSERT INTO GD_CON
	VALUES (2621454,
	2621442,
	2621445,
	0);
INSERT INTO GD_CTXT
	VALUES (2621454,
	0,
	0,
	0,
	0,
	0,
	0,
	1908,
	1577,
	1995,
	1599,
	-7,
	-181,
	0,
	0,
	0,
	0,
	0,
	0);
INSERT INTO GD_LS
	VALUES (2621455,
	2621454,
	2016,
	1536,
	2000,
	2016,
	0);
INSERT INTO O_OBJ
	VALUES (1048580,
	'Class to delete self twice',
	4,
	'CT_DST',
	'',
	1048578);
INSERT INTO O_NBATTR
	VALUES (1048583,
	1048580);
INSERT INTO O_BATTR
	VALUES (1048583,
	1048580);
INSERT INTO O_ATTR
	VALUES (1048583,
	1048580,
	0,
	'ct_dst_ID',
	'',
	'',
	'ct_dst_ID',
	0,
	524291);
INSERT INTO O_NBATTR
	VALUES (1048584,
	1048580);
INSERT INTO O_BATTR
	VALUES (1048584,
	1048580);
INSERT INTO O_ATTR
	VALUES (1048584,
	1048580,
	1048583,
	'current_state',
	'',
	'',
	'current_state',
	0,
	524295);
INSERT INTO O_ID
	VALUES (0,
	1048580);
INSERT INTO O_OIDA
	VALUES (1048583,
	1048580,
	0);
INSERT INTO SM_ISM
	VALUES (3145734,
	1048580);
INSERT INTO SM_SM
	VALUES (3145734,
	'',
	6);
INSERT INTO SM_MOORE
	VALUES (3145734);
INSERT INTO SM_SUPDT
	VALUES (3145729,
	3145734,
	0);
INSERT INTO SM_STATE
	VALUES (3145729,
	3145734,
	3145729,
	'Delete self twice',
	1,
	0);
INSERT INTO SM_LEVT
	VALUES (3145729,
	3145734,
	3145729);
INSERT INTO SM_SEVT
	VALUES (3145729,
	3145734,
	3145729);
INSERT INTO SM_EVT
	VALUES (3145729,
	3145734,
	3145729,
	1,
	'Start',
	0,
	'',
	'CT_DST1',
	'');
INSERT INTO SM_SEME
	VALUES (3145729,
	3145729,
	3145734,
	3145729);
INSERT INTO SM_NSTXN
	VALUES (3145729,
	3145734,
	3145729,
	3145729,
	3145729);
INSERT INTO SM_TXN
	VALUES (3145729,
	3145734,
	3145729,
	3145729);
INSERT INTO SM_MOAH
	VALUES (3145729,
	3145734,
	3145729);
INSERT INTO SM_AH
	VALUES (3145729,
	3145734);
INSERT INTO SM_ACT
	VALUES (3145729,
	3145734,
	1,
	'// First delete self.
delete object instance self;
select any ct_dst from instances of CT_DST where selected.ct_dst_ID == 1;
if ( empty ct_dst )
  LOG::LogSuccess(message:"The class CT_DST was successfully deleted for the first time.");
else
  LOG::LogFailure(message:"The class CT_DST was NOT successfully deleted for the first time.");
end if;

// Second delete self.
delete object instance self;

select any drv from instances of DRV;
generate DRV3 to drv;
',
	'');
INSERT INTO GD_MD
	VALUES (3145729,
	8,
	3145734,
	40,
	1,
	0,
	1,
	1,
	0,
	12,
	1770,
	4275,
	0.900000,
	0);
INSERT INTO GD_GE
	VALUES (3145730,
	3145729,
	3145729,
	41);
INSERT INTO GD_SHP
	VALUES (3145730,
	1872,
	1232,
	2560,
	1568);
INSERT INTO GD_GE
	VALUES (3145731,
	3145729,
	3145729,
	42);
INSERT INTO GD_CON
	VALUES (3145731,
	3145730,
	3145730,
	0);
INSERT INTO GD_CTXT
	VALUES (3145731,
	0,
	0,
	0,
	0,
	0,
	0,
	2102,
	1172,
	2214,
	1194,
	-12,
	0,
	0,
	0,
	0,
	0,
	0,
	0);
INSERT INTO GD_LS
	VALUES (3145732,
	3145731,
	2032,
	1232,
	2032,
	1200,
	0);
INSERT INTO GD_LS
	VALUES (3145733,
	3145731,
	2032,
	1200,
	2304,
	1200,
	3145732);
INSERT INTO GD_LS
	VALUES (3145734,
	3145731,
	2304,
	1200,
	2304,
	1232,
	3145733);
INSERT INTO O_OBJ
	VALUES (1048581,
	'Class to delete self and local',
	5,
	'CT_DSL',
	'',
	1048578);
INSERT INTO O_NBATTR
	VALUES (1048585,
	1048581);
INSERT INTO O_BATTR
	VALUES (1048585,
	1048581);
INSERT INTO O_ATTR
	VALUES (1048585,
	1048581,
	0,
	'ct_dsl_ID',
	'',
	'',
	'ct_dsl_ID',
	0,
	524291);
INSERT INTO O_NBATTR
	VALUES (1048586,
	1048581);
INSERT INTO O_BATTR
	VALUES (1048586,
	1048581);
INSERT INTO O_ATTR
	VALUES (1048586,
	1048581,
	1048585,
	'current_state',
	'',
	'',
	'current_state',
	0,
	524295);
INSERT INTO O_ID
	VALUES (0,
	1048581);
INSERT INTO O_OIDA
	VALUES (1048585,
	1048581,
	0);
INSERT INTO SM_ISM
	VALUES (3670023,
	1048581);
INSERT INTO SM_SM
	VALUES (3670023,
	'',
	7);
INSERT INTO SM_MOORE
	VALUES (3670023);
INSERT INTO SM_SUPDT
	VALUES (3670017,
	3670023,
	0);
INSERT INTO SM_STATE
	VALUES (3670017,
	3670023,
	3670017,
	'Delete self then local',
	1,
	0);
INSERT INTO SM_LEVT
	VALUES (3670017,
	3670023,
	3670017);
INSERT INTO SM_SEVT
	VALUES (3670017,
	3670023,
	3670017);
INSERT INTO SM_EVT
	VALUES (3670017,
	3670023,
	3670017,
	1,
	'delete',
	0,
	'',
	'CT_DSL1',
	'');
INSERT INTO SM_SEME
	VALUES (3670017,
	3670017,
	3670023,
	3670017);
INSERT INTO SM_NSTXN
	VALUES (3670017,
	3670023,
	3670017,
	3670017,
	3670017);
INSERT INTO SM_TXN
	VALUES (3670017,
	3670023,
	3670017,
	3670017);
INSERT INTO SM_MOAH
	VALUES (3670017,
	3670023,
	3670017);
INSERT INTO SM_AH
	VALUES (3670017,
	3670023);
INSERT INTO SM_ACT
	VALUES (3670017,
	3670023,
	1,
	'local = self;
// Delete using self.
delete object instance self;
select any ct_dsl from instances of CT_DSL where selected.ct_dsl_ID == 1;
if ( empty ct_dsl )
  LOG::LogSuccess(message:"The class CT_DSL was successfully deleted using self keyword.");
else
  LOG::LogFailure(message:"The class CT_DSL was NOT successfully deleted using self keyword.");
end if;

// Delete using local which is self.
delete object instance local;

select any drv from instances of DRV;
generate DRV3 to drv;',
	'');
INSERT INTO GD_MD
	VALUES (3670017,
	8,
	3670023,
	40,
	1,
	0,
	1,
	1,
	0,
	12,
	1554,
	4164,
	0.900000,
	0);
INSERT INTO GD_GE
	VALUES (3670018,
	3670017,
	3670017,
	41);
INSERT INTO GD_SHP
	VALUES (3670018,
	1632,
	1296,
	2352,
	1648);
INSERT INTO GD_GE
	VALUES (3670019,
	3670017,
	3670017,
	42);
INSERT INTO GD_CON
	VALUES (3670019,
	3670018,
	3670018,
	0);
INSERT INTO GD_CTXT
	VALUES (3670019,
	0,
	0,
	0,
	0,
	0,
	0,
	1902,
	1236,
	2024,
	1258,
	-7,
	0,
	0,
	0,
	0,
	0,
	0,
	0);
INSERT INTO GD_LS
	VALUES (3670020,
	3670019,
	1776,
	1296,
	1776,
	1264,
	0);
INSERT INTO GD_LS
	VALUES (3670021,
	3670019,
	1776,
	1264,
	2160,
	1264,
	3670020);
INSERT INTO GD_LS
	VALUES (3670022,
	3670019,
	2160,
	1264,
	2160,
	1296,
	3670021);
INSERT INTO O_OBJ
	VALUES (1048582,
	'Class to delete local twice',
	6,
	'CT_DLT',
	'',
	1048578);
INSERT INTO O_NBATTR
	VALUES (1048587,
	1048582);
INSERT INTO O_BATTR
	VALUES (1048587,
	1048582);
INSERT INTO O_ATTR
	VALUES (1048587,
	1048582,
	0,
	'ct_dlt_ID',
	'',
	'',
	'ct_dlt_ID',
	0,
	524291);
INSERT INTO O_NBATTR
	VALUES (1048588,
	1048582);
INSERT INTO O_BATTR
	VALUES (1048588,
	1048582);
INSERT INTO O_ATTR
	VALUES (1048588,
	1048582,
	1048587,
	'current_state',
	'',
	'',
	'current_state',
	0,
	524295);
INSERT INTO O_ID
	VALUES (0,
	1048582);
INSERT INTO O_OIDA
	VALUES (1048587,
	1048582,
	0);
INSERT INTO SM_ISM
	VALUES (4194312,
	1048582);
INSERT INTO SM_SM
	VALUES (4194312,
	'',
	8);
INSERT INTO SM_MOORE
	VALUES (4194312);
INSERT INTO SM_SUPDT
	VALUES (4194305,
	4194312,
	0);
INSERT INTO SM_STATE
	VALUES (4194305,
	4194312,
	4194305,
	'Delete local twice',
	1,
	0);
INSERT INTO SM_LEVT
	VALUES (4194305,
	4194312,
	4194305);
INSERT INTO SM_SEVT
	VALUES (4194305,
	4194312,
	4194305);
INSERT INTO SM_EVT
	VALUES (4194305,
	4194312,
	4194305,
	1,
	'delete',
	0,
	'',
	'CT_DLT1',
	'');
INSERT INTO SM_SEME
	VALUES (4194305,
	4194305,
	4194312,
	4194305);
INSERT INTO SM_NSTXN
	VALUES (4194305,
	4194312,
	4194305,
	4194305,
	4194305);
INSERT INTO SM_TXN
	VALUES (4194305,
	4194312,
	4194305,
	4194305);
INSERT INTO SM_MOAH
	VALUES (4194305,
	4194312,
	4194305);
INSERT INTO SM_AH
	VALUES (4194305,
	4194312);
INSERT INTO SM_ACT
	VALUES (4194305,
	4194312,
	1,
	'local = self;
// First deletion of local, which is self.
delete object instance local;
select any ct_dlt from instances of CT_DLT where selected.ct_dlt_ID == 1;
if ( empty ct_dlt )
  LOG::LogSuccess(message:"The class CT_DLT was successfully deleted using self keyword.");
else
  LOG::LogFailure(message:"The class CT_DLT was NOT successfully deleted using self keyword.");
end if;

// Second deletion of local, which is self.
delete object instance local;

select any drv from instances of DRV;
generate DRV3 to drv;',
	'');
INSERT INTO GD_MD
	VALUES (4194305,
	8,
	4194312,
	40,
	1,
	0,
	1,
	1,
	0,
	12,
	1704,
	4352,
	0.900000,
	0);
INSERT INTO GD_GE
	VALUES (4194306,
	4194305,
	4194305,
	41);
INSERT INTO GD_SHP
	VALUES (4194306,
	1792,
	1152,
	2512,
	1504);
INSERT INTO GD_GE
	VALUES (4194307,
	4194305,
	4194305,
	42);
INSERT INTO GD_CON
	VALUES (4194307,
	4194306,
	4194306,
	0);
INSERT INTO GD_CTXT
	VALUES (4194307,
	0,
	0,
	0,
	0,
	0,
	0,
	2078,
	1092,
	2198,
	1114,
	-8,
	0,
	0,
	0,
	0,
	0,
	0,
	0);
INSERT INTO GD_LS
	VALUES (4194308,
	4194307,
	1968,
	1152,
	1968,
	1120,
	0);
INSERT INTO GD_LS
	VALUES (4194309,
	4194307,
	1968,
	1120,
	2320,
	1120,
	4194308);
INSERT INTO GD_LS
	VALUES (4194310,
	4194307,
	2320,
	1120,
	2320,
	1152,
	4194309);
INSERT INTO O_OBJ
	VALUES (1048583,
	'Class to be deleted',
	7,
	'CTBD',
	'',
	1048578);
INSERT INTO O_NBATTR
	VALUES (1048589,
	1048583);
INSERT INTO O_BATTR
	VALUES (1048589,
	1048583);
INSERT INTO O_ATTR
	VALUES (1048589,
	1048583,
	0,
	'ctbd_ID',
	'',
	'',
	'ctbd_ID',
	0,
	524291);
INSERT INTO O_ID
	VALUES (0,
	1048583);
INSERT INTO O_OIDA
	VALUES (1048589,
	1048583,
	0);
INSERT INTO O_OBJ
	VALUES (1048584,
	'Class to delete local and self',
	8,
	'CT_DLS',
	'',
	1048578);
INSERT INTO O_NBATTR
	VALUES (1048590,
	1048584);
INSERT INTO O_BATTR
	VALUES (1048590,
	1048584);
INSERT INTO O_ATTR
	VALUES (1048590,
	1048584,
	0,
	'ct_dls_ID',
	'',
	'',
	'ct_dls_ID',
	0,
	524291);
INSERT INTO O_NBATTR
	VALUES (1048591,
	1048584);
INSERT INTO O_BATTR
	VALUES (1048591,
	1048584);
INSERT INTO O_ATTR
	VALUES (1048591,
	1048584,
	1048590,
	'current_state',
	'',
	'',
	'current_state',
	0,
	524295);
INSERT INTO O_ID
	VALUES (0,
	1048584);
INSERT INTO O_OIDA
	VALUES (1048590,
	1048584,
	0);
INSERT INTO SM_ISM
	VALUES (4718601,
	1048584);
INSERT INTO SM_SM
	VALUES (4718601,
	'',
	9);
INSERT INTO SM_MOORE
	VALUES (4718601);
INSERT INTO SM_SUPDT
	VALUES (4718593,
	4718601,
	0);
INSERT INTO SM_STATE
	VALUES (4718593,
	4718601,
	4718593,
	'Delete local and then self',
	1,
	0);
INSERT INTO SM_LEVT
	VALUES (4718593,
	4718601,
	4718593);
INSERT INTO SM_SEVT
	VALUES (4718593,
	4718601,
	4718593);
INSERT INTO SM_EVT
	VALUES (4718593,
	4718601,
	4718593,
	1,
	'delete',
	0,
	'',
	'CT_DLS1',
	'');
INSERT INTO SM_SEME
	VALUES (4718593,
	4718593,
	4718601,
	4718593);
INSERT INTO SM_NSTXN
	VALUES (4718593,
	4718601,
	4718593,
	4718593,
	4718593);
INSERT INTO SM_TXN
	VALUES (4718593,
	4718601,
	4718593,
	4718593);
INSERT INTO SM_MOAH
	VALUES (4718593,
	4718601,
	4718593);
INSERT INTO SM_AH
	VALUES (4718593,
	4718601);
INSERT INTO SM_ACT
	VALUES (4718593,
	4718601,
	1,
	'local = self;
// Delete using local.
delete object instance local;
select any ct_dls from instances of CT_DLS where selected.ct_dls_ID == 1;
if ( empty ct_dls )
  LOG::LogSuccess(message:"The class CT_DLS was successfully deleted using self keyword.");
else
  LOG::LogFailure(message:"The class CT_DLS was NOT successfully deleted using self keyword.");
end if;

// Delete using self.
delete object instance self;

select any drv from instances of DRV;
generate DRV3 to drv;',
	'');
INSERT INTO GD_MD
	VALUES (4718593,
	8,
	4718601,
	40,
	1,
	0,
	1,
	1,
	0,
	12,
	1544,
	4225,
	0.900000,
	0);
INSERT INTO GD_GE
	VALUES (4718594,
	4718593,
	4718593,
	41);
INSERT INTO GD_SHP
	VALUES (4718594,
	1632,
	1280,
	2352,
	1632);
INSERT INTO GD_GE
	VALUES (4718595,
	4718593,
	4718593,
	42);
INSERT INTO GD_CON
	VALUES (4718595,
	4718594,
	4718594,
	0);
INSERT INTO GD_CTXT
	VALUES (4718595,
	0,
	0,
	0,
	0,
	0,
	0,
	1915,
	1214,
	2037,
	1236,
	-10,
	-6,
	0,
	0,
	0,
	0,
	0,
	0);
INSERT INTO GD_LS
	VALUES (4718596,
	4718595,
	1792,
	1280,
	1792,
	1248,
	0);
INSERT INTO GD_LS
	VALUES (4718597,
	4718595,
	1792,
	1248,
	2176,
	1248,
	4718596);
INSERT INTO GD_LS
	VALUES (4718598,
	4718595,
	2176,
	1248,
	2176,
	1280,
	4718597);
INSERT INTO GD_MD
	VALUES (1048584,
	5,
	1048578,
	11,
	1,
	0,
	1,
	1,
	0,
	12,
	1304,
	4202,
	0.900000,
	0);
INSERT INTO GD_GE
	VALUES (1048587,
	1048584,
	1048577,
	21);
INSERT INTO GD_SHP
	VALUES (1048587,
	1456,
	1248,
	1632,
	1360);
INSERT INTO GD_GE
	VALUES (1048588,
	1048584,
	1048578,
	21);
INSERT INTO GD_SHP
	VALUES (1048588,
	1664,
	1248,
	1840,
	1360);
INSERT INTO GD_GE
	VALUES (1048589,
	1048584,
	1048579,
	21);
INSERT INTO GD_SHP
	VALUES (1048589,
	1872,
	1248,
	2048,
	1360);
INSERT INTO GD_GE
	VALUES (1048590,
	1048584,
	1048580,
	21);
INSERT INTO GD_SHP
	VALUES (1048590,
	1456,
	1392,
	1632,
	1504);
INSERT INTO GD_GE
	VALUES (1048591,
	1048584,
	1048581,
	21);
INSERT INTO GD_SHP
	VALUES (1048591,
	1664,
	1392,
	1840,
	1504);
INSERT INTO GD_GE
	VALUES (1048592,
	1048584,
	1048582,
	21);
INSERT INTO GD_SHP
	VALUES (1048592,
	1872,
	1392,
	2048,
	1504);
INSERT INTO GD_GE
	VALUES (1048593,
	1048584,
	1048583,
	21);
INSERT INTO GD_SHP
	VALUES (1048593,
	1456,
	1536,
	1632,
	1648);
INSERT INTO GD_GE
	VALUES (1048594,
	1048584,
	1048584,
	21);
INSERT INTO GD_SHP
	VALUES (1048594,
	1664,
	1536,
	1840,
	1648);
INSERT INTO GD_MD
	VALUES (1048585,
	6,
	1048578,
	11,
	1,
	0,
	1,
	1,
	0,
	12,
	1600,
	4200,
	1.000000,
	0);
INSERT INTO GD_GE
	VALUES (1048595,
	1048585,
	1048577,
	21);
INSERT INTO GD_SHP
	VALUES (1048595,
	1664,
	1248,
	1856,
	1312);
INSERT INTO GD_GE
	VALUES (1048596,
	1048585,
	1048578,
	21);
INSERT INTO GD_SHP
	VALUES (1048596,
	1920,
	1248,
	2112,
	1312);
INSERT INTO GD_GE
	VALUES (1048597,
	1048585,
	1048579,
	21);
INSERT INTO GD_SHP
	VALUES (1048597,
	1664,
	1392,
	1856,
	1456);
INSERT INTO GD_GE
	VALUES (1048598,
	1048585,
	1048580,
	21);
INSERT INTO GD_SHP
	VALUES (1048598,
	1872,
	1392,
	2064,
	1456);
INSERT INTO GD_GE
	VALUES (1048599,
	1048585,
	1048581,
	21);
INSERT INTO GD_SHP
	VALUES (1048599,
	1664,
	1536,
	1856,
	1600);
INSERT INTO GD_GE
	VALUES (1048600,
	1048585,
	1048582,
	21);
INSERT INTO GD_SHP
	VALUES (1048600,
	1872,
	1536,
	2064,
	1600);
INSERT INTO GD_GE
	VALUES (1048601,
	1048585,
	1048584,
	21);
INSERT INTO GD_SHP
	VALUES (1048601,
	1456,
	1536,
	1648,
	1600);
INSERT INTO GD_MD
	VALUES (1048586,
	7,
	1048578,
	11,
	1,
	0,
	1,
	1,
	0,
	12,
	1600,
	4200,
	1.000000,
	0);
INSERT INTO GD_GE
	VALUES (1048602,
	1048586,
	1048577,
	21);
INSERT INTO GD_SHP
	VALUES (1048602,
	1664,
	1248,
	1856,
	1312);
INSERT INTO GD_GE
	VALUES (1048603,
	1048586,
	1048578,
	21);
INSERT INTO GD_SHP
	VALUES (1048603,
	1952,
	1264,
	2144,
	1328);
INSERT INTO GD_GE
	VALUES (1048604,
	1048586,
	1048579,
	21);
INSERT INTO GD_SHP
	VALUES (1048604,
	1664,
	1408,
	1856,
	1472);
INSERT INTO GD_GE
	VALUES (1048605,
	1048586,
	1048580,
	21);
INSERT INTO GD_SHP
	VALUES (1048605,
	1872,
	1392,
	2064,
	1456);
INSERT INTO GD_GE
	VALUES (1048606,
	1048586,
	1048581,
	21);
INSERT INTO GD_SHP
	VALUES (1048606,
	1664,
	1520,
	1856,
	1584);
INSERT INTO GD_GE
	VALUES (1048607,
	1048586,
	1048582,
	21);
INSERT INTO GD_SHP
	VALUES (1048607,
	1872,
	1536,
	2064,
	1600);
INSERT INTO GD_GE
	VALUES (1048608,
	1048586,
	1048583,
	21);
INSERT INTO GD_SHP
	VALUES (1048608,
	1664,
	1680,
	1856,
	1744);
INSERT INTO GD_GE
	VALUES (1048609,
	1048586,
	1048584,
	21);
INSERT INTO GD_SHP
	VALUES (1048609,
	1440,
	1536,
	1632,
	1600);
