-- BP 7.1 content: domain syschar: 3 persistence-version: 7.1.2

INSERT INTO S_DOM
	VALUES ("19450ed8-0d9a-4e6f-bd79-44bf244e7937",
	'sdt_test',
	'',
	0,
	"00000000-0000-0000-0000-000000000001",
	"ada2311e-300b-4668-8df9-ec21f040f46b");
INSERT INTO GD_MD
	VALUES ("d7464dd9-0f3b-438d-8566-e88b67143c0f",
	1,
	"19450ed8-0d9a-4e6f-bd79-44bf244e7937",
	1,
	1,
	0,
	1,
	1,
	0,
	12,
	0,
	0,
	0,
	0,
	0,
	0);
INSERT INTO GD_GE
	VALUES ("9de75d41-5c4b-40df-893f-c028eca65a47",
	"d7464dd9-0f3b-438d-8566-e88b67143c0f",
	"39766b54-2b28-4a49-b6f5-9bd0d8938fc9",
	53,
	0);
INSERT INTO GD_SHP
	VALUES ("9de75d41-5c4b-40df-893f-c028eca65a47");
INSERT INTO DIM_ND
	VALUES (160.000000,
	96.000000,
	"9de75d41-5c4b-40df-893f-c028eca65a47");
INSERT INTO DIM_GE
	VALUES (2048.000000,
	1504.000000,
	"9de75d41-5c4b-40df-893f-c028eca65a47",
	"00000000-0000-0000-0000-000000000000");
INSERT INTO DIM_ELE
	VALUES ("9de75d41-5c4b-40df-893f-c028eca65a47",
	1,
	"00000000-0000-0000-0000-000000000000");
INSERT INTO GD_GE
	VALUES ("f5be000a-398b-4700-bd60-7194cd5df2e0",
	"d7464dd9-0f3b-438d-8566-e88b67143c0f",
	"5f7d6222-1d72-449f-bfab-5ee4cd9e52b5",
	55,
	0);
INSERT INTO GD_SHP
	VALUES ("f5be000a-398b-4700-bd60-7194cd5df2e0");
INSERT INTO DIM_ND
	VALUES (175.000000,
	98.000000,
	"f5be000a-398b-4700-bd60-7194cd5df2e0");
INSERT INTO DIM_GE
	VALUES (2287.000000,
	1502.000000,
	"f5be000a-398b-4700-bd60-7194cd5df2e0",
	"00000000-0000-0000-0000-000000000000");
INSERT INTO DIM_ELE
	VALUES ("f5be000a-398b-4700-bd60-7194cd5df2e0",
	1,
	"00000000-0000-0000-0000-000000000000");
INSERT INTO GD_GE
	VALUES ("daa4d718-bfa5-432b-8063-7f6eb8b63403",
	"d7464dd9-0f3b-438d-8566-e88b67143c0f",
	"33b7254f-34a0-43f8-8814-707365fc0811",
	11,
	0);
INSERT INTO GD_SHP
	VALUES ("daa4d718-bfa5-432b-8063-7f6eb8b63403");
INSERT INTO DIM_ND
	VALUES (156.000000,
	108.000000,
	"daa4d718-bfa5-432b-8063-7f6eb8b63403");
INSERT INTO DIM_GE
	VALUES (2040.000000,
	1332.000000,
	"daa4d718-bfa5-432b-8063-7f6eb8b63403",
	"00000000-0000-0000-0000-000000000000");
INSERT INTO DIM_ELE
	VALUES ("daa4d718-bfa5-432b-8063-7f6eb8b63403",
	0,
	"00000000-0000-0000-0000-000000000000");
INSERT INTO GD_GE
	VALUES ("d1d272f7-f3ca-4bbe-bbc3-5a903be80318",
	"d7464dd9-0f3b-438d-8566-e88b67143c0f",
	"37769271-2aa6-40bd-ab34-a4f438e6328d",
	54,
	0);
INSERT INTO GD_SHP
	VALUES ("d1d272f7-f3ca-4bbe-bbc3-5a903be80318");
INSERT INTO DIM_ND
	VALUES (120.000000,
	108.000000,
	"d1d272f7-f3ca-4bbe-bbc3-5a903be80318");
INSERT INTO DIM_GE
	VALUES (2220.000000,
	1332.000000,
	"d1d272f7-f3ca-4bbe-bbc3-5a903be80318",
	"00000000-0000-0000-0000-000000000000");
INSERT INTO DIM_ELE
	VALUES ("d1d272f7-f3ca-4bbe-bbc3-5a903be80318",
	0,
	"00000000-0000-0000-0000-000000000000");
INSERT INTO DIM_DIA
	VALUES ("d7464dd9-0f3b-438d-8566-e88b67143c0f",
	'',
	1.726531,
	1923.000000,
	1311.000000,
	"00000000-0000-0000-0000-000000000000");
INSERT INTO S_DPK
	VALUES ("39766b54-2b28-4a49-b6f5-9bd0d8938fc9",
	'Datatypes',
	"19450ed8-0d9a-4e6f-bd79-44bf244e7937",
	"00000000-0000-0000-0000-000000000000");
INSERT INTO GD_MD
	VALUES ("999c0187-5616-4a2c-b170-8f7771452847",
	100,
	"39766b54-2b28-4a49-b6f5-9bd0d8938fc9",
	53,
	0,
	0,
	1,
	1,
	1,
	12,
	1,
	0,
	0,
	0,
	0,
	0);
INSERT INTO GD_GE
	VALUES ("5216e4d7-af2b-4ba1-b474-e17973bf347f",
	"999c0187-5616-4a2c-b170-8f7771452847",
	"44a2d632-3364-47ba-92ab-67ac93180b02",
	50,
	0);
INSERT INTO GD_SHP
	VALUES ("5216e4d7-af2b-4ba1-b474-e17973bf347f");
INSERT INTO DIM_ND
	VALUES (200.000000,
	150.000000,
	"5216e4d7-af2b-4ba1-b474-e17973bf347f");
INSERT INTO DIM_GE
	VALUES (1933.000000,
	1045.000000,
	"5216e4d7-af2b-4ba1-b474-e17973bf347f",
	"00000000-0000-0000-0000-000000000000");
INSERT INTO DIM_ELE
	VALUES ("5216e4d7-af2b-4ba1-b474-e17973bf347f",
	1,
	"00000000-0000-0000-0000-000000000000");
INSERT INTO GD_GE
	VALUES ("bd7919cd-0c71-4bb3-97a4-6046d294b43b",
	"999c0187-5616-4a2c-b170-8f7771452847",
	"ed855afe-b773-4348-9030-494350c96719",
	50,
	0);
INSERT INTO GD_SHP
	VALUES ("bd7919cd-0c71-4bb3-97a4-6046d294b43b");
INSERT INTO DIM_ND
	VALUES (200.000000,
	150.000000,
	"bd7919cd-0c71-4bb3-97a4-6046d294b43b");
INSERT INTO DIM_GE
	VALUES (2153.000000,
	1045.000000,
	"bd7919cd-0c71-4bb3-97a4-6046d294b43b",
	"00000000-0000-0000-0000-000000000000");
INSERT INTO DIM_ELE
	VALUES ("bd7919cd-0c71-4bb3-97a4-6046d294b43b",
	1,
	"00000000-0000-0000-0000-000000000000");
INSERT INTO GD_GE
	VALUES ("e2c3e879-398e-4c58-b809-8e876ce92c38",
	"999c0187-5616-4a2c-b170-8f7771452847",
	"bb2aad42-e125-4543-bcd6-e4515b678378",
	50,
	0);
INSERT INTO GD_SHP
	VALUES ("e2c3e879-398e-4c58-b809-8e876ce92c38");
INSERT INTO DIM_ND
	VALUES (200.000000,
	150.000000,
	"e2c3e879-398e-4c58-b809-8e876ce92c38");
INSERT INTO DIM_GE
	VALUES (2373.000000,
	1045.000000,
	"e2c3e879-398e-4c58-b809-8e876ce92c38",
	"00000000-0000-0000-0000-000000000000");
INSERT INTO DIM_ELE
	VALUES ("e2c3e879-398e-4c58-b809-8e876ce92c38",
	1,
	"00000000-0000-0000-0000-000000000000");
INSERT INTO GD_GE
	VALUES ("4ce1d6db-d13f-4c21-89d2-fd265a4e3be5",
	"999c0187-5616-4a2c-b170-8f7771452847",
	"1b4eef3c-5a32-4532-b6ba-6bd1a5ee28ec",
	50,
	0);
INSERT INTO GD_SHP
	VALUES ("4ce1d6db-d13f-4c21-89d2-fd265a4e3be5");
INSERT INTO DIM_ND
	VALUES (200.000000,
	150.000000,
	"4ce1d6db-d13f-4c21-89d2-fd265a4e3be5");
INSERT INTO DIM_GE
	VALUES (2593.000000,
	1045.000000,
	"4ce1d6db-d13f-4c21-89d2-fd265a4e3be5",
	"00000000-0000-0000-0000-000000000000");
INSERT INTO DIM_ELE
	VALUES ("4ce1d6db-d13f-4c21-89d2-fd265a4e3be5",
	1,
	"00000000-0000-0000-0000-000000000000");
INSERT INTO GD_GE
	VALUES ("307d0a2a-bf95-429f-a219-3ffe2171000f",
	"999c0187-5616-4a2c-b170-8f7771452847",
	"fc579625-527e-4796-9485-440b72c36cdf",
	50,
	0);
INSERT INTO GD_SHP
	VALUES ("307d0a2a-bf95-429f-a219-3ffe2171000f");
INSERT INTO DIM_ND
	VALUES (200.000000,
	150.000000,
	"307d0a2a-bf95-429f-a219-3ffe2171000f");
INSERT INTO DIM_GE
	VALUES (2813.000000,
	1045.000000,
	"307d0a2a-bf95-429f-a219-3ffe2171000f",
	"00000000-0000-0000-0000-000000000000");
INSERT INTO DIM_ELE
	VALUES ("307d0a2a-bf95-429f-a219-3ffe2171000f",
	1,
	"00000000-0000-0000-0000-000000000000");
INSERT INTO GD_GE
	VALUES ("d594e61a-96f1-4384-a706-8c75c6a5d95c",
	"999c0187-5616-4a2c-b170-8f7771452847",
	"89e1180b-3ac5-488b-84ff-4fdb97d2c3b9",
	50,
	0);
INSERT INTO GD_SHP
	VALUES ("d594e61a-96f1-4384-a706-8c75c6a5d95c");
INSERT INTO DIM_ND
	VALUES (200.000000,
	150.000000,
	"d594e61a-96f1-4384-a706-8c75c6a5d95c");
INSERT INTO DIM_GE
	VALUES (1933.000000,
	1210.000000,
	"d594e61a-96f1-4384-a706-8c75c6a5d95c",
	"00000000-0000-0000-0000-000000000000");
INSERT INTO DIM_ELE
	VALUES ("d594e61a-96f1-4384-a706-8c75c6a5d95c",
	1,
	"00000000-0000-0000-0000-000000000000");
INSERT INTO GD_GE
	VALUES ("9a30da0c-3763-4dfd-a810-8a4023e0d0c2",
	"999c0187-5616-4a2c-b170-8f7771452847",
	"2d367287-f836-4125-8d3a-be799185faa4",
	50,
	0);
INSERT INTO GD_SHP
	VALUES ("9a30da0c-3763-4dfd-a810-8a4023e0d0c2");
INSERT INTO DIM_ND
	VALUES (200.000000,
	150.000000,
	"9a30da0c-3763-4dfd-a810-8a4023e0d0c2");
INSERT INTO DIM_GE
	VALUES (2153.000000,
	1210.000000,
	"9a30da0c-3763-4dfd-a810-8a4023e0d0c2",
	"00000000-0000-0000-0000-000000000000");
INSERT INTO DIM_ELE
	VALUES ("9a30da0c-3763-4dfd-a810-8a4023e0d0c2",
	1,
	"00000000-0000-0000-0000-000000000000");
INSERT INTO GD_GE
	VALUES ("1cd57add-e627-47ad-8f50-595aded59d27",
	"999c0187-5616-4a2c-b170-8f7771452847",
	"802b19d2-fe62-424e-92dc-b2eb876bb59d",
	50,
	0);
INSERT INTO GD_SHP
	VALUES ("1cd57add-e627-47ad-8f50-595aded59d27");
INSERT INTO DIM_ND
	VALUES (200.000000,
	150.000000,
	"1cd57add-e627-47ad-8f50-595aded59d27");
INSERT INTO DIM_GE
	VALUES (2373.000000,
	1210.000000,
	"1cd57add-e627-47ad-8f50-595aded59d27",
	"00000000-0000-0000-0000-000000000000");
INSERT INTO DIM_ELE
	VALUES ("1cd57add-e627-47ad-8f50-595aded59d27",
	1,
	"00000000-0000-0000-0000-000000000000");
INSERT INTO GD_GE
	VALUES ("092fc873-1b3a-484b-8f75-528376955899",
	"999c0187-5616-4a2c-b170-8f7771452847",
	"20c3d26c-5e67-43bd-be8d-beb207103f81",
	50,
	0);
INSERT INTO GD_SHP
	VALUES ("092fc873-1b3a-484b-8f75-528376955899");
INSERT INTO DIM_ND
	VALUES (200.000000,
	150.000000,
	"092fc873-1b3a-484b-8f75-528376955899");
INSERT INTO DIM_GE
	VALUES (2593.000000,
	1210.000000,
	"092fc873-1b3a-484b-8f75-528376955899",
	"00000000-0000-0000-0000-000000000000");
INSERT INTO DIM_ELE
	VALUES ("092fc873-1b3a-484b-8f75-528376955899",
	1,
	"00000000-0000-0000-0000-000000000000");
INSERT INTO GD_GE
	VALUES ("b28c7085-5c96-4660-9fc1-7456e4563ff5",
	"999c0187-5616-4a2c-b170-8f7771452847",
	"ead4d02a-8735-42b0-b5bd-177305b12cd2",
	50,
	0);
INSERT INTO GD_SHP
	VALUES ("b28c7085-5c96-4660-9fc1-7456e4563ff5");
INSERT INTO DIM_ND
	VALUES (200.000000,
	150.000000,
	"b28c7085-5c96-4660-9fc1-7456e4563ff5");
INSERT INTO DIM_GE
	VALUES (2813.000000,
	1210.000000,
	"b28c7085-5c96-4660-9fc1-7456e4563ff5",
	"00000000-0000-0000-0000-000000000000");
INSERT INTO DIM_ELE
	VALUES ("b28c7085-5c96-4660-9fc1-7456e4563ff5",
	1,
	"00000000-0000-0000-0000-000000000000");
INSERT INTO GD_GE
	VALUES ("29aafd18-7f36-4d7f-be00-90f8e466837d",
	"999c0187-5616-4a2c-b170-8f7771452847",
	"1473119f-5f28-421b-a428-10851caca944",
	50,
	0);
INSERT INTO GD_SHP
	VALUES ("29aafd18-7f36-4d7f-be00-90f8e466837d");
INSERT INTO DIM_ND
	VALUES (200.000000,
	150.000000,
	"29aafd18-7f36-4d7f-be00-90f8e466837d");
INSERT INTO DIM_GE
	VALUES (1933.000000,
	1375.000000,
	"29aafd18-7f36-4d7f-be00-90f8e466837d",
	"00000000-0000-0000-0000-000000000000");
INSERT INTO DIM_ELE
	VALUES ("29aafd18-7f36-4d7f-be00-90f8e466837d",
	1,
	"00000000-0000-0000-0000-000000000000");
INSERT INTO GD_GE
	VALUES ("a794243d-254f-4664-9f11-015a5ca8817d",
	"999c0187-5616-4a2c-b170-8f7771452847",
	"2c755c55-3c60-4fe7-a9d2-f1f94d641891",
	50,
	0);
INSERT INTO GD_SHP
	VALUES ("a794243d-254f-4664-9f11-015a5ca8817d");
INSERT INTO DIM_ND
	VALUES (200.000000,
	150.000000,
	"a794243d-254f-4664-9f11-015a5ca8817d");
INSERT INTO DIM_GE
	VALUES (2153.000000,
	1375.000000,
	"a794243d-254f-4664-9f11-015a5ca8817d",
	"00000000-0000-0000-0000-000000000000");
INSERT INTO DIM_ELE
	VALUES ("a794243d-254f-4664-9f11-015a5ca8817d",
	1,
	"00000000-0000-0000-0000-000000000000");
INSERT INTO GD_GE
	VALUES ("04b04cb6-cc60-40c3-bf82-12ab8839b929",
	"999c0187-5616-4a2c-b170-8f7771452847",
	"03e9fd53-f834-4559-8f6c-78e63007fff2",
	50,
	0);
INSERT INTO GD_SHP
	VALUES ("04b04cb6-cc60-40c3-bf82-12ab8839b929");
INSERT INTO DIM_ND
	VALUES (200.000000,
	150.000000,
	"04b04cb6-cc60-40c3-bf82-12ab8839b929");
INSERT INTO DIM_GE
	VALUES (2373.000000,
	1375.000000,
	"04b04cb6-cc60-40c3-bf82-12ab8839b929",
	"00000000-0000-0000-0000-000000000000");
INSERT INTO DIM_ELE
	VALUES ("04b04cb6-cc60-40c3-bf82-12ab8839b929",
	1,
	"00000000-0000-0000-0000-000000000000");
INSERT INTO GD_GE
	VALUES ("426cfc09-775e-4f06-96d0-24ab260fb4c4",
	"999c0187-5616-4a2c-b170-8f7771452847",
	"13652848-f535-4373-84cd-5470fe8f20b8",
	51,
	0);
INSERT INTO GD_SHP
	VALUES ("426cfc09-775e-4f06-96d0-24ab260fb4c4");
INSERT INTO DIM_ND
	VALUES (200.000000,
	150.000000,
	"426cfc09-775e-4f06-96d0-24ab260fb4c4");
INSERT INTO DIM_GE
	VALUES (1933.000000,
	1540.000000,
	"426cfc09-775e-4f06-96d0-24ab260fb4c4",
	"00000000-0000-0000-0000-000000000000");
INSERT INTO DIM_ELE
	VALUES ("426cfc09-775e-4f06-96d0-24ab260fb4c4",
	1,
	"00000000-0000-0000-0000-000000000000");
INSERT INTO GD_GE
	VALUES ("0dc53999-08e7-45d3-a232-2cffa1c2485e",
	"999c0187-5616-4a2c-b170-8f7771452847",
	"f110c26b-e74a-47a6-bd78-09e2355d90d6",
	51,
	0);
INSERT INTO GD_SHP
	VALUES ("0dc53999-08e7-45d3-a232-2cffa1c2485e");
INSERT INTO DIM_ND
	VALUES (200.000000,
	150.000000,
	"0dc53999-08e7-45d3-a232-2cffa1c2485e");
INSERT INTO DIM_GE
	VALUES (2153.000000,
	1540.000000,
	"0dc53999-08e7-45d3-a232-2cffa1c2485e",
	"00000000-0000-0000-0000-000000000000");
INSERT INTO DIM_ELE
	VALUES ("0dc53999-08e7-45d3-a232-2cffa1c2485e",
	1,
	"00000000-0000-0000-0000-000000000000");
INSERT INTO GD_GE
	VALUES ("4d92fd5a-e5a6-4706-a07e-4570d1bd4a19",
	"999c0187-5616-4a2c-b170-8f7771452847",
	"fa4e27f3-6bcf-4bcc-bcaf-28eaeb721030",
	51,
	0);
INSERT INTO GD_SHP
	VALUES ("4d92fd5a-e5a6-4706-a07e-4570d1bd4a19");
INSERT INTO DIM_ND
	VALUES (200.000000,
	150.000000,
	"4d92fd5a-e5a6-4706-a07e-4570d1bd4a19");
INSERT INTO DIM_GE
	VALUES (2373.000000,
	1540.000000,
	"4d92fd5a-e5a6-4706-a07e-4570d1bd4a19",
	"00000000-0000-0000-0000-000000000000");
INSERT INTO DIM_ELE
	VALUES ("4d92fd5a-e5a6-4706-a07e-4570d1bd4a19",
	1,
	"00000000-0000-0000-0000-000000000000");
INSERT INTO GD_GE
	VALUES ("ea5a2a2b-b7f7-49d0-aa30-805df1df3c58",
	"999c0187-5616-4a2c-b170-8f7771452847",
	"a92d2a69-b712-41bc-a54a-521874a72a82",
	101,
	0);
INSERT INTO GD_SHP
	VALUES ("ea5a2a2b-b7f7-49d0-aa30-805df1df3c58");
INSERT INTO DIM_ND
	VALUES (192.000000,
	144.000000,
	"ea5a2a2b-b7f7-49d0-aa30-805df1df3c58");
INSERT INTO DIM_GE
	VALUES (1932.000000,
	852.000000,
	"ea5a2a2b-b7f7-49d0-aa30-805df1df3c58",
	"00000000-0000-0000-0000-000000000000");
INSERT INTO DIM_ELE
	VALUES ("ea5a2a2b-b7f7-49d0-aa30-805df1df3c58",
	0,
	"00000000-0000-0000-0000-000000000000");
INSERT INTO GD_GE
	VALUES ("8064dccf-6b0c-4656-a83f-e42ba50db67a",
	"999c0187-5616-4a2c-b170-8f7771452847",
	"f3b22070-8f46-4382-baa9-be5973b56db4",
	101,
	0);
INSERT INTO GD_SHP
	VALUES ("8064dccf-6b0c-4656-a83f-e42ba50db67a");
INSERT INTO DIM_ND
	VALUES (204.000000,
	144.000000,
	"8064dccf-6b0c-4656-a83f-e42ba50db67a");
INSERT INTO DIM_GE
	VALUES (2148.000000,
	852.000000,
	"8064dccf-6b0c-4656-a83f-e42ba50db67a",
	"00000000-0000-0000-0000-000000000000");
INSERT INTO DIM_ELE
	VALUES ("8064dccf-6b0c-4656-a83f-e42ba50db67a",
	0,
	"00000000-0000-0000-0000-000000000000");
INSERT INTO GD_GE
	VALUES ("85008b8c-f5fb-4c02-bcae-bf53414b022f",
	"999c0187-5616-4a2c-b170-8f7771452847",
	"17f8327b-91e2-47d9-b6e1-72574d543435",
	101,
	0);
INSERT INTO GD_SHP
	VALUES ("85008b8c-f5fb-4c02-bcae-bf53414b022f");
INSERT INTO DIM_ND
	VALUES (204.000000,
	144.000000,
	"85008b8c-f5fb-4c02-bcae-bf53414b022f");
INSERT INTO DIM_GE
	VALUES (2400.000000,
	852.000000,
	"85008b8c-f5fb-4c02-bcae-bf53414b022f",
	"00000000-0000-0000-0000-000000000000");
INSERT INTO DIM_ELE
	VALUES ("85008b8c-f5fb-4c02-bcae-bf53414b022f",
	0,
	"00000000-0000-0000-0000-000000000000");
INSERT INTO GD_GE
	VALUES ("fa7882e9-92d6-4f20-844e-43cdacb3472f",
	"999c0187-5616-4a2c-b170-8f7771452847",
	"f9a31f66-390f-443c-817f-9e7e71224506",
	52,
	0);
INSERT INTO GD_SHP
	VALUES ("fa7882e9-92d6-4f20-844e-43cdacb3472f");
INSERT INTO DIM_ND
	VALUES (216.000000,
	156.000000,
	"fa7882e9-92d6-4f20-844e-43cdacb3472f");
INSERT INTO DIM_GE
	VALUES (2676.000000,
	852.000000,
	"fa7882e9-92d6-4f20-844e-43cdacb3472f",
	"00000000-0000-0000-0000-000000000000");
INSERT INTO DIM_ELE
	VALUES ("fa7882e9-92d6-4f20-844e-43cdacb3472f",
	0,
	"00000000-0000-0000-0000-000000000000");
INSERT INTO DIM_DIA
	VALUES ("999c0187-5616-4a2c-b170-8f7771452847",
	'',
	0.655377,
	1882.000000,
	767.000000,
	"00000000-0000-0000-0000-000000000000");
INSERT INTO S_DIP
	VALUES ("39766b54-2b28-4a49-b6f5-9bd0d8938fc9",
	"44a2d632-3364-47ba-92ab-67ac93180b02");
INSERT INTO S_DT
	VALUES ("44a2d632-3364-47ba-92ab-67ac93180b02",
	"00000000-0000-0000-0000-000000000001",
	'void',
	'');
INSERT INTO S_CDT
	VALUES ("44a2d632-3364-47ba-92ab-67ac93180b02",
	0);
INSERT INTO S_DID
	VALUES ("19450ed8-0d9a-4e6f-bd79-44bf244e7937",
	"44a2d632-3364-47ba-92ab-67ac93180b02");
INSERT INTO S_DIP
	VALUES ("39766b54-2b28-4a49-b6f5-9bd0d8938fc9",
	"ed855afe-b773-4348-9030-494350c96719");
INSERT INTO S_DT
	VALUES ("ed855afe-b773-4348-9030-494350c96719",
	"00000000-0000-0000-0000-000000000001",
	'boolean',
	'');
INSERT INTO S_CDT
	VALUES ("ed855afe-b773-4348-9030-494350c96719",
	1);
INSERT INTO S_DID
	VALUES ("19450ed8-0d9a-4e6f-bd79-44bf244e7937",
	"ed855afe-b773-4348-9030-494350c96719");
INSERT INTO S_DIP
	VALUES ("39766b54-2b28-4a49-b6f5-9bd0d8938fc9",
	"bb2aad42-e125-4543-bcd6-e4515b678378");
INSERT INTO S_DT
	VALUES ("bb2aad42-e125-4543-bcd6-e4515b678378",
	"00000000-0000-0000-0000-000000000001",
	'integer',
	'');
INSERT INTO S_CDT
	VALUES ("bb2aad42-e125-4543-bcd6-e4515b678378",
	2);
INSERT INTO S_DID
	VALUES ("19450ed8-0d9a-4e6f-bd79-44bf244e7937",
	"bb2aad42-e125-4543-bcd6-e4515b678378");
INSERT INTO S_DIP
	VALUES ("39766b54-2b28-4a49-b6f5-9bd0d8938fc9",
	"1b4eef3c-5a32-4532-b6ba-6bd1a5ee28ec");
INSERT INTO S_DT
	VALUES ("1b4eef3c-5a32-4532-b6ba-6bd1a5ee28ec",
	"00000000-0000-0000-0000-000000000001",
	'real',
	'');
INSERT INTO S_CDT
	VALUES ("1b4eef3c-5a32-4532-b6ba-6bd1a5ee28ec",
	3);
INSERT INTO S_DID
	VALUES ("19450ed8-0d9a-4e6f-bd79-44bf244e7937",
	"1b4eef3c-5a32-4532-b6ba-6bd1a5ee28ec");
INSERT INTO S_DIP
	VALUES ("39766b54-2b28-4a49-b6f5-9bd0d8938fc9",
	"fc579625-527e-4796-9485-440b72c36cdf");
INSERT INTO S_DT
	VALUES ("fc579625-527e-4796-9485-440b72c36cdf",
	"00000000-0000-0000-0000-000000000001",
	'string',
	'');
INSERT INTO S_CDT
	VALUES ("fc579625-527e-4796-9485-440b72c36cdf",
	4);
INSERT INTO S_DID
	VALUES ("19450ed8-0d9a-4e6f-bd79-44bf244e7937",
	"fc579625-527e-4796-9485-440b72c36cdf");
INSERT INTO S_DIP
	VALUES ("39766b54-2b28-4a49-b6f5-9bd0d8938fc9",
	"89e1180b-3ac5-488b-84ff-4fdb97d2c3b9");
INSERT INTO S_DT
	VALUES ("89e1180b-3ac5-488b-84ff-4fdb97d2c3b9",
	"00000000-0000-0000-0000-000000000001",
	'unique_id',
	'');
INSERT INTO S_CDT
	VALUES ("89e1180b-3ac5-488b-84ff-4fdb97d2c3b9",
	5);
INSERT INTO S_DID
	VALUES ("19450ed8-0d9a-4e6f-bd79-44bf244e7937",
	"89e1180b-3ac5-488b-84ff-4fdb97d2c3b9");
INSERT INTO S_DIP
	VALUES ("39766b54-2b28-4a49-b6f5-9bd0d8938fc9",
	"2d367287-f836-4125-8d3a-be799185faa4");
INSERT INTO S_DT
	VALUES ("2d367287-f836-4125-8d3a-be799185faa4",
	"00000000-0000-0000-0000-000000000001",
	'state<State_Model>',
	'');
INSERT INTO S_CDT
	VALUES ("2d367287-f836-4125-8d3a-be799185faa4",
	6);
INSERT INTO S_DID
	VALUES ("19450ed8-0d9a-4e6f-bd79-44bf244e7937",
	"2d367287-f836-4125-8d3a-be799185faa4");
INSERT INTO S_DIP
	VALUES ("39766b54-2b28-4a49-b6f5-9bd0d8938fc9",
	"802b19d2-fe62-424e-92dc-b2eb876bb59d");
INSERT INTO S_DT
	VALUES ("802b19d2-fe62-424e-92dc-b2eb876bb59d",
	"00000000-0000-0000-0000-000000000001",
	'same_as<Base_Attribute>',
	'');
INSERT INTO S_CDT
	VALUES ("802b19d2-fe62-424e-92dc-b2eb876bb59d",
	7);
INSERT INTO S_DID
	VALUES ("19450ed8-0d9a-4e6f-bd79-44bf244e7937",
	"802b19d2-fe62-424e-92dc-b2eb876bb59d");
INSERT INTO S_DIP
	VALUES ("39766b54-2b28-4a49-b6f5-9bd0d8938fc9",
	"20c3d26c-5e67-43bd-be8d-beb207103f81");
INSERT INTO S_DT
	VALUES ("20c3d26c-5e67-43bd-be8d-beb207103f81",
	"00000000-0000-0000-0000-000000000001",
	'inst_ref<Object>',
	'');
INSERT INTO S_CDT
	VALUES ("20c3d26c-5e67-43bd-be8d-beb207103f81",
	8);
INSERT INTO S_DID
	VALUES ("19450ed8-0d9a-4e6f-bd79-44bf244e7937",
	"20c3d26c-5e67-43bd-be8d-beb207103f81");
INSERT INTO S_DIP
	VALUES ("39766b54-2b28-4a49-b6f5-9bd0d8938fc9",
	"ead4d02a-8735-42b0-b5bd-177305b12cd2");
INSERT INTO S_DT
	VALUES ("ead4d02a-8735-42b0-b5bd-177305b12cd2",
	"00000000-0000-0000-0000-000000000001",
	'inst_ref_set<Object>',
	'');
INSERT INTO S_CDT
	VALUES ("ead4d02a-8735-42b0-b5bd-177305b12cd2",
	9);
INSERT INTO S_DID
	VALUES ("19450ed8-0d9a-4e6f-bd79-44bf244e7937",
	"ead4d02a-8735-42b0-b5bd-177305b12cd2");
INSERT INTO S_DIP
	VALUES ("39766b54-2b28-4a49-b6f5-9bd0d8938fc9",
	"1473119f-5f28-421b-a428-10851caca944");
INSERT INTO S_DT
	VALUES ("1473119f-5f28-421b-a428-10851caca944",
	"00000000-0000-0000-0000-000000000001",
	'inst<Event>',
	'');
INSERT INTO S_CDT
	VALUES ("1473119f-5f28-421b-a428-10851caca944",
	10);
INSERT INTO S_DID
	VALUES ("19450ed8-0d9a-4e6f-bd79-44bf244e7937",
	"1473119f-5f28-421b-a428-10851caca944");
INSERT INTO S_DIP
	VALUES ("39766b54-2b28-4a49-b6f5-9bd0d8938fc9",
	"2c755c55-3c60-4fe7-a9d2-f1f94d641891");
INSERT INTO S_DT
	VALUES ("2c755c55-3c60-4fe7-a9d2-f1f94d641891",
	"00000000-0000-0000-0000-000000000001",
	'inst<Mapping>',
	'');
INSERT INTO S_CDT
	VALUES ("2c755c55-3c60-4fe7-a9d2-f1f94d641891",
	11);
INSERT INTO S_DID
	VALUES ("19450ed8-0d9a-4e6f-bd79-44bf244e7937",
	"2c755c55-3c60-4fe7-a9d2-f1f94d641891");
INSERT INTO S_DIP
	VALUES ("39766b54-2b28-4a49-b6f5-9bd0d8938fc9",
	"03e9fd53-f834-4559-8f6c-78e63007fff2");
INSERT INTO S_DT
	VALUES ("03e9fd53-f834-4559-8f6c-78e63007fff2",
	"00000000-0000-0000-0000-000000000001",
	'inst_ref<Mapping>',
	'');
INSERT INTO S_CDT
	VALUES ("03e9fd53-f834-4559-8f6c-78e63007fff2",
	12);
INSERT INTO S_DID
	VALUES ("19450ed8-0d9a-4e6f-bd79-44bf244e7937",
	"03e9fd53-f834-4559-8f6c-78e63007fff2");
INSERT INTO S_DIP
	VALUES ("39766b54-2b28-4a49-b6f5-9bd0d8938fc9",
	"13652848-f535-4373-84cd-5470fe8f20b8");
INSERT INTO S_DT
	VALUES ("13652848-f535-4373-84cd-5470fe8f20b8",
	"00000000-0000-0000-0000-000000000001",
	'date',
	'Time as known in the external world. For example, 12 October 1492,
13:25:10. The accuracy of external time is dependent on the architecture and
implementation.');
INSERT INTO S_UDT
	VALUES ("13652848-f535-4373-84cd-5470fe8f20b8",
	"2c755c55-3c60-4fe7-a9d2-f1f94d641891",
	1);
INSERT INTO S_DID
	VALUES ("19450ed8-0d9a-4e6f-bd79-44bf244e7937",
	"13652848-f535-4373-84cd-5470fe8f20b8");
INSERT INTO S_DIP
	VALUES ("39766b54-2b28-4a49-b6f5-9bd0d8938fc9",
	"f110c26b-e74a-47a6-bd78-09e2355d90d6");
INSERT INTO S_DT
	VALUES ("f110c26b-e74a-47a6-bd78-09e2355d90d6",
	"00000000-0000-0000-0000-000000000001",
	'timestamp',
	' The system clock counts time in ticks. The size of a tick is dependent on the
 architecture and implementation.');
INSERT INTO S_UDT
	VALUES ("f110c26b-e74a-47a6-bd78-09e2355d90d6",
	"2c755c55-3c60-4fe7-a9d2-f1f94d641891",
	2);
INSERT INTO S_DID
	VALUES ("19450ed8-0d9a-4e6f-bd79-44bf244e7937",
	"f110c26b-e74a-47a6-bd78-09e2355d90d6");
INSERT INTO S_DIP
	VALUES ("39766b54-2b28-4a49-b6f5-9bd0d8938fc9",
	"fa4e27f3-6bcf-4bcc-bcaf-28eaeb721030");
INSERT INTO S_DT
	VALUES ("fa4e27f3-6bcf-4bcc-bcaf-28eaeb721030",
	"00000000-0000-0000-0000-000000000001",
	'inst_ref<Timer>',
	'');
INSERT INTO S_UDT
	VALUES ("fa4e27f3-6bcf-4bcc-bcaf-28eaeb721030",
	"03e9fd53-f834-4559-8f6c-78e63007fff2",
	3);
INSERT INTO S_DID
	VALUES ("19450ed8-0d9a-4e6f-bd79-44bf244e7937",
	"fa4e27f3-6bcf-4bcc-bcaf-28eaeb721030");
INSERT INTO S_DIP
	VALUES ("39766b54-2b28-4a49-b6f5-9bd0d8938fc9",
	"a92d2a69-b712-41bc-a54a-521874a72a82");
INSERT INTO S_DT
	VALUES ("a92d2a69-b712-41bc-a54a-521874a72a82",
	"00000000-0000-0000-0000-000000000000",
	'Family',
	'');
INSERT INTO S_DID
	VALUES ("19450ed8-0d9a-4e6f-bd79-44bf244e7937",
	"a92d2a69-b712-41bc-a54a-521874a72a82");
INSERT INTO S_SDT
	VALUES ("a92d2a69-b712-41bc-a54a-521874a72a82");
INSERT INTO S_MBR
	VALUES ("b1bd383a-7e3d-4a1e-9d4c-2191b378c543",
	'mother',
	'mom',
	"a92d2a69-b712-41bc-a54a-521874a72a82",
	"fc579625-527e-4796-9485-440b72c36cdf",
	"00000000-0000-0000-0000-000000000000");
INSERT INTO S_MBR
	VALUES ("650a6f51-a63f-40c8-a46a-cb93471ed156",
	'father',
	'dad',
	"a92d2a69-b712-41bc-a54a-521874a72a82",
	"fc579625-527e-4796-9485-440b72c36cdf",
	"b1bd383a-7e3d-4a1e-9d4c-2191b378c543");
INSERT INTO S_MBR
	VALUES ("ae892623-ceb9-4c52-b728-a7239a9f0b24",
	'child_1',
	'first kid',
	"a92d2a69-b712-41bc-a54a-521874a72a82",
	"fc579625-527e-4796-9485-440b72c36cdf",
	"650a6f51-a63f-40c8-a46a-cb93471ed156");
INSERT INTO S_MBR
	VALUES ("9e70d918-3d04-4311-b7ff-15002d8f6ddb",
	'child_2',
	'second kid',
	"a92d2a69-b712-41bc-a54a-521874a72a82",
	"fc579625-527e-4796-9485-440b72c36cdf",
	"ae892623-ceb9-4c52-b728-a7239a9f0b24");
INSERT INTO S_MBR
	VALUES ("eaee9a22-3a7b-49b5-91c1-fa35c696860a",
	'child_3',
	'third kid',
	"a92d2a69-b712-41bc-a54a-521874a72a82",
	"fc579625-527e-4796-9485-440b72c36cdf",
	"9e70d918-3d04-4311-b7ff-15002d8f6ddb");
INSERT INTO S_MBR
	VALUES ("ecc15888-1e8f-4846-93f3-9e877adc7e6e",
	'child_4',
	'fourth kid',
	"a92d2a69-b712-41bc-a54a-521874a72a82",
	"fc579625-527e-4796-9485-440b72c36cdf",
	"eaee9a22-3a7b-49b5-91c1-fa35c696860a");
INSERT INTO S_MBR
	VALUES ("c0141828-03f5-4201-a89a-8d1be4603bfd",
	'child_5',
	'fifth kid',
	"a92d2a69-b712-41bc-a54a-521874a72a82",
	"fc579625-527e-4796-9485-440b72c36cdf",
	"ecc15888-1e8f-4846-93f3-9e877adc7e6e");
INSERT INTO S_MBR
	VALUES ("be5be408-4831-49a2-839e-d545e4d3e25b",
	'lastname',
	'family''s last name',
	"a92d2a69-b712-41bc-a54a-521874a72a82",
	"fc579625-527e-4796-9485-440b72c36cdf",
	"c0141828-03f5-4201-a89a-8d1be4603bfd");
INSERT INTO S_MBR
	VALUES ("f732710a-7842-4d8d-baa1-29135c781420",
	'Pets',
	'This holds information about the family''s pet.  Right now BridgePoint only allows the 
family to have 1 pet.  In the future we can make this an array and let them have others.',
	"a92d2a69-b712-41bc-a54a-521874a72a82",
	"17f8327b-91e2-47d9-b6e1-72574d543435",
	"be5be408-4831-49a2-839e-d545e4d3e25b");
INSERT INTO S_DIP
	VALUES ("39766b54-2b28-4a49-b6f5-9bd0d8938fc9",
	"f3b22070-8f46-4382-baa9-be5973b56db4");
INSERT INTO S_DT
	VALUES ("f3b22070-8f46-4382-baa9-be5973b56db4",
	"00000000-0000-0000-0000-000000000000",
	'TypeContainer',
	'');
INSERT INTO S_DID
	VALUES ("19450ed8-0d9a-4e6f-bd79-44bf244e7937",
	"f3b22070-8f46-4382-baa9-be5973b56db4");
INSERT INTO S_SDT
	VALUES ("f3b22070-8f46-4382-baa9-be5973b56db4");
INSERT INTO S_MBR
	VALUES ("5d275f57-7401-4a94-bebd-f53d58f4fc1e",
	'a_integer',
	'',
	"f3b22070-8f46-4382-baa9-be5973b56db4",
	"bb2aad42-e125-4543-bcd6-e4515b678378",
	"00000000-0000-0000-0000-000000000000");
INSERT INTO S_MBR
	VALUES ("bc071b7d-9f8c-45b7-81e3-1c67a2ea835d",
	'a_boolean',
	'',
	"f3b22070-8f46-4382-baa9-be5973b56db4",
	"ed855afe-b773-4348-9030-494350c96719",
	"5d275f57-7401-4a94-bebd-f53d58f4fc1e");
INSERT INTO S_MBR
	VALUES ("6a3cbb72-43bb-4370-9658-904420fc70e8",
	'a_date',
	'',
	"f3b22070-8f46-4382-baa9-be5973b56db4",
	"13652848-f535-4373-84cd-5470fe8f20b8",
	"bc071b7d-9f8c-45b7-81e3-1c67a2ea835d");
INSERT INTO S_MBR
	VALUES ("c7f5cb51-b6f9-41cb-9922-1d7845743371",
	'a_real',
	'',
	"f3b22070-8f46-4382-baa9-be5973b56db4",
	"1b4eef3c-5a32-4532-b6ba-6bd1a5ee28ec",
	"6a3cbb72-43bb-4370-9658-904420fc70e8");
INSERT INTO S_MBR
	VALUES ("e8aeb5a8-8e14-42e6-afe4-e4557db47146",
	'a_string',
	'',
	"f3b22070-8f46-4382-baa9-be5973b56db4",
	"fc579625-527e-4796-9485-440b72c36cdf",
	"c7f5cb51-b6f9-41cb-9922-1d7845743371");
INSERT INTO S_MBR
	VALUES ("699c58b9-d2b0-4927-9ac2-ca82d8bbfcbb",
	'a_timestamp',
	'',
	"f3b22070-8f46-4382-baa9-be5973b56db4",
	"f110c26b-e74a-47a6-bd78-09e2355d90d6",
	"e8aeb5a8-8e14-42e6-afe4-e4557db47146");
INSERT INTO S_MBR
	VALUES ("c14a3da5-e5b7-480f-ba5c-5aac60690cc1",
	'a_unique_id',
	'',
	"f3b22070-8f46-4382-baa9-be5973b56db4",
	"89e1180b-3ac5-488b-84ff-4fdb97d2c3b9",
	"699c58b9-d2b0-4927-9ac2-ca82d8bbfcbb");
INSERT INTO S_MBR
	VALUES ("536b6d0a-3f23-49ae-977a-d8c2589f1cfe",
	'a_TypeContainer',
	'',
	"f3b22070-8f46-4382-baa9-be5973b56db4",
	"f3b22070-8f46-4382-baa9-be5973b56db4",
	"c14a3da5-e5b7-480f-ba5c-5aac60690cc1");
INSERT INTO S_DIP
	VALUES ("39766b54-2b28-4a49-b6f5-9bd0d8938fc9",
	"17f8327b-91e2-47d9-b6e1-72574d543435");
INSERT INTO S_DT
	VALUES ("17f8327b-91e2-47d9-b6e1-72574d543435",
	"00000000-0000-0000-0000-000000000000",
	'Pet',
	'');
INSERT INTO S_DID
	VALUES ("19450ed8-0d9a-4e6f-bd79-44bf244e7937",
	"17f8327b-91e2-47d9-b6e1-72574d543435");
INSERT INTO S_SDT
	VALUES ("17f8327b-91e2-47d9-b6e1-72574d543435");
INSERT INTO S_MBR
	VALUES ("3a646151-46e6-4a3b-bb3c-f18a6b42e25d",
	'name',
	'The pet''s name.',
	"17f8327b-91e2-47d9-b6e1-72574d543435",
	"fc579625-527e-4796-9485-440b72c36cdf",
	"00000000-0000-0000-0000-000000000000");
INSERT INTO S_MBR
	VALUES ("d63e643b-33ea-4fc4-a7f1-afa77583cfbe",
	'PetType',
	'',
	"17f8327b-91e2-47d9-b6e1-72574d543435",
	"f9a31f66-390f-443c-817f-9e7e71224506",
	"3a646151-46e6-4a3b-bb3c-f18a6b42e25d");
INSERT INTO S_MBR
	VALUES ("2cbb7925-93c1-49fb-b496-42f335f92b88",
	'CareGiver',
	'The name of the person who takes care of this pet.',
	"17f8327b-91e2-47d9-b6e1-72574d543435",
	"fc579625-527e-4796-9485-440b72c36cdf",
	"d63e643b-33ea-4fc4-a7f1-afa77583cfbe");
INSERT INTO S_DIP
	VALUES ("39766b54-2b28-4a49-b6f5-9bd0d8938fc9",
	"f9a31f66-390f-443c-817f-9e7e71224506");
INSERT INTO S_DT
	VALUES ("f9a31f66-390f-443c-817f-9e7e71224506",
	"00000000-0000-0000-0000-000000000000",
	'PetType',
	'');
INSERT INTO S_EDT
	VALUES ("f9a31f66-390f-443c-817f-9e7e71224506");
INSERT INTO S_ENUM
	VALUES ("83cac7e7-8647-4e8c-82a4-7adad52bfdf8",
	'dog',
	'',
	"f9a31f66-390f-443c-817f-9e7e71224506");
INSERT INTO S_ENUM
	VALUES ("7c30f9b7-9106-4db6-a8d6-0f406d3ae0cc",
	'cat',
	'',
	"f9a31f66-390f-443c-817f-9e7e71224506");
INSERT INTO S_ENUM
	VALUES ("b4638148-c447-41b6-b6a8-5f8b83b36c7e",
	'bird',
	'',
	"f9a31f66-390f-443c-817f-9e7e71224506");
INSERT INTO S_ENUM
	VALUES ("fc433f10-a8be-4b15-a635-7750eee79b2e",
	'frog',
	'',
	"f9a31f66-390f-443c-817f-9e7e71224506");
INSERT INTO S_ENUM
	VALUES ("5db8dc65-c0d0-4dda-bf89-4439dbcc5928",
	'fish',
	'',
	"f9a31f66-390f-443c-817f-9e7e71224506");
INSERT INTO S_ENUM
	VALUES ("5df57f19-0320-4d08-a5ac-0c016f2d22e1",
	'horse',
	'',
	"f9a31f66-390f-443c-817f-9e7e71224506");
INSERT INTO S_ENUM
	VALUES ("a5255214-f3df-4694-8932-95596ab1b744",
	'chicken',
	'',
	"f9a31f66-390f-443c-817f-9e7e71224506");
INSERT INTO S_ENUM
	VALUES ("0e48252d-0bce-41e2-9077-225336147c33",
	'hamster',
	'',
	"f9a31f66-390f-443c-817f-9e7e71224506");
INSERT INTO S_DID
	VALUES ("19450ed8-0d9a-4e6f-bd79-44bf244e7937",
	"f9a31f66-390f-443c-817f-9e7e71224506");
INSERT INTO S_EEPK
	VALUES ("5f7d6222-1d72-449f-bfab-5ee4cd9e52b5",
	'External Entities',
	"19450ed8-0d9a-4e6f-bd79-44bf244e7937",
	"00000000-0000-0000-0000-000000000000");
INSERT INTO GD_MD
	VALUES ("ee0275a3-e394-47f5-8530-c01c61eeb668",
	102,
	"5f7d6222-1d72-449f-bfab-5ee4cd9e52b5",
	55,
	0,
	0,
	1,
	1,
	1,
	12,
	1,
	0,
	0,
	0,
	0,
	0);
INSERT INTO GD_GE
	VALUES ("f6cff319-c2e3-49c6-90bf-7e0f8653b369",
	"ee0275a3-e394-47f5-8530-c01c61eeb668",
	"af404d42-8299-4786-a997-cd0dd0220a9e",
	12,
	0);
INSERT INTO GD_SHP
	VALUES ("f6cff319-c2e3-49c6-90bf-7e0f8653b369");
INSERT INTO DIM_ND
	VALUES (860.000000,
	385.000000,
	"f6cff319-c2e3-49c6-90bf-7e0f8653b369");
INSERT INTO DIM_GE
	VALUES (4143.000000,
	3201.000000,
	"f6cff319-c2e3-49c6-90bf-7e0f8653b369",
	"00000000-0000-0000-0000-000000000000");
INSERT INTO DIM_ELE
	VALUES ("f6cff319-c2e3-49c6-90bf-7e0f8653b369",
	1,
	"00000000-0000-0000-0000-000000000000");
INSERT INTO GD_GE
	VALUES ("e5acb55b-4ad8-49ce-b965-44c19cf3de84",
	"ee0275a3-e394-47f5-8530-c01c61eeb668",
	"443e92e6-ccc8-41ae-84a4-409eeb55a2db",
	12,
	0);
INSERT INTO GD_SHP
	VALUES ("e5acb55b-4ad8-49ce-b965-44c19cf3de84");
INSERT INTO DIM_ND
	VALUES (180.000000,
	168.000000,
	"e5acb55b-4ad8-49ce-b965-44c19cf3de84");
INSERT INTO DIM_GE
	VALUES (4356.000000,
	2988.000000,
	"e5acb55b-4ad8-49ce-b965-44c19cf3de84",
	"00000000-0000-0000-0000-000000000000");
INSERT INTO DIM_ELE
	VALUES ("e5acb55b-4ad8-49ce-b965-44c19cf3de84",
	0,
	"00000000-0000-0000-0000-000000000000");
INSERT INTO GD_GE
	VALUES ("2a0dfdb5-59c3-47bd-a0e8-d39f01832be6",
	"ee0275a3-e394-47f5-8530-c01c61eeb668",
	"dae64c7e-47ce-415b-ab6b-e82324681aaf",
	12,
	0);
INSERT INTO GD_SHP
	VALUES ("2a0dfdb5-59c3-47bd-a0e8-d39f01832be6");
INSERT INTO DIM_ND
	VALUES (144.000000,
	156.000000,
	"2a0dfdb5-59c3-47bd-a0e8-d39f01832be6");
INSERT INTO DIM_GE
	VALUES (4548.000000,
	2988.000000,
	"2a0dfdb5-59c3-47bd-a0e8-d39f01832be6",
	"00000000-0000-0000-0000-000000000000");
INSERT INTO DIM_ELE
	VALUES ("2a0dfdb5-59c3-47bd-a0e8-d39f01832be6",
	0,
	"00000000-0000-0000-0000-000000000000");
INSERT INTO GD_GE
	VALUES ("bb49c920-757e-4c86-b6fe-eb84eb95898c",
	"ee0275a3-e394-47f5-8530-c01c61eeb668",
	"ff4d85c9-9195-453b-8e49-90f60936a901",
	12,
	0);
INSERT INTO GD_SHP
	VALUES ("bb49c920-757e-4c86-b6fe-eb84eb95898c");
INSERT INTO DIM_ND
	VALUES (200.000000,
	150.000000,
	"bb49c920-757e-4c86-b6fe-eb84eb95898c");
INSERT INTO DIM_GE
	VALUES (4704.000000,
	2988.000000,
	"bb49c920-757e-4c86-b6fe-eb84eb95898c",
	"00000000-0000-0000-0000-000000000000");
INSERT INTO DIM_ELE
	VALUES ("bb49c920-757e-4c86-b6fe-eb84eb95898c",
	0,
	"00000000-0000-0000-0000-000000000000");
INSERT INTO GD_GE
	VALUES ("df97a92b-5571-4529-8dd0-2524ef4ab9a9",
	"ee0275a3-e394-47f5-8530-c01c61eeb668",
	"79a1a045-0b65-4c08-8ea0-7028c737f039",
	12,
	0);
INSERT INTO GD_SHP
	VALUES ("df97a92b-5571-4529-8dd0-2524ef4ab9a9");
INSERT INTO DIM_ND
	VALUES (216.000000,
	168.000000,
	"df97a92b-5571-4529-8dd0-2524ef4ab9a9");
INSERT INTO DIM_GE
	VALUES (4128.000000,
	2988.000000,
	"df97a92b-5571-4529-8dd0-2524ef4ab9a9",
	"00000000-0000-0000-0000-000000000000");
INSERT INTO DIM_ELE
	VALUES ("df97a92b-5571-4529-8dd0-2524ef4ab9a9",
	0,
	"00000000-0000-0000-0000-000000000000");
INSERT INTO GD_GE
	VALUES ("e2d60d8b-15b8-44bb-b1ec-7b429d118c84",
	"ee0275a3-e394-47f5-8530-c01c61eeb668",
	"44f8e6b6-e7c4-4aa4-b193-c82ed7e3405f",
	12,
	0);
INSERT INTO GD_SHP
	VALUES ("e2d60d8b-15b8-44bb-b1ec-7b429d118c84");
INSERT INTO DIM_ND
	VALUES (144.000000,
	156.000000,
	"e2d60d8b-15b8-44bb-b1ec-7b429d118c84");
INSERT INTO DIM_GE
	VALUES (4908.000000,
	2988.000000,
	"e2d60d8b-15b8-44bb-b1ec-7b429d118c84",
	"00000000-0000-0000-0000-000000000000");
INSERT INTO DIM_ELE
	VALUES ("e2d60d8b-15b8-44bb-b1ec-7b429d118c84",
	0,
	"00000000-0000-0000-0000-000000000000");
INSERT INTO GD_GE
	VALUES ("c0c5b046-7e34-400f-af30-24b9f7d8e429",
	"ee0275a3-e394-47f5-8530-c01c61eeb668",
	"dba82b55-4b2e-4174-8deb-97192e7e437f",
	12,
	0);
INSERT INTO GD_SHP
	VALUES ("c0c5b046-7e34-400f-af30-24b9f7d8e429");
INSERT INTO DIM_ND
	VALUES (216.000000,
	120.000000,
	"c0c5b046-7e34-400f-af30-24b9f7d8e429");
INSERT INTO DIM_GE
	VALUES (4116.000000,
	2844.000000,
	"c0c5b046-7e34-400f-af30-24b9f7d8e429",
	"00000000-0000-0000-0000-000000000000");
INSERT INTO DIM_ELE
	VALUES ("c0c5b046-7e34-400f-af30-24b9f7d8e429",
	0,
	"00000000-0000-0000-0000-000000000000");
INSERT INTO DIM_DIA
	VALUES ("ee0275a3-e394-47f5-8530-c01c61eeb668",
	'',
	0.616110,
	3886.000000,
	2755.000000,
	"00000000-0000-0000-0000-000000000000");
INSERT INTO S_EEPIP
	VALUES ("5f7d6222-1d72-449f-bfab-5ee4cd9e52b5");
INSERT INTO S_EEIP
	VALUES ("5f7d6222-1d72-449f-bfab-5ee4cd9e52b5",
	"af404d42-8299-4786-a997-cd0dd0220a9e");
INSERT INTO S_EE
	VALUES ("af404d42-8299-4786-a997-cd0dd0220a9e",
	'Time',
	'The Time external entity provides date, timestamp, and timer related operations.',
	'TIM',
	"19450ed8-0d9a-4e6f-bd79-44bf244e7937");
INSERT INTO S_BRG
	VALUES ("7a681c3d-8b02-491d-b228-e848c5961a73",
	"af404d42-8299-4786-a997-cd0dd0220a9e",
	'current_date',
	'',
	0,
	"13652848-f535-4373-84cd-5470fe8f20b8",
	'',
	0);
INSERT INTO S_BRG
	VALUES ("407bde87-3c5b-4752-8772-660a278f18a7",
	"af404d42-8299-4786-a997-cd0dd0220a9e",
	'create_date',
	'',
	0,
	"13652848-f535-4373-84cd-5470fe8f20b8",
	'',
	0);
INSERT INTO S_BPARM
	VALUES ("30b1a0c3-e269-47c7-b9af-45ee26983eed",
	"407bde87-3c5b-4752-8772-660a278f18a7",
	'second',
	"bb2aad42-e125-4543-bcd6-e4515b678378",
	0);
INSERT INTO S_BPARM
	VALUES ("8cfc768b-c0c0-4336-aabc-d4c94cf83521",
	"407bde87-3c5b-4752-8772-660a278f18a7",
	'minute',
	"bb2aad42-e125-4543-bcd6-e4515b678378",
	0);
INSERT INTO S_BPARM
	VALUES ("423ea404-a7ad-45e8-937a-eb2ff8b3e252",
	"407bde87-3c5b-4752-8772-660a278f18a7",
	'hour',
	"bb2aad42-e125-4543-bcd6-e4515b678378",
	0);
INSERT INTO S_BPARM
	VALUES ("2bef1775-47de-4702-9158-5c3486acd418",
	"407bde87-3c5b-4752-8772-660a278f18a7",
	'day',
	"bb2aad42-e125-4543-bcd6-e4515b678378",
	0);
INSERT INTO S_BPARM
	VALUES ("af7c3fb8-f258-41d4-add1-04cc21558160",
	"407bde87-3c5b-4752-8772-660a278f18a7",
	'month',
	"bb2aad42-e125-4543-bcd6-e4515b678378",
	0);
INSERT INTO S_BPARM
	VALUES ("cb35b778-26ba-4954-a63f-3bf14374f742",
	"407bde87-3c5b-4752-8772-660a278f18a7",
	'year',
	"bb2aad42-e125-4543-bcd6-e4515b678378",
	0);
INSERT INTO S_BRG
	VALUES ("455979c9-14e8-4cd3-9273-01077cd4d263",
	"af404d42-8299-4786-a997-cd0dd0220a9e",
	'get_second',
	'',
	0,
	"bb2aad42-e125-4543-bcd6-e4515b678378",
	'',
	0);
INSERT INTO S_BPARM
	VALUES ("9541d0bd-e6bc-44a0-9d53-13d7e57bed1d",
	"455979c9-14e8-4cd3-9273-01077cd4d263",
	'date',
	"13652848-f535-4373-84cd-5470fe8f20b8",
	0);
INSERT INTO S_BRG
	VALUES ("8d427fed-ea4e-4ee5-a723-7163d7580dcc",
	"af404d42-8299-4786-a997-cd0dd0220a9e",
	'get_minute',
	'',
	0,
	"bb2aad42-e125-4543-bcd6-e4515b678378",
	'',
	0);
INSERT INTO S_BPARM
	VALUES ("93e0e5f1-c53d-4f48-81df-3cca01a04a0b",
	"8d427fed-ea4e-4ee5-a723-7163d7580dcc",
	'date',
	"13652848-f535-4373-84cd-5470fe8f20b8",
	0);
INSERT INTO S_BRG
	VALUES ("50e09eee-6e27-4e36-b579-2ce5f1f7cce0",
	"af404d42-8299-4786-a997-cd0dd0220a9e",
	'get_hour',
	'',
	0,
	"bb2aad42-e125-4543-bcd6-e4515b678378",
	'',
	0);
INSERT INTO S_BPARM
	VALUES ("956e73e6-a687-4f0b-a1f6-756aefd5100d",
	"50e09eee-6e27-4e36-b579-2ce5f1f7cce0",
	'date',
	"13652848-f535-4373-84cd-5470fe8f20b8",
	0);
INSERT INTO S_BRG
	VALUES ("a1c89fa4-ef35-4c60-afe2-9f0c7071b45f",
	"af404d42-8299-4786-a997-cd0dd0220a9e",
	'get_day',
	'',
	0,
	"bb2aad42-e125-4543-bcd6-e4515b678378",
	'',
	0);
INSERT INTO S_BPARM
	VALUES ("1390eaa9-49b9-4a97-9b0c-02a75192e845",
	"a1c89fa4-ef35-4c60-afe2-9f0c7071b45f",
	'date',
	"13652848-f535-4373-84cd-5470fe8f20b8",
	0);
INSERT INTO S_BRG
	VALUES ("d6e058f7-d939-4bc3-8edd-c6c08f3f40f0",
	"af404d42-8299-4786-a997-cd0dd0220a9e",
	'get_month',
	'',
	0,
	"bb2aad42-e125-4543-bcd6-e4515b678378",
	'',
	0);
INSERT INTO S_BPARM
	VALUES ("b9733fb1-901d-48e8-afec-ea1057ba35fb",
	"d6e058f7-d939-4bc3-8edd-c6c08f3f40f0",
	'date',
	"13652848-f535-4373-84cd-5470fe8f20b8",
	0);
INSERT INTO S_BRG
	VALUES ("f54d7f6b-8826-4bc9-8908-13837bef1db3",
	"af404d42-8299-4786-a997-cd0dd0220a9e",
	'get_year',
	'',
	0,
	"bb2aad42-e125-4543-bcd6-e4515b678378",
	'',
	0);
INSERT INTO S_BPARM
	VALUES ("bfd71c9a-aced-4d32-831d-01d60360750e",
	"f54d7f6b-8826-4bc9-8908-13837bef1db3",
	'date',
	"13652848-f535-4373-84cd-5470fe8f20b8",
	0);
INSERT INTO S_BRG
	VALUES ("76527422-354b-48ac-a584-53385ab85341",
	"af404d42-8299-4786-a997-cd0dd0220a9e",
	'current_clock',
	'',
	0,
	"f110c26b-e74a-47a6-bd78-09e2355d90d6",
	'',
	0);
INSERT INTO S_BRG
	VALUES ("a0cdc13a-7ed2-41c5-8be0-2a19b5bccdd9",
	"af404d42-8299-4786-a997-cd0dd0220a9e",
	'timer_start',
	'This bridge operation starts a timer set to expire in the specified number of
microseconds, generating the passed event upon expiration. Returns the instance
handle of the timer.',
	0,
	"fa4e27f3-6bcf-4bcc-bcaf-28eaeb721030",
	'',
	0);
INSERT INTO S_BPARM
	VALUES ("0c109037-c9a1-470d-a4d9-215a2e13d969",
	"a0cdc13a-7ed2-41c5-8be0-2a19b5bccdd9",
	'microseconds',
	"bb2aad42-e125-4543-bcd6-e4515b678378",
	0);
INSERT INTO S_BPARM
	VALUES ("2e589eff-5ae3-47bf-85ff-8a927b17a85e",
	"a0cdc13a-7ed2-41c5-8be0-2a19b5bccdd9",
	'event_inst',
	"1473119f-5f28-421b-a428-10851caca944",
	0);
INSERT INTO S_BRG
	VALUES ("c3c7f9c4-67d4-4a8c-8537-8890381a769c",
	"af404d42-8299-4786-a997-cd0dd0220a9e",
	'timer_start_recurring',
	'This bridge operation starts a timer set to expire in the specified number of
microseconds, generating the passed event upon expiration. Upon expiration, the
timer will be restarted and fire again in the specified number of microseconds
generating the passed event. This bridge operation returns the instance handle
of the timer.',
	0,
	"fa4e27f3-6bcf-4bcc-bcaf-28eaeb721030",
	'',
	0);
INSERT INTO S_BPARM
	VALUES ("20604800-e283-4ad6-84f3-6cfb4ec5c5dc",
	"c3c7f9c4-67d4-4a8c-8537-8890381a769c",
	'microseconds',
	"bb2aad42-e125-4543-bcd6-e4515b678378",
	0);
INSERT INTO S_BPARM
	VALUES ("92f2e4c8-08d0-478d-b723-7703f2e33d68",
	"c3c7f9c4-67d4-4a8c-8537-8890381a769c",
	'event_inst',
	"1473119f-5f28-421b-a428-10851caca944",
	0);
INSERT INTO S_BRG
	VALUES ("3c79c141-6d9b-407a-aebc-50e9604ebfe6",
	"af404d42-8299-4786-a997-cd0dd0220a9e",
	'timer_remaining_time',
	'Returns the time remaining (in microseconds) for the passed timer instance. If
the timer has expired, a zero value is returned.',
	0,
	"bb2aad42-e125-4543-bcd6-e4515b678378",
	'',
	0);
INSERT INTO S_BPARM
	VALUES ("953da24d-937a-46fa-b014-18fd6bff7823",
	"3c79c141-6d9b-407a-aebc-50e9604ebfe6",
	'timer_inst_ref',
	"fa4e27f3-6bcf-4bcc-bcaf-28eaeb721030",
	0);
INSERT INTO S_BRG
	VALUES ("7f14b052-7e35-4671-b4eb-5a9533d07537",
	"af404d42-8299-4786-a997-cd0dd0220a9e",
	'timer_reset_time',
	'This bridge operation attempts to set the passed existing timer to expire in
the specified number of microseconds. If the timer exists (that is, it has not
expired), a TRUE value is returned. If the timer no longer exists, a FALSE value
is returned.',
	0,
	"ed855afe-b773-4348-9030-494350c96719",
	'',
	0);
INSERT INTO S_BPARM
	VALUES ("bda6ba91-b33d-43f1-826c-be5ee7dab3eb",
	"7f14b052-7e35-4671-b4eb-5a9533d07537",
	'timer_inst_ref',
	"fa4e27f3-6bcf-4bcc-bcaf-28eaeb721030",
	0);
INSERT INTO S_BPARM
	VALUES ("8315d623-37c9-4603-9ee6-30ce1bed31bc",
	"7f14b052-7e35-4671-b4eb-5a9533d07537",
	'microseconds',
	"bb2aad42-e125-4543-bcd6-e4515b678378",
	0);
INSERT INTO S_BRG
	VALUES ("0f3ab4d6-a858-4923-af9a-1b59a03b60d5",
	"af404d42-8299-4786-a997-cd0dd0220a9e",
	'timer_add_time',
	'This bridge operation attempts to add the specified number of microseconds to a
passed existing timer. If the timer exists (that is, it has not expired), a TRUE
value is returned. If the timer no longer exists, a FALSE value is returned.',
	0,
	"ed855afe-b773-4348-9030-494350c96719",
	'',
	0);
INSERT INTO S_BPARM
	VALUES ("cf126a27-22c0-4fae-94e4-f2cd01c1e491",
	"0f3ab4d6-a858-4923-af9a-1b59a03b60d5",
	'timer_inst_ref',
	"fa4e27f3-6bcf-4bcc-bcaf-28eaeb721030",
	0);
INSERT INTO S_BPARM
	VALUES ("97f4367d-4c8b-4538-9cf1-4a2f2286962d",
	"0f3ab4d6-a858-4923-af9a-1b59a03b60d5",
	'microseconds',
	"bb2aad42-e125-4543-bcd6-e4515b678378",
	0);
INSERT INTO S_BRG
	VALUES ("482211d2-936b-4d66-86c1-dd033c618a3a",
	"af404d42-8299-4786-a997-cd0dd0220a9e",
	'timer_cancel',
	'This bridge operation cancels and deletes the passed timer instance. If the 
timer exists (that is, it had not expired), a TRUE value is returned. If the
timer no longer exists, a FALSE value is returned.',
	0,
	"ed855afe-b773-4348-9030-494350c96719",
	'',
	0);
INSERT INTO S_BPARM
	VALUES ("2a02198a-87f8-4f6c-9d24-81336fece4c9",
	"482211d2-936b-4d66-86c1-dd033c618a3a",
	'timer_inst_ref',
	"fa4e27f3-6bcf-4bcc-bcaf-28eaeb721030",
	0);
INSERT INTO S_EEIP
	VALUES ("5f7d6222-1d72-449f-bfab-5ee4cd9e52b5",
	"443e92e6-ccc8-41ae-84a4-409eeb55a2db");
INSERT INTO S_EE
	VALUES ("443e92e6-ccc8-41ae-84a4-409eeb55a2db",
	'Hospital',
	'',
	'HOSP',
	"19450ed8-0d9a-4e6f-bd79-44bf244e7937");
INSERT INTO S_BRG
	VALUES ("45b755f6-1dc3-4ac3-bcf6-3dd0e18346bd",
	"443e92e6-ccc8-41ae-84a4-409eeb55a2db",
	'delivery',
	'',
	0,
	"44a2d632-3364-47ba-92ab-67ac93180b02",
	'// Add a new family member
if ( (param.current_family.father == "Calvin''s Dad") and (param.current_family.mother == "Calvin''s Mom") )
  new_family = param.current_family;
  new_family.child_1 = "Calvin";

  ::updateFamily( newFamily: new_family );
else
  LOG::LogFailure( message:"Error in delivery.  Not the expecting parents." );
  ::failedFamilyTest();
end if;

',
	1);
INSERT INTO S_BPARM
	VALUES ("a960db71-05a1-426a-a416-ac32dbbc0a2b",
	"45b755f6-1dc3-4ac3-bcf6-3dd0e18346bd",
	'current_family',
	"a92d2a69-b712-41bc-a54a-521874a72a82",
	0);
INSERT INTO ACT_BRB
	VALUES ("985c4739-7f0d-4e37-a170-19263547afa2",
	"45b755f6-1dc3-4ac3-bcf6-3dd0e18346bd");
INSERT INTO ACT_ACT
	VALUES ("985c4739-7f0d-4e37-a170-19263547afa2",
	'bridge',
	0,
	"00000000-0000-0000-0000-000000000000",
	"00000000-0000-0000-0000-000000000000",
	0,
	'Hospital::delivery',
	"6d40ee59-2384-4f33-bab3-4dd6d97623f8");
INSERT INTO S_EEIP
	VALUES ("5f7d6222-1d72-449f-bfab-5ee4cd9e52b5",
	"dae64c7e-47ce-415b-ab6b-e82324681aaf");
INSERT INTO S_EE
	VALUES ("dae64c7e-47ce-415b-ab6b-e82324681aaf",
	'ARCH',
	'',
	'ARCH',
	"19450ed8-0d9a-4e6f-bd79-44bf244e7937");
INSERT INTO S_BRG
	VALUES ("a372bd31-ad9d-4f52-91bb-588175f5b7d8",
	"dae64c7e-47ce-415b-ab6b-e82324681aaf",
	'shutdown',
	'',
	0,
	"44a2d632-3364-47ba-92ab-67ac93180b02",
	'',
	1);
INSERT INTO ACT_BRB
	VALUES ("88a229f0-d2ce-4720-9015-a40d16ce3f4b",
	"a372bd31-ad9d-4f52-91bb-588175f5b7d8");
INSERT INTO ACT_ACT
	VALUES ("88a229f0-d2ce-4720-9015-a40d16ce3f4b",
	'bridge',
	0,
	"00000000-0000-0000-0000-000000000000",
	"00000000-0000-0000-0000-000000000000",
	0,
	'ARCH::shutdown',
	"66fecaef-6bc8-4f5a-b217-8e970f719f75");
INSERT INTO S_EEIP
	VALUES ("5f7d6222-1d72-449f-bfab-5ee4cd9e52b5",
	"ff4d85c9-9195-453b-8e49-90f60936a901");
INSERT INTO S_EE
	VALUES ("ff4d85c9-9195-453b-8e49-90f60936a901",
	'Persistence Services',
	'',
	'PERSIST',
	"19450ed8-0d9a-4e6f-bd79-44bf244e7937");
INSERT INTO S_BRG
	VALUES ("f4b363b4-0557-449e-81d2-fab1f9069d3a",
	"ff4d85c9-9195-453b-8e49-90f60936a901",
	'commit',
	'',
	0,
	"bb2aad42-e125-4543-bcd6-e4515b678378",
	'',
	1);
INSERT INTO ACT_BRB
	VALUES ("15b7b478-950d-4c52-ad4d-d9ca5a0704fb",
	"f4b363b4-0557-449e-81d2-fab1f9069d3a");
INSERT INTO ACT_ACT
	VALUES ("15b7b478-950d-4c52-ad4d-d9ca5a0704fb",
	'bridge',
	0,
	"00000000-0000-0000-0000-000000000000",
	"00000000-0000-0000-0000-000000000000",
	0,
	'Persistence Services::commit',
	"f9c88433-85ab-489a-84af-a8bd56fb81a0");
INSERT INTO S_BRG
	VALUES ("b7da33aa-6fc5-4c3e-8c59-f030dd9674fa",
	"ff4d85c9-9195-453b-8e49-90f60936a901",
	'restore',
	'',
	0,
	"bb2aad42-e125-4543-bcd6-e4515b678378",
	'',
	1);
INSERT INTO ACT_BRB
	VALUES ("28e4f270-83cf-4da3-83a0-44f7aee29903",
	"b7da33aa-6fc5-4c3e-8c59-f030dd9674fa");
INSERT INTO ACT_ACT
	VALUES ("28e4f270-83cf-4da3-83a0-44f7aee29903",
	'bridge',
	0,
	"00000000-0000-0000-0000-000000000000",
	"00000000-0000-0000-0000-000000000000",
	0,
	'Persistence Services::restore',
	"9894dd80-61ab-4e79-bd5a-e71c5db590bf");
INSERT INTO S_EEIP
	VALUES ("5f7d6222-1d72-449f-bfab-5ee4cd9e52b5",
	"79a1a045-0b65-4c08-8ea0-7028c737f039");
INSERT INTO S_EE
	VALUES ("79a1a045-0b65-4c08-8ea0-7028c737f039",
	'Logging',
	'',
	'LOG',
	"19450ed8-0d9a-4e6f-bd79-44bf244e7937");
INSERT INTO S_BRG
	VALUES ("9e38be4f-0bad-497e-b61a-b96d578dcc14",
	"79a1a045-0b65-4c08-8ea0-7028c737f039",
	'LogDate',
	'',
	0,
	"44a2d632-3364-47ba-92ab-67ac93180b02",
	'',
	1);
INSERT INTO S_BPARM
	VALUES ("915b33c0-ef49-45cb-9b47-4ddbbcf67e04",
	"9e38be4f-0bad-497e-b61a-b96d578dcc14",
	'd',
	"13652848-f535-4373-84cd-5470fe8f20b8",
	0);
INSERT INTO S_BPARM
	VALUES ("55dfff54-3b5b-4a8d-af5f-38488f498cac",
	"9e38be4f-0bad-497e-b61a-b96d578dcc14",
	'message',
	"fc579625-527e-4796-9485-440b72c36cdf",
	0);
INSERT INTO ACT_BRB
	VALUES ("2511f641-3c6e-4d6c-832d-3160bae24879",
	"9e38be4f-0bad-497e-b61a-b96d578dcc14");
INSERT INTO ACT_ACT
	VALUES ("2511f641-3c6e-4d6c-832d-3160bae24879",
	'bridge',
	0,
	"00000000-0000-0000-0000-000000000000",
	"00000000-0000-0000-0000-000000000000",
	0,
	'Logging::LogDate',
	"f372d8cc-4f06-4c55-8010-d5d7399ba3c3");
INSERT INTO S_BRG
	VALUES ("85a2ae18-4cb8-4b1f-a989-c9af21c1561b",
	"79a1a045-0b65-4c08-8ea0-7028c737f039",
	'LogFailure',
	'',
	0,
	"44a2d632-3364-47ba-92ab-67ac93180b02",
	'',
	1);
INSERT INTO S_BPARM
	VALUES ("000c478b-5ebe-4d7d-b9e5-15e19b8f5f23",
	"85a2ae18-4cb8-4b1f-a989-c9af21c1561b",
	'message',
	"fc579625-527e-4796-9485-440b72c36cdf",
	0);
INSERT INTO ACT_BRB
	VALUES ("d9429678-2e4e-4e48-9526-56c9737255d9",
	"85a2ae18-4cb8-4b1f-a989-c9af21c1561b");
INSERT INTO ACT_ACT
	VALUES ("d9429678-2e4e-4e48-9526-56c9737255d9",
	'bridge',
	0,
	"00000000-0000-0000-0000-000000000000",
	"00000000-0000-0000-0000-000000000000",
	0,
	'Logging::LogFailure',
	"9d5b4311-d194-4992-94c7-b98f0227223b");
INSERT INTO S_BRG
	VALUES ("94897082-984b-4338-8280-6abeca4951a1",
	"79a1a045-0b65-4c08-8ea0-7028c737f039",
	'LogInfo',
	'',
	0,
	"44a2d632-3364-47ba-92ab-67ac93180b02",
	'',
	1);
INSERT INTO S_BPARM
	VALUES ("e9a5f5cf-f98c-4506-a4bc-5af33dd1fc2d",
	"94897082-984b-4338-8280-6abeca4951a1",
	'message',
	"fc579625-527e-4796-9485-440b72c36cdf",
	0);
INSERT INTO ACT_BRB
	VALUES ("b17ec320-b3c6-47c3-bc57-6c16fced479e",
	"94897082-984b-4338-8280-6abeca4951a1");
INSERT INTO ACT_ACT
	VALUES ("b17ec320-b3c6-47c3-bc57-6c16fced479e",
	'bridge',
	0,
	"00000000-0000-0000-0000-000000000000",
	"00000000-0000-0000-0000-000000000000",
	0,
	'Logging::LogInfo',
	"a406de38-7e9d-44ab-929b-7d71e7ee70f8");
INSERT INTO S_BRG
	VALUES ("8002fe9b-699b-470e-be76-34903a3b8c27",
	"79a1a045-0b65-4c08-8ea0-7028c737f039",
	'LogInteger',
	'',
	0,
	"44a2d632-3364-47ba-92ab-67ac93180b02",
	'',
	1);
INSERT INTO S_BPARM
	VALUES ("50d49fd0-d2a7-4365-9d79-1e4c82070a36",
	"8002fe9b-699b-470e-be76-34903a3b8c27",
	'message',
	"bb2aad42-e125-4543-bcd6-e4515b678378",
	0);
INSERT INTO ACT_BRB
	VALUES ("10e7d0a1-fd1c-4d44-aa40-f9d144383688",
	"8002fe9b-699b-470e-be76-34903a3b8c27");
INSERT INTO ACT_ACT
	VALUES ("10e7d0a1-fd1c-4d44-aa40-f9d144383688",
	'bridge',
	0,
	"00000000-0000-0000-0000-000000000000",
	"00000000-0000-0000-0000-000000000000",
	0,
	'Logging::LogInteger',
	"c9963a82-ddf2-4bb4-a7e3-bc9f2ed98a69");
INSERT INTO S_BRG
	VALUES ("7a0c026c-6dfc-45e2-9dd8-3c1d30e92461",
	"79a1a045-0b65-4c08-8ea0-7028c737f039",
	'LogReal',
	'',
	0,
	"44a2d632-3364-47ba-92ab-67ac93180b02",
	'',
	1);
INSERT INTO S_BPARM
	VALUES ("55d1be3b-4944-42c7-8214-c64be0a36578",
	"7a0c026c-6dfc-45e2-9dd8-3c1d30e92461",
	'message',
	"fc579625-527e-4796-9485-440b72c36cdf",
	0);
INSERT INTO S_BPARM
	VALUES ("ecc335c7-ebe1-4d26-9a24-ebe06b372d18",
	"7a0c026c-6dfc-45e2-9dd8-3c1d30e92461",
	'r',
	"1b4eef3c-5a32-4532-b6ba-6bd1a5ee28ec",
	0);
INSERT INTO ACT_BRB
	VALUES ("0daa2cd4-451a-4fbb-9ba6-b7bfdf94229e",
	"7a0c026c-6dfc-45e2-9dd8-3c1d30e92461");
INSERT INTO ACT_ACT
	VALUES ("0daa2cd4-451a-4fbb-9ba6-b7bfdf94229e",
	'bridge',
	0,
	"00000000-0000-0000-0000-000000000000",
	"00000000-0000-0000-0000-000000000000",
	0,
	'Logging::LogReal',
	"25b1a17a-13be-4c87-b6bf-b83127660848");
INSERT INTO S_BRG
	VALUES ("f2f7277d-5b46-4382-aca0-8e16b822b623",
	"79a1a045-0b65-4c08-8ea0-7028c737f039",
	'LogSuccess',
	'',
	0,
	"44a2d632-3364-47ba-92ab-67ac93180b02",
	'',
	1);
INSERT INTO S_BPARM
	VALUES ("f0e848c8-c6ba-4794-9d70-993c5461af7a",
	"f2f7277d-5b46-4382-aca0-8e16b822b623",
	'message',
	"fc579625-527e-4796-9485-440b72c36cdf",
	0);
INSERT INTO ACT_BRB
	VALUES ("190ce4d8-6601-45b1-b384-f8ac14bc5c8b",
	"f2f7277d-5b46-4382-aca0-8e16b822b623");
INSERT INTO ACT_ACT
	VALUES ("190ce4d8-6601-45b1-b384-f8ac14bc5c8b",
	'bridge',
	0,
	"00000000-0000-0000-0000-000000000000",
	"00000000-0000-0000-0000-000000000000",
	0,
	'Logging::LogSuccess',
	"d3ed73ad-b37b-41a2-a126-db748bed9483");
INSERT INTO S_BRG
	VALUES ("2133cdc0-b96a-4cfc-9e1d-492960be9480",
	"79a1a045-0b65-4c08-8ea0-7028c737f039",
	'LogTime',
	'',
	0,
	"44a2d632-3364-47ba-92ab-67ac93180b02",
	'',
	1);
INSERT INTO S_BPARM
	VALUES ("fc34038d-1b51-4101-90c0-c9a808df5466",
	"2133cdc0-b96a-4cfc-9e1d-492960be9480",
	'message',
	"fc579625-527e-4796-9485-440b72c36cdf",
	0);
INSERT INTO S_BPARM
	VALUES ("5fef5fb4-7af9-4f4b-b61d-a4c0f6e51aea",
	"2133cdc0-b96a-4cfc-9e1d-492960be9480",
	't',
	"f110c26b-e74a-47a6-bd78-09e2355d90d6",
	0);
INSERT INTO ACT_BRB
	VALUES ("3f2328e6-f347-4855-b2c5-eb2658e2f808",
	"2133cdc0-b96a-4cfc-9e1d-492960be9480");
INSERT INTO ACT_ACT
	VALUES ("3f2328e6-f347-4855-b2c5-eb2658e2f808",
	'bridge',
	0,
	"00000000-0000-0000-0000-000000000000",
	"00000000-0000-0000-0000-000000000000",
	0,
	'Logging::LogTime',
	"70077184-b6bb-4e48-90fc-b57b87567f65");
INSERT INTO S_EEIP
	VALUES ("5f7d6222-1d72-449f-bfab-5ee4cd9e52b5",
	"44f8e6b6-e7c4-4aa4-b193-c82ed7e3405f");
INSERT INTO S_EE
	VALUES ("44f8e6b6-e7c4-4aa4-b193-c82ed7e3405f",
	'Non-Volatile Storage',
	'',
	'NVS',
	"19450ed8-0d9a-4e6f-bd79-44bf244e7937");
INSERT INTO S_BRG
	VALUES ("9f4db12e-e11a-4c3f-bc4e-4e1a47db4b32",
	"44f8e6b6-e7c4-4aa4-b193-c82ed7e3405f",
	'checksum',
	'',
	0,
	"bb2aad42-e125-4543-bcd6-e4515b678378",
	'',
	1);
INSERT INTO S_BPARM
	VALUES ("bd1482ad-054d-4c2e-885d-d1f4bb106123",
	"9f4db12e-e11a-4c3f-bc4e-4e1a47db4b32",
	'first',
	"bb2aad42-e125-4543-bcd6-e4515b678378",
	0);
INSERT INTO S_BPARM
	VALUES ("6e0d68da-bea6-4255-9421-3830fda6c27d",
	"9f4db12e-e11a-4c3f-bc4e-4e1a47db4b32",
	'second',
	"bb2aad42-e125-4543-bcd6-e4515b678378",
	0);
INSERT INTO ACT_BRB
	VALUES ("a6787337-87a3-4913-acc8-88e60ba9d463",
	"9f4db12e-e11a-4c3f-bc4e-4e1a47db4b32");
INSERT INTO ACT_ACT
	VALUES ("a6787337-87a3-4913-acc8-88e60ba9d463",
	'bridge',
	0,
	"00000000-0000-0000-0000-000000000000",
	"00000000-0000-0000-0000-000000000000",
	0,
	'Non-Volatile Storage::checksum',
	"2411edae-8685-48ba-95ff-a930f4a75e6d");
INSERT INTO S_BRG
	VALUES ("113c2042-70f8-4cbc-8897-ec21a13b3b8b",
	"44f8e6b6-e7c4-4aa4-b193-c82ed7e3405f",
	'version',
	'',
	0,
	"bb2aad42-e125-4543-bcd6-e4515b678378",
	'',
	1);
INSERT INTO S_BPARM
	VALUES ("0a4b5ed9-43ea-4db6-8761-9c560e8a2503",
	"113c2042-70f8-4cbc-8897-ec21a13b3b8b",
	'first',
	"bb2aad42-e125-4543-bcd6-e4515b678378",
	0);
INSERT INTO S_BPARM
	VALUES ("100add77-495c-4f45-be8b-6eb58218e76c",
	"113c2042-70f8-4cbc-8897-ec21a13b3b8b",
	'second',
	"bb2aad42-e125-4543-bcd6-e4515b678378",
	0);
INSERT INTO ACT_BRB
	VALUES ("fb6ef76a-75f9-44f3-a60d-3b55848e5b12",
	"113c2042-70f8-4cbc-8897-ec21a13b3b8b");
INSERT INTO ACT_ACT
	VALUES ("fb6ef76a-75f9-44f3-a60d-3b55848e5b12",
	'bridge',
	0,
	"00000000-0000-0000-0000-000000000000",
	"00000000-0000-0000-0000-000000000000",
	0,
	'Non-Volatile Storage::version',
	"aa44e6ae-03d7-407a-985d-0b50e88eb992");
INSERT INTO S_BRG
	VALUES ("01948669-f088-4272-80fb-eda1d4fdf126",
	"44f8e6b6-e7c4-4aa4-b193-c82ed7e3405f",
	'update',
	'',
	0,
	"bb2aad42-e125-4543-bcd6-e4515b678378",
	'',
	1);
INSERT INTO S_BPARM
	VALUES ("6a92355f-b65e-4256-867c-d222e08ef473",
	"01948669-f088-4272-80fb-eda1d4fdf126",
	'key',
	"bb2aad42-e125-4543-bcd6-e4515b678378",
	0);
INSERT INTO S_BPARM
	VALUES ("4676654a-8b41-4d07-9dca-ac80182869e4",
	"01948669-f088-4272-80fb-eda1d4fdf126",
	'type',
	"bb2aad42-e125-4543-bcd6-e4515b678378",
	0);
INSERT INTO S_BPARM
	VALUES ("3aa4a942-3375-4312-b140-54db0e2ef700",
	"01948669-f088-4272-80fb-eda1d4fdf126",
	'pointer',
	"fc579625-527e-4796-9485-440b72c36cdf",
	0);
INSERT INTO S_BPARM
	VALUES ("bcf81e32-6a43-4136-be5e-1c2b5979c024",
	"01948669-f088-4272-80fb-eda1d4fdf126",
	'length',
	"bb2aad42-e125-4543-bcd6-e4515b678378",
	0);
INSERT INTO ACT_BRB
	VALUES ("3720eff1-23e7-4c0d-a783-50d8c56c70a6",
	"01948669-f088-4272-80fb-eda1d4fdf126");
INSERT INTO ACT_ACT
	VALUES ("3720eff1-23e7-4c0d-a783-50d8c56c70a6",
	'bridge',
	0,
	"00000000-0000-0000-0000-000000000000",
	"00000000-0000-0000-0000-000000000000",
	0,
	'Non-Volatile Storage::update',
	"a4dcf916-f04b-4f80-99c8-38692b60d601");
INSERT INTO S_BRG
	VALUES ("70b5cecc-6c6f-430b-a6dd-d0c180b1f23c",
	"44f8e6b6-e7c4-4aa4-b193-c82ed7e3405f",
	'space_used',
	'',
	0,
	"bb2aad42-e125-4543-bcd6-e4515b678378",
	'',
	1);
INSERT INTO ACT_BRB
	VALUES ("a8db5f53-dc79-4560-bbd0-410ec1a15d40",
	"70b5cecc-6c6f-430b-a6dd-d0c180b1f23c");
INSERT INTO ACT_ACT
	VALUES ("a8db5f53-dc79-4560-bbd0-410ec1a15d40",
	'bridge',
	0,
	"00000000-0000-0000-0000-000000000000",
	"00000000-0000-0000-0000-000000000000",
	0,
	'Non-Volatile Storage::space_used',
	"41d2804a-f848-4e6b-95d0-383f4be2c79d");
INSERT INTO S_BRG
	VALUES ("7281e8d1-f429-4f76-9e76-a39283a8c597",
	"44f8e6b6-e7c4-4aa4-b193-c82ed7e3405f",
	'space_total',
	'',
	0,
	"bb2aad42-e125-4543-bcd6-e4515b678378",
	'',
	1);
INSERT INTO ACT_BRB
	VALUES ("2079caa6-99ff-4b6b-9610-a661a64839c8",
	"7281e8d1-f429-4f76-9e76-a39283a8c597");
INSERT INTO ACT_ACT
	VALUES ("2079caa6-99ff-4b6b-9610-a661a64839c8",
	'bridge',
	0,
	"00000000-0000-0000-0000-000000000000",
	"00000000-0000-0000-0000-000000000000",
	0,
	'Non-Volatile Storage::space_total',
	"a2d006fc-b078-4e9b-b4aa-f12d904bd7ea");
INSERT INTO S_BRG
	VALUES ("940de862-2cd8-4cd1-a49d-a37fb78fdb24",
	"44f8e6b6-e7c4-4aa4-b193-c82ed7e3405f",
	'space_available',
	'',
	0,
	"bb2aad42-e125-4543-bcd6-e4515b678378",
	'',
	1);
INSERT INTO ACT_BRB
	VALUES ("b9e0a060-3d0d-4ec5-af31-8b4886a01ddb",
	"940de862-2cd8-4cd1-a49d-a37fb78fdb24");
INSERT INTO ACT_ACT
	VALUES ("b9e0a060-3d0d-4ec5-af31-8b4886a01ddb",
	'bridge',
	0,
	"00000000-0000-0000-0000-000000000000",
	"00000000-0000-0000-0000-000000000000",
	0,
	'Non-Volatile Storage::space_available',
	"c6a06270-2445-4c86-88ad-0f825d5cb734");
INSERT INTO S_BRG
	VALUES ("32344d42-f51d-49bd-8d9c-6a518066f723",
	"44f8e6b6-e7c4-4aa4-b193-c82ed7e3405f",
	'select',
	'',
	0,
	"bb2aad42-e125-4543-bcd6-e4515b678378",
	'',
	1);
INSERT INTO S_BPARM
	VALUES ("608020bd-8341-43b8-b5e6-65852ad2d5ed",
	"32344d42-f51d-49bd-8d9c-6a518066f723",
	'key',
	"bb2aad42-e125-4543-bcd6-e4515b678378",
	0);
INSERT INTO S_BPARM
	VALUES ("822c7eb7-8704-43d2-bab0-9e4224846bf6",
	"32344d42-f51d-49bd-8d9c-6a518066f723",
	'type',
	"bb2aad42-e125-4543-bcd6-e4515b678378",
	0);
INSERT INTO S_BPARM
	VALUES ("bdc7bc62-fde9-43d7-9a0a-d364328c2e7c",
	"32344d42-f51d-49bd-8d9c-6a518066f723",
	'pointer',
	"fc579625-527e-4796-9485-440b72c36cdf",
	0);
INSERT INTO S_BPARM
	VALUES ("561c5646-0421-42c2-af94-38828c284248",
	"32344d42-f51d-49bd-8d9c-6a518066f723",
	'length',
	"bb2aad42-e125-4543-bcd6-e4515b678378",
	0);
INSERT INTO ACT_BRB
	VALUES ("fef23230-9c65-49bc-a8c2-265de7dedfc0",
	"32344d42-f51d-49bd-8d9c-6a518066f723");
INSERT INTO ACT_ACT
	VALUES ("fef23230-9c65-49bc-a8c2-265de7dedfc0",
	'bridge',
	0,
	"00000000-0000-0000-0000-000000000000",
	"00000000-0000-0000-0000-000000000000",
	0,
	'Non-Volatile Storage::select',
	"ba93c7f3-e011-4386-939b-4d2a7c808b50");
INSERT INTO S_BRG
	VALUES ("9a80aa50-5982-4b01-94ed-51c6e6efd2f9",
	"44f8e6b6-e7c4-4aa4-b193-c82ed7e3405f",
	'remove',
	'',
	0,
	"bb2aad42-e125-4543-bcd6-e4515b678378",
	'',
	1);
INSERT INTO S_BPARM
	VALUES ("7616928f-74cf-417c-bbc0-42c48c6f23ec",
	"9a80aa50-5982-4b01-94ed-51c6e6efd2f9",
	'key',
	"bb2aad42-e125-4543-bcd6-e4515b678378",
	0);
INSERT INTO S_BPARM
	VALUES ("0e17d521-9458-411e-b2d3-cf77d51cd8bb",
	"9a80aa50-5982-4b01-94ed-51c6e6efd2f9",
	'type',
	"bb2aad42-e125-4543-bcd6-e4515b678378",
	0);
INSERT INTO S_BPARM
	VALUES ("9015f7ca-6ba5-43d2-938b-79f21319ed7c",
	"9a80aa50-5982-4b01-94ed-51c6e6efd2f9",
	'pointer',
	"fc579625-527e-4796-9485-440b72c36cdf",
	0);
INSERT INTO S_BPARM
	VALUES ("bf59aa57-af3f-4c60-8f9e-c5db7cc63f05",
	"9a80aa50-5982-4b01-94ed-51c6e6efd2f9",
	'length',
	"bb2aad42-e125-4543-bcd6-e4515b678378",
	0);
INSERT INTO ACT_BRB
	VALUES ("4fbc5309-b145-4e85-ac78-d73802823777",
	"9a80aa50-5982-4b01-94ed-51c6e6efd2f9");
INSERT INTO ACT_ACT
	VALUES ("4fbc5309-b145-4e85-ac78-d73802823777",
	'bridge',
	0,
	"00000000-0000-0000-0000-000000000000",
	"00000000-0000-0000-0000-000000000000",
	0,
	'Non-Volatile Storage::remove',
	"9e76335d-a344-4850-8421-41b65f0eb0bb");
INSERT INTO S_BRG
	VALUES ("22b188d9-d2eb-4c07-b2d0-e9f7342f72f9",
	"44f8e6b6-e7c4-4aa4-b193-c82ed7e3405f",
	'next',
	'',
	0,
	"bb2aad42-e125-4543-bcd6-e4515b678378",
	'',
	1);
INSERT INTO S_BPARM
	VALUES ("7811f449-d4b4-4ba7-b182-f2cee4314a21",
	"22b188d9-d2eb-4c07-b2d0-e9f7342f72f9",
	'key',
	"bb2aad42-e125-4543-bcd6-e4515b678378",
	0);
INSERT INTO S_BPARM
	VALUES ("e3c53de8-2da5-4a3e-bec4-460548dd861b",
	"22b188d9-d2eb-4c07-b2d0-e9f7342f72f9",
	'type',
	"bb2aad42-e125-4543-bcd6-e4515b678378",
	0);
INSERT INTO S_BPARM
	VALUES ("1537ff60-167e-4cee-9fe1-74b72a30ada5",
	"22b188d9-d2eb-4c07-b2d0-e9f7342f72f9",
	'pointer',
	"fc579625-527e-4796-9485-440b72c36cdf",
	0);
INSERT INTO S_BPARM
	VALUES ("51cf381b-b4b5-4f8b-a33e-58f78a4e734d",
	"22b188d9-d2eb-4c07-b2d0-e9f7342f72f9",
	'length',
	"bb2aad42-e125-4543-bcd6-e4515b678378",
	0);
INSERT INTO ACT_BRB
	VALUES ("d8f929f8-b399-4bad-a08d-4b5405936ea0",
	"22b188d9-d2eb-4c07-b2d0-e9f7342f72f9");
INSERT INTO ACT_ACT
	VALUES ("d8f929f8-b399-4bad-a08d-4b5405936ea0",
	'bridge',
	0,
	"00000000-0000-0000-0000-000000000000",
	"00000000-0000-0000-0000-000000000000",
	0,
	'Non-Volatile Storage::next',
	"61524ae6-4997-415b-aa9c-21f01c5736bb");
INSERT INTO S_BRG
	VALUES ("0134da72-c4f1-4e3d-b02f-6d87975dc547",
	"44f8e6b6-e7c4-4aa4-b193-c82ed7e3405f",
	'insert',
	'',
	0,
	"bb2aad42-e125-4543-bcd6-e4515b678378",
	'',
	1);
INSERT INTO S_BPARM
	VALUES ("74f2d5cf-d470-422e-8737-233ee74d47d9",
	"0134da72-c4f1-4e3d-b02f-6d87975dc547",
	'key',
	"bb2aad42-e125-4543-bcd6-e4515b678378",
	0);
INSERT INTO S_BPARM
	VALUES ("498c106f-ece9-457e-b3ba-ccfcb6d72296",
	"0134da72-c4f1-4e3d-b02f-6d87975dc547",
	'type',
	"bb2aad42-e125-4543-bcd6-e4515b678378",
	0);
INSERT INTO S_BPARM
	VALUES ("f49adbd7-1f45-4fc4-aa12-2b5be65fb95d",
	"0134da72-c4f1-4e3d-b02f-6d87975dc547",
	'pointer',
	"fc579625-527e-4796-9485-440b72c36cdf",
	0);
INSERT INTO S_BPARM
	VALUES ("b8e41d46-99e7-49a2-9a07-a056fbd2706c",
	"0134da72-c4f1-4e3d-b02f-6d87975dc547",
	'length',
	"bb2aad42-e125-4543-bcd6-e4515b678378",
	0);
INSERT INTO ACT_BRB
	VALUES ("c12d9ca3-732f-4d89-8688-5938422633cc",
	"0134da72-c4f1-4e3d-b02f-6d87975dc547");
INSERT INTO ACT_ACT
	VALUES ("c12d9ca3-732f-4d89-8688-5938422633cc",
	'bridge',
	0,
	"00000000-0000-0000-0000-000000000000",
	"00000000-0000-0000-0000-000000000000",
	0,
	'Non-Volatile Storage::insert',
	"254e2309-2719-4a72-b2fc-740e09824f3b");
INSERT INTO S_BRG
	VALUES ("038f2ed7-85ee-43ad-9c65-0e0efd1ca491",
	"44f8e6b6-e7c4-4aa4-b193-c82ed7e3405f",
	'initialize',
	'',
	0,
	"bb2aad42-e125-4543-bcd6-e4515b678378",
	'',
	1);
INSERT INTO ACT_BRB
	VALUES ("79fdfbfc-ed5d-4db4-9e9d-a818f80f436e",
	"038f2ed7-85ee-43ad-9c65-0e0efd1ca491");
INSERT INTO ACT_ACT
	VALUES ("79fdfbfc-ed5d-4db4-9e9d-a818f80f436e",
	'bridge',
	0,
	"00000000-0000-0000-0000-000000000000",
	"00000000-0000-0000-0000-000000000000",
	0,
	'Non-Volatile Storage::initialize',
	"1ef804cb-8bf5-4eb5-88df-871d75293084");
INSERT INTO S_BRG
	VALUES ("bb989ef5-76d7-438b-a61a-6e97bd466e74",
	"44f8e6b6-e7c4-4aa4-b193-c82ed7e3405f",
	'format',
	'',
	0,
	"bb2aad42-e125-4543-bcd6-e4515b678378",
	'',
	1);
INSERT INTO ACT_BRB
	VALUES ("f18ff4c4-ce58-4883-8838-d704ca0ad323",
	"bb989ef5-76d7-438b-a61a-6e97bd466e74");
INSERT INTO ACT_ACT
	VALUES ("f18ff4c4-ce58-4883-8838-d704ca0ad323",
	'bridge',
	0,
	"00000000-0000-0000-0000-000000000000",
	"00000000-0000-0000-0000-000000000000",
	0,
	'Non-Volatile Storage::format',
	"dd741bf9-745d-4b6f-ae85-39bfcfc983a6");
INSERT INTO S_BRG
	VALUES ("3ebafb76-e468-4586-b81e-13cf702303c0",
	"44f8e6b6-e7c4-4aa4-b193-c82ed7e3405f",
	'defrag',
	'',
	0,
	"bb2aad42-e125-4543-bcd6-e4515b678378",
	'',
	1);
INSERT INTO ACT_BRB
	VALUES ("f38c9c85-8821-4a66-8cf8-d54b0da2893d",
	"3ebafb76-e468-4586-b81e-13cf702303c0");
INSERT INTO ACT_ACT
	VALUES ("f38c9c85-8821-4a66-8cf8-d54b0da2893d",
	'bridge',
	0,
	"00000000-0000-0000-0000-000000000000",
	"00000000-0000-0000-0000-000000000000",
	0,
	'Non-Volatile Storage::defrag',
	"7f339f2e-e3e4-4fea-9be1-23d86d6642c6");
INSERT INTO S_EEIP
	VALUES ("5f7d6222-1d72-449f-bfab-5ee4cd9e52b5",
	"dba82b55-4b2e-4174-8deb-97192e7e437f");
INSERT INTO S_EE
	VALUES ("dba82b55-4b2e-4174-8deb-97192e7e437f",
	'Outside World',
	'',
	'OW',
	"19450ed8-0d9a-4e6f-bd79-44bf244e7937");
INSERT INTO S_BRG
	VALUES ("c5ce7c7b-b470-45da-92e3-75c7feb9bea9",
	"dba82b55-4b2e-4174-8deb-97192e7e437f",
	'checkDataEEByVal',
	'',
	0,
	"f3b22070-8f46-4382-baa9-be5973b56db4",
	'// Read SDT data
if ( param.data.a_integer == 1 )
  LOG::LogSuccess( message: "Successful read of SDT int member in pass-by-val bridge operation." );
else
  LOG::LogFailure( message: "Unsuccessful read of SDT int member in pass-by-val bridge operation." );
  ::failedChecksTest();
end if;
if ( param.data.a_boolean == true )
  LOG::LogSuccess( message: "Successful read of SDT boolean member in pass-by-val bridge operation." );
else
  LOG::LogFailure( message: "Unsuccessful read of SDT boolean member in pass-by-val bridge operation." );
  ::failedChecksTest();
end if;
if ( param.data.a_date == TIM::current_date() )
  LOG::LogSuccess( message: "Successful read of SDT date member in pass-by-val bridge operation." );
else
  LOG::LogFailure( message: "Unsuccessful read of SDT date member in pass-by-val bridge operation." );
  ::failedChecksTest();
end if;
if ( param.data.a_real == 1.0 )
  LOG::LogSuccess( message: "Successful read of SDT real member in pass-by-val bridge operation." );
else
  LOG::LogFailure( message: "Unsuccessful read of SDT real member in pass-by-val bridge operation." );
  ::failedChecksTest();
end if;
if ( param.data.a_string == "myData" )
  LOG::LogSuccess( message: "Successful read of SDT string member in pass-by-val bridge operation." );
else
  LOG::LogFailure( message: "Unsuccessful read of SDT string member in pass-by-val bridge operation." );
  ::failedChecksTest();
end if;
if ( param.data.a_timestamp < TIM::current_clock() )
  LOG::LogSuccess( message: "Successful read of SDT timestamp member in pass-by-val bridge operation." );
else
  LOG::LogFailure( message: "Unsuccessful read of SDT timestamp member in pass-by-val bridge operation." );
  ::failedChecksTest();
end if;

localData = param.data;
return localData;',
	1);
INSERT INTO S_BPARM
	VALUES ("e58d4885-423f-41ed-9631-893a56555737",
	"c5ce7c7b-b470-45da-92e3-75c7feb9bea9",
	'data',
	"f3b22070-8f46-4382-baa9-be5973b56db4",
	0);
INSERT INTO ACT_BRB
	VALUES ("e2fc4ea2-afec-42ab-9df1-2de993c8d2f6",
	"c5ce7c7b-b470-45da-92e3-75c7feb9bea9");
INSERT INTO ACT_ACT
	VALUES ("e2fc4ea2-afec-42ab-9df1-2de993c8d2f6",
	'bridge',
	0,
	"00000000-0000-0000-0000-000000000000",
	"00000000-0000-0000-0000-000000000000",
	0,
	'Outside World::checkDataEEByVal',
	"e3601c3f-2633-4324-b0c6-708db903c4da");
INSERT INTO S_BRG
	VALUES ("54ca9da1-25d6-4a0d-b004-1eda3a55ee34",
	"dba82b55-4b2e-4174-8deb-97192e7e437f",
	'checkDataEEByRef',
	'',
	0,
	"f3b22070-8f46-4382-baa9-be5973b56db4",
	'// Read SDT data
if ( param.data.a_integer == 1 )
  LOG::LogSuccess( message: "Successful read of SDT int member in pass-by-ref bridge operation." );
else
  LOG::LogFailure( message: "Unsuccessful read of SDT int member in pass-by-ref bridge operation." );
  ::failedChecksTest();
end if;
if ( param.data.a_boolean == true )
  LOG::LogSuccess( message: "Successful read of SDT boolean member in pass-by-ref bridge operation." );
else
  LOG::LogFailure( message: "Unsuccessful read of SDT boolean member in pass-by-ref bridge operation." );
  ::failedChecksTest();
end if;
if ( param.data.a_date == TIM::current_date() )
  LOG::LogSuccess( message: "Successful read of SDT date member in pass-by-ref bridge operation." );
else
  LOG::LogFailure( message: "Unsuccessful read of SDT date member in pass-by-ref bridge operation." );
  ::failedChecksTest();
end if;
if ( param.data.a_real == 1.0 )
  LOG::LogSuccess( message: "Successful read of SDT real member in pass-by-ref bridge operation." );
else
  LOG::LogFailure( message: "Unsuccessful read of SDT real member in pass-by-ref bridge operation." );
  ::failedChecksTest();
end if;
if ( param.data.a_string == "myData" )
  LOG::LogSuccess( message: "Successful read of SDT string member in pass-by-ref bridge operation." );
else
  LOG::LogFailure( message: "Unsuccessful read of SDT string member in pass-by-ref bridge operation." );
  ::failedChecksTest();
end if;
if ( param.data.a_timestamp < TIM::current_clock() )
  LOG::LogSuccess( message: "Successful read of SDT timestamp member in pass-by-ref bridge operation." );
else
  LOG::LogFailure( message: "Unsuccessful read of SDT timestamp member in pass-by-ref bridge operation." );
  ::failedChecksTest();
end if;
localData = param.data; 
return localData;',
	1);
INSERT INTO S_BPARM
	VALUES ("4559b87c-5003-43c5-8b7d-e5605a2a2cd3",
	"54ca9da1-25d6-4a0d-b004-1eda3a55ee34",
	'data',
	"f3b22070-8f46-4382-baa9-be5973b56db4",
	1);
INSERT INTO ACT_BRB
	VALUES ("2097fff4-dbe0-4cf0-a78f-0351cdd91881",
	"54ca9da1-25d6-4a0d-b004-1eda3a55ee34");
INSERT INTO ACT_ACT
	VALUES ("2097fff4-dbe0-4cf0-a78f-0351cdd91881",
	'bridge',
	0,
	"00000000-0000-0000-0000-000000000000",
	"00000000-0000-0000-0000-000000000000",
	0,
	'Outside World::checkDataEEByRef',
	"1208cc5c-4b2f-4ce4-b1e4-078dc41dbbd5");
INSERT INTO S_FPK
	VALUES ("37769271-2aa6-40bd-ab34-a4f438e6328d",
	'Functions',
	"19450ed8-0d9a-4e6f-bd79-44bf244e7937",
	"00000000-0000-0000-0000-000000000000");
INSERT INTO GD_MD
	VALUES ("76d27ad7-a254-4ef3-8e69-372e96be53e6",
	101,
	"37769271-2aa6-40bd-ab34-a4f438e6328d",
	54,
	0,
	0,
	1,
	1,
	1,
	12,
	1,
	0,
	0,
	0,
	0,
	0);
INSERT INTO DIM_DIA
	VALUES ("76d27ad7-a254-4ef3-8e69-372e96be53e6",
	'',
	1.000000,
	4000.000000,
	3000.000000,
	"00000000-0000-0000-0000-000000000000");
INSERT INTO S_FIP
	VALUES ("37769271-2aa6-40bd-ab34-a4f438e6328d",
	"9b70953e-6441-49f4-ba1f-34276354fd06");
INSERT INTO S_SYNC
	VALUES ("9b70953e-6441-49f4-ba1f-34276354fd06",
	"19450ed8-0d9a-4e6f-bd79-44bf244e7937",
	'setup',
	'',
	'//
// Check to see if any instances are already here.
// This would mean that we have restored from NVS
// or that preexisting instances were defined in data.
//

select any p from instances of P;

if( empty p )

  // Initialize
  LOG::LogInfo( message:"Did not find any PEI data, initializing NVS" );
  i = NVS::format();
  if( i != 0 )
    LOG::LogFailure( message:"Error formatting the NVS." );
  end if;
  i = NVS::version( first:1, second:2 );
  i =  NVS::checksum( first:1, second:2 );

  // Parents and their life
  create object instance p1 of P;
  assign p1.family.father = "Calvin''s Dad";
  assign p1.family.mother = "Calvin''s Mom";

  // assign a pet
  assign p1.family.Pets.name = "Garfield";
  assign p1.family.Pets.PetType = PetType::cat;
  assign p1.family.Pets.CareGiver = p1.family.mother;
  
  // Non-themed test class
  create object instance c1 of CHK;

  // Test control
  create object instance t1 of TC;

  // Commit everything
  i = PERSIST::commit();
  if( i != 0 )
    LOG::LogFailure( message:"Error commiting persistence information. Error code:" );
    LOG::LogInteger( message:i );
  end if;
else
  LOG::LogInfo( message:"Found PEI data." );
end if;',
	"44a2d632-3364-47ba-92ab-67ac93180b02",
	1);
INSERT INTO ACT_FNB
	VALUES ("1747c169-2c9c-4c54-a8a8-c6b63a4a2ddd",
	"9b70953e-6441-49f4-ba1f-34276354fd06");
INSERT INTO ACT_ACT
	VALUES ("1747c169-2c9c-4c54-a8a8-c6b63a4a2ddd",
	'function',
	0,
	"70df0b03-931c-42d8-99e3-3eaf5c867846",
	"00000000-0000-0000-0000-000000000000",
	0,
	'setup',
	"da6fe416-2a4f-4c1a-85ee-340129113153");
INSERT INTO ACT_BLK
	VALUES ("70df0b03-931c-42d8-99e3-3eaf5c867846",
	1,
	0,
	0,
	'',
	'',
	'',
	42,
	1,
	7,
	32,
	0,
	0,
	0,
	0,
	0,
	0,
	0,
	0,
	0,
	"1747c169-2c9c-4c54-a8a8-c6b63a4a2ddd",
	"00000000-0000-0000-0000-000000000000");
INSERT INTO ACT_SMT
	VALUES ("216526c8-25a1-4373-bcd5-4579949a85d0",
	"70df0b03-931c-42d8-99e3-3eaf5c867846",
	"6de66c7f-a1e3-4659-9ede-313d75c8c7fe",
	7,
	1,
	'setup line: 7');
INSERT INTO ACT_FIO
	VALUES ("216526c8-25a1-4373-bcd5-4579949a85d0",
	"4f4517b3-8b1e-4669-884b-402fddfe4e37",
	1,
	'any',
	"ab3149b0-65f7-45e0-bc10-1da36539c13c",
	7,
	32);
INSERT INTO ACT_SMT
	VALUES ("6de66c7f-a1e3-4659-9ede-313d75c8c7fe",
	"70df0b03-931c-42d8-99e3-3eaf5c867846",
	"00000000-0000-0000-0000-000000000000",
	9,
	1,
	'setup line: 9');
INSERT INTO ACT_IF
	VALUES ("6de66c7f-a1e3-4659-9ede-313d75c8c7fe",
	"b5d5c280-7d72-4307-9e23-24a98bfa174c",
	"cdd49319-cb4b-4905-bd93-41b9d046879e",
	"00000000-0000-0000-0000-000000000000",
	"00000000-0000-0000-0000-000000000000");
INSERT INTO ACT_SMT
	VALUES ("7035364b-629c-4838-a0c1-35e1b65cbeca",
	"70df0b03-931c-42d8-99e3-3eaf5c867846",
	"00000000-0000-0000-0000-000000000000",
	42,
	1,
	'setup line: 42');
INSERT INTO ACT_E
	VALUES ("7035364b-629c-4838-a0c1-35e1b65cbeca",
	"6b311521-16bb-48e7-9253-b47bd4aa1322",
	"6de66c7f-a1e3-4659-9ede-313d75c8c7fe");
INSERT INTO V_VAL
	VALUES ("16dff94e-f26d-4203-b180-b872faa40219",
	0,
	0,
	9,
	11,
	11,
	0,
	0,
	0,
	0,
	"20c3d26c-5e67-43bd-be8d-beb207103f81",
	"70df0b03-931c-42d8-99e3-3eaf5c867846");
INSERT INTO V_IRF
	VALUES ("16dff94e-f26d-4203-b180-b872faa40219",
	"4f4517b3-8b1e-4669-884b-402fddfe4e37");
INSERT INTO V_VAL
	VALUES ("cdd49319-cb4b-4905-bd93-41b9d046879e",
	0,
	0,
	-1,
	-1,
	-1,
	0,
	0,
	0,
	0,
	"ed855afe-b773-4348-9030-494350c96719",
	"70df0b03-931c-42d8-99e3-3eaf5c867846");
INSERT INTO V_UNY
	VALUES ("cdd49319-cb4b-4905-bd93-41b9d046879e",
	"16dff94e-f26d-4203-b180-b872faa40219",
	'empty');
INSERT INTO V_VAR
	VALUES ("4f4517b3-8b1e-4669-884b-402fddfe4e37",
	"70df0b03-931c-42d8-99e3-3eaf5c867846",
	'p',
	1);
INSERT INTO V_INT
	VALUES ("4f4517b3-8b1e-4669-884b-402fddfe4e37",
	0,
	"ab3149b0-65f7-45e0-bc10-1da36539c13c");
INSERT INTO V_LOC
	VALUES ("d98b26f0-c066-41b7-bb72-95070d7efd26",
	7,
	12,
	12,
	"4f4517b3-8b1e-4669-884b-402fddfe4e37");
INSERT INTO ACT_BLK
	VALUES ("b5d5c280-7d72-4307-9e23-24a98bfa174c",
	0,
	0,
	0,
	'PERSIST',
	'',
	'',
	38,
	3,
	37,
	7,
	0,
	0,
	0,
	0,
	0,
	0,
	27,
	35,
	0,
	"1747c169-2c9c-4c54-a8a8-c6b63a4a2ddd",
	"00000000-0000-0000-0000-000000000000");
INSERT INTO ACT_SMT
	VALUES ("c69074b0-099e-45a1-ba23-2047c05138a5",
	"b5d5c280-7d72-4307-9e23-24a98bfa174c",
	"f517e093-1ddc-4afa-89dd-724b32ebc90d",
	12,
	3,
	'setup line: 12');
INSERT INTO ACT_BRG
	VALUES ("c69074b0-099e-45a1-ba23-2047c05138a5",
	"94897082-984b-4338-8280-6abeca4951a1",
	12,
	8,
	12,
	3);
INSERT INTO ACT_SMT
	VALUES ("f517e093-1ddc-4afa-89dd-724b32ebc90d",
	"b5d5c280-7d72-4307-9e23-24a98bfa174c",
	"95983c70-b5d4-4a5c-89db-3adef4cab461",
	13,
	3,
	'setup line: 13');
INSERT INTO ACT_AI
	VALUES ("f517e093-1ddc-4afa-89dd-724b32ebc90d",
	"79e0de7b-5bfb-4913-ba5b-f27f824ba817",
	"9e05dafd-22a3-4ce0-8862-dc0775cc60ac",
	0,
	0);
INSERT INTO ACT_SMT
	VALUES ("95983c70-b5d4-4a5c-89db-3adef4cab461",
	"b5d5c280-7d72-4307-9e23-24a98bfa174c",
	"247afbb6-a202-438b-b2ef-d04a2a1ee428",
	14,
	3,
	'setup line: 14');
INSERT INTO ACT_IF
	VALUES ("95983c70-b5d4-4a5c-89db-3adef4cab461",
	"03beea76-e5cd-49e7-bf62-8adea23852ec",
	"7f5c11a8-5d65-43ac-8c98-4de5071e23b4",
	"00000000-0000-0000-0000-000000000000",
	"00000000-0000-0000-0000-000000000000");
INSERT INTO ACT_SMT
	VALUES ("247afbb6-a202-438b-b2ef-d04a2a1ee428",
	"b5d5c280-7d72-4307-9e23-24a98bfa174c",
	"e1ceb909-eeeb-4fef-94a9-44ef153e7081",
	17,
	3,
	'setup line: 17');
INSERT INTO ACT_AI
	VALUES ("247afbb6-a202-438b-b2ef-d04a2a1ee428",
	"a36f8f64-5c2b-493a-9dca-41827cd599be",
	"a476a988-f68e-44e5-82ac-27e3cae05a1b",
	0,
	0);
INSERT INTO ACT_SMT
	VALUES ("e1ceb909-eeeb-4fef-94a9-44ef153e7081",
	"b5d5c280-7d72-4307-9e23-24a98bfa174c",
	"2219b0a2-c284-495b-b26e-2cb1a07a14bd",
	18,
	3,
	'setup line: 18');
INSERT INTO ACT_AI
	VALUES ("e1ceb909-eeeb-4fef-94a9-44ef153e7081",
	"a03760c9-3fdb-4501-8c52-947b2e93362d",
	"8f9d5351-afd6-4fb9-80b8-1fdd8fce8376",
	0,
	0);
INSERT INTO ACT_SMT
	VALUES ("2219b0a2-c284-495b-b26e-2cb1a07a14bd",
	"b5d5c280-7d72-4307-9e23-24a98bfa174c",
	"46aec647-3e62-43ea-8630-f04aa90a9586",
	21,
	3,
	'setup line: 21');
INSERT INTO ACT_CR
	VALUES ("2219b0a2-c284-495b-b26e-2cb1a07a14bd",
	"cccee606-743f-49f0-83bc-63f9b9130415",
	1,
	"ab3149b0-65f7-45e0-bc10-1da36539c13c",
	21,
	32);
INSERT INTO ACT_SMT
	VALUES ("46aec647-3e62-43ea-8630-f04aa90a9586",
	"b5d5c280-7d72-4307-9e23-24a98bfa174c",
	"ec431361-e9a8-473b-a985-d656a21d0142",
	22,
	13,
	'setup line: 22');
INSERT INTO ACT_AI
	VALUES ("46aec647-3e62-43ea-8630-f04aa90a9586",
	"8b9ee002-6e1c-4a52-ad5c-92b2312f09d7",
	"27efc273-e654-41a8-9db1-8d343cec0b6f",
	22,
	20);
INSERT INTO ACT_SMT
	VALUES ("ec431361-e9a8-473b-a985-d656a21d0142",
	"b5d5c280-7d72-4307-9e23-24a98bfa174c",
	"6df5e8e9-7337-446b-897c-b02456850b47",
	23,
	13,
	'setup line: 23');
INSERT INTO ACT_AI
	VALUES ("ec431361-e9a8-473b-a985-d656a21d0142",
	"1c6cb913-fd66-4709-b1f1-9df009d8f14a",
	"68bcafd7-a78a-4b83-94b5-1fc12e73e62d",
	23,
	20);
INSERT INTO ACT_SMT
	VALUES ("6df5e8e9-7337-446b-897c-b02456850b47",
	"b5d5c280-7d72-4307-9e23-24a98bfa174c",
	"c1c136a6-2734-451d-8d0d-a6ad2013fa2a",
	26,
	20,
	'setup line: 26');
INSERT INTO ACT_AI
	VALUES ("6df5e8e9-7337-446b-897c-b02456850b47",
	"5a21fec6-91f7-46c8-b56a-39ae4da1902b",
	"2aab610c-68c8-4b3b-86b0-19118eb72424",
	26,
	25);
INSERT INTO ACT_SMT
	VALUES ("c1c136a6-2734-451d-8d0d-a6ad2013fa2a",
	"b5d5c280-7d72-4307-9e23-24a98bfa174c",
	"4c99f251-498b-43e7-b9a1-d3ea9e3eb551",
	27,
	20,
	'setup line: 27');
INSERT INTO ACT_AI
	VALUES ("c1c136a6-2734-451d-8d0d-a6ad2013fa2a",
	"6e562181-8df8-4fff-8c57-d016d17c510c",
	"d16370b5-83ea-4f59-b0bc-87706e2a396a",
	27,
	25);
INSERT INTO ACT_SMT
	VALUES ("4c99f251-498b-43e7-b9a1-d3ea9e3eb551",
	"b5d5c280-7d72-4307-9e23-24a98bfa174c",
	"d8939fbc-06be-48c7-aa6c-e730551bf5d3",
	28,
	20,
	'setup line: 28');
INSERT INTO ACT_AI
	VALUES ("4c99f251-498b-43e7-b9a1-d3ea9e3eb551",
	"2f8ff0d7-5d5a-405d-a31f-284ce3c4fbff",
	"9d1e7f87-0073-4ef0-bb9c-a39a22bf81ba",
	28,
	25);
INSERT INTO ACT_SMT
	VALUES ("d8939fbc-06be-48c7-aa6c-e730551bf5d3",
	"b5d5c280-7d72-4307-9e23-24a98bfa174c",
	"414f88d2-280f-4542-bf81-43f7a10da88e",
	31,
	3,
	'setup line: 31');
INSERT INTO ACT_CR
	VALUES ("d8939fbc-06be-48c7-aa6c-e730551bf5d3",
	"0ef7cfff-2b0f-411f-98d8-394f3047af27",
	1,
	"6d1350c3-a10b-4768-8428-c063129f13a9",
	31,
	32);
INSERT INTO ACT_SMT
	VALUES ("414f88d2-280f-4542-bf81-43f7a10da88e",
	"b5d5c280-7d72-4307-9e23-24a98bfa174c",
	"bdc34398-5951-407c-b5a5-f1c8c42f7349",
	34,
	3,
	'setup line: 34');
INSERT INTO ACT_CR
	VALUES ("414f88d2-280f-4542-bf81-43f7a10da88e",
	"afb596cd-5085-49a3-8d37-df27a5941208",
	1,
	"707dd381-c134-49c4-8966-571a9df5c852",
	34,
	32);
INSERT INTO ACT_SMT
	VALUES ("bdc34398-5951-407c-b5a5-f1c8c42f7349",
	"b5d5c280-7d72-4307-9e23-24a98bfa174c",
	"04868327-9460-46b8-8b91-4b3e4cb02daa",
	37,
	3,
	'setup line: 37');
INSERT INTO ACT_AI
	VALUES ("bdc34398-5951-407c-b5a5-f1c8c42f7349",
	"1a700ee7-0e19-46c9-8f14-e8e540599a4f",
	"eb43512d-3f98-4469-9137-266ddbbf2e14",
	0,
	0);
INSERT INTO ACT_SMT
	VALUES ("04868327-9460-46b8-8b91-4b3e4cb02daa",
	"b5d5c280-7d72-4307-9e23-24a98bfa174c",
	"00000000-0000-0000-0000-000000000000",
	38,
	3,
	'setup line: 38');
INSERT INTO ACT_IF
	VALUES ("04868327-9460-46b8-8b91-4b3e4cb02daa",
	"c1647347-f6f2-40ff-90ea-943ed622b00f",
	"1e10ddbf-8fe2-433e-9d40-d9200d72e3ac",
	"00000000-0000-0000-0000-000000000000",
	"00000000-0000-0000-0000-000000000000");
INSERT INTO V_VAL
	VALUES ("6a098043-05ae-4167-938a-b2d368386dba",
	0,
	0,
	12,
	25,
	68,
	0,
	0,
	0,
	0,
	"fc579625-527e-4796-9485-440b72c36cdf",
	"b5d5c280-7d72-4307-9e23-24a98bfa174c");
INSERT INTO V_LST
	VALUES ("6a098043-05ae-4167-938a-b2d368386dba",
	'Did not find any PEI data, initializing NVS');
INSERT INTO V_PAR
	VALUES ("6a098043-05ae-4167-938a-b2d368386dba",
	"c69074b0-099e-45a1-ba23-2047c05138a5",
	"00000000-0000-0000-0000-000000000000",
	'message',
	"00000000-0000-0000-0000-000000000000",
	12,
	17);
INSERT INTO V_VAL
	VALUES ("79e0de7b-5bfb-4913-ba5b-f27f824ba817",
	0,
	0,
	13,
	12,
	-1,
	0,
	0,
	0,
	0,
	"bb2aad42-e125-4543-bcd6-e4515b678378",
	"b5d5c280-7d72-4307-9e23-24a98bfa174c");
INSERT INTO V_BRV
	VALUES ("79e0de7b-5bfb-4913-ba5b-f27f824ba817",
	"bb989ef5-76d7-438b-a61a-6e97bd466e74",
	1,
	13,
	7);
INSERT INTO V_VAL
	VALUES ("9e05dafd-22a3-4ce0-8862-dc0775cc60ac",
	0,
	1,
	13,
	3,
	3,
	0,
	0,
	0,
	0,
	"00000000-0000-0000-0000-000000000000",
	"b5d5c280-7d72-4307-9e23-24a98bfa174c");
INSERT INTO V_TVL
	VALUES ("9e05dafd-22a3-4ce0-8862-dc0775cc60ac",
	"ac118f00-dc6e-4dd1-bba7-8216c041762b");
INSERT INTO V_VAL
	VALUES ("abcee12a-945c-492a-a562-a707f8b9f02d",
	0,
	0,
	14,
	7,
	7,
	0,
	0,
	0,
	0,
	"bb2aad42-e125-4543-bcd6-e4515b678378",
	"b5d5c280-7d72-4307-9e23-24a98bfa174c");
INSERT INTO V_TVL
	VALUES ("abcee12a-945c-492a-a562-a707f8b9f02d",
	"ac118f00-dc6e-4dd1-bba7-8216c041762b");
INSERT INTO V_VAL
	VALUES ("7f5c11a8-5d65-43ac-8c98-4de5071e23b4",
	0,
	0,
	-1,
	-1,
	-1,
	0,
	0,
	0,
	0,
	"ed855afe-b773-4348-9030-494350c96719",
	"b5d5c280-7d72-4307-9e23-24a98bfa174c");
INSERT INTO V_BIN
	VALUES ("7f5c11a8-5d65-43ac-8c98-4de5071e23b4",
	"a92bd528-c573-44ef-bf12-4e2110fa3139",
	"abcee12a-945c-492a-a562-a707f8b9f02d",
	'!=');
INSERT INTO V_VAL
	VALUES ("a92bd528-c573-44ef-bf12-4e2110fa3139",
	0,
	0,
	14,
	12,
	12,
	0,
	0,
	0,
	0,
	"bb2aad42-e125-4543-bcd6-e4515b678378",
	"b5d5c280-7d72-4307-9e23-24a98bfa174c");
INSERT INTO V_LIN
	VALUES ("a92bd528-c573-44ef-bf12-4e2110fa3139",
	'0');
INSERT INTO V_VAL
	VALUES ("a36f8f64-5c2b-493a-9dca-41827cd599be",
	0,
	0,
	17,
	12,
	-1,
	17,
	21,
	17,
	30,
	"bb2aad42-e125-4543-bcd6-e4515b678378",
	"b5d5c280-7d72-4307-9e23-24a98bfa174c");
INSERT INTO V_BRV
	VALUES ("a36f8f64-5c2b-493a-9dca-41827cd599be",
	"113c2042-70f8-4cbc-8897-ec21a13b3b8b",
	1,
	17,
	7);
INSERT INTO V_VAL
	VALUES ("9c54d09c-a269-481a-8d67-f26e326d39b3",
	0,
	0,
	17,
	27,
	27,
	0,
	0,
	0,
	0,
	"bb2aad42-e125-4543-bcd6-e4515b678378",
	"b5d5c280-7d72-4307-9e23-24a98bfa174c");
INSERT INTO V_LIN
	VALUES ("9c54d09c-a269-481a-8d67-f26e326d39b3",
	'1');
INSERT INTO V_PAR
	VALUES ("9c54d09c-a269-481a-8d67-f26e326d39b3",
	"00000000-0000-0000-0000-000000000000",
	"a36f8f64-5c2b-493a-9dca-41827cd599be",
	'first',
	"a24dec25-5c36-48ba-a0d7-b3dc7f332931",
	17,
	21);
INSERT INTO V_VAL
	VALUES ("a24dec25-5c36-48ba-a0d7-b3dc7f332931",
	0,
	0,
	17,
	37,
	37,
	0,
	0,
	0,
	0,
	"bb2aad42-e125-4543-bcd6-e4515b678378",
	"b5d5c280-7d72-4307-9e23-24a98bfa174c");
INSERT INTO V_LIN
	VALUES ("a24dec25-5c36-48ba-a0d7-b3dc7f332931",
	'2');
INSERT INTO V_PAR
	VALUES ("a24dec25-5c36-48ba-a0d7-b3dc7f332931",
	"00000000-0000-0000-0000-000000000000",
	"a36f8f64-5c2b-493a-9dca-41827cd599be",
	'second',
	"00000000-0000-0000-0000-000000000000",
	17,
	30);
INSERT INTO V_VAL
	VALUES ("a476a988-f68e-44e5-82ac-27e3cae05a1b",
	0,
	0,
	17,
	3,
	3,
	0,
	0,
	0,
	0,
	"00000000-0000-0000-0000-000000000000",
	"b5d5c280-7d72-4307-9e23-24a98bfa174c");
INSERT INTO V_TVL
	VALUES ("a476a988-f68e-44e5-82ac-27e3cae05a1b",
	"ac118f00-dc6e-4dd1-bba7-8216c041762b");
INSERT INTO V_VAL
	VALUES ("a03760c9-3fdb-4501-8c52-947b2e93362d",
	0,
	0,
	18,
	13,
	-1,
	18,
	23,
	18,
	32,
	"bb2aad42-e125-4543-bcd6-e4515b678378",
	"b5d5c280-7d72-4307-9e23-24a98bfa174c");
INSERT INTO V_BRV
	VALUES ("a03760c9-3fdb-4501-8c52-947b2e93362d",
	"9f4db12e-e11a-4c3f-bc4e-4e1a47db4b32",
	1,
	18,
	8);
INSERT INTO V_VAL
	VALUES ("50bd12e0-44c4-4f87-bbf9-024542a1b321",
	0,
	0,
	18,
	29,
	29,
	0,
	0,
	0,
	0,
	"bb2aad42-e125-4543-bcd6-e4515b678378",
	"b5d5c280-7d72-4307-9e23-24a98bfa174c");
INSERT INTO V_LIN
	VALUES ("50bd12e0-44c4-4f87-bbf9-024542a1b321",
	'1');
INSERT INTO V_PAR
	VALUES ("50bd12e0-44c4-4f87-bbf9-024542a1b321",
	"00000000-0000-0000-0000-000000000000",
	"a03760c9-3fdb-4501-8c52-947b2e93362d",
	'first',
	"deedc529-bc52-4ea5-9144-e79b67a81af5",
	18,
	23);
INSERT INTO V_VAL
	VALUES ("deedc529-bc52-4ea5-9144-e79b67a81af5",
	0,
	0,
	18,
	39,
	39,
	0,
	0,
	0,
	0,
	"bb2aad42-e125-4543-bcd6-e4515b678378",
	"b5d5c280-7d72-4307-9e23-24a98bfa174c");
INSERT INTO V_LIN
	VALUES ("deedc529-bc52-4ea5-9144-e79b67a81af5",
	'2');
INSERT INTO V_PAR
	VALUES ("deedc529-bc52-4ea5-9144-e79b67a81af5",
	"00000000-0000-0000-0000-000000000000",
	"a03760c9-3fdb-4501-8c52-947b2e93362d",
	'second',
	"00000000-0000-0000-0000-000000000000",
	18,
	32);
INSERT INTO V_VAL
	VALUES ("8f9d5351-afd6-4fb9-80b8-1fdd8fce8376",
	0,
	0,
	18,
	3,
	3,
	0,
	0,
	0,
	0,
	"00000000-0000-0000-0000-000000000000",
	"b5d5c280-7d72-4307-9e23-24a98bfa174c");
INSERT INTO V_TVL
	VALUES ("8f9d5351-afd6-4fb9-80b8-1fdd8fce8376",
	"ac118f00-dc6e-4dd1-bba7-8216c041762b");
INSERT INTO V_VAL
	VALUES ("6b573371-7e5a-4626-bba8-575c2ee7e3b6",
	1,
	0,
	22,
	10,
	11,
	0,
	0,
	0,
	0,
	"00000000-0000-0000-0000-000000000000",
	"b5d5c280-7d72-4307-9e23-24a98bfa174c");
INSERT INTO V_IRF
	VALUES ("6b573371-7e5a-4626-bba8-575c2ee7e3b6",
	"cccee606-743f-49f0-83bc-63f9b9130415");
INSERT INTO V_VAL
	VALUES ("d340e605-d84a-413e-a048-b9e57ca85fb2",
	0,
	0,
	22,
	19,
	24,
	0,
	0,
	0,
	0,
	"a92d2a69-b712-41bc-a54a-521874a72a82",
	"b5d5c280-7d72-4307-9e23-24a98bfa174c");
INSERT INTO V_AVL
	VALUES ("d340e605-d84a-413e-a048-b9e57ca85fb2",
	"6b573371-7e5a-4626-bba8-575c2ee7e3b6",
	"ab3149b0-65f7-45e0-bc10-1da36539c13c",
	"8f18f063-f999-4723-9ac6-d90a48aaef97");
INSERT INTO V_VAL
	VALUES ("27efc273-e654-41a8-9db1-8d343cec0b6f",
	0,
	0,
	22,
	20,
	25,
	0,
	0,
	0,
	0,
	"fc579625-527e-4796-9485-440b72c36cdf",
	"b5d5c280-7d72-4307-9e23-24a98bfa174c");
INSERT INTO V_MVL
	VALUES ("27efc273-e654-41a8-9db1-8d343cec0b6f",
	"00000000-0000-0000-0000-000000000000",
	"650a6f51-a63f-40c8-a46a-cb93471ed156",
	"a92d2a69-b712-41bc-a54a-521874a72a82");
INSERT INTO V_VAL
	VALUES ("8b9ee002-6e1c-4a52-ad5c-92b2312f09d7",
	0,
	0,
	22,
	29,
	41,
	0,
	0,
	0,
	0,
	"fc579625-527e-4796-9485-440b72c36cdf",
	"b5d5c280-7d72-4307-9e23-24a98bfa174c");
INSERT INTO V_LST
	VALUES ("8b9ee002-6e1c-4a52-ad5c-92b2312f09d7",
	'Calvin''s Dad');
INSERT INTO V_VAL
	VALUES ("03e3c92a-8572-4f85-88b7-a8f6cab95328",
	1,
	0,
	23,
	10,
	11,
	0,
	0,
	0,
	0,
	"00000000-0000-0000-0000-000000000000",
	"b5d5c280-7d72-4307-9e23-24a98bfa174c");
INSERT INTO V_IRF
	VALUES ("03e3c92a-8572-4f85-88b7-a8f6cab95328",
	"cccee606-743f-49f0-83bc-63f9b9130415");
INSERT INTO V_VAL
	VALUES ("d076651d-e4e1-467f-a560-a571ecd77bd2",
	0,
	0,
	23,
	19,
	24,
	0,
	0,
	0,
	0,
	"a92d2a69-b712-41bc-a54a-521874a72a82",
	"b5d5c280-7d72-4307-9e23-24a98bfa174c");
INSERT INTO V_AVL
	VALUES ("d076651d-e4e1-467f-a560-a571ecd77bd2",
	"03e3c92a-8572-4f85-88b7-a8f6cab95328",
	"ab3149b0-65f7-45e0-bc10-1da36539c13c",
	"8f18f063-f999-4723-9ac6-d90a48aaef97");
INSERT INTO V_VAL
	VALUES ("68bcafd7-a78a-4b83-94b5-1fc12e73e62d",
	0,
	0,
	23,
	20,
	25,
	0,
	0,
	0,
	0,
	"fc579625-527e-4796-9485-440b72c36cdf",
	"b5d5c280-7d72-4307-9e23-24a98bfa174c");
INSERT INTO V_MVL
	VALUES ("68bcafd7-a78a-4b83-94b5-1fc12e73e62d",
	"00000000-0000-0000-0000-000000000000",
	"b1bd383a-7e3d-4a1e-9d4c-2191b378c543",
	"a92d2a69-b712-41bc-a54a-521874a72a82");
INSERT INTO V_VAL
	VALUES ("1c6cb913-fd66-4709-b1f1-9df009d8f14a",
	0,
	0,
	23,
	29,
	41,
	0,
	0,
	0,
	0,
	"fc579625-527e-4796-9485-440b72c36cdf",
	"b5d5c280-7d72-4307-9e23-24a98bfa174c");
INSERT INTO V_LST
	VALUES ("1c6cb913-fd66-4709-b1f1-9df009d8f14a",
	'Calvin''s Mom');
INSERT INTO V_VAL
	VALUES ("e77923ed-3836-4873-afe6-a3035028df83",
	1,
	0,
	26,
	10,
	11,
	0,
	0,
	0,
	0,
	"00000000-0000-0000-0000-000000000000",
	"b5d5c280-7d72-4307-9e23-24a98bfa174c");
INSERT INTO V_IRF
	VALUES ("e77923ed-3836-4873-afe6-a3035028df83",
	"cccee606-743f-49f0-83bc-63f9b9130415");
INSERT INTO V_VAL
	VALUES ("a97eeac7-3a93-448b-9dda-98f8d0686a86",
	0,
	0,
	26,
	19,
	24,
	0,
	0,
	0,
	0,
	"a92d2a69-b712-41bc-a54a-521874a72a82",
	"b5d5c280-7d72-4307-9e23-24a98bfa174c");
INSERT INTO V_AVL
	VALUES ("a97eeac7-3a93-448b-9dda-98f8d0686a86",
	"e77923ed-3836-4873-afe6-a3035028df83",
	"ab3149b0-65f7-45e0-bc10-1da36539c13c",
	"8f18f063-f999-4723-9ac6-d90a48aaef97");
INSERT INTO V_VAL
	VALUES ("ec947bb4-d2ef-4c45-84a8-47eac508909d",
	0,
	0,
	26,
	24,
	27,
	0,
	0,
	0,
	0,
	"17f8327b-91e2-47d9-b6e1-72574d543435",
	"b5d5c280-7d72-4307-9e23-24a98bfa174c");
INSERT INTO V_MVL
	VALUES ("ec947bb4-d2ef-4c45-84a8-47eac508909d",
	"00000000-0000-0000-0000-000000000000",
	"f732710a-7842-4d8d-baa1-29135c781420",
	"a92d2a69-b712-41bc-a54a-521874a72a82");
INSERT INTO V_VAL
	VALUES ("2aab610c-68c8-4b3b-86b0-19118eb72424",
	0,
	0,
	26,
	25,
	28,
	0,
	0,
	0,
	0,
	"fc579625-527e-4796-9485-440b72c36cdf",
	"b5d5c280-7d72-4307-9e23-24a98bfa174c");
INSERT INTO V_MVL
	VALUES ("2aab610c-68c8-4b3b-86b0-19118eb72424",
	"ec947bb4-d2ef-4c45-84a8-47eac508909d",
	"3a646151-46e6-4a3b-bb3c-f18a6b42e25d",
	"17f8327b-91e2-47d9-b6e1-72574d543435");
INSERT INTO V_VAL
	VALUES ("5a21fec6-91f7-46c8-b56a-39ae4da1902b",
	0,
	0,
	26,
	32,
	40,
	0,
	0,
	0,
	0,
	"fc579625-527e-4796-9485-440b72c36cdf",
	"b5d5c280-7d72-4307-9e23-24a98bfa174c");
INSERT INTO V_LST
	VALUES ("5a21fec6-91f7-46c8-b56a-39ae4da1902b",
	'Garfield');
INSERT INTO V_VAL
	VALUES ("76c95631-1397-439a-bfc2-057dbc76496b",
	1,
	0,
	27,
	10,
	11,
	0,
	0,
	0,
	0,
	"00000000-0000-0000-0000-000000000000",
	"b5d5c280-7d72-4307-9e23-24a98bfa174c");
INSERT INTO V_IRF
	VALUES ("76c95631-1397-439a-bfc2-057dbc76496b",
	"cccee606-743f-49f0-83bc-63f9b9130415");
INSERT INTO V_VAL
	VALUES ("b98576ac-d563-4d44-b3ae-cc818704527c",
	0,
	0,
	27,
	19,
	24,
	0,
	0,
	0,
	0,
	"a92d2a69-b712-41bc-a54a-521874a72a82",
	"b5d5c280-7d72-4307-9e23-24a98bfa174c");
INSERT INTO V_AVL
	VALUES ("b98576ac-d563-4d44-b3ae-cc818704527c",
	"76c95631-1397-439a-bfc2-057dbc76496b",
	"ab3149b0-65f7-45e0-bc10-1da36539c13c",
	"8f18f063-f999-4723-9ac6-d90a48aaef97");
INSERT INTO V_VAL
	VALUES ("7d789400-61ff-4b6c-b845-6fa9d3d99bb5",
	0,
	0,
	27,
	24,
	27,
	0,
	0,
	0,
	0,
	"17f8327b-91e2-47d9-b6e1-72574d543435",
	"b5d5c280-7d72-4307-9e23-24a98bfa174c");
INSERT INTO V_MVL
	VALUES ("7d789400-61ff-4b6c-b845-6fa9d3d99bb5",
	"00000000-0000-0000-0000-000000000000",
	"f732710a-7842-4d8d-baa1-29135c781420",
	"a92d2a69-b712-41bc-a54a-521874a72a82");
INSERT INTO V_VAL
	VALUES ("d16370b5-83ea-4f59-b0bc-87706e2a396a",
	0,
	0,
	27,
	25,
	31,
	0,
	0,
	0,
	0,
	"f9a31f66-390f-443c-817f-9e7e71224506",
	"b5d5c280-7d72-4307-9e23-24a98bfa174c");
INSERT INTO V_MVL
	VALUES ("d16370b5-83ea-4f59-b0bc-87706e2a396a",
	"7d789400-61ff-4b6c-b845-6fa9d3d99bb5",
	"d63e643b-33ea-4fc4-a7f1-afa77583cfbe",
	"17f8327b-91e2-47d9-b6e1-72574d543435");
INSERT INTO V_VAL
	VALUES ("6e562181-8df8-4fff-8c57-d016d17c510c",
	0,
	0,
	27,
	44,
	46,
	0,
	0,
	0,
	0,
	"f9a31f66-390f-443c-817f-9e7e71224506",
	"b5d5c280-7d72-4307-9e23-24a98bfa174c");
INSERT INTO V_LEN
	VALUES ("6e562181-8df8-4fff-8c57-d016d17c510c",
	"7c30f9b7-9106-4db6-a8d6-0f406d3ae0cc",
	27,
	35);
INSERT INTO V_VAL
	VALUES ("e6a0cc56-68af-41a7-913f-2eec73bdf170",
	1,
	0,
	28,
	10,
	11,
	0,
	0,
	0,
	0,
	"00000000-0000-0000-0000-000000000000",
	"b5d5c280-7d72-4307-9e23-24a98bfa174c");
INSERT INTO V_IRF
	VALUES ("e6a0cc56-68af-41a7-913f-2eec73bdf170",
	"cccee606-743f-49f0-83bc-63f9b9130415");
INSERT INTO V_VAL
	VALUES ("fab4d8c2-7d2f-4ff4-be22-fd2e93972645",
	0,
	0,
	28,
	19,
	24,
	0,
	0,
	0,
	0,
	"a92d2a69-b712-41bc-a54a-521874a72a82",
	"b5d5c280-7d72-4307-9e23-24a98bfa174c");
INSERT INTO V_AVL
	VALUES ("fab4d8c2-7d2f-4ff4-be22-fd2e93972645",
	"e6a0cc56-68af-41a7-913f-2eec73bdf170",
	"ab3149b0-65f7-45e0-bc10-1da36539c13c",
	"8f18f063-f999-4723-9ac6-d90a48aaef97");
INSERT INTO V_VAL
	VALUES ("a429acb9-7e96-4515-8ac1-3e75a7c6b3e5",
	0,
	0,
	28,
	24,
	27,
	0,
	0,
	0,
	0,
	"17f8327b-91e2-47d9-b6e1-72574d543435",
	"b5d5c280-7d72-4307-9e23-24a98bfa174c");
INSERT INTO V_MVL
	VALUES ("a429acb9-7e96-4515-8ac1-3e75a7c6b3e5",
	"00000000-0000-0000-0000-000000000000",
	"f732710a-7842-4d8d-baa1-29135c781420",
	"a92d2a69-b712-41bc-a54a-521874a72a82");
INSERT INTO V_VAL
	VALUES ("9d1e7f87-0073-4ef0-bb9c-a39a22bf81ba",
	0,
	0,
	28,
	25,
	33,
	0,
	0,
	0,
	0,
	"fc579625-527e-4796-9485-440b72c36cdf",
	"b5d5c280-7d72-4307-9e23-24a98bfa174c");
INSERT INTO V_MVL
	VALUES ("9d1e7f87-0073-4ef0-bb9c-a39a22bf81ba",
	"a429acb9-7e96-4515-8ac1-3e75a7c6b3e5",
	"2cbb7925-93c1-49fb-b496-42f335f92b88",
	"17f8327b-91e2-47d9-b6e1-72574d543435");
INSERT INTO V_VAL
	VALUES ("9dff2935-29a6-41ae-912a-d56d47c6571f",
	0,
	0,
	28,
	37,
	38,
	0,
	0,
	0,
	0,
	"00000000-0000-0000-0000-000000000000",
	"b5d5c280-7d72-4307-9e23-24a98bfa174c");
INSERT INTO V_IRF
	VALUES ("9dff2935-29a6-41ae-912a-d56d47c6571f",
	"cccee606-743f-49f0-83bc-63f9b9130415");
INSERT INTO V_VAL
	VALUES ("c44a7cee-adc3-4254-8c33-098655e4965a",
	0,
	0,
	28,
	46,
	51,
	0,
	0,
	0,
	0,
	"a92d2a69-b712-41bc-a54a-521874a72a82",
	"b5d5c280-7d72-4307-9e23-24a98bfa174c");
INSERT INTO V_AVL
	VALUES ("c44a7cee-adc3-4254-8c33-098655e4965a",
	"9dff2935-29a6-41ae-912a-d56d47c6571f",
	"ab3149b0-65f7-45e0-bc10-1da36539c13c",
	"8f18f063-f999-4723-9ac6-d90a48aaef97");
INSERT INTO V_VAL
	VALUES ("2f8ff0d7-5d5a-405d-a31f-284ce3c4fbff",
	0,
	0,
	28,
	47,
	52,
	0,
	0,
	0,
	0,
	"fc579625-527e-4796-9485-440b72c36cdf",
	"b5d5c280-7d72-4307-9e23-24a98bfa174c");
INSERT INTO V_MVL
	VALUES ("2f8ff0d7-5d5a-405d-a31f-284ce3c4fbff",
	"00000000-0000-0000-0000-000000000000",
	"b1bd383a-7e3d-4a1e-9d4c-2191b378c543",
	"a92d2a69-b712-41bc-a54a-521874a72a82");
INSERT INTO V_VAL
	VALUES ("1a700ee7-0e19-46c9-8f14-e8e540599a4f",
	0,
	0,
	37,
	16,
	-1,
	0,
	0,
	0,
	0,
	"bb2aad42-e125-4543-bcd6-e4515b678378",
	"b5d5c280-7d72-4307-9e23-24a98bfa174c");
INSERT INTO V_BRV
	VALUES ("1a700ee7-0e19-46c9-8f14-e8e540599a4f",
	"f4b363b4-0557-449e-81d2-fab1f9069d3a",
	1,
	37,
	7);
INSERT INTO V_VAL
	VALUES ("eb43512d-3f98-4469-9137-266ddbbf2e14",
	0,
	0,
	37,
	3,
	3,
	0,
	0,
	0,
	0,
	"00000000-0000-0000-0000-000000000000",
	"b5d5c280-7d72-4307-9e23-24a98bfa174c");
INSERT INTO V_TVL
	VALUES ("eb43512d-3f98-4469-9137-266ddbbf2e14",
	"ac118f00-dc6e-4dd1-bba7-8216c041762b");
INSERT INTO V_VAL
	VALUES ("31f2bda7-bbff-44ba-bde9-cb6aa0dae19c",
	0,
	0,
	38,
	7,
	7,
	0,
	0,
	0,
	0,
	"bb2aad42-e125-4543-bcd6-e4515b678378",
	"b5d5c280-7d72-4307-9e23-24a98bfa174c");
INSERT INTO V_TVL
	VALUES ("31f2bda7-bbff-44ba-bde9-cb6aa0dae19c",
	"ac118f00-dc6e-4dd1-bba7-8216c041762b");
INSERT INTO V_VAL
	VALUES ("1e10ddbf-8fe2-433e-9d40-d9200d72e3ac",
	0,
	0,
	-1,
	-1,
	-1,
	0,
	0,
	0,
	0,
	"ed855afe-b773-4348-9030-494350c96719",
	"b5d5c280-7d72-4307-9e23-24a98bfa174c");
INSERT INTO V_BIN
	VALUES ("1e10ddbf-8fe2-433e-9d40-d9200d72e3ac",
	"881316a3-8cb5-4ca8-8edb-3c2c870f52a5",
	"31f2bda7-bbff-44ba-bde9-cb6aa0dae19c",
	'!=');
INSERT INTO V_VAL
	VALUES ("881316a3-8cb5-4ca8-8edb-3c2c870f52a5",
	0,
	0,
	38,
	12,
	12,
	0,
	0,
	0,
	0,
	"bb2aad42-e125-4543-bcd6-e4515b678378",
	"b5d5c280-7d72-4307-9e23-24a98bfa174c");
INSERT INTO V_LIN
	VALUES ("881316a3-8cb5-4ca8-8edb-3c2c870f52a5",
	'0');
INSERT INTO V_VAR
	VALUES ("ac118f00-dc6e-4dd1-bba7-8216c041762b",
	"b5d5c280-7d72-4307-9e23-24a98bfa174c",
	'i',
	1);
INSERT INTO V_TRN
	VALUES ("ac118f00-dc6e-4dd1-bba7-8216c041762b",
	"bb2aad42-e125-4543-bcd6-e4515b678378");
INSERT INTO V_LOC
	VALUES ("2481b0ea-5f14-48af-87ce-0d701b700242",
	13,
	3,
	3,
	"ac118f00-dc6e-4dd1-bba7-8216c041762b");
INSERT INTO V_LOC
	VALUES ("74c62ab5-c535-446b-919b-54484e60830d",
	17,
	3,
	3,
	"ac118f00-dc6e-4dd1-bba7-8216c041762b");
INSERT INTO V_LOC
	VALUES ("529bfbf4-7652-496f-a774-e47f0ce47c6c",
	18,
	3,
	3,
	"ac118f00-dc6e-4dd1-bba7-8216c041762b");
INSERT INTO V_LOC
	VALUES ("016e6124-6f1d-47c7-bcc5-c009adc64aaf",
	37,
	3,
	3,
	"ac118f00-dc6e-4dd1-bba7-8216c041762b");
INSERT INTO V_VAR
	VALUES ("cccee606-743f-49f0-83bc-63f9b9130415",
	"b5d5c280-7d72-4307-9e23-24a98bfa174c",
	'p1',
	1);
INSERT INTO V_INT
	VALUES ("cccee606-743f-49f0-83bc-63f9b9130415",
	0,
	"ab3149b0-65f7-45e0-bc10-1da36539c13c");
INSERT INTO V_LOC
	VALUES ("56044584-4e9f-430f-80db-a459c3380d4c",
	21,
	26,
	27,
	"cccee606-743f-49f0-83bc-63f9b9130415");
INSERT INTO V_LOC
	VALUES ("83175008-64fd-4a3a-ad16-04befa98c85e",
	22,
	10,
	11,
	"cccee606-743f-49f0-83bc-63f9b9130415");
INSERT INTO V_LOC
	VALUES ("69d0ad90-0f13-428c-943f-ac73ce29e092",
	23,
	10,
	11,
	"cccee606-743f-49f0-83bc-63f9b9130415");
INSERT INTO V_LOC
	VALUES ("5e1dee1e-244f-4b19-b6dd-ea3d7f4ff825",
	26,
	10,
	11,
	"cccee606-743f-49f0-83bc-63f9b9130415");
INSERT INTO V_LOC
	VALUES ("173118b7-3711-4b26-88cf-183e1d2da4e6",
	27,
	10,
	11,
	"cccee606-743f-49f0-83bc-63f9b9130415");
INSERT INTO V_LOC
	VALUES ("f05d35b1-7298-447f-9922-3ab710061321",
	28,
	10,
	11,
	"cccee606-743f-49f0-83bc-63f9b9130415");
INSERT INTO V_LOC
	VALUES ("7905f7d3-7850-4df5-b888-12b4accc9188",
	28,
	37,
	38,
	"cccee606-743f-49f0-83bc-63f9b9130415");
INSERT INTO V_VAR
	VALUES ("0ef7cfff-2b0f-411f-98d8-394f3047af27",
	"b5d5c280-7d72-4307-9e23-24a98bfa174c",
	'c1',
	1);
INSERT INTO V_INT
	VALUES ("0ef7cfff-2b0f-411f-98d8-394f3047af27",
	0,
	"6d1350c3-a10b-4768-8428-c063129f13a9");
INSERT INTO V_LOC
	VALUES ("2867879e-7fb2-4c1a-ba04-6ae3e4a9d3a4",
	31,
	26,
	27,
	"0ef7cfff-2b0f-411f-98d8-394f3047af27");
INSERT INTO V_VAR
	VALUES ("afb596cd-5085-49a3-8d37-df27a5941208",
	"b5d5c280-7d72-4307-9e23-24a98bfa174c",
	't1',
	1);
INSERT INTO V_INT
	VALUES ("afb596cd-5085-49a3-8d37-df27a5941208",
	0,
	"707dd381-c134-49c4-8966-571a9df5c852");
INSERT INTO V_LOC
	VALUES ("94055836-83cb-49dd-9020-9a8a9ea83380",
	34,
	26,
	27,
	"afb596cd-5085-49a3-8d37-df27a5941208");
INSERT INTO ACT_BLK
	VALUES ("03beea76-e5cd-49e7-bf62-8adea23852ec",
	0,
	0,
	0,
	'LOG',
	'',
	'',
	15,
	5,
	15,
	5,
	0,
	0,
	0,
	0,
	0,
	0,
	0,
	0,
	0,
	"1747c169-2c9c-4c54-a8a8-c6b63a4a2ddd",
	"00000000-0000-0000-0000-000000000000");
INSERT INTO ACT_SMT
	VALUES ("eeea363f-6903-43dd-9681-120d45635603",
	"03beea76-e5cd-49e7-bf62-8adea23852ec",
	"00000000-0000-0000-0000-000000000000",
	15,
	5,
	'setup line: 15');
INSERT INTO ACT_BRG
	VALUES ("eeea363f-6903-43dd-9681-120d45635603",
	"85a2ae18-4cb8-4b1f-a989-c9af21c1561b",
	15,
	10,
	15,
	5);
INSERT INTO V_VAL
	VALUES ("9c9a3f87-0d1f-401e-81bf-a39581e112b6",
	0,
	0,
	15,
	30,
	55,
	0,
	0,
	0,
	0,
	"fc579625-527e-4796-9485-440b72c36cdf",
	"03beea76-e5cd-49e7-bf62-8adea23852ec");
INSERT INTO V_LST
	VALUES ("9c9a3f87-0d1f-401e-81bf-a39581e112b6",
	'Error formatting the NVS.');
INSERT INTO V_PAR
	VALUES ("9c9a3f87-0d1f-401e-81bf-a39581e112b6",
	"eeea363f-6903-43dd-9681-120d45635603",
	"00000000-0000-0000-0000-000000000000",
	'message',
	"00000000-0000-0000-0000-000000000000",
	15,
	22);
INSERT INTO ACT_BLK
	VALUES ("c1647347-f6f2-40ff-90ea-943ed622b00f",
	0,
	0,
	0,
	'LOG',
	'',
	'',
	40,
	5,
	40,
	5,
	0,
	0,
	0,
	0,
	0,
	0,
	0,
	0,
	0,
	"1747c169-2c9c-4c54-a8a8-c6b63a4a2ddd",
	"00000000-0000-0000-0000-000000000000");
INSERT INTO ACT_SMT
	VALUES ("8dc46f54-f557-4395-9e73-2d5b1240f506",
	"c1647347-f6f2-40ff-90ea-943ed622b00f",
	"76a962db-da17-4046-833f-3c1c6a315553",
	39,
	5,
	'setup line: 39');
INSERT INTO ACT_BRG
	VALUES ("8dc46f54-f557-4395-9e73-2d5b1240f506",
	"85a2ae18-4cb8-4b1f-a989-c9af21c1561b",
	39,
	10,
	39,
	5);
INSERT INTO ACT_SMT
	VALUES ("76a962db-da17-4046-833f-3c1c6a315553",
	"c1647347-f6f2-40ff-90ea-943ed622b00f",
	"00000000-0000-0000-0000-000000000000",
	40,
	5,
	'setup line: 40');
INSERT INTO ACT_BRG
	VALUES ("76a962db-da17-4046-833f-3c1c6a315553",
	"8002fe9b-699b-470e-be76-34903a3b8c27",
	40,
	10,
	40,
	5);
INSERT INTO V_VAL
	VALUES ("ed450ef2-bbad-4dcd-b87d-b23574af5f7a",
	0,
	0,
	39,
	30,
	82,
	0,
	0,
	0,
	0,
	"fc579625-527e-4796-9485-440b72c36cdf",
	"c1647347-f6f2-40ff-90ea-943ed622b00f");
INSERT INTO V_LST
	VALUES ("ed450ef2-bbad-4dcd-b87d-b23574af5f7a",
	'Error commiting persistence information. Error code:');
INSERT INTO V_PAR
	VALUES ("ed450ef2-bbad-4dcd-b87d-b23574af5f7a",
	"8dc46f54-f557-4395-9e73-2d5b1240f506",
	"00000000-0000-0000-0000-000000000000",
	'message',
	"00000000-0000-0000-0000-000000000000",
	39,
	22);
INSERT INTO V_VAL
	VALUES ("b8f33977-ebac-4e86-8552-dff512a17aa8",
	0,
	0,
	40,
	30,
	30,
	0,
	0,
	0,
	0,
	"bb2aad42-e125-4543-bcd6-e4515b678378",
	"c1647347-f6f2-40ff-90ea-943ed622b00f");
INSERT INTO V_TVL
	VALUES ("b8f33977-ebac-4e86-8552-dff512a17aa8",
	"ac118f00-dc6e-4dd1-bba7-8216c041762b");
INSERT INTO V_PAR
	VALUES ("b8f33977-ebac-4e86-8552-dff512a17aa8",
	"76a962db-da17-4046-833f-3c1c6a315553",
	"00000000-0000-0000-0000-000000000000",
	'message',
	"00000000-0000-0000-0000-000000000000",
	40,
	22);
INSERT INTO ACT_BLK
	VALUES ("6b311521-16bb-48e7-9253-b47bd4aa1322",
	0,
	0,
	0,
	'LOG',
	'',
	'',
	43,
	3,
	43,
	3,
	0,
	0,
	0,
	0,
	0,
	0,
	0,
	0,
	0,
	"1747c169-2c9c-4c54-a8a8-c6b63a4a2ddd",
	"00000000-0000-0000-0000-000000000000");
INSERT INTO ACT_SMT
	VALUES ("dcd603f9-69b6-44b8-b6c2-0f0d6e847244",
	"6b311521-16bb-48e7-9253-b47bd4aa1322",
	"00000000-0000-0000-0000-000000000000",
	43,
	3,
	'setup line: 43');
INSERT INTO ACT_BRG
	VALUES ("dcd603f9-69b6-44b8-b6c2-0f0d6e847244",
	"94897082-984b-4338-8280-6abeca4951a1",
	43,
	8,
	43,
	3);
INSERT INTO V_VAL
	VALUES ("6c17bf2f-3cc6-4a06-9f91-7029b963f5bf",
	0,
	0,
	43,
	25,
	40,
	0,
	0,
	0,
	0,
	"fc579625-527e-4796-9485-440b72c36cdf",
	"6b311521-16bb-48e7-9253-b47bd4aa1322");
INSERT INTO V_LST
	VALUES ("6c17bf2f-3cc6-4a06-9f91-7029b963f5bf",
	'Found PEI data.');
INSERT INTO V_PAR
	VALUES ("6c17bf2f-3cc6-4a06-9f91-7029b963f5bf",
	"dcd603f9-69b6-44b8-b6c2-0f0d6e847244",
	"00000000-0000-0000-0000-000000000000",
	'message',
	"00000000-0000-0000-0000-000000000000",
	43,
	17);
INSERT INTO S_FIP
	VALUES ("37769271-2aa6-40bd-ab34-a4f438e6328d",
	"9d0acfa8-eab9-4420-83bf-860eabc096fb");
INSERT INTO S_SYNC
	VALUES ("9d0acfa8-eab9-4420-83bf-860eabc096fb",
	"19450ed8-0d9a-4e6f-bd79-44bf244e7937",
	'test',
	'',
	'// Kick off the check SDTs test sequence
select any c from instances of CHK;
generate CHK2:''start''() to c;

// Kick off the family test sequence
select any p from instances of P;
HOSP::delivery( current_family: p.family );
',
	"44a2d632-3364-47ba-92ab-67ac93180b02",
	1);
INSERT INTO ACT_FNB
	VALUES ("3c85afc5-0316-48f8-9306-f99aa50165c8",
	"9d0acfa8-eab9-4420-83bf-860eabc096fb");
INSERT INTO ACT_ACT
	VALUES ("3c85afc5-0316-48f8-9306-f99aa50165c8",
	'function',
	0,
	"00000000-0000-0000-0000-000000000000",
	"00000000-0000-0000-0000-000000000000",
	0,
	'test',
	"86673ff7-bb48-497b-9af0-bbf856f45fd6");
INSERT INTO S_FIP
	VALUES ("37769271-2aa6-40bd-ab34-a4f438e6328d",
	"ce8dacce-5c29-4340-838b-2fb8b5ae3094");
INSERT INTO S_SYNC
	VALUES ("ce8dacce-5c29-4340-838b-2fb8b5ae3094",
	"19450ed8-0d9a-4e6f-bd79-44bf244e7937",
	'xit',
	'',
	'// Get rid of all instances, so the NVS is in a consistent state.
select many ps from instances of P;
for each p in ps
  delete object instance p;
end for;

select many cs from instances of CHK;
for each c in cs
  delete object instance c;
end for;

select many tcs from instances of TC;
for each tc in tcs
  delete object instance tc;
end for;

// Shut down.
ARCH::shutdown();',
	"44a2d632-3364-47ba-92ab-67ac93180b02",
	1);
INSERT INTO ACT_FNB
	VALUES ("01ce03e7-264f-451b-b06c-c278ae74ab01",
	"ce8dacce-5c29-4340-838b-2fb8b5ae3094");
INSERT INTO ACT_ACT
	VALUES ("01ce03e7-264f-451b-b06c-c278ae74ab01",
	'function',
	0,
	"00000000-0000-0000-0000-000000000000",
	"00000000-0000-0000-0000-000000000000",
	0,
	'xit',
	"249204c8-16f8-4be0-be7e-b3555d981573");
INSERT INTO S_FIP
	VALUES ("37769271-2aa6-40bd-ab34-a4f438e6328d",
	"d63b4edb-9bf7-46a2-887e-0539775e6bb0");
INSERT INTO S_SYNC
	VALUES ("d63b4edb-9bf7-46a2-887e-0539775e6bb0",
	"19450ed8-0d9a-4e6f-bd79-44bf244e7937",
	'updateFamily',
	'',
	'// A constructs that just tests the language, not actually used
new_child = param.newFamily.child_1;

// Here''s the real work.  This select is overkill just to test syntax for SDTs
select any p1 from instances of P where selected.family.child_5 == "";
generate P2:''new_child''( updated_family: param.newFamily ) to p1;


',
	"44a2d632-3364-47ba-92ab-67ac93180b02",
	1);
INSERT INTO S_SPARM
	VALUES ("430bbfe7-4c5a-4791-98a4-ddfae8a038d6",
	"d63b4edb-9bf7-46a2-887e-0539775e6bb0",
	'newFamily',
	"a92d2a69-b712-41bc-a54a-521874a72a82",
	0);
INSERT INTO ACT_FNB
	VALUES ("9f4f7be6-5c9f-4bf7-9af0-319486ee9406",
	"d63b4edb-9bf7-46a2-887e-0539775e6bb0");
INSERT INTO ACT_ACT
	VALUES ("9f4f7be6-5c9f-4bf7-9af0-319486ee9406",
	'function',
	0,
	"00000000-0000-0000-0000-000000000000",
	"00000000-0000-0000-0000-000000000000",
	0,
	'updateFamily',
	"570bc6de-ea95-4139-8272-033534a76115");
INSERT INTO S_FIP
	VALUES ("37769271-2aa6-40bd-ab34-a4f438e6328d",
	"09169280-290d-4623-9bee-821f05b5581c");
INSERT INTO S_SYNC
	VALUES ("09169280-290d-4623-9bee-821f05b5581c",
	"19450ed8-0d9a-4e6f-bd79-44bf244e7937",
	'checkDataDFByVal',
	'',
	'// Read SDT data
if ( param.data.a_integer == 1 )
  LOG::LogSuccess( message: "Successful read of SDT int member in pass-by-val domain function." );
else
  LOG::LogFailure( message: "Unsuccessful read of SDT int member in pass-by-val domain function." );
  ::failedChecksTest();
end if;
if ( param.data.a_boolean == true )
  LOG::LogSuccess( message: "Successful read of SDT boolean member in pass-by-val domain function." );
else
  LOG::LogFailure( message: "Unsuccessful read of SDT boolean member in pass-by-val domain function." );
  ::failedChecksTest();
end if;
if ( param.data.a_date == TIM::current_date() )
  LOG::LogSuccess( message: "Successful read of SDT date member in pass-by-val domain function." );
else
  LOG::LogFailure( message: "Unsuccessful read of SDT date member in pass-by-val domain function." );
  ::failedChecksTest();
end if;
if ( param.data.a_real == 1.0 )
  LOG::LogSuccess( message: "Successful read of SDT real member in pass-by-val domain function." );
else
  LOG::LogFailure( message: "Unsuccessful read of SDT real member in pass-by-val domain function." );
  ::failedChecksTest();
end if;
if ( param.data.a_string == "myData" )
  LOG::LogSuccess( message: "Successful read of SDT string member in pass-by-val domain function." );
else
  LOG::LogFailure( message: "Unsuccessful read of SDT string member in pass-by-val domain function." );
  ::failedChecksTest();
end if;
if ( param.data.a_timestamp < TIM::current_clock() )
  LOG::LogSuccess( message: "Successful read of SDT timestamp member in pass-by-val domain function." );
else
  LOG::LogFailure( message: "Unsuccessful read of SDT timestamp member in pass-by-val domain function." );
  ::failedChecksTest();
end if;

//
if ( param.data.a_integer == param.data.a_TypeContainer.a_integer
     and param.data.a_TypeContainer.a_integer == 1)
  LOG::LogSuccess( message: "Successful read of nested SDT int member in pass-by-val domain function." );
else
  LOG::LogFailure( message: "Unsuccessful read of nested SDT int member in pass-by-val domain function." );
  ::failedChecksTest();
end if;
if ( param.data.a_boolean == param.data.a_TypeContainer.a_boolean 
     and param.data.a_TypeContainer.a_boolean == true)
  LOG::LogSuccess( message: "Successful read of nested SDT boolean member in pass-by-val domain function." );
else
  LOG::LogFailure( message: "Unsuccessful read of nested SDT boolean member in pass-by-val domain function." );
  ::failedChecksTest();
end if;
if ( param.data.a_date == param.data.a_TypeContainer.a_date 
     and param.data.a_TypeContainer.a_date == TIM::current_date() )
  LOG::LogSuccess( message: "Successful read of nested SDT date member in pass-by-val domain function." );
else
  LOG::LogFailure( message: "Unsuccessful read of nested SDT date member in pass-by-val domain function." );
  ::failedChecksTest();
end if;
if ( param.data.a_real == param.data.a_TypeContainer.a_real 
     and param.data.a_TypeContainer.a_real == 1.0)
  LOG::LogSuccess( message: "Successful read of nested SDT real member in pass-by-val domain function." );
else
  LOG::LogFailure( message: "Unsuccessful read of nested SDT real member in pass-by-val domain function." );
  ::failedChecksTest();
end if;
if ( param.data.a_string == param.data.a_TypeContainer.a_string 
     and param.data.a_TypeContainer.a_string == "myData")
  LOG::LogSuccess( message: "Successful read of nested SDT string member in pass-by-val domain function." );
else
  LOG::LogFailure( message: "Unsuccessful read of nested SDT string member in pass-by-val domain function." );
  ::failedChecksTest();
end if;
if ( param.data.a_timestamp == param.data.a_TypeContainer.a_timestamp 
     and param.data.a_TypeContainer.a_timestamp < TIM::current_clock())
  LOG::LogSuccess( message: "Successful read of nested SDT timestamp member in pass-by-val domain function." );
else
  LOG::LogFailure( message: "Unsuccessful read of nested SDT timestamp member in pass-by-val domain function." );
  ::failedChecksTest();
end if;
//

localData = param.data;
return localData;',
	"f3b22070-8f46-4382-baa9-be5973b56db4",
	1);
INSERT INTO S_SPARM
	VALUES ("7a812faa-480d-4e4f-9cd3-1fe840fb419d",
	"09169280-290d-4623-9bee-821f05b5581c",
	'data',
	"f3b22070-8f46-4382-baa9-be5973b56db4",
	0);
INSERT INTO ACT_FNB
	VALUES ("31c21038-821c-4d0a-aff9-72a2c3ca548f",
	"09169280-290d-4623-9bee-821f05b5581c");
INSERT INTO ACT_ACT
	VALUES ("31c21038-821c-4d0a-aff9-72a2c3ca548f",
	'function',
	0,
	"9ac6f5d6-4143-4f89-b297-6df58fe679eb",
	"00000000-0000-0000-0000-000000000000",
	0,
	'checkDataDFByVal',
	"00000000-0000-0000-0000-000000000000");
INSERT INTO ACT_BLK
	VALUES ("9ac6f5d6-4143-4f89-b297-6df58fe679eb",
	0,
	0,
	0,
	'TIM',
	'',
	'',
	43,
	1,
	32,
	31,
	0,
	0,
	0,
	0,
	0,
	0,
	0,
	0,
	0,
	"31c21038-821c-4d0a-aff9-72a2c3ca548f",
	"00000000-0000-0000-0000-000000000000");
INSERT INTO ACT_SMT
	VALUES ("06013741-8f4b-454a-ba9d-6f906fd63c99",
	"9ac6f5d6-4143-4f89-b297-6df58fe679eb",
	"b91fba8c-2a43-40e3-8b8b-67d3a42d26b9",
	2,
	1,
	'checkDataDFByVal line: 2');
INSERT INTO ACT_IF
	VALUES ("06013741-8f4b-454a-ba9d-6f906fd63c99",
	"f3d37795-75c7-4c0e-a929-27d24d8bd734",
	"3086aefa-3a2b-459d-ac8f-0c49476ff512",
	"00000000-0000-0000-0000-000000000000",
	"00000000-0000-0000-0000-000000000000");
INSERT INTO ACT_SMT
	VALUES ("c6a48746-9962-46b3-b015-ad20cdcb8d6c",
	"9ac6f5d6-4143-4f89-b297-6df58fe679eb",
	"00000000-0000-0000-0000-000000000000",
	4,
	1,
	'checkDataDFByVal line: 4');
INSERT INTO ACT_E
	VALUES ("c6a48746-9962-46b3-b015-ad20cdcb8d6c",
	"0da5f40e-37f6-4c02-92b1-8ca808d05a42",
	"06013741-8f4b-454a-ba9d-6f906fd63c99");
INSERT INTO ACT_SMT
	VALUES ("b91fba8c-2a43-40e3-8b8b-67d3a42d26b9",
	"9ac6f5d6-4143-4f89-b297-6df58fe679eb",
	"57a9144f-8b59-4f15-b258-1055c5e2ce92",
	8,
	1,
	'checkDataDFByVal line: 8');
INSERT INTO ACT_IF
	VALUES ("b91fba8c-2a43-40e3-8b8b-67d3a42d26b9",
	"02984107-5b22-4f63-9d36-6ecfe76e2583",
	"7f5faa44-588a-4472-a50a-48f97d643335",
	"00000000-0000-0000-0000-000000000000",
	"00000000-0000-0000-0000-000000000000");
INSERT INTO ACT_SMT
	VALUES ("b00e7e9e-7897-4b53-b7f6-20fa4db48cd9",
	"9ac6f5d6-4143-4f89-b297-6df58fe679eb",
	"00000000-0000-0000-0000-000000000000",
	10,
	1,
	'checkDataDFByVal line: 10');
INSERT INTO ACT_E
	VALUES ("b00e7e9e-7897-4b53-b7f6-20fa4db48cd9",
	"29930970-3f5e-47fe-8370-4b022953bcd9",
	"b91fba8c-2a43-40e3-8b8b-67d3a42d26b9");
INSERT INTO ACT_SMT
	VALUES ("57a9144f-8b59-4f15-b258-1055c5e2ce92",
	"9ac6f5d6-4143-4f89-b297-6df58fe679eb",
	"cf60da3b-9576-4917-9e54-4912feb17615",
	14,
	1,
	'checkDataDFByVal line: 14');
INSERT INTO ACT_IF
	VALUES ("57a9144f-8b59-4f15-b258-1055c5e2ce92",
	"210c1519-a206-4f73-8450-2f63e56fb01b",
	"6ed7536e-7ec9-4e8a-bc7d-423882a06051",
	"00000000-0000-0000-0000-000000000000",
	"00000000-0000-0000-0000-000000000000");
INSERT INTO ACT_SMT
	VALUES ("19728ffd-e9fd-411e-a155-8e8b5d2f8ac2",
	"9ac6f5d6-4143-4f89-b297-6df58fe679eb",
	"00000000-0000-0000-0000-000000000000",
	16,
	1,
	'checkDataDFByVal line: 16');
INSERT INTO ACT_E
	VALUES ("19728ffd-e9fd-411e-a155-8e8b5d2f8ac2",
	"aaa3bf2e-fff8-48a7-8402-540003b4084f",
	"57a9144f-8b59-4f15-b258-1055c5e2ce92");
INSERT INTO ACT_SMT
	VALUES ("cf60da3b-9576-4917-9e54-4912feb17615",
	"9ac6f5d6-4143-4f89-b297-6df58fe679eb",
	"398ec3f1-f19f-4241-807e-28983c13a295",
	20,
	1,
	'checkDataDFByVal line: 20');
INSERT INTO ACT_IF
	VALUES ("cf60da3b-9576-4917-9e54-4912feb17615",
	"0268d7f9-856c-44c5-8296-91c416bd4f84",
	"55e4021c-cd9f-4c42-a1ec-511eae2ee690",
	"00000000-0000-0000-0000-000000000000",
	"00000000-0000-0000-0000-000000000000");
INSERT INTO ACT_SMT
	VALUES ("8cd437b8-b5d3-4d50-bc15-c92c588f5602",
	"9ac6f5d6-4143-4f89-b297-6df58fe679eb",
	"00000000-0000-0000-0000-000000000000",
	22,
	1,
	'checkDataDFByVal line: 22');
INSERT INTO ACT_E
	VALUES ("8cd437b8-b5d3-4d50-bc15-c92c588f5602",
	"01bd0ea8-9444-429a-b0b1-1160b8ae9000",
	"cf60da3b-9576-4917-9e54-4912feb17615");
INSERT INTO ACT_SMT
	VALUES ("398ec3f1-f19f-4241-807e-28983c13a295",
	"9ac6f5d6-4143-4f89-b297-6df58fe679eb",
	"d06ffdab-7fbd-4dc3-b472-f7ec514b623d",
	26,
	1,
	'checkDataDFByVal line: 26');
INSERT INTO ACT_IF
	VALUES ("398ec3f1-f19f-4241-807e-28983c13a295",
	"815e84b1-ffd6-4b89-9286-b2f63a246308",
	"727c22ee-d713-405d-9025-bcaa8c9f7301",
	"00000000-0000-0000-0000-000000000000",
	"00000000-0000-0000-0000-000000000000");
INSERT INTO ACT_SMT
	VALUES ("89340005-5b67-4fca-845b-c3bab85fb177",
	"9ac6f5d6-4143-4f89-b297-6df58fe679eb",
	"00000000-0000-0000-0000-000000000000",
	28,
	1,
	'checkDataDFByVal line: 28');
INSERT INTO ACT_E
	VALUES ("89340005-5b67-4fca-845b-c3bab85fb177",
	"8aa6faa6-052b-4676-8d19-36decbb4b71f",
	"398ec3f1-f19f-4241-807e-28983c13a295");
INSERT INTO ACT_SMT
	VALUES ("d06ffdab-7fbd-4dc3-b472-f7ec514b623d",
	"9ac6f5d6-4143-4f89-b297-6df58fe679eb",
	"00000000-0000-0000-0000-000000000000",
	32,
	1,
	'checkDataDFByVal line: 32');
INSERT INTO ACT_IF
	VALUES ("d06ffdab-7fbd-4dc3-b472-f7ec514b623d",
	"441f1ad5-2660-4eda-b6d1-d8667967e457",
	"6a5e3ff3-ca21-40dc-8047-b12ba01f46b2",
	"00000000-0000-0000-0000-000000000000",
	"00000000-0000-0000-0000-000000000000");
INSERT INTO ACT_SMT
	VALUES ("92a601d8-277c-4997-9eb4-d5b7deb57fc3",
	"9ac6f5d6-4143-4f89-b297-6df58fe679eb",
	"00000000-0000-0000-0000-000000000000",
	34,
	1,
	'checkDataDFByVal line: 34');
INSERT INTO ACT_E
	VALUES ("92a601d8-277c-4997-9eb4-d5b7deb57fc3",
	"d762763f-a9a1-421a-98a1-90403adf78e5",
	"d06ffdab-7fbd-4dc3-b472-f7ec514b623d");
INSERT INTO V_VAL
	VALUES ("24bf8b78-e927-495d-8ade-830a35cfb3c7",
	0,
	0,
	2,
	12,
	15,
	0,
	0,
	0,
	0,
	"f3b22070-8f46-4382-baa9-be5973b56db4",
	"9ac6f5d6-4143-4f89-b297-6df58fe679eb");
INSERT INTO V_PVL
	VALUES ("24bf8b78-e927-495d-8ade-830a35cfb3c7",
	"00000000-0000-0000-0000-000000000000",
	"7a812faa-480d-4e4f-9cd3-1fe840fb419d",
	"00000000-0000-0000-0000-000000000000");
INSERT INTO V_VAL
	VALUES ("690d5e92-bbfa-4699-8053-2659d66e90a9",
	0,
	0,
	2,
	17,
	25,
	0,
	0,
	0,
	0,
	"bb2aad42-e125-4543-bcd6-e4515b678378",
	"9ac6f5d6-4143-4f89-b297-6df58fe679eb");
INSERT INTO V_MVL
	VALUES ("690d5e92-bbfa-4699-8053-2659d66e90a9",
	"24bf8b78-e927-495d-8ade-830a35cfb3c7",
	"5d275f57-7401-4a94-bebd-f53d58f4fc1e",
	"f3b22070-8f46-4382-baa9-be5973b56db4");
INSERT INTO V_VAL
	VALUES ("3086aefa-3a2b-459d-ac8f-0c49476ff512",
	0,
	0,
	-1,
	-1,
	-1,
	0,
	0,
	0,
	0,
	"ed855afe-b773-4348-9030-494350c96719",
	"9ac6f5d6-4143-4f89-b297-6df58fe679eb");
INSERT INTO V_BIN
	VALUES ("3086aefa-3a2b-459d-ac8f-0c49476ff512",
	"bb100b7e-354d-47cc-9044-706301f22cf3",
	"690d5e92-bbfa-4699-8053-2659d66e90a9",
	'==');
INSERT INTO V_VAL
	VALUES ("bb100b7e-354d-47cc-9044-706301f22cf3",
	0,
	0,
	2,
	30,
	30,
	0,
	0,
	0,
	0,
	"bb2aad42-e125-4543-bcd6-e4515b678378",
	"9ac6f5d6-4143-4f89-b297-6df58fe679eb");
INSERT INTO V_LIN
	VALUES ("bb100b7e-354d-47cc-9044-706301f22cf3",
	'1');
INSERT INTO V_VAL
	VALUES ("db1f4e55-b224-43cc-af2d-433889c8d4eb",
	0,
	0,
	8,
	12,
	15,
	0,
	0,
	0,
	0,
	"f3b22070-8f46-4382-baa9-be5973b56db4",
	"9ac6f5d6-4143-4f89-b297-6df58fe679eb");
INSERT INTO V_PVL
	VALUES ("db1f4e55-b224-43cc-af2d-433889c8d4eb",
	"00000000-0000-0000-0000-000000000000",
	"7a812faa-480d-4e4f-9cd3-1fe840fb419d",
	"00000000-0000-0000-0000-000000000000");
INSERT INTO V_VAL
	VALUES ("2fec435c-0eae-440b-9cad-b30255251cd0",
	0,
	0,
	8,
	17,
	25,
	0,
	0,
	0,
	0,
	"ed855afe-b773-4348-9030-494350c96719",
	"9ac6f5d6-4143-4f89-b297-6df58fe679eb");
INSERT INTO V_MVL
	VALUES ("2fec435c-0eae-440b-9cad-b30255251cd0",
	"db1f4e55-b224-43cc-af2d-433889c8d4eb",
	"bc071b7d-9f8c-45b7-81e3-1c67a2ea835d",
	"f3b22070-8f46-4382-baa9-be5973b56db4");
INSERT INTO V_VAL
	VALUES ("7f5faa44-588a-4472-a50a-48f97d643335",
	0,
	0,
	-1,
	-1,
	-1,
	0,
	0,
	0,
	0,
	"ed855afe-b773-4348-9030-494350c96719",
	"9ac6f5d6-4143-4f89-b297-6df58fe679eb");
INSERT INTO V_BIN
	VALUES ("7f5faa44-588a-4472-a50a-48f97d643335",
	"f7b3520b-5391-4b48-b7a5-605dc12de32f",
	"2fec435c-0eae-440b-9cad-b30255251cd0",
	'==');
INSERT INTO V_VAL
	VALUES ("f7b3520b-5391-4b48-b7a5-605dc12de32f",
	0,
	0,
	-1,
	-1,
	-1,
	0,
	0,
	0,
	0,
	"ed855afe-b773-4348-9030-494350c96719",
	"9ac6f5d6-4143-4f89-b297-6df58fe679eb");
INSERT INTO V_LBO
	VALUES ("f7b3520b-5391-4b48-b7a5-605dc12de32f",
	'TRUE');
INSERT INTO V_VAL
	VALUES ("e7adca5b-1c98-44f9-8be1-3d34a963e36d",
	0,
	0,
	14,
	12,
	15,
	0,
	0,
	0,
	0,
	"f3b22070-8f46-4382-baa9-be5973b56db4",
	"9ac6f5d6-4143-4f89-b297-6df58fe679eb");
INSERT INTO V_PVL
	VALUES ("e7adca5b-1c98-44f9-8be1-3d34a963e36d",
	"00000000-0000-0000-0000-000000000000",
	"7a812faa-480d-4e4f-9cd3-1fe840fb419d",
	"00000000-0000-0000-0000-000000000000");
INSERT INTO V_VAL
	VALUES ("c05a360e-058e-4126-8f5c-1a4391119ea3",
	0,
	0,
	14,
	17,
	22,
	0,
	0,
	0,
	0,
	"13652848-f535-4373-84cd-5470fe8f20b8",
	"9ac6f5d6-4143-4f89-b297-6df58fe679eb");
INSERT INTO V_MVL
	VALUES ("c05a360e-058e-4126-8f5c-1a4391119ea3",
	"e7adca5b-1c98-44f9-8be1-3d34a963e36d",
	"6a3cbb72-43bb-4370-9658-904420fc70e8",
	"f3b22070-8f46-4382-baa9-be5973b56db4");
INSERT INTO V_VAL
	VALUES ("6ed7536e-7ec9-4e8a-bc7d-423882a06051",
	0,
	0,
	-1,
	-1,
	-1,
	0,
	0,
	0,
	0,
	"ed855afe-b773-4348-9030-494350c96719",
	"9ac6f5d6-4143-4f89-b297-6df58fe679eb");
INSERT INTO V_BIN
	VALUES ("6ed7536e-7ec9-4e8a-bc7d-423882a06051",
	"d769ac34-e26e-4c53-945b-0f420974aaaa",
	"c05a360e-058e-4126-8f5c-1a4391119ea3",
	'==');
INSERT INTO V_VAL
	VALUES ("d769ac34-e26e-4c53-945b-0f420974aaaa",
	0,
	0,
	14,
	32,
	-1,
	0,
	0,
	0,
	0,
	"13652848-f535-4373-84cd-5470fe8f20b8",
	"9ac6f5d6-4143-4f89-b297-6df58fe679eb");
INSERT INTO V_BRV
	VALUES ("d769ac34-e26e-4c53-945b-0f420974aaaa",
	"7a681c3d-8b02-491d-b228-e848c5961a73",
	1,
	14,
	27);
INSERT INTO V_VAL
	VALUES ("8c40a345-e26d-4553-836e-a5d5338d2572",
	0,
	0,
	20,
	12,
	15,
	0,
	0,
	0,
	0,
	"f3b22070-8f46-4382-baa9-be5973b56db4",
	"9ac6f5d6-4143-4f89-b297-6df58fe679eb");
INSERT INTO V_PVL
	VALUES ("8c40a345-e26d-4553-836e-a5d5338d2572",
	"00000000-0000-0000-0000-000000000000",
	"7a812faa-480d-4e4f-9cd3-1fe840fb419d",
	"00000000-0000-0000-0000-000000000000");
INSERT INTO V_VAL
	VALUES ("becbbce1-20b6-4913-8637-20b94265e509",
	0,
	0,
	20,
	17,
	22,
	0,
	0,
	0,
	0,
	"1b4eef3c-5a32-4532-b6ba-6bd1a5ee28ec",
	"9ac6f5d6-4143-4f89-b297-6df58fe679eb");
INSERT INTO V_MVL
	VALUES ("becbbce1-20b6-4913-8637-20b94265e509",
	"8c40a345-e26d-4553-836e-a5d5338d2572",
	"c7f5cb51-b6f9-41cb-9922-1d7845743371",
	"f3b22070-8f46-4382-baa9-be5973b56db4");
INSERT INTO V_VAL
	VALUES ("55e4021c-cd9f-4c42-a1ec-511eae2ee690",
	0,
	0,
	-1,
	-1,
	-1,
	0,
	0,
	0,
	0,
	"ed855afe-b773-4348-9030-494350c96719",
	"9ac6f5d6-4143-4f89-b297-6df58fe679eb");
INSERT INTO V_BIN
	VALUES ("55e4021c-cd9f-4c42-a1ec-511eae2ee690",
	"3ec8e423-d421-473d-a0ad-cbbc80a0d402",
	"becbbce1-20b6-4913-8637-20b94265e509",
	'==');
INSERT INTO V_VAL
	VALUES ("3ec8e423-d421-473d-a0ad-cbbc80a0d402",
	0,
	0,
	20,
	27,
	29,
	0,
	0,
	0,
	0,
	"1b4eef3c-5a32-4532-b6ba-6bd1a5ee28ec",
	"9ac6f5d6-4143-4f89-b297-6df58fe679eb");
INSERT INTO V_LRL
	VALUES ("3ec8e423-d421-473d-a0ad-cbbc80a0d402",
	'1.0');
INSERT INTO V_VAL
	VALUES ("07941fd6-6399-4fcc-94bf-1dce4fa6c25f",
	0,
	0,
	26,
	12,
	15,
	0,
	0,
	0,
	0,
	"f3b22070-8f46-4382-baa9-be5973b56db4",
	"9ac6f5d6-4143-4f89-b297-6df58fe679eb");
INSERT INTO V_PVL
	VALUES ("07941fd6-6399-4fcc-94bf-1dce4fa6c25f",
	"00000000-0000-0000-0000-000000000000",
	"7a812faa-480d-4e4f-9cd3-1fe840fb419d",
	"00000000-0000-0000-0000-000000000000");
INSERT INTO V_VAL
	VALUES ("29ee9027-9e2b-43da-827d-e82689b417d1",
	0,
	0,
	26,
	17,
	24,
	0,
	0,
	0,
	0,
	"fc579625-527e-4796-9485-440b72c36cdf",
	"9ac6f5d6-4143-4f89-b297-6df58fe679eb");
INSERT INTO V_MVL
	VALUES ("29ee9027-9e2b-43da-827d-e82689b417d1",
	"07941fd6-6399-4fcc-94bf-1dce4fa6c25f",
	"e8aeb5a8-8e14-42e6-afe4-e4557db47146",
	"f3b22070-8f46-4382-baa9-be5973b56db4");
INSERT INTO V_VAL
	VALUES ("727c22ee-d713-405d-9025-bcaa8c9f7301",
	0,
	0,
	-1,
	-1,
	-1,
	0,
	0,
	0,
	0,
	"ed855afe-b773-4348-9030-494350c96719",
	"9ac6f5d6-4143-4f89-b297-6df58fe679eb");
INSERT INTO V_BIN
	VALUES ("727c22ee-d713-405d-9025-bcaa8c9f7301",
	"35b3ec3d-2ec4-4e42-a3da-9412cbf92e63",
	"29ee9027-9e2b-43da-827d-e82689b417d1",
	'==');
INSERT INTO V_VAL
	VALUES ("35b3ec3d-2ec4-4e42-a3da-9412cbf92e63",
	0,
	0,
	26,
	29,
	35,
	0,
	0,
	0,
	0,
	"fc579625-527e-4796-9485-440b72c36cdf",
	"9ac6f5d6-4143-4f89-b297-6df58fe679eb");
INSERT INTO V_LST
	VALUES ("35b3ec3d-2ec4-4e42-a3da-9412cbf92e63",
	'myData');
INSERT INTO V_VAL
	VALUES ("ae3df31b-a55e-4f2f-a0bc-2540d70e317c",
	0,
	0,
	32,
	12,
	15,
	0,
	0,
	0,
	0,
	"f3b22070-8f46-4382-baa9-be5973b56db4",
	"9ac6f5d6-4143-4f89-b297-6df58fe679eb");
INSERT INTO V_PVL
	VALUES ("ae3df31b-a55e-4f2f-a0bc-2540d70e317c",
	"00000000-0000-0000-0000-000000000000",
	"7a812faa-480d-4e4f-9cd3-1fe840fb419d",
	"00000000-0000-0000-0000-000000000000");
INSERT INTO V_VAL
	VALUES ("1111def4-7b43-4a36-81ba-22741d48db5f",
	0,
	0,
	32,
	17,
	27,
	0,
	0,
	0,
	0,
	"f110c26b-e74a-47a6-bd78-09e2355d90d6",
	"9ac6f5d6-4143-4f89-b297-6df58fe679eb");
INSERT INTO V_MVL
	VALUES ("1111def4-7b43-4a36-81ba-22741d48db5f",
	"ae3df31b-a55e-4f2f-a0bc-2540d70e317c",
	"699c58b9-d2b0-4927-9ac2-ca82d8bbfcbb",
	"f3b22070-8f46-4382-baa9-be5973b56db4");
INSERT INTO V_VAL
	VALUES ("6a5e3ff3-ca21-40dc-8047-b12ba01f46b2",
	0,
	0,
	-1,
	-1,
	-1,
	0,
	0,
	0,
	0,
	"ed855afe-b773-4348-9030-494350c96719",
	"9ac6f5d6-4143-4f89-b297-6df58fe679eb");
INSERT INTO V_BIN
	VALUES ("6a5e3ff3-ca21-40dc-8047-b12ba01f46b2",
	"60e11545-d569-4255-bbc7-952928b3560a",
	"1111def4-7b43-4a36-81ba-22741d48db5f",
	'<');
INSERT INTO V_VAL
	VALUES ("60e11545-d569-4255-bbc7-952928b3560a",
	0,
	0,
	32,
	36,
	-1,
	0,
	0,
	0,
	0,
	"f110c26b-e74a-47a6-bd78-09e2355d90d6",
	"9ac6f5d6-4143-4f89-b297-6df58fe679eb");
INSERT INTO V_BRV
	VALUES ("60e11545-d569-4255-bbc7-952928b3560a",
	"76527422-354b-48ac-a584-53385ab85341",
	1,
	32,
	31);
INSERT INTO V_VAL
	VALUES ("2598835a-c118-48bc-b4da-7076697223a6",
	0,
	0,
	40,
	12,
	15,
	0,
	0,
	0,
	0,
	"f3b22070-8f46-4382-baa9-be5973b56db4",
	"9ac6f5d6-4143-4f89-b297-6df58fe679eb");
INSERT INTO V_PVL
	VALUES ("2598835a-c118-48bc-b4da-7076697223a6",
	"00000000-0000-0000-0000-000000000000",
	"7a812faa-480d-4e4f-9cd3-1fe840fb419d",
	"00000000-0000-0000-0000-000000000000");
INSERT INTO ACT_BLK
	VALUES ("f3d37795-75c7-4c0e-a929-27d24d8bd734",
	0,
	0,
	0,
	'LOG',
	'',
	'',
	3,
	3,
	3,
	3,
	0,
	0,
	0,
	0,
	0,
	0,
	0,
	0,
	0,
	"31c21038-821c-4d0a-aff9-72a2c3ca548f",
	"00000000-0000-0000-0000-000000000000");
INSERT INTO ACT_SMT
	VALUES ("8db73aa3-cc92-458c-8824-849d600bf468",
	"f3d37795-75c7-4c0e-a929-27d24d8bd734",
	"00000000-0000-0000-0000-000000000000",
	3,
	3,
	'checkDataDFByVal line: 3');
INSERT INTO ACT_BRG
	VALUES ("8db73aa3-cc92-458c-8824-849d600bf468",
	"f2f7277d-5b46-4382-aca0-8e16b822b623",
	3,
	8,
	3,
	3);
INSERT INTO V_VAL
	VALUES ("c4a907a2-9c6a-484a-9d5a-2ed9d234e96f",
	0,
	0,
	3,
	29,
	94,
	0,
	0,
	0,
	0,
	"fc579625-527e-4796-9485-440b72c36cdf",
	"f3d37795-75c7-4c0e-a929-27d24d8bd734");
INSERT INTO V_LST
	VALUES ("c4a907a2-9c6a-484a-9d5a-2ed9d234e96f",
	'Successful read of SDT int member in pass-by-val domain function.');
INSERT INTO V_PAR
	VALUES ("c4a907a2-9c6a-484a-9d5a-2ed9d234e96f",
	"8db73aa3-cc92-458c-8824-849d600bf468",
	"00000000-0000-0000-0000-000000000000",
	'message',
	"00000000-0000-0000-0000-000000000000",
	3,
	20);
INSERT INTO ACT_BLK
	VALUES ("0da5f40e-37f6-4c02-92b1-8ca808d05a42",
	0,
	0,
	0,
	'LOG',
	'',
	'',
	6,
	3,
	5,
	3,
	0,
	0,
	0,
	0,
	0,
	0,
	0,
	0,
	0,
	"31c21038-821c-4d0a-aff9-72a2c3ca548f",
	"00000000-0000-0000-0000-000000000000");
INSERT INTO ACT_SMT
	VALUES ("32f80ad4-a242-4e14-a09c-3b2d36925f22",
	"0da5f40e-37f6-4c02-92b1-8ca808d05a42",
	"85fa44af-802d-4db0-9e09-870dd50fedd1",
	5,
	3,
	'checkDataDFByVal line: 5');
INSERT INTO ACT_BRG
	VALUES ("32f80ad4-a242-4e14-a09c-3b2d36925f22",
	"85a2ae18-4cb8-4b1f-a989-c9af21c1561b",
	5,
	8,
	5,
	3);
INSERT INTO ACT_SMT
	VALUES ("85fa44af-802d-4db0-9e09-870dd50fedd1",
	"0da5f40e-37f6-4c02-92b1-8ca808d05a42",
	"00000000-0000-0000-0000-000000000000",
	6,
	3,
	'checkDataDFByVal line: 6');
INSERT INTO ACT_FNC
	VALUES ("85fa44af-802d-4db0-9e09-870dd50fedd1",
	"a3929c52-9e1a-45f7-acc5-5bd9cf747c56",
	6,
	5);
INSERT INTO V_VAL
	VALUES ("d54d4080-d4ff-433a-8801-40b0920b8b0f",
	0,
	0,
	5,
	29,
	96,
	0,
	0,
	0,
	0,
	"fc579625-527e-4796-9485-440b72c36cdf",
	"0da5f40e-37f6-4c02-92b1-8ca808d05a42");
INSERT INTO V_LST
	VALUES ("d54d4080-d4ff-433a-8801-40b0920b8b0f",
	'Unsuccessful read of SDT int member in pass-by-val domain function.');
INSERT INTO V_PAR
	VALUES ("d54d4080-d4ff-433a-8801-40b0920b8b0f",
	"32f80ad4-a242-4e14-a09c-3b2d36925f22",
	"00000000-0000-0000-0000-000000000000",
	'message',
	"00000000-0000-0000-0000-000000000000",
	5,
	20);
INSERT INTO ACT_BLK
	VALUES ("02984107-5b22-4f63-9d36-6ecfe76e2583",
	0,
	0,
	0,
	'LOG',
	'',
	'',
	9,
	3,
	9,
	3,
	0,
	0,
	0,
	0,
	0,
	0,
	0,
	0,
	0,
	"31c21038-821c-4d0a-aff9-72a2c3ca548f",
	"00000000-0000-0000-0000-000000000000");
INSERT INTO ACT_SMT
	VALUES ("29f9c6e2-1d94-4e94-8d99-e3b268a77fb2",
	"02984107-5b22-4f63-9d36-6ecfe76e2583",
	"00000000-0000-0000-0000-000000000000",
	9,
	3,
	'checkDataDFByVal line: 9');
INSERT INTO ACT_BRG
	VALUES ("29f9c6e2-1d94-4e94-8d99-e3b268a77fb2",
	"f2f7277d-5b46-4382-aca0-8e16b822b623",
	9,
	8,
	9,
	3);
INSERT INTO V_VAL
	VALUES ("f4351fde-f6a8-445f-8133-5fd32caa795a",
	0,
	0,
	9,
	29,
	98,
	0,
	0,
	0,
	0,
	"fc579625-527e-4796-9485-440b72c36cdf",
	"02984107-5b22-4f63-9d36-6ecfe76e2583");
INSERT INTO V_LST
	VALUES ("f4351fde-f6a8-445f-8133-5fd32caa795a",
	'Successful read of SDT boolean member in pass-by-val domain function.');
INSERT INTO V_PAR
	VALUES ("f4351fde-f6a8-445f-8133-5fd32caa795a",
	"29f9c6e2-1d94-4e94-8d99-e3b268a77fb2",
	"00000000-0000-0000-0000-000000000000",
	'message',
	"00000000-0000-0000-0000-000000000000",
	9,
	20);
INSERT INTO ACT_BLK
	VALUES ("29930970-3f5e-47fe-8370-4b022953bcd9",
	0,
	0,
	0,
	'LOG',
	'',
	'',
	12,
	3,
	11,
	3,
	0,
	0,
	0,
	0,
	0,
	0,
	0,
	0,
	0,
	"31c21038-821c-4d0a-aff9-72a2c3ca548f",
	"00000000-0000-0000-0000-000000000000");
INSERT INTO ACT_SMT
	VALUES ("ca177120-4bac-4de4-a67b-0832fcebe35c",
	"29930970-3f5e-47fe-8370-4b022953bcd9",
	"c4334176-da8b-4520-8eb7-8d0d18411e69",
	11,
	3,
	'checkDataDFByVal line: 11');
INSERT INTO ACT_BRG
	VALUES ("ca177120-4bac-4de4-a67b-0832fcebe35c",
	"85a2ae18-4cb8-4b1f-a989-c9af21c1561b",
	11,
	8,
	11,
	3);
INSERT INTO ACT_SMT
	VALUES ("c4334176-da8b-4520-8eb7-8d0d18411e69",
	"29930970-3f5e-47fe-8370-4b022953bcd9",
	"00000000-0000-0000-0000-000000000000",
	12,
	3,
	'checkDataDFByVal line: 12');
INSERT INTO ACT_FNC
	VALUES ("c4334176-da8b-4520-8eb7-8d0d18411e69",
	"a3929c52-9e1a-45f7-acc5-5bd9cf747c56",
	12,
	5);
INSERT INTO V_VAL
	VALUES ("91a362a2-8dcb-4a37-9385-f26b18a7cee1",
	0,
	0,
	11,
	29,
	100,
	0,
	0,
	0,
	0,
	"fc579625-527e-4796-9485-440b72c36cdf",
	"29930970-3f5e-47fe-8370-4b022953bcd9");
INSERT INTO V_LST
	VALUES ("91a362a2-8dcb-4a37-9385-f26b18a7cee1",
	'Unsuccessful read of SDT boolean member in pass-by-val domain function.');
INSERT INTO V_PAR
	VALUES ("91a362a2-8dcb-4a37-9385-f26b18a7cee1",
	"ca177120-4bac-4de4-a67b-0832fcebe35c",
	"00000000-0000-0000-0000-000000000000",
	'message',
	"00000000-0000-0000-0000-000000000000",
	11,
	20);
INSERT INTO ACT_BLK
	VALUES ("210c1519-a206-4f73-8450-2f63e56fb01b",
	0,
	0,
	0,
	'LOG',
	'',
	'',
	15,
	3,
	15,
	3,
	0,
	0,
	0,
	0,
	0,
	0,
	0,
	0,
	0,
	"31c21038-821c-4d0a-aff9-72a2c3ca548f",
	"00000000-0000-0000-0000-000000000000");
INSERT INTO ACT_SMT
	VALUES ("c76511ca-89ed-4a51-a205-8ec84116376d",
	"210c1519-a206-4f73-8450-2f63e56fb01b",
	"00000000-0000-0000-0000-000000000000",
	15,
	3,
	'checkDataDFByVal line: 15');
INSERT INTO ACT_BRG
	VALUES ("c76511ca-89ed-4a51-a205-8ec84116376d",
	"f2f7277d-5b46-4382-aca0-8e16b822b623",
	15,
	8,
	15,
	3);
INSERT INTO V_VAL
	VALUES ("57b8779f-aabe-4541-a44f-7348c27f0572",
	0,
	0,
	15,
	29,
	95,
	0,
	0,
	0,
	0,
	"fc579625-527e-4796-9485-440b72c36cdf",
	"210c1519-a206-4f73-8450-2f63e56fb01b");
INSERT INTO V_LST
	VALUES ("57b8779f-aabe-4541-a44f-7348c27f0572",
	'Successful read of SDT date member in pass-by-val domain function.');
INSERT INTO V_PAR
	VALUES ("57b8779f-aabe-4541-a44f-7348c27f0572",
	"c76511ca-89ed-4a51-a205-8ec84116376d",
	"00000000-0000-0000-0000-000000000000",
	'message',
	"00000000-0000-0000-0000-000000000000",
	15,
	20);
INSERT INTO ACT_BLK
	VALUES ("aaa3bf2e-fff8-48a7-8402-540003b4084f",
	0,
	0,
	0,
	'LOG',
	'',
	'',
	18,
	3,
	17,
	3,
	0,
	0,
	0,
	0,
	0,
	0,
	0,
	0,
	0,
	"31c21038-821c-4d0a-aff9-72a2c3ca548f",
	"00000000-0000-0000-0000-000000000000");
INSERT INTO ACT_SMT
	VALUES ("39887831-cdff-4458-a8d2-b0929b741f5e",
	"aaa3bf2e-fff8-48a7-8402-540003b4084f",
	"d68c3384-f3dc-4e0a-86f6-3f2f9875c495",
	17,
	3,
	'checkDataDFByVal line: 17');
INSERT INTO ACT_BRG
	VALUES ("39887831-cdff-4458-a8d2-b0929b741f5e",
	"85a2ae18-4cb8-4b1f-a989-c9af21c1561b",
	17,
	8,
	17,
	3);
INSERT INTO ACT_SMT
	VALUES ("d68c3384-f3dc-4e0a-86f6-3f2f9875c495",
	"aaa3bf2e-fff8-48a7-8402-540003b4084f",
	"00000000-0000-0000-0000-000000000000",
	18,
	3,
	'checkDataDFByVal line: 18');
INSERT INTO ACT_FNC
	VALUES ("d68c3384-f3dc-4e0a-86f6-3f2f9875c495",
	"a3929c52-9e1a-45f7-acc5-5bd9cf747c56",
	18,
	5);
INSERT INTO V_VAL
	VALUES ("ff71894f-19f5-4e73-afcf-39bd05ade4cc",
	0,
	0,
	17,
	29,
	97,
	0,
	0,
	0,
	0,
	"fc579625-527e-4796-9485-440b72c36cdf",
	"aaa3bf2e-fff8-48a7-8402-540003b4084f");
INSERT INTO V_LST
	VALUES ("ff71894f-19f5-4e73-afcf-39bd05ade4cc",
	'Unsuccessful read of SDT date member in pass-by-val domain function.');
INSERT INTO V_PAR
	VALUES ("ff71894f-19f5-4e73-afcf-39bd05ade4cc",
	"39887831-cdff-4458-a8d2-b0929b741f5e",
	"00000000-0000-0000-0000-000000000000",
	'message',
	"00000000-0000-0000-0000-000000000000",
	17,
	20);
INSERT INTO ACT_BLK
	VALUES ("0268d7f9-856c-44c5-8296-91c416bd4f84",
	0,
	0,
	0,
	'LOG',
	'',
	'',
	21,
	3,
	21,
	3,
	0,
	0,
	0,
	0,
	0,
	0,
	0,
	0,
	0,
	"31c21038-821c-4d0a-aff9-72a2c3ca548f",
	"00000000-0000-0000-0000-000000000000");
INSERT INTO ACT_SMT
	VALUES ("69e5bc0a-de86-484c-9940-ceb9e614523e",
	"0268d7f9-856c-44c5-8296-91c416bd4f84",
	"00000000-0000-0000-0000-000000000000",
	21,
	3,
	'checkDataDFByVal line: 21');
INSERT INTO ACT_BRG
	VALUES ("69e5bc0a-de86-484c-9940-ceb9e614523e",
	"f2f7277d-5b46-4382-aca0-8e16b822b623",
	21,
	8,
	21,
	3);
INSERT INTO V_VAL
	VALUES ("29448613-4d1a-46fa-9b94-7ffa0e291e24",
	0,
	0,
	21,
	29,
	95,
	0,
	0,
	0,
	0,
	"fc579625-527e-4796-9485-440b72c36cdf",
	"0268d7f9-856c-44c5-8296-91c416bd4f84");
INSERT INTO V_LST
	VALUES ("29448613-4d1a-46fa-9b94-7ffa0e291e24",
	'Successful read of SDT real member in pass-by-val domain function.');
INSERT INTO V_PAR
	VALUES ("29448613-4d1a-46fa-9b94-7ffa0e291e24",
	"69e5bc0a-de86-484c-9940-ceb9e614523e",
	"00000000-0000-0000-0000-000000000000",
	'message',
	"00000000-0000-0000-0000-000000000000",
	21,
	20);
INSERT INTO ACT_BLK
	VALUES ("01bd0ea8-9444-429a-b0b1-1160b8ae9000",
	0,
	0,
	0,
	'LOG',
	'',
	'',
	24,
	3,
	23,
	3,
	0,
	0,
	0,
	0,
	0,
	0,
	0,
	0,
	0,
	"31c21038-821c-4d0a-aff9-72a2c3ca548f",
	"00000000-0000-0000-0000-000000000000");
INSERT INTO ACT_SMT
	VALUES ("8fe4dd5f-15fb-4e28-b649-931ba5a35b3d",
	"01bd0ea8-9444-429a-b0b1-1160b8ae9000",
	"d5247d6a-d583-4b05-afc2-8abf75d79c00",
	23,
	3,
	'checkDataDFByVal line: 23');
INSERT INTO ACT_BRG
	VALUES ("8fe4dd5f-15fb-4e28-b649-931ba5a35b3d",
	"85a2ae18-4cb8-4b1f-a989-c9af21c1561b",
	23,
	8,
	23,
	3);
INSERT INTO ACT_SMT
	VALUES ("d5247d6a-d583-4b05-afc2-8abf75d79c00",
	"01bd0ea8-9444-429a-b0b1-1160b8ae9000",
	"00000000-0000-0000-0000-000000000000",
	24,
	3,
	'checkDataDFByVal line: 24');
INSERT INTO ACT_FNC
	VALUES ("d5247d6a-d583-4b05-afc2-8abf75d79c00",
	"a3929c52-9e1a-45f7-acc5-5bd9cf747c56",
	24,
	5);
INSERT INTO V_VAL
	VALUES ("733d53fc-9200-47b6-b47d-02babdf82944",
	0,
	0,
	23,
	29,
	97,
	0,
	0,
	0,
	0,
	"fc579625-527e-4796-9485-440b72c36cdf",
	"01bd0ea8-9444-429a-b0b1-1160b8ae9000");
INSERT INTO V_LST
	VALUES ("733d53fc-9200-47b6-b47d-02babdf82944",
	'Unsuccessful read of SDT real member in pass-by-val domain function.');
INSERT INTO V_PAR
	VALUES ("733d53fc-9200-47b6-b47d-02babdf82944",
	"8fe4dd5f-15fb-4e28-b649-931ba5a35b3d",
	"00000000-0000-0000-0000-000000000000",
	'message',
	"00000000-0000-0000-0000-000000000000",
	23,
	20);
INSERT INTO ACT_BLK
	VALUES ("815e84b1-ffd6-4b89-9286-b2f63a246308",
	0,
	0,
	0,
	'LOG',
	'',
	'',
	27,
	3,
	27,
	3,
	0,
	0,
	0,
	0,
	0,
	0,
	0,
	0,
	0,
	"31c21038-821c-4d0a-aff9-72a2c3ca548f",
	"00000000-0000-0000-0000-000000000000");
INSERT INTO ACT_SMT
	VALUES ("ca5399bb-a687-43fe-a18d-fc8472ab4102",
	"815e84b1-ffd6-4b89-9286-b2f63a246308",
	"00000000-0000-0000-0000-000000000000",
	27,
	3,
	'checkDataDFByVal line: 27');
INSERT INTO ACT_BRG
	VALUES ("ca5399bb-a687-43fe-a18d-fc8472ab4102",
	"f2f7277d-5b46-4382-aca0-8e16b822b623",
	27,
	8,
	27,
	3);
INSERT INTO V_VAL
	VALUES ("2b70aff6-08dd-4191-876f-efc5f5e89a52",
	0,
	0,
	27,
	29,
	97,
	0,
	0,
	0,
	0,
	"fc579625-527e-4796-9485-440b72c36cdf",
	"815e84b1-ffd6-4b89-9286-b2f63a246308");
INSERT INTO V_LST
	VALUES ("2b70aff6-08dd-4191-876f-efc5f5e89a52",
	'Successful read of SDT string member in pass-by-val domain function.');
INSERT INTO V_PAR
	VALUES ("2b70aff6-08dd-4191-876f-efc5f5e89a52",
	"ca5399bb-a687-43fe-a18d-fc8472ab4102",
	"00000000-0000-0000-0000-000000000000",
	'message',
	"00000000-0000-0000-0000-000000000000",
	27,
	20);
INSERT INTO ACT_BLK
	VALUES ("8aa6faa6-052b-4676-8d19-36decbb4b71f",
	0,
	0,
	0,
	'LOG',
	'',
	'',
	30,
	3,
	29,
	3,
	0,
	0,
	0,
	0,
	0,
	0,
	0,
	0,
	0,
	"31c21038-821c-4d0a-aff9-72a2c3ca548f",
	"00000000-0000-0000-0000-000000000000");
INSERT INTO ACT_SMT
	VALUES ("4b7525b9-590e-4a67-a6c6-f6837e30628f",
	"8aa6faa6-052b-4676-8d19-36decbb4b71f",
	"1dea1f7f-deb8-47bc-8257-aa46e0ff1ea5",
	29,
	3,
	'checkDataDFByVal line: 29');
INSERT INTO ACT_BRG
	VALUES ("4b7525b9-590e-4a67-a6c6-f6837e30628f",
	"85a2ae18-4cb8-4b1f-a989-c9af21c1561b",
	29,
	8,
	29,
	3);
INSERT INTO ACT_SMT
	VALUES ("1dea1f7f-deb8-47bc-8257-aa46e0ff1ea5",
	"8aa6faa6-052b-4676-8d19-36decbb4b71f",
	"00000000-0000-0000-0000-000000000000",
	30,
	3,
	'checkDataDFByVal line: 30');
INSERT INTO ACT_FNC
	VALUES ("1dea1f7f-deb8-47bc-8257-aa46e0ff1ea5",
	"a3929c52-9e1a-45f7-acc5-5bd9cf747c56",
	30,
	5);
INSERT INTO V_VAL
	VALUES ("a091603d-ce67-414b-a92f-7ea2118c485d",
	0,
	0,
	29,
	29,
	99,
	0,
	0,
	0,
	0,
	"fc579625-527e-4796-9485-440b72c36cdf",
	"8aa6faa6-052b-4676-8d19-36decbb4b71f");
INSERT INTO V_LST
	VALUES ("a091603d-ce67-414b-a92f-7ea2118c485d",
	'Unsuccessful read of SDT string member in pass-by-val domain function.');
INSERT INTO V_PAR
	VALUES ("a091603d-ce67-414b-a92f-7ea2118c485d",
	"4b7525b9-590e-4a67-a6c6-f6837e30628f",
	"00000000-0000-0000-0000-000000000000",
	'message',
	"00000000-0000-0000-0000-000000000000",
	29,
	20);
INSERT INTO ACT_BLK
	VALUES ("441f1ad5-2660-4eda-b6d1-d8667967e457",
	0,
	0,
	0,
	'LOG',
	'',
	'',
	33,
	3,
	33,
	3,
	0,
	0,
	0,
	0,
	0,
	0,
	0,
	0,
	0,
	"31c21038-821c-4d0a-aff9-72a2c3ca548f",
	"00000000-0000-0000-0000-000000000000");
INSERT INTO ACT_SMT
	VALUES ("601d8954-ebe1-411b-b9fe-f1682107c4e9",
	"441f1ad5-2660-4eda-b6d1-d8667967e457",
	"00000000-0000-0000-0000-000000000000",
	33,
	3,
	'checkDataDFByVal line: 33');
INSERT INTO ACT_BRG
	VALUES ("601d8954-ebe1-411b-b9fe-f1682107c4e9",
	"f2f7277d-5b46-4382-aca0-8e16b822b623",
	33,
	8,
	33,
	3);
INSERT INTO V_VAL
	VALUES ("3290d481-ff01-4d3f-bf5f-a92e8992e41a",
	0,
	0,
	33,
	29,
	100,
	0,
	0,
	0,
	0,
	"fc579625-527e-4796-9485-440b72c36cdf",
	"441f1ad5-2660-4eda-b6d1-d8667967e457");
INSERT INTO V_LST
	VALUES ("3290d481-ff01-4d3f-bf5f-a92e8992e41a",
	'Successful read of SDT timestamp member in pass-by-val domain function.');
INSERT INTO V_PAR
	VALUES ("3290d481-ff01-4d3f-bf5f-a92e8992e41a",
	"601d8954-ebe1-411b-b9fe-f1682107c4e9",
	"00000000-0000-0000-0000-000000000000",
	'message',
	"00000000-0000-0000-0000-000000000000",
	33,
	20);
INSERT INTO ACT_BLK
	VALUES ("d762763f-a9a1-421a-98a1-90403adf78e5",
	0,
	0,
	0,
	'LOG',
	'',
	'',
	36,
	3,
	35,
	3,
	0,
	0,
	0,
	0,
	0,
	0,
	0,
	0,
	0,
	"31c21038-821c-4d0a-aff9-72a2c3ca548f",
	"00000000-0000-0000-0000-000000000000");
INSERT INTO ACT_SMT
	VALUES ("116ff9da-4f5c-4604-ba0d-791e6ee38104",
	"d762763f-a9a1-421a-98a1-90403adf78e5",
	"671c8930-62cf-4074-bd71-3d00c20069ff",
	35,
	3,
	'checkDataDFByVal line: 35');
INSERT INTO ACT_BRG
	VALUES ("116ff9da-4f5c-4604-ba0d-791e6ee38104",
	"85a2ae18-4cb8-4b1f-a989-c9af21c1561b",
	35,
	8,
	35,
	3);
INSERT INTO ACT_SMT
	VALUES ("671c8930-62cf-4074-bd71-3d00c20069ff",
	"d762763f-a9a1-421a-98a1-90403adf78e5",
	"00000000-0000-0000-0000-000000000000",
	36,
	3,
	'checkDataDFByVal line: 36');
INSERT INTO ACT_FNC
	VALUES ("671c8930-62cf-4074-bd71-3d00c20069ff",
	"a3929c52-9e1a-45f7-acc5-5bd9cf747c56",
	36,
	5);
INSERT INTO V_VAL
	VALUES ("6e849333-5470-45f9-bc2a-da84d311e583",
	0,
	0,
	35,
	29,
	102,
	0,
	0,
	0,
	0,
	"fc579625-527e-4796-9485-440b72c36cdf",
	"d762763f-a9a1-421a-98a1-90403adf78e5");
INSERT INTO V_LST
	VALUES ("6e849333-5470-45f9-bc2a-da84d311e583",
	'Unsuccessful read of SDT timestamp member in pass-by-val domain function.');
INSERT INTO V_PAR
	VALUES ("6e849333-5470-45f9-bc2a-da84d311e583",
	"116ff9da-4f5c-4604-ba0d-791e6ee38104",
	"00000000-0000-0000-0000-000000000000",
	'message',
	"00000000-0000-0000-0000-000000000000",
	35,
	20);
INSERT INTO ACT_BLK
	VALUES ("e0233e52-f2ca-4ddd-8bcb-0124c9db93ec",
	0,
	0,
	0,
	'LOG',
	'',
	'',
	42,
	3,
	42,
	3,
	0,
	0,
	0,
	0,
	0,
	0,
	0,
	0,
	0,
	"31c21038-821c-4d0a-aff9-72a2c3ca548f",
	"00000000-0000-0000-0000-000000000000");
INSERT INTO ACT_SMT
	VALUES ("c769767d-7c43-4756-aa28-096656302c25",
	"e0233e52-f2ca-4ddd-8bcb-0124c9db93ec",
	"00000000-0000-0000-0000-000000000000",
	42,
	3,
	'checkDataDFByVal line: 42');
INSERT INTO ACT_BRG
	VALUES ("c769767d-7c43-4756-aa28-096656302c25",
	"f2f7277d-5b46-4382-aca0-8e16b822b623",
	42,
	8,
	42,
	3);
INSERT INTO V_VAL
	VALUES ("5ce6c935-a58d-485d-9f18-ebdda3ab5515",
	0,
	0,
	42,
	29,
	101,
	0,
	0,
	0,
	0,
	"fc579625-527e-4796-9485-440b72c36cdf",
	"e0233e52-f2ca-4ddd-8bcb-0124c9db93ec");
INSERT INTO V_LST
	VALUES ("5ce6c935-a58d-485d-9f18-ebdda3ab5515",
	'Successful read of nested SDT int member in pass-by-val domain function.');
INSERT INTO V_PAR
	VALUES ("5ce6c935-a58d-485d-9f18-ebdda3ab5515",
	"c769767d-7c43-4756-aa28-096656302c25",
	"00000000-0000-0000-0000-000000000000",
	'message',
	"00000000-0000-0000-0000-000000000000",
	42,
	20);
INSERT INTO S_FIP
	VALUES ("37769271-2aa6-40bd-ab34-a4f438e6328d",
	"4d4393d5-941a-4266-b92e-93f1298eaac9");
INSERT INTO S_SYNC
	VALUES ("4d4393d5-941a-4266-b92e-93f1298eaac9",
	"19450ed8-0d9a-4e6f-bd79-44bf244e7937",
	'checkDataDFByRef',
	'',
	'// Read SDT data
if ( param.data.a_integer == 1 )
  LOG::LogSuccess( message: "Successful read of SDT int member in pass-by-ref domain function." );
else
  LOG::LogFailure( message: "Unsuccessful read of SDT int member in pass-by-ref domain function." );
  ::failedChecksTest();
end if;
if ( param.data.a_boolean == true )
  LOG::LogSuccess( message: "Successful read of SDT boolean member in pass-by-ref domain function." );
else
  LOG::LogFailure( message: "Unsuccessful read of SDT boolean member in pass-by-ref domain function." );
  ::failedChecksTest();
end if;
if ( param.data.a_date == TIM::current_date() )
  LOG::LogSuccess( message: "Successful read of SDT date member in pass-by-ref domain function." );
else
  LOG::LogFailure( message: "Unsuccessful read of SDT date member in pass-by-ref domain function." );
  ::failedChecksTest();
end if;
if ( param.data.a_real == 1.0 )
  LOG::LogSuccess( message: "Successful read of SDT real member in pass-by-ref domain function." );
else
  LOG::LogFailure( message: "Unsuccessful read of SDT real member in pass-by-ref domain function." );
  ::failedChecksTest();
end if;
if ( param.data.a_string == "myData" )
  LOG::LogSuccess( message: "Successful read of SDT string member in pass-by-ref domain function." );
else
  LOG::LogFailure( message: "Unsuccessful read of SDT string member in pass-by-ref domain function." );
  ::failedChecksTest();
end if;
if ( param.data.a_timestamp < TIM::current_clock() )
  LOG::LogSuccess( message: "Successful read of SDT timestamp member in pass-by-ref domain function." );
else
  LOG::LogFailure( message: "Unsuccessful read of SDT timestamp member in pass-by-ref domain function." );
  ::failedChecksTest();
end if;

//
if ( param.data.a_integer == param.data.a_TypeContainer.a_integer
     and param.data.a_TypeContainer.a_integer == 1)
  LOG::LogSuccess( message: "Successful read of nested SDT int member in pass-by-ref domain function." );
else
  LOG::LogFailure( message: "Unsuccessful read of nested SDT int member in pass-by-ref domain function." );
  ::failedChecksTest();
end if;
if ( param.data.a_boolean == param.data.a_TypeContainer.a_boolean 
     and param.data.a_TypeContainer.a_boolean == true)
  LOG::LogSuccess( message: "Successful read of nested SDT boolean member in pass-by-ref domain function." );
else
  LOG::LogFailure( message: "Unsuccessful read of nested SDT boolean member in pass-by-ref domain function." );
  ::failedChecksTest();
end if;
if ( param.data.a_date == param.data.a_TypeContainer.a_date 
     and param.data.a_TypeContainer.a_date == TIM::current_date() )
  LOG::LogSuccess( message: "Successful read of nested SDT date member in pass-by-ref domain function." );
else
  LOG::LogFailure( message: "Unsuccessful read of nested SDT date member in pass-by-ref domain function." );
  ::failedChecksTest();
end if;
if ( param.data.a_real == param.data.a_TypeContainer.a_real 
     and param.data.a_TypeContainer.a_real == 1.0)
  LOG::LogSuccess( message: "Successful read of nested SDT real member in pass-by-ref domain function." );
else
  LOG::LogFailure( message: "Unsuccessful read of nested SDT real member in pass-by-ref domain function." );
  ::failedChecksTest();
end if;
if ( param.data.a_string == param.data.a_TypeContainer.a_string 
     and param.data.a_TypeContainer.a_string == "myData")
  LOG::LogSuccess( message: "Successful read of nested SDT string member in pass-by-ref domain function." );
else
  LOG::LogFailure( message: "Unsuccessful read of nested SDT string member in pass-by-ref domain function." );
  ::failedChecksTest();
end if;
if ( param.data.a_timestamp == param.data.a_TypeContainer.a_timestamp 
     and param.data.a_TypeContainer.a_timestamp < TIM::current_clock())
  LOG::LogSuccess( message: "Successful read of nested SDT timestamp member in pass-by-ref domain function." );
else
  LOG::LogFailure( message: "Unsuccessful read of nested SDT timestamp member in pass-by-ref domain function." );
  ::failedChecksTest();
end if;
//


localData = param.data;
return localData;',
	"f3b22070-8f46-4382-baa9-be5973b56db4",
	1);
INSERT INTO S_SPARM
	VALUES ("c4c26fde-72e2-4826-adae-b9fdc984e94b",
	"4d4393d5-941a-4266-b92e-93f1298eaac9",
	'data',
	"f3b22070-8f46-4382-baa9-be5973b56db4",
	1);
INSERT INTO ACT_FNB
	VALUES ("0c87ad1b-54f1-4e2b-9a54-f30301996e45",
	"4d4393d5-941a-4266-b92e-93f1298eaac9");
INSERT INTO ACT_ACT
	VALUES ("0c87ad1b-54f1-4e2b-9a54-f30301996e45",
	'function',
	0,
	"bca2c97f-62f5-4042-8628-91bb8ce86cef",
	"00000000-0000-0000-0000-000000000000",
	0,
	'checkDataDFByRef',
	"00000000-0000-0000-0000-000000000000");
INSERT INTO ACT_BLK
	VALUES ("bca2c97f-62f5-4042-8628-91bb8ce86cef",
	0,
	0,
	0,
	'TIM',
	'',
	'',
	43,
	1,
	32,
	31,
	0,
	0,
	0,
	0,
	0,
	0,
	0,
	0,
	0,
	"0c87ad1b-54f1-4e2b-9a54-f30301996e45",
	"00000000-0000-0000-0000-000000000000");
INSERT INTO ACT_SMT
	VALUES ("1d32c7f3-8bc0-47aa-9584-ed7abc1b308b",
	"bca2c97f-62f5-4042-8628-91bb8ce86cef",
	"61abe34b-490b-4ab4-8dda-85985ee1fbe8",
	2,
	1,
	'checkDataDFByRef line: 2');
INSERT INTO ACT_IF
	VALUES ("1d32c7f3-8bc0-47aa-9584-ed7abc1b308b",
	"883f4361-9174-41d1-89e6-f1dd2264fe0a",
	"de2d7b4b-c743-4eaa-950c-3198e4bd2f66",
	"00000000-0000-0000-0000-000000000000",
	"00000000-0000-0000-0000-000000000000");
INSERT INTO ACT_SMT
	VALUES ("3c6ca141-b185-4170-bf1d-45644f5fb908",
	"bca2c97f-62f5-4042-8628-91bb8ce86cef",
	"00000000-0000-0000-0000-000000000000",
	4,
	1,
	'checkDataDFByRef line: 4');
INSERT INTO ACT_E
	VALUES ("3c6ca141-b185-4170-bf1d-45644f5fb908",
	"f3344006-2319-4d11-b708-b0a34449e54c",
	"1d32c7f3-8bc0-47aa-9584-ed7abc1b308b");
INSERT INTO ACT_SMT
	VALUES ("61abe34b-490b-4ab4-8dda-85985ee1fbe8",
	"bca2c97f-62f5-4042-8628-91bb8ce86cef",
	"42677007-229e-4ee1-b029-34ec7497dd60",
	8,
	1,
	'checkDataDFByRef line: 8');
INSERT INTO ACT_IF
	VALUES ("61abe34b-490b-4ab4-8dda-85985ee1fbe8",
	"0e7d6011-ae96-450c-b8aa-d8b7664195c1",
	"84291bc5-dea3-4bb0-a66f-3415bae8b236",
	"00000000-0000-0000-0000-000000000000",
	"00000000-0000-0000-0000-000000000000");
INSERT INTO ACT_SMT
	VALUES ("3694cd4e-4651-4d01-a962-cf6765c5aaa1",
	"bca2c97f-62f5-4042-8628-91bb8ce86cef",
	"00000000-0000-0000-0000-000000000000",
	10,
	1,
	'checkDataDFByRef line: 10');
INSERT INTO ACT_E
	VALUES ("3694cd4e-4651-4d01-a962-cf6765c5aaa1",
	"e84a9074-d00d-4b3a-a921-111c54d3e92d",
	"61abe34b-490b-4ab4-8dda-85985ee1fbe8");
INSERT INTO ACT_SMT
	VALUES ("42677007-229e-4ee1-b029-34ec7497dd60",
	"bca2c97f-62f5-4042-8628-91bb8ce86cef",
	"bf1a21b0-5fc2-4bf3-ad75-af2b753e97c6",
	14,
	1,
	'checkDataDFByRef line: 14');
INSERT INTO ACT_IF
	VALUES ("42677007-229e-4ee1-b029-34ec7497dd60",
	"a8579efb-56ca-4414-a2b5-9848a672fbd6",
	"93d5fd0d-c752-4792-b79a-6fb7ccd3a2f7",
	"00000000-0000-0000-0000-000000000000",
	"00000000-0000-0000-0000-000000000000");
INSERT INTO ACT_SMT
	VALUES ("c73d2ebb-196b-48e0-8ca5-30d829ef4bec",
	"bca2c97f-62f5-4042-8628-91bb8ce86cef",
	"00000000-0000-0000-0000-000000000000",
	16,
	1,
	'checkDataDFByRef line: 16');
INSERT INTO ACT_E
	VALUES ("c73d2ebb-196b-48e0-8ca5-30d829ef4bec",
	"e08d522d-3b05-4d9a-b41b-eee3e5454d2d",
	"42677007-229e-4ee1-b029-34ec7497dd60");
INSERT INTO ACT_SMT
	VALUES ("bf1a21b0-5fc2-4bf3-ad75-af2b753e97c6",
	"bca2c97f-62f5-4042-8628-91bb8ce86cef",
	"b21a352a-9f96-4482-bfa0-d539cf89b5b1",
	20,
	1,
	'checkDataDFByRef line: 20');
INSERT INTO ACT_IF
	VALUES ("bf1a21b0-5fc2-4bf3-ad75-af2b753e97c6",
	"b8e76441-573d-49a3-b1a2-72847c00cfa0",
	"f6e674e7-f914-4664-ae2e-c08699498373",
	"00000000-0000-0000-0000-000000000000",
	"00000000-0000-0000-0000-000000000000");
INSERT INTO ACT_SMT
	VALUES ("8629c274-bd51-4b90-9a98-e5cdf6a694af",
	"bca2c97f-62f5-4042-8628-91bb8ce86cef",
	"00000000-0000-0000-0000-000000000000",
	22,
	1,
	'checkDataDFByRef line: 22');
INSERT INTO ACT_E
	VALUES ("8629c274-bd51-4b90-9a98-e5cdf6a694af",
	"56b0712b-5c22-40ed-8562-5a56723378d7",
	"bf1a21b0-5fc2-4bf3-ad75-af2b753e97c6");
INSERT INTO ACT_SMT
	VALUES ("b21a352a-9f96-4482-bfa0-d539cf89b5b1",
	"bca2c97f-62f5-4042-8628-91bb8ce86cef",
	"e84e2c37-0890-4450-9f10-59e4a8c09549",
	26,
	1,
	'checkDataDFByRef line: 26');
INSERT INTO ACT_IF
	VALUES ("b21a352a-9f96-4482-bfa0-d539cf89b5b1",
	"5a2aff98-490b-4a3a-9e05-cf0a5bc1d77a",
	"08b64e91-000f-4a14-ab3b-84c06d05fe33",
	"00000000-0000-0000-0000-000000000000",
	"00000000-0000-0000-0000-000000000000");
INSERT INTO ACT_SMT
	VALUES ("846dbbcd-036f-4490-a975-c93d181f39b6",
	"bca2c97f-62f5-4042-8628-91bb8ce86cef",
	"00000000-0000-0000-0000-000000000000",
	28,
	1,
	'checkDataDFByRef line: 28');
INSERT INTO ACT_E
	VALUES ("846dbbcd-036f-4490-a975-c93d181f39b6",
	"ad7f16b7-a974-46c5-b370-068168b4f610",
	"b21a352a-9f96-4482-bfa0-d539cf89b5b1");
INSERT INTO ACT_SMT
	VALUES ("e84e2c37-0890-4450-9f10-59e4a8c09549",
	"bca2c97f-62f5-4042-8628-91bb8ce86cef",
	"00000000-0000-0000-0000-000000000000",
	32,
	1,
	'checkDataDFByRef line: 32');
INSERT INTO ACT_IF
	VALUES ("e84e2c37-0890-4450-9f10-59e4a8c09549",
	"951f5f13-603e-4dcb-bbd4-ecdc81b7fa3d",
	"c64f7df2-19dc-4e5e-b5b8-075e225f66ef",
	"00000000-0000-0000-0000-000000000000",
	"00000000-0000-0000-0000-000000000000");
INSERT INTO ACT_SMT
	VALUES ("6ef22a57-3f87-4315-b05b-cca3b4388b9f",
	"bca2c97f-62f5-4042-8628-91bb8ce86cef",
	"00000000-0000-0000-0000-000000000000",
	34,
	1,
	'checkDataDFByRef line: 34');
INSERT INTO ACT_E
	VALUES ("6ef22a57-3f87-4315-b05b-cca3b4388b9f",
	"a439bfd6-723e-458d-9b5d-22f4b4dae883",
	"e84e2c37-0890-4450-9f10-59e4a8c09549");
INSERT INTO V_VAL
	VALUES ("2b73ae33-5383-4fa1-9b17-b4b24409848a",
	0,
	0,
	40,
	36,
	39,
	0,
	0,
	0,
	0,
	"f3b22070-8f46-4382-baa9-be5973b56db4",
	"bca2c97f-62f5-4042-8628-91bb8ce86cef");
INSERT INTO V_PVL
	VALUES ("2b73ae33-5383-4fa1-9b17-b4b24409848a",
	"00000000-0000-0000-0000-000000000000",
	"c4c26fde-72e2-4826-adae-b9fdc984e94b",
	"00000000-0000-0000-0000-000000000000");
INSERT INTO V_VAL
	VALUES ("4f29dff5-2dfc-497d-b3f7-4ba6453dd950",
	0,
	0,
	41,
	16,
	19,
	0,
	0,
	0,
	0,
	"f3b22070-8f46-4382-baa9-be5973b56db4",
	"bca2c97f-62f5-4042-8628-91bb8ce86cef");
INSERT INTO V_PVL
	VALUES ("4f29dff5-2dfc-497d-b3f7-4ba6453dd950",
	"00000000-0000-0000-0000-000000000000",
	"c4c26fde-72e2-4826-adae-b9fdc984e94b",
	"00000000-0000-0000-0000-000000000000");
INSERT INTO V_VAL
	VALUES ("3c3790c7-38db-45fc-a055-595d13812da8",
	0,
	0,
	2,
	12,
	15,
	0,
	0,
	0,
	0,
	"f3b22070-8f46-4382-baa9-be5973b56db4",
	"bca2c97f-62f5-4042-8628-91bb8ce86cef");
INSERT INTO V_PVL
	VALUES ("3c3790c7-38db-45fc-a055-595d13812da8",
	"00000000-0000-0000-0000-000000000000",
	"c4c26fde-72e2-4826-adae-b9fdc984e94b",
	"00000000-0000-0000-0000-000000000000");
INSERT INTO V_VAL
	VALUES ("2604b216-8e76-420c-b064-5c840b99eb0c",
	0,
	0,
	2,
	17,
	25,
	0,
	0,
	0,
	0,
	"bb2aad42-e125-4543-bcd6-e4515b678378",
	"bca2c97f-62f5-4042-8628-91bb8ce86cef");
INSERT INTO V_MVL
	VALUES ("2604b216-8e76-420c-b064-5c840b99eb0c",
	"3c3790c7-38db-45fc-a055-595d13812da8",
	"5d275f57-7401-4a94-bebd-f53d58f4fc1e",
	"f3b22070-8f46-4382-baa9-be5973b56db4");
INSERT INTO V_VAL
	VALUES ("de2d7b4b-c743-4eaa-950c-3198e4bd2f66",
	0,
	0,
	-1,
	-1,
	-1,
	0,
	0,
	0,
	0,
	"ed855afe-b773-4348-9030-494350c96719",
	"bca2c97f-62f5-4042-8628-91bb8ce86cef");
INSERT INTO V_BIN
	VALUES ("de2d7b4b-c743-4eaa-950c-3198e4bd2f66",
	"28e833a5-d160-4968-b358-3f1002d3c0d8",
	"2604b216-8e76-420c-b064-5c840b99eb0c",
	'==');
INSERT INTO V_VAL
	VALUES ("28e833a5-d160-4968-b358-3f1002d3c0d8",
	0,
	0,
	2,
	30,
	30,
	0,
	0,
	0,
	0,
	"bb2aad42-e125-4543-bcd6-e4515b678378",
	"bca2c97f-62f5-4042-8628-91bb8ce86cef");
INSERT INTO V_LIN
	VALUES ("28e833a5-d160-4968-b358-3f1002d3c0d8",
	'1');
INSERT INTO V_VAL
	VALUES ("6d934784-9219-4f8f-9b04-617908a6280a",
	0,
	0,
	8,
	12,
	15,
	0,
	0,
	0,
	0,
	"f3b22070-8f46-4382-baa9-be5973b56db4",
	"bca2c97f-62f5-4042-8628-91bb8ce86cef");
INSERT INTO V_PVL
	VALUES ("6d934784-9219-4f8f-9b04-617908a6280a",
	"00000000-0000-0000-0000-000000000000",
	"c4c26fde-72e2-4826-adae-b9fdc984e94b",
	"00000000-0000-0000-0000-000000000000");
INSERT INTO V_VAL
	VALUES ("cb48b57a-ca67-4a30-8ba4-1c87ebdd754b",
	0,
	0,
	8,
	17,
	25,
	0,
	0,
	0,
	0,
	"ed855afe-b773-4348-9030-494350c96719",
	"bca2c97f-62f5-4042-8628-91bb8ce86cef");
INSERT INTO V_MVL
	VALUES ("cb48b57a-ca67-4a30-8ba4-1c87ebdd754b",
	"6d934784-9219-4f8f-9b04-617908a6280a",
	"bc071b7d-9f8c-45b7-81e3-1c67a2ea835d",
	"f3b22070-8f46-4382-baa9-be5973b56db4");
INSERT INTO V_VAL
	VALUES ("84291bc5-dea3-4bb0-a66f-3415bae8b236",
	0,
	0,
	-1,
	-1,
	-1,
	0,
	0,
	0,
	0,
	"ed855afe-b773-4348-9030-494350c96719",
	"bca2c97f-62f5-4042-8628-91bb8ce86cef");
INSERT INTO V_BIN
	VALUES ("84291bc5-dea3-4bb0-a66f-3415bae8b236",
	"49d31851-e0d9-4018-a6bb-a5f5369e2b1a",
	"cb48b57a-ca67-4a30-8ba4-1c87ebdd754b",
	'==');
INSERT INTO V_VAL
	VALUES ("49d31851-e0d9-4018-a6bb-a5f5369e2b1a",
	0,
	0,
	-1,
	-1,
	-1,
	0,
	0,
	0,
	0,
	"ed855afe-b773-4348-9030-494350c96719",
	"bca2c97f-62f5-4042-8628-91bb8ce86cef");
INSERT INTO V_LBO
	VALUES ("49d31851-e0d9-4018-a6bb-a5f5369e2b1a",
	'TRUE');
INSERT INTO V_VAL
	VALUES ("31bd9b4a-1468-4ac2-aea3-d3b913fc279d",
	0,
	0,
	14,
	12,
	15,
	0,
	0,
	0,
	0,
	"f3b22070-8f46-4382-baa9-be5973b56db4",
	"bca2c97f-62f5-4042-8628-91bb8ce86cef");
INSERT INTO V_PVL
	VALUES ("31bd9b4a-1468-4ac2-aea3-d3b913fc279d",
	"00000000-0000-0000-0000-000000000000",
	"c4c26fde-72e2-4826-adae-b9fdc984e94b",
	"00000000-0000-0000-0000-000000000000");
INSERT INTO V_VAL
	VALUES ("23b0770f-ffc4-4cca-938f-de04d309a023",
	0,
	0,
	14,
	17,
	22,
	0,
	0,
	0,
	0,
	"13652848-f535-4373-84cd-5470fe8f20b8",
	"bca2c97f-62f5-4042-8628-91bb8ce86cef");
INSERT INTO V_MVL
	VALUES ("23b0770f-ffc4-4cca-938f-de04d309a023",
	"31bd9b4a-1468-4ac2-aea3-d3b913fc279d",
	"6a3cbb72-43bb-4370-9658-904420fc70e8",
	"f3b22070-8f46-4382-baa9-be5973b56db4");
INSERT INTO V_VAL
	VALUES ("93d5fd0d-c752-4792-b79a-6fb7ccd3a2f7",
	0,
	0,
	-1,
	-1,
	-1,
	0,
	0,
	0,
	0,
	"ed855afe-b773-4348-9030-494350c96719",
	"bca2c97f-62f5-4042-8628-91bb8ce86cef");
INSERT INTO V_BIN
	VALUES ("93d5fd0d-c752-4792-b79a-6fb7ccd3a2f7",
	"245a5b0d-d30c-415e-b283-17058eb52c8f",
	"23b0770f-ffc4-4cca-938f-de04d309a023",
	'==');
INSERT INTO V_VAL
	VALUES ("245a5b0d-d30c-415e-b283-17058eb52c8f",
	0,
	0,
	14,
	32,
	-1,
	0,
	0,
	0,
	0,
	"13652848-f535-4373-84cd-5470fe8f20b8",
	"bca2c97f-62f5-4042-8628-91bb8ce86cef");
INSERT INTO V_BRV
	VALUES ("245a5b0d-d30c-415e-b283-17058eb52c8f",
	"7a681c3d-8b02-491d-b228-e848c5961a73",
	1,
	14,
	27);
INSERT INTO V_VAL
	VALUES ("e8db7a24-64dc-4933-bb1a-470c11d75f4f",
	0,
	0,
	20,
	12,
	15,
	0,
	0,
	0,
	0,
	"f3b22070-8f46-4382-baa9-be5973b56db4",
	"bca2c97f-62f5-4042-8628-91bb8ce86cef");
INSERT INTO V_PVL
	VALUES ("e8db7a24-64dc-4933-bb1a-470c11d75f4f",
	"00000000-0000-0000-0000-000000000000",
	"c4c26fde-72e2-4826-adae-b9fdc984e94b",
	"00000000-0000-0000-0000-000000000000");
INSERT INTO V_VAL
	VALUES ("a0b56a82-a7ef-48e1-be9c-c6cffc82dedd",
	0,
	0,
	20,
	17,
	22,
	0,
	0,
	0,
	0,
	"1b4eef3c-5a32-4532-b6ba-6bd1a5ee28ec",
	"bca2c97f-62f5-4042-8628-91bb8ce86cef");
INSERT INTO V_MVL
	VALUES ("a0b56a82-a7ef-48e1-be9c-c6cffc82dedd",
	"e8db7a24-64dc-4933-bb1a-470c11d75f4f",
	"c7f5cb51-b6f9-41cb-9922-1d7845743371",
	"f3b22070-8f46-4382-baa9-be5973b56db4");
INSERT INTO V_VAL
	VALUES ("f6e674e7-f914-4664-ae2e-c08699498373",
	0,
	0,
	-1,
	-1,
	-1,
	0,
	0,
	0,
	0,
	"ed855afe-b773-4348-9030-494350c96719",
	"bca2c97f-62f5-4042-8628-91bb8ce86cef");
INSERT INTO V_BIN
	VALUES ("f6e674e7-f914-4664-ae2e-c08699498373",
	"17d7f080-ecd4-4140-8af9-630aecc8efbb",
	"a0b56a82-a7ef-48e1-be9c-c6cffc82dedd",
	'==');
INSERT INTO V_VAL
	VALUES ("17d7f080-ecd4-4140-8af9-630aecc8efbb",
	0,
	0,
	20,
	27,
	29,
	0,
	0,
	0,
	0,
	"1b4eef3c-5a32-4532-b6ba-6bd1a5ee28ec",
	"bca2c97f-62f5-4042-8628-91bb8ce86cef");
INSERT INTO V_LRL
	VALUES ("17d7f080-ecd4-4140-8af9-630aecc8efbb",
	'1.0');
INSERT INTO V_VAL
	VALUES ("e453467f-d7d2-49d6-ad4c-827b39e0f22c",
	0,
	0,
	26,
	12,
	15,
	0,
	0,
	0,
	0,
	"f3b22070-8f46-4382-baa9-be5973b56db4",
	"bca2c97f-62f5-4042-8628-91bb8ce86cef");
INSERT INTO V_PVL
	VALUES ("e453467f-d7d2-49d6-ad4c-827b39e0f22c",
	"00000000-0000-0000-0000-000000000000",
	"c4c26fde-72e2-4826-adae-b9fdc984e94b",
	"00000000-0000-0000-0000-000000000000");
INSERT INTO V_VAL
	VALUES ("3a1130c2-76d8-4312-9e33-7e40fd183b52",
	0,
	0,
	26,
	17,
	24,
	0,
	0,
	0,
	0,
	"fc579625-527e-4796-9485-440b72c36cdf",
	"bca2c97f-62f5-4042-8628-91bb8ce86cef");
INSERT INTO V_MVL
	VALUES ("3a1130c2-76d8-4312-9e33-7e40fd183b52",
	"e453467f-d7d2-49d6-ad4c-827b39e0f22c",
	"e8aeb5a8-8e14-42e6-afe4-e4557db47146",
	"f3b22070-8f46-4382-baa9-be5973b56db4");
INSERT INTO V_VAL
	VALUES ("08b64e91-000f-4a14-ab3b-84c06d05fe33",
	0,
	0,
	-1,
	-1,
	-1,
	0,
	0,
	0,
	0,
	"ed855afe-b773-4348-9030-494350c96719",
	"bca2c97f-62f5-4042-8628-91bb8ce86cef");
INSERT INTO V_BIN
	VALUES ("08b64e91-000f-4a14-ab3b-84c06d05fe33",
	"9f94cb49-b9eb-4288-99ab-455285747370",
	"3a1130c2-76d8-4312-9e33-7e40fd183b52",
	'==');
INSERT INTO V_VAL
	VALUES ("9f94cb49-b9eb-4288-99ab-455285747370",
	0,
	0,
	26,
	29,
	35,
	0,
	0,
	0,
	0,
	"fc579625-527e-4796-9485-440b72c36cdf",
	"bca2c97f-62f5-4042-8628-91bb8ce86cef");
INSERT INTO V_LST
	VALUES ("9f94cb49-b9eb-4288-99ab-455285747370",
	'myData');
INSERT INTO V_VAL
	VALUES ("4521089e-3a8d-4ac2-a24c-b63a40fca440",
	0,
	0,
	32,
	12,
	15,
	0,
	0,
	0,
	0,
	"f3b22070-8f46-4382-baa9-be5973b56db4",
	"bca2c97f-62f5-4042-8628-91bb8ce86cef");
INSERT INTO V_PVL
	VALUES ("4521089e-3a8d-4ac2-a24c-b63a40fca440",
	"00000000-0000-0000-0000-000000000000",
	"c4c26fde-72e2-4826-adae-b9fdc984e94b",
	"00000000-0000-0000-0000-000000000000");
INSERT INTO V_VAL
	VALUES ("fdf37d5e-e14b-4370-a6d4-1180b9aa9165",
	0,
	0,
	32,
	17,
	27,
	0,
	0,
	0,
	0,
	"f110c26b-e74a-47a6-bd78-09e2355d90d6",
	"bca2c97f-62f5-4042-8628-91bb8ce86cef");
INSERT INTO V_MVL
	VALUES ("fdf37d5e-e14b-4370-a6d4-1180b9aa9165",
	"4521089e-3a8d-4ac2-a24c-b63a40fca440",
	"699c58b9-d2b0-4927-9ac2-ca82d8bbfcbb",
	"f3b22070-8f46-4382-baa9-be5973b56db4");
INSERT INTO V_VAL
	VALUES ("c64f7df2-19dc-4e5e-b5b8-075e225f66ef",
	0,
	0,
	-1,
	-1,
	-1,
	0,
	0,
	0,
	0,
	"ed855afe-b773-4348-9030-494350c96719",
	"bca2c97f-62f5-4042-8628-91bb8ce86cef");
INSERT INTO V_BIN
	VALUES ("c64f7df2-19dc-4e5e-b5b8-075e225f66ef",
	"6655783a-3397-4cff-ae41-5caff9d990cd",
	"fdf37d5e-e14b-4370-a6d4-1180b9aa9165",
	'<');
INSERT INTO V_VAL
	VALUES ("6655783a-3397-4cff-ae41-5caff9d990cd",
	0,
	0,
	32,
	36,
	-1,
	0,
	0,
	0,
	0,
	"f110c26b-e74a-47a6-bd78-09e2355d90d6",
	"bca2c97f-62f5-4042-8628-91bb8ce86cef");
INSERT INTO V_BRV
	VALUES ("6655783a-3397-4cff-ae41-5caff9d990cd",
	"76527422-354b-48ac-a584-53385ab85341",
	1,
	32,
	31);
INSERT INTO V_VAL
	VALUES ("1c139fc7-09fc-464c-926a-ee4f413c169d",
	0,
	0,
	40,
	12,
	15,
	0,
	0,
	0,
	0,
	"f3b22070-8f46-4382-baa9-be5973b56db4",
	"bca2c97f-62f5-4042-8628-91bb8ce86cef");
INSERT INTO V_PVL
	VALUES ("1c139fc7-09fc-464c-926a-ee4f413c169d",
	"00000000-0000-0000-0000-000000000000",
	"c4c26fde-72e2-4826-adae-b9fdc984e94b",
	"00000000-0000-0000-0000-000000000000");
INSERT INTO ACT_BLK
	VALUES ("883f4361-9174-41d1-89e6-f1dd2264fe0a",
	0,
	0,
	0,
	'LOG',
	'',
	'',
	3,
	3,
	3,
	3,
	0,
	0,
	0,
	0,
	0,
	0,
	0,
	0,
	0,
	"0c87ad1b-54f1-4e2b-9a54-f30301996e45",
	"00000000-0000-0000-0000-000000000000");
INSERT INTO ACT_SMT
	VALUES ("288d5369-eeac-4ce4-b7a4-6a0a196c0485",
	"883f4361-9174-41d1-89e6-f1dd2264fe0a",
	"00000000-0000-0000-0000-000000000000",
	3,
	3,
	'checkDataDFByRef line: 3');
INSERT INTO ACT_BRG
	VALUES ("288d5369-eeac-4ce4-b7a4-6a0a196c0485",
	"f2f7277d-5b46-4382-aca0-8e16b822b623",
	3,
	8,
	3,
	3);
INSERT INTO V_VAL
	VALUES ("dadf1840-6696-4453-b6c7-f6b6c2ce8d57",
	0,
	0,
	3,
	29,
	94,
	0,
	0,
	0,
	0,
	"fc579625-527e-4796-9485-440b72c36cdf",
	"883f4361-9174-41d1-89e6-f1dd2264fe0a");
INSERT INTO V_LST
	VALUES ("dadf1840-6696-4453-b6c7-f6b6c2ce8d57",
	'Successful read of SDT int member in pass-by-ref domain function.');
INSERT INTO V_PAR
	VALUES ("dadf1840-6696-4453-b6c7-f6b6c2ce8d57",
	"288d5369-eeac-4ce4-b7a4-6a0a196c0485",
	"00000000-0000-0000-0000-000000000000",
	'message',
	"00000000-0000-0000-0000-000000000000",
	3,
	20);
INSERT INTO ACT_BLK
	VALUES ("f3344006-2319-4d11-b708-b0a34449e54c",
	0,
	0,
	0,
	'LOG',
	'',
	'',
	6,
	3,
	5,
	3,
	0,
	0,
	0,
	0,
	0,
	0,
	0,
	0,
	0,
	"0c87ad1b-54f1-4e2b-9a54-f30301996e45",
	"00000000-0000-0000-0000-000000000000");
INSERT INTO ACT_SMT
	VALUES ("dcb3d60a-068e-46dd-9411-e177cccb9ad9",
	"f3344006-2319-4d11-b708-b0a34449e54c",
	"10785cf6-1ab4-4b6c-a6db-6a8e0f38f5b4",
	5,
	3,
	'checkDataDFByRef line: 5');
INSERT INTO ACT_BRG
	VALUES ("dcb3d60a-068e-46dd-9411-e177cccb9ad9",
	"85a2ae18-4cb8-4b1f-a989-c9af21c1561b",
	5,
	8,
	5,
	3);
INSERT INTO ACT_SMT
	VALUES ("10785cf6-1ab4-4b6c-a6db-6a8e0f38f5b4",
	"f3344006-2319-4d11-b708-b0a34449e54c",
	"00000000-0000-0000-0000-000000000000",
	6,
	3,
	'checkDataDFByRef line: 6');
INSERT INTO ACT_FNC
	VALUES ("10785cf6-1ab4-4b6c-a6db-6a8e0f38f5b4",
	"a3929c52-9e1a-45f7-acc5-5bd9cf747c56",
	6,
	5);
INSERT INTO V_VAL
	VALUES ("b15a0253-dbd9-4c3a-b586-e1a1f16d48e8",
	0,
	0,
	5,
	29,
	96,
	0,
	0,
	0,
	0,
	"fc579625-527e-4796-9485-440b72c36cdf",
	"f3344006-2319-4d11-b708-b0a34449e54c");
INSERT INTO V_LST
	VALUES ("b15a0253-dbd9-4c3a-b586-e1a1f16d48e8",
	'Unsuccessful read of SDT int member in pass-by-ref domain function.');
INSERT INTO V_PAR
	VALUES ("b15a0253-dbd9-4c3a-b586-e1a1f16d48e8",
	"dcb3d60a-068e-46dd-9411-e177cccb9ad9",
	"00000000-0000-0000-0000-000000000000",
	'message',
	"00000000-0000-0000-0000-000000000000",
	5,
	20);
INSERT INTO ACT_BLK
	VALUES ("0e7d6011-ae96-450c-b8aa-d8b7664195c1",
	0,
	0,
	0,
	'LOG',
	'',
	'',
	9,
	3,
	9,
	3,
	0,
	0,
	0,
	0,
	0,
	0,
	0,
	0,
	0,
	"0c87ad1b-54f1-4e2b-9a54-f30301996e45",
	"00000000-0000-0000-0000-000000000000");
INSERT INTO ACT_SMT
	VALUES ("43257022-683d-4134-a11c-7015e13439b1",
	"0e7d6011-ae96-450c-b8aa-d8b7664195c1",
	"00000000-0000-0000-0000-000000000000",
	9,
	3,
	'checkDataDFByRef line: 9');
INSERT INTO ACT_BRG
	VALUES ("43257022-683d-4134-a11c-7015e13439b1",
	"f2f7277d-5b46-4382-aca0-8e16b822b623",
	9,
	8,
	9,
	3);
INSERT INTO V_VAL
	VALUES ("834cae31-3c87-404f-a633-c9a52bf5f53b",
	0,
	0,
	9,
	29,
	98,
	0,
	0,
	0,
	0,
	"fc579625-527e-4796-9485-440b72c36cdf",
	"0e7d6011-ae96-450c-b8aa-d8b7664195c1");
INSERT INTO V_LST
	VALUES ("834cae31-3c87-404f-a633-c9a52bf5f53b",
	'Successful read of SDT boolean member in pass-by-ref domain function.');
INSERT INTO V_PAR
	VALUES ("834cae31-3c87-404f-a633-c9a52bf5f53b",
	"43257022-683d-4134-a11c-7015e13439b1",
	"00000000-0000-0000-0000-000000000000",
	'message',
	"00000000-0000-0000-0000-000000000000",
	9,
	20);
INSERT INTO ACT_BLK
	VALUES ("e84a9074-d00d-4b3a-a921-111c54d3e92d",
	0,
	0,
	0,
	'LOG',
	'',
	'',
	12,
	3,
	11,
	3,
	0,
	0,
	0,
	0,
	0,
	0,
	0,
	0,
	0,
	"0c87ad1b-54f1-4e2b-9a54-f30301996e45",
	"00000000-0000-0000-0000-000000000000");
INSERT INTO ACT_SMT
	VALUES ("71b2b0a5-bf9e-400e-9bc7-42768f951dd5",
	"e84a9074-d00d-4b3a-a921-111c54d3e92d",
	"24e52640-b7f6-4616-9082-ea0e7a30a209",
	11,
	3,
	'checkDataDFByRef line: 11');
INSERT INTO ACT_BRG
	VALUES ("71b2b0a5-bf9e-400e-9bc7-42768f951dd5",
	"85a2ae18-4cb8-4b1f-a989-c9af21c1561b",
	11,
	8,
	11,
	3);
INSERT INTO ACT_SMT
	VALUES ("24e52640-b7f6-4616-9082-ea0e7a30a209",
	"e84a9074-d00d-4b3a-a921-111c54d3e92d",
	"00000000-0000-0000-0000-000000000000",
	12,
	3,
	'checkDataDFByRef line: 12');
INSERT INTO ACT_FNC
	VALUES ("24e52640-b7f6-4616-9082-ea0e7a30a209",
	"a3929c52-9e1a-45f7-acc5-5bd9cf747c56",
	12,
	5);
INSERT INTO V_VAL
	VALUES ("d3689b07-7cc5-4028-9a11-cf904d1ae9bc",
	0,
	0,
	11,
	29,
	100,
	0,
	0,
	0,
	0,
	"fc579625-527e-4796-9485-440b72c36cdf",
	"e84a9074-d00d-4b3a-a921-111c54d3e92d");
INSERT INTO V_LST
	VALUES ("d3689b07-7cc5-4028-9a11-cf904d1ae9bc",
	'Unsuccessful read of SDT boolean member in pass-by-ref domain function.');
INSERT INTO V_PAR
	VALUES ("d3689b07-7cc5-4028-9a11-cf904d1ae9bc",
	"71b2b0a5-bf9e-400e-9bc7-42768f951dd5",
	"00000000-0000-0000-0000-000000000000",
	'message',
	"00000000-0000-0000-0000-000000000000",
	11,
	20);
INSERT INTO ACT_BLK
	VALUES ("a8579efb-56ca-4414-a2b5-9848a672fbd6",
	0,
	0,
	0,
	'LOG',
	'',
	'',
	15,
	3,
	15,
	3,
	0,
	0,
	0,
	0,
	0,
	0,
	0,
	0,
	0,
	"0c87ad1b-54f1-4e2b-9a54-f30301996e45",
	"00000000-0000-0000-0000-000000000000");
INSERT INTO ACT_SMT
	VALUES ("73692919-85a2-4458-b38d-f88525fdc8d6",
	"a8579efb-56ca-4414-a2b5-9848a672fbd6",
	"00000000-0000-0000-0000-000000000000",
	15,
	3,
	'checkDataDFByRef line: 15');
INSERT INTO ACT_BRG
	VALUES ("73692919-85a2-4458-b38d-f88525fdc8d6",
	"f2f7277d-5b46-4382-aca0-8e16b822b623",
	15,
	8,
	15,
	3);
INSERT INTO V_VAL
	VALUES ("56f6fda8-85a5-4e79-ba70-80c2ffc0345f",
	0,
	0,
	15,
	29,
	95,
	0,
	0,
	0,
	0,
	"fc579625-527e-4796-9485-440b72c36cdf",
	"a8579efb-56ca-4414-a2b5-9848a672fbd6");
INSERT INTO V_LST
	VALUES ("56f6fda8-85a5-4e79-ba70-80c2ffc0345f",
	'Successful read of SDT date member in pass-by-ref domain function.');
INSERT INTO V_PAR
	VALUES ("56f6fda8-85a5-4e79-ba70-80c2ffc0345f",
	"73692919-85a2-4458-b38d-f88525fdc8d6",
	"00000000-0000-0000-0000-000000000000",
	'message',
	"00000000-0000-0000-0000-000000000000",
	15,
	20);
INSERT INTO ACT_BLK
	VALUES ("e08d522d-3b05-4d9a-b41b-eee3e5454d2d",
	0,
	0,
	0,
	'LOG',
	'',
	'',
	18,
	3,
	17,
	3,
	0,
	0,
	0,
	0,
	0,
	0,
	0,
	0,
	0,
	"0c87ad1b-54f1-4e2b-9a54-f30301996e45",
	"00000000-0000-0000-0000-000000000000");
INSERT INTO ACT_SMT
	VALUES ("51ae102e-b58f-4769-a642-845b59ff5f9f",
	"e08d522d-3b05-4d9a-b41b-eee3e5454d2d",
	"7efc160c-4f52-4f53-9c63-4d7f169e0ca3",
	17,
	3,
	'checkDataDFByRef line: 17');
INSERT INTO ACT_BRG
	VALUES ("51ae102e-b58f-4769-a642-845b59ff5f9f",
	"85a2ae18-4cb8-4b1f-a989-c9af21c1561b",
	17,
	8,
	17,
	3);
INSERT INTO ACT_SMT
	VALUES ("7efc160c-4f52-4f53-9c63-4d7f169e0ca3",
	"e08d522d-3b05-4d9a-b41b-eee3e5454d2d",
	"00000000-0000-0000-0000-000000000000",
	18,
	3,
	'checkDataDFByRef line: 18');
INSERT INTO ACT_FNC
	VALUES ("7efc160c-4f52-4f53-9c63-4d7f169e0ca3",
	"a3929c52-9e1a-45f7-acc5-5bd9cf747c56",
	18,
	5);
INSERT INTO V_VAL
	VALUES ("71021456-d5f2-4f00-be0e-5287bbd8094b",
	0,
	0,
	17,
	29,
	97,
	0,
	0,
	0,
	0,
	"fc579625-527e-4796-9485-440b72c36cdf",
	"e08d522d-3b05-4d9a-b41b-eee3e5454d2d");
INSERT INTO V_LST
	VALUES ("71021456-d5f2-4f00-be0e-5287bbd8094b",
	'Unsuccessful read of SDT date member in pass-by-ref domain function.');
INSERT INTO V_PAR
	VALUES ("71021456-d5f2-4f00-be0e-5287bbd8094b",
	"51ae102e-b58f-4769-a642-845b59ff5f9f",
	"00000000-0000-0000-0000-000000000000",
	'message',
	"00000000-0000-0000-0000-000000000000",
	17,
	20);
INSERT INTO ACT_BLK
	VALUES ("b8e76441-573d-49a3-b1a2-72847c00cfa0",
	0,
	0,
	0,
	'LOG',
	'',
	'',
	21,
	3,
	21,
	3,
	0,
	0,
	0,
	0,
	0,
	0,
	0,
	0,
	0,
	"0c87ad1b-54f1-4e2b-9a54-f30301996e45",
	"00000000-0000-0000-0000-000000000000");
INSERT INTO ACT_SMT
	VALUES ("c5e45938-988c-4cdd-9a45-4fc8d0065df8",
	"b8e76441-573d-49a3-b1a2-72847c00cfa0",
	"00000000-0000-0000-0000-000000000000",
	21,
	3,
	'checkDataDFByRef line: 21');
INSERT INTO ACT_BRG
	VALUES ("c5e45938-988c-4cdd-9a45-4fc8d0065df8",
	"f2f7277d-5b46-4382-aca0-8e16b822b623",
	21,
	8,
	21,
	3);
INSERT INTO V_VAL
	VALUES ("4042d19d-5c80-4f09-b7c4-bc7c221d14b3",
	0,
	0,
	21,
	29,
	95,
	0,
	0,
	0,
	0,
	"fc579625-527e-4796-9485-440b72c36cdf",
	"b8e76441-573d-49a3-b1a2-72847c00cfa0");
INSERT INTO V_LST
	VALUES ("4042d19d-5c80-4f09-b7c4-bc7c221d14b3",
	'Successful read of SDT real member in pass-by-ref domain function.');
INSERT INTO V_PAR
	VALUES ("4042d19d-5c80-4f09-b7c4-bc7c221d14b3",
	"c5e45938-988c-4cdd-9a45-4fc8d0065df8",
	"00000000-0000-0000-0000-000000000000",
	'message',
	"00000000-0000-0000-0000-000000000000",
	21,
	20);
INSERT INTO ACT_BLK
	VALUES ("56b0712b-5c22-40ed-8562-5a56723378d7",
	0,
	0,
	0,
	'LOG',
	'',
	'',
	24,
	3,
	23,
	3,
	0,
	0,
	0,
	0,
	0,
	0,
	0,
	0,
	0,
	"0c87ad1b-54f1-4e2b-9a54-f30301996e45",
	"00000000-0000-0000-0000-000000000000");
INSERT INTO ACT_SMT
	VALUES ("bf3e3acc-9c91-4c5b-a93b-5ed65e03ad2d",
	"56b0712b-5c22-40ed-8562-5a56723378d7",
	"96a45e6b-9253-4adb-b671-6ce1b6a72d76",
	23,
	3,
	'checkDataDFByRef line: 23');
INSERT INTO ACT_BRG
	VALUES ("bf3e3acc-9c91-4c5b-a93b-5ed65e03ad2d",
	"85a2ae18-4cb8-4b1f-a989-c9af21c1561b",
	23,
	8,
	23,
	3);
INSERT INTO ACT_SMT
	VALUES ("96a45e6b-9253-4adb-b671-6ce1b6a72d76",
	"56b0712b-5c22-40ed-8562-5a56723378d7",
	"00000000-0000-0000-0000-000000000000",
	24,
	3,
	'checkDataDFByRef line: 24');
INSERT INTO ACT_FNC
	VALUES ("96a45e6b-9253-4adb-b671-6ce1b6a72d76",
	"a3929c52-9e1a-45f7-acc5-5bd9cf747c56",
	24,
	5);
INSERT INTO V_VAL
	VALUES ("109fa081-02f5-428c-afb5-8831d3c00354",
	0,
	0,
	23,
	29,
	97,
	0,
	0,
	0,
	0,
	"fc579625-527e-4796-9485-440b72c36cdf",
	"56b0712b-5c22-40ed-8562-5a56723378d7");
INSERT INTO V_LST
	VALUES ("109fa081-02f5-428c-afb5-8831d3c00354",
	'Unsuccessful read of SDT real member in pass-by-ref domain function.');
INSERT INTO V_PAR
	VALUES ("109fa081-02f5-428c-afb5-8831d3c00354",
	"bf3e3acc-9c91-4c5b-a93b-5ed65e03ad2d",
	"00000000-0000-0000-0000-000000000000",
	'message',
	"00000000-0000-0000-0000-000000000000",
	23,
	20);
INSERT INTO ACT_BLK
	VALUES ("5a2aff98-490b-4a3a-9e05-cf0a5bc1d77a",
	0,
	0,
	0,
	'LOG',
	'',
	'',
	27,
	3,
	27,
	3,
	0,
	0,
	0,
	0,
	0,
	0,
	0,
	0,
	0,
	"0c87ad1b-54f1-4e2b-9a54-f30301996e45",
	"00000000-0000-0000-0000-000000000000");
INSERT INTO ACT_SMT
	VALUES ("9c09b9a7-004f-4f0e-8937-b7d1f13aed6c",
	"5a2aff98-490b-4a3a-9e05-cf0a5bc1d77a",
	"00000000-0000-0000-0000-000000000000",
	27,
	3,
	'checkDataDFByRef line: 27');
INSERT INTO ACT_BRG
	VALUES ("9c09b9a7-004f-4f0e-8937-b7d1f13aed6c",
	"f2f7277d-5b46-4382-aca0-8e16b822b623",
	27,
	8,
	27,
	3);
INSERT INTO V_VAL
	VALUES ("8aad617d-6c41-44ab-a827-af93037b8519",
	0,
	0,
	27,
	29,
	97,
	0,
	0,
	0,
	0,
	"fc579625-527e-4796-9485-440b72c36cdf",
	"5a2aff98-490b-4a3a-9e05-cf0a5bc1d77a");
INSERT INTO V_LST
	VALUES ("8aad617d-6c41-44ab-a827-af93037b8519",
	'Successful read of SDT string member in pass-by-ref domain function.');
INSERT INTO V_PAR
	VALUES ("8aad617d-6c41-44ab-a827-af93037b8519",
	"9c09b9a7-004f-4f0e-8937-b7d1f13aed6c",
	"00000000-0000-0000-0000-000000000000",
	'message',
	"00000000-0000-0000-0000-000000000000",
	27,
	20);
INSERT INTO ACT_BLK
	VALUES ("ad7f16b7-a974-46c5-b370-068168b4f610",
	0,
	0,
	0,
	'LOG',
	'',
	'',
	30,
	3,
	29,
	3,
	0,
	0,
	0,
	0,
	0,
	0,
	0,
	0,
	0,
	"0c87ad1b-54f1-4e2b-9a54-f30301996e45",
	"00000000-0000-0000-0000-000000000000");
INSERT INTO ACT_SMT
	VALUES ("22b3d296-7264-4421-99ec-98f1e4e9a77e",
	"ad7f16b7-a974-46c5-b370-068168b4f610",
	"45b50d0a-6f67-4815-abde-a73e0a2890a8",
	29,
	3,
	'checkDataDFByRef line: 29');
INSERT INTO ACT_BRG
	VALUES ("22b3d296-7264-4421-99ec-98f1e4e9a77e",
	"85a2ae18-4cb8-4b1f-a989-c9af21c1561b",
	29,
	8,
	29,
	3);
INSERT INTO ACT_SMT
	VALUES ("45b50d0a-6f67-4815-abde-a73e0a2890a8",
	"ad7f16b7-a974-46c5-b370-068168b4f610",
	"00000000-0000-0000-0000-000000000000",
	30,
	3,
	'checkDataDFByRef line: 30');
INSERT INTO ACT_FNC
	VALUES ("45b50d0a-6f67-4815-abde-a73e0a2890a8",
	"a3929c52-9e1a-45f7-acc5-5bd9cf747c56",
	30,
	5);
INSERT INTO V_VAL
	VALUES ("412e17ca-3790-46fa-91ef-d55cbaf4c96b",
	0,
	0,
	29,
	29,
	99,
	0,
	0,
	0,
	0,
	"fc579625-527e-4796-9485-440b72c36cdf",
	"ad7f16b7-a974-46c5-b370-068168b4f610");
INSERT INTO V_LST
	VALUES ("412e17ca-3790-46fa-91ef-d55cbaf4c96b",
	'Unsuccessful read of SDT string member in pass-by-ref domain function.');
INSERT INTO V_PAR
	VALUES ("412e17ca-3790-46fa-91ef-d55cbaf4c96b",
	"22b3d296-7264-4421-99ec-98f1e4e9a77e",
	"00000000-0000-0000-0000-000000000000",
	'message',
	"00000000-0000-0000-0000-000000000000",
	29,
	20);
INSERT INTO ACT_BLK
	VALUES ("951f5f13-603e-4dcb-bbd4-ecdc81b7fa3d",
	0,
	0,
	0,
	'LOG',
	'',
	'',
	33,
	3,
	33,
	3,
	0,
	0,
	0,
	0,
	0,
	0,
	0,
	0,
	0,
	"0c87ad1b-54f1-4e2b-9a54-f30301996e45",
	"00000000-0000-0000-0000-000000000000");
INSERT INTO ACT_SMT
	VALUES ("7572ccb7-9ccb-4b85-bba0-e24ce93b67e0",
	"951f5f13-603e-4dcb-bbd4-ecdc81b7fa3d",
	"00000000-0000-0000-0000-000000000000",
	33,
	3,
	'checkDataDFByRef line: 33');
INSERT INTO ACT_BRG
	VALUES ("7572ccb7-9ccb-4b85-bba0-e24ce93b67e0",
	"f2f7277d-5b46-4382-aca0-8e16b822b623",
	33,
	8,
	33,
	3);
INSERT INTO V_VAL
	VALUES ("153a3252-1c61-411c-b38e-8e1e21ad027e",
	0,
	0,
	33,
	29,
	100,
	0,
	0,
	0,
	0,
	"fc579625-527e-4796-9485-440b72c36cdf",
	"951f5f13-603e-4dcb-bbd4-ecdc81b7fa3d");
INSERT INTO V_LST
	VALUES ("153a3252-1c61-411c-b38e-8e1e21ad027e",
	'Successful read of SDT timestamp member in pass-by-ref domain function.');
INSERT INTO V_PAR
	VALUES ("153a3252-1c61-411c-b38e-8e1e21ad027e",
	"7572ccb7-9ccb-4b85-bba0-e24ce93b67e0",
	"00000000-0000-0000-0000-000000000000",
	'message',
	"00000000-0000-0000-0000-000000000000",
	33,
	20);
INSERT INTO ACT_BLK
	VALUES ("a439bfd6-723e-458d-9b5d-22f4b4dae883",
	0,
	0,
	0,
	'LOG',
	'',
	'',
	36,
	3,
	35,
	3,
	0,
	0,
	0,
	0,
	0,
	0,
	0,
	0,
	0,
	"0c87ad1b-54f1-4e2b-9a54-f30301996e45",
	"00000000-0000-0000-0000-000000000000");
INSERT INTO ACT_SMT
	VALUES ("2bd3cef9-26f5-4b2f-9afd-722d5fbbb74c",
	"a439bfd6-723e-458d-9b5d-22f4b4dae883",
	"587acc47-dcfb-4b2b-bd59-3b2249658449",
	35,
	3,
	'checkDataDFByRef line: 35');
INSERT INTO ACT_BRG
	VALUES ("2bd3cef9-26f5-4b2f-9afd-722d5fbbb74c",
	"85a2ae18-4cb8-4b1f-a989-c9af21c1561b",
	35,
	8,
	35,
	3);
INSERT INTO ACT_SMT
	VALUES ("587acc47-dcfb-4b2b-bd59-3b2249658449",
	"a439bfd6-723e-458d-9b5d-22f4b4dae883",
	"00000000-0000-0000-0000-000000000000",
	36,
	3,
	'checkDataDFByRef line: 36');
INSERT INTO ACT_FNC
	VALUES ("587acc47-dcfb-4b2b-bd59-3b2249658449",
	"a3929c52-9e1a-45f7-acc5-5bd9cf747c56",
	36,
	5);
INSERT INTO V_VAL
	VALUES ("d1033a85-ba58-4b70-8eed-8510ae71ae75",
	0,
	0,
	35,
	29,
	102,
	0,
	0,
	0,
	0,
	"fc579625-527e-4796-9485-440b72c36cdf",
	"a439bfd6-723e-458d-9b5d-22f4b4dae883");
INSERT INTO V_LST
	VALUES ("d1033a85-ba58-4b70-8eed-8510ae71ae75",
	'Unsuccessful read of SDT timestamp member in pass-by-ref domain function.');
INSERT INTO V_PAR
	VALUES ("d1033a85-ba58-4b70-8eed-8510ae71ae75",
	"2bd3cef9-26f5-4b2f-9afd-722d5fbbb74c",
	"00000000-0000-0000-0000-000000000000",
	'message',
	"00000000-0000-0000-0000-000000000000",
	35,
	20);
INSERT INTO ACT_BLK
	VALUES ("b4c50a3b-bfe4-4ac0-93e8-4f43e22a827b",
	0,
	0,
	0,
	'LOG',
	'',
	'',
	42,
	3,
	42,
	3,
	0,
	0,
	0,
	0,
	0,
	0,
	0,
	0,
	0,
	"0c87ad1b-54f1-4e2b-9a54-f30301996e45",
	"00000000-0000-0000-0000-000000000000");
INSERT INTO ACT_SMT
	VALUES ("2c484225-ab39-494f-9708-8c1f7d270044",
	"b4c50a3b-bfe4-4ac0-93e8-4f43e22a827b",
	"00000000-0000-0000-0000-000000000000",
	42,
	3,
	'checkDataDFByRef line: 42');
INSERT INTO ACT_BRG
	VALUES ("2c484225-ab39-494f-9708-8c1f7d270044",
	"f2f7277d-5b46-4382-aca0-8e16b822b623",
	42,
	8,
	42,
	3);
INSERT INTO V_VAL
	VALUES ("9f816af2-4d4e-4d41-a3b4-933beef9c1f8",
	0,
	0,
	42,
	29,
	101,
	0,
	0,
	0,
	0,
	"fc579625-527e-4796-9485-440b72c36cdf",
	"b4c50a3b-bfe4-4ac0-93e8-4f43e22a827b");
INSERT INTO V_LST
	VALUES ("9f816af2-4d4e-4d41-a3b4-933beef9c1f8",
	'Successful read of nested SDT int member in pass-by-ref domain function.');
INSERT INTO V_PAR
	VALUES ("9f816af2-4d4e-4d41-a3b4-933beef9c1f8",
	"2c484225-ab39-494f-9708-8c1f7d270044",
	"00000000-0000-0000-0000-000000000000",
	'message',
	"00000000-0000-0000-0000-000000000000",
	42,
	20);
INSERT INTO S_FIP
	VALUES ("37769271-2aa6-40bd-ab34-a4f438e6328d",
	"5afa8d99-29be-4887-ae40-facb4de0b106");
INSERT INTO S_SYNC
	VALUES ("5afa8d99-29be-4887-ae40-facb4de0b106",
	"19450ed8-0d9a-4e6f-bd79-44bf244e7937",
	'failedFamilyTest',
	'',
	'LOG::LogFailure( message: "Failed during the family test." );

// Tell test control we''re done
select any tc from instances of TC;
generate TC1:''completedFamilyTest''() to tc;',
	"44a2d632-3364-47ba-92ab-67ac93180b02",
	1);
INSERT INTO ACT_FNB
	VALUES ("36b3a7b0-adff-48b5-8b6e-d09997b30f9b",
	"5afa8d99-29be-4887-ae40-facb4de0b106");
INSERT INTO ACT_ACT
	VALUES ("36b3a7b0-adff-48b5-8b6e-d09997b30f9b",
	'function',
	0,
	"00000000-0000-0000-0000-000000000000",
	"00000000-0000-0000-0000-000000000000",
	0,
	'failedFamilyTest',
	"4d8ed167-af6d-4a05-a14e-7586f7a2b5d7");
INSERT INTO S_FIP
	VALUES ("37769271-2aa6-40bd-ab34-a4f438e6328d",
	"a3929c52-9e1a-45f7-acc5-5bd9cf747c56");
INSERT INTO S_SYNC
	VALUES ("a3929c52-9e1a-45f7-acc5-5bd9cf747c56",
	"19450ed8-0d9a-4e6f-bd79-44bf244e7937",
	'failedChecksTest',
	'',
	'LOG::LogFailure( message: "Failed during the checks test." );

// Tell test control we''re done
select any tc from instances of TC;
generate TC2:''completedChecksTest''() to tc;',
	"44a2d632-3364-47ba-92ab-67ac93180b02",
	1);
INSERT INTO ACT_FNB
	VALUES ("ece1150a-82ab-4291-8b8b-ee387f58d97f",
	"a3929c52-9e1a-45f7-acc5-5bd9cf747c56");
INSERT INTO ACT_ACT
	VALUES ("ece1150a-82ab-4291-8b8b-ee387f58d97f",
	'function',
	0,
	"00000000-0000-0000-0000-000000000000",
	"00000000-0000-0000-0000-000000000000",
	0,
	'failedChecksTest',
	"f21e5261-8b5f-4a72-b693-1fa235f7863a");
INSERT INTO S_SID
	VALUES ("19450ed8-0d9a-4e6f-bd79-44bf244e7937",
	"33b7254f-34a0-43f8-8814-707365fc0811");
INSERT INTO S_SS
	VALUES ("33b7254f-34a0-43f8-8814-707365fc0811",
	'Test',
	'',
	'',
	0,
	"19450ed8-0d9a-4e6f-bd79-44bf244e7937",
	"00000000-0000-0000-0000-000000000000");
INSERT INTO O_OBJ
	VALUES ("6d1350c3-a10b-4768-8428-c063129f13a9",
	'CheckSDTs',
	2,
	'CHK',
	'',
	"33b7254f-34a0-43f8-8814-707365fc0811");
INSERT INTO O_TFR
	VALUES ("5d794bf7-c686-4646-9a56-d8427457dadd",
	"6d1350c3-a10b-4768-8428-c063129f13a9",
	'checkDataOpByVal',
	'',
	"f3b22070-8f46-4382-baa9-be5973b56db4",
	1,
	'// Read SDT data
if ( param.data.a_integer == 1 )
  LOG::LogSuccess( message: "Successful read of SDT int member in pass-by-val class operation." );
else
  LOG::LogFailure( message: "Unsuccessful read of SDT int member in pass-by-val class operation." );
  ::failedChecksTest();
end if;
if ( param.data.a_boolean == true )
  LOG::LogSuccess( message: "Successful read of SDT boolean member in pass-by-val class operation." );
else
  LOG::LogFailure( message: "Unsuccessful read of SDT boolean member in pass-by-val class operation." );
  ::failedChecksTest();
end if;
if ( param.data.a_date == TIM::current_date() )
  LOG::LogSuccess( message: "Successful read of SDT date member in pass-by-val class operation." );
else
  LOG::LogFailure( message: "Unsuccessful read of SDT date member in pass-by-val class operation." );
  ::failedChecksTest();
end if;
if ( param.data.a_real == 1.0 )
  LOG::LogSuccess( message: "Successful read of SDT real member in pass-by-val class operation." );
else
  LOG::LogFailure( message: "Unsuccessful read of SDT real member in pass-by-val class operation." );
  ::failedChecksTest();
end if;
if ( param.data.a_string == "myData" )
  LOG::LogSuccess( message: "Successful read of SDT string member in pass-by-val class operation." );
else
  LOG::LogFailure( message: "Unsuccessful read of SDT string member in pass-by-val class operation." );
  ::failedChecksTest();
end if;
if ( param.data.a_timestamp < TIM::current_clock() )
  LOG::LogSuccess( message: "Successful read of SDT timestamp member in pass-by-val class operation." );
else
  LOG::LogFailure( message: "Unsuccessful read of SDT timestamp member in pass-by-val class operation." );
  ::failedChecksTest();
end if;

//
if ( param.data.a_integer == param.data.a_TypeContainer.a_integer
     and param.data.a_TypeContainer.a_integer == 1)
  LOG::LogSuccess( message: "Successful read of nested SDT int member." );
else
  LOG::LogFailure( message: "Unsuccessful read of nested SDT int member." );
  ::failedChecksTest();
end if;
if ( param.data.a_boolean == param.data.a_TypeContainer.a_boolean 
     and param.data.a_TypeContainer.a_boolean == true)
  LOG::LogSuccess( message: "Successful read of nested SDT boolean member." );
else
  LOG::LogFailure( message: "Unsuccessful read of nested SDT boolean member." );
  ::failedChecksTest();
end if;
if ( param.data.a_date == param.data.a_TypeContainer.a_date 
     and param.data.a_TypeContainer.a_date == TIM::current_date() )
  LOG::LogSuccess( message: "Successful read of nested SDT date member." );
else
  LOG::LogFailure( message: "Unsuccessful read of nested SDT date member." );
  ::failedChecksTest();
end if;
if ( param.data.a_real == param.data.a_TypeContainer.a_real 
     and param.data.a_TypeContainer.a_real == 1.0)
  LOG::LogSuccess( message: "Successful read of nested SDT real member." );
else
  LOG::LogFailure( message: "Unsuccessful read of nested SDT real member." );
  ::failedChecksTest();
end if;
if ( param.data.a_string == param.data.a_TypeContainer.a_string 
     and param.data.a_TypeContainer.a_string == "myData")
  LOG::LogSuccess( message: "Successful read of nested SDT string member." );
else
  LOG::LogFailure( message: "Unsuccessful read of nested SDT string member." );
  ::failedChecksTest();
end if;
if ( param.data.a_timestamp == param.data.a_TypeContainer.a_timestamp 
     and param.data.a_TypeContainer.a_timestamp < TIM::current_clock())
  LOG::LogSuccess( message: "Successful read of nested SDT timestamp member." );
else
  LOG::LogFailure( message: "Unsuccessful read of nested SDT timestamp member." );
  ::failedChecksTest();
end if;
//


// Make calls with class attribute
rvalDataEE = OW::checkDataEEByVal( data: self.myData );
rvalDataDF = ::checkDataDFByVal( data: self.myData );

// Check the return value data
if ( rvalDataEE == self.myData )
  LOG::LogSuccess( message: "Successful check of SDT return value." );
else
  LOG::LogFailure( message: "Unsuccessful check of SDT return value." );
  ::failedChecksTest();
end if;
if ( rvalDataDF == rvalDataEE )
  LOG::LogSuccess( message: "Successful check of SDT return value." );
else
  LOG::LogFailure( message: "Unsuccessful check of SDT return value." );
  ::failedChecksTest();
end if;

// Make calls with rcvd_evt.param
rvalDataEE = OW::checkDataEEByVal( data: rcvd_evt.data );
rvalDataDF = ::checkDataDFByVal( data: rcvd_evt.myData );

// Check the return value data
if ( rvalDataEE == self.myData )
  LOG::LogSuccess( message: "Successful check of SDT return value." );
else
  LOG::LogFailure( message: "Unsuccessful check of SDT return value." );
  ::failedChecksTest();
end if;
if ( rvalDataDF == rvalDataEE )
  LOG::LogSuccess( message: "Successful check of SDT return value." );
else
  LOG::LogFailure( message: "Unsuccessful check of SDT return value." );
  ::failedChecksTest();
end if;

// Make calls with temporary
localData = param.data;
rvalDataEE = OW::checkDataEEByVal( data: localData );
rvalDataDF = ::checkDataDFByVal( data: localData );

// Check the return value data
if ( rvalDataEE == self.myData )
  LOG::LogSuccess( message: "Successful check of SDT return value." );
else
  LOG::LogFailure( message: "Unsuccessful check of SDT return value." );
  ::failedChecksTest();
end if;
if ( rvalDataDF == rvalDataEE )
  LOG::LogSuccess( message: "Successful check of SDT return value." );
else
  LOG::LogFailure( message: "Unsuccessful check of SDT return value." );
  ::failedChecksTest();
end if;

return localData;
',
	1);
INSERT INTO O_TPARM
	VALUES ("9eed6a1b-c01c-44bb-a39d-f229919873ea",
	"5d794bf7-c686-4646-9a56-d8427457dadd",
	'data',
	"f3b22070-8f46-4382-baa9-be5973b56db4",
	0);
INSERT INTO ACT_OPB
	VALUES ("4f18d72e-f9d9-43d9-af87-ee1d115a9c37",
	"5d794bf7-c686-4646-9a56-d8427457dadd");
INSERT INTO ACT_ACT
	VALUES ("4f18d72e-f9d9-43d9-af87-ee1d115a9c37",
	'operation',
	0,
	"db0de2fe-2a64-402a-b7d9-084353f608f6",
	"00000000-0000-0000-0000-000000000000",
	0,
	'CheckSDTs::checkDataOpByVal',
	"00000000-0000-0000-0000-000000000000");
INSERT INTO ACT_BLK
	VALUES ("db0de2fe-2a64-402a-b7d9-084353f608f6",
	0,
	0,
	0,
	'TIM',
	'',
	'',
	43,
	1,
	32,
	31,
	0,
	0,
	0,
	0,
	0,
	0,
	0,
	0,
	0,
	"4f18d72e-f9d9-43d9-af87-ee1d115a9c37",
	"00000000-0000-0000-0000-000000000000");
INSERT INTO ACT_SMT
	VALUES ("dc5ad266-0850-4bb6-92dd-d6520e5e391a",
	"db0de2fe-2a64-402a-b7d9-084353f608f6",
	"72633c9e-e6de-4841-a94c-71f22b1aa967",
	2,
	1,
	'CheckSDTs::checkDataOpByVal line: 2');
INSERT INTO ACT_IF
	VALUES ("dc5ad266-0850-4bb6-92dd-d6520e5e391a",
	"301c3646-aa64-4072-8a1a-85c30ea4aa01",
	"47cc0ab8-1dcc-461a-bcf9-b9ea6119b46e",
	"00000000-0000-0000-0000-000000000000",
	"00000000-0000-0000-0000-000000000000");
INSERT INTO ACT_SMT
	VALUES ("70cb2b4d-2fde-4a76-9e90-48317a93215b",
	"db0de2fe-2a64-402a-b7d9-084353f608f6",
	"00000000-0000-0000-0000-000000000000",
	4,
	1,
	'CheckSDTs::checkDataOpByVal line: 4');
INSERT INTO ACT_E
	VALUES ("70cb2b4d-2fde-4a76-9e90-48317a93215b",
	"f0577496-806d-4ed2-8bc5-056b58bcb2f2",
	"dc5ad266-0850-4bb6-92dd-d6520e5e391a");
INSERT INTO ACT_SMT
	VALUES ("72633c9e-e6de-4841-a94c-71f22b1aa967",
	"db0de2fe-2a64-402a-b7d9-084353f608f6",
	"a67e8616-3e2b-417d-9786-2e93f25cc101",
	8,
	1,
	'CheckSDTs::checkDataOpByVal line: 8');
INSERT INTO ACT_IF
	VALUES ("72633c9e-e6de-4841-a94c-71f22b1aa967",
	"a5e77c5b-90ae-46df-93ff-d3e4d151984f",
	"c912e330-4246-454f-9d10-90e57360280a",
	"00000000-0000-0000-0000-000000000000",
	"00000000-0000-0000-0000-000000000000");
INSERT INTO ACT_SMT
	VALUES ("8a055963-23e5-44ac-9ef3-a1a507273a08",
	"db0de2fe-2a64-402a-b7d9-084353f608f6",
	"00000000-0000-0000-0000-000000000000",
	10,
	1,
	'CheckSDTs::checkDataOpByVal line: 10');
INSERT INTO ACT_E
	VALUES ("8a055963-23e5-44ac-9ef3-a1a507273a08",
	"aef5f3df-4838-454c-a9b8-bcba3182c883",
	"72633c9e-e6de-4841-a94c-71f22b1aa967");
INSERT INTO ACT_SMT
	VALUES ("a67e8616-3e2b-417d-9786-2e93f25cc101",
	"db0de2fe-2a64-402a-b7d9-084353f608f6",
	"f9a6b8de-74ad-49a6-9898-2079e25b2db6",
	14,
	1,
	'CheckSDTs::checkDataOpByVal line: 14');
INSERT INTO ACT_IF
	VALUES ("a67e8616-3e2b-417d-9786-2e93f25cc101",
	"a9a1c9f5-89a2-4a5b-bdf7-b72321430b30",
	"9cfbea89-9985-49df-8ce8-b4509c85e084",
	"00000000-0000-0000-0000-000000000000",
	"00000000-0000-0000-0000-000000000000");
INSERT INTO ACT_SMT
	VALUES ("c04f4611-1d58-4da8-aff4-5ad390edc7b4",
	"db0de2fe-2a64-402a-b7d9-084353f608f6",
	"00000000-0000-0000-0000-000000000000",
	16,
	1,
	'CheckSDTs::checkDataOpByVal line: 16');
INSERT INTO ACT_E
	VALUES ("c04f4611-1d58-4da8-aff4-5ad390edc7b4",
	"de9b88f9-e1b0-4752-a212-8aab9843e7d9",
	"a67e8616-3e2b-417d-9786-2e93f25cc101");
INSERT INTO ACT_SMT
	VALUES ("f9a6b8de-74ad-49a6-9898-2079e25b2db6",
	"db0de2fe-2a64-402a-b7d9-084353f608f6",
	"d4e679c9-e0b0-4ad4-8d3a-a3eee8a14a88",
	20,
	1,
	'CheckSDTs::checkDataOpByVal line: 20');
INSERT INTO ACT_IF
	VALUES ("f9a6b8de-74ad-49a6-9898-2079e25b2db6",
	"5f261a72-587c-4ccd-9fef-4e8cdd3bb92b",
	"54f51abe-9e8f-4932-9e34-2cf3bf528040",
	"00000000-0000-0000-0000-000000000000",
	"00000000-0000-0000-0000-000000000000");
INSERT INTO ACT_SMT
	VALUES ("3fe7b402-93ae-438f-8d8d-06acee472dd3",
	"db0de2fe-2a64-402a-b7d9-084353f608f6",
	"00000000-0000-0000-0000-000000000000",
	22,
	1,
	'CheckSDTs::checkDataOpByVal line: 22');
INSERT INTO ACT_E
	VALUES ("3fe7b402-93ae-438f-8d8d-06acee472dd3",
	"98dd747e-9a08-4a0a-abba-82c06daea33e",
	"f9a6b8de-74ad-49a6-9898-2079e25b2db6");
INSERT INTO ACT_SMT
	VALUES ("d4e679c9-e0b0-4ad4-8d3a-a3eee8a14a88",
	"db0de2fe-2a64-402a-b7d9-084353f608f6",
	"9d506129-16fb-4f73-aa57-e9c607d0d7e4",
	26,
	1,
	'CheckSDTs::checkDataOpByVal line: 26');
INSERT INTO ACT_IF
	VALUES ("d4e679c9-e0b0-4ad4-8d3a-a3eee8a14a88",
	"1cf64028-87f8-4b48-ab1d-d3b2d47721fd",
	"eb8afced-7595-4ac7-bcf9-5923f7e74d53",
	"00000000-0000-0000-0000-000000000000",
	"00000000-0000-0000-0000-000000000000");
INSERT INTO ACT_SMT
	VALUES ("d35491f4-1274-4329-a746-201642864960",
	"db0de2fe-2a64-402a-b7d9-084353f608f6",
	"00000000-0000-0000-0000-000000000000",
	28,
	1,
	'CheckSDTs::checkDataOpByVal line: 28');
INSERT INTO ACT_E
	VALUES ("d35491f4-1274-4329-a746-201642864960",
	"f190460a-ace3-4cee-be93-992c31f21dd7",
	"d4e679c9-e0b0-4ad4-8d3a-a3eee8a14a88");
INSERT INTO ACT_SMT
	VALUES ("9d506129-16fb-4f73-aa57-e9c607d0d7e4",
	"db0de2fe-2a64-402a-b7d9-084353f608f6",
	"00000000-0000-0000-0000-000000000000",
	32,
	1,
	'CheckSDTs::checkDataOpByVal line: 32');
INSERT INTO ACT_IF
	VALUES ("9d506129-16fb-4f73-aa57-e9c607d0d7e4",
	"a9cf46ff-cd8d-4536-b935-8fb741ffe116",
	"8268b156-856a-45c4-aed8-f8197cd43b5e",
	"00000000-0000-0000-0000-000000000000",
	"00000000-0000-0000-0000-000000000000");
INSERT INTO ACT_SMT
	VALUES ("fd8cd85e-3bdd-47ce-840c-b49506965375",
	"db0de2fe-2a64-402a-b7d9-084353f608f6",
	"00000000-0000-0000-0000-000000000000",
	34,
	1,
	'CheckSDTs::checkDataOpByVal line: 34');
INSERT INTO ACT_E
	VALUES ("fd8cd85e-3bdd-47ce-840c-b49506965375",
	"0763175b-af97-4a84-9f1c-13288265e1f3",
	"9d506129-16fb-4f73-aa57-e9c607d0d7e4");
INSERT INTO V_VAL
	VALUES ("419ccd1e-02e4-442c-a3e6-82f2f55de61f",
	0,
	0,
	40,
	36,
	39,
	0,
	0,
	0,
	0,
	"f3b22070-8f46-4382-baa9-be5973b56db4",
	"db0de2fe-2a64-402a-b7d9-084353f608f6");
INSERT INTO V_PVL
	VALUES ("419ccd1e-02e4-442c-a3e6-82f2f55de61f",
	"00000000-0000-0000-0000-000000000000",
	"00000000-0000-0000-0000-000000000000",
	"7a687533-1328-4101-93da-a95bf973a392");
INSERT INTO V_VAL
	VALUES ("295fadfd-b783-4d62-b8a7-b31f841a60d9",
	0,
	0,
	41,
	16,
	19,
	0,
	0,
	0,
	0,
	"f3b22070-8f46-4382-baa9-be5973b56db4",
	"db0de2fe-2a64-402a-b7d9-084353f608f6");
INSERT INTO V_PVL
	VALUES ("295fadfd-b783-4d62-b8a7-b31f841a60d9",
	"00000000-0000-0000-0000-000000000000",
	"00000000-0000-0000-0000-000000000000",
	"7a687533-1328-4101-93da-a95bf973a392");
INSERT INTO V_VAL
	VALUES ("cd45fdfb-3ebb-4219-9fb3-78776079ef23",
	0,
	0,
	2,
	12,
	15,
	0,
	0,
	0,
	0,
	"f3b22070-8f46-4382-baa9-be5973b56db4",
	"db0de2fe-2a64-402a-b7d9-084353f608f6");
INSERT INTO V_PVL
	VALUES ("cd45fdfb-3ebb-4219-9fb3-78776079ef23",
	"00000000-0000-0000-0000-000000000000",
	"00000000-0000-0000-0000-000000000000",
	"9eed6a1b-c01c-44bb-a39d-f229919873ea");
INSERT INTO V_VAL
	VALUES ("a0a754d0-c681-4733-8570-5834793223cc",
	0,
	0,
	2,
	17,
	25,
	0,
	0,
	0,
	0,
	"bb2aad42-e125-4543-bcd6-e4515b678378",
	"db0de2fe-2a64-402a-b7d9-084353f608f6");
INSERT INTO V_MVL
	VALUES ("a0a754d0-c681-4733-8570-5834793223cc",
	"cd45fdfb-3ebb-4219-9fb3-78776079ef23",
	"5d275f57-7401-4a94-bebd-f53d58f4fc1e",
	"f3b22070-8f46-4382-baa9-be5973b56db4");
INSERT INTO V_VAL
	VALUES ("47cc0ab8-1dcc-461a-bcf9-b9ea6119b46e",
	0,
	0,
	-1,
	-1,
	-1,
	0,
	0,
	0,
	0,
	"ed855afe-b773-4348-9030-494350c96719",
	"db0de2fe-2a64-402a-b7d9-084353f608f6");
INSERT INTO V_BIN
	VALUES ("47cc0ab8-1dcc-461a-bcf9-b9ea6119b46e",
	"bbbd8810-1320-41c9-8eb0-4b846631ed54",
	"a0a754d0-c681-4733-8570-5834793223cc",
	'==');
INSERT INTO V_VAL
	VALUES ("bbbd8810-1320-41c9-8eb0-4b846631ed54",
	0,
	0,
	2,
	30,
	30,
	0,
	0,
	0,
	0,
	"bb2aad42-e125-4543-bcd6-e4515b678378",
	"db0de2fe-2a64-402a-b7d9-084353f608f6");
INSERT INTO V_LIN
	VALUES ("bbbd8810-1320-41c9-8eb0-4b846631ed54",
	'1');
INSERT INTO V_VAL
	VALUES ("7df11426-204d-47bf-8779-607fae2f3fa3",
	0,
	0,
	8,
	12,
	15,
	0,
	0,
	0,
	0,
	"f3b22070-8f46-4382-baa9-be5973b56db4",
	"db0de2fe-2a64-402a-b7d9-084353f608f6");
INSERT INTO V_PVL
	VALUES ("7df11426-204d-47bf-8779-607fae2f3fa3",
	"00000000-0000-0000-0000-000000000000",
	"00000000-0000-0000-0000-000000000000",
	"9eed6a1b-c01c-44bb-a39d-f229919873ea");
INSERT INTO V_VAL
	VALUES ("824dc68f-694b-4d3e-82b8-91f3b21f7a55",
	0,
	0,
	8,
	17,
	25,
	0,
	0,
	0,
	0,
	"ed855afe-b773-4348-9030-494350c96719",
	"db0de2fe-2a64-402a-b7d9-084353f608f6");
INSERT INTO V_MVL
	VALUES ("824dc68f-694b-4d3e-82b8-91f3b21f7a55",
	"7df11426-204d-47bf-8779-607fae2f3fa3",
	"bc071b7d-9f8c-45b7-81e3-1c67a2ea835d",
	"f3b22070-8f46-4382-baa9-be5973b56db4");
INSERT INTO V_VAL
	VALUES ("c912e330-4246-454f-9d10-90e57360280a",
	0,
	0,
	-1,
	-1,
	-1,
	0,
	0,
	0,
	0,
	"ed855afe-b773-4348-9030-494350c96719",
	"db0de2fe-2a64-402a-b7d9-084353f608f6");
INSERT INTO V_BIN
	VALUES ("c912e330-4246-454f-9d10-90e57360280a",
	"209deee7-746a-431a-9eaf-ba8eece85804",
	"824dc68f-694b-4d3e-82b8-91f3b21f7a55",
	'==');
INSERT INTO V_VAL
	VALUES ("209deee7-746a-431a-9eaf-ba8eece85804",
	0,
	0,
	-1,
	-1,
	-1,
	0,
	0,
	0,
	0,
	"ed855afe-b773-4348-9030-494350c96719",
	"db0de2fe-2a64-402a-b7d9-084353f608f6");
INSERT INTO V_LBO
	VALUES ("209deee7-746a-431a-9eaf-ba8eece85804",
	'TRUE');
INSERT INTO V_VAL
	VALUES ("81f1afab-b672-4f99-be55-46f0aa30ec51",
	0,
	0,
	14,
	12,
	15,
	0,
	0,
	0,
	0,
	"f3b22070-8f46-4382-baa9-be5973b56db4",
	"db0de2fe-2a64-402a-b7d9-084353f608f6");
INSERT INTO V_PVL
	VALUES ("81f1afab-b672-4f99-be55-46f0aa30ec51",
	"00000000-0000-0000-0000-000000000000",
	"00000000-0000-0000-0000-000000000000",
	"9eed6a1b-c01c-44bb-a39d-f229919873ea");
INSERT INTO V_VAL
	VALUES ("6e5859b1-0c02-4416-8b66-bfd968a80040",
	0,
	0,
	14,
	17,
	22,
	0,
	0,
	0,
	0,
	"13652848-f535-4373-84cd-5470fe8f20b8",
	"db0de2fe-2a64-402a-b7d9-084353f608f6");
INSERT INTO V_MVL
	VALUES ("6e5859b1-0c02-4416-8b66-bfd968a80040",
	"81f1afab-b672-4f99-be55-46f0aa30ec51",
	"6a3cbb72-43bb-4370-9658-904420fc70e8",
	"f3b22070-8f46-4382-baa9-be5973b56db4");
INSERT INTO V_VAL
	VALUES ("9cfbea89-9985-49df-8ce8-b4509c85e084",
	0,
	0,
	-1,
	-1,
	-1,
	0,
	0,
	0,
	0,
	"ed855afe-b773-4348-9030-494350c96719",
	"db0de2fe-2a64-402a-b7d9-084353f608f6");
INSERT INTO V_BIN
	VALUES ("9cfbea89-9985-49df-8ce8-b4509c85e084",
	"b2dc4800-e386-4a55-9e9d-9e26757ffe5d",
	"6e5859b1-0c02-4416-8b66-bfd968a80040",
	'==');
INSERT INTO V_VAL
	VALUES ("b2dc4800-e386-4a55-9e9d-9e26757ffe5d",
	0,
	0,
	14,
	32,
	-1,
	0,
	0,
	0,
	0,
	"13652848-f535-4373-84cd-5470fe8f20b8",
	"db0de2fe-2a64-402a-b7d9-084353f608f6");
INSERT INTO V_BRV
	VALUES ("b2dc4800-e386-4a55-9e9d-9e26757ffe5d",
	"7a681c3d-8b02-491d-b228-e848c5961a73",
	1,
	14,
	27);
INSERT INTO V_VAL
	VALUES ("467f7474-7e26-4ac3-af77-fa94efbd5d59",
	0,
	0,
	20,
	12,
	15,
	0,
	0,
	0,
	0,
	"f3b22070-8f46-4382-baa9-be5973b56db4",
	"db0de2fe-2a64-402a-b7d9-084353f608f6");
INSERT INTO V_PVL
	VALUES ("467f7474-7e26-4ac3-af77-fa94efbd5d59",
	"00000000-0000-0000-0000-000000000000",
	"00000000-0000-0000-0000-000000000000",
	"9eed6a1b-c01c-44bb-a39d-f229919873ea");
INSERT INTO V_VAL
	VALUES ("54f979d3-a69c-4f71-876d-205e7f35fa53",
	0,
	0,
	20,
	17,
	22,
	0,
	0,
	0,
	0,
	"1b4eef3c-5a32-4532-b6ba-6bd1a5ee28ec",
	"db0de2fe-2a64-402a-b7d9-084353f608f6");
INSERT INTO V_MVL
	VALUES ("54f979d3-a69c-4f71-876d-205e7f35fa53",
	"467f7474-7e26-4ac3-af77-fa94efbd5d59",
	"c7f5cb51-b6f9-41cb-9922-1d7845743371",
	"f3b22070-8f46-4382-baa9-be5973b56db4");
INSERT INTO V_VAL
	VALUES ("54f51abe-9e8f-4932-9e34-2cf3bf528040",
	0,
	0,
	-1,
	-1,
	-1,
	0,
	0,
	0,
	0,
	"ed855afe-b773-4348-9030-494350c96719",
	"db0de2fe-2a64-402a-b7d9-084353f608f6");
INSERT INTO V_BIN
	VALUES ("54f51abe-9e8f-4932-9e34-2cf3bf528040",
	"1ca07a07-8116-47c2-9065-2354ee21ec20",
	"54f979d3-a69c-4f71-876d-205e7f35fa53",
	'==');
INSERT INTO V_VAL
	VALUES ("1ca07a07-8116-47c2-9065-2354ee21ec20",
	0,
	0,
	20,
	27,
	29,
	0,
	0,
	0,
	0,
	"1b4eef3c-5a32-4532-b6ba-6bd1a5ee28ec",
	"db0de2fe-2a64-402a-b7d9-084353f608f6");
INSERT INTO V_LRL
	VALUES ("1ca07a07-8116-47c2-9065-2354ee21ec20",
	'1.0');
INSERT INTO V_VAL
	VALUES ("960f6101-3d62-4d42-94b2-1e27d24304d4",
	0,
	0,
	26,
	12,
	15,
	0,
	0,
	0,
	0,
	"f3b22070-8f46-4382-baa9-be5973b56db4",
	"db0de2fe-2a64-402a-b7d9-084353f608f6");
INSERT INTO V_PVL
	VALUES ("960f6101-3d62-4d42-94b2-1e27d24304d4",
	"00000000-0000-0000-0000-000000000000",
	"00000000-0000-0000-0000-000000000000",
	"9eed6a1b-c01c-44bb-a39d-f229919873ea");
INSERT INTO V_VAL
	VALUES ("7c4a0711-8ac9-4cb6-8faa-d44e91cc35d0",
	0,
	0,
	26,
	17,
	24,
	0,
	0,
	0,
	0,
	"fc579625-527e-4796-9485-440b72c36cdf",
	"db0de2fe-2a64-402a-b7d9-084353f608f6");
INSERT INTO V_MVL
	VALUES ("7c4a0711-8ac9-4cb6-8faa-d44e91cc35d0",
	"960f6101-3d62-4d42-94b2-1e27d24304d4",
	"e8aeb5a8-8e14-42e6-afe4-e4557db47146",
	"f3b22070-8f46-4382-baa9-be5973b56db4");
INSERT INTO V_VAL
	VALUES ("eb8afced-7595-4ac7-bcf9-5923f7e74d53",
	0,
	0,
	-1,
	-1,
	-1,
	0,
	0,
	0,
	0,
	"ed855afe-b773-4348-9030-494350c96719",
	"db0de2fe-2a64-402a-b7d9-084353f608f6");
INSERT INTO V_BIN
	VALUES ("eb8afced-7595-4ac7-bcf9-5923f7e74d53",
	"3a5977b9-bda1-486f-9ff0-4cfc9510f37c",
	"7c4a0711-8ac9-4cb6-8faa-d44e91cc35d0",
	'==');
INSERT INTO V_VAL
	VALUES ("3a5977b9-bda1-486f-9ff0-4cfc9510f37c",
	0,
	0,
	26,
	29,
	35,
	0,
	0,
	0,
	0,
	"fc579625-527e-4796-9485-440b72c36cdf",
	"db0de2fe-2a64-402a-b7d9-084353f608f6");
INSERT INTO V_LST
	VALUES ("3a5977b9-bda1-486f-9ff0-4cfc9510f37c",
	'myData');
INSERT INTO V_VAL
	VALUES ("7fd1e7f6-eaa7-480f-807a-e1500878e4bc",
	0,
	0,
	32,
	12,
	15,
	0,
	0,
	0,
	0,
	"f3b22070-8f46-4382-baa9-be5973b56db4",
	"db0de2fe-2a64-402a-b7d9-084353f608f6");
INSERT INTO V_PVL
	VALUES ("7fd1e7f6-eaa7-480f-807a-e1500878e4bc",
	"00000000-0000-0000-0000-000000000000",
	"00000000-0000-0000-0000-000000000000",
	"9eed6a1b-c01c-44bb-a39d-f229919873ea");
INSERT INTO V_VAL
	VALUES ("5b47b6e5-1afd-4924-8eaf-f97587ce6a11",
	0,
	0,
	32,
	17,
	27,
	0,
	0,
	0,
	0,
	"f110c26b-e74a-47a6-bd78-09e2355d90d6",
	"db0de2fe-2a64-402a-b7d9-084353f608f6");
INSERT INTO V_MVL
	VALUES ("5b47b6e5-1afd-4924-8eaf-f97587ce6a11",
	"7fd1e7f6-eaa7-480f-807a-e1500878e4bc",
	"699c58b9-d2b0-4927-9ac2-ca82d8bbfcbb",
	"f3b22070-8f46-4382-baa9-be5973b56db4");
INSERT INTO V_VAL
	VALUES ("8268b156-856a-45c4-aed8-f8197cd43b5e",
	0,
	0,
	-1,
	-1,
	-1,
	0,
	0,
	0,
	0,
	"ed855afe-b773-4348-9030-494350c96719",
	"db0de2fe-2a64-402a-b7d9-084353f608f6");
INSERT INTO V_BIN
	VALUES ("8268b156-856a-45c4-aed8-f8197cd43b5e",
	"138e8aa1-4446-41d6-94f2-0176b70f23b1",
	"5b47b6e5-1afd-4924-8eaf-f97587ce6a11",
	'<');
INSERT INTO V_VAL
	VALUES ("138e8aa1-4446-41d6-94f2-0176b70f23b1",
	0,
	0,
	32,
	36,
	-1,
	0,
	0,
	0,
	0,
	"f110c26b-e74a-47a6-bd78-09e2355d90d6",
	"db0de2fe-2a64-402a-b7d9-084353f608f6");
INSERT INTO V_BRV
	VALUES ("138e8aa1-4446-41d6-94f2-0176b70f23b1",
	"76527422-354b-48ac-a584-53385ab85341",
	1,
	32,
	31);
INSERT INTO V_VAL
	VALUES ("27e8a02a-73c8-48a1-a443-174e7533493b",
	0,
	0,
	40,
	12,
	15,
	0,
	0,
	0,
	0,
	"f3b22070-8f46-4382-baa9-be5973b56db4",
	"db0de2fe-2a64-402a-b7d9-084353f608f6");
INSERT INTO V_PVL
	VALUES ("27e8a02a-73c8-48a1-a443-174e7533493b",
	"00000000-0000-0000-0000-000000000000",
	"00000000-0000-0000-0000-000000000000",
	"9eed6a1b-c01c-44bb-a39d-f229919873ea");
INSERT INTO ACT_BLK
	VALUES ("301c3646-aa64-4072-8a1a-85c30ea4aa01",
	0,
	0,
	0,
	'LOG',
	'',
	'',
	3,
	3,
	3,
	3,
	0,
	0,
	0,
	0,
	0,
	0,
	0,
	0,
	0,
	"4f18d72e-f9d9-43d9-af87-ee1d115a9c37",
	"00000000-0000-0000-0000-000000000000");
INSERT INTO ACT_SMT
	VALUES ("a7f50ea7-8284-4f69-85dd-1fdb0018dcc5",
	"301c3646-aa64-4072-8a1a-85c30ea4aa01",
	"00000000-0000-0000-0000-000000000000",
	3,
	3,
	'CheckSDTs::checkDataOpByVal line: 3');
INSERT INTO ACT_BRG
	VALUES ("a7f50ea7-8284-4f69-85dd-1fdb0018dcc5",
	"f2f7277d-5b46-4382-aca0-8e16b822b623",
	3,
	8,
	3,
	3);
INSERT INTO V_VAL
	VALUES ("2a1259d1-598d-4616-b1ee-d891dd1f8f77",
	0,
	0,
	3,
	29,
	94,
	0,
	0,
	0,
	0,
	"fc579625-527e-4796-9485-440b72c36cdf",
	"301c3646-aa64-4072-8a1a-85c30ea4aa01");
INSERT INTO V_LST
	VALUES ("2a1259d1-598d-4616-b1ee-d891dd1f8f77",
	'Successful read of SDT int member in pass-by-val class operation.');
INSERT INTO V_PAR
	VALUES ("2a1259d1-598d-4616-b1ee-d891dd1f8f77",
	"a7f50ea7-8284-4f69-85dd-1fdb0018dcc5",
	"00000000-0000-0000-0000-000000000000",
	'message',
	"00000000-0000-0000-0000-000000000000",
	3,
	20);
INSERT INTO ACT_BLK
	VALUES ("f0577496-806d-4ed2-8bc5-056b58bcb2f2",
	0,
	0,
	0,
	'LOG',
	'',
	'',
	6,
	3,
	5,
	3,
	0,
	0,
	0,
	0,
	0,
	0,
	0,
	0,
	0,
	"4f18d72e-f9d9-43d9-af87-ee1d115a9c37",
	"00000000-0000-0000-0000-000000000000");
INSERT INTO ACT_SMT
	VALUES ("6d5d5c13-2f0f-45d4-93a8-9c57ecd2b365",
	"f0577496-806d-4ed2-8bc5-056b58bcb2f2",
	"0c737c29-fed8-4c99-95ec-d5438152dcdb",
	5,
	3,
	'CheckSDTs::checkDataOpByVal line: 5');
INSERT INTO ACT_BRG
	VALUES ("6d5d5c13-2f0f-45d4-93a8-9c57ecd2b365",
	"85a2ae18-4cb8-4b1f-a989-c9af21c1561b",
	5,
	8,
	5,
	3);
INSERT INTO ACT_SMT
	VALUES ("0c737c29-fed8-4c99-95ec-d5438152dcdb",
	"f0577496-806d-4ed2-8bc5-056b58bcb2f2",
	"00000000-0000-0000-0000-000000000000",
	6,
	3,
	'CheckSDTs::checkDataOpByVal line: 6');
INSERT INTO ACT_FNC
	VALUES ("0c737c29-fed8-4c99-95ec-d5438152dcdb",
	"a3929c52-9e1a-45f7-acc5-5bd9cf747c56",
	6,
	5);
INSERT INTO V_VAL
	VALUES ("c4fc5b19-222f-4722-a82c-d3d850e35daf",
	0,
	0,
	5,
	29,
	96,
	0,
	0,
	0,
	0,
	"fc579625-527e-4796-9485-440b72c36cdf",
	"f0577496-806d-4ed2-8bc5-056b58bcb2f2");
INSERT INTO V_LST
	VALUES ("c4fc5b19-222f-4722-a82c-d3d850e35daf",
	'Unsuccessful read of SDT int member in pass-by-val class operation.');
INSERT INTO V_PAR
	VALUES ("c4fc5b19-222f-4722-a82c-d3d850e35daf",
	"6d5d5c13-2f0f-45d4-93a8-9c57ecd2b365",
	"00000000-0000-0000-0000-000000000000",
	'message',
	"00000000-0000-0000-0000-000000000000",
	5,
	20);
INSERT INTO ACT_BLK
	VALUES ("a5e77c5b-90ae-46df-93ff-d3e4d151984f",
	0,
	0,
	0,
	'LOG',
	'',
	'',
	9,
	3,
	9,
	3,
	0,
	0,
	0,
	0,
	0,
	0,
	0,
	0,
	0,
	"4f18d72e-f9d9-43d9-af87-ee1d115a9c37",
	"00000000-0000-0000-0000-000000000000");
INSERT INTO ACT_SMT
	VALUES ("f485dcca-3cae-4b21-8b61-cc486fc02f55",
	"a5e77c5b-90ae-46df-93ff-d3e4d151984f",
	"00000000-0000-0000-0000-000000000000",
	9,
	3,
	'CheckSDTs::checkDataOpByVal line: 9');
INSERT INTO ACT_BRG
	VALUES ("f485dcca-3cae-4b21-8b61-cc486fc02f55",
	"f2f7277d-5b46-4382-aca0-8e16b822b623",
	9,
	8,
	9,
	3);
INSERT INTO V_VAL
	VALUES ("bd1b1706-37a5-4a3b-a373-d1637533d00e",
	0,
	0,
	9,
	29,
	98,
	0,
	0,
	0,
	0,
	"fc579625-527e-4796-9485-440b72c36cdf",
	"a5e77c5b-90ae-46df-93ff-d3e4d151984f");
INSERT INTO V_LST
	VALUES ("bd1b1706-37a5-4a3b-a373-d1637533d00e",
	'Successful read of SDT boolean member in pass-by-val class operation.');
INSERT INTO V_PAR
	VALUES ("bd1b1706-37a5-4a3b-a373-d1637533d00e",
	"f485dcca-3cae-4b21-8b61-cc486fc02f55",
	"00000000-0000-0000-0000-000000000000",
	'message',
	"00000000-0000-0000-0000-000000000000",
	9,
	20);
INSERT INTO ACT_BLK
	VALUES ("aef5f3df-4838-454c-a9b8-bcba3182c883",
	0,
	0,
	0,
	'LOG',
	'',
	'',
	12,
	3,
	11,
	3,
	0,
	0,
	0,
	0,
	0,
	0,
	0,
	0,
	0,
	"4f18d72e-f9d9-43d9-af87-ee1d115a9c37",
	"00000000-0000-0000-0000-000000000000");
INSERT INTO ACT_SMT
	VALUES ("90fc0cef-d7e7-4458-925c-55eac8fef4cb",
	"aef5f3df-4838-454c-a9b8-bcba3182c883",
	"7571d45f-9390-441a-a68e-8a4fcb5a8a0b",
	11,
	3,
	'CheckSDTs::checkDataOpByVal line: 11');
INSERT INTO ACT_BRG
	VALUES ("90fc0cef-d7e7-4458-925c-55eac8fef4cb",
	"85a2ae18-4cb8-4b1f-a989-c9af21c1561b",
	11,
	8,
	11,
	3);
INSERT INTO ACT_SMT
	VALUES ("7571d45f-9390-441a-a68e-8a4fcb5a8a0b",
	"aef5f3df-4838-454c-a9b8-bcba3182c883",
	"00000000-0000-0000-0000-000000000000",
	12,
	3,
	'CheckSDTs::checkDataOpByVal line: 12');
INSERT INTO ACT_FNC
	VALUES ("7571d45f-9390-441a-a68e-8a4fcb5a8a0b",
	"a3929c52-9e1a-45f7-acc5-5bd9cf747c56",
	12,
	5);
INSERT INTO V_VAL
	VALUES ("55e6355a-e986-406b-91e2-a8042c5a0196",
	0,
	0,
	11,
	29,
	100,
	0,
	0,
	0,
	0,
	"fc579625-527e-4796-9485-440b72c36cdf",
	"aef5f3df-4838-454c-a9b8-bcba3182c883");
INSERT INTO V_LST
	VALUES ("55e6355a-e986-406b-91e2-a8042c5a0196",
	'Unsuccessful read of SDT boolean member in pass-by-val class operation.');
INSERT INTO V_PAR
	VALUES ("55e6355a-e986-406b-91e2-a8042c5a0196",
	"90fc0cef-d7e7-4458-925c-55eac8fef4cb",
	"00000000-0000-0000-0000-000000000000",
	'message',
	"00000000-0000-0000-0000-000000000000",
	11,
	20);
INSERT INTO ACT_BLK
	VALUES ("a9a1c9f5-89a2-4a5b-bdf7-b72321430b30",
	0,
	0,
	0,
	'LOG',
	'',
	'',
	15,
	3,
	15,
	3,
	0,
	0,
	0,
	0,
	0,
	0,
	0,
	0,
	0,
	"4f18d72e-f9d9-43d9-af87-ee1d115a9c37",
	"00000000-0000-0000-0000-000000000000");
INSERT INTO ACT_SMT
	VALUES ("1174d154-299d-4c2e-9005-8bc150f9aac3",
	"a9a1c9f5-89a2-4a5b-bdf7-b72321430b30",
	"00000000-0000-0000-0000-000000000000",
	15,
	3,
	'CheckSDTs::checkDataOpByVal line: 15');
INSERT INTO ACT_BRG
	VALUES ("1174d154-299d-4c2e-9005-8bc150f9aac3",
	"f2f7277d-5b46-4382-aca0-8e16b822b623",
	15,
	8,
	15,
	3);
INSERT INTO V_VAL
	VALUES ("fab283cb-de38-424d-bb87-956e8341080e",
	0,
	0,
	15,
	29,
	95,
	0,
	0,
	0,
	0,
	"fc579625-527e-4796-9485-440b72c36cdf",
	"a9a1c9f5-89a2-4a5b-bdf7-b72321430b30");
INSERT INTO V_LST
	VALUES ("fab283cb-de38-424d-bb87-956e8341080e",
	'Successful read of SDT date member in pass-by-val class operation.');
INSERT INTO V_PAR
	VALUES ("fab283cb-de38-424d-bb87-956e8341080e",
	"1174d154-299d-4c2e-9005-8bc150f9aac3",
	"00000000-0000-0000-0000-000000000000",
	'message',
	"00000000-0000-0000-0000-000000000000",
	15,
	20);
INSERT INTO ACT_BLK
	VALUES ("de9b88f9-e1b0-4752-a212-8aab9843e7d9",
	0,
	0,
	0,
	'LOG',
	'',
	'',
	18,
	3,
	17,
	3,
	0,
	0,
	0,
	0,
	0,
	0,
	0,
	0,
	0,
	"4f18d72e-f9d9-43d9-af87-ee1d115a9c37",
	"00000000-0000-0000-0000-000000000000");
INSERT INTO ACT_SMT
	VALUES ("10403aae-eac9-41c6-8977-c02b3139cdf9",
	"de9b88f9-e1b0-4752-a212-8aab9843e7d9",
	"3ff3f229-2d19-4c79-9340-892dd40b4434",
	17,
	3,
	'CheckSDTs::checkDataOpByVal line: 17');
INSERT INTO ACT_BRG
	VALUES ("10403aae-eac9-41c6-8977-c02b3139cdf9",
	"85a2ae18-4cb8-4b1f-a989-c9af21c1561b",
	17,
	8,
	17,
	3);
INSERT INTO ACT_SMT
	VALUES ("3ff3f229-2d19-4c79-9340-892dd40b4434",
	"de9b88f9-e1b0-4752-a212-8aab9843e7d9",
	"00000000-0000-0000-0000-000000000000",
	18,
	3,
	'CheckSDTs::checkDataOpByVal line: 18');
INSERT INTO ACT_FNC
	VALUES ("3ff3f229-2d19-4c79-9340-892dd40b4434",
	"a3929c52-9e1a-45f7-acc5-5bd9cf747c56",
	18,
	5);
INSERT INTO V_VAL
	VALUES ("a5768484-64c2-44b6-8aa6-1030b5fbf5d8",
	0,
	0,
	17,
	29,
	97,
	0,
	0,
	0,
	0,
	"fc579625-527e-4796-9485-440b72c36cdf",
	"de9b88f9-e1b0-4752-a212-8aab9843e7d9");
INSERT INTO V_LST
	VALUES ("a5768484-64c2-44b6-8aa6-1030b5fbf5d8",
	'Unsuccessful read of SDT date member in pass-by-val class operation.');
INSERT INTO V_PAR
	VALUES ("a5768484-64c2-44b6-8aa6-1030b5fbf5d8",
	"10403aae-eac9-41c6-8977-c02b3139cdf9",
	"00000000-0000-0000-0000-000000000000",
	'message',
	"00000000-0000-0000-0000-000000000000",
	17,
	20);
INSERT INTO ACT_BLK
	VALUES ("5f261a72-587c-4ccd-9fef-4e8cdd3bb92b",
	0,
	0,
	0,
	'LOG',
	'',
	'',
	21,
	3,
	21,
	3,
	0,
	0,
	0,
	0,
	0,
	0,
	0,
	0,
	0,
	"4f18d72e-f9d9-43d9-af87-ee1d115a9c37",
	"00000000-0000-0000-0000-000000000000");
INSERT INTO ACT_SMT
	VALUES ("6222251d-8522-4085-9dc7-79cc7af9c9b3",
	"5f261a72-587c-4ccd-9fef-4e8cdd3bb92b",
	"00000000-0000-0000-0000-000000000000",
	21,
	3,
	'CheckSDTs::checkDataOpByVal line: 21');
INSERT INTO ACT_BRG
	VALUES ("6222251d-8522-4085-9dc7-79cc7af9c9b3",
	"f2f7277d-5b46-4382-aca0-8e16b822b623",
	21,
	8,
	21,
	3);
INSERT INTO V_VAL
	VALUES ("9a429c1d-ab73-4907-bd45-f44cdf100f56",
	0,
	0,
	21,
	29,
	95,
	0,
	0,
	0,
	0,
	"fc579625-527e-4796-9485-440b72c36cdf",
	"5f261a72-587c-4ccd-9fef-4e8cdd3bb92b");
INSERT INTO V_LST
	VALUES ("9a429c1d-ab73-4907-bd45-f44cdf100f56",
	'Successful read of SDT real member in pass-by-val class operation.');
INSERT INTO V_PAR
	VALUES ("9a429c1d-ab73-4907-bd45-f44cdf100f56",
	"6222251d-8522-4085-9dc7-79cc7af9c9b3",
	"00000000-0000-0000-0000-000000000000",
	'message',
	"00000000-0000-0000-0000-000000000000",
	21,
	20);
INSERT INTO ACT_BLK
	VALUES ("98dd747e-9a08-4a0a-abba-82c06daea33e",
	0,
	0,
	0,
	'LOG',
	'',
	'',
	24,
	3,
	23,
	3,
	0,
	0,
	0,
	0,
	0,
	0,
	0,
	0,
	0,
	"4f18d72e-f9d9-43d9-af87-ee1d115a9c37",
	"00000000-0000-0000-0000-000000000000");
INSERT INTO ACT_SMT
	VALUES ("f39187b6-89e3-4bb4-9a18-ef9e4841b911",
	"98dd747e-9a08-4a0a-abba-82c06daea33e",
	"1cef9381-57d7-4f3b-a9cb-6de042dca5df",
	23,
	3,
	'CheckSDTs::checkDataOpByVal line: 23');
INSERT INTO ACT_BRG
	VALUES ("f39187b6-89e3-4bb4-9a18-ef9e4841b911",
	"85a2ae18-4cb8-4b1f-a989-c9af21c1561b",
	23,
	8,
	23,
	3);
INSERT INTO ACT_SMT
	VALUES ("1cef9381-57d7-4f3b-a9cb-6de042dca5df",
	"98dd747e-9a08-4a0a-abba-82c06daea33e",
	"00000000-0000-0000-0000-000000000000",
	24,
	3,
	'CheckSDTs::checkDataOpByVal line: 24');
INSERT INTO ACT_FNC
	VALUES ("1cef9381-57d7-4f3b-a9cb-6de042dca5df",
	"a3929c52-9e1a-45f7-acc5-5bd9cf747c56",
	24,
	5);
INSERT INTO V_VAL
	VALUES ("76598d84-eb1a-4208-acd9-5a3b05a6789a",
	0,
	0,
	23,
	29,
	97,
	0,
	0,
	0,
	0,
	"fc579625-527e-4796-9485-440b72c36cdf",
	"98dd747e-9a08-4a0a-abba-82c06daea33e");
INSERT INTO V_LST
	VALUES ("76598d84-eb1a-4208-acd9-5a3b05a6789a",
	'Unsuccessful read of SDT real member in pass-by-val class operation.');
INSERT INTO V_PAR
	VALUES ("76598d84-eb1a-4208-acd9-5a3b05a6789a",
	"f39187b6-89e3-4bb4-9a18-ef9e4841b911",
	"00000000-0000-0000-0000-000000000000",
	'message',
	"00000000-0000-0000-0000-000000000000",
	23,
	20);
INSERT INTO ACT_BLK
	VALUES ("1cf64028-87f8-4b48-ab1d-d3b2d47721fd",
	0,
	0,
	0,
	'LOG',
	'',
	'',
	27,
	3,
	27,
	3,
	0,
	0,
	0,
	0,
	0,
	0,
	0,
	0,
	0,
	"4f18d72e-f9d9-43d9-af87-ee1d115a9c37",
	"00000000-0000-0000-0000-000000000000");
INSERT INTO ACT_SMT
	VALUES ("23b0df1b-22bf-4ac8-92f0-539bc19ccd52",
	"1cf64028-87f8-4b48-ab1d-d3b2d47721fd",
	"00000000-0000-0000-0000-000000000000",
	27,
	3,
	'CheckSDTs::checkDataOpByVal line: 27');
INSERT INTO ACT_BRG
	VALUES ("23b0df1b-22bf-4ac8-92f0-539bc19ccd52",
	"f2f7277d-5b46-4382-aca0-8e16b822b623",
	27,
	8,
	27,
	3);
INSERT INTO V_VAL
	VALUES ("cc8ae843-b7b2-41e1-8294-9b568d5f20d2",
	0,
	0,
	27,
	29,
	97,
	0,
	0,
	0,
	0,
	"fc579625-527e-4796-9485-440b72c36cdf",
	"1cf64028-87f8-4b48-ab1d-d3b2d47721fd");
INSERT INTO V_LST
	VALUES ("cc8ae843-b7b2-41e1-8294-9b568d5f20d2",
	'Successful read of SDT string member in pass-by-val class operation.');
INSERT INTO V_PAR
	VALUES ("cc8ae843-b7b2-41e1-8294-9b568d5f20d2",
	"23b0df1b-22bf-4ac8-92f0-539bc19ccd52",
	"00000000-0000-0000-0000-000000000000",
	'message',
	"00000000-0000-0000-0000-000000000000",
	27,
	20);
INSERT INTO ACT_BLK
	VALUES ("f190460a-ace3-4cee-be93-992c31f21dd7",
	0,
	0,
	0,
	'LOG',
	'',
	'',
	30,
	3,
	29,
	3,
	0,
	0,
	0,
	0,
	0,
	0,
	0,
	0,
	0,
	"4f18d72e-f9d9-43d9-af87-ee1d115a9c37",
	"00000000-0000-0000-0000-000000000000");
INSERT INTO ACT_SMT
	VALUES ("9ff6b683-abcf-4cfe-a749-c2196ff51378",
	"f190460a-ace3-4cee-be93-992c31f21dd7",
	"96c81775-998b-4ea0-ba8a-e5f9616fb692",
	29,
	3,
	'CheckSDTs::checkDataOpByVal line: 29');
INSERT INTO ACT_BRG
	VALUES ("9ff6b683-abcf-4cfe-a749-c2196ff51378",
	"85a2ae18-4cb8-4b1f-a989-c9af21c1561b",
	29,
	8,
	29,
	3);
INSERT INTO ACT_SMT
	VALUES ("96c81775-998b-4ea0-ba8a-e5f9616fb692",
	"f190460a-ace3-4cee-be93-992c31f21dd7",
	"00000000-0000-0000-0000-000000000000",
	30,
	3,
	'CheckSDTs::checkDataOpByVal line: 30');
INSERT INTO ACT_FNC
	VALUES ("96c81775-998b-4ea0-ba8a-e5f9616fb692",
	"a3929c52-9e1a-45f7-acc5-5bd9cf747c56",
	30,
	5);
INSERT INTO V_VAL
	VALUES ("0d30cc33-ae26-469c-bd6a-5369151e813c",
	0,
	0,
	29,
	29,
	99,
	0,
	0,
	0,
	0,
	"fc579625-527e-4796-9485-440b72c36cdf",
	"f190460a-ace3-4cee-be93-992c31f21dd7");
INSERT INTO V_LST
	VALUES ("0d30cc33-ae26-469c-bd6a-5369151e813c",
	'Unsuccessful read of SDT string member in pass-by-val class operation.');
INSERT INTO V_PAR
	VALUES ("0d30cc33-ae26-469c-bd6a-5369151e813c",
	"9ff6b683-abcf-4cfe-a749-c2196ff51378",
	"00000000-0000-0000-0000-000000000000",
	'message',
	"00000000-0000-0000-0000-000000000000",
	29,
	20);
INSERT INTO ACT_BLK
	VALUES ("a9cf46ff-cd8d-4536-b935-8fb741ffe116",
	0,
	0,
	0,
	'LOG',
	'',
	'',
	33,
	3,
	33,
	3,
	0,
	0,
	0,
	0,
	0,
	0,
	0,
	0,
	0,
	"4f18d72e-f9d9-43d9-af87-ee1d115a9c37",
	"00000000-0000-0000-0000-000000000000");
INSERT INTO ACT_SMT
	VALUES ("58a99c20-009f-4d32-893b-e54c982e9787",
	"a9cf46ff-cd8d-4536-b935-8fb741ffe116",
	"00000000-0000-0000-0000-000000000000",
	33,
	3,
	'CheckSDTs::checkDataOpByVal line: 33');
INSERT INTO ACT_BRG
	VALUES ("58a99c20-009f-4d32-893b-e54c982e9787",
	"f2f7277d-5b46-4382-aca0-8e16b822b623",
	33,
	8,
	33,
	3);
INSERT INTO V_VAL
	VALUES ("ecd08664-d7b6-4caf-b671-e6d6ab9ba3a7",
	0,
	0,
	33,
	29,
	100,
	0,
	0,
	0,
	0,
	"fc579625-527e-4796-9485-440b72c36cdf",
	"a9cf46ff-cd8d-4536-b935-8fb741ffe116");
INSERT INTO V_LST
	VALUES ("ecd08664-d7b6-4caf-b671-e6d6ab9ba3a7",
	'Successful read of SDT timestamp member in pass-by-val class operation.');
INSERT INTO V_PAR
	VALUES ("ecd08664-d7b6-4caf-b671-e6d6ab9ba3a7",
	"58a99c20-009f-4d32-893b-e54c982e9787",
	"00000000-0000-0000-0000-000000000000",
	'message',
	"00000000-0000-0000-0000-000000000000",
	33,
	20);
INSERT INTO ACT_BLK
	VALUES ("0763175b-af97-4a84-9f1c-13288265e1f3",
	0,
	0,
	0,
	'LOG',
	'',
	'',
	36,
	3,
	35,
	3,
	0,
	0,
	0,
	0,
	0,
	0,
	0,
	0,
	0,
	"4f18d72e-f9d9-43d9-af87-ee1d115a9c37",
	"00000000-0000-0000-0000-000000000000");
INSERT INTO ACT_SMT
	VALUES ("f3e36647-12b3-44d7-9e60-caac7e099825",
	"0763175b-af97-4a84-9f1c-13288265e1f3",
	"2cd1826b-9a2f-4512-b73b-c595e86b509e",
	35,
	3,
	'CheckSDTs::checkDataOpByVal line: 35');
INSERT INTO ACT_BRG
	VALUES ("f3e36647-12b3-44d7-9e60-caac7e099825",
	"85a2ae18-4cb8-4b1f-a989-c9af21c1561b",
	35,
	8,
	35,
	3);
INSERT INTO ACT_SMT
	VALUES ("2cd1826b-9a2f-4512-b73b-c595e86b509e",
	"0763175b-af97-4a84-9f1c-13288265e1f3",
	"00000000-0000-0000-0000-000000000000",
	36,
	3,
	'CheckSDTs::checkDataOpByVal line: 36');
INSERT INTO ACT_FNC
	VALUES ("2cd1826b-9a2f-4512-b73b-c595e86b509e",
	"a3929c52-9e1a-45f7-acc5-5bd9cf747c56",
	36,
	5);
INSERT INTO V_VAL
	VALUES ("44da6371-7d47-4416-bb01-73df17d417ff",
	0,
	0,
	35,
	29,
	102,
	0,
	0,
	0,
	0,
	"fc579625-527e-4796-9485-440b72c36cdf",
	"0763175b-af97-4a84-9f1c-13288265e1f3");
INSERT INTO V_LST
	VALUES ("44da6371-7d47-4416-bb01-73df17d417ff",
	'Unsuccessful read of SDT timestamp member in pass-by-val class operation.');
INSERT INTO V_PAR
	VALUES ("44da6371-7d47-4416-bb01-73df17d417ff",
	"f3e36647-12b3-44d7-9e60-caac7e099825",
	"00000000-0000-0000-0000-000000000000",
	'message',
	"00000000-0000-0000-0000-000000000000",
	35,
	20);
INSERT INTO ACT_BLK
	VALUES ("d881a26f-1e2d-43dc-999f-62b5f65e24b9",
	0,
	0,
	0,
	'LOG',
	'',
	'',
	42,
	3,
	42,
	3,
	0,
	0,
	0,
	0,
	0,
	0,
	0,
	0,
	0,
	"4f18d72e-f9d9-43d9-af87-ee1d115a9c37",
	"00000000-0000-0000-0000-000000000000");
INSERT INTO ACT_SMT
	VALUES ("0bc2f26d-c10e-47f7-bcb7-72b41ead0444",
	"d881a26f-1e2d-43dc-999f-62b5f65e24b9",
	"00000000-0000-0000-0000-000000000000",
	42,
	3,
	'CheckSDTs::checkDataOpByVal line: 42');
INSERT INTO ACT_BRG
	VALUES ("0bc2f26d-c10e-47f7-bcb7-72b41ead0444",
	"f2f7277d-5b46-4382-aca0-8e16b822b623",
	42,
	8,
	42,
	3);
INSERT INTO V_VAL
	VALUES ("33d6bad9-7fd6-4f7c-be53-af14e93dacfa",
	0,
	0,
	42,
	29,
	70,
	0,
	0,
	0,
	0,
	"fc579625-527e-4796-9485-440b72c36cdf",
	"d881a26f-1e2d-43dc-999f-62b5f65e24b9");
INSERT INTO V_LST
	VALUES ("33d6bad9-7fd6-4f7c-be53-af14e93dacfa",
	'Successful read of nested SDT int member.');
INSERT INTO V_PAR
	VALUES ("33d6bad9-7fd6-4f7c-be53-af14e93dacfa",
	"0bc2f26d-c10e-47f7-bcb7-72b41ead0444",
	"00000000-0000-0000-0000-000000000000",
	'message',
	"00000000-0000-0000-0000-000000000000",
	42,
	20);
INSERT INTO O_TFR
	VALUES ("fe3c6ff6-b42a-4237-9b79-d5b91eeb46fb",
	"6d1350c3-a10b-4768-8428-c063129f13a9",
	'checkDataOpByRef',
	'',
	"f3b22070-8f46-4382-baa9-be5973b56db4",
	1,
	'// Read SDT data
if ( param.data.a_integer == 1 )
  LOG::LogSuccess( message: "Successful read of SDT int member in pass-by-ref class operation." );
else
  LOG::LogFailure( message: "Unsuccessful read of SDT int member in pass-by-ref class operation." );
  ::failedChecksTest();
end if;
if ( param.data.a_boolean == true )
  LOG::LogSuccess( message: "Successful read of SDT boolean member in pass-by-ref class operation." );
else
  LOG::LogFailure( message: "Unsuccessful read of SDT boolean member in pass-by-ref class operation." );
  ::failedChecksTest();
end if;
if ( param.data.a_date == TIM::current_date() )
  LOG::LogSuccess( message: "Successful read of SDT date member in pass-by-ref class operation." );
else
  LOG::LogFailure( message: "Unsuccessful read of SDT date member in pass-by-ref class operation." );
  ::failedChecksTest();
end if;
if ( param.data.a_real == 1.0 )
  LOG::LogSuccess( message: "Successful read of SDT real member in pass-by-ref class operation." );
else
  LOG::LogFailure( message: "Unsuccessful read of SDT real member in pass-by-ref class operation." );
  ::failedChecksTest();
end if;
if ( param.data.a_string == "myData" )
  LOG::LogSuccess( message: "Successful read of SDT string member in pass-by-ref class operation." );
else
  LOG::LogFailure( message: "Unsuccessful read of SDT string member in pass-by-ref class operation." );
  ::failedChecksTest();
end if;
if ( param.data.a_timestamp < TIM::current_clock() )
  LOG::LogSuccess( message: "Successful read of SDT timestamp member in pass-by-ref class operation." );
else
  LOG::LogFailure( message: "Unsuccessful read of SDT timestamp member in pass-by-ref class operation." );
  ::failedChecksTest();
end if;

//
if ( param.data.a_integer == param.data.a_TypeContainer.a_integer
     and param.data.a_TypeContainer.a_integer == 1)
  LOG::LogSuccess( message: "Successful read of nested SDT int member." );
else
  LOG::LogFailure( message: "Unsuccessful read of nested SDT int member." );
  ::failedChecksTest();
end if;
if ( param.data.a_boolean == param.data.a_TypeContainer.a_boolean 
     and param.data.a_TypeContainer.a_boolean == true)
  LOG::LogSuccess( message: "Successful read of nested SDT boolean member." );
else
  LOG::LogFailure( message: "Unsuccessful read of nested SDT boolean member." );
  ::failedChecksTest();
end if;
if ( param.data.a_date == param.data.a_TypeContainer.a_date 
     and param.data.a_TypeContainer.a_date == TIM::current_date() )
  LOG::LogSuccess( message: "Successful read of nested SDT date member." );
else
  LOG::LogFailure( message: "Unsuccessful read of nested SDT date member." );
  ::failedChecksTest();
end if;
if ( param.data.a_real == param.data.a_TypeContainer.a_real 
     and param.data.a_TypeContainer.a_real == 1.0)
  LOG::LogSuccess( message: "Successful read of nested SDT real member." );
else
  LOG::LogFailure( message: "Unsuccessful read of nested SDT real member." );
  ::failedChecksTest();
end if;
if ( param.data.a_string == param.data.a_TypeContainer.a_string 
     and param.data.a_TypeContainer.a_string == "myData")
  LOG::LogSuccess( message: "Successful read of nested SDT string member." );
else
  LOG::LogFailure( message: "Unsuccessful read of nested SDT string member." );
  ::failedChecksTest();
end if;
if ( param.data.a_timestamp == param.data.a_TypeContainer.a_timestamp 
     and param.data.a_TypeContainer.a_timestamp < TIM::current_clock())
  LOG::LogSuccess( message: "Successful read of nested SDT timestamp member." );
else
  LOG::LogFailure( message: "Unsuccessful read of nested SDT timestamp member." );
  ::failedChecksTest();
end if;
//

// Make calls with class attribute
rvalDataEE = OW::checkDataEEByRef( data: self.myData );
rvalDataDF = ::checkDataDFByRef( data: self.myData );

// Check the return value data
if ( rvalDataEE == self.myData )
  LOG::LogSuccess( message: "Successful check of SDT return value." );
else
  LOG::LogFailure( message: "Unsuccessful check of SDT return value." );
  ::failedChecksTest();
end if;
if ( rvalDataDF == rvalDataEE )
  LOG::LogSuccess( message: "Successful check of SDT return value." );
else
  LOG::LogFailure( message: "Unsuccessful check of SDT return value." );
  ::failedChecksTest();
end if;

// Make calls with rcvd_evt.param
rvalDataEE = OW::checkDataEEByRef( data: rcvd_evt.data );
rvalDataDF = ::checkDataDFByRef( data: rcvd_evt.myData );

// Check the return value data
if ( rvalDataEE == self.myData )
  LOG::LogSuccess( message: "Successful check of SDT return value." );
else
  LOG::LogFailure( message: "Unsuccessful check of SDT return value." );
  ::failedChecksTest();
end if;
if ( rvalDataDF == rvalDataEE )
  LOG::LogSuccess( message: "Successful check of SDT return value." );
else
  LOG::LogFailure( message: "Unsuccessful check of SDT return value." );
  ::failedChecksTest();
end if;

// Make calls with temporary
localData = param.data;
rvalDataEE = OW::checkDataEEByRef( data: localData );
rvalDataDF = ::checkDataDFByRef( data: localData );

// Check the return value data
if ( rvalDataEE == self.myData )
  LOG::LogSuccess( message: "Successful check of SDT return value." );
else
  LOG::LogFailure( message: "Unsuccessful check of SDT return value." );
  ::failedChecksTest();
end if;
if ( rvalDataDF == rvalDataEE )
  LOG::LogSuccess( message: "Successful check of SDT return value." );
else
  LOG::LogFailure( message: "Unsuccessful check of SDT return value." );
  ::failedChecksTest();
end if;

return localData;

',
	1);
INSERT INTO O_TPARM
	VALUES ("7a687533-1328-4101-93da-a95bf973a392",
	"fe3c6ff6-b42a-4237-9b79-d5b91eeb46fb",
	'data',
	"f3b22070-8f46-4382-baa9-be5973b56db4",
	1);
INSERT INTO ACT_OPB
	VALUES ("e744aff0-7512-415c-9c5c-b09efd2a3a24",
	"fe3c6ff6-b42a-4237-9b79-d5b91eeb46fb");
INSERT INTO ACT_ACT
	VALUES ("e744aff0-7512-415c-9c5c-b09efd2a3a24",
	'operation',
	0,
	"4ea08fd3-ae0a-40fd-b56b-dc6e9bedc7de",
	"00000000-0000-0000-0000-000000000000",
	0,
	'CheckSDTs::checkDataOpByRef',
	"00000000-0000-0000-0000-000000000000");
INSERT INTO ACT_BLK
	VALUES ("4ea08fd3-ae0a-40fd-b56b-dc6e9bedc7de",
	0,
	0,
	0,
	'TIM',
	'',
	'',
	43,
	1,
	32,
	31,
	0,
	0,
	0,
	0,
	0,
	0,
	0,
	0,
	0,
	"e744aff0-7512-415c-9c5c-b09efd2a3a24",
	"00000000-0000-0000-0000-000000000000");
INSERT INTO ACT_SMT
	VALUES ("bde3e3c8-c145-40fd-a424-bffa6302809d",
	"4ea08fd3-ae0a-40fd-b56b-dc6e9bedc7de",
	"947ba70c-106b-4635-b823-2f3bf674705e",
	2,
	1,
	'CheckSDTs::checkDataOpByRef line: 2');
INSERT INTO ACT_IF
	VALUES ("bde3e3c8-c145-40fd-a424-bffa6302809d",
	"6e7ff569-15e9-4ea4-aac3-41cc05cb8b2e",
	"35e1a8e5-f093-4fb9-9068-f3f02a82ab1d",
	"00000000-0000-0000-0000-000000000000",
	"00000000-0000-0000-0000-000000000000");
INSERT INTO ACT_SMT
	VALUES ("22bb8b7c-adad-4178-b051-af7357fc81d5",
	"4ea08fd3-ae0a-40fd-b56b-dc6e9bedc7de",
	"00000000-0000-0000-0000-000000000000",
	4,
	1,
	'CheckSDTs::checkDataOpByRef line: 4');
INSERT INTO ACT_E
	VALUES ("22bb8b7c-adad-4178-b051-af7357fc81d5",
	"6e12ad51-29ae-4d0e-88f6-59cafdf41052",
	"bde3e3c8-c145-40fd-a424-bffa6302809d");
INSERT INTO ACT_SMT
	VALUES ("947ba70c-106b-4635-b823-2f3bf674705e",
	"4ea08fd3-ae0a-40fd-b56b-dc6e9bedc7de",
	"6c25e7a2-f08c-431c-b80c-bbe1e893bcb4",
	8,
	1,
	'CheckSDTs::checkDataOpByRef line: 8');
INSERT INTO ACT_IF
	VALUES ("947ba70c-106b-4635-b823-2f3bf674705e",
	"f4a881a2-0fbc-447c-85a4-0a762566c661",
	"fb9ca5bb-e308-4d8a-84ae-3b327178b88e",
	"00000000-0000-0000-0000-000000000000",
	"00000000-0000-0000-0000-000000000000");
INSERT INTO ACT_SMT
	VALUES ("82323a1a-adbb-4ab9-9b3c-b58e407f4fd7",
	"4ea08fd3-ae0a-40fd-b56b-dc6e9bedc7de",
	"00000000-0000-0000-0000-000000000000",
	10,
	1,
	'CheckSDTs::checkDataOpByRef line: 10');
INSERT INTO ACT_E
	VALUES ("82323a1a-adbb-4ab9-9b3c-b58e407f4fd7",
	"4b17edde-316b-4e47-8c78-d7327ac7ce6c",
	"947ba70c-106b-4635-b823-2f3bf674705e");
INSERT INTO ACT_SMT
	VALUES ("6c25e7a2-f08c-431c-b80c-bbe1e893bcb4",
	"4ea08fd3-ae0a-40fd-b56b-dc6e9bedc7de",
	"d0b2d0e4-d229-4dc2-9fb8-cd7917a32efa",
	14,
	1,
	'CheckSDTs::checkDataOpByRef line: 14');
INSERT INTO ACT_IF
	VALUES ("6c25e7a2-f08c-431c-b80c-bbe1e893bcb4",
	"d7e8df61-917f-462b-9d52-96c4fc068f43",
	"a20f5bd5-973e-4870-943d-e86b28f30fbd",
	"00000000-0000-0000-0000-000000000000",
	"00000000-0000-0000-0000-000000000000");
INSERT INTO ACT_SMT
	VALUES ("12ba1fae-23e6-4ca9-a948-b1c23e2e66f2",
	"4ea08fd3-ae0a-40fd-b56b-dc6e9bedc7de",
	"00000000-0000-0000-0000-000000000000",
	16,
	1,
	'CheckSDTs::checkDataOpByRef line: 16');
INSERT INTO ACT_E
	VALUES ("12ba1fae-23e6-4ca9-a948-b1c23e2e66f2",
	"5f982a38-28e4-4f5d-8319-fcd391572bef",
	"6c25e7a2-f08c-431c-b80c-bbe1e893bcb4");
INSERT INTO ACT_SMT
	VALUES ("d0b2d0e4-d229-4dc2-9fb8-cd7917a32efa",
	"4ea08fd3-ae0a-40fd-b56b-dc6e9bedc7de",
	"37c30306-6773-475c-b273-414d10b92585",
	20,
	1,
	'CheckSDTs::checkDataOpByRef line: 20');
INSERT INTO ACT_IF
	VALUES ("d0b2d0e4-d229-4dc2-9fb8-cd7917a32efa",
	"787b2aa2-6d4e-46d6-9fde-b5e4b77e0d2e",
	"1cd60128-c04d-47d8-a9a7-b6c821a50fd8",
	"00000000-0000-0000-0000-000000000000",
	"00000000-0000-0000-0000-000000000000");
INSERT INTO ACT_SMT
	VALUES ("2e367534-b718-4619-a9e3-cf5ee58fddb8",
	"4ea08fd3-ae0a-40fd-b56b-dc6e9bedc7de",
	"00000000-0000-0000-0000-000000000000",
	22,
	1,
	'CheckSDTs::checkDataOpByRef line: 22');
INSERT INTO ACT_E
	VALUES ("2e367534-b718-4619-a9e3-cf5ee58fddb8",
	"aaa929dd-fb92-4c38-b0ab-6d578a59922d",
	"d0b2d0e4-d229-4dc2-9fb8-cd7917a32efa");
INSERT INTO ACT_SMT
	VALUES ("37c30306-6773-475c-b273-414d10b92585",
	"4ea08fd3-ae0a-40fd-b56b-dc6e9bedc7de",
	"d2e1c459-9f0a-48f8-b8f0-79966b2c73f0",
	26,
	1,
	'CheckSDTs::checkDataOpByRef line: 26');
INSERT INTO ACT_IF
	VALUES ("37c30306-6773-475c-b273-414d10b92585",
	"120b32ce-3bf2-4204-8171-3e604f01df9f",
	"556e7197-9890-4461-b15d-b785c0296261",
	"00000000-0000-0000-0000-000000000000",
	"00000000-0000-0000-0000-000000000000");
INSERT INTO ACT_SMT
	VALUES ("9484a1d3-ebee-4f3e-86d5-46d5d6cb27c5",
	"4ea08fd3-ae0a-40fd-b56b-dc6e9bedc7de",
	"00000000-0000-0000-0000-000000000000",
	28,
	1,
	'CheckSDTs::checkDataOpByRef line: 28');
INSERT INTO ACT_E
	VALUES ("9484a1d3-ebee-4f3e-86d5-46d5d6cb27c5",
	"b0f174bb-861e-447b-a4ca-cc94f98954c0",
	"37c30306-6773-475c-b273-414d10b92585");
INSERT INTO ACT_SMT
	VALUES ("d2e1c459-9f0a-48f8-b8f0-79966b2c73f0",
	"4ea08fd3-ae0a-40fd-b56b-dc6e9bedc7de",
	"00000000-0000-0000-0000-000000000000",
	32,
	1,
	'CheckSDTs::checkDataOpByRef line: 32');
INSERT INTO ACT_IF
	VALUES ("d2e1c459-9f0a-48f8-b8f0-79966b2c73f0",
	"d3b832cf-c9df-4c12-a908-f2a45e1ffe04",
	"32b60999-0eb6-40cf-b960-3bf3ab7eb53b",
	"00000000-0000-0000-0000-000000000000",
	"00000000-0000-0000-0000-000000000000");
INSERT INTO ACT_SMT
	VALUES ("a56cec0e-e984-4dd9-a0b3-a0f3f486690b",
	"4ea08fd3-ae0a-40fd-b56b-dc6e9bedc7de",
	"00000000-0000-0000-0000-000000000000",
	34,
	1,
	'CheckSDTs::checkDataOpByRef line: 34');
INSERT INTO ACT_E
	VALUES ("a56cec0e-e984-4dd9-a0b3-a0f3f486690b",
	"fa0bdeb2-4517-45ae-881d-6a43c35bb1c1",
	"d2e1c459-9f0a-48f8-b8f0-79966b2c73f0");
INSERT INTO V_VAL
	VALUES ("1914fabc-188b-4d90-aa9d-d87368472292",
	0,
	0,
	40,
	36,
	39,
	0,
	0,
	0,
	0,
	"f3b22070-8f46-4382-baa9-be5973b56db4",
	"4ea08fd3-ae0a-40fd-b56b-dc6e9bedc7de");
INSERT INTO V_PVL
	VALUES ("1914fabc-188b-4d90-aa9d-d87368472292",
	"00000000-0000-0000-0000-000000000000",
	"00000000-0000-0000-0000-000000000000",
	"7a687533-1328-4101-93da-a95bf973a392");
INSERT INTO V_VAL
	VALUES ("d77980d0-51f8-4f3c-91d5-02bd7dd4b073",
	0,
	0,
	41,
	16,
	19,
	0,
	0,
	0,
	0,
	"f3b22070-8f46-4382-baa9-be5973b56db4",
	"4ea08fd3-ae0a-40fd-b56b-dc6e9bedc7de");
INSERT INTO V_PVL
	VALUES ("d77980d0-51f8-4f3c-91d5-02bd7dd4b073",
	"00000000-0000-0000-0000-000000000000",
	"00000000-0000-0000-0000-000000000000",
	"7a687533-1328-4101-93da-a95bf973a392");
INSERT INTO V_VAL
	VALUES ("3fd1fd22-7bff-4c03-8471-aa6df9462855",
	0,
	0,
	2,
	12,
	15,
	0,
	0,
	0,
	0,
	"f3b22070-8f46-4382-baa9-be5973b56db4",
	"4ea08fd3-ae0a-40fd-b56b-dc6e9bedc7de");
INSERT INTO V_PVL
	VALUES ("3fd1fd22-7bff-4c03-8471-aa6df9462855",
	"00000000-0000-0000-0000-000000000000",
	"00000000-0000-0000-0000-000000000000",
	"7a687533-1328-4101-93da-a95bf973a392");
INSERT INTO V_VAL
	VALUES ("6bc9329e-b81a-4985-8383-dd24fbc727a8",
	0,
	0,
	2,
	17,
	25,
	0,
	0,
	0,
	0,
	"bb2aad42-e125-4543-bcd6-e4515b678378",
	"4ea08fd3-ae0a-40fd-b56b-dc6e9bedc7de");
INSERT INTO V_MVL
	VALUES ("6bc9329e-b81a-4985-8383-dd24fbc727a8",
	"3fd1fd22-7bff-4c03-8471-aa6df9462855",
	"5d275f57-7401-4a94-bebd-f53d58f4fc1e",
	"f3b22070-8f46-4382-baa9-be5973b56db4");
INSERT INTO V_VAL
	VALUES ("35e1a8e5-f093-4fb9-9068-f3f02a82ab1d",
	0,
	0,
	-1,
	-1,
	-1,
	0,
	0,
	0,
	0,
	"ed855afe-b773-4348-9030-494350c96719",
	"4ea08fd3-ae0a-40fd-b56b-dc6e9bedc7de");
INSERT INTO V_BIN
	VALUES ("35e1a8e5-f093-4fb9-9068-f3f02a82ab1d",
	"15df82b2-c8fa-408c-b3f3-26458292d4b5",
	"6bc9329e-b81a-4985-8383-dd24fbc727a8",
	'==');
INSERT INTO V_VAL
	VALUES ("15df82b2-c8fa-408c-b3f3-26458292d4b5",
	0,
	0,
	2,
	30,
	30,
	0,
	0,
	0,
	0,
	"bb2aad42-e125-4543-bcd6-e4515b678378",
	"4ea08fd3-ae0a-40fd-b56b-dc6e9bedc7de");
INSERT INTO V_LIN
	VALUES ("15df82b2-c8fa-408c-b3f3-26458292d4b5",
	'1');
INSERT INTO V_VAL
	VALUES ("3c1abff6-1372-4213-9c72-1308423b4cbd",
	0,
	0,
	8,
	12,
	15,
	0,
	0,
	0,
	0,
	"f3b22070-8f46-4382-baa9-be5973b56db4",
	"4ea08fd3-ae0a-40fd-b56b-dc6e9bedc7de");
INSERT INTO V_PVL
	VALUES ("3c1abff6-1372-4213-9c72-1308423b4cbd",
	"00000000-0000-0000-0000-000000000000",
	"00000000-0000-0000-0000-000000000000",
	"7a687533-1328-4101-93da-a95bf973a392");
INSERT INTO V_VAL
	VALUES ("3cc83258-4a75-47b5-bf14-c53a2418ee5c",
	0,
	0,
	8,
	17,
	25,
	0,
	0,
	0,
	0,
	"ed855afe-b773-4348-9030-494350c96719",
	"4ea08fd3-ae0a-40fd-b56b-dc6e9bedc7de");
INSERT INTO V_MVL
	VALUES ("3cc83258-4a75-47b5-bf14-c53a2418ee5c",
	"3c1abff6-1372-4213-9c72-1308423b4cbd",
	"bc071b7d-9f8c-45b7-81e3-1c67a2ea835d",
	"f3b22070-8f46-4382-baa9-be5973b56db4");
INSERT INTO V_VAL
	VALUES ("fb9ca5bb-e308-4d8a-84ae-3b327178b88e",
	0,
	0,
	-1,
	-1,
	-1,
	0,
	0,
	0,
	0,
	"ed855afe-b773-4348-9030-494350c96719",
	"4ea08fd3-ae0a-40fd-b56b-dc6e9bedc7de");
INSERT INTO V_BIN
	VALUES ("fb9ca5bb-e308-4d8a-84ae-3b327178b88e",
	"10ad3b42-4d7e-4eda-8ed6-3d057cd60dc1",
	"3cc83258-4a75-47b5-bf14-c53a2418ee5c",
	'==');
INSERT INTO V_VAL
	VALUES ("10ad3b42-4d7e-4eda-8ed6-3d057cd60dc1",
	0,
	0,
	-1,
	-1,
	-1,
	0,
	0,
	0,
	0,
	"ed855afe-b773-4348-9030-494350c96719",
	"4ea08fd3-ae0a-40fd-b56b-dc6e9bedc7de");
INSERT INTO V_LBO
	VALUES ("10ad3b42-4d7e-4eda-8ed6-3d057cd60dc1",
	'TRUE');
INSERT INTO V_VAL
	VALUES ("ad0717c2-a7b9-41cb-ba80-b9178140a4f4",
	0,
	0,
	14,
	12,
	15,
	0,
	0,
	0,
	0,
	"f3b22070-8f46-4382-baa9-be5973b56db4",
	"4ea08fd3-ae0a-40fd-b56b-dc6e9bedc7de");
INSERT INTO V_PVL
	VALUES ("ad0717c2-a7b9-41cb-ba80-b9178140a4f4",
	"00000000-0000-0000-0000-000000000000",
	"00000000-0000-0000-0000-000000000000",
	"7a687533-1328-4101-93da-a95bf973a392");
INSERT INTO V_VAL
	VALUES ("c2a64f30-85e6-4c95-be3a-8d6c070d9ad6",
	0,
	0,
	14,
	17,
	22,
	0,
	0,
	0,
	0,
	"13652848-f535-4373-84cd-5470fe8f20b8",
	"4ea08fd3-ae0a-40fd-b56b-dc6e9bedc7de");
INSERT INTO V_MVL
	VALUES ("c2a64f30-85e6-4c95-be3a-8d6c070d9ad6",
	"ad0717c2-a7b9-41cb-ba80-b9178140a4f4",
	"6a3cbb72-43bb-4370-9658-904420fc70e8",
	"f3b22070-8f46-4382-baa9-be5973b56db4");
INSERT INTO V_VAL
	VALUES ("a20f5bd5-973e-4870-943d-e86b28f30fbd",
	0,
	0,
	-1,
	-1,
	-1,
	0,
	0,
	0,
	0,
	"ed855afe-b773-4348-9030-494350c96719",
	"4ea08fd3-ae0a-40fd-b56b-dc6e9bedc7de");
INSERT INTO V_BIN
	VALUES ("a20f5bd5-973e-4870-943d-e86b28f30fbd",
	"e9bed3ff-5d88-461b-9943-3710dbf73e5e",
	"c2a64f30-85e6-4c95-be3a-8d6c070d9ad6",
	'==');
INSERT INTO V_VAL
	VALUES ("e9bed3ff-5d88-461b-9943-3710dbf73e5e",
	0,
	0,
	14,
	32,
	-1,
	0,
	0,
	0,
	0,
	"13652848-f535-4373-84cd-5470fe8f20b8",
	"4ea08fd3-ae0a-40fd-b56b-dc6e9bedc7de");
INSERT INTO V_BRV
	VALUES ("e9bed3ff-5d88-461b-9943-3710dbf73e5e",
	"7a681c3d-8b02-491d-b228-e848c5961a73",
	1,
	14,
	27);
INSERT INTO V_VAL
	VALUES ("46a89963-34c2-4909-9ac2-cf78e2fcc80f",
	0,
	0,
	20,
	12,
	15,
	0,
	0,
	0,
	0,
	"f3b22070-8f46-4382-baa9-be5973b56db4",
	"4ea08fd3-ae0a-40fd-b56b-dc6e9bedc7de");
INSERT INTO V_PVL
	VALUES ("46a89963-34c2-4909-9ac2-cf78e2fcc80f",
	"00000000-0000-0000-0000-000000000000",
	"00000000-0000-0000-0000-000000000000",
	"7a687533-1328-4101-93da-a95bf973a392");
INSERT INTO V_VAL
	VALUES ("5076282b-ac06-44ce-a9cd-b58e7b633427",
	0,
	0,
	20,
	17,
	22,
	0,
	0,
	0,
	0,
	"1b4eef3c-5a32-4532-b6ba-6bd1a5ee28ec",
	"4ea08fd3-ae0a-40fd-b56b-dc6e9bedc7de");
INSERT INTO V_MVL
	VALUES ("5076282b-ac06-44ce-a9cd-b58e7b633427",
	"46a89963-34c2-4909-9ac2-cf78e2fcc80f",
	"c7f5cb51-b6f9-41cb-9922-1d7845743371",
	"f3b22070-8f46-4382-baa9-be5973b56db4");
INSERT INTO V_VAL
	VALUES ("1cd60128-c04d-47d8-a9a7-b6c821a50fd8",
	0,
	0,
	-1,
	-1,
	-1,
	0,
	0,
	0,
	0,
	"ed855afe-b773-4348-9030-494350c96719",
	"4ea08fd3-ae0a-40fd-b56b-dc6e9bedc7de");
INSERT INTO V_BIN
	VALUES ("1cd60128-c04d-47d8-a9a7-b6c821a50fd8",
	"09e55201-8bb1-4749-aec9-b0a5a0d1efe2",
	"5076282b-ac06-44ce-a9cd-b58e7b633427",
	'==');
INSERT INTO V_VAL
	VALUES ("09e55201-8bb1-4749-aec9-b0a5a0d1efe2",
	0,
	0,
	20,
	27,
	29,
	0,
	0,
	0,
	0,
	"1b4eef3c-5a32-4532-b6ba-6bd1a5ee28ec",
	"4ea08fd3-ae0a-40fd-b56b-dc6e9bedc7de");
INSERT INTO V_LRL
	VALUES ("09e55201-8bb1-4749-aec9-b0a5a0d1efe2",
	'1.0');
INSERT INTO V_VAL
	VALUES ("14e304f0-6c7b-49fb-8147-fb7cc7022cfa",
	0,
	0,
	26,
	12,
	15,
	0,
	0,
	0,
	0,
	"f3b22070-8f46-4382-baa9-be5973b56db4",
	"4ea08fd3-ae0a-40fd-b56b-dc6e9bedc7de");
INSERT INTO V_PVL
	VALUES ("14e304f0-6c7b-49fb-8147-fb7cc7022cfa",
	"00000000-0000-0000-0000-000000000000",
	"00000000-0000-0000-0000-000000000000",
	"7a687533-1328-4101-93da-a95bf973a392");
INSERT INTO V_VAL
	VALUES ("3f453147-b373-4dec-b264-9dee03921d54",
	0,
	0,
	26,
	17,
	24,
	0,
	0,
	0,
	0,
	"fc579625-527e-4796-9485-440b72c36cdf",
	"4ea08fd3-ae0a-40fd-b56b-dc6e9bedc7de");
INSERT INTO V_MVL
	VALUES ("3f453147-b373-4dec-b264-9dee03921d54",
	"14e304f0-6c7b-49fb-8147-fb7cc7022cfa",
	"e8aeb5a8-8e14-42e6-afe4-e4557db47146",
	"f3b22070-8f46-4382-baa9-be5973b56db4");
INSERT INTO V_VAL
	VALUES ("556e7197-9890-4461-b15d-b785c0296261",
	0,
	0,
	-1,
	-1,
	-1,
	0,
	0,
	0,
	0,
	"ed855afe-b773-4348-9030-494350c96719",
	"4ea08fd3-ae0a-40fd-b56b-dc6e9bedc7de");
INSERT INTO V_BIN
	VALUES ("556e7197-9890-4461-b15d-b785c0296261",
	"6e11177f-4ae3-4e53-9d85-6bf6c4b74cee",
	"3f453147-b373-4dec-b264-9dee03921d54",
	'==');
INSERT INTO V_VAL
	VALUES ("6e11177f-4ae3-4e53-9d85-6bf6c4b74cee",
	0,
	0,
	26,
	29,
	35,
	0,
	0,
	0,
	0,
	"fc579625-527e-4796-9485-440b72c36cdf",
	"4ea08fd3-ae0a-40fd-b56b-dc6e9bedc7de");
INSERT INTO V_LST
	VALUES ("6e11177f-4ae3-4e53-9d85-6bf6c4b74cee",
	'myData');
INSERT INTO V_VAL
	VALUES ("f0e628aa-25bc-4550-84b0-a58dfc6e97a6",
	0,
	0,
	32,
	12,
	15,
	0,
	0,
	0,
	0,
	"f3b22070-8f46-4382-baa9-be5973b56db4",
	"4ea08fd3-ae0a-40fd-b56b-dc6e9bedc7de");
INSERT INTO V_PVL
	VALUES ("f0e628aa-25bc-4550-84b0-a58dfc6e97a6",
	"00000000-0000-0000-0000-000000000000",
	"00000000-0000-0000-0000-000000000000",
	"7a687533-1328-4101-93da-a95bf973a392");
INSERT INTO V_VAL
	VALUES ("d594f179-e417-4121-a3e9-22a44255ea72",
	0,
	0,
	32,
	17,
	27,
	0,
	0,
	0,
	0,
	"f110c26b-e74a-47a6-bd78-09e2355d90d6",
	"4ea08fd3-ae0a-40fd-b56b-dc6e9bedc7de");
INSERT INTO V_MVL
	VALUES ("d594f179-e417-4121-a3e9-22a44255ea72",
	"f0e628aa-25bc-4550-84b0-a58dfc6e97a6",
	"699c58b9-d2b0-4927-9ac2-ca82d8bbfcbb",
	"f3b22070-8f46-4382-baa9-be5973b56db4");
INSERT INTO V_VAL
	VALUES ("32b60999-0eb6-40cf-b960-3bf3ab7eb53b",
	0,
	0,
	-1,
	-1,
	-1,
	0,
	0,
	0,
	0,
	"ed855afe-b773-4348-9030-494350c96719",
	"4ea08fd3-ae0a-40fd-b56b-dc6e9bedc7de");
INSERT INTO V_BIN
	VALUES ("32b60999-0eb6-40cf-b960-3bf3ab7eb53b",
	"730a1db0-d26e-4224-925e-47e096c10ada",
	"d594f179-e417-4121-a3e9-22a44255ea72",
	'<');
INSERT INTO V_VAL
	VALUES ("730a1db0-d26e-4224-925e-47e096c10ada",
	0,
	0,
	32,
	36,
	-1,
	0,
	0,
	0,
	0,
	"f110c26b-e74a-47a6-bd78-09e2355d90d6",
	"4ea08fd3-ae0a-40fd-b56b-dc6e9bedc7de");
INSERT INTO V_BRV
	VALUES ("730a1db0-d26e-4224-925e-47e096c10ada",
	"76527422-354b-48ac-a584-53385ab85341",
	1,
	32,
	31);
INSERT INTO V_VAL
	VALUES ("48789459-64b9-4cbd-9975-0a24a80c6491",
	0,
	0,
	40,
	12,
	15,
	0,
	0,
	0,
	0,
	"f3b22070-8f46-4382-baa9-be5973b56db4",
	"4ea08fd3-ae0a-40fd-b56b-dc6e9bedc7de");
INSERT INTO V_PVL
	VALUES ("48789459-64b9-4cbd-9975-0a24a80c6491",
	"00000000-0000-0000-0000-000000000000",
	"00000000-0000-0000-0000-000000000000",
	"7a687533-1328-4101-93da-a95bf973a392");
INSERT INTO ACT_BLK
	VALUES ("6e7ff569-15e9-4ea4-aac3-41cc05cb8b2e",
	0,
	0,
	0,
	'LOG',
	'',
	'',
	3,
	3,
	3,
	3,
	0,
	0,
	0,
	0,
	0,
	0,
	0,
	0,
	0,
	"e744aff0-7512-415c-9c5c-b09efd2a3a24",
	"00000000-0000-0000-0000-000000000000");
INSERT INTO ACT_SMT
	VALUES ("4a6b0388-bf42-4d8b-a21b-18aecc451fb1",
	"6e7ff569-15e9-4ea4-aac3-41cc05cb8b2e",
	"00000000-0000-0000-0000-000000000000",
	3,
	3,
	'CheckSDTs::checkDataOpByRef line: 3');
INSERT INTO ACT_BRG
	VALUES ("4a6b0388-bf42-4d8b-a21b-18aecc451fb1",
	"f2f7277d-5b46-4382-aca0-8e16b822b623",
	3,
	8,
	3,
	3);
INSERT INTO V_VAL
	VALUES ("8e939c44-754b-48ef-904e-37defb6c52d5",
	0,
	0,
	3,
	29,
	94,
	0,
	0,
	0,
	0,
	"fc579625-527e-4796-9485-440b72c36cdf",
	"6e7ff569-15e9-4ea4-aac3-41cc05cb8b2e");
INSERT INTO V_LST
	VALUES ("8e939c44-754b-48ef-904e-37defb6c52d5",
	'Successful read of SDT int member in pass-by-ref class operation.');
INSERT INTO V_PAR
	VALUES ("8e939c44-754b-48ef-904e-37defb6c52d5",
	"4a6b0388-bf42-4d8b-a21b-18aecc451fb1",
	"00000000-0000-0000-0000-000000000000",
	'message',
	"00000000-0000-0000-0000-000000000000",
	3,
	20);
INSERT INTO ACT_BLK
	VALUES ("6e12ad51-29ae-4d0e-88f6-59cafdf41052",
	0,
	0,
	0,
	'LOG',
	'',
	'',
	6,
	3,
	5,
	3,
	0,
	0,
	0,
	0,
	0,
	0,
	0,
	0,
	0,
	"e744aff0-7512-415c-9c5c-b09efd2a3a24",
	"00000000-0000-0000-0000-000000000000");
INSERT INTO ACT_SMT
	VALUES ("1dd4a24f-6054-438c-9e06-18b5608338fc",
	"6e12ad51-29ae-4d0e-88f6-59cafdf41052",
	"62d5603b-7ac8-491f-aa03-3968ec89a314",
	5,
	3,
	'CheckSDTs::checkDataOpByRef line: 5');
INSERT INTO ACT_BRG
	VALUES ("1dd4a24f-6054-438c-9e06-18b5608338fc",
	"85a2ae18-4cb8-4b1f-a989-c9af21c1561b",
	5,
	8,
	5,
	3);
INSERT INTO ACT_SMT
	VALUES ("62d5603b-7ac8-491f-aa03-3968ec89a314",
	"6e12ad51-29ae-4d0e-88f6-59cafdf41052",
	"00000000-0000-0000-0000-000000000000",
	6,
	3,
	'CheckSDTs::checkDataOpByRef line: 6');
INSERT INTO ACT_FNC
	VALUES ("62d5603b-7ac8-491f-aa03-3968ec89a314",
	"a3929c52-9e1a-45f7-acc5-5bd9cf747c56",
	6,
	5);
INSERT INTO V_VAL
	VALUES ("63e17ba3-e28d-4e45-852b-bdbfe6b9424f",
	0,
	0,
	5,
	29,
	96,
	0,
	0,
	0,
	0,
	"fc579625-527e-4796-9485-440b72c36cdf",
	"6e12ad51-29ae-4d0e-88f6-59cafdf41052");
INSERT INTO V_LST
	VALUES ("63e17ba3-e28d-4e45-852b-bdbfe6b9424f",
	'Unsuccessful read of SDT int member in pass-by-ref class operation.');
INSERT INTO V_PAR
	VALUES ("63e17ba3-e28d-4e45-852b-bdbfe6b9424f",
	"1dd4a24f-6054-438c-9e06-18b5608338fc",
	"00000000-0000-0000-0000-000000000000",
	'message',
	"00000000-0000-0000-0000-000000000000",
	5,
	20);
INSERT INTO ACT_BLK
	VALUES ("f4a881a2-0fbc-447c-85a4-0a762566c661",
	0,
	0,
	0,
	'LOG',
	'',
	'',
	9,
	3,
	9,
	3,
	0,
	0,
	0,
	0,
	0,
	0,
	0,
	0,
	0,
	"e744aff0-7512-415c-9c5c-b09efd2a3a24",
	"00000000-0000-0000-0000-000000000000");
INSERT INTO ACT_SMT
	VALUES ("2c4dad83-a6f3-4065-b8ec-b2c2fd3a8121",
	"f4a881a2-0fbc-447c-85a4-0a762566c661",
	"00000000-0000-0000-0000-000000000000",
	9,
	3,
	'CheckSDTs::checkDataOpByRef line: 9');
INSERT INTO ACT_BRG
	VALUES ("2c4dad83-a6f3-4065-b8ec-b2c2fd3a8121",
	"f2f7277d-5b46-4382-aca0-8e16b822b623",
	9,
	8,
	9,
	3);
INSERT INTO V_VAL
	VALUES ("1c06978e-92fc-4093-94e4-913a627e757b",
	0,
	0,
	9,
	29,
	98,
	0,
	0,
	0,
	0,
	"fc579625-527e-4796-9485-440b72c36cdf",
	"f4a881a2-0fbc-447c-85a4-0a762566c661");
INSERT INTO V_LST
	VALUES ("1c06978e-92fc-4093-94e4-913a627e757b",
	'Successful read of SDT boolean member in pass-by-ref class operation.');
INSERT INTO V_PAR
	VALUES ("1c06978e-92fc-4093-94e4-913a627e757b",
	"2c4dad83-a6f3-4065-b8ec-b2c2fd3a8121",
	"00000000-0000-0000-0000-000000000000",
	'message',
	"00000000-0000-0000-0000-000000000000",
	9,
	20);
INSERT INTO ACT_BLK
	VALUES ("4b17edde-316b-4e47-8c78-d7327ac7ce6c",
	0,
	0,
	0,
	'LOG',
	'',
	'',
	12,
	3,
	11,
	3,
	0,
	0,
	0,
	0,
	0,
	0,
	0,
	0,
	0,
	"e744aff0-7512-415c-9c5c-b09efd2a3a24",
	"00000000-0000-0000-0000-000000000000");
INSERT INTO ACT_SMT
	VALUES ("ee098fc6-9cfc-4f72-ad4a-8e666f4b213d",
	"4b17edde-316b-4e47-8c78-d7327ac7ce6c",
	"6a337f2c-4f81-45c3-aa2b-bcb632351bc1",
	11,
	3,
	'CheckSDTs::checkDataOpByRef line: 11');
INSERT INTO ACT_BRG
	VALUES ("ee098fc6-9cfc-4f72-ad4a-8e666f4b213d",
	"85a2ae18-4cb8-4b1f-a989-c9af21c1561b",
	11,
	8,
	11,
	3);
INSERT INTO ACT_SMT
	VALUES ("6a337f2c-4f81-45c3-aa2b-bcb632351bc1",
	"4b17edde-316b-4e47-8c78-d7327ac7ce6c",
	"00000000-0000-0000-0000-000000000000",
	12,
	3,
	'CheckSDTs::checkDataOpByRef line: 12');
INSERT INTO ACT_FNC
	VALUES ("6a337f2c-4f81-45c3-aa2b-bcb632351bc1",
	"a3929c52-9e1a-45f7-acc5-5bd9cf747c56",
	12,
	5);
INSERT INTO V_VAL
	VALUES ("dcdb8c76-c8b3-44e0-83ec-4b8bc912acfa",
	0,
	0,
	11,
	29,
	100,
	0,
	0,
	0,
	0,
	"fc579625-527e-4796-9485-440b72c36cdf",
	"4b17edde-316b-4e47-8c78-d7327ac7ce6c");
INSERT INTO V_LST
	VALUES ("dcdb8c76-c8b3-44e0-83ec-4b8bc912acfa",
	'Unsuccessful read of SDT boolean member in pass-by-ref class operation.');
INSERT INTO V_PAR
	VALUES ("dcdb8c76-c8b3-44e0-83ec-4b8bc912acfa",
	"ee098fc6-9cfc-4f72-ad4a-8e666f4b213d",
	"00000000-0000-0000-0000-000000000000",
	'message',
	"00000000-0000-0000-0000-000000000000",
	11,
	20);
INSERT INTO ACT_BLK
	VALUES ("d7e8df61-917f-462b-9d52-96c4fc068f43",
	0,
	0,
	0,
	'LOG',
	'',
	'',
	15,
	3,
	15,
	3,
	0,
	0,
	0,
	0,
	0,
	0,
	0,
	0,
	0,
	"e744aff0-7512-415c-9c5c-b09efd2a3a24",
	"00000000-0000-0000-0000-000000000000");
INSERT INTO ACT_SMT
	VALUES ("c556a245-e5bf-45dc-b70b-21bbf003a751",
	"d7e8df61-917f-462b-9d52-96c4fc068f43",
	"00000000-0000-0000-0000-000000000000",
	15,
	3,
	'CheckSDTs::checkDataOpByRef line: 15');
INSERT INTO ACT_BRG
	VALUES ("c556a245-e5bf-45dc-b70b-21bbf003a751",
	"f2f7277d-5b46-4382-aca0-8e16b822b623",
	15,
	8,
	15,
	3);
INSERT INTO V_VAL
	VALUES ("a08467a3-765a-4508-b05b-3be768e65d3a",
	0,
	0,
	15,
	29,
	95,
	0,
	0,
	0,
	0,
	"fc579625-527e-4796-9485-440b72c36cdf",
	"d7e8df61-917f-462b-9d52-96c4fc068f43");
INSERT INTO V_LST
	VALUES ("a08467a3-765a-4508-b05b-3be768e65d3a",
	'Successful read of SDT date member in pass-by-ref class operation.');
INSERT INTO V_PAR
	VALUES ("a08467a3-765a-4508-b05b-3be768e65d3a",
	"c556a245-e5bf-45dc-b70b-21bbf003a751",
	"00000000-0000-0000-0000-000000000000",
	'message',
	"00000000-0000-0000-0000-000000000000",
	15,
	20);
INSERT INTO ACT_BLK
	VALUES ("5f982a38-28e4-4f5d-8319-fcd391572bef",
	0,
	0,
	0,
	'LOG',
	'',
	'',
	18,
	3,
	17,
	3,
	0,
	0,
	0,
	0,
	0,
	0,
	0,
	0,
	0,
	"e744aff0-7512-415c-9c5c-b09efd2a3a24",
	"00000000-0000-0000-0000-000000000000");
INSERT INTO ACT_SMT
	VALUES ("181419e2-2a1d-478e-a391-9913f2fc3038",
	"5f982a38-28e4-4f5d-8319-fcd391572bef",
	"2e0f9211-654b-4cd8-b088-04c7439e2132",
	17,
	3,
	'CheckSDTs::checkDataOpByRef line: 17');
INSERT INTO ACT_BRG
	VALUES ("181419e2-2a1d-478e-a391-9913f2fc3038",
	"85a2ae18-4cb8-4b1f-a989-c9af21c1561b",
	17,
	8,
	17,
	3);
INSERT INTO ACT_SMT
	VALUES ("2e0f9211-654b-4cd8-b088-04c7439e2132",
	"5f982a38-28e4-4f5d-8319-fcd391572bef",
	"00000000-0000-0000-0000-000000000000",
	18,
	3,
	'CheckSDTs::checkDataOpByRef line: 18');
INSERT INTO ACT_FNC
	VALUES ("2e0f9211-654b-4cd8-b088-04c7439e2132",
	"a3929c52-9e1a-45f7-acc5-5bd9cf747c56",
	18,
	5);
INSERT INTO V_VAL
	VALUES ("c967bf9b-7696-4892-9785-3ef176232be5",
	0,
	0,
	17,
	29,
	97,
	0,
	0,
	0,
	0,
	"fc579625-527e-4796-9485-440b72c36cdf",
	"5f982a38-28e4-4f5d-8319-fcd391572bef");
INSERT INTO V_LST
	VALUES ("c967bf9b-7696-4892-9785-3ef176232be5",
	'Unsuccessful read of SDT date member in pass-by-ref class operation.');
INSERT INTO V_PAR
	VALUES ("c967bf9b-7696-4892-9785-3ef176232be5",
	"181419e2-2a1d-478e-a391-9913f2fc3038",
	"00000000-0000-0000-0000-000000000000",
	'message',
	"00000000-0000-0000-0000-000000000000",
	17,
	20);
INSERT INTO ACT_BLK
	VALUES ("787b2aa2-6d4e-46d6-9fde-b5e4b77e0d2e",
	0,
	0,
	0,
	'LOG',
	'',
	'',
	21,
	3,
	21,
	3,
	0,
	0,
	0,
	0,
	0,
	0,
	0,
	0,
	0,
	"e744aff0-7512-415c-9c5c-b09efd2a3a24",
	"00000000-0000-0000-0000-000000000000");
INSERT INTO ACT_SMT
	VALUES ("13996556-6fba-411b-8de5-5a308fb87b37",
	"787b2aa2-6d4e-46d6-9fde-b5e4b77e0d2e",
	"00000000-0000-0000-0000-000000000000",
	21,
	3,
	'CheckSDTs::checkDataOpByRef line: 21');
INSERT INTO ACT_BRG
	VALUES ("13996556-6fba-411b-8de5-5a308fb87b37",
	"f2f7277d-5b46-4382-aca0-8e16b822b623",
	21,
	8,
	21,
	3);
INSERT INTO V_VAL
	VALUES ("47fde33d-522c-4395-a337-56ffecbd255b",
	0,
	0,
	21,
	29,
	95,
	0,
	0,
	0,
	0,
	"fc579625-527e-4796-9485-440b72c36cdf",
	"787b2aa2-6d4e-46d6-9fde-b5e4b77e0d2e");
INSERT INTO V_LST
	VALUES ("47fde33d-522c-4395-a337-56ffecbd255b",
	'Successful read of SDT real member in pass-by-ref class operation.');
INSERT INTO V_PAR
	VALUES ("47fde33d-522c-4395-a337-56ffecbd255b",
	"13996556-6fba-411b-8de5-5a308fb87b37",
	"00000000-0000-0000-0000-000000000000",
	'message',
	"00000000-0000-0000-0000-000000000000",
	21,
	20);
INSERT INTO ACT_BLK
	VALUES ("aaa929dd-fb92-4c38-b0ab-6d578a59922d",
	0,
	0,
	0,
	'LOG',
	'',
	'',
	24,
	3,
	23,
	3,
	0,
	0,
	0,
	0,
	0,
	0,
	0,
	0,
	0,
	"e744aff0-7512-415c-9c5c-b09efd2a3a24",
	"00000000-0000-0000-0000-000000000000");
INSERT INTO ACT_SMT
	VALUES ("cecbe12c-ac16-4edc-90e7-17fbe09b3310",
	"aaa929dd-fb92-4c38-b0ab-6d578a59922d",
	"a249f53b-dbc4-4883-893c-d1f965409dcc",
	23,
	3,
	'CheckSDTs::checkDataOpByRef line: 23');
INSERT INTO ACT_BRG
	VALUES ("cecbe12c-ac16-4edc-90e7-17fbe09b3310",
	"85a2ae18-4cb8-4b1f-a989-c9af21c1561b",
	23,
	8,
	23,
	3);
INSERT INTO ACT_SMT
	VALUES ("a249f53b-dbc4-4883-893c-d1f965409dcc",
	"aaa929dd-fb92-4c38-b0ab-6d578a59922d",
	"00000000-0000-0000-0000-000000000000",
	24,
	3,
	'CheckSDTs::checkDataOpByRef line: 24');
INSERT INTO ACT_FNC
	VALUES ("a249f53b-dbc4-4883-893c-d1f965409dcc",
	"a3929c52-9e1a-45f7-acc5-5bd9cf747c56",
	24,
	5);
INSERT INTO V_VAL
	VALUES ("ccb95ef8-2652-4350-b7a0-967007243eb8",
	0,
	0,
	23,
	29,
	97,
	0,
	0,
	0,
	0,
	"fc579625-527e-4796-9485-440b72c36cdf",
	"aaa929dd-fb92-4c38-b0ab-6d578a59922d");
INSERT INTO V_LST
	VALUES ("ccb95ef8-2652-4350-b7a0-967007243eb8",
	'Unsuccessful read of SDT real member in pass-by-ref class operation.');
INSERT INTO V_PAR
	VALUES ("ccb95ef8-2652-4350-b7a0-967007243eb8",
	"cecbe12c-ac16-4edc-90e7-17fbe09b3310",
	"00000000-0000-0000-0000-000000000000",
	'message',
	"00000000-0000-0000-0000-000000000000",
	23,
	20);
INSERT INTO ACT_BLK
	VALUES ("120b32ce-3bf2-4204-8171-3e604f01df9f",
	0,
	0,
	0,
	'LOG',
	'',
	'',
	27,
	3,
	27,
	3,
	0,
	0,
	0,
	0,
	0,
	0,
	0,
	0,
	0,
	"e744aff0-7512-415c-9c5c-b09efd2a3a24",
	"00000000-0000-0000-0000-000000000000");
INSERT INTO ACT_SMT
	VALUES ("6999e530-e0c7-4c04-b95d-a26f421e6bce",
	"120b32ce-3bf2-4204-8171-3e604f01df9f",
	"00000000-0000-0000-0000-000000000000",
	27,
	3,
	'CheckSDTs::checkDataOpByRef line: 27');
INSERT INTO ACT_BRG
	VALUES ("6999e530-e0c7-4c04-b95d-a26f421e6bce",
	"f2f7277d-5b46-4382-aca0-8e16b822b623",
	27,
	8,
	27,
	3);
INSERT INTO V_VAL
	VALUES ("8cc32f9a-b645-4ede-9cbc-223039e3e86f",
	0,
	0,
	27,
	29,
	97,
	0,
	0,
	0,
	0,
	"fc579625-527e-4796-9485-440b72c36cdf",
	"120b32ce-3bf2-4204-8171-3e604f01df9f");
INSERT INTO V_LST
	VALUES ("8cc32f9a-b645-4ede-9cbc-223039e3e86f",
	'Successful read of SDT string member in pass-by-ref class operation.');
INSERT INTO V_PAR
	VALUES ("8cc32f9a-b645-4ede-9cbc-223039e3e86f",
	"6999e530-e0c7-4c04-b95d-a26f421e6bce",
	"00000000-0000-0000-0000-000000000000",
	'message',
	"00000000-0000-0000-0000-000000000000",
	27,
	20);
INSERT INTO ACT_BLK
	VALUES ("b0f174bb-861e-447b-a4ca-cc94f98954c0",
	0,
	0,
	0,
	'LOG',
	'',
	'',
	30,
	3,
	29,
	3,
	0,
	0,
	0,
	0,
	0,
	0,
	0,
	0,
	0,
	"e744aff0-7512-415c-9c5c-b09efd2a3a24",
	"00000000-0000-0000-0000-000000000000");
INSERT INTO ACT_SMT
	VALUES ("793c8e1e-2b64-4e63-b8d0-e35557ad04f4",
	"b0f174bb-861e-447b-a4ca-cc94f98954c0",
	"5d40c0ac-ef84-4ff8-be38-0000bc93fa89",
	29,
	3,
	'CheckSDTs::checkDataOpByRef line: 29');
INSERT INTO ACT_BRG
	VALUES ("793c8e1e-2b64-4e63-b8d0-e35557ad04f4",
	"85a2ae18-4cb8-4b1f-a989-c9af21c1561b",
	29,
	8,
	29,
	3);
INSERT INTO ACT_SMT
	VALUES ("5d40c0ac-ef84-4ff8-be38-0000bc93fa89",
	"b0f174bb-861e-447b-a4ca-cc94f98954c0",
	"00000000-0000-0000-0000-000000000000",
	30,
	3,
	'CheckSDTs::checkDataOpByRef line: 30');
INSERT INTO ACT_FNC
	VALUES ("5d40c0ac-ef84-4ff8-be38-0000bc93fa89",
	"a3929c52-9e1a-45f7-acc5-5bd9cf747c56",
	30,
	5);
INSERT INTO V_VAL
	VALUES ("c71c067b-bc23-47d5-bd4e-3ec8eb397e6c",
	0,
	0,
	29,
	29,
	99,
	0,
	0,
	0,
	0,
	"fc579625-527e-4796-9485-440b72c36cdf",
	"b0f174bb-861e-447b-a4ca-cc94f98954c0");
INSERT INTO V_LST
	VALUES ("c71c067b-bc23-47d5-bd4e-3ec8eb397e6c",
	'Unsuccessful read of SDT string member in pass-by-ref class operation.');
INSERT INTO V_PAR
	VALUES ("c71c067b-bc23-47d5-bd4e-3ec8eb397e6c",
	"793c8e1e-2b64-4e63-b8d0-e35557ad04f4",
	"00000000-0000-0000-0000-000000000000",
	'message',
	"00000000-0000-0000-0000-000000000000",
	29,
	20);
INSERT INTO ACT_BLK
	VALUES ("d3b832cf-c9df-4c12-a908-f2a45e1ffe04",
	0,
	0,
	0,
	'LOG',
	'',
	'',
	33,
	3,
	33,
	3,
	0,
	0,
	0,
	0,
	0,
	0,
	0,
	0,
	0,
	"e744aff0-7512-415c-9c5c-b09efd2a3a24",
	"00000000-0000-0000-0000-000000000000");
INSERT INTO ACT_SMT
	VALUES ("eaac8af4-74e6-4bc7-a1ba-7fe23f43c42a",
	"d3b832cf-c9df-4c12-a908-f2a45e1ffe04",
	"00000000-0000-0000-0000-000000000000",
	33,
	3,
	'CheckSDTs::checkDataOpByRef line: 33');
INSERT INTO ACT_BRG
	VALUES ("eaac8af4-74e6-4bc7-a1ba-7fe23f43c42a",
	"f2f7277d-5b46-4382-aca0-8e16b822b623",
	33,
	8,
	33,
	3);
INSERT INTO V_VAL
	VALUES ("4285c4a6-675b-4a4f-bf80-8b03819e62ba",
	0,
	0,
	33,
	29,
	100,
	0,
	0,
	0,
	0,
	"fc579625-527e-4796-9485-440b72c36cdf",
	"d3b832cf-c9df-4c12-a908-f2a45e1ffe04");
INSERT INTO V_LST
	VALUES ("4285c4a6-675b-4a4f-bf80-8b03819e62ba",
	'Successful read of SDT timestamp member in pass-by-ref class operation.');
INSERT INTO V_PAR
	VALUES ("4285c4a6-675b-4a4f-bf80-8b03819e62ba",
	"eaac8af4-74e6-4bc7-a1ba-7fe23f43c42a",
	"00000000-0000-0000-0000-000000000000",
	'message',
	"00000000-0000-0000-0000-000000000000",
	33,
	20);
INSERT INTO ACT_BLK
	VALUES ("fa0bdeb2-4517-45ae-881d-6a43c35bb1c1",
	0,
	0,
	0,
	'LOG',
	'',
	'',
	36,
	3,
	35,
	3,
	0,
	0,
	0,
	0,
	0,
	0,
	0,
	0,
	0,
	"e744aff0-7512-415c-9c5c-b09efd2a3a24",
	"00000000-0000-0000-0000-000000000000");
INSERT INTO ACT_SMT
	VALUES ("9bff648b-2a35-45ee-a90e-52e5e0cf76fd",
	"fa0bdeb2-4517-45ae-881d-6a43c35bb1c1",
	"30ec2458-a2eb-425f-8c24-5d768efe2dd4",
	35,
	3,
	'CheckSDTs::checkDataOpByRef line: 35');
INSERT INTO ACT_BRG
	VALUES ("9bff648b-2a35-45ee-a90e-52e5e0cf76fd",
	"85a2ae18-4cb8-4b1f-a989-c9af21c1561b",
	35,
	8,
	35,
	3);
INSERT INTO ACT_SMT
	VALUES ("30ec2458-a2eb-425f-8c24-5d768efe2dd4",
	"fa0bdeb2-4517-45ae-881d-6a43c35bb1c1",
	"00000000-0000-0000-0000-000000000000",
	36,
	3,
	'CheckSDTs::checkDataOpByRef line: 36');
INSERT INTO ACT_FNC
	VALUES ("30ec2458-a2eb-425f-8c24-5d768efe2dd4",
	"a3929c52-9e1a-45f7-acc5-5bd9cf747c56",
	36,
	5);
INSERT INTO V_VAL
	VALUES ("4c002da9-2a12-4359-be85-b44b41379d4c",
	0,
	0,
	35,
	29,
	102,
	0,
	0,
	0,
	0,
	"fc579625-527e-4796-9485-440b72c36cdf",
	"fa0bdeb2-4517-45ae-881d-6a43c35bb1c1");
INSERT INTO V_LST
	VALUES ("4c002da9-2a12-4359-be85-b44b41379d4c",
	'Unsuccessful read of SDT timestamp member in pass-by-ref class operation.');
INSERT INTO V_PAR
	VALUES ("4c002da9-2a12-4359-be85-b44b41379d4c",
	"9bff648b-2a35-45ee-a90e-52e5e0cf76fd",
	"00000000-0000-0000-0000-000000000000",
	'message',
	"00000000-0000-0000-0000-000000000000",
	35,
	20);
INSERT INTO ACT_BLK
	VALUES ("1dfe41fc-0a79-4547-ac1a-80994ae86376",
	0,
	0,
	0,
	'LOG',
	'',
	'',
	42,
	3,
	42,
	3,
	0,
	0,
	0,
	0,
	0,
	0,
	0,
	0,
	0,
	"e744aff0-7512-415c-9c5c-b09efd2a3a24",
	"00000000-0000-0000-0000-000000000000");
INSERT INTO ACT_SMT
	VALUES ("1f1f2959-dbde-4589-939e-455b870e5e5d",
	"1dfe41fc-0a79-4547-ac1a-80994ae86376",
	"00000000-0000-0000-0000-000000000000",
	42,
	3,
	'CheckSDTs::checkDataOpByRef line: 42');
INSERT INTO ACT_BRG
	VALUES ("1f1f2959-dbde-4589-939e-455b870e5e5d",
	"f2f7277d-5b46-4382-aca0-8e16b822b623",
	42,
	8,
	42,
	3);
INSERT INTO V_VAL
	VALUES ("163cfdde-e9dd-4e1b-8aa8-140f3a57b0e4",
	0,
	0,
	42,
	29,
	70,
	0,
	0,
	0,
	0,
	"fc579625-527e-4796-9485-440b72c36cdf",
	"1dfe41fc-0a79-4547-ac1a-80994ae86376");
INSERT INTO V_LST
	VALUES ("163cfdde-e9dd-4e1b-8aa8-140f3a57b0e4",
	'Successful read of nested SDT int member.');
INSERT INTO V_PAR
	VALUES ("163cfdde-e9dd-4e1b-8aa8-140f3a57b0e4",
	"1f1f2959-dbde-4589-939e-455b870e5e5d",
	"00000000-0000-0000-0000-000000000000",
	'message',
	"00000000-0000-0000-0000-000000000000",
	42,
	20);
INSERT INTO O_TFR
	VALUES ("9a5a2c30-4968-466a-a616-51155be164d6",
	"6d1350c3-a10b-4768-8428-c063129f13a9",
	'checkData2RVal',
	'',
	"f3b22070-8f46-4382-baa9-be5973b56db4",
	1,
	'return param.data;
',
	1);
INSERT INTO O_TPARM
	VALUES ("593fbedb-2fc3-49fd-a28c-151ffd6d4b3d",
	"9a5a2c30-4968-466a-a616-51155be164d6",
	'data',
	"f3b22070-8f46-4382-baa9-be5973b56db4",
	0);
INSERT INTO ACT_OPB
	VALUES ("56157a6f-fa07-4d53-99c9-40bc29ea0cca",
	"9a5a2c30-4968-466a-a616-51155be164d6");
INSERT INTO ACT_ACT
	VALUES ("56157a6f-fa07-4d53-99c9-40bc29ea0cca",
	'operation',
	0,
	"00000000-0000-0000-0000-000000000000",
	"00000000-0000-0000-0000-000000000000",
	0,
	'CheckSDTs::checkData2RVal',
	"0511428e-626f-4827-8e0f-c3acf45a803e");
INSERT INTO O_NBATTR
	VALUES ("3af95236-32f3-4b13-9670-4d121e824fcd",
	"6d1350c3-a10b-4768-8428-c063129f13a9");
INSERT INTO O_BATTR
	VALUES ("3af95236-32f3-4b13-9670-4d121e824fcd",
	"6d1350c3-a10b-4768-8428-c063129f13a9");
INSERT INTO O_ATTR
	VALUES ("3af95236-32f3-4b13-9670-4d121e824fcd",
	"6d1350c3-a10b-4768-8428-c063129f13a9",
	"00000000-0000-0000-0000-000000000000",
	'current_state',
	'',
	'',
	'current_state',
	0,
	"2d367287-f836-4125-8d3a-be799185faa4");
INSERT INTO O_NBATTR
	VALUES ("81573b5c-fc6c-40c0-8e9e-9bac7e8830bf",
	"6d1350c3-a10b-4768-8428-c063129f13a9");
INSERT INTO O_BATTR
	VALUES ("81573b5c-fc6c-40c0-8e9e-9bac7e8830bf",
	"6d1350c3-a10b-4768-8428-c063129f13a9");
INSERT INTO O_ATTR
	VALUES ("81573b5c-fc6c-40c0-8e9e-9bac7e8830bf",
	"6d1350c3-a10b-4768-8428-c063129f13a9",
	"3af95236-32f3-4b13-9670-4d121e824fcd",
	'myData',
	'',
	'',
	'myData',
	0,
	"f3b22070-8f46-4382-baa9-be5973b56db4");
INSERT INTO O_NBATTR
	VALUES ("47067bbb-bc1b-4f2c-9316-fe005643c8d1",
	"6d1350c3-a10b-4768-8428-c063129f13a9");
INSERT INTO O_BATTR
	VALUES ("47067bbb-bc1b-4f2c-9316-fe005643c8d1",
	"6d1350c3-a10b-4768-8428-c063129f13a9");
INSERT INTO O_ATTR
	VALUES ("47067bbb-bc1b-4f2c-9316-fe005643c8d1",
	"6d1350c3-a10b-4768-8428-c063129f13a9",
	"81573b5c-fc6c-40c0-8e9e-9bac7e8830bf",
	'myData2',
	'',
	'',
	'myData2',
	0,
	"f3b22070-8f46-4382-baa9-be5973b56db4");
INSERT INTO O_ID
	VALUES (0,
	"6d1350c3-a10b-4768-8428-c063129f13a9");
INSERT INTO O_ID
	VALUES (1,
	"6d1350c3-a10b-4768-8428-c063129f13a9");
INSERT INTO O_ID
	VALUES (2,
	"6d1350c3-a10b-4768-8428-c063129f13a9");
INSERT INTO SM_ISM
	VALUES ("285912af-ebed-4679-98e0-35d394150cda",
	"6d1350c3-a10b-4768-8428-c063129f13a9");
INSERT INTO SM_SM
	VALUES ("285912af-ebed-4679-98e0-35d394150cda",
	'',
	0);
INSERT INTO SM_MOORE
	VALUES ("285912af-ebed-4679-98e0-35d394150cda");
INSERT INTO SM_EVTDI
	VALUES ("5d0386f5-6e69-4efa-94db-b69e9854e417",
	"285912af-ebed-4679-98e0-35d394150cda",
	'data',
	'',
	"f3b22070-8f46-4382-baa9-be5973b56db4");
INSERT INTO SM_SUPDT
	VALUES ("9585e287-bb31-429f-a795-ea42cff16d5d",
	"285912af-ebed-4679-98e0-35d394150cda",
	0);
INSERT INTO SM_SDI
	VALUES ("5d0386f5-6e69-4efa-94db-b69e9854e417",
	"9585e287-bb31-429f-a795-ea42cff16d5d",
	"285912af-ebed-4679-98e0-35d394150cda");
INSERT INTO SM_SUPDT
	VALUES ("b5ec806b-135b-4764-a646-99a3259f0d4d",
	"285912af-ebed-4679-98e0-35d394150cda",
	0);
INSERT INTO SM_LEVT
	VALUES ("dc9ea5bc-e86d-485f-b0c6-e8ea89afff05",
	"285912af-ebed-4679-98e0-35d394150cda",
	"9585e287-bb31-429f-a795-ea42cff16d5d");
INSERT INTO SM_SEVT
	VALUES ("dc9ea5bc-e86d-485f-b0c6-e8ea89afff05",
	"285912af-ebed-4679-98e0-35d394150cda",
	"9585e287-bb31-429f-a795-ea42cff16d5d");
INSERT INTO SM_EVT
	VALUES ("dc9ea5bc-e86d-485f-b0c6-e8ea89afff05",
	"285912af-ebed-4679-98e0-35d394150cda",
	"9585e287-bb31-429f-a795-ea42cff16d5d",
	1,
	'run_test',
	0,
	'',
	'CHK1',
	'');
INSERT INTO SM_LEVT
	VALUES ("b990afa8-65c2-4eec-b497-787449876fa0",
	"285912af-ebed-4679-98e0-35d394150cda",
	"b5ec806b-135b-4764-a646-99a3259f0d4d");
INSERT INTO SM_SEVT
	VALUES ("b990afa8-65c2-4eec-b497-787449876fa0",
	"285912af-ebed-4679-98e0-35d394150cda",
	"b5ec806b-135b-4764-a646-99a3259f0d4d");
INSERT INTO SM_EVT
	VALUES ("b990afa8-65c2-4eec-b497-787449876fa0",
	"285912af-ebed-4679-98e0-35d394150cda",
	"b5ec806b-135b-4764-a646-99a3259f0d4d",
	2,
	'start',
	0,
	'',
	'CHK2',
	'');
INSERT INTO SM_STATE
	VALUES ("7a0a3359-b51f-48ac-bec9-bd34cd739856",
	"285912af-ebed-4679-98e0-35d394150cda",
	"b5ec806b-135b-4764-a646-99a3259f0d4d",
	'Begin',
	2,
	0);
INSERT INTO SM_SEME
	VALUES ("7a0a3359-b51f-48ac-bec9-bd34cd739856",
	"dc9ea5bc-e86d-485f-b0c6-e8ea89afff05",
	"285912af-ebed-4679-98e0-35d394150cda",
	"9585e287-bb31-429f-a795-ea42cff16d5d");
INSERT INTO SM_CH
	VALUES ("7a0a3359-b51f-48ac-bec9-bd34cd739856",
	"b990afa8-65c2-4eec-b497-787449876fa0",
	"285912af-ebed-4679-98e0-35d394150cda",
	"b5ec806b-135b-4764-a646-99a3259f0d4d",
	'');
INSERT INTO SM_SEME
	VALUES ("7a0a3359-b51f-48ac-bec9-bd34cd739856",
	"b990afa8-65c2-4eec-b497-787449876fa0",
	"285912af-ebed-4679-98e0-35d394150cda",
	"b5ec806b-135b-4764-a646-99a3259f0d4d");
INSERT INTO SM_STATE
	VALUES ("06ef7b86-6239-4286-a155-05af7feaf672",
	"285912af-ebed-4679-98e0-35d394150cda",
	"9585e287-bb31-429f-a795-ea42cff16d5d",
	'TestByValCalls',
	3,
	0);
INSERT INTO SM_SEME
	VALUES ("06ef7b86-6239-4286-a155-05af7feaf672",
	"dc9ea5bc-e86d-485f-b0c6-e8ea89afff05",
	"285912af-ebed-4679-98e0-35d394150cda",
	"9585e287-bb31-429f-a795-ea42cff16d5d");
INSERT INTO SM_CH
	VALUES ("06ef7b86-6239-4286-a155-05af7feaf672",
	"b990afa8-65c2-4eec-b497-787449876fa0",
	"285912af-ebed-4679-98e0-35d394150cda",
	"b5ec806b-135b-4764-a646-99a3259f0d4d",
	'');
INSERT INTO SM_SEME
	VALUES ("06ef7b86-6239-4286-a155-05af7feaf672",
	"b990afa8-65c2-4eec-b497-787449876fa0",
	"285912af-ebed-4679-98e0-35d394150cda",
	"b5ec806b-135b-4764-a646-99a3259f0d4d");
INSERT INTO SM_STATE
	VALUES ("900a55e3-6fe7-43ca-9931-3a656492342f",
	"285912af-ebed-4679-98e0-35d394150cda",
	"9585e287-bb31-429f-a795-ea42cff16d5d",
	'TestByRefCalls',
	4,
	0);
INSERT INTO SM_SEME
	VALUES ("900a55e3-6fe7-43ca-9931-3a656492342f",
	"dc9ea5bc-e86d-485f-b0c6-e8ea89afff05",
	"285912af-ebed-4679-98e0-35d394150cda",
	"9585e287-bb31-429f-a795-ea42cff16d5d");
INSERT INTO SM_CH
	VALUES ("900a55e3-6fe7-43ca-9931-3a656492342f",
	"b990afa8-65c2-4eec-b497-787449876fa0",
	"285912af-ebed-4679-98e0-35d394150cda",
	"b5ec806b-135b-4764-a646-99a3259f0d4d",
	'');
INSERT INTO SM_SEME
	VALUES ("900a55e3-6fe7-43ca-9931-3a656492342f",
	"b990afa8-65c2-4eec-b497-787449876fa0",
	"285912af-ebed-4679-98e0-35d394150cda",
	"b5ec806b-135b-4764-a646-99a3259f0d4d");
INSERT INTO SM_STATE
	VALUES ("edb42210-b949-4460-ae8c-c96741604484",
	"285912af-ebed-4679-98e0-35d394150cda",
	"00000000-0000-0000-0000-000000000000",
	'Waiting to start',
	1,
	0);
INSERT INTO SM_CH
	VALUES ("edb42210-b949-4460-ae8c-c96741604484",
	"dc9ea5bc-e86d-485f-b0c6-e8ea89afff05",
	"285912af-ebed-4679-98e0-35d394150cda",
	"9585e287-bb31-429f-a795-ea42cff16d5d",
	'');
INSERT INTO SM_SEME
	VALUES ("edb42210-b949-4460-ae8c-c96741604484",
	"dc9ea5bc-e86d-485f-b0c6-e8ea89afff05",
	"285912af-ebed-4679-98e0-35d394150cda",
	"9585e287-bb31-429f-a795-ea42cff16d5d");
INSERT INTO SM_SEME
	VALUES ("edb42210-b949-4460-ae8c-c96741604484",
	"b990afa8-65c2-4eec-b497-787449876fa0",
	"285912af-ebed-4679-98e0-35d394150cda",
	"b5ec806b-135b-4764-a646-99a3259f0d4d");
INSERT INTO SM_STATE
	VALUES ("8b415468-e9f2-4c83-9524-6205143bf0bf",
	"285912af-ebed-4679-98e0-35d394150cda",
	"9585e287-bb31-429f-a795-ea42cff16d5d",
	'Misc',
	5,
	0);
INSERT INTO SM_CH
	VALUES ("8b415468-e9f2-4c83-9524-6205143bf0bf",
	"dc9ea5bc-e86d-485f-b0c6-e8ea89afff05",
	"285912af-ebed-4679-98e0-35d394150cda",
	"9585e287-bb31-429f-a795-ea42cff16d5d",
	'');
INSERT INTO SM_SEME
	VALUES ("8b415468-e9f2-4c83-9524-6205143bf0bf",
	"dc9ea5bc-e86d-485f-b0c6-e8ea89afff05",
	"285912af-ebed-4679-98e0-35d394150cda",
	"9585e287-bb31-429f-a795-ea42cff16d5d");
INSERT INTO SM_CH
	VALUES ("8b415468-e9f2-4c83-9524-6205143bf0bf",
	"b990afa8-65c2-4eec-b497-787449876fa0",
	"285912af-ebed-4679-98e0-35d394150cda",
	"b5ec806b-135b-4764-a646-99a3259f0d4d",
	'');
INSERT INTO SM_SEME
	VALUES ("8b415468-e9f2-4c83-9524-6205143bf0bf",
	"b990afa8-65c2-4eec-b497-787449876fa0",
	"285912af-ebed-4679-98e0-35d394150cda",
	"b5ec806b-135b-4764-a646-99a3259f0d4d");
INSERT INTO SM_NSTXN
	VALUES ("2789a366-e46d-437b-ac4b-0befddc0c094",
	"285912af-ebed-4679-98e0-35d394150cda",
	"7a0a3359-b51f-48ac-bec9-bd34cd739856",
	"dc9ea5bc-e86d-485f-b0c6-e8ea89afff05",
	"9585e287-bb31-429f-a795-ea42cff16d5d");
INSERT INTO SM_TXN
	VALUES ("2789a366-e46d-437b-ac4b-0befddc0c094",
	"285912af-ebed-4679-98e0-35d394150cda",
	"06ef7b86-6239-4286-a155-05af7feaf672",
	"9585e287-bb31-429f-a795-ea42cff16d5d");
INSERT INTO SM_NSTXN
	VALUES ("e0add288-2a0e-4038-9214-08bb2a679ce8",
	"285912af-ebed-4679-98e0-35d394150cda",
	"06ef7b86-6239-4286-a155-05af7feaf672",
	"dc9ea5bc-e86d-485f-b0c6-e8ea89afff05",
	"9585e287-bb31-429f-a795-ea42cff16d5d");
INSERT INTO SM_TXN
	VALUES ("e0add288-2a0e-4038-9214-08bb2a679ce8",
	"285912af-ebed-4679-98e0-35d394150cda",
	"900a55e3-6fe7-43ca-9931-3a656492342f",
	"9585e287-bb31-429f-a795-ea42cff16d5d");
INSERT INTO SM_NSTXN
	VALUES ("b2a1c111-d7ec-4670-a57a-dbf749b9f2ad",
	"285912af-ebed-4679-98e0-35d394150cda",
	"edb42210-b949-4460-ae8c-c96741604484",
	"b990afa8-65c2-4eec-b497-787449876fa0",
	"b5ec806b-135b-4764-a646-99a3259f0d4d");
INSERT INTO SM_TXN
	VALUES ("b2a1c111-d7ec-4670-a57a-dbf749b9f2ad",
	"285912af-ebed-4679-98e0-35d394150cda",
	"7a0a3359-b51f-48ac-bec9-bd34cd739856",
	"b5ec806b-135b-4764-a646-99a3259f0d4d");
INSERT INTO SM_NSTXN
	VALUES ("546e1859-da78-486f-8aba-d80ec91510ce",
	"285912af-ebed-4679-98e0-35d394150cda",
	"900a55e3-6fe7-43ca-9931-3a656492342f",
	"dc9ea5bc-e86d-485f-b0c6-e8ea89afff05",
	"9585e287-bb31-429f-a795-ea42cff16d5d");
INSERT INTO SM_TXN
	VALUES ("546e1859-da78-486f-8aba-d80ec91510ce",
	"285912af-ebed-4679-98e0-35d394150cda",
	"8b415468-e9f2-4c83-9524-6205143bf0bf",
	"9585e287-bb31-429f-a795-ea42cff16d5d");
INSERT INTO SM_MOAH
	VALUES ("3fbac948-3b51-4399-a2bd-70218d2aa28d",
	"285912af-ebed-4679-98e0-35d394150cda",
	"7a0a3359-b51f-48ac-bec9-bd34cd739856");
INSERT INTO SM_AH
	VALUES ("3fbac948-3b51-4399-a2bd-70218d2aa28d",
	"285912af-ebed-4679-98e0-35d394150cda");
INSERT INTO ACT_SAB
	VALUES ("6204c7d1-fe1d-4753-b646-c02c0f9582c1",
	"285912af-ebed-4679-98e0-35d394150cda",
	"3fbac948-3b51-4399-a2bd-70218d2aa28d");
INSERT INTO ACT_ACT
	VALUES ("6204c7d1-fe1d-4753-b646-c02c0f9582c1",
	'state',
	0,
	"89b4c1d5-077a-4811-b377-550155544fca",
	"00000000-0000-0000-0000-000000000000",
	0,
	'CheckSDTs::Begin',
	"a2dd15bd-304f-489d-b2a1-e205beaaf750");
INSERT INTO ACT_BLK
	VALUES ("89b4c1d5-077a-4811-b377-550155544fca",
	0,
	0,
	0,
	'V_VAR.Var_ID',
	'data',
	'data',
	114,
	1,
	105,
	52,
	0,
	0,
	0,
	0,
	0,
	0,
	0,
	0,
	0,
	"6204c7d1-fe1d-4753-b646-c02c0f9582c1",
	"00000000-0000-0000-0000-000000000000");
INSERT INTO ACT_SMT
	VALUES ("02ac3417-5f38-4c36-8c70-ea1d460535d3",
	"89b4c1d5-077a-4811-b377-550155544fca",
	"1c03bf3c-9990-4551-8910-74dcd9a153fe",
	2,
	6,
	'CheckSDTs::Begin line: 2');
INSERT INTO ACT_AI
	VALUES ("02ac3417-5f38-4c36-8c70-ea1d460535d3",
	"82377a8a-c543-4f0b-a2f9-a1d52b42506f",
	"3dd0866d-e0f5-4b5b-bcaf-2e119e918232",
	2,
	13);
INSERT INTO ACT_SMT
	VALUES ("1c03bf3c-9990-4551-8910-74dcd9a153fe",
	"89b4c1d5-077a-4811-b377-550155544fca",
	"e54927bb-85ff-4c3f-b865-ddbe734c3d6c",
	3,
	6,
	'CheckSDTs::Begin line: 3');
INSERT INTO ACT_AI
	VALUES ("1c03bf3c-9990-4551-8910-74dcd9a153fe",
	"c6e376ec-14dd-47e1-a430-17d5f511469b",
	"752f3f8c-29c6-4b7c-bd5a-6c0f2c130cf1",
	3,
	13);
INSERT INTO ACT_SMT
	VALUES ("e54927bb-85ff-4c3f-b865-ddbe734c3d6c",
	"89b4c1d5-077a-4811-b377-550155544fca",
	"92839e34-ec68-49d4-ac6c-6b41fcfd6ea0",
	4,
	6,
	'CheckSDTs::Begin line: 4');
INSERT INTO ACT_AI
	VALUES ("e54927bb-85ff-4c3f-b865-ddbe734c3d6c",
	"abe172ca-3eb4-4af2-86f7-0839a9642eb1",
	"ebe6ae28-9657-493e-88ba-879f2b448e83",
	4,
	13);
INSERT INTO ACT_SMT
	VALUES ("92839e34-ec68-49d4-ac6c-6b41fcfd6ea0",
	"89b4c1d5-077a-4811-b377-550155544fca",
	"712add10-e38a-4efa-9dd2-095f05a8e0a6",
	5,
	6,
	'CheckSDTs::Begin line: 5');
INSERT INTO ACT_AI
	VALUES ("92839e34-ec68-49d4-ac6c-6b41fcfd6ea0",
	"f7fb2157-a2b9-4f77-84cd-df2bcd2a9868",
	"c291d694-6721-4be4-8ec3-e1a97ce44bf5",
	5,
	13);
INSERT INTO ACT_SMT
	VALUES ("712add10-e38a-4efa-9dd2-095f05a8e0a6",
	"89b4c1d5-077a-4811-b377-550155544fca",
	"3fc1d92e-11cb-41dd-a49c-db910346c79c",
	6,
	6,
	'CheckSDTs::Begin line: 6');
INSERT INTO ACT_AI
	VALUES ("712add10-e38a-4efa-9dd2-095f05a8e0a6",
	"d0834c75-63f1-477b-aca8-c5a61464f08b",
	"08205118-a858-417f-82ae-9115bbaa2002",
	6,
	13);
INSERT INTO ACT_SMT
	VALUES ("3fc1d92e-11cb-41dd-a49c-db910346c79c",
	"89b4c1d5-077a-4811-b377-550155544fca",
	"eaf8007d-7154-44f5-9840-f8a0cbf7a983",
	7,
	6,
	'CheckSDTs::Begin line: 7');
INSERT INTO ACT_AI
	VALUES ("3fc1d92e-11cb-41dd-a49c-db910346c79c",
	"139fc523-46ad-4cf0-85a4-3c9dd3518a1c",
	"8d43cac5-9fe9-406e-bdd2-61b93dd4d238",
	7,
	13);
INSERT INTO ACT_SMT
	VALUES ("eaf8007d-7154-44f5-9840-f8a0cbf7a983",
	"89b4c1d5-077a-4811-b377-550155544fca",
	"10245b53-5c1a-4a02-b84c-277df50a48de",
	8,
	13,
	'CheckSDTs::Begin line: 8');
INSERT INTO ACT_AI
	VALUES ("eaf8007d-7154-44f5-9840-f8a0cbf7a983",
	"53559c74-09d8-4556-ae3e-dfe24dfa7c7c",
	"93db2067-c2dc-4e07-a782-2ee0ece684d2",
	8,
	29);
INSERT INTO ACT_SMT
	VALUES ("10245b53-5c1a-4a02-b84c-277df50a48de",
	"89b4c1d5-077a-4811-b377-550155544fca",
	"3bb788a3-facd-4bb5-adac-a5ec5345c043",
	9,
	13,
	'CheckSDTs::Begin line: 9');
INSERT INTO ACT_AI
	VALUES ("10245b53-5c1a-4a02-b84c-277df50a48de",
	"f4e8ac14-6337-47a2-8836-710264dde901",
	"adfad601-6279-43bf-a3e0-a0cc66b6692c",
	9,
	29);
INSERT INTO ACT_SMT
	VALUES ("3bb788a3-facd-4bb5-adac-a5ec5345c043",
	"89b4c1d5-077a-4811-b377-550155544fca",
	"9effef71-c975-47e2-be73-60cafda3a58e",
	10,
	13,
	'CheckSDTs::Begin line: 10');
INSERT INTO ACT_AI
	VALUES ("3bb788a3-facd-4bb5-adac-a5ec5345c043",
	"c69f6295-aab8-4a0e-8322-30812e7b3a40",
	"e7f9e78b-a0ff-435a-9741-2c72233c6341",
	10,
	29);
INSERT INTO ACT_SMT
	VALUES ("9effef71-c975-47e2-be73-60cafda3a58e",
	"89b4c1d5-077a-4811-b377-550155544fca",
	"9671c4b0-de7c-46f5-be5b-9cc23e0959b4",
	11,
	13,
	'CheckSDTs::Begin line: 11');
INSERT INTO ACT_AI
	VALUES ("9effef71-c975-47e2-be73-60cafda3a58e",
	"25d34943-29b2-4e13-8def-eab2ed3d5f2e",
	"924a1492-1346-40a8-b0a5-97e5c92ae3fc",
	11,
	29);
INSERT INTO ACT_SMT
	VALUES ("9671c4b0-de7c-46f5-be5b-9cc23e0959b4",
	"89b4c1d5-077a-4811-b377-550155544fca",
	"cf0fb659-a2fc-48b7-9e55-5675ad4dcfa2",
	12,
	13,
	'CheckSDTs::Begin line: 12');
INSERT INTO ACT_AI
	VALUES ("9671c4b0-de7c-46f5-be5b-9cc23e0959b4",
	"cda7aa86-68b4-4fa2-906a-6ad30499364d",
	"88d342c5-71c0-45c0-8fae-54046138ac50",
	12,
	29);
INSERT INTO ACT_SMT
	VALUES ("cf0fb659-a2fc-48b7-9e55-5675ad4dcfa2",
	"89b4c1d5-077a-4811-b377-550155544fca",
	"db328ea4-d90c-485a-a1c2-a5950cd4cf76",
	13,
	13,
	'CheckSDTs::Begin line: 13');
INSERT INTO ACT_AI
	VALUES ("cf0fb659-a2fc-48b7-9e55-5675ad4dcfa2",
	"a6fb0e58-82dc-4f12-b7ab-1099317d3f47",
	"e2671cc3-ebba-4424-9803-7483c5e4a3c1",
	13,
	29);
INSERT INTO ACT_SMT
	VALUES ("db328ea4-d90c-485a-a1c2-a5950cd4cf76",
	"89b4c1d5-077a-4811-b377-550155544fca",
	"948af0aa-7ae7-444a-abd4-5f8b35d96540",
	16,
	6,
	'CheckSDTs::Begin line: 16');
INSERT INTO ACT_AI
	VALUES ("db328ea4-d90c-485a-a1c2-a5950cd4cf76",
	"cd2faafb-fa51-4352-87cc-8b37a9889205",
	"2e4e1943-adc7-4130-b418-1ba863fadd89",
	16,
	14);
INSERT INTO ACT_SMT
	VALUES ("948af0aa-7ae7-444a-abd4-5f8b35d96540",
	"89b4c1d5-077a-4811-b377-550155544fca",
	"ee0138fd-ac60-4756-af65-68f229d44542",
	17,
	6,
	'CheckSDTs::Begin line: 17');
INSERT INTO ACT_AI
	VALUES ("948af0aa-7ae7-444a-abd4-5f8b35d96540",
	"ea7efcaf-6f46-450a-9b3f-ebc1f19adc44",
	"d5bf4c5f-70c6-4cd6-8dab-48eecd4ca0e2",
	17,
	14);
INSERT INTO ACT_SMT
	VALUES ("ee0138fd-ac60-4756-af65-68f229d44542",
	"89b4c1d5-077a-4811-b377-550155544fca",
	"ec52a514-742a-4a5d-92a4-61fd9cb5ae5e",
	18,
	6,
	'CheckSDTs::Begin line: 18');
INSERT INTO ACT_AI
	VALUES ("ee0138fd-ac60-4756-af65-68f229d44542",
	"99c262cb-f344-4229-b3be-7540b2e53f75",
	"15ffd744-1b59-473f-9a66-01798c62f303",
	18,
	14);
INSERT INTO ACT_SMT
	VALUES ("ec52a514-742a-4a5d-92a4-61fd9cb5ae5e",
	"89b4c1d5-077a-4811-b377-550155544fca",
	"8c1def26-0957-449b-b465-3f8e20437ace",
	19,
	6,
	'CheckSDTs::Begin line: 19');
INSERT INTO ACT_AI
	VALUES ("ec52a514-742a-4a5d-92a4-61fd9cb5ae5e",
	"09a5aa0d-6c9e-4df3-bbcf-ea6b3ef2dade",
	"ff9c61c0-269c-41c2-babe-f4b0bf738ade",
	19,
	14);
INSERT INTO ACT_SMT
	VALUES ("8c1def26-0957-449b-b465-3f8e20437ace",
	"89b4c1d5-077a-4811-b377-550155544fca",
	"d31217ee-88d3-4339-8ef2-e10c25009448",
	20,
	6,
	'CheckSDTs::Begin line: 20');
INSERT INTO ACT_AI
	VALUES ("8c1def26-0957-449b-b465-3f8e20437ace",
	"fa60dc94-2365-40e5-93f3-9db53b3cc7db",
	"21d28bf2-26c2-4241-b049-3ceb5f309e00",
	20,
	14);
INSERT INTO ACT_SMT
	VALUES ("d31217ee-88d3-4339-8ef2-e10c25009448",
	"89b4c1d5-077a-4811-b377-550155544fca",
	"21f06ef7-9974-4bdc-b43f-8270a39b59ea",
	21,
	6,
	'CheckSDTs::Begin line: 21');
INSERT INTO ACT_AI
	VALUES ("d31217ee-88d3-4339-8ef2-e10c25009448",
	"36fe289b-1706-43ce-8cae-b0dbc914455c",
	"a352a9a8-f05b-4e14-876b-4eb2b875145d",
	21,
	14);
INSERT INTO ACT_SMT
	VALUES ("21f06ef7-9974-4bdc-b43f-8270a39b59ea",
	"89b4c1d5-077a-4811-b377-550155544fca",
	"cb20837b-ae17-4935-a375-df83c69a3e2d",
	22,
	14,
	'CheckSDTs::Begin line: 22');
INSERT INTO ACT_AI
	VALUES ("21f06ef7-9974-4bdc-b43f-8270a39b59ea",
	"f9c2abd6-691e-4939-9ad6-446789d09302",
	"145ba8ce-def7-47c9-a0f7-3c0bd3b9a1fb",
	22,
	30);
INSERT INTO ACT_SMT
	VALUES ("cb20837b-ae17-4935-a375-df83c69a3e2d",
	"89b4c1d5-077a-4811-b377-550155544fca",
	"e4334366-01ce-4e51-a7bc-6e4252b8a3d1",
	23,
	14,
	'CheckSDTs::Begin line: 23');
INSERT INTO ACT_AI
	VALUES ("cb20837b-ae17-4935-a375-df83c69a3e2d",
	"44b250a4-a820-44ee-b51b-4b51a5775722",
	"765aa5d9-cc21-437c-8117-6b214ee4657b",
	23,
	30);
INSERT INTO ACT_SMT
	VALUES ("e4334366-01ce-4e51-a7bc-6e4252b8a3d1",
	"89b4c1d5-077a-4811-b377-550155544fca",
	"7d6edb9c-7ec8-4b62-8ca2-b5f4cf821e9d",
	24,
	14,
	'CheckSDTs::Begin line: 24');
INSERT INTO ACT_AI
	VALUES ("e4334366-01ce-4e51-a7bc-6e4252b8a3d1",
	"31c29579-216f-45b9-b69d-d0f99631590a",
	"9e00d9f2-2cf9-49bd-ac31-30a829f5be73",
	24,
	30);
INSERT INTO ACT_SMT
	VALUES ("7d6edb9c-7ec8-4b62-8ca2-b5f4cf821e9d",
	"89b4c1d5-077a-4811-b377-550155544fca",
	"7197b64c-dd03-4ea5-b959-e45924e9661b",
	25,
	14,
	'CheckSDTs::Begin line: 25');
INSERT INTO ACT_AI
	VALUES ("7d6edb9c-7ec8-4b62-8ca2-b5f4cf821e9d",
	"1fe817d2-0f39-4bf3-bba3-e0ade96e45da",
	"7ddf401e-cb9e-4f8d-af86-5109ff90b865",
	25,
	30);
INSERT INTO ACT_SMT
	VALUES ("7197b64c-dd03-4ea5-b959-e45924e9661b",
	"89b4c1d5-077a-4811-b377-550155544fca",
	"56bb24e3-a61c-434f-a499-48acac2f7611",
	26,
	14,
	'CheckSDTs::Begin line: 26');
INSERT INTO ACT_AI
	VALUES ("7197b64c-dd03-4ea5-b959-e45924e9661b",
	"1d015094-8c62-4421-b9e8-731c53c46f3e",
	"0738a28c-db4b-48c2-ac1a-cd1fbbcaf190",
	26,
	30);
INSERT INTO ACT_SMT
	VALUES ("56bb24e3-a61c-434f-a499-48acac2f7611",
	"89b4c1d5-077a-4811-b377-550155544fca",
	"b750d4b8-6956-4c2f-aea0-335807373d9a",
	27,
	14,
	'CheckSDTs::Begin line: 27');
INSERT INTO ACT_AI
	VALUES ("56bb24e3-a61c-434f-a499-48acac2f7611",
	"a999a2a6-adee-488e-8d77-a416845b92fc",
	"5c82600a-56de-4420-a554-0417b6d14b1b",
	27,
	30);
INSERT INTO ACT_SMT
	VALUES ("b750d4b8-6956-4c2f-aea0-335807373d9a",
	"89b4c1d5-077a-4811-b377-550155544fca",
	"32344582-9f93-4acd-9dca-26a06b369f93",
	31,
	1,
	'CheckSDTs::Begin line: 31');
INSERT INTO ACT_IF
	VALUES ("b750d4b8-6956-4c2f-aea0-335807373d9a",
	"781b2c45-da0a-4c56-9f1f-353837cad42b",
	"2ab2582a-3991-4cb3-b149-e8e1b75ab95b",
	"00000000-0000-0000-0000-000000000000",
	"00000000-0000-0000-0000-000000000000");
INSERT INTO ACT_SMT
	VALUES ("5dc568d7-c431-4e60-8119-3159c583add6",
	"89b4c1d5-077a-4811-b377-550155544fca",
	"00000000-0000-0000-0000-000000000000",
	33,
	1,
	'CheckSDTs::Begin line: 33');
INSERT INTO ACT_E
	VALUES ("5dc568d7-c431-4e60-8119-3159c583add6",
	"99c75729-97f2-4ff2-b657-d47b3aabd4db",
	"b750d4b8-6956-4c2f-aea0-335807373d9a");
INSERT INTO ACT_SMT
	VALUES ("32344582-9f93-4acd-9dca-26a06b369f93",
	"89b4c1d5-077a-4811-b377-550155544fca",
	"2731a50e-77b8-485d-adbd-3fd0b14f1caa",
	37,
	1,
	'CheckSDTs::Begin line: 37');
INSERT INTO ACT_IF
	VALUES ("32344582-9f93-4acd-9dca-26a06b369f93",
	"6321876d-d396-4505-ba1b-1d5e6137ff4c",
	"074c7351-bbae-4461-a092-89902ad92c44",
	"00000000-0000-0000-0000-000000000000",
	"00000000-0000-0000-0000-000000000000");
INSERT INTO ACT_SMT
	VALUES ("25816060-b3e0-4495-9cde-51bd96b9cccc",
	"89b4c1d5-077a-4811-b377-550155544fca",
	"00000000-0000-0000-0000-000000000000",
	39,
	1,
	'CheckSDTs::Begin line: 39');
INSERT INTO ACT_E
	VALUES ("25816060-b3e0-4495-9cde-51bd96b9cccc",
	"2e5a1149-e450-42aa-bccc-6dcfe5598683",
	"32344582-9f93-4acd-9dca-26a06b369f93");
INSERT INTO ACT_SMT
	VALUES ("2731a50e-77b8-485d-adbd-3fd0b14f1caa",
	"89b4c1d5-077a-4811-b377-550155544fca",
	"a56064f1-ef93-4579-ae96-be8b73c835cb",
	43,
	1,
	'CheckSDTs::Begin line: 43');
INSERT INTO ACT_IF
	VALUES ("2731a50e-77b8-485d-adbd-3fd0b14f1caa",
	"48cfc1f9-ebf7-41b6-b234-7feb29cae9f0",
	"5310ec05-d51e-4d99-a54f-889bab1f458d",
	"00000000-0000-0000-0000-000000000000",
	"00000000-0000-0000-0000-000000000000");
INSERT INTO ACT_SMT
	VALUES ("886c30ee-7b3d-4fb0-bbc9-e48f118fc3ce",
	"89b4c1d5-077a-4811-b377-550155544fca",
	"00000000-0000-0000-0000-000000000000",
	45,
	1,
	'CheckSDTs::Begin line: 45');
INSERT INTO ACT_E
	VALUES ("886c30ee-7b3d-4fb0-bbc9-e48f118fc3ce",
	"6dd11935-e078-4862-91e4-6dc6bf441f10",
	"2731a50e-77b8-485d-adbd-3fd0b14f1caa");
INSERT INTO ACT_SMT
	VALUES ("a56064f1-ef93-4579-ae96-be8b73c835cb",
	"89b4c1d5-077a-4811-b377-550155544fca",
	"9e03bd77-5ba9-41e0-8d8a-773cff2a5331",
	49,
	1,
	'CheckSDTs::Begin line: 49');
INSERT INTO ACT_IF
	VALUES ("a56064f1-ef93-4579-ae96-be8b73c835cb",
	"4590c0d4-0a42-4ef2-9a42-cf0a350eb6a3",
	"a448b7f7-3b68-4acb-9c6f-fe8e1aa245ab",
	"00000000-0000-0000-0000-000000000000",
	"00000000-0000-0000-0000-000000000000");
INSERT INTO ACT_SMT
	VALUES ("81fe738a-f4bf-4d32-b434-163a0b949c2b",
	"89b4c1d5-077a-4811-b377-550155544fca",
	"00000000-0000-0000-0000-000000000000",
	51,
	1,
	'CheckSDTs::Begin line: 51');
INSERT INTO ACT_E
	VALUES ("81fe738a-f4bf-4d32-b434-163a0b949c2b",
	"770f25ee-1e30-47ea-bff8-fedc34538a70",
	"a56064f1-ef93-4579-ae96-be8b73c835cb");
INSERT INTO ACT_SMT
	VALUES ("9e03bd77-5ba9-41e0-8d8a-773cff2a5331",
	"89b4c1d5-077a-4811-b377-550155544fca",
	"89dea0ba-9c7d-41be-9dfa-a97b39de016f",
	55,
	1,
	'CheckSDTs::Begin line: 55');
INSERT INTO ACT_IF
	VALUES ("9e03bd77-5ba9-41e0-8d8a-773cff2a5331",
	"69b73949-6caf-4855-92b0-8422ac6dc193",
	"f6c0814f-55aa-419e-859a-e3d07909848b",
	"00000000-0000-0000-0000-000000000000",
	"00000000-0000-0000-0000-000000000000");
INSERT INTO ACT_SMT
	VALUES ("359b05ed-c1ee-4997-919b-341361a2392c",
	"89b4c1d5-077a-4811-b377-550155544fca",
	"00000000-0000-0000-0000-000000000000",
	57,
	1,
	'CheckSDTs::Begin line: 57');
INSERT INTO ACT_E
	VALUES ("359b05ed-c1ee-4997-919b-341361a2392c",
	"68941b39-39f6-4c98-8543-44b15e86ae2e",
	"9e03bd77-5ba9-41e0-8d8a-773cff2a5331");
INSERT INTO ACT_SMT
	VALUES ("89dea0ba-9c7d-41be-9dfa-a97b39de016f",
	"89b4c1d5-077a-4811-b377-550155544fca",
	"8662d455-f976-4319-bcb8-95969d330cd1",
	61,
	1,
	'CheckSDTs::Begin line: 61');
INSERT INTO ACT_IF
	VALUES ("89dea0ba-9c7d-41be-9dfa-a97b39de016f",
	"bbb447f2-6a59-4152-a35c-4f3aee27a463",
	"e570dc7c-0836-4c9f-9832-2b32dc614385",
	"00000000-0000-0000-0000-000000000000",
	"00000000-0000-0000-0000-000000000000");
INSERT INTO ACT_SMT
	VALUES ("3544d9b6-190a-443c-b7eb-321f2ce57530",
	"89b4c1d5-077a-4811-b377-550155544fca",
	"00000000-0000-0000-0000-000000000000",
	63,
	1,
	'CheckSDTs::Begin line: 63');
INSERT INTO ACT_E
	VALUES ("3544d9b6-190a-443c-b7eb-321f2ce57530",
	"847c8763-0653-4d7e-9bea-1b110043cbba",
	"89dea0ba-9c7d-41be-9dfa-a97b39de016f");
INSERT INTO ACT_SMT
	VALUES ("8662d455-f976-4319-bcb8-95969d330cd1",
	"89b4c1d5-077a-4811-b377-550155544fca",
	"8e179f0f-54be-42f8-ac43-79b8539969c8",
	69,
	1,
	'CheckSDTs::Begin line: 69');
INSERT INTO ACT_IF
	VALUES ("8662d455-f976-4319-bcb8-95969d330cd1",
	"9f248117-ecfd-458b-820a-68643540bc72",
	"db46d8f9-ba5c-4ed5-9c55-45b43b9cf6da",
	"00000000-0000-0000-0000-000000000000",
	"00000000-0000-0000-0000-000000000000");
INSERT INTO ACT_SMT
	VALUES ("4bbb8a80-9cd5-4536-97af-38afc5347c96",
	"89b4c1d5-077a-4811-b377-550155544fca",
	"00000000-0000-0000-0000-000000000000",
	72,
	1,
	'CheckSDTs::Begin line: 72');
INSERT INTO ACT_E
	VALUES ("4bbb8a80-9cd5-4536-97af-38afc5347c96",
	"ff72b40d-2998-4779-8615-6060a2ee6726",
	"8662d455-f976-4319-bcb8-95969d330cd1");
INSERT INTO ACT_SMT
	VALUES ("8e179f0f-54be-42f8-ac43-79b8539969c8",
	"89b4c1d5-077a-4811-b377-550155544fca",
	"a957e95f-37fd-44cc-803c-9e9900c14f82",
	76,
	1,
	'CheckSDTs::Begin line: 76');
INSERT INTO ACT_IF
	VALUES ("8e179f0f-54be-42f8-ac43-79b8539969c8",
	"f3eb6346-3cea-4371-974b-a37045ebe2fd",
	"e4c19084-0350-4f1f-a88e-5b26c47c422d",
	"00000000-0000-0000-0000-000000000000",
	"00000000-0000-0000-0000-000000000000");
INSERT INTO ACT_SMT
	VALUES ("f4038f1b-f41a-44b5-80a9-13a944b6c091",
	"89b4c1d5-077a-4811-b377-550155544fca",
	"00000000-0000-0000-0000-000000000000",
	79,
	1,
	'CheckSDTs::Begin line: 79');
INSERT INTO ACT_E
	VALUES ("f4038f1b-f41a-44b5-80a9-13a944b6c091",
	"eee62969-bca9-47dd-8e15-5d639d9764db",
	"8e179f0f-54be-42f8-ac43-79b8539969c8");
INSERT INTO ACT_SMT
	VALUES ("a957e95f-37fd-44cc-803c-9e9900c14f82",
	"89b4c1d5-077a-4811-b377-550155544fca",
	"0ecee48b-537d-49c9-9161-b9ee5a738fe5",
	83,
	1,
	'CheckSDTs::Begin line: 83');
INSERT INTO ACT_IF
	VALUES ("a957e95f-37fd-44cc-803c-9e9900c14f82",
	"814915ab-0f0c-4faa-aebe-f13ff335f97c",
	"392a68f7-17b1-4f40-a759-9d216f992302",
	"00000000-0000-0000-0000-000000000000",
	"00000000-0000-0000-0000-000000000000");
INSERT INTO ACT_SMT
	VALUES ("e3acb812-aeb6-4fca-a060-b4cb017f7156",
	"89b4c1d5-077a-4811-b377-550155544fca",
	"00000000-0000-0000-0000-000000000000",
	86,
	1,
	'CheckSDTs::Begin line: 86');
INSERT INTO ACT_E
	VALUES ("e3acb812-aeb6-4fca-a060-b4cb017f7156",
	"204a32bf-634b-40cc-8086-1de72e3f8104",
	"a957e95f-37fd-44cc-803c-9e9900c14f82");
INSERT INTO ACT_SMT
	VALUES ("0ecee48b-537d-49c9-9161-b9ee5a738fe5",
	"89b4c1d5-077a-4811-b377-550155544fca",
	"b6906118-080d-4c2f-85c7-1f2ad09efe07",
	90,
	1,
	'CheckSDTs::Begin line: 90');
INSERT INTO ACT_IF
	VALUES ("0ecee48b-537d-49c9-9161-b9ee5a738fe5",
	"303f5f18-5bab-465d-b1d5-04ac431a4aa7",
	"5e489f72-75dc-4435-8521-35246e0d29ee",
	"00000000-0000-0000-0000-000000000000",
	"00000000-0000-0000-0000-000000000000");
INSERT INTO ACT_SMT
	VALUES ("f372e539-c7b8-490b-aaaf-6634913ca6df",
	"89b4c1d5-077a-4811-b377-550155544fca",
	"00000000-0000-0000-0000-000000000000",
	93,
	1,
	'CheckSDTs::Begin line: 93');
INSERT INTO ACT_E
	VALUES ("f372e539-c7b8-490b-aaaf-6634913ca6df",
	"7e0140db-930c-4890-85bf-3f0eab7a6c2d",
	"0ecee48b-537d-49c9-9161-b9ee5a738fe5");
INSERT INTO ACT_SMT
	VALUES ("b6906118-080d-4c2f-85c7-1f2ad09efe07",
	"89b4c1d5-077a-4811-b377-550155544fca",
	"d4f7e775-61d4-4f05-8e87-30307d3f425f",
	97,
	1,
	'CheckSDTs::Begin line: 97');
INSERT INTO ACT_IF
	VALUES ("b6906118-080d-4c2f-85c7-1f2ad09efe07",
	"7cb25b1f-d25b-4f5b-a175-3331f8361c15",
	"2e43373e-22e9-4c9d-ab3d-50e5589f7c9e",
	"00000000-0000-0000-0000-000000000000",
	"00000000-0000-0000-0000-000000000000");
INSERT INTO ACT_SMT
	VALUES ("78d2fc50-f1e7-4a16-b446-6d6f087a51f5",
	"89b4c1d5-077a-4811-b377-550155544fca",
	"00000000-0000-0000-0000-000000000000",
	100,
	1,
	'CheckSDTs::Begin line: 100');
INSERT INTO ACT_E
	VALUES ("78d2fc50-f1e7-4a16-b446-6d6f087a51f5",
	"9cd4f505-7599-443e-bd81-6bdba6913989",
	"b6906118-080d-4c2f-85c7-1f2ad09efe07");
INSERT INTO ACT_SMT
	VALUES ("d4f7e775-61d4-4f05-8e87-30307d3f425f",
	"89b4c1d5-077a-4811-b377-550155544fca",
	"bd0df977-3d36-4d12-a593-12d1f3c1dbaa",
	104,
	1,
	'CheckSDTs::Begin line: 104');
INSERT INTO ACT_IF
	VALUES ("d4f7e775-61d4-4f05-8e87-30307d3f425f",
	"9e9f3234-234c-42df-9e96-8559db1318e4",
	"167a69a4-6ed5-4296-b63a-7c0af1d1c56b",
	"00000000-0000-0000-0000-000000000000",
	"00000000-0000-0000-0000-000000000000");
INSERT INTO ACT_SMT
	VALUES ("92cdf58e-ed14-4217-8106-3ff02bb35c10",
	"89b4c1d5-077a-4811-b377-550155544fca",
	"00000000-0000-0000-0000-000000000000",
	107,
	1,
	'CheckSDTs::Begin line: 107');
INSERT INTO ACT_E
	VALUES ("92cdf58e-ed14-4217-8106-3ff02bb35c10",
	"7fbb82e0-693e-4996-922c-32875c450450",
	"d4f7e775-61d4-4f05-8e87-30307d3f425f");
INSERT INTO ACT_SMT
	VALUES ("bd0df977-3d36-4d12-a593-12d1f3c1dbaa",
	"89b4c1d5-077a-4811-b377-550155544fca",
	"00000000-0000-0000-0000-000000000000",
	114,
	1,
	'CheckSDTs::Begin line: 114');
INSERT INTO E_ESS
	VALUES ("bd0df977-3d36-4d12-a593-12d1f3c1dbaa",
	1,
	0,
	114,
	10,
	114,
	15,
	105,
	52,
	114,
	27,
	0,
	0);
INSERT INTO V_PAR
	VALUES ("ae5c1610-e5ba-4eed-8626-7811e7e6c8b8",
	"bd0df977-3d36-4d12-a593-12d1f3c1dbaa",
	"00000000-0000-0000-0000-000000000000",
	'data',
	"00000000-0000-0000-0000-000000000000",
	114,
	27);
INSERT INTO E_GES
	VALUES ("bd0df977-3d36-4d12-a593-12d1f3c1dbaa");
INSERT INTO E_GSME
	VALUES ("bd0df977-3d36-4d12-a593-12d1f3c1dbaa",
	"dc9ea5bc-e86d-485f-b0c6-e8ea89afff05",
	"285912af-ebed-4679-98e0-35d394150cda");
INSERT INTO E_GEN
	VALUES ("bd0df977-3d36-4d12-a593-12d1f3c1dbaa",
	"8573e5c0-98bf-4593-9198-5f1a4f6805fd");
INSERT INTO V_VAL
	VALUES ("c407ace2-7524-4934-8f70-f87b61a67d7e",
	1,
	0,
	2,
	1,
	4,
	0,
	0,
	0,
	0,
	"00000000-0000-0000-0000-000000000000",
	"89b4c1d5-077a-4811-b377-550155544fca");
INSERT INTO V_IRF
	VALUES ("c407ace2-7524-4934-8f70-f87b61a67d7e",
	"8573e5c0-98bf-4593-9198-5f1a4f6805fd");
INSERT INTO V_VAL
	VALUES ("1d46f6d6-cd7f-4eb5-87e8-b59ff0eebb69",
	0,
	0,
	2,
	12,
	17,
	0,
	0,
	0,
	0,
	"f3b22070-8f46-4382-baa9-be5973b56db4",
	"89b4c1d5-077a-4811-b377-550155544fca");
INSERT INTO V_AVL
	VALUES ("1d46f6d6-cd7f-4eb5-87e8-b59ff0eebb69",
	"c407ace2-7524-4934-8f70-f87b61a67d7e",
	"6d1350c3-a10b-4768-8428-c063129f13a9",
	"81573b5c-fc6c-40c0-8e9e-9bac7e8830bf");
INSERT INTO V_VAL
	VALUES ("3dd0866d-e0f5-4b5b-bcaf-2e119e918232",
	0,
	0,
	2,
	13,
	21,
	0,
	0,
	0,
	0,
	"bb2aad42-e125-4543-bcd6-e4515b678378",
	"89b4c1d5-077a-4811-b377-550155544fca");
INSERT INTO V_MVL
	VALUES ("3dd0866d-e0f5-4b5b-bcaf-2e119e918232",
	"00000000-0000-0000-0000-000000000000",
	"5d275f57-7401-4a94-bebd-f53d58f4fc1e",
	"f3b22070-8f46-4382-baa9-be5973b56db4");
INSERT INTO V_VAL
	VALUES ("82377a8a-c543-4f0b-a2f9-a1d52b42506f",
	0,
	0,
	2,
	25,
	25,
	0,
	0,
	0,
	0,
	"bb2aad42-e125-4543-bcd6-e4515b678378",
	"89b4c1d5-077a-4811-b377-550155544fca");
INSERT INTO V_LIN
	VALUES ("82377a8a-c543-4f0b-a2f9-a1d52b42506f",
	'1');
INSERT INTO V_VAL
	VALUES ("fb2933d5-44c5-4cb9-a4b5-709b48ad4db0",
	1,
	0,
	3,
	1,
	4,
	0,
	0,
	0,
	0,
	"00000000-0000-0000-0000-000000000000",
	"89b4c1d5-077a-4811-b377-550155544fca");
INSERT INTO V_IRF
	VALUES ("fb2933d5-44c5-4cb9-a4b5-709b48ad4db0",
	"8573e5c0-98bf-4593-9198-5f1a4f6805fd");
INSERT INTO V_VAL
	VALUES ("b1559e2d-63d7-4f4f-b216-cf72ce87ea1c",
	0,
	0,
	3,
	12,
	17,
	0,
	0,
	0,
	0,
	"f3b22070-8f46-4382-baa9-be5973b56db4",
	"89b4c1d5-077a-4811-b377-550155544fca");
INSERT INTO V_AVL
	VALUES ("b1559e2d-63d7-4f4f-b216-cf72ce87ea1c",
	"fb2933d5-44c5-4cb9-a4b5-709b48ad4db0",
	"6d1350c3-a10b-4768-8428-c063129f13a9",
	"81573b5c-fc6c-40c0-8e9e-9bac7e8830bf");
INSERT INTO V_VAL
	VALUES ("752f3f8c-29c6-4b7c-bd5a-6c0f2c130cf1",
	0,
	0,
	3,
	13,
	21,
	0,
	0,
	0,
	0,
	"ed855afe-b773-4348-9030-494350c96719",
	"89b4c1d5-077a-4811-b377-550155544fca");
INSERT INTO V_MVL
	VALUES ("752f3f8c-29c6-4b7c-bd5a-6c0f2c130cf1",
	"00000000-0000-0000-0000-000000000000",
	"bc071b7d-9f8c-45b7-81e3-1c67a2ea835d",
	"f3b22070-8f46-4382-baa9-be5973b56db4");
INSERT INTO V_VAL
	VALUES ("c6e376ec-14dd-47e1-a430-17d5f511469b",
	0,
	0,
	-1,
	-1,
	-1,
	0,
	0,
	0,
	0,
	"ed855afe-b773-4348-9030-494350c96719",
	"89b4c1d5-077a-4811-b377-550155544fca");
INSERT INTO V_LBO
	VALUES ("c6e376ec-14dd-47e1-a430-17d5f511469b",
	'TRUE');
INSERT INTO V_VAL
	VALUES ("d5f2a666-a6fb-4293-812d-b06336c69ac4",
	1,
	0,
	4,
	1,
	4,
	0,
	0,
	0,
	0,
	"00000000-0000-0000-0000-000000000000",
	"89b4c1d5-077a-4811-b377-550155544fca");
INSERT INTO V_IRF
	VALUES ("d5f2a666-a6fb-4293-812d-b06336c69ac4",
	"8573e5c0-98bf-4593-9198-5f1a4f6805fd");
INSERT INTO V_VAL
	VALUES ("704a91e4-11c6-454a-9275-1defb8abe1de",
	0,
	0,
	4,
	12,
	17,
	0,
	0,
	0,
	0,
	"f3b22070-8f46-4382-baa9-be5973b56db4",
	"89b4c1d5-077a-4811-b377-550155544fca");
INSERT INTO V_AVL
	VALUES ("704a91e4-11c6-454a-9275-1defb8abe1de",
	"d5f2a666-a6fb-4293-812d-b06336c69ac4",
	"6d1350c3-a10b-4768-8428-c063129f13a9",
	"81573b5c-fc6c-40c0-8e9e-9bac7e8830bf");
INSERT INTO V_VAL
	VALUES ("ebe6ae28-9657-493e-88ba-879f2b448e83",
	0,
	0,
	4,
	13,
	18,
	0,
	0,
	0,
	0,
	"13652848-f535-4373-84cd-5470fe8f20b8",
	"89b4c1d5-077a-4811-b377-550155544fca");
INSERT INTO V_MVL
	VALUES ("ebe6ae28-9657-493e-88ba-879f2b448e83",
	"00000000-0000-0000-0000-000000000000",
	"6a3cbb72-43bb-4370-9658-904420fc70e8",
	"f3b22070-8f46-4382-baa9-be5973b56db4");
INSERT INTO V_VAL
	VALUES ("abe172ca-3eb4-4af2-86f7-0839a9642eb1",
	0,
	0,
	4,
	27,
	-1,
	0,
	0,
	0,
	0,
	"13652848-f535-4373-84cd-5470fe8f20b8",
	"89b4c1d5-077a-4811-b377-550155544fca");
INSERT INTO V_BRV
	VALUES ("abe172ca-3eb4-4af2-86f7-0839a9642eb1",
	"7a681c3d-8b02-491d-b228-e848c5961a73",
	1,
	4,
	22);
INSERT INTO V_VAL
	VALUES ("394df1ef-031e-481d-b8a7-a379a5d7bb69",
	1,
	0,
	5,
	1,
	4,
	0,
	0,
	0,
	0,
	"00000000-0000-0000-0000-000000000000",
	"89b4c1d5-077a-4811-b377-550155544fca");
INSERT INTO V_IRF
	VALUES ("394df1ef-031e-481d-b8a7-a379a5d7bb69",
	"8573e5c0-98bf-4593-9198-5f1a4f6805fd");
INSERT INTO V_VAL
	VALUES ("83f6daea-7ee2-421f-9924-0bdcd5aed239",
	0,
	0,
	5,
	12,
	17,
	0,
	0,
	0,
	0,
	"f3b22070-8f46-4382-baa9-be5973b56db4",
	"89b4c1d5-077a-4811-b377-550155544fca");
INSERT INTO V_AVL
	VALUES ("83f6daea-7ee2-421f-9924-0bdcd5aed239",
	"394df1ef-031e-481d-b8a7-a379a5d7bb69",
	"6d1350c3-a10b-4768-8428-c063129f13a9",
	"81573b5c-fc6c-40c0-8e9e-9bac7e8830bf");
INSERT INTO V_VAL
	VALUES ("c291d694-6721-4be4-8ec3-e1a97ce44bf5",
	0,
	0,
	5,
	13,
	18,
	0,
	0,
	0,
	0,
	"1b4eef3c-5a32-4532-b6ba-6bd1a5ee28ec",
	"89b4c1d5-077a-4811-b377-550155544fca");
INSERT INTO V_MVL
	VALUES ("c291d694-6721-4be4-8ec3-e1a97ce44bf5",
	"00000000-0000-0000-0000-000000000000",
	"c7f5cb51-b6f9-41cb-9922-1d7845743371",
	"f3b22070-8f46-4382-baa9-be5973b56db4");
INSERT INTO V_VAL
	VALUES ("f7fb2157-a2b9-4f77-84cd-df2bcd2a9868",
	0,
	0,
	5,
	22,
	24,
	0,
	0,
	0,
	0,
	"1b4eef3c-5a32-4532-b6ba-6bd1a5ee28ec",
	"89b4c1d5-077a-4811-b377-550155544fca");
INSERT INTO V_LRL
	VALUES ("f7fb2157-a2b9-4f77-84cd-df2bcd2a9868",
	'1.0');
INSERT INTO V_VAL
	VALUES ("c30172c5-6d0b-4b87-ba64-7b7f526ad213",
	1,
	0,
	6,
	1,
	4,
	0,
	0,
	0,
	0,
	"00000000-0000-0000-0000-000000000000",
	"89b4c1d5-077a-4811-b377-550155544fca");
INSERT INTO V_IRF
	VALUES ("c30172c5-6d0b-4b87-ba64-7b7f526ad213",
	"8573e5c0-98bf-4593-9198-5f1a4f6805fd");
INSERT INTO V_VAL
	VALUES ("206ca64a-22b8-48f5-92ce-88c242c7b981",
	0,
	0,
	6,
	12,
	17,
	0,
	0,
	0,
	0,
	"f3b22070-8f46-4382-baa9-be5973b56db4",
	"89b4c1d5-077a-4811-b377-550155544fca");
INSERT INTO V_AVL
	VALUES ("206ca64a-22b8-48f5-92ce-88c242c7b981",
	"c30172c5-6d0b-4b87-ba64-7b7f526ad213",
	"6d1350c3-a10b-4768-8428-c063129f13a9",
	"81573b5c-fc6c-40c0-8e9e-9bac7e8830bf");
INSERT INTO V_VAL
	VALUES ("08205118-a858-417f-82ae-9115bbaa2002",
	0,
	0,
	6,
	13,
	20,
	0,
	0,
	0,
	0,
	"fc579625-527e-4796-9485-440b72c36cdf",
	"89b4c1d5-077a-4811-b377-550155544fca");
INSERT INTO V_MVL
	VALUES ("08205118-a858-417f-82ae-9115bbaa2002",
	"00000000-0000-0000-0000-000000000000",
	"e8aeb5a8-8e14-42e6-afe4-e4557db47146",
	"f3b22070-8f46-4382-baa9-be5973b56db4");
INSERT INTO V_VAL
	VALUES ("d0834c75-63f1-477b-aca8-c5a61464f08b",
	0,
	0,
	6,
	24,
	30,
	0,
	0,
	0,
	0,
	"fc579625-527e-4796-9485-440b72c36cdf",
	"89b4c1d5-077a-4811-b377-550155544fca");
INSERT INTO V_LST
	VALUES ("d0834c75-63f1-477b-aca8-c5a61464f08b",
	'myData');
INSERT INTO V_VAL
	VALUES ("219fcaa2-bb3d-4f4f-88a6-cf6c58cd536a",
	1,
	0,
	7,
	1,
	4,
	0,
	0,
	0,
	0,
	"00000000-0000-0000-0000-000000000000",
	"89b4c1d5-077a-4811-b377-550155544fca");
INSERT INTO V_IRF
	VALUES ("219fcaa2-bb3d-4f4f-88a6-cf6c58cd536a",
	"8573e5c0-98bf-4593-9198-5f1a4f6805fd");
INSERT INTO V_VAL
	VALUES ("d9f81a8e-b4cb-4096-96c7-bce3e8cabc0b",
	0,
	0,
	7,
	12,
	17,
	0,
	0,
	0,
	0,
	"f3b22070-8f46-4382-baa9-be5973b56db4",
	"89b4c1d5-077a-4811-b377-550155544fca");
INSERT INTO V_AVL
	VALUES ("d9f81a8e-b4cb-4096-96c7-bce3e8cabc0b",
	"219fcaa2-bb3d-4f4f-88a6-cf6c58cd536a",
	"6d1350c3-a10b-4768-8428-c063129f13a9",
	"81573b5c-fc6c-40c0-8e9e-9bac7e8830bf");
INSERT INTO V_VAL
	VALUES ("8d43cac5-9fe9-406e-bdd2-61b93dd4d238",
	0,
	0,
	7,
	13,
	23,
	0,
	0,
	0,
	0,
	"f110c26b-e74a-47a6-bd78-09e2355d90d6",
	"89b4c1d5-077a-4811-b377-550155544fca");
INSERT INTO V_MVL
	VALUES ("8d43cac5-9fe9-406e-bdd2-61b93dd4d238",
	"00000000-0000-0000-0000-000000000000",
	"699c58b9-d2b0-4927-9ac2-ca82d8bbfcbb",
	"f3b22070-8f46-4382-baa9-be5973b56db4");
INSERT INTO V_VAL
	VALUES ("139fc523-46ad-4cf0-85a4-3c9dd3518a1c",
	0,
	0,
	7,
	32,
	-1,
	0,
	0,
	0,
	0,
	"f110c26b-e74a-47a6-bd78-09e2355d90d6",
	"89b4c1d5-077a-4811-b377-550155544fca");
INSERT INTO V_BRV
	VALUES ("139fc523-46ad-4cf0-85a4-3c9dd3518a1c",
	"76527422-354b-48ac-a584-53385ab85341",
	1,
	7,
	27);
INSERT INTO V_VAL
	VALUES ("85011196-d55b-4fc4-84d0-c376b91ae1bc",
	1,
	0,
	8,
	1,
	4,
	0,
	0,
	0,
	0,
	"00000000-0000-0000-0000-000000000000",
	"89b4c1d5-077a-4811-b377-550155544fca");
INSERT INTO V_IRF
	VALUES ("85011196-d55b-4fc4-84d0-c376b91ae1bc",
	"8573e5c0-98bf-4593-9198-5f1a4f6805fd");
INSERT INTO V_VAL
	VALUES ("66ee00bf-09d3-46b8-aff2-494e3f875fdb",
	0,
	0,
	8,
	12,
	17,
	0,
	0,
	0,
	0,
	"f3b22070-8f46-4382-baa9-be5973b56db4",
	"89b4c1d5-077a-4811-b377-550155544fca");
INSERT INTO V_AVL
	VALUES ("66ee00bf-09d3-46b8-aff2-494e3f875fdb",
	"85011196-d55b-4fc4-84d0-c376b91ae1bc",
	"6d1350c3-a10b-4768-8428-c063129f13a9",
	"81573b5c-fc6c-40c0-8e9e-9bac7e8830bf");
INSERT INTO V_VAL
	VALUES ("1156efd2-6c20-45bf-bb2d-4c75fd75b810",
	0,
	0,
	8,
	28,
	42,
	0,
	0,
	0,
	0,
	"f3b22070-8f46-4382-baa9-be5973b56db4",
	"89b4c1d5-077a-4811-b377-550155544fca");
INSERT INTO V_MVL
	VALUES ("1156efd2-6c20-45bf-bb2d-4c75fd75b810",
	"00000000-0000-0000-0000-000000000000",
	"536b6d0a-3f23-49ae-977a-d8c2589f1cfe",
	"f3b22070-8f46-4382-baa9-be5973b56db4");
INSERT INTO V_VAL
	VALUES ("93db2067-c2dc-4e07-a782-2ee0ece684d2",
	0,
	0,
	8,
	29,
	37,
	0,
	0,
	0,
	0,
	"bb2aad42-e125-4543-bcd6-e4515b678378",
	"89b4c1d5-077a-4811-b377-550155544fca");
INSERT INTO V_MVL
	VALUES ("93db2067-c2dc-4e07-a782-2ee0ece684d2",
	"1156efd2-6c20-45bf-bb2d-4c75fd75b810",
	"5d275f57-7401-4a94-bebd-f53d58f4fc1e",
	"f3b22070-8f46-4382-baa9-be5973b56db4");
INSERT INTO V_VAL
	VALUES ("85a2ac36-5d25-4da6-8e62-c3a9d5721dec",
	0,
	0,
	8,
	41,
	44,
	0,
	0,
	0,
	0,
	"00000000-0000-0000-0000-000000000000",
	"89b4c1d5-077a-4811-b377-550155544fca");
INSERT INTO V_IRF
	VALUES ("85a2ac36-5d25-4da6-8e62-c3a9d5721dec",
	"8573e5c0-98bf-4593-9198-5f1a4f6805fd");
INSERT INTO V_VAL
	VALUES ("e2096594-9df4-49cf-8f25-48401b6810e2",
	0,
	0,
	8,
	52,
	57,
	0,
	0,
	0,
	0,
	"f3b22070-8f46-4382-baa9-be5973b56db4",
	"89b4c1d5-077a-4811-b377-550155544fca");
INSERT INTO V_AVL
	VALUES ("e2096594-9df4-49cf-8f25-48401b6810e2",
	"85a2ac36-5d25-4da6-8e62-c3a9d5721dec",
	"6d1350c3-a10b-4768-8428-c063129f13a9",
	"81573b5c-fc6c-40c0-8e9e-9bac7e8830bf");
INSERT INTO V_VAL
	VALUES ("53559c74-09d8-4556-ae3e-dfe24dfa7c7c",
	0,
	0,
	8,
	53,
	61,
	0,
	0,
	0,
	0,
	"bb2aad42-e125-4543-bcd6-e4515b678378",
	"89b4c1d5-077a-4811-b377-550155544fca");
INSERT INTO V_MVL
	VALUES ("53559c74-09d8-4556-ae3e-dfe24dfa7c7c",
	"00000000-0000-0000-0000-000000000000",
	"5d275f57-7401-4a94-bebd-f53d58f4fc1e",
	"f3b22070-8f46-4382-baa9-be5973b56db4");
INSERT INTO V_VAL
	VALUES ("d1992c50-d203-4fe3-811e-c12000056b1b",
	1,
	0,
	9,
	1,
	4,
	0,
	0,
	0,
	0,
	"00000000-0000-0000-0000-000000000000",
	"89b4c1d5-077a-4811-b377-550155544fca");
INSERT INTO V_IRF
	VALUES ("d1992c50-d203-4fe3-811e-c12000056b1b",
	"8573e5c0-98bf-4593-9198-5f1a4f6805fd");
INSERT INTO V_VAL
	VALUES ("802797c5-6c6a-4d36-be4f-98d6add48afd",
	0,
	0,
	9,
	12,
	17,
	0,
	0,
	0,
	0,
	"f3b22070-8f46-4382-baa9-be5973b56db4",
	"89b4c1d5-077a-4811-b377-550155544fca");
INSERT INTO V_AVL
	VALUES ("802797c5-6c6a-4d36-be4f-98d6add48afd",
	"d1992c50-d203-4fe3-811e-c12000056b1b",
	"6d1350c3-a10b-4768-8428-c063129f13a9",
	"81573b5c-fc6c-40c0-8e9e-9bac7e8830bf");
INSERT INTO V_VAL
	VALUES ("0bb15368-08b5-46f5-bcec-cd121bd4e688",
	0,
	0,
	9,
	28,
	42,
	0,
	0,
	0,
	0,
	"f3b22070-8f46-4382-baa9-be5973b56db4",
	"89b4c1d5-077a-4811-b377-550155544fca");
INSERT INTO V_MVL
	VALUES ("0bb15368-08b5-46f5-bcec-cd121bd4e688",
	"00000000-0000-0000-0000-000000000000",
	"536b6d0a-3f23-49ae-977a-d8c2589f1cfe",
	"f3b22070-8f46-4382-baa9-be5973b56db4");
INSERT INTO V_VAL
	VALUES ("adfad601-6279-43bf-a3e0-a0cc66b6692c",
	0,
	0,
	9,
	29,
	37,
	0,
	0,
	0,
	0,
	"ed855afe-b773-4348-9030-494350c96719",
	"89b4c1d5-077a-4811-b377-550155544fca");
INSERT INTO V_MVL
	VALUES ("adfad601-6279-43bf-a3e0-a0cc66b6692c",
	"0bb15368-08b5-46f5-bcec-cd121bd4e688",
	"bc071b7d-9f8c-45b7-81e3-1c67a2ea835d",
	"f3b22070-8f46-4382-baa9-be5973b56db4");
INSERT INTO V_VAL
	VALUES ("14cf9e36-4058-4391-b8e9-85e3a03dc7de",
	0,
	0,
	9,
	41,
	44,
	0,
	0,
	0,
	0,
	"00000000-0000-0000-0000-000000000000",
	"89b4c1d5-077a-4811-b377-550155544fca");
INSERT INTO V_IRF
	VALUES ("14cf9e36-4058-4391-b8e9-85e3a03dc7de",
	"8573e5c0-98bf-4593-9198-5f1a4f6805fd");
INSERT INTO V_VAL
	VALUES ("1c752033-0b10-47b2-a2c0-eea18cffd267",
	0,
	0,
	9,
	52,
	57,
	0,
	0,
	0,
	0,
	"f3b22070-8f46-4382-baa9-be5973b56db4",
	"89b4c1d5-077a-4811-b377-550155544fca");
INSERT INTO V_AVL
	VALUES ("1c752033-0b10-47b2-a2c0-eea18cffd267",
	"14cf9e36-4058-4391-b8e9-85e3a03dc7de",
	"6d1350c3-a10b-4768-8428-c063129f13a9",
	"81573b5c-fc6c-40c0-8e9e-9bac7e8830bf");
INSERT INTO V_VAL
	VALUES ("f4e8ac14-6337-47a2-8836-710264dde901",
	0,
	0,
	9,
	53,
	61,
	0,
	0,
	0,
	0,
	"ed855afe-b773-4348-9030-494350c96719",
	"89b4c1d5-077a-4811-b377-550155544fca");
INSERT INTO V_MVL
	VALUES ("f4e8ac14-6337-47a2-8836-710264dde901",
	"00000000-0000-0000-0000-000000000000",
	"bc071b7d-9f8c-45b7-81e3-1c67a2ea835d",
	"f3b22070-8f46-4382-baa9-be5973b56db4");
INSERT INTO V_VAL
	VALUES ("a4a60d2e-6cae-4b42-95c6-f2b25912eb30",
	1,
	0,
	10,
	1,
	4,
	0,
	0,
	0,
	0,
	"00000000-0000-0000-0000-000000000000",
	"89b4c1d5-077a-4811-b377-550155544fca");
INSERT INTO V_IRF
	VALUES ("a4a60d2e-6cae-4b42-95c6-f2b25912eb30",
	"8573e5c0-98bf-4593-9198-5f1a4f6805fd");
INSERT INTO V_VAL
	VALUES ("c886bcd9-323c-4312-be33-db1caecb7705",
	0,
	0,
	10,
	12,
	17,
	0,
	0,
	0,
	0,
	"f3b22070-8f46-4382-baa9-be5973b56db4",
	"89b4c1d5-077a-4811-b377-550155544fca");
INSERT INTO V_AVL
	VALUES ("c886bcd9-323c-4312-be33-db1caecb7705",
	"a4a60d2e-6cae-4b42-95c6-f2b25912eb30",
	"6d1350c3-a10b-4768-8428-c063129f13a9",
	"81573b5c-fc6c-40c0-8e9e-9bac7e8830bf");
INSERT INTO V_VAL
	VALUES ("4ecb407b-892c-4ed4-9b49-ebe9ff7b8d96",
	0,
	0,
	10,
	28,
	42,
	0,
	0,
	0,
	0,
	"f3b22070-8f46-4382-baa9-be5973b56db4",
	"89b4c1d5-077a-4811-b377-550155544fca");
INSERT INTO V_MVL
	VALUES ("4ecb407b-892c-4ed4-9b49-ebe9ff7b8d96",
	"00000000-0000-0000-0000-000000000000",
	"536b6d0a-3f23-49ae-977a-d8c2589f1cfe",
	"f3b22070-8f46-4382-baa9-be5973b56db4");
INSERT INTO V_VAL
	VALUES ("e7f9e78b-a0ff-435a-9741-2c72233c6341",
	0,
	0,
	10,
	29,
	34,
	0,
	0,
	0,
	0,
	"13652848-f535-4373-84cd-5470fe8f20b8",
	"89b4c1d5-077a-4811-b377-550155544fca");
INSERT INTO V_MVL
	VALUES ("e7f9e78b-a0ff-435a-9741-2c72233c6341",
	"4ecb407b-892c-4ed4-9b49-ebe9ff7b8d96",
	"6a3cbb72-43bb-4370-9658-904420fc70e8",
	"f3b22070-8f46-4382-baa9-be5973b56db4");
INSERT INTO V_VAL
	VALUES ("f70c8a7d-6230-4473-b156-cc4dd0609bde",
	0,
	0,
	10,
	38,
	41,
	0,
	0,
	0,
	0,
	"00000000-0000-0000-0000-000000000000",
	"89b4c1d5-077a-4811-b377-550155544fca");
INSERT INTO V_IRF
	VALUES ("f70c8a7d-6230-4473-b156-cc4dd0609bde",
	"8573e5c0-98bf-4593-9198-5f1a4f6805fd");
INSERT INTO V_VAL
	VALUES ("76fb7de0-97eb-4233-b870-fe8bc86d61f5",
	0,
	0,
	10,
	49,
	54,
	0,
	0,
	0,
	0,
	"f3b22070-8f46-4382-baa9-be5973b56db4",
	"89b4c1d5-077a-4811-b377-550155544fca");
INSERT INTO V_AVL
	VALUES ("76fb7de0-97eb-4233-b870-fe8bc86d61f5",
	"f70c8a7d-6230-4473-b156-cc4dd0609bde",
	"6d1350c3-a10b-4768-8428-c063129f13a9",
	"81573b5c-fc6c-40c0-8e9e-9bac7e8830bf");
INSERT INTO V_VAL
	VALUES ("c69f6295-aab8-4a0e-8322-30812e7b3a40",
	0,
	0,
	10,
	50,
	55,
	0,
	0,
	0,
	0,
	"13652848-f535-4373-84cd-5470fe8f20b8",
	"89b4c1d5-077a-4811-b377-550155544fca");
INSERT INTO V_MVL
	VALUES ("c69f6295-aab8-4a0e-8322-30812e7b3a40",
	"00000000-0000-0000-0000-000000000000",
	"6a3cbb72-43bb-4370-9658-904420fc70e8",
	"f3b22070-8f46-4382-baa9-be5973b56db4");
INSERT INTO V_VAL
	VALUES ("4fa0fbc6-aef6-482c-871c-517e7dd5c768",
	1,
	0,
	11,
	1,
	4,
	0,
	0,
	0,
	0,
	"00000000-0000-0000-0000-000000000000",
	"89b4c1d5-077a-4811-b377-550155544fca");
INSERT INTO V_IRF
	VALUES ("4fa0fbc6-aef6-482c-871c-517e7dd5c768",
	"8573e5c0-98bf-4593-9198-5f1a4f6805fd");
INSERT INTO V_VAL
	VALUES ("b91bde9c-1173-487e-8349-7cf220c81973",
	0,
	0,
	11,
	12,
	17,
	0,
	0,
	0,
	0,
	"f3b22070-8f46-4382-baa9-be5973b56db4",
	"89b4c1d5-077a-4811-b377-550155544fca");
INSERT INTO V_AVL
	VALUES ("b91bde9c-1173-487e-8349-7cf220c81973",
	"4fa0fbc6-aef6-482c-871c-517e7dd5c768",
	"6d1350c3-a10b-4768-8428-c063129f13a9",
	"81573b5c-fc6c-40c0-8e9e-9bac7e8830bf");
INSERT INTO V_VAL
	VALUES ("6bf34f8a-9292-4c94-a78b-fb1d76f4c2ee",
	0,
	0,
	11,
	28,
	42,
	0,
	0,
	0,
	0,
	"f3b22070-8f46-4382-baa9-be5973b56db4",
	"89b4c1d5-077a-4811-b377-550155544fca");
INSERT INTO V_MVL
	VALUES ("6bf34f8a-9292-4c94-a78b-fb1d76f4c2ee",
	"00000000-0000-0000-0000-000000000000",
	"536b6d0a-3f23-49ae-977a-d8c2589f1cfe",
	"f3b22070-8f46-4382-baa9-be5973b56db4");
INSERT INTO V_VAL
	VALUES ("924a1492-1346-40a8-b0a5-97e5c92ae3fc",
	0,
	0,
	11,
	29,
	34,
	0,
	0,
	0,
	0,
	"1b4eef3c-5a32-4532-b6ba-6bd1a5ee28ec",
	"89b4c1d5-077a-4811-b377-550155544fca");
INSERT INTO V_MVL
	VALUES ("924a1492-1346-40a8-b0a5-97e5c92ae3fc",
	"6bf34f8a-9292-4c94-a78b-fb1d76f4c2ee",
	"c7f5cb51-b6f9-41cb-9922-1d7845743371",
	"f3b22070-8f46-4382-baa9-be5973b56db4");
INSERT INTO V_VAL
	VALUES ("91801fc7-a134-4a15-812a-751638a9986d",
	0,
	0,
	11,
	38,
	41,
	0,
	0,
	0,
	0,
	"00000000-0000-0000-0000-000000000000",
	"89b4c1d5-077a-4811-b377-550155544fca");
INSERT INTO V_IRF
	VALUES ("91801fc7-a134-4a15-812a-751638a9986d",
	"8573e5c0-98bf-4593-9198-5f1a4f6805fd");
INSERT INTO V_VAL
	VALUES ("397b578c-da04-4955-a033-54c3eb1c8ab7",
	0,
	0,
	11,
	49,
	54,
	0,
	0,
	0,
	0,
	"f3b22070-8f46-4382-baa9-be5973b56db4",
	"89b4c1d5-077a-4811-b377-550155544fca");
INSERT INTO V_AVL
	VALUES ("397b578c-da04-4955-a033-54c3eb1c8ab7",
	"91801fc7-a134-4a15-812a-751638a9986d",
	"6d1350c3-a10b-4768-8428-c063129f13a9",
	"81573b5c-fc6c-40c0-8e9e-9bac7e8830bf");
INSERT INTO V_VAL
	VALUES ("25d34943-29b2-4e13-8def-eab2ed3d5f2e",
	0,
	0,
	11,
	50,
	55,
	0,
	0,
	0,
	0,
	"1b4eef3c-5a32-4532-b6ba-6bd1a5ee28ec",
	"89b4c1d5-077a-4811-b377-550155544fca");
INSERT INTO V_MVL
	VALUES ("25d34943-29b2-4e13-8def-eab2ed3d5f2e",
	"00000000-0000-0000-0000-000000000000",
	"c7f5cb51-b6f9-41cb-9922-1d7845743371",
	"f3b22070-8f46-4382-baa9-be5973b56db4");
INSERT INTO V_VAL
	VALUES ("3c0145fe-5178-46ca-8379-72ea3ddaf496",
	1,
	0,
	12,
	1,
	4,
	0,
	0,
	0,
	0,
	"00000000-0000-0000-0000-000000000000",
	"89b4c1d5-077a-4811-b377-550155544fca");
INSERT INTO V_IRF
	VALUES ("3c0145fe-5178-46ca-8379-72ea3ddaf496",
	"8573e5c0-98bf-4593-9198-5f1a4f6805fd");
INSERT INTO V_VAL
	VALUES ("ee418851-27a7-45b7-8322-f5706fe677e1",
	0,
	0,
	12,
	12,
	17,
	0,
	0,
	0,
	0,
	"f3b22070-8f46-4382-baa9-be5973b56db4",
	"89b4c1d5-077a-4811-b377-550155544fca");
INSERT INTO V_AVL
	VALUES ("ee418851-27a7-45b7-8322-f5706fe677e1",
	"3c0145fe-5178-46ca-8379-72ea3ddaf496",
	"6d1350c3-a10b-4768-8428-c063129f13a9",
	"81573b5c-fc6c-40c0-8e9e-9bac7e8830bf");
INSERT INTO V_VAL
	VALUES ("5e298a98-e43f-40c7-aed0-2d7108c10cff",
	0,
	0,
	12,
	28,
	42,
	0,
	0,
	0,
	0,
	"f3b22070-8f46-4382-baa9-be5973b56db4",
	"89b4c1d5-077a-4811-b377-550155544fca");
INSERT INTO V_MVL
	VALUES ("5e298a98-e43f-40c7-aed0-2d7108c10cff",
	"00000000-0000-0000-0000-000000000000",
	"536b6d0a-3f23-49ae-977a-d8c2589f1cfe",
	"f3b22070-8f46-4382-baa9-be5973b56db4");
INSERT INTO V_VAL
	VALUES ("88d342c5-71c0-45c0-8fae-54046138ac50",
	0,
	0,
	12,
	29,
	36,
	0,
	0,
	0,
	0,
	"fc579625-527e-4796-9485-440b72c36cdf",
	"89b4c1d5-077a-4811-b377-550155544fca");
INSERT INTO V_MVL
	VALUES ("88d342c5-71c0-45c0-8fae-54046138ac50",
	"5e298a98-e43f-40c7-aed0-2d7108c10cff",
	"e8aeb5a8-8e14-42e6-afe4-e4557db47146",
	"f3b22070-8f46-4382-baa9-be5973b56db4");
INSERT INTO V_VAL
	VALUES ("199f847d-85ef-4c5f-bb58-ac6e78950a30",
	0,
	0,
	12,
	40,
	43,
	0,
	0,
	0,
	0,
	"00000000-0000-0000-0000-000000000000",
	"89b4c1d5-077a-4811-b377-550155544fca");
INSERT INTO V_IRF
	VALUES ("199f847d-85ef-4c5f-bb58-ac6e78950a30",
	"8573e5c0-98bf-4593-9198-5f1a4f6805fd");
INSERT INTO V_VAL
	VALUES ("1422cb19-674c-45e9-aef0-a587983554fa",
	0,
	0,
	12,
	51,
	56,
	0,
	0,
	0,
	0,
	"f3b22070-8f46-4382-baa9-be5973b56db4",
	"89b4c1d5-077a-4811-b377-550155544fca");
INSERT INTO V_AVL
	VALUES ("1422cb19-674c-45e9-aef0-a587983554fa",
	"199f847d-85ef-4c5f-bb58-ac6e78950a30",
	"6d1350c3-a10b-4768-8428-c063129f13a9",
	"81573b5c-fc6c-40c0-8e9e-9bac7e8830bf");
INSERT INTO V_VAL
	VALUES ("cda7aa86-68b4-4fa2-906a-6ad30499364d",
	0,
	0,
	12,
	52,
	59,
	0,
	0,
	0,
	0,
	"fc579625-527e-4796-9485-440b72c36cdf",
	"89b4c1d5-077a-4811-b377-550155544fca");
INSERT INTO V_MVL
	VALUES ("cda7aa86-68b4-4fa2-906a-6ad30499364d",
	"00000000-0000-0000-0000-000000000000",
	"e8aeb5a8-8e14-42e6-afe4-e4557db47146",
	"f3b22070-8f46-4382-baa9-be5973b56db4");
INSERT INTO V_VAL
	VALUES ("8ea161a7-0c3b-41ad-9b25-7125b9adfb3c",
	1,
	0,
	13,
	1,
	4,
	0,
	0,
	0,
	0,
	"00000000-0000-0000-0000-000000000000",
	"89b4c1d5-077a-4811-b377-550155544fca");
INSERT INTO V_IRF
	VALUES ("8ea161a7-0c3b-41ad-9b25-7125b9adfb3c",
	"8573e5c0-98bf-4593-9198-5f1a4f6805fd");
INSERT INTO V_VAL
	VALUES ("0e915715-4bcd-42d7-97b6-f204911d453a",
	0,
	0,
	13,
	12,
	17,
	0,
	0,
	0,
	0,
	"f3b22070-8f46-4382-baa9-be5973b56db4",
	"89b4c1d5-077a-4811-b377-550155544fca");
INSERT INTO V_AVL
	VALUES ("0e915715-4bcd-42d7-97b6-f204911d453a",
	"8ea161a7-0c3b-41ad-9b25-7125b9adfb3c",
	"6d1350c3-a10b-4768-8428-c063129f13a9",
	"81573b5c-fc6c-40c0-8e9e-9bac7e8830bf");
INSERT INTO V_VAL
	VALUES ("e90aa278-a308-48ba-b645-0b6abb30f450",
	0,
	0,
	13,
	28,
	42,
	0,
	0,
	0,
	0,
	"f3b22070-8f46-4382-baa9-be5973b56db4",
	"89b4c1d5-077a-4811-b377-550155544fca");
INSERT INTO V_MVL
	VALUES ("e90aa278-a308-48ba-b645-0b6abb30f450",
	"00000000-0000-0000-0000-000000000000",
	"536b6d0a-3f23-49ae-977a-d8c2589f1cfe",
	"f3b22070-8f46-4382-baa9-be5973b56db4");
INSERT INTO V_VAL
	VALUES ("e2671cc3-ebba-4424-9803-7483c5e4a3c1",
	0,
	0,
	13,
	29,
	39,
	0,
	0,
	0,
	0,
	"f110c26b-e74a-47a6-bd78-09e2355d90d6",
	"89b4c1d5-077a-4811-b377-550155544fca");
INSERT INTO V_MVL
	VALUES ("e2671cc3-ebba-4424-9803-7483c5e4a3c1",
	"e90aa278-a308-48ba-b645-0b6abb30f450",
	"699c58b9-d2b0-4927-9ac2-ca82d8bbfcbb",
	"f3b22070-8f46-4382-baa9-be5973b56db4");
INSERT INTO V_VAL
	VALUES ("f8fe2144-5c4c-4a34-a08a-3b818e9a0c5a",
	0,
	0,
	13,
	43,
	46,
	0,
	0,
	0,
	0,
	"00000000-0000-0000-0000-000000000000",
	"89b4c1d5-077a-4811-b377-550155544fca");
INSERT INTO V_IRF
	VALUES ("f8fe2144-5c4c-4a34-a08a-3b818e9a0c5a",
	"8573e5c0-98bf-4593-9198-5f1a4f6805fd");
INSERT INTO V_VAL
	VALUES ("8d01f158-132a-4e95-bf24-8538110971ff",
	0,
	0,
	13,
	54,
	59,
	0,
	0,
	0,
	0,
	"f3b22070-8f46-4382-baa9-be5973b56db4",
	"89b4c1d5-077a-4811-b377-550155544fca");
INSERT INTO V_AVL
	VALUES ("8d01f158-132a-4e95-bf24-8538110971ff",
	"f8fe2144-5c4c-4a34-a08a-3b818e9a0c5a",
	"6d1350c3-a10b-4768-8428-c063129f13a9",
	"81573b5c-fc6c-40c0-8e9e-9bac7e8830bf");
INSERT INTO V_VAL
	VALUES ("a6fb0e58-82dc-4f12-b7ab-1099317d3f47",
	0,
	0,
	13,
	55,
	65,
	0,
	0,
	0,
	0,
	"f110c26b-e74a-47a6-bd78-09e2355d90d6",
	"89b4c1d5-077a-4811-b377-550155544fca");
INSERT INTO V_MVL
	VALUES ("a6fb0e58-82dc-4f12-b7ab-1099317d3f47",
	"00000000-0000-0000-0000-000000000000",
	"699c58b9-d2b0-4927-9ac2-ca82d8bbfcbb",
	"f3b22070-8f46-4382-baa9-be5973b56db4");
INSERT INTO V_VAL
	VALUES ("35d579a3-3298-48cb-90cf-9e67364c858a",
	1,
	0,
	16,
	1,
	4,
	0,
	0,
	0,
	0,
	"00000000-0000-0000-0000-000000000000",
	"89b4c1d5-077a-4811-b377-550155544fca");
INSERT INTO V_IRF
	VALUES ("35d579a3-3298-48cb-90cf-9e67364c858a",
	"8573e5c0-98bf-4593-9198-5f1a4f6805fd");
INSERT INTO V_VAL
	VALUES ("92720e9a-a868-46cb-b0a6-ca8f811cf968",
	0,
	0,
	16,
	13,
	19,
	0,
	0,
	0,
	0,
	"f3b22070-8f46-4382-baa9-be5973b56db4",
	"89b4c1d5-077a-4811-b377-550155544fca");
INSERT INTO V_AVL
	VALUES ("92720e9a-a868-46cb-b0a6-ca8f811cf968",
	"35d579a3-3298-48cb-90cf-9e67364c858a",
	"6d1350c3-a10b-4768-8428-c063129f13a9",
	"47067bbb-bc1b-4f2c-9316-fe005643c8d1");
INSERT INTO V_VAL
	VALUES ("2e4e1943-adc7-4130-b418-1ba863fadd89",
	0,
	0,
	16,
	14,
	22,
	0,
	0,
	0,
	0,
	"bb2aad42-e125-4543-bcd6-e4515b678378",
	"89b4c1d5-077a-4811-b377-550155544fca");
INSERT INTO V_MVL
	VALUES ("2e4e1943-adc7-4130-b418-1ba863fadd89",
	"00000000-0000-0000-0000-000000000000",
	"5d275f57-7401-4a94-bebd-f53d58f4fc1e",
	"f3b22070-8f46-4382-baa9-be5973b56db4");
INSERT INTO V_VAL
	VALUES ("cd2faafb-fa51-4352-87cc-8b37a9889205",
	0,
	0,
	16,
	26,
	26,
	0,
	0,
	0,
	0,
	"bb2aad42-e125-4543-bcd6-e4515b678378",
	"89b4c1d5-077a-4811-b377-550155544fca");
INSERT INTO V_LIN
	VALUES ("cd2faafb-fa51-4352-87cc-8b37a9889205",
	'2');
INSERT INTO V_VAL
	VALUES ("6adb21b3-13a8-4f45-9688-0a1918316fff",
	1,
	0,
	17,
	1,
	4,
	0,
	0,
	0,
	0,
	"00000000-0000-0000-0000-000000000000",
	"89b4c1d5-077a-4811-b377-550155544fca");
INSERT INTO V_IRF
	VALUES ("6adb21b3-13a8-4f45-9688-0a1918316fff",
	"8573e5c0-98bf-4593-9198-5f1a4f6805fd");
INSERT INTO V_VAL
	VALUES ("433c5fd2-5cc4-45b4-8c49-689a05be9f07",
	0,
	0,
	17,
	13,
	19,
	0,
	0,
	0,
	0,
	"f3b22070-8f46-4382-baa9-be5973b56db4",
	"89b4c1d5-077a-4811-b377-550155544fca");
INSERT INTO V_AVL
	VALUES ("433c5fd2-5cc4-45b4-8c49-689a05be9f07",
	"6adb21b3-13a8-4f45-9688-0a1918316fff",
	"6d1350c3-a10b-4768-8428-c063129f13a9",
	"47067bbb-bc1b-4f2c-9316-fe005643c8d1");
INSERT INTO V_VAL
	VALUES ("d5bf4c5f-70c6-4cd6-8dab-48eecd4ca0e2",
	0,
	0,
	17,
	14,
	22,
	0,
	0,
	0,
	0,
	"ed855afe-b773-4348-9030-494350c96719",
	"89b4c1d5-077a-4811-b377-550155544fca");
INSERT INTO V_MVL
	VALUES ("d5bf4c5f-70c6-4cd6-8dab-48eecd4ca0e2",
	"00000000-0000-0000-0000-000000000000",
	"bc071b7d-9f8c-45b7-81e3-1c67a2ea835d",
	"f3b22070-8f46-4382-baa9-be5973b56db4");
INSERT INTO V_VAL
	VALUES ("ea7efcaf-6f46-450a-9b3f-ebc1f19adc44",
	0,
	0,
	-1,
	-1,
	-1,
	0,
	0,
	0,
	0,
	"ed855afe-b773-4348-9030-494350c96719",
	"89b4c1d5-077a-4811-b377-550155544fca");
INSERT INTO V_LBO
	VALUES ("ea7efcaf-6f46-450a-9b3f-ebc1f19adc44",
	'FALSE');
INSERT INTO V_VAL
	VALUES ("b45be982-a706-40a8-a3c4-5b3512399291",
	1,
	0,
	18,
	1,
	4,
	0,
	0,
	0,
	0,
	"00000000-0000-0000-0000-000000000000",
	"89b4c1d5-077a-4811-b377-550155544fca");
INSERT INTO V_IRF
	VALUES ("b45be982-a706-40a8-a3c4-5b3512399291",
	"8573e5c0-98bf-4593-9198-5f1a4f6805fd");
INSERT INTO V_VAL
	VALUES ("761d8e5b-7d69-4c4b-ab91-58b57378d099",
	0,
	0,
	18,
	13,
	19,
	0,
	0,
	0,
	0,
	"f3b22070-8f46-4382-baa9-be5973b56db4",
	"89b4c1d5-077a-4811-b377-550155544fca");
INSERT INTO V_AVL
	VALUES ("761d8e5b-7d69-4c4b-ab91-58b57378d099",
	"b45be982-a706-40a8-a3c4-5b3512399291",
	"6d1350c3-a10b-4768-8428-c063129f13a9",
	"47067bbb-bc1b-4f2c-9316-fe005643c8d1");
INSERT INTO V_VAL
	VALUES ("15ffd744-1b59-473f-9a66-01798c62f303",
	0,
	0,
	18,
	14,
	19,
	0,
	0,
	0,
	0,
	"13652848-f535-4373-84cd-5470fe8f20b8",
	"89b4c1d5-077a-4811-b377-550155544fca");
INSERT INTO V_MVL
	VALUES ("15ffd744-1b59-473f-9a66-01798c62f303",
	"00000000-0000-0000-0000-000000000000",
	"6a3cbb72-43bb-4370-9658-904420fc70e8",
	"f3b22070-8f46-4382-baa9-be5973b56db4");
INSERT INTO V_VAL
	VALUES ("99c262cb-f344-4229-b3be-7540b2e53f75",
	0,
	0,
	18,
	28,
	-1,
	0,
	0,
	0,
	0,
	"13652848-f535-4373-84cd-5470fe8f20b8",
	"89b4c1d5-077a-4811-b377-550155544fca");
INSERT INTO V_BRV
	VALUES ("99c262cb-f344-4229-b3be-7540b2e53f75",
	"7a681c3d-8b02-491d-b228-e848c5961a73",
	1,
	18,
	23);
INSERT INTO V_VAL
	VALUES ("5db644d9-6539-42d8-ba03-06004fdd75ec",
	1,
	0,
	19,
	1,
	4,
	0,
	0,
	0,
	0,
	"00000000-0000-0000-0000-000000000000",
	"89b4c1d5-077a-4811-b377-550155544fca");
INSERT INTO V_IRF
	VALUES ("5db644d9-6539-42d8-ba03-06004fdd75ec",
	"8573e5c0-98bf-4593-9198-5f1a4f6805fd");
INSERT INTO V_VAL
	VALUES ("810c7855-f3e9-4562-93a6-7f7eaca566eb",
	0,
	0,
	19,
	13,
	19,
	0,
	0,
	0,
	0,
	"f3b22070-8f46-4382-baa9-be5973b56db4",
	"89b4c1d5-077a-4811-b377-550155544fca");
INSERT INTO V_AVL
	VALUES ("810c7855-f3e9-4562-93a6-7f7eaca566eb",
	"5db644d9-6539-42d8-ba03-06004fdd75ec",
	"6d1350c3-a10b-4768-8428-c063129f13a9",
	"47067bbb-bc1b-4f2c-9316-fe005643c8d1");
INSERT INTO V_VAL
	VALUES ("ff9c61c0-269c-41c2-babe-f4b0bf738ade",
	0,
	0,
	19,
	14,
	19,
	0,
	0,
	0,
	0,
	"1b4eef3c-5a32-4532-b6ba-6bd1a5ee28ec",
	"89b4c1d5-077a-4811-b377-550155544fca");
INSERT INTO V_MVL
	VALUES ("ff9c61c0-269c-41c2-babe-f4b0bf738ade",
	"00000000-0000-0000-0000-000000000000",
	"c7f5cb51-b6f9-41cb-9922-1d7845743371",
	"f3b22070-8f46-4382-baa9-be5973b56db4");
INSERT INTO V_VAL
	VALUES ("09a5aa0d-6c9e-4df3-bbcf-ea6b3ef2dade",
	0,
	0,
	19,
	23,
	25,
	0,
	0,
	0,
	0,
	"1b4eef3c-5a32-4532-b6ba-6bd1a5ee28ec",
	"89b4c1d5-077a-4811-b377-550155544fca");
INSERT INTO V_LRL
	VALUES ("09a5aa0d-6c9e-4df3-bbcf-ea6b3ef2dade",
	'2.0');
INSERT INTO V_VAL
	VALUES ("02d6ea79-f657-47de-b881-4d7153b360c8",
	1,
	0,
	20,
	1,
	4,
	0,
	0,
	0,
	0,
	"00000000-0000-0000-0000-000000000000",
	"89b4c1d5-077a-4811-b377-550155544fca");
INSERT INTO V_IRF
	VALUES ("02d6ea79-f657-47de-b881-4d7153b360c8",
	"8573e5c0-98bf-4593-9198-5f1a4f6805fd");
INSERT INTO V_VAL
	VALUES ("bd766e50-5b48-4e05-84af-7ef6ed246318",
	0,
	0,
	20,
	13,
	19,
	0,
	0,
	0,
	0,
	"f3b22070-8f46-4382-baa9-be5973b56db4",
	"89b4c1d5-077a-4811-b377-550155544fca");
INSERT INTO V_AVL
	VALUES ("bd766e50-5b48-4e05-84af-7ef6ed246318",
	"02d6ea79-f657-47de-b881-4d7153b360c8",
	"6d1350c3-a10b-4768-8428-c063129f13a9",
	"47067bbb-bc1b-4f2c-9316-fe005643c8d1");
INSERT INTO V_VAL
	VALUES ("21d28bf2-26c2-4241-b049-3ceb5f309e00",
	0,
	0,
	20,
	14,
	21,
	0,
	0,
	0,
	0,
	"fc579625-527e-4796-9485-440b72c36cdf",
	"89b4c1d5-077a-4811-b377-550155544fca");
INSERT INTO V_MVL
	VALUES ("21d28bf2-26c2-4241-b049-3ceb5f309e00",
	"00000000-0000-0000-0000-000000000000",
	"e8aeb5a8-8e14-42e6-afe4-e4557db47146",
	"f3b22070-8f46-4382-baa9-be5973b56db4");
INSERT INTO V_VAL
	VALUES ("fa60dc94-2365-40e5-93f3-9db53b3cc7db",
	0,
	0,
	20,
	25,
	32,
	0,
	0,
	0,
	0,
	"fc579625-527e-4796-9485-440b72c36cdf",
	"89b4c1d5-077a-4811-b377-550155544fca");
INSERT INTO V_LST
	VALUES ("fa60dc94-2365-40e5-93f3-9db53b3cc7db",
	'myData2');
INSERT INTO V_VAL
	VALUES ("f94b36a5-e726-4517-a7cc-7ec4bce3b8ba",
	1,
	0,
	21,
	1,
	4,
	0,
	0,
	0,
	0,
	"00000000-0000-0000-0000-000000000000",
	"89b4c1d5-077a-4811-b377-550155544fca");
INSERT INTO V_IRF
	VALUES ("f94b36a5-e726-4517-a7cc-7ec4bce3b8ba",
	"8573e5c0-98bf-4593-9198-5f1a4f6805fd");
INSERT INTO V_VAL
	VALUES ("bc06b226-f191-40d1-b9ce-6b1250a1fd77",
	0,
	0,
	21,
	13,
	19,
	0,
	0,
	0,
	0,
	"f3b22070-8f46-4382-baa9-be5973b56db4",
	"89b4c1d5-077a-4811-b377-550155544fca");
INSERT INTO V_AVL
	VALUES ("bc06b226-f191-40d1-b9ce-6b1250a1fd77",
	"f94b36a5-e726-4517-a7cc-7ec4bce3b8ba",
	"6d1350c3-a10b-4768-8428-c063129f13a9",
	"47067bbb-bc1b-4f2c-9316-fe005643c8d1");
INSERT INTO V_VAL
	VALUES ("a352a9a8-f05b-4e14-876b-4eb2b875145d",
	0,
	0,
	21,
	14,
	24,
	0,
	0,
	0,
	0,
	"f110c26b-e74a-47a6-bd78-09e2355d90d6",
	"89b4c1d5-077a-4811-b377-550155544fca");
INSERT INTO V_MVL
	VALUES ("a352a9a8-f05b-4e14-876b-4eb2b875145d",
	"00000000-0000-0000-0000-000000000000",
	"699c58b9-d2b0-4927-9ac2-ca82d8bbfcbb",
	"f3b22070-8f46-4382-baa9-be5973b56db4");
INSERT INTO V_VAL
	VALUES ("36fe289b-1706-43ce-8cae-b0dbc914455c",
	0,
	0,
	21,
	33,
	-1,
	0,
	0,
	0,
	0,
	"f110c26b-e74a-47a6-bd78-09e2355d90d6",
	"89b4c1d5-077a-4811-b377-550155544fca");
INSERT INTO V_BRV
	VALUES ("36fe289b-1706-43ce-8cae-b0dbc914455c",
	"76527422-354b-48ac-a584-53385ab85341",
	1,
	21,
	28);
INSERT INTO V_VAL
	VALUES ("d572ab91-9c78-4b13-977e-f14fcee7e937",
	1,
	0,
	22,
	1,
	4,
	0,
	0,
	0,
	0,
	"00000000-0000-0000-0000-000000000000",
	"89b4c1d5-077a-4811-b377-550155544fca");
INSERT INTO V_IRF
	VALUES ("d572ab91-9c78-4b13-977e-f14fcee7e937",
	"8573e5c0-98bf-4593-9198-5f1a4f6805fd");
INSERT INTO V_VAL
	VALUES ("1039d62e-ed8f-45d2-9922-a6fccb6d6b00",
	0,
	0,
	22,
	13,
	19,
	0,
	0,
	0,
	0,
	"f3b22070-8f46-4382-baa9-be5973b56db4",
	"89b4c1d5-077a-4811-b377-550155544fca");
INSERT INTO V_AVL
	VALUES ("1039d62e-ed8f-45d2-9922-a6fccb6d6b00",
	"d572ab91-9c78-4b13-977e-f14fcee7e937",
	"6d1350c3-a10b-4768-8428-c063129f13a9",
	"47067bbb-bc1b-4f2c-9316-fe005643c8d1");
INSERT INTO V_VAL
	VALUES ("bf94377d-d4f7-4fc0-abc6-58967076c4da",
	0,
	0,
	22,
	29,
	43,
	0,
	0,
	0,
	0,
	"f3b22070-8f46-4382-baa9-be5973b56db4",
	"89b4c1d5-077a-4811-b377-550155544fca");
INSERT INTO V_MVL
	VALUES ("bf94377d-d4f7-4fc0-abc6-58967076c4da",
	"00000000-0000-0000-0000-000000000000",
	"536b6d0a-3f23-49ae-977a-d8c2589f1cfe",
	"f3b22070-8f46-4382-baa9-be5973b56db4");
INSERT INTO V_VAL
	VALUES ("145ba8ce-def7-47c9-a0f7-3c0bd3b9a1fb",
	0,
	0,
	22,
	30,
	38,
	0,
	0,
	0,
	0,
	"bb2aad42-e125-4543-bcd6-e4515b678378",
	"89b4c1d5-077a-4811-b377-550155544fca");
INSERT INTO V_MVL
	VALUES ("145ba8ce-def7-47c9-a0f7-3c0bd3b9a1fb",
	"bf94377d-d4f7-4fc0-abc6-58967076c4da",
	"5d275f57-7401-4a94-bebd-f53d58f4fc1e",
	"f3b22070-8f46-4382-baa9-be5973b56db4");
INSERT INTO V_VAL
	VALUES ("5a630d5d-be4c-4496-a052-33796b4da4a3",
	0,
	0,
	22,
	42,
	45,
	0,
	0,
	0,
	0,
	"00000000-0000-0000-0000-000000000000",
	"89b4c1d5-077a-4811-b377-550155544fca");
INSERT INTO V_IRF
	VALUES ("5a630d5d-be4c-4496-a052-33796b4da4a3",
	"8573e5c0-98bf-4593-9198-5f1a4f6805fd");
INSERT INTO V_VAL
	VALUES ("a0693b49-85fb-42fa-92c0-282d7f244ef3",
	0,
	0,
	22,
	54,
	60,
	0,
	0,
	0,
	0,
	"f3b22070-8f46-4382-baa9-be5973b56db4",
	"89b4c1d5-077a-4811-b377-550155544fca");
INSERT INTO V_AVL
	VALUES ("a0693b49-85fb-42fa-92c0-282d7f244ef3",
	"5a630d5d-be4c-4496-a052-33796b4da4a3",
	"6d1350c3-a10b-4768-8428-c063129f13a9",
	"47067bbb-bc1b-4f2c-9316-fe005643c8d1");
INSERT INTO V_VAL
	VALUES ("f9c2abd6-691e-4939-9ad6-446789d09302",
	0,
	0,
	22,
	55,
	63,
	0,
	0,
	0,
	0,
	"bb2aad42-e125-4543-bcd6-e4515b678378",
	"89b4c1d5-077a-4811-b377-550155544fca");
INSERT INTO V_MVL
	VALUES ("f9c2abd6-691e-4939-9ad6-446789d09302",
	"00000000-0000-0000-0000-000000000000",
	"5d275f57-7401-4a94-bebd-f53d58f4fc1e",
	"f3b22070-8f46-4382-baa9-be5973b56db4");
INSERT INTO V_VAL
	VALUES ("9639cc03-df73-492e-a2ec-355bd5e77832",
	1,
	0,
	23,
	1,
	4,
	0,
	0,
	0,
	0,
	"00000000-0000-0000-0000-000000000000",
	"89b4c1d5-077a-4811-b377-550155544fca");
INSERT INTO V_IRF
	VALUES ("9639cc03-df73-492e-a2ec-355bd5e77832",
	"8573e5c0-98bf-4593-9198-5f1a4f6805fd");
INSERT INTO V_VAL
	VALUES ("629f48dc-5aa8-4983-b675-464fff1f1e2c",
	0,
	0,
	23,
	13,
	19,
	0,
	0,
	0,
	0,
	"f3b22070-8f46-4382-baa9-be5973b56db4",
	"89b4c1d5-077a-4811-b377-550155544fca");
INSERT INTO V_AVL
	VALUES ("629f48dc-5aa8-4983-b675-464fff1f1e2c",
	"9639cc03-df73-492e-a2ec-355bd5e77832",
	"6d1350c3-a10b-4768-8428-c063129f13a9",
	"47067bbb-bc1b-4f2c-9316-fe005643c8d1");
INSERT INTO V_VAL
	VALUES ("a7448413-e1cc-4286-8b97-4ee086c096ef",
	0,
	0,
	23,
	29,
	43,
	0,
	0,
	0,
	0,
	"f3b22070-8f46-4382-baa9-be5973b56db4",
	"89b4c1d5-077a-4811-b377-550155544fca");
INSERT INTO V_MVL
	VALUES ("a7448413-e1cc-4286-8b97-4ee086c096ef",
	"00000000-0000-0000-0000-000000000000",
	"536b6d0a-3f23-49ae-977a-d8c2589f1cfe",
	"f3b22070-8f46-4382-baa9-be5973b56db4");
INSERT INTO V_VAL
	VALUES ("765aa5d9-cc21-437c-8117-6b214ee4657b",
	0,
	0,
	23,
	30,
	38,
	0,
	0,
	0,
	0,
	"ed855afe-b773-4348-9030-494350c96719",
	"89b4c1d5-077a-4811-b377-550155544fca");
INSERT INTO V_MVL
	VALUES ("765aa5d9-cc21-437c-8117-6b214ee4657b",
	"a7448413-e1cc-4286-8b97-4ee086c096ef",
	"bc071b7d-9f8c-45b7-81e3-1c67a2ea835d",
	"f3b22070-8f46-4382-baa9-be5973b56db4");
INSERT INTO V_VAL
	VALUES ("960ba020-1c3e-48e6-9e6b-af38ea484dff",
	0,
	0,
	23,
	42,
	45,
	0,
	0,
	0,
	0,
	"00000000-0000-0000-0000-000000000000",
	"89b4c1d5-077a-4811-b377-550155544fca");
INSERT INTO V_IRF
	VALUES ("960ba020-1c3e-48e6-9e6b-af38ea484dff",
	"8573e5c0-98bf-4593-9198-5f1a4f6805fd");
INSERT INTO V_VAL
	VALUES ("c03e4a9c-3ff7-4cf2-abd8-2a881a7c448a",
	0,
	0,
	23,
	54,
	60,
	0,
	0,
	0,
	0,
	"f3b22070-8f46-4382-baa9-be5973b56db4",
	"89b4c1d5-077a-4811-b377-550155544fca");
INSERT INTO V_AVL
	VALUES ("c03e4a9c-3ff7-4cf2-abd8-2a881a7c448a",
	"960ba020-1c3e-48e6-9e6b-af38ea484dff",
	"6d1350c3-a10b-4768-8428-c063129f13a9",
	"47067bbb-bc1b-4f2c-9316-fe005643c8d1");
INSERT INTO V_VAL
	VALUES ("44b250a4-a820-44ee-b51b-4b51a5775722",
	0,
	0,
	23,
	55,
	63,
	0,
	0,
	0,
	0,
	"ed855afe-b773-4348-9030-494350c96719",
	"89b4c1d5-077a-4811-b377-550155544fca");
INSERT INTO V_MVL
	VALUES ("44b250a4-a820-44ee-b51b-4b51a5775722",
	"00000000-0000-0000-0000-000000000000",
	"bc071b7d-9f8c-45b7-81e3-1c67a2ea835d",
	"f3b22070-8f46-4382-baa9-be5973b56db4");
INSERT INTO V_VAL
	VALUES ("35bb4492-97dc-4bb6-9c0d-d49139ddb621",
	1,
	0,
	24,
	1,
	4,
	0,
	0,
	0,
	0,
	"00000000-0000-0000-0000-000000000000",
	"89b4c1d5-077a-4811-b377-550155544fca");
INSERT INTO V_IRF
	VALUES ("35bb4492-97dc-4bb6-9c0d-d49139ddb621",
	"8573e5c0-98bf-4593-9198-5f1a4f6805fd");
INSERT INTO V_VAL
	VALUES ("cab0888c-65df-439a-b76f-7d198ee0e496",
	0,
	0,
	24,
	13,
	19,
	0,
	0,
	0,
	0,
	"f3b22070-8f46-4382-baa9-be5973b56db4",
	"89b4c1d5-077a-4811-b377-550155544fca");
INSERT INTO V_AVL
	VALUES ("cab0888c-65df-439a-b76f-7d198ee0e496",
	"35bb4492-97dc-4bb6-9c0d-d49139ddb621",
	"6d1350c3-a10b-4768-8428-c063129f13a9",
	"47067bbb-bc1b-4f2c-9316-fe005643c8d1");
INSERT INTO V_VAL
	VALUES ("4c4d4dfe-64e0-4c55-80d7-244a424c6056",
	0,
	0,
	24,
	29,
	43,
	0,
	0,
	0,
	0,
	"f3b22070-8f46-4382-baa9-be5973b56db4",
	"89b4c1d5-077a-4811-b377-550155544fca");
INSERT INTO V_MVL
	VALUES ("4c4d4dfe-64e0-4c55-80d7-244a424c6056",
	"00000000-0000-0000-0000-000000000000",
	"536b6d0a-3f23-49ae-977a-d8c2589f1cfe",
	"f3b22070-8f46-4382-baa9-be5973b56db4");
INSERT INTO V_VAL
	VALUES ("9e00d9f2-2cf9-49bd-ac31-30a829f5be73",
	0,
	0,
	24,
	30,
	35,
	0,
	0,
	0,
	0,
	"13652848-f535-4373-84cd-5470fe8f20b8",
	"89b4c1d5-077a-4811-b377-550155544fca");
INSERT INTO V_MVL
	VALUES ("9e00d9f2-2cf9-49bd-ac31-30a829f5be73",
	"4c4d4dfe-64e0-4c55-80d7-244a424c6056",
	"6a3cbb72-43bb-4370-9658-904420fc70e8",
	"f3b22070-8f46-4382-baa9-be5973b56db4");
INSERT INTO V_VAL
	VALUES ("01017039-7c9e-45ba-9e93-f92f09420e6b",
	0,
	0,
	24,
	39,
	42,
	0,
	0,
	0,
	0,
	"00000000-0000-0000-0000-000000000000",
	"89b4c1d5-077a-4811-b377-550155544fca");
INSERT INTO V_IRF
	VALUES ("01017039-7c9e-45ba-9e93-f92f09420e6b",
	"8573e5c0-98bf-4593-9198-5f1a4f6805fd");
INSERT INTO V_VAL
	VALUES ("3e0d683e-ce9b-41b1-a437-ffa7b6c9c45b",
	0,
	0,
	24,
	51,
	57,
	0,
	0,
	0,
	0,
	"f3b22070-8f46-4382-baa9-be5973b56db4",
	"89b4c1d5-077a-4811-b377-550155544fca");
INSERT INTO V_AVL
	VALUES ("3e0d683e-ce9b-41b1-a437-ffa7b6c9c45b",
	"01017039-7c9e-45ba-9e93-f92f09420e6b",
	"6d1350c3-a10b-4768-8428-c063129f13a9",
	"47067bbb-bc1b-4f2c-9316-fe005643c8d1");
INSERT INTO V_VAL
	VALUES ("31c29579-216f-45b9-b69d-d0f99631590a",
	0,
	0,
	24,
	52,
	57,
	0,
	0,
	0,
	0,
	"13652848-f535-4373-84cd-5470fe8f20b8",
	"89b4c1d5-077a-4811-b377-550155544fca");
INSERT INTO V_MVL
	VALUES ("31c29579-216f-45b9-b69d-d0f99631590a",
	"00000000-0000-0000-0000-000000000000",
	"6a3cbb72-43bb-4370-9658-904420fc70e8",
	"f3b22070-8f46-4382-baa9-be5973b56db4");
INSERT INTO V_VAL
	VALUES ("aa8ce894-009d-4159-8d41-cada729a9322",
	1,
	0,
	25,
	1,
	4,
	0,
	0,
	0,
	0,
	"00000000-0000-0000-0000-000000000000",
	"89b4c1d5-077a-4811-b377-550155544fca");
INSERT INTO V_IRF
	VALUES ("aa8ce894-009d-4159-8d41-cada729a9322",
	"8573e5c0-98bf-4593-9198-5f1a4f6805fd");
INSERT INTO V_VAL
	VALUES ("a2dd0aef-1237-4c2a-acb6-e465eef60249",
	0,
	0,
	25,
	13,
	19,
	0,
	0,
	0,
	0,
	"f3b22070-8f46-4382-baa9-be5973b56db4",
	"89b4c1d5-077a-4811-b377-550155544fca");
INSERT INTO V_AVL
	VALUES ("a2dd0aef-1237-4c2a-acb6-e465eef60249",
	"aa8ce894-009d-4159-8d41-cada729a9322",
	"6d1350c3-a10b-4768-8428-c063129f13a9",
	"47067bbb-bc1b-4f2c-9316-fe005643c8d1");
INSERT INTO V_VAL
	VALUES ("cdc42ef2-5cbe-4f4b-80f2-81443d8f8355",
	0,
	0,
	25,
	29,
	43,
	0,
	0,
	0,
	0,
	"f3b22070-8f46-4382-baa9-be5973b56db4",
	"89b4c1d5-077a-4811-b377-550155544fca");
INSERT INTO V_MVL
	VALUES ("cdc42ef2-5cbe-4f4b-80f2-81443d8f8355",
	"00000000-0000-0000-0000-000000000000",
	"536b6d0a-3f23-49ae-977a-d8c2589f1cfe",
	"f3b22070-8f46-4382-baa9-be5973b56db4");
INSERT INTO V_VAL
	VALUES ("7ddf401e-cb9e-4f8d-af86-5109ff90b865",
	0,
	0,
	25,
	30,
	35,
	0,
	0,
	0,
	0,
	"1b4eef3c-5a32-4532-b6ba-6bd1a5ee28ec",
	"89b4c1d5-077a-4811-b377-550155544fca");
INSERT INTO V_MVL
	VALUES ("7ddf401e-cb9e-4f8d-af86-5109ff90b865",
	"cdc42ef2-5cbe-4f4b-80f2-81443d8f8355",
	"c7f5cb51-b6f9-41cb-9922-1d7845743371",
	"f3b22070-8f46-4382-baa9-be5973b56db4");
INSERT INTO V_VAL
	VALUES ("f4eed7c1-17a1-4d31-b9f7-5daa2efd9c1d",
	0,
	0,
	25,
	39,
	42,
	0,
	0,
	0,
	0,
	"00000000-0000-0000-0000-000000000000",
	"89b4c1d5-077a-4811-b377-550155544fca");
INSERT INTO V_IRF
	VALUES ("f4eed7c1-17a1-4d31-b9f7-5daa2efd9c1d",
	"8573e5c0-98bf-4593-9198-5f1a4f6805fd");
INSERT INTO V_VAL
	VALUES ("21e660f4-7a8d-4bdb-ae93-e471eeb14940",
	0,
	0,
	25,
	51,
	57,
	0,
	0,
	0,
	0,
	"f3b22070-8f46-4382-baa9-be5973b56db4",
	"89b4c1d5-077a-4811-b377-550155544fca");
INSERT INTO V_AVL
	VALUES ("21e660f4-7a8d-4bdb-ae93-e471eeb14940",
	"f4eed7c1-17a1-4d31-b9f7-5daa2efd9c1d",
	"6d1350c3-a10b-4768-8428-c063129f13a9",
	"47067bbb-bc1b-4f2c-9316-fe005643c8d1");
INSERT INTO V_VAL
	VALUES ("1fe817d2-0f39-4bf3-bba3-e0ade96e45da",
	0,
	0,
	25,
	52,
	57,
	0,
	0,
	0,
	0,
	"1b4eef3c-5a32-4532-b6ba-6bd1a5ee28ec",
	"89b4c1d5-077a-4811-b377-550155544fca");
INSERT INTO V_MVL
	VALUES ("1fe817d2-0f39-4bf3-bba3-e0ade96e45da",
	"00000000-0000-0000-0000-000000000000",
	"c7f5cb51-b6f9-41cb-9922-1d7845743371",
	"f3b22070-8f46-4382-baa9-be5973b56db4");
INSERT INTO V_VAL
	VALUES ("8e028697-a802-44d1-bb0f-5d520875770f",
	1,
	0,
	26,
	1,
	4,
	0,
	0,
	0,
	0,
	"00000000-0000-0000-0000-000000000000",
	"89b4c1d5-077a-4811-b377-550155544fca");
INSERT INTO V_IRF
	VALUES ("8e028697-a802-44d1-bb0f-5d520875770f",
	"8573e5c0-98bf-4593-9198-5f1a4f6805fd");
INSERT INTO V_VAL
	VALUES ("fbf26251-0786-4eaa-bd3f-5abdc12582b3",
	0,
	0,
	26,
	13,
	19,
	0,
	0,
	0,
	0,
	"f3b22070-8f46-4382-baa9-be5973b56db4",
	"89b4c1d5-077a-4811-b377-550155544fca");
INSERT INTO V_AVL
	VALUES ("fbf26251-0786-4eaa-bd3f-5abdc12582b3",
	"8e028697-a802-44d1-bb0f-5d520875770f",
	"6d1350c3-a10b-4768-8428-c063129f13a9",
	"47067bbb-bc1b-4f2c-9316-fe005643c8d1");
INSERT INTO V_VAL
	VALUES ("68e58027-5996-48bc-bd0b-e0f417c62fcf",
	0,
	0,
	26,
	29,
	43,
	0,
	0,
	0,
	0,
	"f3b22070-8f46-4382-baa9-be5973b56db4",
	"89b4c1d5-077a-4811-b377-550155544fca");
INSERT INTO V_MVL
	VALUES ("68e58027-5996-48bc-bd0b-e0f417c62fcf",
	"00000000-0000-0000-0000-000000000000",
	"536b6d0a-3f23-49ae-977a-d8c2589f1cfe",
	"f3b22070-8f46-4382-baa9-be5973b56db4");
INSERT INTO V_VAL
	VALUES ("0738a28c-db4b-48c2-ac1a-cd1fbbcaf190",
	0,
	0,
	26,
	30,
	37,
	0,
	0,
	0,
	0,
	"fc579625-527e-4796-9485-440b72c36cdf",
	"89b4c1d5-077a-4811-b377-550155544fca");
INSERT INTO V_MVL
	VALUES ("0738a28c-db4b-48c2-ac1a-cd1fbbcaf190",
	"68e58027-5996-48bc-bd0b-e0f417c62fcf",
	"e8aeb5a8-8e14-42e6-afe4-e4557db47146",
	"f3b22070-8f46-4382-baa9-be5973b56db4");
INSERT INTO V_VAL
	VALUES ("9e769454-b78f-483e-9595-5ed459df6599",
	0,
	0,
	26,
	41,
	44,
	0,
	0,
	0,
	0,
	"00000000-0000-0000-0000-000000000000",
	"89b4c1d5-077a-4811-b377-550155544fca");
INSERT INTO V_IRF
	VALUES ("9e769454-b78f-483e-9595-5ed459df6599",
	"8573e5c0-98bf-4593-9198-5f1a4f6805fd");
INSERT INTO V_VAL
	VALUES ("87d08129-5a83-496f-91b9-89d8641a5234",
	0,
	0,
	26,
	53,
	59,
	0,
	0,
	0,
	0,
	"f3b22070-8f46-4382-baa9-be5973b56db4",
	"89b4c1d5-077a-4811-b377-550155544fca");
INSERT INTO V_AVL
	VALUES ("87d08129-5a83-496f-91b9-89d8641a5234",
	"9e769454-b78f-483e-9595-5ed459df6599",
	"6d1350c3-a10b-4768-8428-c063129f13a9",
	"47067bbb-bc1b-4f2c-9316-fe005643c8d1");
INSERT INTO V_VAL
	VALUES ("1d015094-8c62-4421-b9e8-731c53c46f3e",
	0,
	0,
	26,
	54,
	61,
	0,
	0,
	0,
	0,
	"fc579625-527e-4796-9485-440b72c36cdf",
	"89b4c1d5-077a-4811-b377-550155544fca");
INSERT INTO V_MVL
	VALUES ("1d015094-8c62-4421-b9e8-731c53c46f3e",
	"00000000-0000-0000-0000-000000000000",
	"e8aeb5a8-8e14-42e6-afe4-e4557db47146",
	"f3b22070-8f46-4382-baa9-be5973b56db4");
INSERT INTO V_VAL
	VALUES ("5d20e462-bb23-4226-a8db-891a9dbc6dc1",
	1,
	0,
	27,
	1,
	4,
	0,
	0,
	0,
	0,
	"00000000-0000-0000-0000-000000000000",
	"89b4c1d5-077a-4811-b377-550155544fca");
INSERT INTO V_IRF
	VALUES ("5d20e462-bb23-4226-a8db-891a9dbc6dc1",
	"8573e5c0-98bf-4593-9198-5f1a4f6805fd");
INSERT INTO V_VAL
	VALUES ("f141ff60-52a7-4763-912f-e85d2ea8fb30",
	0,
	0,
	27,
	13,
	19,
	0,
	0,
	0,
	0,
	"f3b22070-8f46-4382-baa9-be5973b56db4",
	"89b4c1d5-077a-4811-b377-550155544fca");
INSERT INTO V_AVL
	VALUES ("f141ff60-52a7-4763-912f-e85d2ea8fb30",
	"5d20e462-bb23-4226-a8db-891a9dbc6dc1",
	"6d1350c3-a10b-4768-8428-c063129f13a9",
	"47067bbb-bc1b-4f2c-9316-fe005643c8d1");
INSERT INTO V_VAL
	VALUES ("191cd3a5-58d7-48da-a757-6002a75c45e1",
	0,
	0,
	27,
	29,
	43,
	0,
	0,
	0,
	0,
	"f3b22070-8f46-4382-baa9-be5973b56db4",
	"89b4c1d5-077a-4811-b377-550155544fca");
INSERT INTO V_MVL
	VALUES ("191cd3a5-58d7-48da-a757-6002a75c45e1",
	"00000000-0000-0000-0000-000000000000",
	"536b6d0a-3f23-49ae-977a-d8c2589f1cfe",
	"f3b22070-8f46-4382-baa9-be5973b56db4");
INSERT INTO V_VAL
	VALUES ("5c82600a-56de-4420-a554-0417b6d14b1b",
	0,
	0,
	27,
	30,
	40,
	0,
	0,
	0,
	0,
	"f110c26b-e74a-47a6-bd78-09e2355d90d6",
	"89b4c1d5-077a-4811-b377-550155544fca");
INSERT INTO V_MVL
	VALUES ("5c82600a-56de-4420-a554-0417b6d14b1b",
	"191cd3a5-58d7-48da-a757-6002a75c45e1",
	"699c58b9-d2b0-4927-9ac2-ca82d8bbfcbb",
	"f3b22070-8f46-4382-baa9-be5973b56db4");
INSERT INTO V_VAL
	VALUES ("d0737718-264d-4aba-9532-45d9437be4ed",
	0,
	0,
	27,
	44,
	47,
	0,
	0,
	0,
	0,
	"00000000-0000-0000-0000-000000000000",
	"89b4c1d5-077a-4811-b377-550155544fca");
INSERT INTO V_IRF
	VALUES ("d0737718-264d-4aba-9532-45d9437be4ed",
	"8573e5c0-98bf-4593-9198-5f1a4f6805fd");
INSERT INTO V_VAL
	VALUES ("8ca7d3ef-32e7-40ff-b20d-bcfa4cce7de0",
	0,
	0,
	27,
	56,
	62,
	0,
	0,
	0,
	0,
	"f3b22070-8f46-4382-baa9-be5973b56db4",
	"89b4c1d5-077a-4811-b377-550155544fca");
INSERT INTO V_AVL
	VALUES ("8ca7d3ef-32e7-40ff-b20d-bcfa4cce7de0",
	"d0737718-264d-4aba-9532-45d9437be4ed",
	"6d1350c3-a10b-4768-8428-c063129f13a9",
	"47067bbb-bc1b-4f2c-9316-fe005643c8d1");
INSERT INTO V_VAL
	VALUES ("a999a2a6-adee-488e-8d77-a416845b92fc",
	0,
	0,
	27,
	57,
	67,
	0,
	0,
	0,
	0,
	"f110c26b-e74a-47a6-bd78-09e2355d90d6",
	"89b4c1d5-077a-4811-b377-550155544fca");
INSERT INTO V_MVL
	VALUES ("a999a2a6-adee-488e-8d77-a416845b92fc",
	"00000000-0000-0000-0000-000000000000",
	"699c58b9-d2b0-4927-9ac2-ca82d8bbfcbb",
	"f3b22070-8f46-4382-baa9-be5973b56db4");
INSERT INTO V_VAL
	VALUES ("86d1cf65-ebe9-4275-9cf4-fccd9548c794",
	0,
	0,
	31,
	6,
	9,
	0,
	0,
	0,
	0,
	"00000000-0000-0000-0000-000000000000",
	"89b4c1d5-077a-4811-b377-550155544fca");
INSERT INTO V_IRF
	VALUES ("86d1cf65-ebe9-4275-9cf4-fccd9548c794",
	"8573e5c0-98bf-4593-9198-5f1a4f6805fd");
INSERT INTO V_VAL
	VALUES ("842b2c68-cebd-423e-b8f1-6525540f93b1",
	0,
	0,
	31,
	17,
	22,
	0,
	0,
	0,
	0,
	"f3b22070-8f46-4382-baa9-be5973b56db4",
	"89b4c1d5-077a-4811-b377-550155544fca");
INSERT INTO V_AVL
	VALUES ("842b2c68-cebd-423e-b8f1-6525540f93b1",
	"86d1cf65-ebe9-4275-9cf4-fccd9548c794",
	"6d1350c3-a10b-4768-8428-c063129f13a9",
	"81573b5c-fc6c-40c0-8e9e-9bac7e8830bf");
INSERT INTO V_VAL
	VALUES ("8ccc4b04-7106-4a3f-b374-909568a1f36f",
	0,
	0,
	31,
	18,
	26,
	0,
	0,
	0,
	0,
	"bb2aad42-e125-4543-bcd6-e4515b678378",
	"89b4c1d5-077a-4811-b377-550155544fca");
INSERT INTO V_MVL
	VALUES ("8ccc4b04-7106-4a3f-b374-909568a1f36f",
	"00000000-0000-0000-0000-000000000000",
	"5d275f57-7401-4a94-bebd-f53d58f4fc1e",
	"f3b22070-8f46-4382-baa9-be5973b56db4");
INSERT INTO V_VAL
	VALUES ("2ab2582a-3991-4cb3-b149-e8e1b75ab95b",
	0,
	0,
	-1,
	-1,
	-1,
	0,
	0,
	0,
	0,
	"ed855afe-b773-4348-9030-494350c96719",
	"89b4c1d5-077a-4811-b377-550155544fca");
INSERT INTO V_BIN
	VALUES ("2ab2582a-3991-4cb3-b149-e8e1b75ab95b",
	"aca653d4-d9e6-470a-8bd5-4d12726605ea",
	"8ccc4b04-7106-4a3f-b374-909568a1f36f",
	'==');
INSERT INTO V_VAL
	VALUES ("aca653d4-d9e6-470a-8bd5-4d12726605ea",
	0,
	0,
	31,
	31,
	31,
	0,
	0,
	0,
	0,
	"bb2aad42-e125-4543-bcd6-e4515b678378",
	"89b4c1d5-077a-4811-b377-550155544fca");
INSERT INTO V_LIN
	VALUES ("aca653d4-d9e6-470a-8bd5-4d12726605ea",
	'1');
INSERT INTO V_VAL
	VALUES ("8bf04178-0c9b-4e4f-bc47-f2f61b4d7c6a",
	0,
	0,
	37,
	6,
	9,
	0,
	0,
	0,
	0,
	"00000000-0000-0000-0000-000000000000",
	"89b4c1d5-077a-4811-b377-550155544fca");
INSERT INTO V_IRF
	VALUES ("8bf04178-0c9b-4e4f-bc47-f2f61b4d7c6a",
	"8573e5c0-98bf-4593-9198-5f1a4f6805fd");
INSERT INTO V_VAL
	VALUES ("b97871de-12bb-492d-b23a-b068f3352e98",
	0,
	0,
	37,
	17,
	22,
	0,
	0,
	0,
	0,
	"f3b22070-8f46-4382-baa9-be5973b56db4",
	"89b4c1d5-077a-4811-b377-550155544fca");
INSERT INTO V_AVL
	VALUES ("b97871de-12bb-492d-b23a-b068f3352e98",
	"8bf04178-0c9b-4e4f-bc47-f2f61b4d7c6a",
	"6d1350c3-a10b-4768-8428-c063129f13a9",
	"81573b5c-fc6c-40c0-8e9e-9bac7e8830bf");
INSERT INTO V_VAL
	VALUES ("2d8905c4-a564-4b9e-84dd-3418961faf65",
	0,
	0,
	37,
	18,
	26,
	0,
	0,
	0,
	0,
	"ed855afe-b773-4348-9030-494350c96719",
	"89b4c1d5-077a-4811-b377-550155544fca");
INSERT INTO V_MVL
	VALUES ("2d8905c4-a564-4b9e-84dd-3418961faf65",
	"00000000-0000-0000-0000-000000000000",
	"bc071b7d-9f8c-45b7-81e3-1c67a2ea835d",
	"f3b22070-8f46-4382-baa9-be5973b56db4");
INSERT INTO V_VAL
	VALUES ("074c7351-bbae-4461-a092-89902ad92c44",
	0,
	0,
	-1,
	-1,
	-1,
	0,
	0,
	0,
	0,
	"ed855afe-b773-4348-9030-494350c96719",
	"89b4c1d5-077a-4811-b377-550155544fca");
INSERT INTO V_BIN
	VALUES ("074c7351-bbae-4461-a092-89902ad92c44",
	"1f8a797a-eb1f-45d6-b029-8070f42d9da0",
	"2d8905c4-a564-4b9e-84dd-3418961faf65",
	'==');
INSERT INTO V_VAL
	VALUES ("1f8a797a-eb1f-45d6-b029-8070f42d9da0",
	0,
	0,
	-1,
	-1,
	-1,
	0,
	0,
	0,
	0,
	"ed855afe-b773-4348-9030-494350c96719",
	"89b4c1d5-077a-4811-b377-550155544fca");
INSERT INTO V_LBO
	VALUES ("1f8a797a-eb1f-45d6-b029-8070f42d9da0",
	'TRUE');
INSERT INTO V_VAL
	VALUES ("6c73686c-ce96-4e48-9108-1075bf16a63b",
	0,
	0,
	43,
	6,
	9,
	0,
	0,
	0,
	0,
	"00000000-0000-0000-0000-000000000000",
	"89b4c1d5-077a-4811-b377-550155544fca");
INSERT INTO V_IRF
	VALUES ("6c73686c-ce96-4e48-9108-1075bf16a63b",
	"8573e5c0-98bf-4593-9198-5f1a4f6805fd");
INSERT INTO V_VAL
	VALUES ("24c759cd-cfa2-4177-ada1-285d6f8213c3",
	0,
	0,
	43,
	17,
	22,
	0,
	0,
	0,
	0,
	"f3b22070-8f46-4382-baa9-be5973b56db4",
	"89b4c1d5-077a-4811-b377-550155544fca");
INSERT INTO V_AVL
	VALUES ("24c759cd-cfa2-4177-ada1-285d6f8213c3",
	"6c73686c-ce96-4e48-9108-1075bf16a63b",
	"6d1350c3-a10b-4768-8428-c063129f13a9",
	"81573b5c-fc6c-40c0-8e9e-9bac7e8830bf");
INSERT INTO V_VAL
	VALUES ("75053348-0e74-4440-8aea-e1d13fa9cd4e",
	0,
	0,
	43,
	18,
	23,
	0,
	0,
	0,
	0,
	"13652848-f535-4373-84cd-5470fe8f20b8",
	"89b4c1d5-077a-4811-b377-550155544fca");
INSERT INTO V_MVL
	VALUES ("75053348-0e74-4440-8aea-e1d13fa9cd4e",
	"00000000-0000-0000-0000-000000000000",
	"6a3cbb72-43bb-4370-9658-904420fc70e8",
	"f3b22070-8f46-4382-baa9-be5973b56db4");
INSERT INTO V_VAL
	VALUES ("5310ec05-d51e-4d99-a54f-889bab1f458d",
	0,
	0,
	-1,
	-1,
	-1,
	0,
	0,
	0,
	0,
	"ed855afe-b773-4348-9030-494350c96719",
	"89b4c1d5-077a-4811-b377-550155544fca");
INSERT INTO V_BIN
	VALUES ("5310ec05-d51e-4d99-a54f-889bab1f458d",
	"61d15aee-e096-410d-b7f9-befb4d790ad1",
	"75053348-0e74-4440-8aea-e1d13fa9cd4e",
	'==');
INSERT INTO V_VAL
	VALUES ("61d15aee-e096-410d-b7f9-befb4d790ad1",
	0,
	0,
	43,
	33,
	-1,
	0,
	0,
	0,
	0,
	"13652848-f535-4373-84cd-5470fe8f20b8",
	"89b4c1d5-077a-4811-b377-550155544fca");
INSERT INTO V_BRV
	VALUES ("61d15aee-e096-410d-b7f9-befb4d790ad1",
	"7a681c3d-8b02-491d-b228-e848c5961a73",
	1,
	43,
	28);
INSERT INTO V_VAL
	VALUES ("9a623962-b1c6-4845-945c-9be93d0ae41d",
	0,
	0,
	49,
	6,
	9,
	0,
	0,
	0,
	0,
	"00000000-0000-0000-0000-000000000000",
	"89b4c1d5-077a-4811-b377-550155544fca");
INSERT INTO V_IRF
	VALUES ("9a623962-b1c6-4845-945c-9be93d0ae41d",
	"8573e5c0-98bf-4593-9198-5f1a4f6805fd");
INSERT INTO V_VAL
	VALUES ("dafc6846-a228-4933-86c1-1ea98fc9023c",
	0,
	0,
	49,
	17,
	22,
	0,
	0,
	0,
	0,
	"f3b22070-8f46-4382-baa9-be5973b56db4",
	"89b4c1d5-077a-4811-b377-550155544fca");
INSERT INTO V_AVL
	VALUES ("dafc6846-a228-4933-86c1-1ea98fc9023c",
	"9a623962-b1c6-4845-945c-9be93d0ae41d",
	"6d1350c3-a10b-4768-8428-c063129f13a9",
	"81573b5c-fc6c-40c0-8e9e-9bac7e8830bf");
INSERT INTO V_VAL
	VALUES ("2e184d75-d3bd-4d31-a375-76d7cc00f4a0",
	0,
	0,
	49,
	18,
	23,
	0,
	0,
	0,
	0,
	"1b4eef3c-5a32-4532-b6ba-6bd1a5ee28ec",
	"89b4c1d5-077a-4811-b377-550155544fca");
INSERT INTO V_MVL
	VALUES ("2e184d75-d3bd-4d31-a375-76d7cc00f4a0",
	"00000000-0000-0000-0000-000000000000",
	"c7f5cb51-b6f9-41cb-9922-1d7845743371",
	"f3b22070-8f46-4382-baa9-be5973b56db4");
INSERT INTO V_VAL
	VALUES ("a448b7f7-3b68-4acb-9c6f-fe8e1aa245ab",
	0,
	0,
	-1,
	-1,
	-1,
	0,
	0,
	0,
	0,
	"ed855afe-b773-4348-9030-494350c96719",
	"89b4c1d5-077a-4811-b377-550155544fca");
INSERT INTO V_BIN
	VALUES ("a448b7f7-3b68-4acb-9c6f-fe8e1aa245ab",
	"2275afb2-1990-4146-8495-a4636d2c2167",
	"2e184d75-d3bd-4d31-a375-76d7cc00f4a0",
	'==');
INSERT INTO V_VAL
	VALUES ("2275afb2-1990-4146-8495-a4636d2c2167",
	0,
	0,
	49,
	28,
	30,
	0,
	0,
	0,
	0,
	"1b4eef3c-5a32-4532-b6ba-6bd1a5ee28ec",
	"89b4c1d5-077a-4811-b377-550155544fca");
INSERT INTO V_LRL
	VALUES ("2275afb2-1990-4146-8495-a4636d2c2167",
	'1.0');
INSERT INTO V_VAL
	VALUES ("1087ef91-452e-42fc-a636-ad82ab65c579",
	0,
	0,
	55,
	6,
	9,
	0,
	0,
	0,
	0,
	"00000000-0000-0000-0000-000000000000",
	"89b4c1d5-077a-4811-b377-550155544fca");
INSERT INTO V_IRF
	VALUES ("1087ef91-452e-42fc-a636-ad82ab65c579",
	"8573e5c0-98bf-4593-9198-5f1a4f6805fd");
INSERT INTO V_VAL
	VALUES ("489ec1b5-8717-4228-8237-adab0479f331",
	0,
	0,
	55,
	17,
	22,
	0,
	0,
	0,
	0,
	"f3b22070-8f46-4382-baa9-be5973b56db4",
	"89b4c1d5-077a-4811-b377-550155544fca");
INSERT INTO V_AVL
	VALUES ("489ec1b5-8717-4228-8237-adab0479f331",
	"1087ef91-452e-42fc-a636-ad82ab65c579",
	"6d1350c3-a10b-4768-8428-c063129f13a9",
	"81573b5c-fc6c-40c0-8e9e-9bac7e8830bf");
INSERT INTO V_VAL
	VALUES ("913cc078-67b8-4aab-9c49-d47b5dce7060",
	0,
	0,
	55,
	18,
	25,
	0,
	0,
	0,
	0,
	"fc579625-527e-4796-9485-440b72c36cdf",
	"89b4c1d5-077a-4811-b377-550155544fca");
INSERT INTO V_MVL
	VALUES ("913cc078-67b8-4aab-9c49-d47b5dce7060",
	"00000000-0000-0000-0000-000000000000",
	"e8aeb5a8-8e14-42e6-afe4-e4557db47146",
	"f3b22070-8f46-4382-baa9-be5973b56db4");
INSERT INTO V_VAL
	VALUES ("f6c0814f-55aa-419e-859a-e3d07909848b",
	0,
	0,
	-1,
	-1,
	-1,
	0,
	0,
	0,
	0,
	"ed855afe-b773-4348-9030-494350c96719",
	"89b4c1d5-077a-4811-b377-550155544fca");
INSERT INTO V_BIN
	VALUES ("f6c0814f-55aa-419e-859a-e3d07909848b",
	"88c0c33f-a5d1-4707-8ce1-810af08611e9",
	"913cc078-67b8-4aab-9c49-d47b5dce7060",
	'==');
INSERT INTO V_VAL
	VALUES ("88c0c33f-a5d1-4707-8ce1-810af08611e9",
	0,
	0,
	55,
	30,
	41,
	0,
	0,
	0,
	0,
	"fc579625-527e-4796-9485-440b72c36cdf",
	"89b4c1d5-077a-4811-b377-550155544fca");
INSERT INTO V_LST
	VALUES ("88c0c33f-a5d1-4707-8ce1-810af08611e9",
	'self.myData');
INSERT INTO V_VAL
	VALUES ("1fcd46c7-a75d-4c5d-9eac-c2d4ef354e1a",
	0,
	0,
	61,
	6,
	9,
	0,
	0,
	0,
	0,
	"00000000-0000-0000-0000-000000000000",
	"89b4c1d5-077a-4811-b377-550155544fca");
INSERT INTO V_IRF
	VALUES ("1fcd46c7-a75d-4c5d-9eac-c2d4ef354e1a",
	"8573e5c0-98bf-4593-9198-5f1a4f6805fd");
INSERT INTO V_VAL
	VALUES ("54a2cebf-00d5-4de9-b331-f69596376da4",
	0,
	0,
	61,
	17,
	22,
	0,
	0,
	0,
	0,
	"f3b22070-8f46-4382-baa9-be5973b56db4",
	"89b4c1d5-077a-4811-b377-550155544fca");
INSERT INTO V_AVL
	VALUES ("54a2cebf-00d5-4de9-b331-f69596376da4",
	"1fcd46c7-a75d-4c5d-9eac-c2d4ef354e1a",
	"6d1350c3-a10b-4768-8428-c063129f13a9",
	"81573b5c-fc6c-40c0-8e9e-9bac7e8830bf");
INSERT INTO V_VAL
	VALUES ("c37bc773-6f9f-4f68-8bc0-ec6110c72974",
	0,
	0,
	61,
	18,
	28,
	0,
	0,
	0,
	0,
	"f110c26b-e74a-47a6-bd78-09e2355d90d6",
	"89b4c1d5-077a-4811-b377-550155544fca");
INSERT INTO V_MVL
	VALUES ("c37bc773-6f9f-4f68-8bc0-ec6110c72974",
	"00000000-0000-0000-0000-000000000000",
	"699c58b9-d2b0-4927-9ac2-ca82d8bbfcbb",
	"f3b22070-8f46-4382-baa9-be5973b56db4");
INSERT INTO V_VAL
	VALUES ("e570dc7c-0836-4c9f-9832-2b32dc614385",
	0,
	0,
	-1,
	-1,
	-1,
	0,
	0,
	0,
	0,
	"ed855afe-b773-4348-9030-494350c96719",
	"89b4c1d5-077a-4811-b377-550155544fca");
INSERT INTO V_BIN
	VALUES ("e570dc7c-0836-4c9f-9832-2b32dc614385",
	"2c90eb0f-11a9-4d61-850c-887e2f09a468",
	"c37bc773-6f9f-4f68-8bc0-ec6110c72974",
	'<');
INSERT INTO V_VAL
	VALUES ("2c90eb0f-11a9-4d61-850c-887e2f09a468",
	0,
	0,
	61,
	37,
	-1,
	0,
	0,
	0,
	0,
	"f110c26b-e74a-47a6-bd78-09e2355d90d6",
	"89b4c1d5-077a-4811-b377-550155544fca");
INSERT INTO V_BRV
	VALUES ("2c90eb0f-11a9-4d61-850c-887e2f09a468",
	"76527422-354b-48ac-a584-53385ab85341",
	1,
	61,
	32);
INSERT INTO V_VAL
	VALUES ("873c9445-b187-48ef-bcca-ac46b75427a3",
	0,
	0,
	69,
	6,
	9,
	0,
	0,
	0,
	0,
	"00000000-0000-0000-0000-000000000000",
	"89b4c1d5-077a-4811-b377-550155544fca");
INSERT INTO V_IRF
	VALUES ("873c9445-b187-48ef-bcca-ac46b75427a3",
	"8573e5c0-98bf-4593-9198-5f1a4f6805fd");
INSERT INTO V_VAL
	VALUES ("a220df3e-9651-4f85-b553-0400cefa413d",
	0,
	0,
	69,
	17,
	22,
	0,
	0,
	0,
	0,
	"f3b22070-8f46-4382-baa9-be5973b56db4",
	"89b4c1d5-077a-4811-b377-550155544fca");
INSERT INTO V_AVL
	VALUES ("a220df3e-9651-4f85-b553-0400cefa413d",
	"873c9445-b187-48ef-bcca-ac46b75427a3",
	"6d1350c3-a10b-4768-8428-c063129f13a9",
	"81573b5c-fc6c-40c0-8e9e-9bac7e8830bf");
INSERT INTO V_VAL
	VALUES ("9b3b3185-cd53-47e9-aa89-68b0334e5345",
	0,
	0,
	69,
	18,
	26,
	0,
	0,
	0,
	0,
	"bb2aad42-e125-4543-bcd6-e4515b678378",
	"89b4c1d5-077a-4811-b377-550155544fca");
INSERT INTO V_MVL
	VALUES ("9b3b3185-cd53-47e9-aa89-68b0334e5345",
	"00000000-0000-0000-0000-000000000000",
	"5d275f57-7401-4a94-bebd-f53d58f4fc1e",
	"f3b22070-8f46-4382-baa9-be5973b56db4");
INSERT INTO V_VAL
	VALUES ("ff5171f5-6e04-4fb7-af04-61a8b585dcae",
	0,
	0,
	-1,
	-1,
	-1,
	0,
	0,
	0,
	0,
	"ed855afe-b773-4348-9030-494350c96719",
	"89b4c1d5-077a-4811-b377-550155544fca");
INSERT INTO V_BIN
	VALUES ("ff5171f5-6e04-4fb7-af04-61a8b585dcae",
	"1febf07b-e2eb-4c87-81fc-04a86f8c3e9d",
	"9b3b3185-cd53-47e9-aa89-68b0334e5345",
	'==');
INSERT INTO V_VAL
	VALUES ("7543e193-04a3-4811-b40a-3cd1e80fe1a2",
	0,
	0,
	69,
	31,
	34,
	0,
	0,
	0,
	0,
	"00000000-0000-0000-0000-000000000000",
	"89b4c1d5-077a-4811-b377-550155544fca");
INSERT INTO V_IRF
	VALUES ("7543e193-04a3-4811-b40a-3cd1e80fe1a2",
	"8573e5c0-98bf-4593-9198-5f1a4f6805fd");
INSERT INTO V_VAL
	VALUES ("1c4b06a1-bece-4ac2-b3d8-e437d394235f",
	0,
	0,
	69,
	42,
	47,
	0,
	0,
	0,
	0,
	"f3b22070-8f46-4382-baa9-be5973b56db4",
	"89b4c1d5-077a-4811-b377-550155544fca");
INSERT INTO V_AVL
	VALUES ("1c4b06a1-bece-4ac2-b3d8-e437d394235f",
	"7543e193-04a3-4811-b40a-3cd1e80fe1a2",
	"6d1350c3-a10b-4768-8428-c063129f13a9",
	"81573b5c-fc6c-40c0-8e9e-9bac7e8830bf");
INSERT INTO V_VAL
	VALUES ("cd12f089-8d4f-4d30-a3c9-5c09d190c305",
	0,
	0,
	69,
	58,
	72,
	0,
	0,
	0,
	0,
	"f3b22070-8f46-4382-baa9-be5973b56db4",
	"89b4c1d5-077a-4811-b377-550155544fca");
INSERT INTO V_MVL
	VALUES ("cd12f089-8d4f-4d30-a3c9-5c09d190c305",
	"00000000-0000-0000-0000-000000000000",
	"536b6d0a-3f23-49ae-977a-d8c2589f1cfe",
	"f3b22070-8f46-4382-baa9-be5973b56db4");
INSERT INTO V_VAL
	VALUES ("1febf07b-e2eb-4c87-81fc-04a86f8c3e9d",
	0,
	0,
	69,
	59,
	67,
	0,
	0,
	0,
	0,
	"bb2aad42-e125-4543-bcd6-e4515b678378",
	"89b4c1d5-077a-4811-b377-550155544fca");
INSERT INTO V_MVL
	VALUES ("1febf07b-e2eb-4c87-81fc-04a86f8c3e9d",
	"cd12f089-8d4f-4d30-a3c9-5c09d190c305",
	"5d275f57-7401-4a94-bebd-f53d58f4fc1e",
	"f3b22070-8f46-4382-baa9-be5973b56db4");
INSERT INTO V_VAL
	VALUES ("3cae09f9-da24-4380-8f03-2b0ab50f3722",
	0,
	0,
	70,
	10,
	13,
	0,
	0,
	0,
	0,
	"00000000-0000-0000-0000-000000000000",
	"89b4c1d5-077a-4811-b377-550155544fca");
INSERT INTO V_IRF
	VALUES ("3cae09f9-da24-4380-8f03-2b0ab50f3722",
	"8573e5c0-98bf-4593-9198-5f1a4f6805fd");
INSERT INTO V_VAL
	VALUES ("4016c910-6abe-4816-a66a-f9a0f885def4",
	0,
	0,
	70,
	21,
	26,
	0,
	0,
	0,
	0,
	"f3b22070-8f46-4382-baa9-be5973b56db4",
	"89b4c1d5-077a-4811-b377-550155544fca");
INSERT INTO V_AVL
	VALUES ("4016c910-6abe-4816-a66a-f9a0f885def4",
	"3cae09f9-da24-4380-8f03-2b0ab50f3722",
	"6d1350c3-a10b-4768-8428-c063129f13a9",
	"81573b5c-fc6c-40c0-8e9e-9bac7e8830bf");
INSERT INTO V_VAL
	VALUES ("7facb204-d852-4aa3-a513-6b1e8ff67cc1",
	0,
	0,
	70,
	37,
	51,
	0,
	0,
	0,
	0,
	"f3b22070-8f46-4382-baa9-be5973b56db4",
	"89b4c1d5-077a-4811-b377-550155544fca");
INSERT INTO V_MVL
	VALUES ("7facb204-d852-4aa3-a513-6b1e8ff67cc1",
	"00000000-0000-0000-0000-000000000000",
	"536b6d0a-3f23-49ae-977a-d8c2589f1cfe",
	"f3b22070-8f46-4382-baa9-be5973b56db4");
INSERT INTO V_VAL
	VALUES ("d0dc6b6c-f49f-4ddb-894a-e048cf72eac9",
	0,
	0,
	70,
	38,
	46,
	0,
	0,
	0,
	0,
	"bb2aad42-e125-4543-bcd6-e4515b678378",
	"89b4c1d5-077a-4811-b377-550155544fca");
INSERT INTO V_MVL
	VALUES ("d0dc6b6c-f49f-4ddb-894a-e048cf72eac9",
	"7facb204-d852-4aa3-a513-6b1e8ff67cc1",
	"5d275f57-7401-4a94-bebd-f53d58f4fc1e",
	"f3b22070-8f46-4382-baa9-be5973b56db4");
INSERT INTO V_VAL
	VALUES ("cf367e0a-c6bc-42fc-bea2-e021ab29ea7e",
	0,
	0,
	-1,
	-1,
	-1,
	0,
	0,
	0,
	0,
	"ed855afe-b773-4348-9030-494350c96719",
	"89b4c1d5-077a-4811-b377-550155544fca");
INSERT INTO V_BIN
	VALUES ("cf367e0a-c6bc-42fc-bea2-e021ab29ea7e",
	"f746283a-9daf-4f1d-a127-d1c758961bef",
	"d0dc6b6c-f49f-4ddb-894a-e048cf72eac9",
	'==');
INSERT INTO V_VAL
	VALUES ("f746283a-9daf-4f1d-a127-d1c758961bef",
	0,
	0,
	70,
	51,
	51,
	0,
	0,
	0,
	0,
	"bb2aad42-e125-4543-bcd6-e4515b678378",
	"89b4c1d5-077a-4811-b377-550155544fca");
INSERT INTO V_LIN
	VALUES ("f746283a-9daf-4f1d-a127-d1c758961bef",
	'1');
INSERT INTO V_VAL
	VALUES ("db46d8f9-ba5c-4ed5-9c55-45b43b9cf6da",
	0,
	0,
	-1,
	-1,
	-1,
	0,
	0,
	0,
	0,
	"ed855afe-b773-4348-9030-494350c96719",
	"89b4c1d5-077a-4811-b377-550155544fca");
INSERT INTO V_BIN
	VALUES ("db46d8f9-ba5c-4ed5-9c55-45b43b9cf6da",
	"cf367e0a-c6bc-42fc-bea2-e021ab29ea7e",
	"ff5171f5-6e04-4fb7-af04-61a8b585dcae",
	'and');
INSERT INTO V_VAL
	VALUES ("26bb7910-1ba7-4d5f-9250-278867489910",
	0,
	0,
	76,
	6,
	9,
	0,
	0,
	0,
	0,
	"00000000-0000-0000-0000-000000000000",
	"89b4c1d5-077a-4811-b377-550155544fca");
INSERT INTO V_IRF
	VALUES ("26bb7910-1ba7-4d5f-9250-278867489910",
	"8573e5c0-98bf-4593-9198-5f1a4f6805fd");
INSERT INTO V_VAL
	VALUES ("f46f364b-2a69-41e1-8f24-6164fc661141",
	0,
	0,
	76,
	17,
	22,
	0,
	0,
	0,
	0,
	"f3b22070-8f46-4382-baa9-be5973b56db4",
	"89b4c1d5-077a-4811-b377-550155544fca");
INSERT INTO V_AVL
	VALUES ("f46f364b-2a69-41e1-8f24-6164fc661141",
	"26bb7910-1ba7-4d5f-9250-278867489910",
	"6d1350c3-a10b-4768-8428-c063129f13a9",
	"81573b5c-fc6c-40c0-8e9e-9bac7e8830bf");
INSERT INTO V_VAL
	VALUES ("d06ca92d-57b5-4f64-a9a0-ccb2382c8baf",
	0,
	0,
	76,
	18,
	26,
	0,
	0,
	0,
	0,
	"ed855afe-b773-4348-9030-494350c96719",
	"89b4c1d5-077a-4811-b377-550155544fca");
INSERT INTO V_MVL
	VALUES ("d06ca92d-57b5-4f64-a9a0-ccb2382c8baf",
	"00000000-0000-0000-0000-000000000000",
	"bc071b7d-9f8c-45b7-81e3-1c67a2ea835d",
	"f3b22070-8f46-4382-baa9-be5973b56db4");
INSERT INTO V_VAL
	VALUES ("2118c18e-fa80-4c2e-9a97-7c7d16741a09",
	0,
	0,
	-1,
	-1,
	-1,
	0,
	0,
	0,
	0,
	"ed855afe-b773-4348-9030-494350c96719",
	"89b4c1d5-077a-4811-b377-550155544fca");
INSERT INTO V_BIN
	VALUES ("2118c18e-fa80-4c2e-9a97-7c7d16741a09",
	"c0ebaa6b-fb8c-4d39-893b-21fbaf548913",
	"d06ca92d-57b5-4f64-a9a0-ccb2382c8baf",
	'==');
INSERT INTO V_VAL
	VALUES ("df47fe87-cfa1-4957-acc0-915c838f9a6b",
	0,
	0,
	76,
	31,
	34,
	0,
	0,
	0,
	0,
	"00000000-0000-0000-0000-000000000000",
	"89b4c1d5-077a-4811-b377-550155544fca");
INSERT INTO V_IRF
	VALUES ("df47fe87-cfa1-4957-acc0-915c838f9a6b",
	"8573e5c0-98bf-4593-9198-5f1a4f6805fd");
INSERT INTO V_VAL
	VALUES ("33f75b4f-dcc1-4acd-b124-807e3d62f656",
	0,
	0,
	76,
	42,
	47,
	0,
	0,
	0,
	0,
	"f3b22070-8f46-4382-baa9-be5973b56db4",
	"89b4c1d5-077a-4811-b377-550155544fca");
INSERT INTO V_AVL
	VALUES ("33f75b4f-dcc1-4acd-b124-807e3d62f656",
	"df47fe87-cfa1-4957-acc0-915c838f9a6b",
	"6d1350c3-a10b-4768-8428-c063129f13a9",
	"81573b5c-fc6c-40c0-8e9e-9bac7e8830bf");
INSERT INTO V_VAL
	VALUES ("4d48f76a-80ed-40a2-b702-f4be1aeeef1e",
	0,
	0,
	76,
	58,
	72,
	0,
	0,
	0,
	0,
	"f3b22070-8f46-4382-baa9-be5973b56db4",
	"89b4c1d5-077a-4811-b377-550155544fca");
INSERT INTO V_MVL
	VALUES ("4d48f76a-80ed-40a2-b702-f4be1aeeef1e",
	"00000000-0000-0000-0000-000000000000",
	"536b6d0a-3f23-49ae-977a-d8c2589f1cfe",
	"f3b22070-8f46-4382-baa9-be5973b56db4");
INSERT INTO V_VAL
	VALUES ("c0ebaa6b-fb8c-4d39-893b-21fbaf548913",
	0,
	0,
	76,
	59,
	67,
	0,
	0,
	0,
	0,
	"ed855afe-b773-4348-9030-494350c96719",
	"89b4c1d5-077a-4811-b377-550155544fca");
INSERT INTO V_MVL
	VALUES ("c0ebaa6b-fb8c-4d39-893b-21fbaf548913",
	"4d48f76a-80ed-40a2-b702-f4be1aeeef1e",
	"bc071b7d-9f8c-45b7-81e3-1c67a2ea835d",
	"f3b22070-8f46-4382-baa9-be5973b56db4");
INSERT INTO V_VAL
	VALUES ("999e2b00-550f-476c-b280-7c58184872fd",
	0,
	0,
	77,
	10,
	13,
	0,
	0,
	0,
	0,
	"00000000-0000-0000-0000-000000000000",
	"89b4c1d5-077a-4811-b377-550155544fca");
INSERT INTO V_IRF
	VALUES ("999e2b00-550f-476c-b280-7c58184872fd",
	"8573e5c0-98bf-4593-9198-5f1a4f6805fd");
INSERT INTO V_VAL
	VALUES ("8769bf10-afd8-4afa-8d17-e739e8e2432f",
	0,
	0,
	77,
	21,
	26,
	0,
	0,
	0,
	0,
	"f3b22070-8f46-4382-baa9-be5973b56db4",
	"89b4c1d5-077a-4811-b377-550155544fca");
INSERT INTO V_AVL
	VALUES ("8769bf10-afd8-4afa-8d17-e739e8e2432f",
	"999e2b00-550f-476c-b280-7c58184872fd",
	"6d1350c3-a10b-4768-8428-c063129f13a9",
	"81573b5c-fc6c-40c0-8e9e-9bac7e8830bf");
INSERT INTO V_VAL
	VALUES ("80129ed2-a717-4fca-9503-2033a832d446",
	0,
	0,
	77,
	37,
	51,
	0,
	0,
	0,
	0,
	"f3b22070-8f46-4382-baa9-be5973b56db4",
	"89b4c1d5-077a-4811-b377-550155544fca");
INSERT INTO V_MVL
	VALUES ("80129ed2-a717-4fca-9503-2033a832d446",
	"00000000-0000-0000-0000-000000000000",
	"536b6d0a-3f23-49ae-977a-d8c2589f1cfe",
	"f3b22070-8f46-4382-baa9-be5973b56db4");
INSERT INTO V_VAL
	VALUES ("f329521b-4748-4996-bdcd-e599c41d9169",
	0,
	0,
	77,
	38,
	46,
	0,
	0,
	0,
	0,
	"ed855afe-b773-4348-9030-494350c96719",
	"89b4c1d5-077a-4811-b377-550155544fca");
INSERT INTO V_MVL
	VALUES ("f329521b-4748-4996-bdcd-e599c41d9169",
	"80129ed2-a717-4fca-9503-2033a832d446",
	"bc071b7d-9f8c-45b7-81e3-1c67a2ea835d",
	"f3b22070-8f46-4382-baa9-be5973b56db4");
INSERT INTO V_VAL
	VALUES ("e45199d5-a733-41e8-8833-eb892a0e9928",
	0,
	0,
	-1,
	-1,
	-1,
	0,
	0,
	0,
	0,
	"ed855afe-b773-4348-9030-494350c96719",
	"89b4c1d5-077a-4811-b377-550155544fca");
INSERT INTO V_BIN
	VALUES ("e45199d5-a733-41e8-8833-eb892a0e9928",
	"305608c9-7f2d-4ce8-a588-5441a58b7988",
	"f329521b-4748-4996-bdcd-e599c41d9169",
	'==');
INSERT INTO V_VAL
	VALUES ("305608c9-7f2d-4ce8-a588-5441a58b7988",
	0,
	0,
	-1,
	-1,
	-1,
	0,
	0,
	0,
	0,
	"ed855afe-b773-4348-9030-494350c96719",
	"89b4c1d5-077a-4811-b377-550155544fca");
INSERT INTO V_LBO
	VALUES ("305608c9-7f2d-4ce8-a588-5441a58b7988",
	'TRUE');
INSERT INTO V_VAL
	VALUES ("e4c19084-0350-4f1f-a88e-5b26c47c422d",
	0,
	0,
	-1,
	-1,
	-1,
	0,
	0,
	0,
	0,
	"ed855afe-b773-4348-9030-494350c96719",
	"89b4c1d5-077a-4811-b377-550155544fca");
INSERT INTO V_BIN
	VALUES ("e4c19084-0350-4f1f-a88e-5b26c47c422d",
	"e45199d5-a733-41e8-8833-eb892a0e9928",
	"2118c18e-fa80-4c2e-9a97-7c7d16741a09",
	'and');
INSERT INTO V_VAL
	VALUES ("70a69dda-8579-4685-b56d-b27cf5fa5862",
	0,
	0,
	83,
	6,
	9,
	0,
	0,
	0,
	0,
	"00000000-0000-0000-0000-000000000000",
	"89b4c1d5-077a-4811-b377-550155544fca");
INSERT INTO V_IRF
	VALUES ("70a69dda-8579-4685-b56d-b27cf5fa5862",
	"8573e5c0-98bf-4593-9198-5f1a4f6805fd");
INSERT INTO V_VAL
	VALUES ("5b0d0e92-7cd7-4ec3-af6e-ead4a07a3fbd",
	0,
	0,
	83,
	17,
	22,
	0,
	0,
	0,
	0,
	"f3b22070-8f46-4382-baa9-be5973b56db4",
	"89b4c1d5-077a-4811-b377-550155544fca");
INSERT INTO V_AVL
	VALUES ("5b0d0e92-7cd7-4ec3-af6e-ead4a07a3fbd",
	"70a69dda-8579-4685-b56d-b27cf5fa5862",
	"6d1350c3-a10b-4768-8428-c063129f13a9",
	"81573b5c-fc6c-40c0-8e9e-9bac7e8830bf");
INSERT INTO V_VAL
	VALUES ("f29896fd-8d9f-41d2-80e0-71ec3814997f",
	0,
	0,
	83,
	18,
	23,
	0,
	0,
	0,
	0,
	"13652848-f535-4373-84cd-5470fe8f20b8",
	"89b4c1d5-077a-4811-b377-550155544fca");
INSERT INTO V_MVL
	VALUES ("f29896fd-8d9f-41d2-80e0-71ec3814997f",
	"00000000-0000-0000-0000-000000000000",
	"6a3cbb72-43bb-4370-9658-904420fc70e8",
	"f3b22070-8f46-4382-baa9-be5973b56db4");
INSERT INTO V_VAL
	VALUES ("cbb2d377-4876-40cc-95ff-634a4ad1480e",
	0,
	0,
	-1,
	-1,
	-1,
	0,
	0,
	0,
	0,
	"ed855afe-b773-4348-9030-494350c96719",
	"89b4c1d5-077a-4811-b377-550155544fca");
INSERT INTO V_BIN
	VALUES ("cbb2d377-4876-40cc-95ff-634a4ad1480e",
	"b653c7c7-d6b4-4890-8688-2c252e41a437",
	"f29896fd-8d9f-41d2-80e0-71ec3814997f",
	'==');
INSERT INTO V_VAL
	VALUES ("78d87569-b8b4-4e6a-8f78-c4f0c6c10470",
	0,
	0,
	83,
	28,
	31,
	0,
	0,
	0,
	0,
	"00000000-0000-0000-0000-000000000000",
	"89b4c1d5-077a-4811-b377-550155544fca");
INSERT INTO V_IRF
	VALUES ("78d87569-b8b4-4e6a-8f78-c4f0c6c10470",
	"8573e5c0-98bf-4593-9198-5f1a4f6805fd");
INSERT INTO V_VAL
	VALUES ("de6484e4-8373-4428-8b2d-3b9582dc01e8",
	0,
	0,
	83,
	39,
	44,
	0,
	0,
	0,
	0,
	"f3b22070-8f46-4382-baa9-be5973b56db4",
	"89b4c1d5-077a-4811-b377-550155544fca");
INSERT INTO V_AVL
	VALUES ("de6484e4-8373-4428-8b2d-3b9582dc01e8",
	"78d87569-b8b4-4e6a-8f78-c4f0c6c10470",
	"6d1350c3-a10b-4768-8428-c063129f13a9",
	"81573b5c-fc6c-40c0-8e9e-9bac7e8830bf");
INSERT INTO V_VAL
	VALUES ("492bf27b-b997-4cc9-b23a-be49317a9ad4",
	0,
	0,
	83,
	55,
	69,
	0,
	0,
	0,
	0,
	"f3b22070-8f46-4382-baa9-be5973b56db4",
	"89b4c1d5-077a-4811-b377-550155544fca");
INSERT INTO V_MVL
	VALUES ("492bf27b-b997-4cc9-b23a-be49317a9ad4",
	"00000000-0000-0000-0000-000000000000",
	"536b6d0a-3f23-49ae-977a-d8c2589f1cfe",
	"f3b22070-8f46-4382-baa9-be5973b56db4");
INSERT INTO V_VAL
	VALUES ("b653c7c7-d6b4-4890-8688-2c252e41a437",
	0,
	0,
	83,
	56,
	61,
	0,
	0,
	0,
	0,
	"13652848-f535-4373-84cd-5470fe8f20b8",
	"89b4c1d5-077a-4811-b377-550155544fca");
INSERT INTO V_MVL
	VALUES ("b653c7c7-d6b4-4890-8688-2c252e41a437",
	"492bf27b-b997-4cc9-b23a-be49317a9ad4",
	"6a3cbb72-43bb-4370-9658-904420fc70e8",
	"f3b22070-8f46-4382-baa9-be5973b56db4");
INSERT INTO V_VAL
	VALUES ("b901c2de-00e2-42ba-a250-a59e3d4c2663",
	0,
	0,
	84,
	10,
	13,
	0,
	0,
	0,
	0,
	"00000000-0000-0000-0000-000000000000",
	"89b4c1d5-077a-4811-b377-550155544fca");
INSERT INTO V_IRF
	VALUES ("b901c2de-00e2-42ba-a250-a59e3d4c2663",
	"8573e5c0-98bf-4593-9198-5f1a4f6805fd");
INSERT INTO V_VAL
	VALUES ("8d2c773d-ba2b-4cb8-aa77-a1f6d0f0c127",
	0,
	0,
	84,
	21,
	26,
	0,
	0,
	0,
	0,
	"f3b22070-8f46-4382-baa9-be5973b56db4",
	"89b4c1d5-077a-4811-b377-550155544fca");
INSERT INTO V_AVL
	VALUES ("8d2c773d-ba2b-4cb8-aa77-a1f6d0f0c127",
	"b901c2de-00e2-42ba-a250-a59e3d4c2663",
	"6d1350c3-a10b-4768-8428-c063129f13a9",
	"81573b5c-fc6c-40c0-8e9e-9bac7e8830bf");
INSERT INTO V_VAL
	VALUES ("4f6aaa58-57d1-4078-8812-8bcf25d6ca42",
	0,
	0,
	84,
	37,
	51,
	0,
	0,
	0,
	0,
	"f3b22070-8f46-4382-baa9-be5973b56db4",
	"89b4c1d5-077a-4811-b377-550155544fca");
INSERT INTO V_MVL
	VALUES ("4f6aaa58-57d1-4078-8812-8bcf25d6ca42",
	"00000000-0000-0000-0000-000000000000",
	"536b6d0a-3f23-49ae-977a-d8c2589f1cfe",
	"f3b22070-8f46-4382-baa9-be5973b56db4");
INSERT INTO V_VAL
	VALUES ("d3260375-af7c-4ced-8708-d3e8b40d8da6",
	0,
	0,
	84,
	38,
	43,
	0,
	0,
	0,
	0,
	"13652848-f535-4373-84cd-5470fe8f20b8",
	"89b4c1d5-077a-4811-b377-550155544fca");
INSERT INTO V_MVL
	VALUES ("d3260375-af7c-4ced-8708-d3e8b40d8da6",
	"4f6aaa58-57d1-4078-8812-8bcf25d6ca42",
	"6a3cbb72-43bb-4370-9658-904420fc70e8",
	"f3b22070-8f46-4382-baa9-be5973b56db4");
INSERT INTO V_VAL
	VALUES ("6b286e11-9fd4-462a-83b0-e75a5682f5c2",
	0,
	0,
	-1,
	-1,
	-1,
	0,
	0,
	0,
	0,
	"ed855afe-b773-4348-9030-494350c96719",
	"89b4c1d5-077a-4811-b377-550155544fca");
INSERT INTO V_BIN
	VALUES ("6b286e11-9fd4-462a-83b0-e75a5682f5c2",
	"93742ba6-4f33-471d-b9f8-6c29ba466341",
	"d3260375-af7c-4ced-8708-d3e8b40d8da6",
	'==');
INSERT INTO V_VAL
	VALUES ("93742ba6-4f33-471d-b9f8-6c29ba466341",
	0,
	0,
	84,
	53,
	-1,
	0,
	0,
	0,
	0,
	"13652848-f535-4373-84cd-5470fe8f20b8",
	"89b4c1d5-077a-4811-b377-550155544fca");
INSERT INTO V_BRV
	VALUES ("93742ba6-4f33-471d-b9f8-6c29ba466341",
	"7a681c3d-8b02-491d-b228-e848c5961a73",
	1,
	84,
	48);
INSERT INTO V_VAL
	VALUES ("392a68f7-17b1-4f40-a759-9d216f992302",
	0,
	0,
	-1,
	-1,
	-1,
	0,
	0,
	0,
	0,
	"ed855afe-b773-4348-9030-494350c96719",
	"89b4c1d5-077a-4811-b377-550155544fca");
INSERT INTO V_BIN
	VALUES ("392a68f7-17b1-4f40-a759-9d216f992302",
	"6b286e11-9fd4-462a-83b0-e75a5682f5c2",
	"cbb2d377-4876-40cc-95ff-634a4ad1480e",
	'and');
INSERT INTO V_VAL
	VALUES ("7164cd7c-6d1a-47df-9634-0f751338fb09",
	0,
	0,
	90,
	6,
	9,
	0,
	0,
	0,
	0,
	"00000000-0000-0000-0000-000000000000",
	"89b4c1d5-077a-4811-b377-550155544fca");
INSERT INTO V_IRF
	VALUES ("7164cd7c-6d1a-47df-9634-0f751338fb09",
	"8573e5c0-98bf-4593-9198-5f1a4f6805fd");
INSERT INTO V_VAL
	VALUES ("ce06c5dd-920b-452d-b08a-d0b28903955d",
	0,
	0,
	90,
	17,
	22,
	0,
	0,
	0,
	0,
	"f3b22070-8f46-4382-baa9-be5973b56db4",
	"89b4c1d5-077a-4811-b377-550155544fca");
INSERT INTO V_AVL
	VALUES ("ce06c5dd-920b-452d-b08a-d0b28903955d",
	"7164cd7c-6d1a-47df-9634-0f751338fb09",
	"6d1350c3-a10b-4768-8428-c063129f13a9",
	"81573b5c-fc6c-40c0-8e9e-9bac7e8830bf");
INSERT INTO V_VAL
	VALUES ("bcae9a3d-6e2f-4f1e-8815-283dfd174466",
	0,
	0,
	90,
	18,
	23,
	0,
	0,
	0,
	0,
	"1b4eef3c-5a32-4532-b6ba-6bd1a5ee28ec",
	"89b4c1d5-077a-4811-b377-550155544fca");
INSERT INTO V_MVL
	VALUES ("bcae9a3d-6e2f-4f1e-8815-283dfd174466",
	"00000000-0000-0000-0000-000000000000",
	"c7f5cb51-b6f9-41cb-9922-1d7845743371",
	"f3b22070-8f46-4382-baa9-be5973b56db4");
INSERT INTO V_VAL
	VALUES ("6dae107a-7573-43ae-a91e-b358b6288d86",
	0,
	0,
	-1,
	-1,
	-1,
	0,
	0,
	0,
	0,
	"ed855afe-b773-4348-9030-494350c96719",
	"89b4c1d5-077a-4811-b377-550155544fca");
INSERT INTO V_BIN
	VALUES ("6dae107a-7573-43ae-a91e-b358b6288d86",
	"a1621351-a627-437b-91ad-825f207625e4",
	"bcae9a3d-6e2f-4f1e-8815-283dfd174466",
	'==');
INSERT INTO V_VAL
	VALUES ("8afb9892-93cc-4894-a3b9-4bd80ea31243",
	0,
	0,
	90,
	28,
	31,
	0,
	0,
	0,
	0,
	"00000000-0000-0000-0000-000000000000",
	"89b4c1d5-077a-4811-b377-550155544fca");
INSERT INTO V_IRF
	VALUES ("8afb9892-93cc-4894-a3b9-4bd80ea31243",
	"8573e5c0-98bf-4593-9198-5f1a4f6805fd");
INSERT INTO V_VAL
	VALUES ("6f2da384-f607-4d05-9cdc-492f4a946996",
	0,
	0,
	90,
	39,
	44,
	0,
	0,
	0,
	0,
	"f3b22070-8f46-4382-baa9-be5973b56db4",
	"89b4c1d5-077a-4811-b377-550155544fca");
INSERT INTO V_AVL
	VALUES ("6f2da384-f607-4d05-9cdc-492f4a946996",
	"8afb9892-93cc-4894-a3b9-4bd80ea31243",
	"6d1350c3-a10b-4768-8428-c063129f13a9",
	"81573b5c-fc6c-40c0-8e9e-9bac7e8830bf");
INSERT INTO V_VAL
	VALUES ("96252490-9890-43d9-b465-452bc373a3bd",
	0,
	0,
	90,
	55,
	69,
	0,
	0,
	0,
	0,
	"f3b22070-8f46-4382-baa9-be5973b56db4",
	"89b4c1d5-077a-4811-b377-550155544fca");
INSERT INTO V_MVL
	VALUES ("96252490-9890-43d9-b465-452bc373a3bd",
	"00000000-0000-0000-0000-000000000000",
	"536b6d0a-3f23-49ae-977a-d8c2589f1cfe",
	"f3b22070-8f46-4382-baa9-be5973b56db4");
INSERT INTO V_VAL
	VALUES ("a1621351-a627-437b-91ad-825f207625e4",
	0,
	0,
	90,
	56,
	61,
	0,
	0,
	0,
	0,
	"1b4eef3c-5a32-4532-b6ba-6bd1a5ee28ec",
	"89b4c1d5-077a-4811-b377-550155544fca");
INSERT INTO V_MVL
	VALUES ("a1621351-a627-437b-91ad-825f207625e4",
	"96252490-9890-43d9-b465-452bc373a3bd",
	"c7f5cb51-b6f9-41cb-9922-1d7845743371",
	"f3b22070-8f46-4382-baa9-be5973b56db4");
INSERT INTO V_VAL
	VALUES ("94b87db8-e34b-4d44-8bb3-7988c1b60a2a",
	0,
	0,
	91,
	10,
	13,
	0,
	0,
	0,
	0,
	"00000000-0000-0000-0000-000000000000",
	"89b4c1d5-077a-4811-b377-550155544fca");
INSERT INTO V_IRF
	VALUES ("94b87db8-e34b-4d44-8bb3-7988c1b60a2a",
	"8573e5c0-98bf-4593-9198-5f1a4f6805fd");
INSERT INTO V_VAL
	VALUES ("fafe2d38-ed3d-4192-81cf-07abe180d234",
	0,
	0,
	91,
	21,
	26,
	0,
	0,
	0,
	0,
	"f3b22070-8f46-4382-baa9-be5973b56db4",
	"89b4c1d5-077a-4811-b377-550155544fca");
INSERT INTO V_AVL
	VALUES ("fafe2d38-ed3d-4192-81cf-07abe180d234",
	"94b87db8-e34b-4d44-8bb3-7988c1b60a2a",
	"6d1350c3-a10b-4768-8428-c063129f13a9",
	"81573b5c-fc6c-40c0-8e9e-9bac7e8830bf");
INSERT INTO V_VAL
	VALUES ("ea0918c7-a7cc-443a-aba9-28141a1fc9eb",
	0,
	0,
	91,
	37,
	51,
	0,
	0,
	0,
	0,
	"f3b22070-8f46-4382-baa9-be5973b56db4",
	"89b4c1d5-077a-4811-b377-550155544fca");
INSERT INTO V_MVL
	VALUES ("ea0918c7-a7cc-443a-aba9-28141a1fc9eb",
	"00000000-0000-0000-0000-000000000000",
	"536b6d0a-3f23-49ae-977a-d8c2589f1cfe",
	"f3b22070-8f46-4382-baa9-be5973b56db4");
INSERT INTO V_VAL
	VALUES ("4da0af94-dc3b-44fe-a82a-5b8094cba6a1",
	0,
	0,
	91,
	38,
	43,
	0,
	0,
	0,
	0,
	"1b4eef3c-5a32-4532-b6ba-6bd1a5ee28ec",
	"89b4c1d5-077a-4811-b377-550155544fca");
INSERT INTO V_MVL
	VALUES ("4da0af94-dc3b-44fe-a82a-5b8094cba6a1",
	"ea0918c7-a7cc-443a-aba9-28141a1fc9eb",
	"c7f5cb51-b6f9-41cb-9922-1d7845743371",
	"f3b22070-8f46-4382-baa9-be5973b56db4");
INSERT INTO V_VAL
	VALUES ("bd683e71-ab3a-4165-9ed5-1471b15f0b7e",
	0,
	0,
	-1,
	-1,
	-1,
	0,
	0,
	0,
	0,
	"ed855afe-b773-4348-9030-494350c96719",
	"89b4c1d5-077a-4811-b377-550155544fca");
INSERT INTO V_BIN
	VALUES ("bd683e71-ab3a-4165-9ed5-1471b15f0b7e",
	"b28b0d4a-3506-49be-a744-1df6ca512dcf",
	"4da0af94-dc3b-44fe-a82a-5b8094cba6a1",
	'==');
INSERT INTO V_VAL
	VALUES ("b28b0d4a-3506-49be-a744-1df6ca512dcf",
	0,
	0,
	91,
	48,
	50,
	0,
	0,
	0,
	0,
	"1b4eef3c-5a32-4532-b6ba-6bd1a5ee28ec",
	"89b4c1d5-077a-4811-b377-550155544fca");
INSERT INTO V_LRL
	VALUES ("b28b0d4a-3506-49be-a744-1df6ca512dcf",
	'1.0');
INSERT INTO V_VAL
	VALUES ("5e489f72-75dc-4435-8521-35246e0d29ee",
	0,
	0,
	-1,
	-1,
	-1,
	0,
	0,
	0,
	0,
	"ed855afe-b773-4348-9030-494350c96719",
	"89b4c1d5-077a-4811-b377-550155544fca");
INSERT INTO V_BIN
	VALUES ("5e489f72-75dc-4435-8521-35246e0d29ee",
	"bd683e71-ab3a-4165-9ed5-1471b15f0b7e",
	"6dae107a-7573-43ae-a91e-b358b6288d86",
	'and');
INSERT INTO V_VAL
	VALUES ("d6288cd3-731c-416c-880c-92a051debc5c",
	0,
	0,
	97,
	6,
	9,
	0,
	0,
	0,
	0,
	"00000000-0000-0000-0000-000000000000",
	"89b4c1d5-077a-4811-b377-550155544fca");
INSERT INTO V_IRF
	VALUES ("d6288cd3-731c-416c-880c-92a051debc5c",
	"8573e5c0-98bf-4593-9198-5f1a4f6805fd");
INSERT INTO V_VAL
	VALUES ("7eb7013c-8a1a-4134-9f65-ac072aeecb68",
	0,
	0,
	97,
	17,
	22,
	0,
	0,
	0,
	0,
	"f3b22070-8f46-4382-baa9-be5973b56db4",
	"89b4c1d5-077a-4811-b377-550155544fca");
INSERT INTO V_AVL
	VALUES ("7eb7013c-8a1a-4134-9f65-ac072aeecb68",
	"d6288cd3-731c-416c-880c-92a051debc5c",
	"6d1350c3-a10b-4768-8428-c063129f13a9",
	"81573b5c-fc6c-40c0-8e9e-9bac7e8830bf");
INSERT INTO V_VAL
	VALUES ("e15d55f9-5f50-439a-8e86-c61e27f9a4a4",
	0,
	0,
	97,
	18,
	25,
	0,
	0,
	0,
	0,
	"fc579625-527e-4796-9485-440b72c36cdf",
	"89b4c1d5-077a-4811-b377-550155544fca");
INSERT INTO V_MVL
	VALUES ("e15d55f9-5f50-439a-8e86-c61e27f9a4a4",
	"00000000-0000-0000-0000-000000000000",
	"e8aeb5a8-8e14-42e6-afe4-e4557db47146",
	"f3b22070-8f46-4382-baa9-be5973b56db4");
INSERT INTO V_VAL
	VALUES ("8d64ae04-cf50-4a47-93f3-d99ba24f2158",
	0,
	0,
	-1,
	-1,
	-1,
	0,
	0,
	0,
	0,
	"ed855afe-b773-4348-9030-494350c96719",
	"89b4c1d5-077a-4811-b377-550155544fca");
INSERT INTO V_BIN
	VALUES ("8d64ae04-cf50-4a47-93f3-d99ba24f2158",
	"4f203ca7-0b79-4e70-aa95-0424b9a0b078",
	"e15d55f9-5f50-439a-8e86-c61e27f9a4a4",
	'==');
INSERT INTO V_VAL
	VALUES ("bf6997ba-2d2a-465c-9076-26c3e1a162e4",
	0,
	0,
	97,
	30,
	33,
	0,
	0,
	0,
	0,
	"00000000-0000-0000-0000-000000000000",
	"89b4c1d5-077a-4811-b377-550155544fca");
INSERT INTO V_IRF
	VALUES ("bf6997ba-2d2a-465c-9076-26c3e1a162e4",
	"8573e5c0-98bf-4593-9198-5f1a4f6805fd");
INSERT INTO V_VAL
	VALUES ("c2406205-169b-4397-88ba-fb8e5a82da61",
	0,
	0,
	97,
	41,
	46,
	0,
	0,
	0,
	0,
	"f3b22070-8f46-4382-baa9-be5973b56db4",
	"89b4c1d5-077a-4811-b377-550155544fca");
INSERT INTO V_AVL
	VALUES ("c2406205-169b-4397-88ba-fb8e5a82da61",
	"bf6997ba-2d2a-465c-9076-26c3e1a162e4",
	"6d1350c3-a10b-4768-8428-c063129f13a9",
	"81573b5c-fc6c-40c0-8e9e-9bac7e8830bf");
INSERT INTO V_VAL
	VALUES ("7a1e7c23-2569-4aa8-8078-3dcf59b8ff76",
	0,
	0,
	97,
	57,
	71,
	0,
	0,
	0,
	0,
	"f3b22070-8f46-4382-baa9-be5973b56db4",
	"89b4c1d5-077a-4811-b377-550155544fca");
INSERT INTO V_MVL
	VALUES ("7a1e7c23-2569-4aa8-8078-3dcf59b8ff76",
	"00000000-0000-0000-0000-000000000000",
	"536b6d0a-3f23-49ae-977a-d8c2589f1cfe",
	"f3b22070-8f46-4382-baa9-be5973b56db4");
INSERT INTO V_VAL
	VALUES ("4f203ca7-0b79-4e70-aa95-0424b9a0b078",
	0,
	0,
	97,
	58,
	65,
	0,
	0,
	0,
	0,
	"fc579625-527e-4796-9485-440b72c36cdf",
	"89b4c1d5-077a-4811-b377-550155544fca");
INSERT INTO V_MVL
	VALUES ("4f203ca7-0b79-4e70-aa95-0424b9a0b078",
	"7a1e7c23-2569-4aa8-8078-3dcf59b8ff76",
	"e8aeb5a8-8e14-42e6-afe4-e4557db47146",
	"f3b22070-8f46-4382-baa9-be5973b56db4");
INSERT INTO V_VAL
	VALUES ("b6d14ac6-3420-4553-9c5e-101519cf846c",
	0,
	0,
	98,
	10,
	13,
	0,
	0,
	0,
	0,
	"00000000-0000-0000-0000-000000000000",
	"89b4c1d5-077a-4811-b377-550155544fca");
INSERT INTO V_IRF
	VALUES ("b6d14ac6-3420-4553-9c5e-101519cf846c",
	"8573e5c0-98bf-4593-9198-5f1a4f6805fd");
INSERT INTO V_VAL
	VALUES ("b8816663-0848-41ef-b262-7ae5516c8254",
	0,
	0,
	98,
	21,
	26,
	0,
	0,
	0,
	0,
	"f3b22070-8f46-4382-baa9-be5973b56db4",
	"89b4c1d5-077a-4811-b377-550155544fca");
INSERT INTO V_AVL
	VALUES ("b8816663-0848-41ef-b262-7ae5516c8254",
	"b6d14ac6-3420-4553-9c5e-101519cf846c",
	"6d1350c3-a10b-4768-8428-c063129f13a9",
	"81573b5c-fc6c-40c0-8e9e-9bac7e8830bf");
INSERT INTO V_VAL
	VALUES ("da2f2123-daa6-41fb-bf28-06a7cbcd1802",
	0,
	0,
	98,
	37,
	51,
	0,
	0,
	0,
	0,
	"f3b22070-8f46-4382-baa9-be5973b56db4",
	"89b4c1d5-077a-4811-b377-550155544fca");
INSERT INTO V_MVL
	VALUES ("da2f2123-daa6-41fb-bf28-06a7cbcd1802",
	"00000000-0000-0000-0000-000000000000",
	"536b6d0a-3f23-49ae-977a-d8c2589f1cfe",
	"f3b22070-8f46-4382-baa9-be5973b56db4");
INSERT INTO V_VAL
	VALUES ("7007b923-1bc3-44ea-a8a6-2860b959ae52",
	0,
	0,
	98,
	38,
	45,
	0,
	0,
	0,
	0,
	"fc579625-527e-4796-9485-440b72c36cdf",
	"89b4c1d5-077a-4811-b377-550155544fca");
INSERT INTO V_MVL
	VALUES ("7007b923-1bc3-44ea-a8a6-2860b959ae52",
	"da2f2123-daa6-41fb-bf28-06a7cbcd1802",
	"e8aeb5a8-8e14-42e6-afe4-e4557db47146",
	"f3b22070-8f46-4382-baa9-be5973b56db4");
INSERT INTO V_VAL
	VALUES ("ec048d79-bb1f-4497-ad04-862fa843ea1a",
	0,
	0,
	-1,
	-1,
	-1,
	0,
	0,
	0,
	0,
	"ed855afe-b773-4348-9030-494350c96719",
	"89b4c1d5-077a-4811-b377-550155544fca");
INSERT INTO V_BIN
	VALUES ("ec048d79-bb1f-4497-ad04-862fa843ea1a",
	"dc6e5c5d-71f3-4304-b56f-d062eba2e175",
	"7007b923-1bc3-44ea-a8a6-2860b959ae52",
	'==');
INSERT INTO V_VAL
	VALUES ("dc6e5c5d-71f3-4304-b56f-d062eba2e175",
	0,
	0,
	98,
	50,
	61,
	0,
	0,
	0,
	0,
	"fc579625-527e-4796-9485-440b72c36cdf",
	"89b4c1d5-077a-4811-b377-550155544fca");
INSERT INTO V_LST
	VALUES ("dc6e5c5d-71f3-4304-b56f-d062eba2e175",
	'self.myData');
INSERT INTO V_VAL
	VALUES ("2e43373e-22e9-4c9d-ab3d-50e5589f7c9e",
	0,
	0,
	-1,
	-1,
	-1,
	0,
	0,
	0,
	0,
	"ed855afe-b773-4348-9030-494350c96719",
	"89b4c1d5-077a-4811-b377-550155544fca");
INSERT INTO V_BIN
	VALUES ("2e43373e-22e9-4c9d-ab3d-50e5589f7c9e",
	"ec048d79-bb1f-4497-ad04-862fa843ea1a",
	"8d64ae04-cf50-4a47-93f3-d99ba24f2158",
	'and');
INSERT INTO V_VAL
	VALUES ("0d882725-db1d-4b72-9369-e965dbb7ecae",
	0,
	0,
	104,
	6,
	9,
	0,
	0,
	0,
	0,
	"00000000-0000-0000-0000-000000000000",
	"89b4c1d5-077a-4811-b377-550155544fca");
INSERT INTO V_IRF
	VALUES ("0d882725-db1d-4b72-9369-e965dbb7ecae",
	"8573e5c0-98bf-4593-9198-5f1a4f6805fd");
INSERT INTO V_VAL
	VALUES ("466eedb7-de94-4467-8150-e68f8b7e86ef",
	0,
	0,
	104,
	17,
	22,
	0,
	0,
	0,
	0,
	"f3b22070-8f46-4382-baa9-be5973b56db4",
	"89b4c1d5-077a-4811-b377-550155544fca");
INSERT INTO V_AVL
	VALUES ("466eedb7-de94-4467-8150-e68f8b7e86ef",
	"0d882725-db1d-4b72-9369-e965dbb7ecae",
	"6d1350c3-a10b-4768-8428-c063129f13a9",
	"81573b5c-fc6c-40c0-8e9e-9bac7e8830bf");
INSERT INTO V_VAL
	VALUES ("b68f6a47-4b2f-447a-9fc4-bf364f851cf5",
	0,
	0,
	104,
	18,
	28,
	0,
	0,
	0,
	0,
	"f110c26b-e74a-47a6-bd78-09e2355d90d6",
	"89b4c1d5-077a-4811-b377-550155544fca");
INSERT INTO V_MVL
	VALUES ("b68f6a47-4b2f-447a-9fc4-bf364f851cf5",
	"00000000-0000-0000-0000-000000000000",
	"699c58b9-d2b0-4927-9ac2-ca82d8bbfcbb",
	"f3b22070-8f46-4382-baa9-be5973b56db4");
INSERT INTO V_VAL
	VALUES ("449382f5-1de6-493c-a7bf-6ecbdc92b647",
	0,
	0,
	-1,
	-1,
	-1,
	0,
	0,
	0,
	0,
	"ed855afe-b773-4348-9030-494350c96719",
	"89b4c1d5-077a-4811-b377-550155544fca");
INSERT INTO V_BIN
	VALUES ("449382f5-1de6-493c-a7bf-6ecbdc92b647",
	"c749e2b1-d1f3-4f77-9c48-e954235f17f8",
	"b68f6a47-4b2f-447a-9fc4-bf364f851cf5",
	'==');
INSERT INTO V_VAL
	VALUES ("c01b92b8-7228-4a8e-a5fa-cccc2a4fa999",
	0,
	0,
	104,
	33,
	36,
	0,
	0,
	0,
	0,
	"00000000-0000-0000-0000-000000000000",
	"89b4c1d5-077a-4811-b377-550155544fca");
INSERT INTO V_IRF
	VALUES ("c01b92b8-7228-4a8e-a5fa-cccc2a4fa999",
	"8573e5c0-98bf-4593-9198-5f1a4f6805fd");
INSERT INTO V_VAL
	VALUES ("8d422a96-57c7-4974-b518-a950368a401c",
	0,
	0,
	104,
	44,
	49,
	0,
	0,
	0,
	0,
	"f3b22070-8f46-4382-baa9-be5973b56db4",
	"89b4c1d5-077a-4811-b377-550155544fca");
INSERT INTO V_AVL
	VALUES ("8d422a96-57c7-4974-b518-a950368a401c",
	"c01b92b8-7228-4a8e-a5fa-cccc2a4fa999",
	"6d1350c3-a10b-4768-8428-c063129f13a9",
	"81573b5c-fc6c-40c0-8e9e-9bac7e8830bf");
INSERT INTO V_VAL
	VALUES ("1fe374e4-fb2f-48d4-8e21-924ada98b9a6",
	0,
	0,
	104,
	60,
	74,
	0,
	0,
	0,
	0,
	"f3b22070-8f46-4382-baa9-be5973b56db4",
	"89b4c1d5-077a-4811-b377-550155544fca");
INSERT INTO V_MVL
	VALUES ("1fe374e4-fb2f-48d4-8e21-924ada98b9a6",
	"00000000-0000-0000-0000-000000000000",
	"536b6d0a-3f23-49ae-977a-d8c2589f1cfe",
	"f3b22070-8f46-4382-baa9-be5973b56db4");
INSERT INTO V_VAL
	VALUES ("c749e2b1-d1f3-4f77-9c48-e954235f17f8",
	0,
	0,
	104,
	61,
	71,
	0,
	0,
	0,
	0,
	"f110c26b-e74a-47a6-bd78-09e2355d90d6",
	"89b4c1d5-077a-4811-b377-550155544fca");
INSERT INTO V_MVL
	VALUES ("c749e2b1-d1f3-4f77-9c48-e954235f17f8",
	"1fe374e4-fb2f-48d4-8e21-924ada98b9a6",
	"699c58b9-d2b0-4927-9ac2-ca82d8bbfcbb",
	"f3b22070-8f46-4382-baa9-be5973b56db4");
INSERT INTO V_VAL
	VALUES ("59aa6cf6-ef20-415d-8f21-10e4e93346e9",
	0,
	0,
	105,
	10,
	13,
	0,
	0,
	0,
	0,
	"00000000-0000-0000-0000-000000000000",
	"89b4c1d5-077a-4811-b377-550155544fca");
INSERT INTO V_IRF
	VALUES ("59aa6cf6-ef20-415d-8f21-10e4e93346e9",
	"8573e5c0-98bf-4593-9198-5f1a4f6805fd");
INSERT INTO V_VAL
	VALUES ("8d2850de-7e51-473f-b416-7b305dbc0a5f",
	0,
	0,
	105,
	21,
	26,
	0,
	0,
	0,
	0,
	"f3b22070-8f46-4382-baa9-be5973b56db4",
	"89b4c1d5-077a-4811-b377-550155544fca");
INSERT INTO V_AVL
	VALUES ("8d2850de-7e51-473f-b416-7b305dbc0a5f",
	"59aa6cf6-ef20-415d-8f21-10e4e93346e9",
	"6d1350c3-a10b-4768-8428-c063129f13a9",
	"81573b5c-fc6c-40c0-8e9e-9bac7e8830bf");
INSERT INTO V_VAL
	VALUES ("5e19cda0-dc9b-41e7-bb24-2c9c3c2941f6",
	0,
	0,
	105,
	37,
	51,
	0,
	0,
	0,
	0,
	"f3b22070-8f46-4382-baa9-be5973b56db4",
	"89b4c1d5-077a-4811-b377-550155544fca");
INSERT INTO V_MVL
	VALUES ("5e19cda0-dc9b-41e7-bb24-2c9c3c2941f6",
	"00000000-0000-0000-0000-000000000000",
	"536b6d0a-3f23-49ae-977a-d8c2589f1cfe",
	"f3b22070-8f46-4382-baa9-be5973b56db4");
INSERT INTO V_VAL
	VALUES ("505fe8e7-7326-4e1b-9e71-8e3f26fe6c6c",
	0,
	0,
	105,
	38,
	48,
	0,
	0,
	0,
	0,
	"f110c26b-e74a-47a6-bd78-09e2355d90d6",
	"89b4c1d5-077a-4811-b377-550155544fca");
INSERT INTO V_MVL
	VALUES ("505fe8e7-7326-4e1b-9e71-8e3f26fe6c6c",
	"5e19cda0-dc9b-41e7-bb24-2c9c3c2941f6",
	"699c58b9-d2b0-4927-9ac2-ca82d8bbfcbb",
	"f3b22070-8f46-4382-baa9-be5973b56db4");
INSERT INTO V_VAL
	VALUES ("f216dead-8344-4552-8f7f-f49138c84d1e",
	0,
	0,
	-1,
	-1,
	-1,
	0,
	0,
	0,
	0,
	"ed855afe-b773-4348-9030-494350c96719",
	"89b4c1d5-077a-4811-b377-550155544fca");
INSERT INTO V_BIN
	VALUES ("f216dead-8344-4552-8f7f-f49138c84d1e",
	"4b5bc53b-9b4e-4165-98b7-afbffaf98881",
	"505fe8e7-7326-4e1b-9e71-8e3f26fe6c6c",
	'<');
INSERT INTO V_VAL
	VALUES ("4b5bc53b-9b4e-4165-98b7-afbffaf98881",
	0,
	0,
	105,
	57,
	-1,
	0,
	0,
	0,
	0,
	"f110c26b-e74a-47a6-bd78-09e2355d90d6",
	"89b4c1d5-077a-4811-b377-550155544fca");
INSERT INTO V_BRV
	VALUES ("4b5bc53b-9b4e-4165-98b7-afbffaf98881",
	"76527422-354b-48ac-a584-53385ab85341",
	1,
	105,
	52);
INSERT INTO V_VAL
	VALUES ("167a69a4-6ed5-4296-b63a-7c0af1d1c56b",
	0,
	0,
	-1,
	-1,
	-1,
	0,
	0,
	0,
	0,
	"ed855afe-b773-4348-9030-494350c96719",
	"89b4c1d5-077a-4811-b377-550155544fca");
INSERT INTO V_BIN
	VALUES ("167a69a4-6ed5-4296-b63a-7c0af1d1c56b",
	"f216dead-8344-4552-8f7f-f49138c84d1e",
	"449382f5-1de6-493c-a7bf-6ecbdc92b647",
	'and');
INSERT INTO V_VAL
	VALUES ("46b158c4-068a-469e-9339-db2fde839cbd",
	0,
	0,
	114,
	33,
	36,
	0,
	0,
	0,
	0,
	"00000000-0000-0000-0000-000000000000",
	"89b4c1d5-077a-4811-b377-550155544fca");
INSERT INTO V_IRF
	VALUES ("46b158c4-068a-469e-9339-db2fde839cbd",
	"8573e5c0-98bf-4593-9198-5f1a4f6805fd");
INSERT INTO V_VAL
	VALUES ("ae5c1610-e5ba-4eed-8626-7811e7e6c8b8",
	0,
	0,
	114,
	38,
	43,
	0,
	0,
	0,
	0,
	"f3b22070-8f46-4382-baa9-be5973b56db4",
	"89b4c1d5-077a-4811-b377-550155544fca");
INSERT INTO V_AVL
	VALUES ("ae5c1610-e5ba-4eed-8626-7811e7e6c8b8",
	"46b158c4-068a-469e-9339-db2fde839cbd",
	"6d1350c3-a10b-4768-8428-c063129f13a9",
	"81573b5c-fc6c-40c0-8e9e-9bac7e8830bf");
INSERT INTO V_PAR
	VALUES ("ae5c1610-e5ba-4eed-8626-7811e7e6c8b8",
	"bd0df977-3d36-4d12-a593-12d1f3c1dbaa",
	"00000000-0000-0000-0000-000000000000",
	'data',
	"00000000-0000-0000-0000-000000000000",
	114,
	27);
INSERT INTO V_VAR
	VALUES ("8573e5c0-98bf-4593-9198-5f1a4f6805fd",
	"89b4c1d5-077a-4811-b377-550155544fca",
	'self',
	1);
INSERT INTO V_INT
	VALUES ("8573e5c0-98bf-4593-9198-5f1a4f6805fd",
	0,
	"6d1350c3-a10b-4768-8428-c063129f13a9");
INSERT INTO V_LOC
	VALUES ("32b35713-fe64-4a72-86dd-1f0bb845fd44",
	2,
	1,
	4,
	"8573e5c0-98bf-4593-9198-5f1a4f6805fd");
INSERT INTO V_LOC
	VALUES ("bd8d9c0d-f987-471e-8f6b-ad7518c03747",
	3,
	1,
	4,
	"8573e5c0-98bf-4593-9198-5f1a4f6805fd");
INSERT INTO V_LOC
	VALUES ("1bc35e36-0386-4f63-bdff-181ba27d9dd0",
	4,
	1,
	4,
	"8573e5c0-98bf-4593-9198-5f1a4f6805fd");
INSERT INTO V_LOC
	VALUES ("c2617385-d361-4aa8-bf46-c93fb3f35fc6",
	5,
	1,
	4,
	"8573e5c0-98bf-4593-9198-5f1a4f6805fd");
INSERT INTO V_LOC
	VALUES ("cc19e229-f5da-40bd-8b0c-0db75e15b004",
	6,
	1,
	4,
	"8573e5c0-98bf-4593-9198-5f1a4f6805fd");
INSERT INTO V_LOC
	VALUES ("5d765251-257d-4e51-be7a-c5c46ae64c8f",
	7,
	1,
	4,
	"8573e5c0-98bf-4593-9198-5f1a4f6805fd");
INSERT INTO V_LOC
	VALUES ("b4a8f2cd-1e57-438d-840c-158033facdc9",
	8,
	1,
	4,
	"8573e5c0-98bf-4593-9198-5f1a4f6805fd");
INSERT INTO V_LOC
	VALUES ("de3fe807-a8e4-4df3-86d5-d1f1fd4a4ae7",
	8,
	41,
	44,
	"8573e5c0-98bf-4593-9198-5f1a4f6805fd");
INSERT INTO V_LOC
	VALUES ("59ffa8a6-1cbd-44e5-b961-dcf0354faaf2",
	9,
	1,
	4,
	"8573e5c0-98bf-4593-9198-5f1a4f6805fd");
INSERT INTO V_LOC
	VALUES ("2d56920a-761e-4f2f-8e50-04daa46ab935",
	9,
	41,
	44,
	"8573e5c0-98bf-4593-9198-5f1a4f6805fd");
INSERT INTO V_LOC
	VALUES ("65b2adbb-d8a2-4964-870f-e19dc6c7f9ff",
	10,
	1,
	4,
	"8573e5c0-98bf-4593-9198-5f1a4f6805fd");
INSERT INTO V_LOC
	VALUES ("670a671a-6c31-4aba-bdcf-e4a96ef47d1a",
	10,
	38,
	41,
	"8573e5c0-98bf-4593-9198-5f1a4f6805fd");
INSERT INTO V_LOC
	VALUES ("de233561-9976-44fe-bc9d-bd1f1d541015",
	11,
	1,
	4,
	"8573e5c0-98bf-4593-9198-5f1a4f6805fd");
INSERT INTO V_LOC
	VALUES ("35a745a6-9051-468f-bb6e-375630121b56",
	11,
	38,
	41,
	"8573e5c0-98bf-4593-9198-5f1a4f6805fd");
INSERT INTO V_LOC
	VALUES ("ac12470a-7088-4910-95a9-07bfe2d3d495",
	12,
	1,
	4,
	"8573e5c0-98bf-4593-9198-5f1a4f6805fd");
INSERT INTO V_LOC
	VALUES ("c0c282fc-d173-4680-8626-b83e46bac2e4",
	12,
	40,
	43,
	"8573e5c0-98bf-4593-9198-5f1a4f6805fd");
INSERT INTO V_LOC
	VALUES ("e873d73e-d2d2-42b8-b729-61f2fbe6ecce",
	13,
	1,
	4,
	"8573e5c0-98bf-4593-9198-5f1a4f6805fd");
INSERT INTO V_LOC
	VALUES ("429cec21-dfe8-499c-8501-3542106274e8",
	13,
	43,
	46,
	"8573e5c0-98bf-4593-9198-5f1a4f6805fd");
INSERT INTO V_LOC
	VALUES ("2b5ca01a-cf1d-40af-9c88-00812bdb2b0a",
	16,
	1,
	4,
	"8573e5c0-98bf-4593-9198-5f1a4f6805fd");
INSERT INTO V_LOC
	VALUES ("99895e2d-2994-499e-9398-cf8a8b616891",
	17,
	1,
	4,
	"8573e5c0-98bf-4593-9198-5f1a4f6805fd");
INSERT INTO V_LOC
	VALUES ("ffb4d214-7c7a-4644-929b-8f2246c89839",
	18,
	1,
	4,
	"8573e5c0-98bf-4593-9198-5f1a4f6805fd");
INSERT INTO V_LOC
	VALUES ("ae935c7f-9b0a-43f5-b87d-bb3c63a988c4",
	19,
	1,
	4,
	"8573e5c0-98bf-4593-9198-5f1a4f6805fd");
INSERT INTO V_LOC
	VALUES ("6d173dce-9d48-4d99-8816-af251039991d",
	20,
	1,
	4,
	"8573e5c0-98bf-4593-9198-5f1a4f6805fd");
INSERT INTO V_LOC
	VALUES ("c0f6212d-df11-4512-85de-1fcf491dd4a1",
	21,
	1,
	4,
	"8573e5c0-98bf-4593-9198-5f1a4f6805fd");
INSERT INTO V_LOC
	VALUES ("1235d5b3-9cc6-4de0-a777-5d5c63ab7620",
	22,
	1,
	4,
	"8573e5c0-98bf-4593-9198-5f1a4f6805fd");
INSERT INTO V_LOC
	VALUES ("58673f9d-671d-4e92-a01b-4c3b0f69d148",
	22,
	42,
	45,
	"8573e5c0-98bf-4593-9198-5f1a4f6805fd");
INSERT INTO V_LOC
	VALUES ("0836d400-3821-42f0-a427-42711f5af261",
	23,
	1,
	4,
	"8573e5c0-98bf-4593-9198-5f1a4f6805fd");
INSERT INTO V_LOC
	VALUES ("2d542718-7206-4d2e-b4b2-10bab55ca14f",
	23,
	42,
	45,
	"8573e5c0-98bf-4593-9198-5f1a4f6805fd");
INSERT INTO V_LOC
	VALUES ("b288f113-445b-41d7-b542-86b9c729b876",
	24,
	1,
	4,
	"8573e5c0-98bf-4593-9198-5f1a4f6805fd");
INSERT INTO V_LOC
	VALUES ("533a6565-e409-4f6c-9bce-6a25a20ea1a0",
	24,
	39,
	42,
	"8573e5c0-98bf-4593-9198-5f1a4f6805fd");
INSERT INTO V_LOC
	VALUES ("dd37c4a4-b1f0-4291-8f71-f120cb8f0730",
	25,
	1,
	4,
	"8573e5c0-98bf-4593-9198-5f1a4f6805fd");
INSERT INTO V_LOC
	VALUES ("d13bae9d-6afb-45ad-8d4b-b016dfec3495",
	25,
	39,
	42,
	"8573e5c0-98bf-4593-9198-5f1a4f6805fd");
INSERT INTO V_LOC
	VALUES ("7709a3bd-1809-4c17-b80d-914e66538f11",
	26,
	1,
	4,
	"8573e5c0-98bf-4593-9198-5f1a4f6805fd");
INSERT INTO V_LOC
	VALUES ("0fa30fae-2ef8-4786-bad9-ed442522861b",
	26,
	41,
	44,
	"8573e5c0-98bf-4593-9198-5f1a4f6805fd");
INSERT INTO V_LOC
	VALUES ("9dc4bae6-4b23-4c7f-ba26-5d4380168bab",
	27,
	1,
	4,
	"8573e5c0-98bf-4593-9198-5f1a4f6805fd");
INSERT INTO V_LOC
	VALUES ("7c5a1fe6-64f8-418b-8b7b-135ffd1859fb",
	27,
	44,
	47,
	"8573e5c0-98bf-4593-9198-5f1a4f6805fd");
INSERT INTO V_LOC
	VALUES ("8abc72da-719f-45c9-a2ec-ca7ed1de0b0f",
	31,
	6,
	9,
	"8573e5c0-98bf-4593-9198-5f1a4f6805fd");
INSERT INTO V_LOC
	VALUES ("59711889-c910-4df1-9c60-64502543a5bc",
	37,
	6,
	9,
	"8573e5c0-98bf-4593-9198-5f1a4f6805fd");
INSERT INTO V_LOC
	VALUES ("4cf6fd21-5cfd-4eda-aa66-3724f8327c7d",
	43,
	6,
	9,
	"8573e5c0-98bf-4593-9198-5f1a4f6805fd");
INSERT INTO V_LOC
	VALUES ("d9e86e4e-7d7f-4656-81b8-48f34a3cfaa6",
	49,
	6,
	9,
	"8573e5c0-98bf-4593-9198-5f1a4f6805fd");
INSERT INTO V_LOC
	VALUES ("1fe790db-5726-47d4-ad8b-b19f8312f8b0",
	55,
	6,
	9,
	"8573e5c0-98bf-4593-9198-5f1a4f6805fd");
INSERT INTO V_LOC
	VALUES ("1284721c-684f-40eb-9f02-ad5e4d2a5188",
	61,
	6,
	9,
	"8573e5c0-98bf-4593-9198-5f1a4f6805fd");
INSERT INTO V_LOC
	VALUES ("2066b954-9eb4-4af3-a490-8cd2c97cd3e6",
	69,
	6,
	9,
	"8573e5c0-98bf-4593-9198-5f1a4f6805fd");
INSERT INTO V_LOC
	VALUES ("a8a317cc-e73a-4edb-8099-ade4aedf2d7a",
	69,
	31,
	34,
	"8573e5c0-98bf-4593-9198-5f1a4f6805fd");
INSERT INTO V_LOC
	VALUES ("c8a8f068-a802-49b9-8bfd-3601e92f3bb0",
	70,
	10,
	13,
	"8573e5c0-98bf-4593-9198-5f1a4f6805fd");
INSERT INTO V_LOC
	VALUES ("341b81e7-f0de-4013-9a85-922f821923de",
	76,
	6,
	9,
	"8573e5c0-98bf-4593-9198-5f1a4f6805fd");
INSERT INTO V_LOC
	VALUES ("69fbc5ed-508b-4952-9759-159a2749a2a4",
	76,
	31,
	34,
	"8573e5c0-98bf-4593-9198-5f1a4f6805fd");
INSERT INTO V_LOC
	VALUES ("3ff6e037-4950-4366-baed-402baea61b17",
	77,
	10,
	13,
	"8573e5c0-98bf-4593-9198-5f1a4f6805fd");
INSERT INTO V_LOC
	VALUES ("7704bfce-78a6-4362-8a7d-ce44dda746ff",
	83,
	6,
	9,
	"8573e5c0-98bf-4593-9198-5f1a4f6805fd");
INSERT INTO V_LOC
	VALUES ("414088f3-9c9d-43da-b676-9ff85c87104a",
	83,
	28,
	31,
	"8573e5c0-98bf-4593-9198-5f1a4f6805fd");
INSERT INTO V_LOC
	VALUES ("136a5472-94ad-4053-adae-eecae1925cbe",
	84,
	10,
	13,
	"8573e5c0-98bf-4593-9198-5f1a4f6805fd");
INSERT INTO V_LOC
	VALUES ("1b3a7afd-271b-434f-8c6a-016c49a9410e",
	90,
	6,
	9,
	"8573e5c0-98bf-4593-9198-5f1a4f6805fd");
INSERT INTO V_LOC
	VALUES ("6808e7eb-0d35-4222-8977-5da00a17c878",
	90,
	28,
	31,
	"8573e5c0-98bf-4593-9198-5f1a4f6805fd");
INSERT INTO V_LOC
	VALUES ("b4deb509-d988-4dc9-9dc6-c819ffddfa14",
	91,
	10,
	13,
	"8573e5c0-98bf-4593-9198-5f1a4f6805fd");
INSERT INTO V_LOC
	VALUES ("d689eb09-d545-4de0-9c29-91aaf187250a",
	97,
	6,
	9,
	"8573e5c0-98bf-4593-9198-5f1a4f6805fd");
INSERT INTO V_LOC
	VALUES ("ccdd33d6-d298-4e25-82ec-b4f7f69656b5",
	97,
	30,
	33,
	"8573e5c0-98bf-4593-9198-5f1a4f6805fd");
INSERT INTO V_LOC
	VALUES ("b75da639-7861-49f5-af11-6edf1a0b4bd1",
	98,
	10,
	13,
	"8573e5c0-98bf-4593-9198-5f1a4f6805fd");
INSERT INTO V_LOC
	VALUES ("9fc4f2b5-cb83-4578-8986-16818a9c670d",
	104,
	6,
	9,
	"8573e5c0-98bf-4593-9198-5f1a4f6805fd");
INSERT INTO V_LOC
	VALUES ("b8563e23-36cd-4165-8faa-62f6778fbcdf",
	104,
	33,
	36,
	"8573e5c0-98bf-4593-9198-5f1a4f6805fd");
INSERT INTO V_LOC
	VALUES ("bf7ce8f9-60d7-4661-a73c-54474cd9d40b",
	105,
	10,
	13,
	"8573e5c0-98bf-4593-9198-5f1a4f6805fd");
INSERT INTO V_LOC
	VALUES ("e01745ee-855e-4e25-8066-cbffdafa0d8e",
	114,
	33,
	36,
	"8573e5c0-98bf-4593-9198-5f1a4f6805fd");
INSERT INTO V_LOC
	VALUES ("86e4eb7e-c74e-4b73-bbd9-41af379a58b0",
	114,
	50,
	53,
	"8573e5c0-98bf-4593-9198-5f1a4f6805fd");
INSERT INTO ACT_BLK
	VALUES ("781b2c45-da0a-4c56-9f1f-353837cad42b",
	0,
	0,
	0,
	'LOG',
	'',
	'',
	32,
	3,
	32,
	3,
	0,
	0,
	0,
	0,
	0,
	0,
	0,
	0,
	0,
	"6204c7d1-fe1d-4753-b646-c02c0f9582c1",
	"00000000-0000-0000-0000-000000000000");
INSERT INTO ACT_SMT
	VALUES ("9160c997-c84d-44f8-bba7-2139ca13a502",
	"781b2c45-da0a-4c56-9f1f-353837cad42b",
	"00000000-0000-0000-0000-000000000000",
	32,
	3,
	'CheckSDTs::Begin line: 32');
INSERT INTO ACT_BRG
	VALUES ("9160c997-c84d-44f8-bba7-2139ca13a502",
	"f2f7277d-5b46-4382-aca0-8e16b822b623",
	32,
	8,
	32,
	3);
INSERT INTO V_VAL
	VALUES ("42198fb8-95cc-4f52-9ca8-05c679a395e0",
	0,
	0,
	32,
	29,
	63,
	0,
	0,
	0,
	0,
	"fc579625-527e-4796-9485-440b72c36cdf",
	"781b2c45-da0a-4c56-9f1f-353837cad42b");
INSERT INTO V_LST
	VALUES ("42198fb8-95cc-4f52-9ca8-05c679a395e0",
	'Successful read of SDT int member.');
INSERT INTO V_PAR
	VALUES ("42198fb8-95cc-4f52-9ca8-05c679a395e0",
	"9160c997-c84d-44f8-bba7-2139ca13a502",
	"00000000-0000-0000-0000-000000000000",
	'message',
	"00000000-0000-0000-0000-000000000000",
	32,
	20);
INSERT INTO ACT_BLK
	VALUES ("99c75729-97f2-4ff2-b657-d47b3aabd4db",
	0,
	0,
	0,
	'LOG',
	'',
	'',
	35,
	3,
	34,
	3,
	0,
	0,
	0,
	0,
	0,
	0,
	0,
	0,
	0,
	"6204c7d1-fe1d-4753-b646-c02c0f9582c1",
	"00000000-0000-0000-0000-000000000000");
INSERT INTO ACT_SMT
	VALUES ("7c80da70-147a-461a-a28a-abb0b916d251",
	"99c75729-97f2-4ff2-b657-d47b3aabd4db",
	"a3b7bd58-e4b8-4aca-a894-52c7a59406db",
	34,
	3,
	'CheckSDTs::Begin line: 34');
INSERT INTO ACT_BRG
	VALUES ("7c80da70-147a-461a-a28a-abb0b916d251",
	"85a2ae18-4cb8-4b1f-a989-c9af21c1561b",
	34,
	8,
	34,
	3);
INSERT INTO ACT_SMT
	VALUES ("a3b7bd58-e4b8-4aca-a894-52c7a59406db",
	"99c75729-97f2-4ff2-b657-d47b3aabd4db",
	"00000000-0000-0000-0000-000000000000",
	35,
	3,
	'CheckSDTs::Begin line: 35');
INSERT INTO ACT_FNC
	VALUES ("a3b7bd58-e4b8-4aca-a894-52c7a59406db",
	"a3929c52-9e1a-45f7-acc5-5bd9cf747c56",
	35,
	5);
INSERT INTO V_VAL
	VALUES ("2f68aecd-e4e9-4681-b767-e219632b634c",
	0,
	0,
	34,
	29,
	65,
	0,
	0,
	0,
	0,
	"fc579625-527e-4796-9485-440b72c36cdf",
	"99c75729-97f2-4ff2-b657-d47b3aabd4db");
INSERT INTO V_LST
	VALUES ("2f68aecd-e4e9-4681-b767-e219632b634c",
	'Unsuccessful read of SDT int member.');
INSERT INTO V_PAR
	VALUES ("2f68aecd-e4e9-4681-b767-e219632b634c",
	"7c80da70-147a-461a-a28a-abb0b916d251",
	"00000000-0000-0000-0000-000000000000",
	'message',
	"00000000-0000-0000-0000-000000000000",
	34,
	20);
INSERT INTO ACT_BLK
	VALUES ("6321876d-d396-4505-ba1b-1d5e6137ff4c",
	0,
	0,
	0,
	'LOG',
	'',
	'',
	38,
	3,
	38,
	3,
	0,
	0,
	0,
	0,
	0,
	0,
	0,
	0,
	0,
	"6204c7d1-fe1d-4753-b646-c02c0f9582c1",
	"00000000-0000-0000-0000-000000000000");
INSERT INTO ACT_SMT
	VALUES ("6c94ce61-a8c8-435c-83fb-d5930401f524",
	"6321876d-d396-4505-ba1b-1d5e6137ff4c",
	"00000000-0000-0000-0000-000000000000",
	38,
	3,
	'CheckSDTs::Begin line: 38');
INSERT INTO ACT_BRG
	VALUES ("6c94ce61-a8c8-435c-83fb-d5930401f524",
	"f2f7277d-5b46-4382-aca0-8e16b822b623",
	38,
	8,
	38,
	3);
INSERT INTO V_VAL
	VALUES ("1d1acab5-2a38-41f8-8547-ae4bd115a7e2",
	0,
	0,
	38,
	29,
	67,
	0,
	0,
	0,
	0,
	"fc579625-527e-4796-9485-440b72c36cdf",
	"6321876d-d396-4505-ba1b-1d5e6137ff4c");
INSERT INTO V_LST
	VALUES ("1d1acab5-2a38-41f8-8547-ae4bd115a7e2",
	'Successful read of SDT boolean member.');
INSERT INTO V_PAR
	VALUES ("1d1acab5-2a38-41f8-8547-ae4bd115a7e2",
	"6c94ce61-a8c8-435c-83fb-d5930401f524",
	"00000000-0000-0000-0000-000000000000",
	'message',
	"00000000-0000-0000-0000-000000000000",
	38,
	20);
INSERT INTO ACT_BLK
	VALUES ("2e5a1149-e450-42aa-bccc-6dcfe5598683",
	0,
	0,
	0,
	'LOG',
	'',
	'',
	41,
	3,
	40,
	3,
	0,
	0,
	0,
	0,
	0,
	0,
	0,
	0,
	0,
	"6204c7d1-fe1d-4753-b646-c02c0f9582c1",
	"00000000-0000-0000-0000-000000000000");
INSERT INTO ACT_SMT
	VALUES ("e11e385b-7c08-4f9d-836e-895c8f5b810d",
	"2e5a1149-e450-42aa-bccc-6dcfe5598683",
	"9fade015-0a8b-4ae6-8775-30c48da1d600",
	40,
	3,
	'CheckSDTs::Begin line: 40');
INSERT INTO ACT_BRG
	VALUES ("e11e385b-7c08-4f9d-836e-895c8f5b810d",
	"85a2ae18-4cb8-4b1f-a989-c9af21c1561b",
	40,
	8,
	40,
	3);
INSERT INTO ACT_SMT
	VALUES ("9fade015-0a8b-4ae6-8775-30c48da1d600",
	"2e5a1149-e450-42aa-bccc-6dcfe5598683",
	"00000000-0000-0000-0000-000000000000",
	41,
	3,
	'CheckSDTs::Begin line: 41');
INSERT INTO ACT_FNC
	VALUES ("9fade015-0a8b-4ae6-8775-30c48da1d600",
	"a3929c52-9e1a-45f7-acc5-5bd9cf747c56",
	41,
	5);
INSERT INTO V_VAL
	VALUES ("593132e5-c79e-4065-99be-80f2e109757f",
	0,
	0,
	40,
	29,
	69,
	0,
	0,
	0,
	0,
	"fc579625-527e-4796-9485-440b72c36cdf",
	"2e5a1149-e450-42aa-bccc-6dcfe5598683");
INSERT INTO V_LST
	VALUES ("593132e5-c79e-4065-99be-80f2e109757f",
	'Unsuccessful read of SDT boolean member.');
INSERT INTO V_PAR
	VALUES ("593132e5-c79e-4065-99be-80f2e109757f",
	"e11e385b-7c08-4f9d-836e-895c8f5b810d",
	"00000000-0000-0000-0000-000000000000",
	'message',
	"00000000-0000-0000-0000-000000000000",
	40,
	20);
INSERT INTO ACT_BLK
	VALUES ("48cfc1f9-ebf7-41b6-b234-7feb29cae9f0",
	0,
	0,
	0,
	'LOG',
	'',
	'',
	44,
	3,
	44,
	3,
	0,
	0,
	0,
	0,
	0,
	0,
	0,
	0,
	0,
	"6204c7d1-fe1d-4753-b646-c02c0f9582c1",
	"00000000-0000-0000-0000-000000000000");
INSERT INTO ACT_SMT
	VALUES ("e4e7c234-c780-4570-89a6-95f6eb849033",
	"48cfc1f9-ebf7-41b6-b234-7feb29cae9f0",
	"00000000-0000-0000-0000-000000000000",
	44,
	3,
	'CheckSDTs::Begin line: 44');
INSERT INTO ACT_BRG
	VALUES ("e4e7c234-c780-4570-89a6-95f6eb849033",
	"f2f7277d-5b46-4382-aca0-8e16b822b623",
	44,
	8,
	44,
	3);
INSERT INTO V_VAL
	VALUES ("d857925b-def5-451f-aadc-ec171015fea0",
	0,
	0,
	44,
	29,
	64,
	0,
	0,
	0,
	0,
	"fc579625-527e-4796-9485-440b72c36cdf",
	"48cfc1f9-ebf7-41b6-b234-7feb29cae9f0");
INSERT INTO V_LST
	VALUES ("d857925b-def5-451f-aadc-ec171015fea0",
	'Successful read of SDT date member.');
INSERT INTO V_PAR
	VALUES ("d857925b-def5-451f-aadc-ec171015fea0",
	"e4e7c234-c780-4570-89a6-95f6eb849033",
	"00000000-0000-0000-0000-000000000000",
	'message',
	"00000000-0000-0000-0000-000000000000",
	44,
	20);
INSERT INTO ACT_BLK
	VALUES ("6dd11935-e078-4862-91e4-6dc6bf441f10",
	0,
	0,
	0,
	'LOG',
	'',
	'',
	47,
	3,
	46,
	3,
	0,
	0,
	0,
	0,
	0,
	0,
	0,
	0,
	0,
	"6204c7d1-fe1d-4753-b646-c02c0f9582c1",
	"00000000-0000-0000-0000-000000000000");
INSERT INTO ACT_SMT
	VALUES ("85f37f8e-b25c-42e6-8f97-08b9d43d5c54",
	"6dd11935-e078-4862-91e4-6dc6bf441f10",
	"6706a367-87e0-4313-a6b3-1a41903d7485",
	46,
	3,
	'CheckSDTs::Begin line: 46');
INSERT INTO ACT_BRG
	VALUES ("85f37f8e-b25c-42e6-8f97-08b9d43d5c54",
	"85a2ae18-4cb8-4b1f-a989-c9af21c1561b",
	46,
	8,
	46,
	3);
INSERT INTO ACT_SMT
	VALUES ("6706a367-87e0-4313-a6b3-1a41903d7485",
	"6dd11935-e078-4862-91e4-6dc6bf441f10",
	"00000000-0000-0000-0000-000000000000",
	47,
	3,
	'CheckSDTs::Begin line: 47');
INSERT INTO ACT_FNC
	VALUES ("6706a367-87e0-4313-a6b3-1a41903d7485",
	"a3929c52-9e1a-45f7-acc5-5bd9cf747c56",
	47,
	5);
INSERT INTO V_VAL
	VALUES ("3038b506-4e59-4dbe-9e91-98e47097721a",
	0,
	0,
	46,
	29,
	66,
	0,
	0,
	0,
	0,
	"fc579625-527e-4796-9485-440b72c36cdf",
	"6dd11935-e078-4862-91e4-6dc6bf441f10");
INSERT INTO V_LST
	VALUES ("3038b506-4e59-4dbe-9e91-98e47097721a",
	'Unsuccessful read of SDT date member.');
INSERT INTO V_PAR
	VALUES ("3038b506-4e59-4dbe-9e91-98e47097721a",
	"85f37f8e-b25c-42e6-8f97-08b9d43d5c54",
	"00000000-0000-0000-0000-000000000000",
	'message',
	"00000000-0000-0000-0000-000000000000",
	46,
	20);
INSERT INTO ACT_BLK
	VALUES ("4590c0d4-0a42-4ef2-9a42-cf0a350eb6a3",
	0,
	0,
	0,
	'LOG',
	'',
	'',
	50,
	3,
	50,
	3,
	0,
	0,
	0,
	0,
	0,
	0,
	0,
	0,
	0,
	"6204c7d1-fe1d-4753-b646-c02c0f9582c1",
	"00000000-0000-0000-0000-000000000000");
INSERT INTO ACT_SMT
	VALUES ("5ffde144-c1c5-414d-abf7-8b51b9aac51f",
	"4590c0d4-0a42-4ef2-9a42-cf0a350eb6a3",
	"00000000-0000-0000-0000-000000000000",
	50,
	3,
	'CheckSDTs::Begin line: 50');
INSERT INTO ACT_BRG
	VALUES ("5ffde144-c1c5-414d-abf7-8b51b9aac51f",
	"f2f7277d-5b46-4382-aca0-8e16b822b623",
	50,
	8,
	50,
	3);
INSERT INTO V_VAL
	VALUES ("8e222f60-1103-4e27-956f-47747b60aba6",
	0,
	0,
	50,
	29,
	64,
	0,
	0,
	0,
	0,
	"fc579625-527e-4796-9485-440b72c36cdf",
	"4590c0d4-0a42-4ef2-9a42-cf0a350eb6a3");
INSERT INTO V_LST
	VALUES ("8e222f60-1103-4e27-956f-47747b60aba6",
	'Successful read of SDT real member.');
INSERT INTO V_PAR
	VALUES ("8e222f60-1103-4e27-956f-47747b60aba6",
	"5ffde144-c1c5-414d-abf7-8b51b9aac51f",
	"00000000-0000-0000-0000-000000000000",
	'message',
	"00000000-0000-0000-0000-000000000000",
	50,
	20);
INSERT INTO ACT_BLK
	VALUES ("770f25ee-1e30-47ea-bff8-fedc34538a70",
	0,
	0,
	0,
	'LOG',
	'',
	'',
	53,
	3,
	52,
	3,
	0,
	0,
	0,
	0,
	0,
	0,
	0,
	0,
	0,
	"6204c7d1-fe1d-4753-b646-c02c0f9582c1",
	"00000000-0000-0000-0000-000000000000");
INSERT INTO ACT_SMT
	VALUES ("690e8123-1934-4697-91fa-1074f8cdea59",
	"770f25ee-1e30-47ea-bff8-fedc34538a70",
	"be1ed87b-86aa-4fdb-a14a-3cd2dc8b4e33",
	52,
	3,
	'CheckSDTs::Begin line: 52');
INSERT INTO ACT_BRG
	VALUES ("690e8123-1934-4697-91fa-1074f8cdea59",
	"85a2ae18-4cb8-4b1f-a989-c9af21c1561b",
	52,
	8,
	52,
	3);
INSERT INTO ACT_SMT
	VALUES ("be1ed87b-86aa-4fdb-a14a-3cd2dc8b4e33",
	"770f25ee-1e30-47ea-bff8-fedc34538a70",
	"00000000-0000-0000-0000-000000000000",
	53,
	3,
	'CheckSDTs::Begin line: 53');
INSERT INTO ACT_FNC
	VALUES ("be1ed87b-86aa-4fdb-a14a-3cd2dc8b4e33",
	"a3929c52-9e1a-45f7-acc5-5bd9cf747c56",
	53,
	5);
INSERT INTO V_VAL
	VALUES ("56d64777-5e10-4a1b-924b-376e89b5d552",
	0,
	0,
	52,
	29,
	66,
	0,
	0,
	0,
	0,
	"fc579625-527e-4796-9485-440b72c36cdf",
	"770f25ee-1e30-47ea-bff8-fedc34538a70");
INSERT INTO V_LST
	VALUES ("56d64777-5e10-4a1b-924b-376e89b5d552",
	'Unsuccessful read of SDT real member.');
INSERT INTO V_PAR
	VALUES ("56d64777-5e10-4a1b-924b-376e89b5d552",
	"690e8123-1934-4697-91fa-1074f8cdea59",
	"00000000-0000-0000-0000-000000000000",
	'message',
	"00000000-0000-0000-0000-000000000000",
	52,
	20);
INSERT INTO ACT_BLK
	VALUES ("69b73949-6caf-4855-92b0-8422ac6dc193",
	0,
	0,
	0,
	'LOG',
	'',
	'',
	56,
	3,
	56,
	3,
	0,
	0,
	0,
	0,
	0,
	0,
	0,
	0,
	0,
	"6204c7d1-fe1d-4753-b646-c02c0f9582c1",
	"00000000-0000-0000-0000-000000000000");
INSERT INTO ACT_SMT
	VALUES ("d0823e3d-44b2-4a50-8c06-5283f495d968",
	"69b73949-6caf-4855-92b0-8422ac6dc193",
	"00000000-0000-0000-0000-000000000000",
	56,
	3,
	'CheckSDTs::Begin line: 56');
INSERT INTO ACT_BRG
	VALUES ("d0823e3d-44b2-4a50-8c06-5283f495d968",
	"f2f7277d-5b46-4382-aca0-8e16b822b623",
	56,
	8,
	56,
	3);
INSERT INTO V_VAL
	VALUES ("b69b23a2-6388-4b07-896c-ae95ffae1a00",
	0,
	0,
	56,
	29,
	66,
	0,
	0,
	0,
	0,
	"fc579625-527e-4796-9485-440b72c36cdf",
	"69b73949-6caf-4855-92b0-8422ac6dc193");
INSERT INTO V_LST
	VALUES ("b69b23a2-6388-4b07-896c-ae95ffae1a00",
	'Successful read of SDT string member.');
INSERT INTO V_PAR
	VALUES ("b69b23a2-6388-4b07-896c-ae95ffae1a00",
	"d0823e3d-44b2-4a50-8c06-5283f495d968",
	"00000000-0000-0000-0000-000000000000",
	'message',
	"00000000-0000-0000-0000-000000000000",
	56,
	20);
INSERT INTO ACT_BLK
	VALUES ("68941b39-39f6-4c98-8543-44b15e86ae2e",
	0,
	0,
	0,
	'LOG',
	'',
	'',
	59,
	3,
	58,
	3,
	0,
	0,
	0,
	0,
	0,
	0,
	0,
	0,
	0,
	"6204c7d1-fe1d-4753-b646-c02c0f9582c1",
	"00000000-0000-0000-0000-000000000000");
INSERT INTO ACT_SMT
	VALUES ("96c5ca58-b78d-4e6f-b2c6-280022e1834f",
	"68941b39-39f6-4c98-8543-44b15e86ae2e",
	"bf1e49e0-c7ba-4796-be4c-b2a541332071",
	58,
	3,
	'CheckSDTs::Begin line: 58');
INSERT INTO ACT_BRG
	VALUES ("96c5ca58-b78d-4e6f-b2c6-280022e1834f",
	"85a2ae18-4cb8-4b1f-a989-c9af21c1561b",
	58,
	8,
	58,
	3);
INSERT INTO ACT_SMT
	VALUES ("bf1e49e0-c7ba-4796-be4c-b2a541332071",
	"68941b39-39f6-4c98-8543-44b15e86ae2e",
	"00000000-0000-0000-0000-000000000000",
	59,
	3,
	'CheckSDTs::Begin line: 59');
INSERT INTO ACT_FNC
	VALUES ("bf1e49e0-c7ba-4796-be4c-b2a541332071",
	"a3929c52-9e1a-45f7-acc5-5bd9cf747c56",
	59,
	5);
INSERT INTO V_VAL
	VALUES ("bd8c5861-e6d0-49eb-ae96-003c3bd6046a",
	0,
	0,
	58,
	29,
	68,
	0,
	0,
	0,
	0,
	"fc579625-527e-4796-9485-440b72c36cdf",
	"68941b39-39f6-4c98-8543-44b15e86ae2e");
INSERT INTO V_LST
	VALUES ("bd8c5861-e6d0-49eb-ae96-003c3bd6046a",
	'Unsuccessful read of SDT string member.');
INSERT INTO V_PAR
	VALUES ("bd8c5861-e6d0-49eb-ae96-003c3bd6046a",
	"96c5ca58-b78d-4e6f-b2c6-280022e1834f",
	"00000000-0000-0000-0000-000000000000",
	'message',
	"00000000-0000-0000-0000-000000000000",
	58,
	20);
INSERT INTO ACT_BLK
	VALUES ("bbb447f2-6a59-4152-a35c-4f3aee27a463",
	0,
	0,
	0,
	'LOG',
	'',
	'',
	62,
	3,
	62,
	3,
	0,
	0,
	0,
	0,
	0,
	0,
	0,
	0,
	0,
	"6204c7d1-fe1d-4753-b646-c02c0f9582c1",
	"00000000-0000-0000-0000-000000000000");
INSERT INTO ACT_SMT
	VALUES ("525af285-ad66-414b-8566-fb45de576dc6",
	"bbb447f2-6a59-4152-a35c-4f3aee27a463",
	"00000000-0000-0000-0000-000000000000",
	62,
	3,
	'CheckSDTs::Begin line: 62');
INSERT INTO ACT_BRG
	VALUES ("525af285-ad66-414b-8566-fb45de576dc6",
	"f2f7277d-5b46-4382-aca0-8e16b822b623",
	62,
	8,
	62,
	3);
INSERT INTO V_VAL
	VALUES ("cf121937-9956-4b45-8a33-5d5f961fcfa0",
	0,
	0,
	62,
	29,
	69,
	0,
	0,
	0,
	0,
	"fc579625-527e-4796-9485-440b72c36cdf",
	"bbb447f2-6a59-4152-a35c-4f3aee27a463");
INSERT INTO V_LST
	VALUES ("cf121937-9956-4b45-8a33-5d5f961fcfa0",
	'Successful read of SDT timestamp member.');
INSERT INTO V_PAR
	VALUES ("cf121937-9956-4b45-8a33-5d5f961fcfa0",
	"525af285-ad66-414b-8566-fb45de576dc6",
	"00000000-0000-0000-0000-000000000000",
	'message',
	"00000000-0000-0000-0000-000000000000",
	62,
	20);
INSERT INTO ACT_BLK
	VALUES ("847c8763-0653-4d7e-9bea-1b110043cbba",
	0,
	0,
	0,
	'LOG',
	'',
	'',
	65,
	3,
	64,
	3,
	0,
	0,
	0,
	0,
	0,
	0,
	0,
	0,
	0,
	"6204c7d1-fe1d-4753-b646-c02c0f9582c1",
	"00000000-0000-0000-0000-000000000000");
INSERT INTO ACT_SMT
	VALUES ("ce24d478-d522-4468-b898-f3767d69d890",
	"847c8763-0653-4d7e-9bea-1b110043cbba",
	"c7c9c4ab-fa4d-4d81-870f-89ec1619ecb7",
	64,
	3,
	'CheckSDTs::Begin line: 64');
INSERT INTO ACT_BRG
	VALUES ("ce24d478-d522-4468-b898-f3767d69d890",
	"85a2ae18-4cb8-4b1f-a989-c9af21c1561b",
	64,
	8,
	64,
	3);
INSERT INTO ACT_SMT
	VALUES ("c7c9c4ab-fa4d-4d81-870f-89ec1619ecb7",
	"847c8763-0653-4d7e-9bea-1b110043cbba",
	"00000000-0000-0000-0000-000000000000",
	65,
	3,
	'CheckSDTs::Begin line: 65');
INSERT INTO ACT_FNC
	VALUES ("c7c9c4ab-fa4d-4d81-870f-89ec1619ecb7",
	"a3929c52-9e1a-45f7-acc5-5bd9cf747c56",
	65,
	5);
INSERT INTO V_VAL
	VALUES ("42375acd-b72a-46a8-8c39-f4557adc3af3",
	0,
	0,
	64,
	29,
	71,
	0,
	0,
	0,
	0,
	"fc579625-527e-4796-9485-440b72c36cdf",
	"847c8763-0653-4d7e-9bea-1b110043cbba");
INSERT INTO V_LST
	VALUES ("42375acd-b72a-46a8-8c39-f4557adc3af3",
	'Unsuccessful read of SDT timestamp member.');
INSERT INTO V_PAR
	VALUES ("42375acd-b72a-46a8-8c39-f4557adc3af3",
	"ce24d478-d522-4468-b898-f3767d69d890",
	"00000000-0000-0000-0000-000000000000",
	'message',
	"00000000-0000-0000-0000-000000000000",
	64,
	20);
INSERT INTO ACT_BLK
	VALUES ("9f248117-ecfd-458b-820a-68643540bc72",
	0,
	0,
	0,
	'LOG',
	'',
	'',
	71,
	3,
	71,
	3,
	0,
	0,
	0,
	0,
	0,
	0,
	0,
	0,
	0,
	"6204c7d1-fe1d-4753-b646-c02c0f9582c1",
	"00000000-0000-0000-0000-000000000000");
INSERT INTO ACT_SMT
	VALUES ("756ff7ad-f518-4622-b783-e1ee63dfe246",
	"9f248117-ecfd-458b-820a-68643540bc72",
	"00000000-0000-0000-0000-000000000000",
	71,
	3,
	'CheckSDTs::Begin line: 71');
INSERT INTO ACT_BRG
	VALUES ("756ff7ad-f518-4622-b783-e1ee63dfe246",
	"f2f7277d-5b46-4382-aca0-8e16b822b623",
	71,
	8,
	71,
	3);
INSERT INTO V_VAL
	VALUES ("1a81385c-d10f-4e82-b989-5d77f0ec3a7f",
	0,
	0,
	71,
	29,
	70,
	0,
	0,
	0,
	0,
	"fc579625-527e-4796-9485-440b72c36cdf",
	"9f248117-ecfd-458b-820a-68643540bc72");
INSERT INTO V_LST
	VALUES ("1a81385c-d10f-4e82-b989-5d77f0ec3a7f",
	'Successful read of nested SDT int member.');
INSERT INTO V_PAR
	VALUES ("1a81385c-d10f-4e82-b989-5d77f0ec3a7f",
	"756ff7ad-f518-4622-b783-e1ee63dfe246",
	"00000000-0000-0000-0000-000000000000",
	'message',
	"00000000-0000-0000-0000-000000000000",
	71,
	20);
INSERT INTO ACT_BLK
	VALUES ("ff72b40d-2998-4779-8615-6060a2ee6726",
	0,
	0,
	0,
	'LOG',
	'',
	'',
	74,
	3,
	73,
	3,
	0,
	0,
	0,
	0,
	0,
	0,
	0,
	0,
	0,
	"6204c7d1-fe1d-4753-b646-c02c0f9582c1",
	"00000000-0000-0000-0000-000000000000");
INSERT INTO ACT_SMT
	VALUES ("dee92e75-abd8-415f-a0d9-010cf58a0f8b",
	"ff72b40d-2998-4779-8615-6060a2ee6726",
	"b539ceaf-7f15-4ec5-8269-69d83c0457f6",
	73,
	3,
	'CheckSDTs::Begin line: 73');
INSERT INTO ACT_BRG
	VALUES ("dee92e75-abd8-415f-a0d9-010cf58a0f8b",
	"85a2ae18-4cb8-4b1f-a989-c9af21c1561b",
	73,
	8,
	73,
	3);
INSERT INTO ACT_SMT
	VALUES ("b539ceaf-7f15-4ec5-8269-69d83c0457f6",
	"ff72b40d-2998-4779-8615-6060a2ee6726",
	"00000000-0000-0000-0000-000000000000",
	74,
	3,
	'CheckSDTs::Begin line: 74');
INSERT INTO ACT_FNC
	VALUES ("b539ceaf-7f15-4ec5-8269-69d83c0457f6",
	"a3929c52-9e1a-45f7-acc5-5bd9cf747c56",
	74,
	5);
INSERT INTO V_VAL
	VALUES ("f0073031-472a-4e71-8d83-fa26b39a2499",
	0,
	0,
	73,
	29,
	72,
	0,
	0,
	0,
	0,
	"fc579625-527e-4796-9485-440b72c36cdf",
	"ff72b40d-2998-4779-8615-6060a2ee6726");
INSERT INTO V_LST
	VALUES ("f0073031-472a-4e71-8d83-fa26b39a2499",
	'Unsuccessful read of nested SDT int member.');
INSERT INTO V_PAR
	VALUES ("f0073031-472a-4e71-8d83-fa26b39a2499",
	"dee92e75-abd8-415f-a0d9-010cf58a0f8b",
	"00000000-0000-0000-0000-000000000000",
	'message',
	"00000000-0000-0000-0000-000000000000",
	73,
	20);
INSERT INTO ACT_BLK
	VALUES ("f3eb6346-3cea-4371-974b-a37045ebe2fd",
	0,
	0,
	0,
	'LOG',
	'',
	'',
	78,
	3,
	78,
	3,
	0,
	0,
	0,
	0,
	0,
	0,
	0,
	0,
	0,
	"6204c7d1-fe1d-4753-b646-c02c0f9582c1",
	"00000000-0000-0000-0000-000000000000");
INSERT INTO ACT_SMT
	VALUES ("49f976c6-d6ca-492d-953a-c1c8072b7c77",
	"f3eb6346-3cea-4371-974b-a37045ebe2fd",
	"00000000-0000-0000-0000-000000000000",
	78,
	3,
	'CheckSDTs::Begin line: 78');
INSERT INTO ACT_BRG
	VALUES ("49f976c6-d6ca-492d-953a-c1c8072b7c77",
	"f2f7277d-5b46-4382-aca0-8e16b822b623",
	78,
	8,
	78,
	3);
INSERT INTO V_VAL
	VALUES ("2e79b8d0-24d6-416b-a860-03ad224b2566",
	0,
	0,
	78,
	29,
	74,
	0,
	0,
	0,
	0,
	"fc579625-527e-4796-9485-440b72c36cdf",
	"f3eb6346-3cea-4371-974b-a37045ebe2fd");
INSERT INTO V_LST
	VALUES ("2e79b8d0-24d6-416b-a860-03ad224b2566",
	'Successful read of nested SDT boolean member.');
INSERT INTO V_PAR
	VALUES ("2e79b8d0-24d6-416b-a860-03ad224b2566",
	"49f976c6-d6ca-492d-953a-c1c8072b7c77",
	"00000000-0000-0000-0000-000000000000",
	'message',
	"00000000-0000-0000-0000-000000000000",
	78,
	20);
INSERT INTO ACT_BLK
	VALUES ("eee62969-bca9-47dd-8e15-5d639d9764db",
	0,
	0,
	0,
	'LOG',
	'',
	'',
	81,
	3,
	80,
	3,
	0,
	0,
	0,
	0,
	0,
	0,
	0,
	0,
	0,
	"6204c7d1-fe1d-4753-b646-c02c0f9582c1",
	"00000000-0000-0000-0000-000000000000");
INSERT INTO ACT_SMT
	VALUES ("5e84e898-b5e6-4848-b490-6978f56740fc",
	"eee62969-bca9-47dd-8e15-5d639d9764db",
	"acdc18bb-55b8-4888-9ed7-2994c1e41b02",
	80,
	3,
	'CheckSDTs::Begin line: 80');
INSERT INTO ACT_BRG
	VALUES ("5e84e898-b5e6-4848-b490-6978f56740fc",
	"85a2ae18-4cb8-4b1f-a989-c9af21c1561b",
	80,
	8,
	80,
	3);
INSERT INTO ACT_SMT
	VALUES ("acdc18bb-55b8-4888-9ed7-2994c1e41b02",
	"eee62969-bca9-47dd-8e15-5d639d9764db",
	"00000000-0000-0000-0000-000000000000",
	81,
	3,
	'CheckSDTs::Begin line: 81');
INSERT INTO ACT_FNC
	VALUES ("acdc18bb-55b8-4888-9ed7-2994c1e41b02",
	"a3929c52-9e1a-45f7-acc5-5bd9cf747c56",
	81,
	5);
INSERT INTO V_VAL
	VALUES ("0492d5c4-8c22-4d32-b06e-a3bdc8e31c32",
	0,
	0,
	80,
	29,
	76,
	0,
	0,
	0,
	0,
	"fc579625-527e-4796-9485-440b72c36cdf",
	"eee62969-bca9-47dd-8e15-5d639d9764db");
INSERT INTO V_LST
	VALUES ("0492d5c4-8c22-4d32-b06e-a3bdc8e31c32",
	'Unsuccessful read of nested SDT boolean member.');
INSERT INTO V_PAR
	VALUES ("0492d5c4-8c22-4d32-b06e-a3bdc8e31c32",
	"5e84e898-b5e6-4848-b490-6978f56740fc",
	"00000000-0000-0000-0000-000000000000",
	'message',
	"00000000-0000-0000-0000-000000000000",
	80,
	20);
INSERT INTO ACT_BLK
	VALUES ("814915ab-0f0c-4faa-aebe-f13ff335f97c",
	0,
	0,
	0,
	'LOG',
	'',
	'',
	85,
	3,
	85,
	3,
	0,
	0,
	0,
	0,
	0,
	0,
	0,
	0,
	0,
	"6204c7d1-fe1d-4753-b646-c02c0f9582c1",
	"00000000-0000-0000-0000-000000000000");
INSERT INTO ACT_SMT
	VALUES ("ab9b837d-b5ea-4b8d-8d52-d8c81913039a",
	"814915ab-0f0c-4faa-aebe-f13ff335f97c",
	"00000000-0000-0000-0000-000000000000",
	85,
	3,
	'CheckSDTs::Begin line: 85');
INSERT INTO ACT_BRG
	VALUES ("ab9b837d-b5ea-4b8d-8d52-d8c81913039a",
	"f2f7277d-5b46-4382-aca0-8e16b822b623",
	85,
	8,
	85,
	3);
INSERT INTO V_VAL
	VALUES ("af5b7813-034b-40f8-b14d-fa79b3df783b",
	0,
	0,
	85,
	29,
	71,
	0,
	0,
	0,
	0,
	"fc579625-527e-4796-9485-440b72c36cdf",
	"814915ab-0f0c-4faa-aebe-f13ff335f97c");
INSERT INTO V_LST
	VALUES ("af5b7813-034b-40f8-b14d-fa79b3df783b",
	'Successful read of nested SDT date member.');
INSERT INTO V_PAR
	VALUES ("af5b7813-034b-40f8-b14d-fa79b3df783b",
	"ab9b837d-b5ea-4b8d-8d52-d8c81913039a",
	"00000000-0000-0000-0000-000000000000",
	'message',
	"00000000-0000-0000-0000-000000000000",
	85,
	20);
INSERT INTO ACT_BLK
	VALUES ("204a32bf-634b-40cc-8086-1de72e3f8104",
	0,
	0,
	0,
	'LOG',
	'',
	'',
	88,
	3,
	87,
	3,
	0,
	0,
	0,
	0,
	0,
	0,
	0,
	0,
	0,
	"6204c7d1-fe1d-4753-b646-c02c0f9582c1",
	"00000000-0000-0000-0000-000000000000");
INSERT INTO ACT_SMT
	VALUES ("bba9decb-bc50-4cc7-8581-3247e639f5b8",
	"204a32bf-634b-40cc-8086-1de72e3f8104",
	"53a8932b-13e9-48e4-ac86-d2d4b7ccb015",
	87,
	3,
	'CheckSDTs::Begin line: 87');
INSERT INTO ACT_BRG
	VALUES ("bba9decb-bc50-4cc7-8581-3247e639f5b8",
	"85a2ae18-4cb8-4b1f-a989-c9af21c1561b",
	87,
	8,
	87,
	3);
INSERT INTO ACT_SMT
	VALUES ("53a8932b-13e9-48e4-ac86-d2d4b7ccb015",
	"204a32bf-634b-40cc-8086-1de72e3f8104",
	"00000000-0000-0000-0000-000000000000",
	88,
	3,
	'CheckSDTs::Begin line: 88');
INSERT INTO ACT_FNC
	VALUES ("53a8932b-13e9-48e4-ac86-d2d4b7ccb015",
	"a3929c52-9e1a-45f7-acc5-5bd9cf747c56",
	88,
	5);
INSERT INTO V_VAL
	VALUES ("9e28dcfd-a77b-400a-af22-6e2a431b6660",
	0,
	0,
	87,
	29,
	73,
	0,
	0,
	0,
	0,
	"fc579625-527e-4796-9485-440b72c36cdf",
	"204a32bf-634b-40cc-8086-1de72e3f8104");
INSERT INTO V_LST
	VALUES ("9e28dcfd-a77b-400a-af22-6e2a431b6660",
	'Unsuccessful read of nested SDT date member.');
INSERT INTO V_PAR
	VALUES ("9e28dcfd-a77b-400a-af22-6e2a431b6660",
	"bba9decb-bc50-4cc7-8581-3247e639f5b8",
	"00000000-0000-0000-0000-000000000000",
	'message',
	"00000000-0000-0000-0000-000000000000",
	87,
	20);
INSERT INTO ACT_BLK
	VALUES ("303f5f18-5bab-465d-b1d5-04ac431a4aa7",
	0,
	0,
	0,
	'LOG',
	'',
	'',
	92,
	3,
	92,
	3,
	0,
	0,
	0,
	0,
	0,
	0,
	0,
	0,
	0,
	"6204c7d1-fe1d-4753-b646-c02c0f9582c1",
	"00000000-0000-0000-0000-000000000000");
INSERT INTO ACT_SMT
	VALUES ("d6bca495-ffce-492a-bef8-a6ae13ce1800",
	"303f5f18-5bab-465d-b1d5-04ac431a4aa7",
	"00000000-0000-0000-0000-000000000000",
	92,
	3,
	'CheckSDTs::Begin line: 92');
INSERT INTO ACT_BRG
	VALUES ("d6bca495-ffce-492a-bef8-a6ae13ce1800",
	"f2f7277d-5b46-4382-aca0-8e16b822b623",
	92,
	8,
	92,
	3);
INSERT INTO V_VAL
	VALUES ("c253fd1f-87c5-44dc-98b1-7fa20cba6f80",
	0,
	0,
	92,
	29,
	71,
	0,
	0,
	0,
	0,
	"fc579625-527e-4796-9485-440b72c36cdf",
	"303f5f18-5bab-465d-b1d5-04ac431a4aa7");
INSERT INTO V_LST
	VALUES ("c253fd1f-87c5-44dc-98b1-7fa20cba6f80",
	'Successful read of nested SDT real member.');
INSERT INTO V_PAR
	VALUES ("c253fd1f-87c5-44dc-98b1-7fa20cba6f80",
	"d6bca495-ffce-492a-bef8-a6ae13ce1800",
	"00000000-0000-0000-0000-000000000000",
	'message',
	"00000000-0000-0000-0000-000000000000",
	92,
	20);
INSERT INTO ACT_BLK
	VALUES ("7e0140db-930c-4890-85bf-3f0eab7a6c2d",
	0,
	0,
	0,
	'LOG',
	'',
	'',
	95,
	3,
	94,
	3,
	0,
	0,
	0,
	0,
	0,
	0,
	0,
	0,
	0,
	"6204c7d1-fe1d-4753-b646-c02c0f9582c1",
	"00000000-0000-0000-0000-000000000000");
INSERT INTO ACT_SMT
	VALUES ("34985cb2-63b6-422c-9663-b9a703bcf6e0",
	"7e0140db-930c-4890-85bf-3f0eab7a6c2d",
	"e82aefa5-dc47-41bd-ab41-223997f9be06",
	94,
	3,
	'CheckSDTs::Begin line: 94');
INSERT INTO ACT_BRG
	VALUES ("34985cb2-63b6-422c-9663-b9a703bcf6e0",
	"85a2ae18-4cb8-4b1f-a989-c9af21c1561b",
	94,
	8,
	94,
	3);
INSERT INTO ACT_SMT
	VALUES ("e82aefa5-dc47-41bd-ab41-223997f9be06",
	"7e0140db-930c-4890-85bf-3f0eab7a6c2d",
	"00000000-0000-0000-0000-000000000000",
	95,
	3,
	'CheckSDTs::Begin line: 95');
INSERT INTO ACT_FNC
	VALUES ("e82aefa5-dc47-41bd-ab41-223997f9be06",
	"a3929c52-9e1a-45f7-acc5-5bd9cf747c56",
	95,
	5);
INSERT INTO V_VAL
	VALUES ("f96a8002-397c-4e82-a569-4d55f9feaa6f",
	0,
	0,
	94,
	29,
	73,
	0,
	0,
	0,
	0,
	"fc579625-527e-4796-9485-440b72c36cdf",
	"7e0140db-930c-4890-85bf-3f0eab7a6c2d");
INSERT INTO V_LST
	VALUES ("f96a8002-397c-4e82-a569-4d55f9feaa6f",
	'Unsuccessful read of nested SDT real member.');
INSERT INTO V_PAR
	VALUES ("f96a8002-397c-4e82-a569-4d55f9feaa6f",
	"34985cb2-63b6-422c-9663-b9a703bcf6e0",
	"00000000-0000-0000-0000-000000000000",
	'message',
	"00000000-0000-0000-0000-000000000000",
	94,
	20);
INSERT INTO ACT_BLK
	VALUES ("7cb25b1f-d25b-4f5b-a175-3331f8361c15",
	0,
	0,
	0,
	'LOG',
	'',
	'',
	99,
	3,
	99,
	3,
	0,
	0,
	0,
	0,
	0,
	0,
	0,
	0,
	0,
	"6204c7d1-fe1d-4753-b646-c02c0f9582c1",
	"00000000-0000-0000-0000-000000000000");
INSERT INTO ACT_SMT
	VALUES ("265c9004-8b2f-41cd-8de4-0db3ba723d0a",
	"7cb25b1f-d25b-4f5b-a175-3331f8361c15",
	"00000000-0000-0000-0000-000000000000",
	99,
	3,
	'CheckSDTs::Begin line: 99');
INSERT INTO ACT_BRG
	VALUES ("265c9004-8b2f-41cd-8de4-0db3ba723d0a",
	"f2f7277d-5b46-4382-aca0-8e16b822b623",
	99,
	8,
	99,
	3);
INSERT INTO V_VAL
	VALUES ("678de6f5-ed05-4ee4-80fd-bccd9d39b829",
	0,
	0,
	99,
	29,
	73,
	0,
	0,
	0,
	0,
	"fc579625-527e-4796-9485-440b72c36cdf",
	"7cb25b1f-d25b-4f5b-a175-3331f8361c15");
INSERT INTO V_LST
	VALUES ("678de6f5-ed05-4ee4-80fd-bccd9d39b829",
	'Successful read of nested SDT string member.');
INSERT INTO V_PAR
	VALUES ("678de6f5-ed05-4ee4-80fd-bccd9d39b829",
	"265c9004-8b2f-41cd-8de4-0db3ba723d0a",
	"00000000-0000-0000-0000-000000000000",
	'message',
	"00000000-0000-0000-0000-000000000000",
	99,
	20);
INSERT INTO ACT_BLK
	VALUES ("9cd4f505-7599-443e-bd81-6bdba6913989",
	0,
	0,
	0,
	'LOG',
	'',
	'',
	102,
	3,
	101,
	3,
	0,
	0,
	0,
	0,
	0,
	0,
	0,
	0,
	0,
	"6204c7d1-fe1d-4753-b646-c02c0f9582c1",
	"00000000-0000-0000-0000-000000000000");
INSERT INTO ACT_SMT
	VALUES ("3b0170e5-6805-41d6-a382-6fefa7c3aece",
	"9cd4f505-7599-443e-bd81-6bdba6913989",
	"85c74048-440d-4243-9471-598226d0cf82",
	101,
	3,
	'CheckSDTs::Begin line: 101');
INSERT INTO ACT_BRG
	VALUES ("3b0170e5-6805-41d6-a382-6fefa7c3aece",
	"85a2ae18-4cb8-4b1f-a989-c9af21c1561b",
	101,
	8,
	101,
	3);
INSERT INTO ACT_SMT
	VALUES ("85c74048-440d-4243-9471-598226d0cf82",
	"9cd4f505-7599-443e-bd81-6bdba6913989",
	"00000000-0000-0000-0000-000000000000",
	102,
	3,
	'CheckSDTs::Begin line: 102');
INSERT INTO ACT_FNC
	VALUES ("85c74048-440d-4243-9471-598226d0cf82",
	"a3929c52-9e1a-45f7-acc5-5bd9cf747c56",
	102,
	5);
INSERT INTO V_VAL
	VALUES ("2f64ed33-4b13-418a-87ea-dcac9cd826cb",
	0,
	0,
	101,
	29,
	75,
	0,
	0,
	0,
	0,
	"fc579625-527e-4796-9485-440b72c36cdf",
	"9cd4f505-7599-443e-bd81-6bdba6913989");
INSERT INTO V_LST
	VALUES ("2f64ed33-4b13-418a-87ea-dcac9cd826cb",
	'Unsuccessful read of nested SDT string member.');
INSERT INTO V_PAR
	VALUES ("2f64ed33-4b13-418a-87ea-dcac9cd826cb",
	"3b0170e5-6805-41d6-a382-6fefa7c3aece",
	"00000000-0000-0000-0000-000000000000",
	'message',
	"00000000-0000-0000-0000-000000000000",
	101,
	20);
INSERT INTO ACT_BLK
	VALUES ("9e9f3234-234c-42df-9e96-8559db1318e4",
	0,
	0,
	0,
	'LOG',
	'',
	'',
	106,
	3,
	106,
	3,
	0,
	0,
	0,
	0,
	0,
	0,
	0,
	0,
	0,
	"6204c7d1-fe1d-4753-b646-c02c0f9582c1",
	"00000000-0000-0000-0000-000000000000");
INSERT INTO ACT_SMT
	VALUES ("3ad52055-a93d-43a1-8953-8e38d9390a67",
	"9e9f3234-234c-42df-9e96-8559db1318e4",
	"00000000-0000-0000-0000-000000000000",
	106,
	3,
	'CheckSDTs::Begin line: 106');
INSERT INTO ACT_BRG
	VALUES ("3ad52055-a93d-43a1-8953-8e38d9390a67",
	"f2f7277d-5b46-4382-aca0-8e16b822b623",
	106,
	8,
	106,
	3);
INSERT INTO V_VAL
	VALUES ("1ae6479e-ce93-4673-8c41-5e0325898dba",
	0,
	0,
	106,
	29,
	76,
	0,
	0,
	0,
	0,
	"fc579625-527e-4796-9485-440b72c36cdf",
	"9e9f3234-234c-42df-9e96-8559db1318e4");
INSERT INTO V_LST
	VALUES ("1ae6479e-ce93-4673-8c41-5e0325898dba",
	'Successful read of nested SDT timestamp member.');
INSERT INTO V_PAR
	VALUES ("1ae6479e-ce93-4673-8c41-5e0325898dba",
	"3ad52055-a93d-43a1-8953-8e38d9390a67",
	"00000000-0000-0000-0000-000000000000",
	'message',
	"00000000-0000-0000-0000-000000000000",
	106,
	20);
INSERT INTO ACT_BLK
	VALUES ("7fbb82e0-693e-4996-922c-32875c450450",
	0,
	0,
	0,
	'LOG',
	'',
	'',
	109,
	3,
	108,
	3,
	0,
	0,
	0,
	0,
	0,
	0,
	0,
	0,
	0,
	"6204c7d1-fe1d-4753-b646-c02c0f9582c1",
	"00000000-0000-0000-0000-000000000000");
INSERT INTO ACT_SMT
	VALUES ("74cd09b4-0f1e-4c9c-9924-605766c3137c",
	"7fbb82e0-693e-4996-922c-32875c450450",
	"3fbbc410-9cce-4cb8-8576-ba5db4bcfc7e",
	108,
	3,
	'CheckSDTs::Begin line: 108');
INSERT INTO ACT_BRG
	VALUES ("74cd09b4-0f1e-4c9c-9924-605766c3137c",
	"85a2ae18-4cb8-4b1f-a989-c9af21c1561b",
	108,
	8,
	108,
	3);
INSERT INTO ACT_SMT
	VALUES ("3fbbc410-9cce-4cb8-8576-ba5db4bcfc7e",
	"7fbb82e0-693e-4996-922c-32875c450450",
	"00000000-0000-0000-0000-000000000000",
	109,
	3,
	'CheckSDTs::Begin line: 109');
INSERT INTO ACT_FNC
	VALUES ("3fbbc410-9cce-4cb8-8576-ba5db4bcfc7e",
	"a3929c52-9e1a-45f7-acc5-5bd9cf747c56",
	109,
	5);
INSERT INTO V_VAL
	VALUES ("a311ac6e-7e06-4f67-a99e-e9c1f47a63b5",
	0,
	0,
	108,
	29,
	78,
	0,
	0,
	0,
	0,
	"fc579625-527e-4796-9485-440b72c36cdf",
	"7fbb82e0-693e-4996-922c-32875c450450");
INSERT INTO V_LST
	VALUES ("a311ac6e-7e06-4f67-a99e-e9c1f47a63b5",
	'Unsuccessful read of nested SDT timestamp member.');
INSERT INTO V_PAR
	VALUES ("a311ac6e-7e06-4f67-a99e-e9c1f47a63b5",
	"74cd09b4-0f1e-4c9c-9924-605766c3137c",
	"00000000-0000-0000-0000-000000000000",
	'message',
	"00000000-0000-0000-0000-000000000000",
	108,
	20);
INSERT INTO SM_ACT
	VALUES ("3fbac948-3b51-4399-a2bd-70218d2aa28d",
	"285912af-ebed-4679-98e0-35d394150cda",
	1,
	'// Write SDT data
self.myData.a_integer = 1;
self.myData.a_boolean = true;
self.myData.a_date = TIM::current_date();
self.myData.a_real = 1.0;
self.myData.a_string = "myData";
self.myData.a_timestamp = TIM::current_clock();
self.myData.a_TypeContainer.a_integer = self.myData.a_integer;
self.myData.a_TypeContainer.a_boolean = self.myData.a_boolean;
self.myData.a_TypeContainer.a_date = self.myData.a_date;
self.myData.a_TypeContainer.a_real = self.myData.a_real;
self.myData.a_TypeContainer.a_string = self.myData.a_string;
self.myData.a_TypeContainer.a_timestamp = self.myData.a_timestamp;

// Write SDT data
self.myData2.a_integer = 2;
self.myData2.a_boolean = false;
self.myData2.a_date = TIM::current_date();
self.myData2.a_real = 2.0;
self.myData2.a_string = "myData2";
self.myData2.a_timestamp = TIM::current_clock();
self.myData2.a_TypeContainer.a_integer = self.myData2.a_integer;
self.myData2.a_TypeContainer.a_boolean = self.myData2.a_boolean;
self.myData2.a_TypeContainer.a_date = self.myData2.a_date;
self.myData2.a_TypeContainer.a_real = self.myData2.a_real;
self.myData2.a_TypeContainer.a_string = self.myData2.a_string;
self.myData2.a_TypeContainer.a_timestamp = self.myData2.a_timestamp;


// Read SDT data
if ( self.myData.a_integer == 1 )
  LOG::LogSuccess( message: "Successful read of SDT int member." );
else
  LOG::LogFailure( message: "Unsuccessful read of SDT int member." );
  ::failedChecksTest();
end if;
if ( self.myData.a_boolean == true )
  LOG::LogSuccess( message: "Successful read of SDT boolean member." );
else
  LOG::LogFailure( message: "Unsuccessful read of SDT boolean member." );
  ::failedChecksTest();
end if;
if ( self.myData.a_date == TIM::current_date() )
  LOG::LogSuccess( message: "Successful read of SDT date member." );
else
  LOG::LogFailure( message: "Unsuccessful read of SDT date member." );
  ::failedChecksTest();
end if;
if ( self.myData.a_real == 1.0 )
  LOG::LogSuccess( message: "Successful read of SDT real member." );
else
  LOG::LogFailure( message: "Unsuccessful read of SDT real member." );
  ::failedChecksTest();
end if;
if ( self.myData.a_string == "self.myData" )
  LOG::LogSuccess( message: "Successful read of SDT string member." );
else
  LOG::LogFailure( message: "Unsuccessful read of SDT string member." );
  ::failedChecksTest();
end if;
if ( self.myData.a_timestamp < TIM::current_clock() )
  LOG::LogSuccess( message: "Successful read of SDT timestamp member." );
else
  LOG::LogFailure( message: "Unsuccessful read of SDT timestamp member." );
  ::failedChecksTest();
end if;

// Read nested SDT data
if ( self.myData.a_integer == self.myData.a_TypeContainer.a_integer 
     and self.myData.a_TypeContainer.a_integer == 1)
  LOG::LogSuccess( message: "Successful read of nested SDT int member." );
else
  LOG::LogFailure( message: "Unsuccessful read of nested SDT int member." );
  ::failedChecksTest();
end if;
if ( self.myData.a_boolean == self.myData.a_TypeContainer.a_boolean 
     and self.myData.a_TypeContainer.a_boolean == true)
  LOG::LogSuccess( message: "Successful read of nested SDT boolean member." );
else
  LOG::LogFailure( message: "Unsuccessful read of nested SDT boolean member." );
  ::failedChecksTest();
end if;
if ( self.myData.a_date == self.myData.a_TypeContainer.a_date 
     and self.myData.a_TypeContainer.a_date == TIM::current_date() )
  LOG::LogSuccess( message: "Successful read of nested SDT date member." );
else
  LOG::LogFailure( message: "Unsuccessful read of nested SDT date member." );
  ::failedChecksTest();
end if;
if ( self.myData.a_real == self.myData.a_TypeContainer.a_real 
     and self.myData.a_TypeContainer.a_real == 1.0)
  LOG::LogSuccess( message: "Successful read of nested SDT real member." );
else
  LOG::LogFailure( message: "Unsuccessful read of nested SDT real member." );
  ::failedChecksTest();
end if;
if ( self.myData.a_string == self.myData.a_TypeContainer.a_string 
     and self.myData.a_TypeContainer.a_string == "self.myData")
  LOG::LogSuccess( message: "Successful read of nested SDT string member." );
else
  LOG::LogFailure( message: "Unsuccessful read of nested SDT string member." );
  ::failedChecksTest();
end if;
if ( self.myData.a_timestamp == self.myData.a_TypeContainer.a_timestamp 
     and self.myData.a_TypeContainer.a_timestamp < TIM::current_clock())
  LOG::LogSuccess( message: "Successful read of nested SDT timestamp member." );
else
  LOG::LogFailure( message: "Unsuccessful read of nested SDT timestamp member." );
  ::failedChecksTest();
end if;
// Done reading nested SDT Data


generate CHK1:''run_test''( data: self.myData ) to self;
',
	'');
INSERT INTO SM_MOAH
	VALUES ("fa779486-e89b-4334-b180-8be41f18945e",
	"285912af-ebed-4679-98e0-35d394150cda",
	"06ef7b86-6239-4286-a155-05af7feaf672");
INSERT INTO SM_AH
	VALUES ("fa779486-e89b-4334-b180-8be41f18945e",
	"285912af-ebed-4679-98e0-35d394150cda");
INSERT INTO ACT_SAB
	VALUES ("cc8b6242-71f7-4abb-88cb-2c4ef016a69d",
	"285912af-ebed-4679-98e0-35d394150cda",
	"fa779486-e89b-4334-b180-8be41f18945e");
INSERT INTO ACT_ACT
	VALUES ("cc8b6242-71f7-4abb-88cb-2c4ef016a69d",
	'state',
	0,
	"00000000-0000-0000-0000-000000000000",
	"00000000-0000-0000-0000-000000000000",
	0,
	'CheckSDTs::TestByValCalls',
	"fd70bb64-81f0-48c6-a496-c9abf2381179");
INSERT INTO SM_ACT
	VALUES ("fa779486-e89b-4334-b180-8be41f18945e",
	"285912af-ebed-4679-98e0-35d394150cda",
	1,
	'// Run all the "By Val" calls using the received event parameter
rvalDataOp = self.checkDataOpByVal( data: rcvd_evt.data );

// Check the return value data
if ( rvalDataOp == self.myData )
  LOG::LogSuccess( message: "Successful check of SDT return value." );
else
  LOG::LogFailure( message: "Unsuccessful check of SDT return value." );
  ::failedChecksTest();
end if;

// Run all the "By Val" calls using a temporary
localData = rcvd_evt.data;
rvalDataOp = self.checkDataOpByVal( data: localData );

// Check the return value data
if ( rvalDataOp == self.myData )
  LOG::LogSuccess( message: "Successful check of SDT return value." );
else
  LOG::LogFailure( message: "Unsuccessful check of SDT return value." );
  ::failedChecksTest();
end if;

// Generate run_test event to self to move to the next state
generate CHK1:''run_test''( data: self.myData ) to self;',
	'');
INSERT INTO SM_MOAH
	VALUES ("5023d166-f9be-436e-bc2f-6c4e6effd4de",
	"285912af-ebed-4679-98e0-35d394150cda",
	"900a55e3-6fe7-43ca-9931-3a656492342f");
INSERT INTO SM_AH
	VALUES ("5023d166-f9be-436e-bc2f-6c4e6effd4de",
	"285912af-ebed-4679-98e0-35d394150cda");
INSERT INTO ACT_SAB
	VALUES ("192b5047-454e-4639-9c36-bd1c2cbb4539",
	"285912af-ebed-4679-98e0-35d394150cda",
	"5023d166-f9be-436e-bc2f-6c4e6effd4de");
INSERT INTO ACT_ACT
	VALUES ("192b5047-454e-4639-9c36-bd1c2cbb4539",
	'state',
	0,
	"00000000-0000-0000-0000-000000000000",
	"00000000-0000-0000-0000-000000000000",
	0,
	'CheckSDTs::TestByRefCalls',
	"1b57b93e-7be4-47d1-8bbe-f0c6754dee1a");
INSERT INTO SM_ACT
	VALUES ("5023d166-f9be-436e-bc2f-6c4e6effd4de",
	"285912af-ebed-4679-98e0-35d394150cda",
	1,
	'// Run all the "By Ref" calls using the received event parameter
foo = rcvd_evt.data;
rvalDataOp = self.checkDataOpByRef( data: foo );

// Check the return value data
if ( rvalDataOp == self.myData )
  LOG::LogSuccess( message: "Successful check of SDT return value." );
else
  LOG::LogFailure( message: "Unsuccessful check of SDT return value." );
  ::failedChecksTest();
end if;

// Run all the "By Ref" calls using a temporary
localData = rcvd_evt.data;
rvalDataOp = self.checkDataOpByRef( data: localData );

// Check the return value data
if ( rvalDataOp == self.myData )
  LOG::LogSuccess( message: "Successful check of SDT return value." );
else
  LOG::LogFailure( message: "Unsuccessful check of SDT return value." );
  ::failedChecksTest();
end if;

// Generate run_test event to self to move to the next state
generate CHK1:''run_test''( data: localData ) to self;',
	'');
INSERT INTO SM_MOAH
	VALUES ("daef344c-d1b3-4635-be6e-7d4dda832201",
	"285912af-ebed-4679-98e0-35d394150cda",
	"edb42210-b949-4460-ae8c-c96741604484");
INSERT INTO SM_AH
	VALUES ("daef344c-d1b3-4635-be6e-7d4dda832201",
	"285912af-ebed-4679-98e0-35d394150cda");
INSERT INTO ACT_SAB
	VALUES ("8817abb0-6d49-4ce9-bbee-fffb7a16c089",
	"285912af-ebed-4679-98e0-35d394150cda",
	"daef344c-d1b3-4635-be6e-7d4dda832201");
INSERT INTO ACT_ACT
	VALUES ("8817abb0-6d49-4ce9-bbee-fffb7a16c089",
	'state',
	0,
	"00000000-0000-0000-0000-000000000000",
	"00000000-0000-0000-0000-000000000000",
	0,
	'CheckSDTs::Waiting to start',
	"878ddb23-de55-4eaa-96fd-1785e09e7617");
INSERT INTO SM_ACT
	VALUES ("daef344c-d1b3-4635-be6e-7d4dda832201",
	"285912af-ebed-4679-98e0-35d394150cda",
	1,
	'',
	'');
INSERT INTO SM_MOAH
	VALUES ("884e5d58-6285-4b1b-919d-761514e7a115",
	"285912af-ebed-4679-98e0-35d394150cda",
	"8b415468-e9f2-4c83-9524-6205143bf0bf");
INSERT INTO SM_AH
	VALUES ("884e5d58-6285-4b1b-919d-761514e7a115",
	"285912af-ebed-4679-98e0-35d394150cda");
INSERT INTO ACT_SAB
	VALUES ("74a4949e-deb3-47f8-8050-7cabb98a8a36",
	"285912af-ebed-4679-98e0-35d394150cda",
	"884e5d58-6285-4b1b-919d-761514e7a115");
INSERT INTO ACT_ACT
	VALUES ("74a4949e-deb3-47f8-8050-7cabb98a8a36",
	'state',
	0,
	"6d921be0-edd0-4fce-9cbc-2813c4764b15",
	"00000000-0000-0000-0000-000000000000",
	0,
	'CheckSDTs::Misc',
	"00000000-0000-0000-0000-000000000000");
INSERT INTO ACT_BLK
	VALUES ("6d921be0-edd0-4fce-9cbc-2813c4764b15",
	0,
	0,
	0,
	'TIM',
	'data',
	'data',
	75,
	1,
	65,
	34,
	0,
	0,
	0,
	0,
	0,
	0,
	0,
	0,
	0,
	"74a4949e-deb3-47f8-8050-7cabb98a8a36",
	"00000000-0000-0000-0000-000000000000");
INSERT INTO ACT_SMT
	VALUES ("7e5eeeb6-307c-4db4-87cf-21ca2ac11c1d",
	"6d921be0-edd0-4fce-9cbc-2813c4764b15",
	"fd2a275f-ca53-4108-8adc-e54ad4ad135c",
	3,
	1,
	'CheckSDTs::Misc line: 3');
INSERT INTO ACT_IF
	VALUES ("7e5eeeb6-307c-4db4-87cf-21ca2ac11c1d",
	"94261447-a688-4c15-bd9f-e17c1f8bbef2",
	"10d19422-7806-42e2-845f-67099acb6b8b",
	"00000000-0000-0000-0000-000000000000",
	"00000000-0000-0000-0000-000000000000");
INSERT INTO ACT_SMT
	VALUES ("a9527481-2a01-4a96-b8f0-bb6328d5fe0d",
	"6d921be0-edd0-4fce-9cbc-2813c4764b15",
	"00000000-0000-0000-0000-000000000000",
	5,
	1,
	'CheckSDTs::Misc line: 5');
INSERT INTO ACT_E
	VALUES ("a9527481-2a01-4a96-b8f0-bb6328d5fe0d",
	"59f659b3-3968-4342-bfb9-a06f1da8c86a",
	"7e5eeeb6-307c-4db4-87cf-21ca2ac11c1d");
INSERT INTO ACT_SMT
	VALUES ("fd2a275f-ca53-4108-8adc-e54ad4ad135c",
	"6d921be0-edd0-4fce-9cbc-2813c4764b15",
	"b36a8cd6-0133-4337-8fea-6ab6f2ab8745",
	11,
	1,
	'CheckSDTs::Misc line: 11');
INSERT INTO ACT_IF
	VALUES ("fd2a275f-ca53-4108-8adc-e54ad4ad135c",
	"efcd2abc-6f16-4006-9aa4-beb49f86c6e3",
	"3b77ca38-0621-427c-884b-c71bcafec3cf",
	"00000000-0000-0000-0000-000000000000",
	"00000000-0000-0000-0000-000000000000");
INSERT INTO ACT_SMT
	VALUES ("54d5e561-3c0b-4fe7-b6ff-d387bd39098a",
	"6d921be0-edd0-4fce-9cbc-2813c4764b15",
	"00000000-0000-0000-0000-000000000000",
	13,
	1,
	'CheckSDTs::Misc line: 13');
INSERT INTO ACT_E
	VALUES ("54d5e561-3c0b-4fe7-b6ff-d387bd39098a",
	"42cc72c2-0a03-4e1a-889a-e545e44de278",
	"fd2a275f-ca53-4108-8adc-e54ad4ad135c");
INSERT INTO ACT_SMT
	VALUES ("b36a8cd6-0133-4337-8fea-6ab6f2ab8745",
	"6d921be0-edd0-4fce-9cbc-2813c4764b15",
	"dc637782-e08f-4564-a280-e2a8189e75c1",
	19,
	1,
	'CheckSDTs::Misc line: 19');
INSERT INTO ACT_AI
	VALUES ("b36a8cd6-0133-4337-8fea-6ab6f2ab8745",
	"1283d36e-0284-462d-af97-3b19ea542d4e",
	"0656dc1f-eee8-409b-88e4-e2d23843f813",
	0,
	0);
INSERT INTO ACT_SMT
	VALUES ("dc637782-e08f-4564-a280-e2a8189e75c1",
	"6d921be0-edd0-4fce-9cbc-2813c4764b15",
	"60a149ff-3a65-409a-835a-36301adbe729",
	20,
	1,
	'CheckSDTs::Misc line: 20');
INSERT INTO ACT_AI
	VALUES ("dc637782-e08f-4564-a280-e2a8189e75c1",
	"33a4edcf-1565-4a67-9bec-64de1db83de6",
	"4eb953fc-500b-4d63-bae7-6356b2ef4b2f",
	0,
	0);
INSERT INTO ACT_SMT
	VALUES ("60a149ff-3a65-409a-835a-36301adbe729",
	"6d921be0-edd0-4fce-9cbc-2813c4764b15",
	"5181f40d-17ba-4b8d-97d1-4eee5a3bd6cc",
	21,
	1,
	'CheckSDTs::Misc line: 21');
INSERT INTO ACT_IF
	VALUES ("60a149ff-3a65-409a-835a-36301adbe729",
	"ce69d0f2-a139-46ce-af59-6eaefb1c9967",
	"0a947da0-fe06-4c83-9abe-adee957d6662",
	"00000000-0000-0000-0000-000000000000",
	"00000000-0000-0000-0000-000000000000");
INSERT INTO ACT_SMT
	VALUES ("09f1d420-8d5b-40fb-9f34-87101599dade",
	"6d921be0-edd0-4fce-9cbc-2813c4764b15",
	"00000000-0000-0000-0000-000000000000",
	23,
	1,
	'CheckSDTs::Misc line: 23');
INSERT INTO ACT_E
	VALUES ("09f1d420-8d5b-40fb-9f34-87101599dade",
	"1802358e-4555-4949-b9ea-c617d6ed33d2",
	"60a149ff-3a65-409a-835a-36301adbe729");
INSERT INTO ACT_SMT
	VALUES ("5181f40d-17ba-4b8d-97d1-4eee5a3bd6cc",
	"6d921be0-edd0-4fce-9cbc-2813c4764b15",
	"eb09e898-e851-41c8-8f9d-3f78b039fcba",
	27,
	1,
	'CheckSDTs::Misc line: 27');
INSERT INTO ACT_IF
	VALUES ("5181f40d-17ba-4b8d-97d1-4eee5a3bd6cc",
	"2e51b3ec-7f68-4679-abfd-03c61702a173",
	"c30a8fd0-6f54-4c21-a3fa-d9b2f48f6752",
	"00000000-0000-0000-0000-000000000000",
	"00000000-0000-0000-0000-000000000000");
INSERT INTO ACT_SMT
	VALUES ("90bfaef3-42bb-4b45-813c-d6720d3913ca",
	"6d921be0-edd0-4fce-9cbc-2813c4764b15",
	"00000000-0000-0000-0000-000000000000",
	29,
	1,
	'CheckSDTs::Misc line: 29');
INSERT INTO ACT_E
	VALUES ("90bfaef3-42bb-4b45-813c-d6720d3913ca",
	"dfe6602c-ff22-4249-9571-d76d2b71cd5c",
	"5181f40d-17ba-4b8d-97d1-4eee5a3bd6cc");
INSERT INTO ACT_SMT
	VALUES ("eb09e898-e851-41c8-8f9d-3f78b039fcba",
	"6d921be0-edd0-4fce-9cbc-2813c4764b15",
	"50a4d491-c8ad-45ff-8db7-04af30c24fa5",
	35,
	1,
	'CheckSDTs::Misc line: 35');
INSERT INTO ACT_IF
	VALUES ("eb09e898-e851-41c8-8f9d-3f78b039fcba",
	"25f16fbb-b4c8-43ce-9073-a7bc81f4e695",
	"6e3964f7-c06a-4d2d-b225-d6b1721575df",
	"00000000-0000-0000-0000-000000000000",
	"00000000-0000-0000-0000-000000000000");
INSERT INTO ACT_SMT
	VALUES ("08a605b3-39c3-400e-8c14-05d1bf8b25c8",
	"6d921be0-edd0-4fce-9cbc-2813c4764b15",
	"00000000-0000-0000-0000-000000000000",
	37,
	1,
	'CheckSDTs::Misc line: 37');
INSERT INTO ACT_E
	VALUES ("08a605b3-39c3-400e-8c14-05d1bf8b25c8",
	"360a90e8-849e-47d1-98ff-059e48731447",
	"eb09e898-e851-41c8-8f9d-3f78b039fcba");
INSERT INTO ACT_SMT
	VALUES ("50a4d491-c8ad-45ff-8db7-04af30c24fa5",
	"6d921be0-edd0-4fce-9cbc-2813c4764b15",
	"5f1e4c44-e9dd-4995-915a-ced7e61e472d",
	41,
	1,
	'CheckSDTs::Misc line: 41');
INSERT INTO ACT_IF
	VALUES ("50a4d491-c8ad-45ff-8db7-04af30c24fa5",
	"205287eb-45a3-4c88-bae2-efcab4bde7f1",
	"adbd0369-e51f-4f25-8161-60eaae4bbfc3",
	"00000000-0000-0000-0000-000000000000",
	"00000000-0000-0000-0000-000000000000");
INSERT INTO ACT_SMT
	VALUES ("7fbd79d1-be4a-4e71-8b7c-0f6079291c11",
	"6d921be0-edd0-4fce-9cbc-2813c4764b15",
	"00000000-0000-0000-0000-000000000000",
	43,
	1,
	'CheckSDTs::Misc line: 43');
INSERT INTO ACT_E
	VALUES ("7fbd79d1-be4a-4e71-8b7c-0f6079291c11",
	"5c85ebbf-4e9d-4591-a543-62ed0ea5687b",
	"50a4d491-c8ad-45ff-8db7-04af30c24fa5");
INSERT INTO ACT_SMT
	VALUES ("5f1e4c44-e9dd-4995-915a-ced7e61e472d",
	"6d921be0-edd0-4fce-9cbc-2813c4764b15",
	"f1a02ad2-da16-439e-9c01-4a3b88eb34e9",
	47,
	1,
	'CheckSDTs::Misc line: 47');
INSERT INTO ACT_IF
	VALUES ("5f1e4c44-e9dd-4995-915a-ced7e61e472d",
	"e25733bf-f738-454c-8b55-65d28edc0706",
	"0079e383-c1a5-4a3e-a36b-16e89a322b71",
	"00000000-0000-0000-0000-000000000000",
	"00000000-0000-0000-0000-000000000000");
INSERT INTO ACT_SMT
	VALUES ("3558f100-0278-4632-ae60-e16e7dc7b7b2",
	"6d921be0-edd0-4fce-9cbc-2813c4764b15",
	"00000000-0000-0000-0000-000000000000",
	49,
	1,
	'CheckSDTs::Misc line: 49');
INSERT INTO ACT_E
	VALUES ("3558f100-0278-4632-ae60-e16e7dc7b7b2",
	"94ed0665-6636-4f04-aaf7-f3c902e3121e",
	"5f1e4c44-e9dd-4995-915a-ced7e61e472d");
INSERT INTO ACT_SMT
	VALUES ("f1a02ad2-da16-439e-9c01-4a3b88eb34e9",
	"6d921be0-edd0-4fce-9cbc-2813c4764b15",
	"af5d3ce8-be9f-423b-9873-e39928ff0ac7",
	53,
	1,
	'CheckSDTs::Misc line: 53');
INSERT INTO ACT_IF
	VALUES ("f1a02ad2-da16-439e-9c01-4a3b88eb34e9",
	"09610558-380c-45f2-b3d5-45a148b25d9e",
	"a3aa6c43-6e23-45bc-9f17-1743c4e38a80",
	"00000000-0000-0000-0000-000000000000",
	"00000000-0000-0000-0000-000000000000");
INSERT INTO ACT_SMT
	VALUES ("bd1e0263-6849-4d53-8e9f-bf3420a3e521",
	"6d921be0-edd0-4fce-9cbc-2813c4764b15",
	"00000000-0000-0000-0000-000000000000",
	55,
	1,
	'CheckSDTs::Misc line: 55');
INSERT INTO ACT_E
	VALUES ("bd1e0263-6849-4d53-8e9f-bf3420a3e521",
	"9f74e9d3-adf7-4f33-be23-204201c21d2f",
	"f1a02ad2-da16-439e-9c01-4a3b88eb34e9");
INSERT INTO ACT_SMT
	VALUES ("af5d3ce8-be9f-423b-9873-e39928ff0ac7",
	"6d921be0-edd0-4fce-9cbc-2813c4764b15",
	"9d19a8eb-289c-4b49-a20f-a7c72317aaa2",
	59,
	1,
	'CheckSDTs::Misc line: 59');
INSERT INTO ACT_IF
	VALUES ("af5d3ce8-be9f-423b-9873-e39928ff0ac7",
	"48c13141-7ff8-4b0f-a2a6-bebe69f00989",
	"37ac071c-0cbb-4d4e-9083-e408ee910e27",
	"00000000-0000-0000-0000-000000000000",
	"00000000-0000-0000-0000-000000000000");
INSERT INTO ACT_SMT
	VALUES ("7d45b6b6-7975-49c3-8296-02475d3ba675",
	"6d921be0-edd0-4fce-9cbc-2813c4764b15",
	"00000000-0000-0000-0000-000000000000",
	61,
	1,
	'CheckSDTs::Misc line: 61');
INSERT INTO ACT_E
	VALUES ("7d45b6b6-7975-49c3-8296-02475d3ba675",
	"8c8e0022-6311-4cce-a124-90888c262b08",
	"af5d3ce8-be9f-423b-9873-e39928ff0ac7");
INSERT INTO ACT_SMT
	VALUES ("9d19a8eb-289c-4b49-a20f-a7c72317aaa2",
	"6d921be0-edd0-4fce-9cbc-2813c4764b15",
	"00000000-0000-0000-0000-000000000000",
	65,
	1,
	'CheckSDTs::Misc line: 65');
INSERT INTO ACT_IF
	VALUES ("9d19a8eb-289c-4b49-a20f-a7c72317aaa2",
	"d2149e2d-4afc-4448-8c12-bf44bc76a9c7",
	"a56df529-d94d-415a-b0a8-1f46f6e5b9c4",
	"00000000-0000-0000-0000-000000000000",
	"00000000-0000-0000-0000-000000000000");
INSERT INTO ACT_SMT
	VALUES ("3e93b23b-171c-4c5a-adf7-d996a25e41c0",
	"6d921be0-edd0-4fce-9cbc-2813c4764b15",
	"00000000-0000-0000-0000-000000000000",
	67,
	1,
	'CheckSDTs::Misc line: 67');
INSERT INTO ACT_E
	VALUES ("3e93b23b-171c-4c5a-adf7-d996a25e41c0",
	"91718cb1-cb8e-45db-91ce-cdb2fc5adecf",
	"9d19a8eb-289c-4b49-a20f-a7c72317aaa2");
INSERT INTO V_VAL
	VALUES ("f04e74a4-7cae-4627-9485-7a69b437c537",
	0,
	0,
	-1,
	-1,
	-1,
	0,
	0,
	0,
	0,
	"f3b22070-8f46-4382-baa9-be5973b56db4",
	"6d921be0-edd0-4fce-9cbc-2813c4764b15");
INSERT INTO V_EDV
	VALUES ("f04e74a4-7cae-4627-9485-7a69b437c537",
	"5d0386f5-6e69-4efa-94db-b69e9854e417",
	"285912af-ebed-4679-98e0-35d394150cda");
INSERT INTO V_VAL
	VALUES ("c64fb301-2590-46c3-92cc-39f8f2be54c6",
	0,
	0,
	-1,
	-1,
	-1,
	0,
	0,
	0,
	0,
	"f3b22070-8f46-4382-baa9-be5973b56db4",
	"6d921be0-edd0-4fce-9cbc-2813c4764b15");
INSERT INTO V_EDV
	VALUES ("c64fb301-2590-46c3-92cc-39f8f2be54c6",
	"5d0386f5-6e69-4efa-94db-b69e9854e417",
	"285912af-ebed-4679-98e0-35d394150cda");
INSERT INTO V_VAL
	VALUES ("96443f95-0dee-45f6-b8bc-9fe0a15c9930",
	0,
	0,
	3,
	6,
	9,
	0,
	0,
	0,
	0,
	"00000000-0000-0000-0000-000000000000",
	"6d921be0-edd0-4fce-9cbc-2813c4764b15");
INSERT INTO V_IRF
	VALUES ("96443f95-0dee-45f6-b8bc-9fe0a15c9930",
	"358ba4db-3ba7-43c8-b879-1fd29304fb4d");
INSERT INTO V_VAL
	VALUES ("7b63b38d-60e4-4888-ad22-0ddbdad08a9f",
	0,
	0,
	3,
	11,
	16,
	0,
	0,
	0,
	0,
	"f3b22070-8f46-4382-baa9-be5973b56db4",
	"6d921be0-edd0-4fce-9cbc-2813c4764b15");
INSERT INTO V_AVL
	VALUES ("7b63b38d-60e4-4888-ad22-0ddbdad08a9f",
	"96443f95-0dee-45f6-b8bc-9fe0a15c9930",
	"6d1350c3-a10b-4768-8428-c063129f13a9",
	"81573b5c-fc6c-40c0-8e9e-9bac7e8830bf");
INSERT INTO V_VAL
	VALUES ("10d19422-7806-42e2-845f-67099acb6b8b",
	0,
	0,
	-1,
	-1,
	-1,
	0,
	0,
	0,
	0,
	"ed855afe-b773-4348-9030-494350c96719",
	"6d921be0-edd0-4fce-9cbc-2813c4764b15");
INSERT INTO V_BIN
	VALUES ("10d19422-7806-42e2-845f-67099acb6b8b",
	"7571215e-a64a-475b-879c-309a076795d8",
	"7b63b38d-60e4-4888-ad22-0ddbdad08a9f",
	'==');
INSERT INTO V_VAL
	VALUES ("7571215e-a64a-475b-879c-309a076795d8",
	0,
	0,
	3,
	30,
	33,
	0,
	0,
	0,
	0,
	"f3b22070-8f46-4382-baa9-be5973b56db4",
	"6d921be0-edd0-4fce-9cbc-2813c4764b15");
INSERT INTO V_EDV
	VALUES ("7571215e-a64a-475b-879c-309a076795d8",
	"5d0386f5-6e69-4efa-94db-b69e9854e417",
	"285912af-ebed-4679-98e0-35d394150cda");
INSERT INTO V_VAL
	VALUES ("01a0eb33-e0fc-45a4-9a59-c4a8602b3901",
	0,
	0,
	11,
	6,
	9,
	0,
	0,
	0,
	0,
	"00000000-0000-0000-0000-000000000000",
	"6d921be0-edd0-4fce-9cbc-2813c4764b15");
INSERT INTO V_IRF
	VALUES ("01a0eb33-e0fc-45a4-9a59-c4a8602b3901",
	"358ba4db-3ba7-43c8-b879-1fd29304fb4d");
INSERT INTO V_VAL
	VALUES ("bc0bbd5d-8f63-4e36-8ae9-5a0c6174b1a7",
	0,
	0,
	11,
	11,
	17,
	0,
	0,
	0,
	0,
	"f3b22070-8f46-4382-baa9-be5973b56db4",
	"6d921be0-edd0-4fce-9cbc-2813c4764b15");
INSERT INTO V_AVL
	VALUES ("bc0bbd5d-8f63-4e36-8ae9-5a0c6174b1a7",
	"01a0eb33-e0fc-45a4-9a59-c4a8602b3901",
	"6d1350c3-a10b-4768-8428-c063129f13a9",
	"47067bbb-bc1b-4f2c-9316-fe005643c8d1");
INSERT INTO V_VAL
	VALUES ("3b77ca38-0621-427c-884b-c71bcafec3cf",
	0,
	0,
	-1,
	-1,
	-1,
	0,
	0,
	0,
	0,
	"ed855afe-b773-4348-9030-494350c96719",
	"6d921be0-edd0-4fce-9cbc-2813c4764b15");
INSERT INTO V_BIN
	VALUES ("3b77ca38-0621-427c-884b-c71bcafec3cf",
	"8b4d66d3-2ccb-4d24-b7ad-4778de322b30",
	"bc0bbd5d-8f63-4e36-8ae9-5a0c6174b1a7",
	'!=');
INSERT INTO V_VAL
	VALUES ("8b4d66d3-2ccb-4d24-b7ad-4778de322b30",
	0,
	0,
	11,
	31,
	34,
	0,
	0,
	0,
	0,
	"f3b22070-8f46-4382-baa9-be5973b56db4",
	"6d921be0-edd0-4fce-9cbc-2813c4764b15");
INSERT INTO V_EDV
	VALUES ("8b4d66d3-2ccb-4d24-b7ad-4778de322b30",
	"5d0386f5-6e69-4efa-94db-b69e9854e417",
	"285912af-ebed-4679-98e0-35d394150cda");
INSERT INTO V_VAL
	VALUES ("280de894-b9da-4313-9f23-ae01c94ea1a5",
	0,
	0,
	19,
	13,
	16,
	0,
	0,
	0,
	0,
	"00000000-0000-0000-0000-000000000000",
	"6d921be0-edd0-4fce-9cbc-2813c4764b15");
INSERT INTO V_IRF
	VALUES ("280de894-b9da-4313-9f23-ae01c94ea1a5",
	"358ba4db-3ba7-43c8-b879-1fd29304fb4d");
INSERT INTO V_VAL
	VALUES ("1283d36e-0284-462d-af97-3b19ea542d4e",
	0,
	0,
	19,
	18,
	24,
	0,
	0,
	0,
	0,
	"f3b22070-8f46-4382-baa9-be5973b56db4",
	"6d921be0-edd0-4fce-9cbc-2813c4764b15");
INSERT INTO V_AVL
	VALUES ("1283d36e-0284-462d-af97-3b19ea542d4e",
	"280de894-b9da-4313-9f23-ae01c94ea1a5",
	"6d1350c3-a10b-4768-8428-c063129f13a9",
	"47067bbb-bc1b-4f2c-9316-fe005643c8d1");
INSERT INTO V_VAL
	VALUES ("0656dc1f-eee8-409b-88e4-e2d23843f813",
	0,
	1,
	19,
	1,
	9,
	0,
	0,
	0,
	0,
	"00000000-0000-0000-0000-000000000000",
	"6d921be0-edd0-4fce-9cbc-2813c4764b15");
INSERT INTO V_TVL
	VALUES ("0656dc1f-eee8-409b-88e4-e2d23843f813",
	"d44bdbb4-dd1b-4a2c-b559-6ae58cdc5d2c");
INSERT INTO V_VAL
	VALUES ("c6b0d5b2-c2b7-4d22-be52-c402ce3c6b98",
	0,
	0,
	20,
	13,
	16,
	0,
	0,
	0,
	0,
	"00000000-0000-0000-0000-000000000000",
	"6d921be0-edd0-4fce-9cbc-2813c4764b15");
INSERT INTO V_IRF
	VALUES ("c6b0d5b2-c2b7-4d22-be52-c402ce3c6b98",
	"358ba4db-3ba7-43c8-b879-1fd29304fb4d");
INSERT INTO V_VAL
	VALUES ("33a4edcf-1565-4a67-9bec-64de1db83de6",
	0,
	0,
	20,
	18,
	23,
	0,
	0,
	0,
	0,
	"f3b22070-8f46-4382-baa9-be5973b56db4",
	"6d921be0-edd0-4fce-9cbc-2813c4764b15");
INSERT INTO V_AVL
	VALUES ("33a4edcf-1565-4a67-9bec-64de1db83de6",
	"c6b0d5b2-c2b7-4d22-be52-c402ce3c6b98",
	"6d1350c3-a10b-4768-8428-c063129f13a9",
	"81573b5c-fc6c-40c0-8e9e-9bac7e8830bf");
INSERT INTO V_VAL
	VALUES ("4eb953fc-500b-4d63-bae7-6356b2ef4b2f",
	0,
	0,
	20,
	1,
	9,
	0,
	0,
	0,
	0,
	"00000000-0000-0000-0000-000000000000",
	"6d921be0-edd0-4fce-9cbc-2813c4764b15");
INSERT INTO V_TVL
	VALUES ("4eb953fc-500b-4d63-bae7-6356b2ef4b2f",
	"d44bdbb4-dd1b-4a2c-b559-6ae58cdc5d2c");
INSERT INTO V_VAL
	VALUES ("3fcd3015-e9a7-4bd1-886f-ed0f30a948a2",
	0,
	0,
	21,
	6,
	14,
	0,
	0,
	0,
	0,
	"f3b22070-8f46-4382-baa9-be5973b56db4",
	"6d921be0-edd0-4fce-9cbc-2813c4764b15");
INSERT INTO V_TVL
	VALUES ("3fcd3015-e9a7-4bd1-886f-ed0f30a948a2",
	"d44bdbb4-dd1b-4a2c-b559-6ae58cdc5d2c");
INSERT INTO V_VAL
	VALUES ("0a947da0-fe06-4c83-9abe-adee957d6662",
	0,
	0,
	-1,
	-1,
	-1,
	0,
	0,
	0,
	0,
	"ed855afe-b773-4348-9030-494350c96719",
	"6d921be0-edd0-4fce-9cbc-2813c4764b15");
INSERT INTO V_BIN
	VALUES ("0a947da0-fe06-4c83-9abe-adee957d6662",
	"79c6b8d6-7e7a-4afa-a910-8c1bfb74747f",
	"3fcd3015-e9a7-4bd1-886f-ed0f30a948a2",
	'==');
INSERT INTO V_VAL
	VALUES ("92f70f2b-61d8-448e-9679-5c31e16db960",
	0,
	0,
	21,
	19,
	22,
	0,
	0,
	0,
	0,
	"00000000-0000-0000-0000-000000000000",
	"6d921be0-edd0-4fce-9cbc-2813c4764b15");
INSERT INTO V_IRF
	VALUES ("92f70f2b-61d8-448e-9679-5c31e16db960",
	"358ba4db-3ba7-43c8-b879-1fd29304fb4d");
INSERT INTO V_VAL
	VALUES ("79c6b8d6-7e7a-4afa-a910-8c1bfb74747f",
	0,
	0,
	21,
	24,
	29,
	0,
	0,
	0,
	0,
	"f3b22070-8f46-4382-baa9-be5973b56db4",
	"6d921be0-edd0-4fce-9cbc-2813c4764b15");
INSERT INTO V_AVL
	VALUES ("79c6b8d6-7e7a-4afa-a910-8c1bfb74747f",
	"92f70f2b-61d8-448e-9679-5c31e16db960",
	"6d1350c3-a10b-4768-8428-c063129f13a9",
	"81573b5c-fc6c-40c0-8e9e-9bac7e8830bf");
INSERT INTO V_VAL
	VALUES ("69123b0d-5950-4781-a60d-31f0f112601b",
	0,
	0,
	27,
	6,
	14,
	0,
	0,
	0,
	0,
	"f3b22070-8f46-4382-baa9-be5973b56db4",
	"6d921be0-edd0-4fce-9cbc-2813c4764b15");
INSERT INTO V_TVL
	VALUES ("69123b0d-5950-4781-a60d-31f0f112601b",
	"d44bdbb4-dd1b-4a2c-b559-6ae58cdc5d2c");
INSERT INTO V_VAL
	VALUES ("c30a8fd0-6f54-4c21-a3fa-d9b2f48f6752",
	0,
	0,
	-1,
	-1,
	-1,
	0,
	0,
	0,
	0,
	"ed855afe-b773-4348-9030-494350c96719",
	"6d921be0-edd0-4fce-9cbc-2813c4764b15");
INSERT INTO V_BIN
	VALUES ("c30a8fd0-6f54-4c21-a3fa-d9b2f48f6752",
	"1a69805d-4db1-4458-b037-8e641c19eb97",
	"69123b0d-5950-4781-a60d-31f0f112601b",
	'!=');
INSERT INTO V_VAL
	VALUES ("2e802998-aabc-4955-aacc-f9df31fef631",
	0,
	0,
	27,
	19,
	22,
	0,
	0,
	0,
	0,
	"00000000-0000-0000-0000-000000000000",
	"6d921be0-edd0-4fce-9cbc-2813c4764b15");
INSERT INTO V_IRF
	VALUES ("2e802998-aabc-4955-aacc-f9df31fef631",
	"358ba4db-3ba7-43c8-b879-1fd29304fb4d");
INSERT INTO V_VAL
	VALUES ("1a69805d-4db1-4458-b037-8e641c19eb97",
	0,
	0,
	27,
	24,
	30,
	0,
	0,
	0,
	0,
	"f3b22070-8f46-4382-baa9-be5973b56db4",
	"6d921be0-edd0-4fce-9cbc-2813c4764b15");
INSERT INTO V_AVL
	VALUES ("1a69805d-4db1-4458-b037-8e641c19eb97",
	"2e802998-aabc-4955-aacc-f9df31fef631",
	"6d1350c3-a10b-4768-8428-c063129f13a9",
	"47067bbb-bc1b-4f2c-9316-fe005643c8d1");
INSERT INTO V_VAL
	VALUES ("098ac9b4-3588-4fb7-ab86-55c4da48ed83",
	0,
	0,
	-1,
	-1,
	-1,
	0,
	0,
	0,
	0,
	"f3b22070-8f46-4382-baa9-be5973b56db4",
	"6d921be0-edd0-4fce-9cbc-2813c4764b15");
INSERT INTO V_EDV
	VALUES ("098ac9b4-3588-4fb7-ab86-55c4da48ed83",
	"5d0386f5-6e69-4efa-94db-b69e9854e417",
	"285912af-ebed-4679-98e0-35d394150cda");
INSERT INTO V_VAL
	VALUES ("f57d3e53-78af-44ce-a0ca-d67ebaab8084",
	0,
	0,
	35,
	20,
	28,
	0,
	0,
	0,
	0,
	"bb2aad42-e125-4543-bcd6-e4515b678378",
	"6d921be0-edd0-4fce-9cbc-2813c4764b15");
INSERT INTO V_MVL
	VALUES ("f57d3e53-78af-44ce-a0ca-d67ebaab8084",
	"098ac9b4-3588-4fb7-ab86-55c4da48ed83",
	"5d275f57-7401-4a94-bebd-f53d58f4fc1e",
	"f3b22070-8f46-4382-baa9-be5973b56db4");
INSERT INTO V_VAL
	VALUES ("6e3964f7-c06a-4d2d-b225-d6b1721575df",
	0,
	0,
	-1,
	-1,
	-1,
	0,
	0,
	0,
	0,
	"ed855afe-b773-4348-9030-494350c96719",
	"6d921be0-edd0-4fce-9cbc-2813c4764b15");
INSERT INTO V_BIN
	VALUES ("6e3964f7-c06a-4d2d-b225-d6b1721575df",
	"2cabbf8d-59fa-48b3-b417-c6a5a4af3471",
	"f57d3e53-78af-44ce-a0ca-d67ebaab8084",
	'==');
INSERT INTO V_VAL
	VALUES ("2cabbf8d-59fa-48b3-b417-c6a5a4af3471",
	0,
	0,
	35,
	33,
	33,
	0,
	0,
	0,
	0,
	"bb2aad42-e125-4543-bcd6-e4515b678378",
	"6d921be0-edd0-4fce-9cbc-2813c4764b15");
INSERT INTO V_LIN
	VALUES ("2cabbf8d-59fa-48b3-b417-c6a5a4af3471",
	'1');
INSERT INTO V_VAL
	VALUES ("2b013438-07ac-4de6-8333-078496e669f1",
	0,
	0,
	-1,
	-1,
	-1,
	0,
	0,
	0,
	0,
	"f3b22070-8f46-4382-baa9-be5973b56db4",
	"6d921be0-edd0-4fce-9cbc-2813c4764b15");
INSERT INTO V_EDV
	VALUES ("2b013438-07ac-4de6-8333-078496e669f1",
	"5d0386f5-6e69-4efa-94db-b69e9854e417",
	"285912af-ebed-4679-98e0-35d394150cda");
INSERT INTO V_VAL
	VALUES ("01c1fefb-c1d5-45fc-9ef8-9db5428029b1",
	0,
	0,
	41,
	20,
	28,
	0,
	0,
	0,
	0,
	"ed855afe-b773-4348-9030-494350c96719",
	"6d921be0-edd0-4fce-9cbc-2813c4764b15");
INSERT INTO V_MVL
	VALUES ("01c1fefb-c1d5-45fc-9ef8-9db5428029b1",
	"2b013438-07ac-4de6-8333-078496e669f1",
	"bc071b7d-9f8c-45b7-81e3-1c67a2ea835d",
	"f3b22070-8f46-4382-baa9-be5973b56db4");
INSERT INTO V_VAL
	VALUES ("adbd0369-e51f-4f25-8161-60eaae4bbfc3",
	0,
	0,
	-1,
	-1,
	-1,
	0,
	0,
	0,
	0,
	"ed855afe-b773-4348-9030-494350c96719",
	"6d921be0-edd0-4fce-9cbc-2813c4764b15");
INSERT INTO V_BIN
	VALUES ("adbd0369-e51f-4f25-8161-60eaae4bbfc3",
	"78c0f0e9-4e6e-413b-b24a-39282ca10e18",
	"01c1fefb-c1d5-45fc-9ef8-9db5428029b1",
	'==');
INSERT INTO V_VAL
	VALUES ("78c0f0e9-4e6e-413b-b24a-39282ca10e18",
	0,
	0,
	-1,
	-1,
	-1,
	0,
	0,
	0,
	0,
	"ed855afe-b773-4348-9030-494350c96719",
	"6d921be0-edd0-4fce-9cbc-2813c4764b15");
INSERT INTO V_LBO
	VALUES ("78c0f0e9-4e6e-413b-b24a-39282ca10e18",
	'TRUE');
INSERT INTO V_VAL
	VALUES ("8d61f420-1ad5-41e3-a8a8-8299515f8e26",
	0,
	0,
	-1,
	-1,
	-1,
	0,
	0,
	0,
	0,
	"f3b22070-8f46-4382-baa9-be5973b56db4",
	"6d921be0-edd0-4fce-9cbc-2813c4764b15");
INSERT INTO V_EDV
	VALUES ("8d61f420-1ad5-41e3-a8a8-8299515f8e26",
	"5d0386f5-6e69-4efa-94db-b69e9854e417",
	"285912af-ebed-4679-98e0-35d394150cda");
INSERT INTO V_VAL
	VALUES ("5da57d9b-2d62-474b-b772-a096b28e5408",
	0,
	0,
	47,
	20,
	25,
	0,
	0,
	0,
	0,
	"13652848-f535-4373-84cd-5470fe8f20b8",
	"6d921be0-edd0-4fce-9cbc-2813c4764b15");
INSERT INTO V_MVL
	VALUES ("5da57d9b-2d62-474b-b772-a096b28e5408",
	"8d61f420-1ad5-41e3-a8a8-8299515f8e26",
	"6a3cbb72-43bb-4370-9658-904420fc70e8",
	"f3b22070-8f46-4382-baa9-be5973b56db4");
INSERT INTO V_VAL
	VALUES ("0079e383-c1a5-4a3e-a36b-16e89a322b71",
	0,
	0,
	-1,
	-1,
	-1,
	0,
	0,
	0,
	0,
	"ed855afe-b773-4348-9030-494350c96719",
	"6d921be0-edd0-4fce-9cbc-2813c4764b15");
INSERT INTO V_BIN
	VALUES ("0079e383-c1a5-4a3e-a36b-16e89a322b71",
	"ceb7cb15-a316-4bbd-addf-93f5baca80cc",
	"5da57d9b-2d62-474b-b772-a096b28e5408",
	'==');
INSERT INTO V_VAL
	VALUES ("ceb7cb15-a316-4bbd-addf-93f5baca80cc",
	0,
	0,
	47,
	35,
	-1,
	0,
	0,
	0,
	0,
	"13652848-f535-4373-84cd-5470fe8f20b8",
	"6d921be0-edd0-4fce-9cbc-2813c4764b15");
INSERT INTO V_BRV
	VALUES ("ceb7cb15-a316-4bbd-addf-93f5baca80cc",
	"7a681c3d-8b02-491d-b228-e848c5961a73",
	1,
	47,
	30);
INSERT INTO V_VAL
	VALUES ("04617ed2-44a4-43a8-b6e9-65158a134cfd",
	0,
	0,
	-1,
	-1,
	-1,
	0,
	0,
	0,
	0,
	"f3b22070-8f46-4382-baa9-be5973b56db4",
	"6d921be0-edd0-4fce-9cbc-2813c4764b15");
INSERT INTO V_EDV
	VALUES ("04617ed2-44a4-43a8-b6e9-65158a134cfd",
	"5d0386f5-6e69-4efa-94db-b69e9854e417",
	"285912af-ebed-4679-98e0-35d394150cda");
INSERT INTO V_VAL
	VALUES ("e30480e4-e6a4-4afb-8ac0-fb0874e00cfe",
	0,
	0,
	53,
	20,
	25,
	0,
	0,
	0,
	0,
	"1b4eef3c-5a32-4532-b6ba-6bd1a5ee28ec",
	"6d921be0-edd0-4fce-9cbc-2813c4764b15");
INSERT INTO V_MVL
	VALUES ("e30480e4-e6a4-4afb-8ac0-fb0874e00cfe",
	"04617ed2-44a4-43a8-b6e9-65158a134cfd",
	"c7f5cb51-b6f9-41cb-9922-1d7845743371",
	"f3b22070-8f46-4382-baa9-be5973b56db4");
INSERT INTO V_VAL
	VALUES ("a3aa6c43-6e23-45bc-9f17-1743c4e38a80",
	0,
	0,
	-1,
	-1,
	-1,
	0,
	0,
	0,
	0,
	"ed855afe-b773-4348-9030-494350c96719",
	"6d921be0-edd0-4fce-9cbc-2813c4764b15");
INSERT INTO V_BIN
	VALUES ("a3aa6c43-6e23-45bc-9f17-1743c4e38a80",
	"3904465c-7529-4db0-8ff0-6ab69ee49e61",
	"e30480e4-e6a4-4afb-8ac0-fb0874e00cfe",
	'==');
INSERT INTO V_VAL
	VALUES ("3904465c-7529-4db0-8ff0-6ab69ee49e61",
	0,
	0,
	53,
	30,
	32,
	0,
	0,
	0,
	0,
	"1b4eef3c-5a32-4532-b6ba-6bd1a5ee28ec",
	"6d921be0-edd0-4fce-9cbc-2813c4764b15");
INSERT INTO V_LRL
	VALUES ("3904465c-7529-4db0-8ff0-6ab69ee49e61",
	'1.0');
INSERT INTO V_VAL
	VALUES ("89c35750-8c79-4c9b-b653-c3de6f013658",
	0,
	0,
	-1,
	-1,
	-1,
	0,
	0,
	0,
	0,
	"f3b22070-8f46-4382-baa9-be5973b56db4",
	"6d921be0-edd0-4fce-9cbc-2813c4764b15");
INSERT INTO V_EDV
	VALUES ("89c35750-8c79-4c9b-b653-c3de6f013658",
	"5d0386f5-6e69-4efa-94db-b69e9854e417",
	"285912af-ebed-4679-98e0-35d394150cda");
INSERT INTO V_VAL
	VALUES ("d422044f-d374-4733-91f9-46e629136387",
	0,
	0,
	59,
	20,
	27,
	0,
	0,
	0,
	0,
	"fc579625-527e-4796-9485-440b72c36cdf",
	"6d921be0-edd0-4fce-9cbc-2813c4764b15");
INSERT INTO V_MVL
	VALUES ("d422044f-d374-4733-91f9-46e629136387",
	"89c35750-8c79-4c9b-b653-c3de6f013658",
	"e8aeb5a8-8e14-42e6-afe4-e4557db47146",
	"f3b22070-8f46-4382-baa9-be5973b56db4");
INSERT INTO V_VAL
	VALUES ("37ac071c-0cbb-4d4e-9083-e408ee910e27",
	0,
	0,
	-1,
	-1,
	-1,
	0,
	0,
	0,
	0,
	"ed855afe-b773-4348-9030-494350c96719",
	"6d921be0-edd0-4fce-9cbc-2813c4764b15");
INSERT INTO V_BIN
	VALUES ("37ac071c-0cbb-4d4e-9083-e408ee910e27",
	"0e23053f-2c5a-4546-b4f4-89eee9879871",
	"d422044f-d374-4733-91f9-46e629136387",
	'==');
INSERT INTO V_VAL
	VALUES ("0e23053f-2c5a-4546-b4f4-89eee9879871",
	0,
	0,
	59,
	32,
	38,
	0,
	0,
	0,
	0,
	"fc579625-527e-4796-9485-440b72c36cdf",
	"6d921be0-edd0-4fce-9cbc-2813c4764b15");
INSERT INTO V_LST
	VALUES ("0e23053f-2c5a-4546-b4f4-89eee9879871",
	'myData');
INSERT INTO V_VAL
	VALUES ("0483ce37-6b08-46f2-809f-0a22bb026492",
	0,
	0,
	-1,
	-1,
	-1,
	0,
	0,
	0,
	0,
	"f3b22070-8f46-4382-baa9-be5973b56db4",
	"6d921be0-edd0-4fce-9cbc-2813c4764b15");
INSERT INTO V_EDV
	VALUES ("0483ce37-6b08-46f2-809f-0a22bb026492",
	"5d0386f5-6e69-4efa-94db-b69e9854e417",
	"285912af-ebed-4679-98e0-35d394150cda");
INSERT INTO V_VAL
	VALUES ("5851ebc5-9028-446f-b9d6-2ed6442e854d",
	0,
	0,
	65,
	20,
	30,
	0,
	0,
	0,
	0,
	"f110c26b-e74a-47a6-bd78-09e2355d90d6",
	"6d921be0-edd0-4fce-9cbc-2813c4764b15");
INSERT INTO V_MVL
	VALUES ("5851ebc5-9028-446f-b9d6-2ed6442e854d",
	"0483ce37-6b08-46f2-809f-0a22bb026492",
	"699c58b9-d2b0-4927-9ac2-ca82d8bbfcbb",
	"f3b22070-8f46-4382-baa9-be5973b56db4");
INSERT INTO V_VAL
	VALUES ("a56df529-d94d-415a-b0a8-1f46f6e5b9c4",
	0,
	0,
	-1,
	-1,
	-1,
	0,
	0,
	0,
	0,
	"ed855afe-b773-4348-9030-494350c96719",
	"6d921be0-edd0-4fce-9cbc-2813c4764b15");
INSERT INTO V_BIN
	VALUES ("a56df529-d94d-415a-b0a8-1f46f6e5b9c4",
	"0812aa94-f8f0-4168-b4ea-4346d850f0b1",
	"5851ebc5-9028-446f-b9d6-2ed6442e854d",
	'<');
INSERT INTO V_VAL
	VALUES ("0812aa94-f8f0-4168-b4ea-4346d850f0b1",
	0,
	0,
	65,
	39,
	-1,
	0,
	0,
	0,
	0,
	"f110c26b-e74a-47a6-bd78-09e2355d90d6",
	"6d921be0-edd0-4fce-9cbc-2813c4764b15");
INSERT INTO V_BRV
	VALUES ("0812aa94-f8f0-4168-b4ea-4346d850f0b1",
	"76527422-354b-48ac-a584-53385ab85341",
	1,
	65,
	34);
INSERT INTO V_VAL
	VALUES ("a07a8375-8cf0-41f8-b889-6ec05264535c",
	0,
	0,
	-1,
	-1,
	-1,
	0,
	0,
	0,
	0,
	"f3b22070-8f46-4382-baa9-be5973b56db4",
	"6d921be0-edd0-4fce-9cbc-2813c4764b15");
INSERT INTO V_EDV
	VALUES ("a07a8375-8cf0-41f8-b889-6ec05264535c",
	"5d0386f5-6e69-4efa-94db-b69e9854e417",
	"285912af-ebed-4679-98e0-35d394150cda");
INSERT INTO V_VAR
	VALUES ("358ba4db-3ba7-43c8-b879-1fd29304fb4d",
	"6d921be0-edd0-4fce-9cbc-2813c4764b15",
	'self',
	1);
INSERT INTO V_INT
	VALUES ("358ba4db-3ba7-43c8-b879-1fd29304fb4d",
	0,
	"6d1350c3-a10b-4768-8428-c063129f13a9");
INSERT INTO V_LOC
	VALUES ("23b7792f-b007-4b13-88b2-ade0c2777ef7",
	3,
	6,
	9,
	"358ba4db-3ba7-43c8-b879-1fd29304fb4d");
INSERT INTO V_LOC
	VALUES ("d4cffee5-cb85-48c5-89df-2d0c63facf51",
	11,
	6,
	9,
	"358ba4db-3ba7-43c8-b879-1fd29304fb4d");
INSERT INTO V_LOC
	VALUES ("41ffbd71-54c3-4629-a2a8-c7edce5e5f8c",
	19,
	13,
	16,
	"358ba4db-3ba7-43c8-b879-1fd29304fb4d");
INSERT INTO V_LOC
	VALUES ("bab4deeb-9761-420c-b871-9bfc12ca162b",
	20,
	13,
	16,
	"358ba4db-3ba7-43c8-b879-1fd29304fb4d");
INSERT INTO V_LOC
	VALUES ("e31a3c6b-0286-4eec-af89-4034e75858a2",
	21,
	19,
	22,
	"358ba4db-3ba7-43c8-b879-1fd29304fb4d");
INSERT INTO V_LOC
	VALUES ("0c4e36e5-5d7e-4986-ad39-c45322e54a72",
	27,
	19,
	22,
	"358ba4db-3ba7-43c8-b879-1fd29304fb4d");
INSERT INTO V_VAR
	VALUES ("d44bdbb4-dd1b-4a2c-b559-6ae58cdc5d2c",
	"6d921be0-edd0-4fce-9cbc-2813c4764b15",
	'localData',
	1);
INSERT INTO V_TRN
	VALUES ("d44bdbb4-dd1b-4a2c-b559-6ae58cdc5d2c",
	"f3b22070-8f46-4382-baa9-be5973b56db4");
INSERT INTO V_LOC
	VALUES ("d38f3561-0dbe-4aea-a105-3e54b78dd011",
	19,
	1,
	9,
	"d44bdbb4-dd1b-4a2c-b559-6ae58cdc5d2c");
INSERT INTO V_LOC
	VALUES ("21bb0e4e-b98e-4506-94f4-914fa754a2fd",
	20,
	1,
	9,
	"d44bdbb4-dd1b-4a2c-b559-6ae58cdc5d2c");
INSERT INTO ACT_BLK
	VALUES ("94261447-a688-4c15-bd9f-e17c1f8bbef2",
	0,
	0,
	0,
	'LOG',
	'',
	'',
	4,
	3,
	4,
	3,
	0,
	0,
	0,
	0,
	0,
	0,
	0,
	0,
	0,
	"74a4949e-deb3-47f8-8050-7cabb98a8a36",
	"00000000-0000-0000-0000-000000000000");
INSERT INTO ACT_SMT
	VALUES ("cb9e657d-d749-4167-be85-6db3bc3b3588",
	"94261447-a688-4c15-bd9f-e17c1f8bbef2",
	"00000000-0000-0000-0000-000000000000",
	4,
	3,
	'CheckSDTs::Misc line: 4');
INSERT INTO ACT_BRG
	VALUES ("cb9e657d-d749-4167-be85-6db3bc3b3588",
	"f2f7277d-5b46-4382-aca0-8e16b822b623",
	4,
	8,
	4,
	3);
INSERT INTO V_VAL
	VALUES ("cd24065c-01d1-41f6-8262-0ddbb3457277",
	0,
	0,
	4,
	29,
	69,
	0,
	0,
	0,
	0,
	"fc579625-527e-4796-9485-440b72c36cdf",
	"94261447-a688-4c15-bd9f-e17c1f8bbef2");
INSERT INTO V_LST
	VALUES ("cd24065c-01d1-41f6-8262-0ddbb3457277",
	'Successful comparison of identical SDTs.');
INSERT INTO V_PAR
	VALUES ("cd24065c-01d1-41f6-8262-0ddbb3457277",
	"cb9e657d-d749-4167-be85-6db3bc3b3588",
	"00000000-0000-0000-0000-000000000000",
	'message',
	"00000000-0000-0000-0000-000000000000",
	4,
	20);
INSERT INTO ACT_BLK
	VALUES ("59f659b3-3968-4342-bfb9-a06f1da8c86a",
	0,
	0,
	0,
	'LOG',
	'',
	'',
	7,
	3,
	6,
	3,
	0,
	0,
	0,
	0,
	0,
	0,
	0,
	0,
	0,
	"74a4949e-deb3-47f8-8050-7cabb98a8a36",
	"00000000-0000-0000-0000-000000000000");
INSERT INTO ACT_SMT
	VALUES ("92601efa-e8df-475b-81c7-1b86cb5a52f1",
	"59f659b3-3968-4342-bfb9-a06f1da8c86a",
	"e9edfc7f-d930-4f6a-9fd3-b75002119519",
	6,
	3,
	'CheckSDTs::Misc line: 6');
INSERT INTO ACT_BRG
	VALUES ("92601efa-e8df-475b-81c7-1b86cb5a52f1",
	"85a2ae18-4cb8-4b1f-a989-c9af21c1561b",
	6,
	8,
	6,
	3);
INSERT INTO ACT_SMT
	VALUES ("e9edfc7f-d930-4f6a-9fd3-b75002119519",
	"59f659b3-3968-4342-bfb9-a06f1da8c86a",
	"00000000-0000-0000-0000-000000000000",
	7,
	3,
	'CheckSDTs::Misc line: 7');
INSERT INTO ACT_FNC
	VALUES ("e9edfc7f-d930-4f6a-9fd3-b75002119519",
	"a3929c52-9e1a-45f7-acc5-5bd9cf747c56",
	7,
	5);
INSERT INTO V_VAL
	VALUES ("bb43d97d-1c72-4b5f-8156-9fa18f3cb0da",
	0,
	0,
	6,
	29,
	71,
	0,
	0,
	0,
	0,
	"fc579625-527e-4796-9485-440b72c36cdf",
	"59f659b3-3968-4342-bfb9-a06f1da8c86a");
INSERT INTO V_LST
	VALUES ("bb43d97d-1c72-4b5f-8156-9fa18f3cb0da",
	'Unsuccessful comparison of identical SDTs.');
INSERT INTO V_PAR
	VALUES ("bb43d97d-1c72-4b5f-8156-9fa18f3cb0da",
	"92601efa-e8df-475b-81c7-1b86cb5a52f1",
	"00000000-0000-0000-0000-000000000000",
	'message',
	"00000000-0000-0000-0000-000000000000",
	6,
	20);
INSERT INTO ACT_BLK
	VALUES ("efcd2abc-6f16-4006-9aa4-beb49f86c6e3",
	0,
	0,
	0,
	'LOG',
	'',
	'',
	12,
	3,
	12,
	3,
	0,
	0,
	0,
	0,
	0,
	0,
	0,
	0,
	0,
	"74a4949e-deb3-47f8-8050-7cabb98a8a36",
	"00000000-0000-0000-0000-000000000000");
INSERT INTO ACT_SMT
	VALUES ("7883efe4-35de-4935-9481-5664a315038b",
	"efcd2abc-6f16-4006-9aa4-beb49f86c6e3",
	"00000000-0000-0000-0000-000000000000",
	12,
	3,
	'CheckSDTs::Misc line: 12');
INSERT INTO ACT_BRG
	VALUES ("7883efe4-35de-4935-9481-5664a315038b",
	"f2f7277d-5b46-4382-aca0-8e16b822b623",
	12,
	8,
	12,
	3);
INSERT INTO V_VAL
	VALUES ("6a4eed39-1151-4afe-aa5d-0ffa189cac80",
	0,
	0,
	12,
	29,
	73,
	0,
	0,
	0,
	0,
	"fc579625-527e-4796-9485-440b72c36cdf",
	"efcd2abc-6f16-4006-9aa4-beb49f86c6e3");
INSERT INTO V_LST
	VALUES ("6a4eed39-1151-4afe-aa5d-0ffa189cac80",
	'Successful comparison of non-identical SDTs.');
INSERT INTO V_PAR
	VALUES ("6a4eed39-1151-4afe-aa5d-0ffa189cac80",
	"7883efe4-35de-4935-9481-5664a315038b",
	"00000000-0000-0000-0000-000000000000",
	'message',
	"00000000-0000-0000-0000-000000000000",
	12,
	20);
INSERT INTO ACT_BLK
	VALUES ("42cc72c2-0a03-4e1a-889a-e545e44de278",
	0,
	0,
	0,
	'LOG',
	'',
	'',
	15,
	3,
	14,
	3,
	0,
	0,
	0,
	0,
	0,
	0,
	0,
	0,
	0,
	"74a4949e-deb3-47f8-8050-7cabb98a8a36",
	"00000000-0000-0000-0000-000000000000");
INSERT INTO ACT_SMT
	VALUES ("c3206ef1-b3a2-4483-8224-f6962d616ba5",
	"42cc72c2-0a03-4e1a-889a-e545e44de278",
	"eee6c2f1-9e8e-4874-89e7-5693faf252f8",
	14,
	3,
	'CheckSDTs::Misc line: 14');
INSERT INTO ACT_BRG
	VALUES ("c3206ef1-b3a2-4483-8224-f6962d616ba5",
	"85a2ae18-4cb8-4b1f-a989-c9af21c1561b",
	14,
	8,
	14,
	3);
INSERT INTO ACT_SMT
	VALUES ("eee6c2f1-9e8e-4874-89e7-5693faf252f8",
	"42cc72c2-0a03-4e1a-889a-e545e44de278",
	"00000000-0000-0000-0000-000000000000",
	15,
	3,
	'CheckSDTs::Misc line: 15');
INSERT INTO ACT_FNC
	VALUES ("eee6c2f1-9e8e-4874-89e7-5693faf252f8",
	"a3929c52-9e1a-45f7-acc5-5bd9cf747c56",
	15,
	5);
INSERT INTO V_VAL
	VALUES ("0d017faa-e857-4812-baab-0b0c5336b00e",
	0,
	0,
	14,
	29,
	75,
	0,
	0,
	0,
	0,
	"fc579625-527e-4796-9485-440b72c36cdf",
	"42cc72c2-0a03-4e1a-889a-e545e44de278");
INSERT INTO V_LST
	VALUES ("0d017faa-e857-4812-baab-0b0c5336b00e",
	'Unsuccessful comparison of non-identical SDTs.');
INSERT INTO V_PAR
	VALUES ("0d017faa-e857-4812-baab-0b0c5336b00e",
	"c3206ef1-b3a2-4483-8224-f6962d616ba5",
	"00000000-0000-0000-0000-000000000000",
	'message',
	"00000000-0000-0000-0000-000000000000",
	14,
	20);
INSERT INTO ACT_BLK
	VALUES ("ce69d0f2-a139-46ce-af59-6eaefb1c9967",
	0,
	0,
	0,
	'LOG',
	'',
	'',
	22,
	3,
	22,
	3,
	0,
	0,
	0,
	0,
	0,
	0,
	0,
	0,
	0,
	"74a4949e-deb3-47f8-8050-7cabb98a8a36",
	"00000000-0000-0000-0000-000000000000");
INSERT INTO ACT_SMT
	VALUES ("a538b4c6-8fb9-4d1f-bef3-d0788caf1388",
	"ce69d0f2-a139-46ce-af59-6eaefb1c9967",
	"00000000-0000-0000-0000-000000000000",
	22,
	3,
	'CheckSDTs::Misc line: 22');
INSERT INTO ACT_BRG
	VALUES ("a538b4c6-8fb9-4d1f-bef3-d0788caf1388",
	"f2f7277d-5b46-4382-aca0-8e16b822b623",
	22,
	8,
	22,
	3);
INSERT INTO V_VAL
	VALUES ("cfeb7493-3e76-47c7-aa67-b656412a7607",
	0,
	0,
	22,
	29,
	74,
	0,
	0,
	0,
	0,
	"fc579625-527e-4796-9485-440b72c36cdf",
	"ce69d0f2-a139-46ce-af59-6eaefb1c9967");
INSERT INTO V_LST
	VALUES ("cfeb7493-3e76-47c7-aa67-b656412a7607",
	'Successful check of reassigned temporary SDT.');
INSERT INTO V_PAR
	VALUES ("cfeb7493-3e76-47c7-aa67-b656412a7607",
	"a538b4c6-8fb9-4d1f-bef3-d0788caf1388",
	"00000000-0000-0000-0000-000000000000",
	'message',
	"00000000-0000-0000-0000-000000000000",
	22,
	20);
INSERT INTO ACT_BLK
	VALUES ("1802358e-4555-4949-b9ea-c617d6ed33d2",
	0,
	0,
	0,
	'LOG',
	'',
	'',
	25,
	3,
	24,
	3,
	0,
	0,
	0,
	0,
	0,
	0,
	0,
	0,
	0,
	"74a4949e-deb3-47f8-8050-7cabb98a8a36",
	"00000000-0000-0000-0000-000000000000");
INSERT INTO ACT_SMT
	VALUES ("e3a359cf-9f1b-4a7c-ab42-bd3ff1bec7f2",
	"1802358e-4555-4949-b9ea-c617d6ed33d2",
	"6a3dafb2-202c-47dd-ad7b-982584c187dd",
	24,
	3,
	'CheckSDTs::Misc line: 24');
INSERT INTO ACT_BRG
	VALUES ("e3a359cf-9f1b-4a7c-ab42-bd3ff1bec7f2",
	"85a2ae18-4cb8-4b1f-a989-c9af21c1561b",
	24,
	8,
	24,
	3);
INSERT INTO ACT_SMT
	VALUES ("6a3dafb2-202c-47dd-ad7b-982584c187dd",
	"1802358e-4555-4949-b9ea-c617d6ed33d2",
	"00000000-0000-0000-0000-000000000000",
	25,
	3,
	'CheckSDTs::Misc line: 25');
INSERT INTO ACT_FNC
	VALUES ("6a3dafb2-202c-47dd-ad7b-982584c187dd",
	"a3929c52-9e1a-45f7-acc5-5bd9cf747c56",
	25,
	5);
INSERT INTO V_VAL
	VALUES ("4cb78f1d-ed27-488b-b842-16669856cf90",
	0,
	0,
	24,
	29,
	76,
	0,
	0,
	0,
	0,
	"fc579625-527e-4796-9485-440b72c36cdf",
	"1802358e-4555-4949-b9ea-c617d6ed33d2");
INSERT INTO V_LST
	VALUES ("4cb78f1d-ed27-488b-b842-16669856cf90",
	'Unsuccessful check of reassigned temporary SDT.');
INSERT INTO V_PAR
	VALUES ("4cb78f1d-ed27-488b-b842-16669856cf90",
	"e3a359cf-9f1b-4a7c-ab42-bd3ff1bec7f2",
	"00000000-0000-0000-0000-000000000000",
	'message',
	"00000000-0000-0000-0000-000000000000",
	24,
	20);
INSERT INTO ACT_BLK
	VALUES ("2e51b3ec-7f68-4679-abfd-03c61702a173",
	0,
	0,
	0,
	'LOG',
	'',
	'',
	28,
	3,
	28,
	3,
	0,
	0,
	0,
	0,
	0,
	0,
	0,
	0,
	0,
	"74a4949e-deb3-47f8-8050-7cabb98a8a36",
	"00000000-0000-0000-0000-000000000000");
INSERT INTO ACT_SMT
	VALUES ("05faa785-378b-4935-a86c-7909938998ad",
	"2e51b3ec-7f68-4679-abfd-03c61702a173",
	"00000000-0000-0000-0000-000000000000",
	28,
	3,
	'CheckSDTs::Misc line: 28');
INSERT INTO ACT_BRG
	VALUES ("05faa785-378b-4935-a86c-7909938998ad",
	"f2f7277d-5b46-4382-aca0-8e16b822b623",
	28,
	8,
	28,
	3);
INSERT INTO V_VAL
	VALUES ("c831c183-7b95-4030-a6a6-d4018aae7bb5",
	0,
	0,
	28,
	29,
	74,
	0,
	0,
	0,
	0,
	"fc579625-527e-4796-9485-440b72c36cdf",
	"2e51b3ec-7f68-4679-abfd-03c61702a173");
INSERT INTO V_LST
	VALUES ("c831c183-7b95-4030-a6a6-d4018aae7bb5",
	'Successful check of reassigned temporary SDT.');
INSERT INTO V_PAR
	VALUES ("c831c183-7b95-4030-a6a6-d4018aae7bb5",
	"05faa785-378b-4935-a86c-7909938998ad",
	"00000000-0000-0000-0000-000000000000",
	'message',
	"00000000-0000-0000-0000-000000000000",
	28,
	20);
INSERT INTO ACT_BLK
	VALUES ("dfe6602c-ff22-4249-9571-d76d2b71cd5c",
	0,
	0,
	0,
	'LOG',
	'',
	'',
	31,
	3,
	30,
	3,
	0,
	0,
	0,
	0,
	0,
	0,
	0,
	0,
	0,
	"74a4949e-deb3-47f8-8050-7cabb98a8a36",
	"00000000-0000-0000-0000-000000000000");
INSERT INTO ACT_SMT
	VALUES ("32ca4602-4d8d-4861-8625-62b765ce9eac",
	"dfe6602c-ff22-4249-9571-d76d2b71cd5c",
	"190d326f-b1aa-4e00-9099-615580c37076",
	30,
	3,
	'CheckSDTs::Misc line: 30');
INSERT INTO ACT_BRG
	VALUES ("32ca4602-4d8d-4861-8625-62b765ce9eac",
	"85a2ae18-4cb8-4b1f-a989-c9af21c1561b",
	30,
	8,
	30,
	3);
INSERT INTO ACT_SMT
	VALUES ("190d326f-b1aa-4e00-9099-615580c37076",
	"dfe6602c-ff22-4249-9571-d76d2b71cd5c",
	"00000000-0000-0000-0000-000000000000",
	31,
	3,
	'CheckSDTs::Misc line: 31');
INSERT INTO ACT_FNC
	VALUES ("190d326f-b1aa-4e00-9099-615580c37076",
	"a3929c52-9e1a-45f7-acc5-5bd9cf747c56",
	31,
	5);
INSERT INTO V_VAL
	VALUES ("8fdfd4a7-5fc5-4341-b053-770661fe5135",
	0,
	0,
	30,
	29,
	76,
	0,
	0,
	0,
	0,
	"fc579625-527e-4796-9485-440b72c36cdf",
	"dfe6602c-ff22-4249-9571-d76d2b71cd5c");
INSERT INTO V_LST
	VALUES ("8fdfd4a7-5fc5-4341-b053-770661fe5135",
	'Unsuccessful check of reassigned temporary SDT.');
INSERT INTO V_PAR
	VALUES ("8fdfd4a7-5fc5-4341-b053-770661fe5135",
	"32ca4602-4d8d-4861-8625-62b765ce9eac",
	"00000000-0000-0000-0000-000000000000",
	'message',
	"00000000-0000-0000-0000-000000000000",
	30,
	20);
INSERT INTO ACT_BLK
	VALUES ("25f16fbb-b4c8-43ce-9073-a7bc81f4e695",
	0,
	0,
	0,
	'LOG',
	'',
	'',
	36,
	3,
	36,
	3,
	0,
	0,
	0,
	0,
	0,
	0,
	0,
	0,
	0,
	"74a4949e-deb3-47f8-8050-7cabb98a8a36",
	"00000000-0000-0000-0000-000000000000");
INSERT INTO ACT_SMT
	VALUES ("58033b2c-fa69-403b-8baf-d03ffc05efba",
	"25f16fbb-b4c8-43ce-9073-a7bc81f4e695",
	"00000000-0000-0000-0000-000000000000",
	36,
	3,
	'CheckSDTs::Misc line: 36');
INSERT INTO ACT_BRG
	VALUES ("58033b2c-fa69-403b-8baf-d03ffc05efba",
	"f2f7277d-5b46-4382-aca0-8e16b822b623",
	36,
	8,
	36,
	3);
INSERT INTO V_VAL
	VALUES ("9e1dbac7-5fda-4c8a-abc1-fdbfbcaded00",
	0,
	0,
	36,
	29,
	86,
	0,
	0,
	0,
	0,
	"fc579625-527e-4796-9485-440b72c36cdf",
	"25f16fbb-b4c8-43ce-9073-a7bc81f4e695");
INSERT INTO V_LST
	VALUES ("9e1dbac7-5fda-4c8a-abc1-fdbfbcaded00",
	'Successful read of SDT int member in received event data.');
INSERT INTO V_PAR
	VALUES ("9e1dbac7-5fda-4c8a-abc1-fdbfbcaded00",
	"58033b2c-fa69-403b-8baf-d03ffc05efba",
	"00000000-0000-0000-0000-000000000000",
	'message',
	"00000000-0000-0000-0000-000000000000",
	36,
	20);
INSERT INTO ACT_BLK
	VALUES ("360a90e8-849e-47d1-98ff-059e48731447",
	0,
	0,
	0,
	'LOG',
	'',
	'',
	39,
	3,
	38,
	3,
	0,
	0,
	0,
	0,
	0,
	0,
	0,
	0,
	0,
	"74a4949e-deb3-47f8-8050-7cabb98a8a36",
	"00000000-0000-0000-0000-000000000000");
INSERT INTO ACT_SMT
	VALUES ("3373b98a-0c39-4432-b363-7644d69bcece",
	"360a90e8-849e-47d1-98ff-059e48731447",
	"ed799e1c-7dcb-4460-b1bd-220e347d544b",
	38,
	3,
	'CheckSDTs::Misc line: 38');
INSERT INTO ACT_BRG
	VALUES ("3373b98a-0c39-4432-b363-7644d69bcece",
	"85a2ae18-4cb8-4b1f-a989-c9af21c1561b",
	38,
	8,
	38,
	3);
INSERT INTO ACT_SMT
	VALUES ("ed799e1c-7dcb-4460-b1bd-220e347d544b",
	"360a90e8-849e-47d1-98ff-059e48731447",
	"00000000-0000-0000-0000-000000000000",
	39,
	3,
	'CheckSDTs::Misc line: 39');
INSERT INTO ACT_FNC
	VALUES ("ed799e1c-7dcb-4460-b1bd-220e347d544b",
	"a3929c52-9e1a-45f7-acc5-5bd9cf747c56",
	39,
	5);
INSERT INTO V_VAL
	VALUES ("c3ee654d-d333-497c-9733-fc8f0bcb3c34",
	0,
	0,
	38,
	29,
	88,
	0,
	0,
	0,
	0,
	"fc579625-527e-4796-9485-440b72c36cdf",
	"360a90e8-849e-47d1-98ff-059e48731447");
INSERT INTO V_LST
	VALUES ("c3ee654d-d333-497c-9733-fc8f0bcb3c34",
	'Unsuccessful read of SDT int member in received event data.');
INSERT INTO V_PAR
	VALUES ("c3ee654d-d333-497c-9733-fc8f0bcb3c34",
	"3373b98a-0c39-4432-b363-7644d69bcece",
	"00000000-0000-0000-0000-000000000000",
	'message',
	"00000000-0000-0000-0000-000000000000",
	38,
	20);
INSERT INTO ACT_BLK
	VALUES ("205287eb-45a3-4c88-bae2-efcab4bde7f1",
	0,
	0,
	0,
	'LOG',
	'',
	'',
	42,
	3,
	42,
	3,
	0,
	0,
	0,
	0,
	0,
	0,
	0,
	0,
	0,
	"74a4949e-deb3-47f8-8050-7cabb98a8a36",
	"00000000-0000-0000-0000-000000000000");
INSERT INTO ACT_SMT
	VALUES ("9f7158fc-d230-4a75-8d37-18b2e5bbb4d9",
	"205287eb-45a3-4c88-bae2-efcab4bde7f1",
	"00000000-0000-0000-0000-000000000000",
	42,
	3,
	'CheckSDTs::Misc line: 42');
INSERT INTO ACT_BRG
	VALUES ("9f7158fc-d230-4a75-8d37-18b2e5bbb4d9",
	"f2f7277d-5b46-4382-aca0-8e16b822b623",
	42,
	8,
	42,
	3);
INSERT INTO V_VAL
	VALUES ("74308351-9452-4de5-bcbc-e280f1db8ca1",
	0,
	0,
	42,
	29,
	90,
	0,
	0,
	0,
	0,
	"fc579625-527e-4796-9485-440b72c36cdf",
	"205287eb-45a3-4c88-bae2-efcab4bde7f1");
INSERT INTO V_LST
	VALUES ("74308351-9452-4de5-bcbc-e280f1db8ca1",
	'Successful read of SDT boolean member in received event data.');
INSERT INTO V_PAR
	VALUES ("74308351-9452-4de5-bcbc-e280f1db8ca1",
	"9f7158fc-d230-4a75-8d37-18b2e5bbb4d9",
	"00000000-0000-0000-0000-000000000000",
	'message',
	"00000000-0000-0000-0000-000000000000",
	42,
	20);
INSERT INTO ACT_BLK
	VALUES ("5c85ebbf-4e9d-4591-a543-62ed0ea5687b",
	0,
	0,
	0,
	'LOG',
	'',
	'',
	45,
	3,
	44,
	3,
	0,
	0,
	0,
	0,
	0,
	0,
	0,
	0,
	0,
	"74a4949e-deb3-47f8-8050-7cabb98a8a36",
	"00000000-0000-0000-0000-000000000000");
INSERT INTO ACT_SMT
	VALUES ("646eb405-cdd0-43de-a97f-873b71476d32",
	"5c85ebbf-4e9d-4591-a543-62ed0ea5687b",
	"055aac6b-cfbd-4c92-b9c0-052f7f7dd681",
	44,
	3,
	'CheckSDTs::Misc line: 44');
INSERT INTO ACT_BRG
	VALUES ("646eb405-cdd0-43de-a97f-873b71476d32",
	"85a2ae18-4cb8-4b1f-a989-c9af21c1561b",
	44,
	8,
	44,
	3);
INSERT INTO ACT_SMT
	VALUES ("055aac6b-cfbd-4c92-b9c0-052f7f7dd681",
	"5c85ebbf-4e9d-4591-a543-62ed0ea5687b",
	"00000000-0000-0000-0000-000000000000",
	45,
	3,
	'CheckSDTs::Misc line: 45');
INSERT INTO ACT_FNC
	VALUES ("055aac6b-cfbd-4c92-b9c0-052f7f7dd681",
	"a3929c52-9e1a-45f7-acc5-5bd9cf747c56",
	45,
	5);
INSERT INTO V_VAL
	VALUES ("e01c2683-207e-47ab-acc0-85af2a49c9e0",
	0,
	0,
	44,
	29,
	92,
	0,
	0,
	0,
	0,
	"fc579625-527e-4796-9485-440b72c36cdf",
	"5c85ebbf-4e9d-4591-a543-62ed0ea5687b");
INSERT INTO V_LST
	VALUES ("e01c2683-207e-47ab-acc0-85af2a49c9e0",
	'Unsuccessful read of SDT boolean member in received event data.');
INSERT INTO V_PAR
	VALUES ("e01c2683-207e-47ab-acc0-85af2a49c9e0",
	"646eb405-cdd0-43de-a97f-873b71476d32",
	"00000000-0000-0000-0000-000000000000",
	'message',
	"00000000-0000-0000-0000-000000000000",
	44,
	20);
INSERT INTO ACT_BLK
	VALUES ("e25733bf-f738-454c-8b55-65d28edc0706",
	0,
	0,
	0,
	'LOG',
	'',
	'',
	48,
	3,
	48,
	3,
	0,
	0,
	0,
	0,
	0,
	0,
	0,
	0,
	0,
	"74a4949e-deb3-47f8-8050-7cabb98a8a36",
	"00000000-0000-0000-0000-000000000000");
INSERT INTO ACT_SMT
	VALUES ("8937475f-ac86-4b88-84f5-6555d671ce4b",
	"e25733bf-f738-454c-8b55-65d28edc0706",
	"00000000-0000-0000-0000-000000000000",
	48,
	3,
	'CheckSDTs::Misc line: 48');
INSERT INTO ACT_BRG
	VALUES ("8937475f-ac86-4b88-84f5-6555d671ce4b",
	"f2f7277d-5b46-4382-aca0-8e16b822b623",
	48,
	8,
	48,
	3);
INSERT INTO V_VAL
	VALUES ("b9ab8325-ad12-4513-824c-ff6e6ab22f81",
	0,
	0,
	48,
	29,
	87,
	0,
	0,
	0,
	0,
	"fc579625-527e-4796-9485-440b72c36cdf",
	"e25733bf-f738-454c-8b55-65d28edc0706");
INSERT INTO V_LST
	VALUES ("b9ab8325-ad12-4513-824c-ff6e6ab22f81",
	'Successful read of SDT date member in received event data.');
INSERT INTO V_PAR
	VALUES ("b9ab8325-ad12-4513-824c-ff6e6ab22f81",
	"8937475f-ac86-4b88-84f5-6555d671ce4b",
	"00000000-0000-0000-0000-000000000000",
	'message',
	"00000000-0000-0000-0000-000000000000",
	48,
	20);
INSERT INTO ACT_BLK
	VALUES ("94ed0665-6636-4f04-aaf7-f3c902e3121e",
	0,
	0,
	0,
	'LOG',
	'',
	'',
	51,
	3,
	50,
	3,
	0,
	0,
	0,
	0,
	0,
	0,
	0,
	0,
	0,
	"74a4949e-deb3-47f8-8050-7cabb98a8a36",
	"00000000-0000-0000-0000-000000000000");
INSERT INTO ACT_SMT
	VALUES ("18b77dca-6a1c-4fe5-b7f2-9dc483339b37",
	"94ed0665-6636-4f04-aaf7-f3c902e3121e",
	"7c1927ec-425f-4307-b07b-bf9344dc0a6e",
	50,
	3,
	'CheckSDTs::Misc line: 50');
INSERT INTO ACT_BRG
	VALUES ("18b77dca-6a1c-4fe5-b7f2-9dc483339b37",
	"85a2ae18-4cb8-4b1f-a989-c9af21c1561b",
	50,
	8,
	50,
	3);
INSERT INTO ACT_SMT
	VALUES ("7c1927ec-425f-4307-b07b-bf9344dc0a6e",
	"94ed0665-6636-4f04-aaf7-f3c902e3121e",
	"00000000-0000-0000-0000-000000000000",
	51,
	3,
	'CheckSDTs::Misc line: 51');
INSERT INTO ACT_FNC
	VALUES ("7c1927ec-425f-4307-b07b-bf9344dc0a6e",
	"a3929c52-9e1a-45f7-acc5-5bd9cf747c56",
	51,
	5);
INSERT INTO V_VAL
	VALUES ("8b3779e1-4087-42f3-ac54-42d341dc333f",
	0,
	0,
	50,
	29,
	89,
	0,
	0,
	0,
	0,
	"fc579625-527e-4796-9485-440b72c36cdf",
	"94ed0665-6636-4f04-aaf7-f3c902e3121e");
INSERT INTO V_LST
	VALUES ("8b3779e1-4087-42f3-ac54-42d341dc333f",
	'Unsuccessful read of SDT date member in received event data.');
INSERT INTO V_PAR
	VALUES ("8b3779e1-4087-42f3-ac54-42d341dc333f",
	"18b77dca-6a1c-4fe5-b7f2-9dc483339b37",
	"00000000-0000-0000-0000-000000000000",
	'message',
	"00000000-0000-0000-0000-000000000000",
	50,
	20);
INSERT INTO ACT_BLK
	VALUES ("09610558-380c-45f2-b3d5-45a148b25d9e",
	0,
	0,
	0,
	'LOG',
	'',
	'',
	54,
	3,
	54,
	3,
	0,
	0,
	0,
	0,
	0,
	0,
	0,
	0,
	0,
	"74a4949e-deb3-47f8-8050-7cabb98a8a36",
	"00000000-0000-0000-0000-000000000000");
INSERT INTO ACT_SMT
	VALUES ("98df728a-3548-4ac7-a675-214f11f061e9",
	"09610558-380c-45f2-b3d5-45a148b25d9e",
	"00000000-0000-0000-0000-000000000000",
	54,
	3,
	'CheckSDTs::Misc line: 54');
INSERT INTO ACT_BRG
	VALUES ("98df728a-3548-4ac7-a675-214f11f061e9",
	"f2f7277d-5b46-4382-aca0-8e16b822b623",
	54,
	8,
	54,
	3);
INSERT INTO V_VAL
	VALUES ("3fbaf761-9dc2-45a4-a4fe-6442f0822be7",
	0,
	0,
	54,
	29,
	87,
	0,
	0,
	0,
	0,
	"fc579625-527e-4796-9485-440b72c36cdf",
	"09610558-380c-45f2-b3d5-45a148b25d9e");
INSERT INTO V_LST
	VALUES ("3fbaf761-9dc2-45a4-a4fe-6442f0822be7",
	'Successful read of SDT real member in received event data.');
INSERT INTO V_PAR
	VALUES ("3fbaf761-9dc2-45a4-a4fe-6442f0822be7",
	"98df728a-3548-4ac7-a675-214f11f061e9",
	"00000000-0000-0000-0000-000000000000",
	'message',
	"00000000-0000-0000-0000-000000000000",
	54,
	20);
INSERT INTO ACT_BLK
	VALUES ("9f74e9d3-adf7-4f33-be23-204201c21d2f",
	0,
	0,
	0,
	'LOG',
	'',
	'',
	57,
	3,
	56,
	3,
	0,
	0,
	0,
	0,
	0,
	0,
	0,
	0,
	0,
	"74a4949e-deb3-47f8-8050-7cabb98a8a36",
	"00000000-0000-0000-0000-000000000000");
INSERT INTO ACT_SMT
	VALUES ("4abfb3e1-c2c1-4955-b830-6a1ba777d6fd",
	"9f74e9d3-adf7-4f33-be23-204201c21d2f",
	"eb963597-f6ac-4bf3-8f67-74ad14efb453",
	56,
	3,
	'CheckSDTs::Misc line: 56');
INSERT INTO ACT_BRG
	VALUES ("4abfb3e1-c2c1-4955-b830-6a1ba777d6fd",
	"85a2ae18-4cb8-4b1f-a989-c9af21c1561b",
	56,
	8,
	56,
	3);
INSERT INTO ACT_SMT
	VALUES ("eb963597-f6ac-4bf3-8f67-74ad14efb453",
	"9f74e9d3-adf7-4f33-be23-204201c21d2f",
	"00000000-0000-0000-0000-000000000000",
	57,
	3,
	'CheckSDTs::Misc line: 57');
INSERT INTO ACT_FNC
	VALUES ("eb963597-f6ac-4bf3-8f67-74ad14efb453",
	"a3929c52-9e1a-45f7-acc5-5bd9cf747c56",
	57,
	5);
INSERT INTO V_VAL
	VALUES ("9f59cf29-3228-43ba-bd4b-1849e88e718c",
	0,
	0,
	56,
	29,
	89,
	0,
	0,
	0,
	0,
	"fc579625-527e-4796-9485-440b72c36cdf",
	"9f74e9d3-adf7-4f33-be23-204201c21d2f");
INSERT INTO V_LST
	VALUES ("9f59cf29-3228-43ba-bd4b-1849e88e718c",
	'Unsuccessful read of SDT real member in received event data.');
INSERT INTO V_PAR
	VALUES ("9f59cf29-3228-43ba-bd4b-1849e88e718c",
	"4abfb3e1-c2c1-4955-b830-6a1ba777d6fd",
	"00000000-0000-0000-0000-000000000000",
	'message',
	"00000000-0000-0000-0000-000000000000",
	56,
	20);
INSERT INTO ACT_BLK
	VALUES ("48c13141-7ff8-4b0f-a2a6-bebe69f00989",
	0,
	0,
	0,
	'LOG',
	'',
	'',
	60,
	3,
	60,
	3,
	0,
	0,
	0,
	0,
	0,
	0,
	0,
	0,
	0,
	"74a4949e-deb3-47f8-8050-7cabb98a8a36",
	"00000000-0000-0000-0000-000000000000");
INSERT INTO ACT_SMT
	VALUES ("0d6f161f-485c-4e6b-9297-5183b4dd8726",
	"48c13141-7ff8-4b0f-a2a6-bebe69f00989",
	"00000000-0000-0000-0000-000000000000",
	60,
	3,
	'CheckSDTs::Misc line: 60');
INSERT INTO ACT_BRG
	VALUES ("0d6f161f-485c-4e6b-9297-5183b4dd8726",
	"f2f7277d-5b46-4382-aca0-8e16b822b623",
	60,
	8,
	60,
	3);
INSERT INTO V_VAL
	VALUES ("d4633452-d715-4d2c-b3fd-ff4d049880bc",
	0,
	0,
	60,
	29,
	89,
	0,
	0,
	0,
	0,
	"fc579625-527e-4796-9485-440b72c36cdf",
	"48c13141-7ff8-4b0f-a2a6-bebe69f00989");
INSERT INTO V_LST
	VALUES ("d4633452-d715-4d2c-b3fd-ff4d049880bc",
	'Successful read of SDT string member in received event data.');
INSERT INTO V_PAR
	VALUES ("d4633452-d715-4d2c-b3fd-ff4d049880bc",
	"0d6f161f-485c-4e6b-9297-5183b4dd8726",
	"00000000-0000-0000-0000-000000000000",
	'message',
	"00000000-0000-0000-0000-000000000000",
	60,
	20);
INSERT INTO ACT_BLK
	VALUES ("8c8e0022-6311-4cce-a124-90888c262b08",
	0,
	0,
	0,
	'LOG',
	'',
	'',
	63,
	3,
	62,
	3,
	0,
	0,
	0,
	0,
	0,
	0,
	0,
	0,
	0,
	"74a4949e-deb3-47f8-8050-7cabb98a8a36",
	"00000000-0000-0000-0000-000000000000");
INSERT INTO ACT_SMT
	VALUES ("5902cb54-2cd9-4af9-ae1a-98024bdc24c7",
	"8c8e0022-6311-4cce-a124-90888c262b08",
	"5bffa549-c00b-4877-9705-8c09099f65c0",
	62,
	3,
	'CheckSDTs::Misc line: 62');
INSERT INTO ACT_BRG
	VALUES ("5902cb54-2cd9-4af9-ae1a-98024bdc24c7",
	"85a2ae18-4cb8-4b1f-a989-c9af21c1561b",
	62,
	8,
	62,
	3);
INSERT INTO ACT_SMT
	VALUES ("5bffa549-c00b-4877-9705-8c09099f65c0",
	"8c8e0022-6311-4cce-a124-90888c262b08",
	"00000000-0000-0000-0000-000000000000",
	63,
	3,
	'CheckSDTs::Misc line: 63');
INSERT INTO ACT_FNC
	VALUES ("5bffa549-c00b-4877-9705-8c09099f65c0",
	"a3929c52-9e1a-45f7-acc5-5bd9cf747c56",
	63,
	5);
INSERT INTO V_VAL
	VALUES ("a05a03d6-3c6f-495c-bc37-794e621f6c2a",
	0,
	0,
	62,
	29,
	91,
	0,
	0,
	0,
	0,
	"fc579625-527e-4796-9485-440b72c36cdf",
	"8c8e0022-6311-4cce-a124-90888c262b08");
INSERT INTO V_LST
	VALUES ("a05a03d6-3c6f-495c-bc37-794e621f6c2a",
	'Unsuccessful read of SDT string member in received event data.');
INSERT INTO V_PAR
	VALUES ("a05a03d6-3c6f-495c-bc37-794e621f6c2a",
	"5902cb54-2cd9-4af9-ae1a-98024bdc24c7",
	"00000000-0000-0000-0000-000000000000",
	'message',
	"00000000-0000-0000-0000-000000000000",
	62,
	20);
INSERT INTO ACT_BLK
	VALUES ("d2149e2d-4afc-4448-8c12-bf44bc76a9c7",
	0,
	0,
	0,
	'LOG',
	'',
	'',
	66,
	3,
	66,
	3,
	0,
	0,
	0,
	0,
	0,
	0,
	0,
	0,
	0,
	"74a4949e-deb3-47f8-8050-7cabb98a8a36",
	"00000000-0000-0000-0000-000000000000");
INSERT INTO ACT_SMT
	VALUES ("3be6fecd-e295-4c54-a450-42b7ef70a260",
	"d2149e2d-4afc-4448-8c12-bf44bc76a9c7",
	"00000000-0000-0000-0000-000000000000",
	66,
	3,
	'CheckSDTs::Misc line: 66');
INSERT INTO ACT_BRG
	VALUES ("3be6fecd-e295-4c54-a450-42b7ef70a260",
	"f2f7277d-5b46-4382-aca0-8e16b822b623",
	66,
	8,
	66,
	3);
INSERT INTO V_VAL
	VALUES ("57c753a7-a349-4ac0-b63c-f9f538231b48",
	0,
	0,
	66,
	29,
	92,
	0,
	0,
	0,
	0,
	"fc579625-527e-4796-9485-440b72c36cdf",
	"d2149e2d-4afc-4448-8c12-bf44bc76a9c7");
INSERT INTO V_LST
	VALUES ("57c753a7-a349-4ac0-b63c-f9f538231b48",
	'Successful read of SDT timestamp member in received event data.');
INSERT INTO V_PAR
	VALUES ("57c753a7-a349-4ac0-b63c-f9f538231b48",
	"3be6fecd-e295-4c54-a450-42b7ef70a260",
	"00000000-0000-0000-0000-000000000000",
	'message',
	"00000000-0000-0000-0000-000000000000",
	66,
	20);
INSERT INTO ACT_BLK
	VALUES ("91718cb1-cb8e-45db-91ce-cdb2fc5adecf",
	0,
	0,
	0,
	'LOG',
	'',
	'',
	69,
	3,
	68,
	3,
	0,
	0,
	0,
	0,
	0,
	0,
	0,
	0,
	0,
	"74a4949e-deb3-47f8-8050-7cabb98a8a36",
	"00000000-0000-0000-0000-000000000000");
INSERT INTO ACT_SMT
	VALUES ("2d37e6d1-fcfb-4f8f-a517-6078f65f02a2",
	"91718cb1-cb8e-45db-91ce-cdb2fc5adecf",
	"c3308c00-49a0-424a-849b-c7709f364a27",
	68,
	3,
	'CheckSDTs::Misc line: 68');
INSERT INTO ACT_BRG
	VALUES ("2d37e6d1-fcfb-4f8f-a517-6078f65f02a2",
	"85a2ae18-4cb8-4b1f-a989-c9af21c1561b",
	68,
	8,
	68,
	3);
INSERT INTO ACT_SMT
	VALUES ("c3308c00-49a0-424a-849b-c7709f364a27",
	"91718cb1-cb8e-45db-91ce-cdb2fc5adecf",
	"00000000-0000-0000-0000-000000000000",
	69,
	3,
	'CheckSDTs::Misc line: 69');
INSERT INTO ACT_FNC
	VALUES ("c3308c00-49a0-424a-849b-c7709f364a27",
	"a3929c52-9e1a-45f7-acc5-5bd9cf747c56",
	69,
	5);
INSERT INTO V_VAL
	VALUES ("961bc46e-329c-4321-a919-613c8e4cc7d0",
	0,
	0,
	68,
	29,
	94,
	0,
	0,
	0,
	0,
	"fc579625-527e-4796-9485-440b72c36cdf",
	"91718cb1-cb8e-45db-91ce-cdb2fc5adecf");
INSERT INTO V_LST
	VALUES ("961bc46e-329c-4321-a919-613c8e4cc7d0",
	'Unsuccessful read of SDT timestamp member in received event data.');
INSERT INTO V_PAR
	VALUES ("961bc46e-329c-4321-a919-613c8e4cc7d0",
	"2d37e6d1-fcfb-4f8f-a517-6078f65f02a2",
	"00000000-0000-0000-0000-000000000000",
	'message',
	"00000000-0000-0000-0000-000000000000",
	68,
	20);
INSERT INTO ACT_BLK
	VALUES ("7a468ffa-eca8-4790-addf-4c20371970af",
	0,
	0,
	0,
	'LOG',
	'',
	'',
	74,
	3,
	74,
	3,
	0,
	0,
	0,
	0,
	0,
	0,
	0,
	0,
	0,
	"74a4949e-deb3-47f8-8050-7cabb98a8a36",
	"00000000-0000-0000-0000-000000000000");
INSERT INTO ACT_SMT
	VALUES ("949dc56c-afdc-43d1-b818-653a1ee70166",
	"7a468ffa-eca8-4790-addf-4c20371970af",
	"00000000-0000-0000-0000-000000000000",
	74,
	3,
	'CheckSDTs::Misc line: 74');
INSERT INTO ACT_BRG
	VALUES ("949dc56c-afdc-43d1-b818-653a1ee70166",
	"f2f7277d-5b46-4382-aca0-8e16b822b623",
	74,
	8,
	74,
	3);
INSERT INTO V_VAL
	VALUES ("7e3516b5-4d55-49e4-a6ff-2cfe53baa63f",
	0,
	0,
	74,
	29,
	93,
	0,
	0,
	0,
	0,
	"fc579625-527e-4796-9485-440b72c36cdf",
	"7a468ffa-eca8-4790-addf-4c20371970af");
INSERT INTO V_LST
	VALUES ("7e3516b5-4d55-49e4-a6ff-2cfe53baa63f",
	'Successful read of nested SDT int member in received event data.');
INSERT INTO V_PAR
	VALUES ("7e3516b5-4d55-49e4-a6ff-2cfe53baa63f",
	"949dc56c-afdc-43d1-b818-653a1ee70166",
	"00000000-0000-0000-0000-000000000000",
	'message',
	"00000000-0000-0000-0000-000000000000",
	74,
	20);
INSERT INTO SM_ACT
	VALUES ("884e5d58-6285-4b1b-919d-761514e7a115",
	"285912af-ebed-4679-98e0-35d394150cda",
	1,
	'// The data that came in on the event should be identical to the myData
// member, because that is what was passed to the generate event call.
if ( self.myData == rcvd_evt.data )
  LOG::LogSuccess( message: "Successful comparison of identical SDTs." );
else
  LOG::LogFailure( message: "Unsuccessful comparison of identical SDTs." );
  ::failedChecksTest();
end if;

// Compare unequal SDTs of same type
if ( self.myData2 != rcvd_evt.data )
  LOG::LogSuccess( message: "Successful comparison of non-identical SDTs." );
else
  LOG::LogFailure( message: "Unsuccessful comparison of non-identical SDTs." );
  ::failedChecksTest();
end if;

// Check the reassigned temporary sdt data
localData = self.myData2;
localData = self.myData;
if ( localData == self.myData )
  LOG::LogSuccess( message: "Successful check of reassigned temporary SDT." );
else
  LOG::LogFailure( message: "Unsuccessful check of reassigned temporary SDT." );
  ::failedChecksTest();
end if;
if ( localData != self.myData2 )
  LOG::LogSuccess( message: "Successful check of reassigned temporary SDT." );
else
  LOG::LogFailure( message: "Unsuccessful check of reassigned temporary SDT." );
  ::failedChecksTest();
end if;

// Check data of a received event SDT
if ( rcvd_evt.data.a_integer == 1 )
  LOG::LogSuccess( message: "Successful read of SDT int member in received event data." );
else
  LOG::LogFailure( message: "Unsuccessful read of SDT int member in received event data." );
  ::failedChecksTest();
end if;
if ( rcvd_evt.data.a_boolean == true )
  LOG::LogSuccess( message: "Successful read of SDT boolean member in received event data." );
else
  LOG::LogFailure( message: "Unsuccessful read of SDT boolean member in received event data." );
  ::failedChecksTest();
end if;
if ( rcvd_evt.data.a_date == TIM::current_date() )
  LOG::LogSuccess( message: "Successful read of SDT date member in received event data." );
else
  LOG::LogFailure( message: "Unsuccessful read of SDT date member in received event data." );
  ::failedChecksTest();
end if;
if ( rcvd_evt.data.a_real == 1.0 )
  LOG::LogSuccess( message: "Successful read of SDT real member in received event data." );
else
  LOG::LogFailure( message: "Unsuccessful read of SDT real member in received event data." );
  ::failedChecksTest();
end if;
if ( rcvd_evt.data.a_string == "myData" )
  LOG::LogSuccess( message: "Successful read of SDT string member in received event data." );
else
  LOG::LogFailure( message: "Unsuccessful read of SDT string member in received event data." );
  ::failedChecksTest();
end if;
if ( rcvd_evt.data.a_timestamp < TIM::current_clock() )
  LOG::LogSuccess( message: "Successful read of SDT timestamp member in received event data." );
else
  LOG::LogFailure( message: "Unsuccessful read of SDT timestamp member in received event data." );
  ::failedChecksTest();
end if;

if ( rcvd_evt.data.a_integer == rcvd_evt.data.a_TypeContainer.a_integer
     and rcvd_evt.data.a_TypeContainer.a_integer == 1)
  LOG::LogSuccess( message: "Successful read of nested SDT int member in received event data." );
else
  LOG::LogFailure( message: "Unsuccessful read of nested SDT int member in received event data." );
  ::failedChecksTest();
end if;
if ( rcvd_evt.data.a_boolean == rcvd_evt.data.a_TypeContainer.a_boolean 
     and rcvd_evt.data.a_TypeContainer.a_boolean == true)
  LOG::LogSuccess( message: "Successful read of nested SDT boolean member in received event data." );
else
  LOG::LogFailure( message: "Unsuccessful read of nested SDT boolean member in received event data." );
  ::failedChecksTest();
end if;
if ( rcvd_evt.data.a_date == rcvd_evt.data.a_TypeContainer.a_date 
     and rcvd_evt.data.a_TypeContainer.a_date == TIM::current_date() )
  LOG::LogSuccess( message: "Successful read of nested SDT date member in received event data." );
else
  LOG::LogFailure( message: "Unsuccessful read of nested SDT date member in received event data." );
  ::failedChecksTest();
end if;
if ( rcvd_evt.data.a_real == rcvd_evt.data.a_TypeContainer.a_real 
     and rcvd_evt.data.a_TypeContainer.a_real == 1.0)
  LOG::LogSuccess( message: "Successful read of nested SDT real member in received event data." );
else
  LOG::LogFailure( message: "Unsuccessful read of nested SDT real member in received event data." );
  ::failedChecksTest();
end if;
if ( rcvd_evt.data.a_string == rcvd_evt.data.a_TypeContainer.a_string 
     and rcvd_evt.data.a_TypeContainer.a_string == "rcvd_evt.data")
  LOG::LogSuccess( message: "Successful read of nested SDT string member in received event data." );
else
  LOG::LogFailure( message: "Unsuccessful read of nested SDT string member in received event data." );
  ::failedChecksTest();
end if;
if ( rcvd_evt.data.a_timestamp == rcvd_evt.data.a_TypeContainer.a_timestamp 
     and rcvd_evt.data.a_TypeContainer.a_timestamp < TIM::current_clock())
  LOG::LogSuccess( message: "Successful read of nested SDT timestamp member in received event data." );
else
  LOG::LogFailure( message: "Unsuccessful read of nested SDT timestamp member in received event data." );
  ::failedChecksTest();
end if;
//

// Assign some temporaries from SDT members
myInt = rcvd_evt.data.a_integer;
myReal = rcvd_evt.data.a_real;
if ( myInt == rcvd_evt.data.a_integer )
  LOG::LogSuccess( message: "Successful read of temporary int assigned from SDT member." );
else
  LOG::LogFailure( message: "Unsuccessful read of temporary int assigned from SDT member." );
  ::failedChecksTest();
end if;
if ( myReal == rcvd_evt.data.a_real )
  LOG::LogSuccess( message: "Successful read of temporary real assigned from SDT member." );
else
  LOG::LogFailure( message: "Unsuccessful read of temporary real assigned from SDT member." );
  ::failedChecksTest();
end if;

// Check direct return value access without a local temporary
/* TODO - This functionality is not yet supported.  It will
          be added by issue 2788

if ( 2 == self.checkData2RVal( data: self.myData2).a_integer )
  LOG::LogSuccess( message: "Successful read of returned SDT int member without a local temporary." );
else
  LOG::LogFailure( message: "Unsuccessful read of returned SDT int member without a local temporary" );
  ::failedChecksTest();
end if;
if ( 2.0 == self.checkData2RVal( data: myData2).a_real )
  LOG::LogSuccess( message: "Successful read of returned SDT real member without a local temporary" );
else
  LOG::LogFailure( message: "Unsuccessful read of returned SDT real member without a local temporary" );
  ::failedChecksTest();
end if;*/

// Tell test control we''re done
select any tc from instances of TC;
generate TC2:''completedChecksTest''() to tc;

',
	'');
INSERT INTO GD_MD
	VALUES ("ff506e96-632d-4e14-86a1-156083bdeafa",
	8,
	"285912af-ebed-4679-98e0-35d394150cda",
	40,
	0,
	0,
	1,
	1,
	1,
	12,
	1,
	4373,
	3247,
	0,
	0,
	0);
INSERT INTO GD_GE
	VALUES ("e1559ef8-8a57-43fe-aa80-54386cc5f44a",
	"ff506e96-632d-4e14-86a1-156083bdeafa",
	"7a0a3359-b51f-48ac-bec9-bd34cd739856",
	41,
	0);
INSERT INTO GD_SHP
	VALUES ("e1559ef8-8a57-43fe-aa80-54386cc5f44a");
INSERT INTO DIM_ND
	VALUES (168.000000,
	96.000000,
	"e1559ef8-8a57-43fe-aa80-54386cc5f44a");
INSERT INTO DIM_GE
	VALUES (4104.000000,
	3084.000000,
	"e1559ef8-8a57-43fe-aa80-54386cc5f44a",
	"00000000-0000-0000-0000-000000000000");
INSERT INTO DIM_ELE
	VALUES ("e1559ef8-8a57-43fe-aa80-54386cc5f44a",
	0,
	"00000000-0000-0000-0000-000000000000");
INSERT INTO DIM_CON
	VALUES ("31a708a6-9e0c-4c80-bafe-d31ed0d5907c",
	4272.000000,
	3138.000000,
	"e1559ef8-8a57-43fe-aa80-54386cc5f44a");
INSERT INTO DIM_CON
	VALUES ("ca2c2b26-2d26-4bd5-ad50-128d61bce8ab",
	4182.000000,
	3084.000000,
	"e1559ef8-8a57-43fe-aa80-54386cc5f44a");
INSERT INTO GD_GE
	VALUES ("677bd6a5-6ccc-42b4-930d-d2cd9ce3e283",
	"ff506e96-632d-4e14-86a1-156083bdeafa",
	"06ef7b86-6239-4286-a155-05af7feaf672",
	41,
	0);
INSERT INTO GD_SHP
	VALUES ("677bd6a5-6ccc-42b4-930d-d2cd9ce3e283");
INSERT INTO DIM_ND
	VALUES (192.000000,
	96.000000,
	"677bd6a5-6ccc-42b4-930d-d2cd9ce3e283");
INSERT INTO DIM_GE
	VALUES (4500.000000,
	3084.000000,
	"677bd6a5-6ccc-42b4-930d-d2cd9ce3e283",
	"00000000-0000-0000-0000-000000000000");
INSERT INTO DIM_ELE
	VALUES ("677bd6a5-6ccc-42b4-930d-d2cd9ce3e283",
	0,
	"00000000-0000-0000-0000-000000000000");
INSERT INTO DIM_CON
	VALUES ("01fadc65-79b2-4e86-9d8b-d9443deb90a0",
	4500.000000,
	3138.000000,
	"677bd6a5-6ccc-42b4-930d-d2cd9ce3e283");
INSERT INTO DIM_CON
	VALUES ("d118476f-4240-45c4-bcd9-c362ab7f77af",
	4584.000000,
	3180.000000,
	"677bd6a5-6ccc-42b4-930d-d2cd9ce3e283");
INSERT INTO GD_GE
	VALUES ("24300f92-4d1d-4097-a186-a1076869b474",
	"ff506e96-632d-4e14-86a1-156083bdeafa",
	"2789a366-e46d-437b-ac4b-0befddc0c094",
	42,
	0);
INSERT INTO GD_CON
	VALUES ("24300f92-4d1d-4097-a186-a1076869b474",
	"00000000-0000-0000-0000-000000000000");
INSERT INTO GD_CTXT
	VALUES ("b47ebd31-7656-472e-94f4-1ebac6bd2637",
	"24300f92-4d1d-4097-a186-a1076869b474",
	1,
	0.000000,
	0.000000);
INSERT INTO DIM_ND
	VALUES (0.000000,
	0.000000,
	"b47ebd31-7656-472e-94f4-1ebac6bd2637");
INSERT INTO DIM_GE
	VALUES (0.000000,
	0.000000,
	"b47ebd31-7656-472e-94f4-1ebac6bd2637",
	"00000000-0000-0000-0000-000000000000");
INSERT INTO DIM_ELE
	VALUES ("b47ebd31-7656-472e-94f4-1ebac6bd2637",
	0,
	"00000000-0000-0000-0000-000000000000");
INSERT INTO GD_CTXT
	VALUES ("1c897906-d630-4a8a-b9c4-12d42764b4d4",
	"24300f92-4d1d-4097-a186-a1076869b474",
	3,
	0.000000,
	0.000000);
INSERT INTO DIM_ND
	VALUES (64.000000,
	38.000000,
	"1c897906-d630-4a8a-b9c4-12d42764b4d4");
INSERT INTO DIM_GE
	VALUES (4342.000000,
	3090.000000,
	"1c897906-d630-4a8a-b9c4-12d42764b4d4",
	"00000000-0000-0000-0000-000000000000");
INSERT INTO DIM_ELE
	VALUES ("1c897906-d630-4a8a-b9c4-12d42764b4d4",
	0,
	"00000000-0000-0000-0000-000000000000");
INSERT INTO GD_CTXT
	VALUES ("afdc57c0-9e75-4803-8212-12580cec5328",
	"24300f92-4d1d-4097-a186-a1076869b474",
	2,
	0.000000,
	0.000000);
INSERT INTO DIM_ND
	VALUES (0.000000,
	0.000000,
	"afdc57c0-9e75-4803-8212-12580cec5328");
INSERT INTO DIM_GE
	VALUES (0.000000,
	0.000000,
	"afdc57c0-9e75-4803-8212-12580cec5328",
	"00000000-0000-0000-0000-000000000000");
INSERT INTO DIM_ELE
	VALUES ("afdc57c0-9e75-4803-8212-12580cec5328",
	0,
	"00000000-0000-0000-0000-000000000000");
INSERT INTO GD_LS
	VALUES ("810dd06d-0995-4b15-91b2-a481df0cdfdb",
	"24300f92-4d1d-4097-a186-a1076869b474",
	"00000000-0000-0000-0000-000000000000",
	"6efe5667-ed59-4dc7-9dd8-fee36faf5aa7",
	"fb6ae8c8-1f37-453b-950f-6fa5a8f5a51b");
INSERT INTO DIM_WAY
	VALUES ("6efe5667-ed59-4dc7-9dd8-fee36faf5aa7",
	4272.000000,
	3138.000000,
	"24300f92-4d1d-4097-a186-a1076869b474",
	"00000000-0000-0000-0000-000000000000",
	"00000000-0000-0000-0000-000000000000");
INSERT INTO DIM_WAY
	VALUES ("fb6ae8c8-1f37-453b-950f-6fa5a8f5a51b",
	4500.000000,
	3138.000000,
	"24300f92-4d1d-4097-a186-a1076869b474",
	"00000000-0000-0000-0000-000000000000",
	"6efe5667-ed59-4dc7-9dd8-fee36faf5aa7");
INSERT INTO DIM_GE
	VALUES (0.000000,
	0.000000,
	"24300f92-4d1d-4097-a186-a1076869b474",
	"00000000-0000-0000-0000-000000000000");
INSERT INTO DIM_ELE
	VALUES ("24300f92-4d1d-4097-a186-a1076869b474",
	0,
	"00000000-0000-0000-0000-000000000000");
INSERT INTO DIM_ED
	VALUES ("31a708a6-9e0c-4c80-bafe-d31ed0d5907c",
	"01fadc65-79b2-4e86-9d8b-d9443deb90a0",
	"24300f92-4d1d-4097-a186-a1076869b474");
INSERT INTO GD_GE
	VALUES ("76385fc2-8b88-4802-b7c1-c50870c7433b",
	"ff506e96-632d-4e14-86a1-156083bdeafa",
	"900a55e3-6fe7-43ca-9931-3a656492342f",
	41,
	0);
INSERT INTO GD_SHP
	VALUES ("76385fc2-8b88-4802-b7c1-c50870c7433b");
INSERT INTO DIM_ND
	VALUES (192.000000,
	84.000000,
	"76385fc2-8b88-4802-b7c1-c50870c7433b");
INSERT INTO DIM_GE
	VALUES (4500.000000,
	3312.000000,
	"76385fc2-8b88-4802-b7c1-c50870c7433b",
	"00000000-0000-0000-0000-000000000000");
INSERT INTO DIM_ELE
	VALUES ("76385fc2-8b88-4802-b7c1-c50870c7433b",
	0,
	"00000000-0000-0000-0000-000000000000");
INSERT INTO DIM_CON
	VALUES ("7f08f45b-3037-4d29-86af-9a44b2b3dced",
	4584.000000,
	3312.000000,
	"76385fc2-8b88-4802-b7c1-c50870c7433b");
INSERT INTO DIM_CON
	VALUES ("23cdedc0-7152-4b88-b34f-915bc1962f79",
	4500.000000,
	3360.000000,
	"76385fc2-8b88-4802-b7c1-c50870c7433b");
INSERT INTO GD_GE
	VALUES ("7559d361-63ff-4c4d-bb01-836e0ec63d56",
	"ff506e96-632d-4e14-86a1-156083bdeafa",
	"e0add288-2a0e-4038-9214-08bb2a679ce8",
	42,
	0);
INSERT INTO GD_CON
	VALUES ("7559d361-63ff-4c4d-bb01-836e0ec63d56",
	"00000000-0000-0000-0000-000000000000");
INSERT INTO GD_CTXT
	VALUES ("dfe96e7e-1679-477d-aec9-8518b5960640",
	"7559d361-63ff-4c4d-bb01-836e0ec63d56",
	1,
	0.000000,
	0.000000);
INSERT INTO DIM_ND
	VALUES (0.000000,
	0.000000,
	"dfe96e7e-1679-477d-aec9-8518b5960640");
INSERT INTO DIM_GE
	VALUES (0.000000,
	0.000000,
	"dfe96e7e-1679-477d-aec9-8518b5960640",
	"00000000-0000-0000-0000-000000000000");
INSERT INTO DIM_ELE
	VALUES ("dfe96e7e-1679-477d-aec9-8518b5960640",
	0,
	"00000000-0000-0000-0000-000000000000");
INSERT INTO GD_CTXT
	VALUES ("583a52b6-d0ca-4c5b-865a-ffd11c6bc48f",
	"7559d361-63ff-4c4d-bb01-836e0ec63d56",
	3,
	0.000000,
	0.000000);
INSERT INTO DIM_ND
	VALUES (64.000000,
	38.000000,
	"583a52b6-d0ca-4c5b-865a-ffd11c6bc48f");
INSERT INTO DIM_GE
	VALUES (4481.000000,
	3227.000000,
	"583a52b6-d0ca-4c5b-865a-ffd11c6bc48f",
	"00000000-0000-0000-0000-000000000000");
INSERT INTO DIM_ELE
	VALUES ("583a52b6-d0ca-4c5b-865a-ffd11c6bc48f",
	0,
	"00000000-0000-0000-0000-000000000000");
INSERT INTO GD_CTXT
	VALUES ("fc3ad944-654a-4fb3-b30c-4e9e266eceaf",
	"7559d361-63ff-4c4d-bb01-836e0ec63d56",
	2,
	0.000000,
	0.000000);
INSERT INTO DIM_ND
	VALUES (0.000000,
	0.000000,
	"fc3ad944-654a-4fb3-b30c-4e9e266eceaf");
INSERT INTO DIM_GE
	VALUES (0.000000,
	0.000000,
	"fc3ad944-654a-4fb3-b30c-4e9e266eceaf",
	"00000000-0000-0000-0000-000000000000");
INSERT INTO DIM_ELE
	VALUES ("fc3ad944-654a-4fb3-b30c-4e9e266eceaf",
	0,
	"00000000-0000-0000-0000-000000000000");
INSERT INTO GD_LS
	VALUES ("58ca1daf-2ec5-4187-9ad9-2a75daf5c25e",
	"7559d361-63ff-4c4d-bb01-836e0ec63d56",
	"00000000-0000-0000-0000-000000000000",
	"a0febf09-20b5-4552-87d3-3613dc9109f4",
	"50fba9aa-039e-49b0-b761-7bb8b5ca73d7");
INSERT INTO DIM_WAY
	VALUES ("a0febf09-20b5-4552-87d3-3613dc9109f4",
	4584.000000,
	3180.000000,
	"7559d361-63ff-4c4d-bb01-836e0ec63d56",
	"00000000-0000-0000-0000-000000000000",
	"00000000-0000-0000-0000-000000000000");
INSERT INTO DIM_WAY
	VALUES ("50fba9aa-039e-49b0-b761-7bb8b5ca73d7",
	4584.000000,
	3312.000000,
	"7559d361-63ff-4c4d-bb01-836e0ec63d56",
	"00000000-0000-0000-0000-000000000000",
	"a0febf09-20b5-4552-87d3-3613dc9109f4");
INSERT INTO DIM_GE
	VALUES (0.000000,
	0.000000,
	"7559d361-63ff-4c4d-bb01-836e0ec63d56",
	"00000000-0000-0000-0000-000000000000");
INSERT INTO DIM_ELE
	VALUES ("7559d361-63ff-4c4d-bb01-836e0ec63d56",
	0,
	"00000000-0000-0000-0000-000000000000");
INSERT INTO DIM_ED
	VALUES ("d118476f-4240-45c4-bcd9-c362ab7f77af",
	"7f08f45b-3037-4d29-86af-9a44b2b3dced",
	"7559d361-63ff-4c4d-bb01-836e0ec63d56");
INSERT INTO GD_GE
	VALUES ("a827ef12-9503-468a-8ee4-7d515dddaf68",
	"ff506e96-632d-4e14-86a1-156083bdeafa",
	"edb42210-b949-4460-ae8c-c96741604484",
	41,
	0);
INSERT INTO GD_SHP
	VALUES ("a827ef12-9503-468a-8ee4-7d515dddaf68");
INSERT INTO DIM_ND
	VALUES (168.000000,
	60.000000,
	"a827ef12-9503-468a-8ee4-7d515dddaf68");
INSERT INTO DIM_GE
	VALUES (4104.000000,
	2976.000000,
	"a827ef12-9503-468a-8ee4-7d515dddaf68",
	"00000000-0000-0000-0000-000000000000");
INSERT INTO DIM_ELE
	VALUES ("a827ef12-9503-468a-8ee4-7d515dddaf68",
	0,
	"00000000-0000-0000-0000-000000000000");
INSERT INTO DIM_CON
	VALUES ("f03dc58f-fcee-4124-95d5-aaf69fdd5a93",
	4182.000000,
	3036.000000,
	"a827ef12-9503-468a-8ee4-7d515dddaf68");
INSERT INTO GD_GE
	VALUES ("a5ba4bf9-2c85-45ba-915e-0724d10f3246",
	"ff506e96-632d-4e14-86a1-156083bdeafa",
	"b2a1c111-d7ec-4670-a57a-dbf749b9f2ad",
	42,
	0);
INSERT INTO GD_CON
	VALUES ("a5ba4bf9-2c85-45ba-915e-0724d10f3246",
	"00000000-0000-0000-0000-000000000000");
INSERT INTO GD_CTXT
	VALUES ("e0e49465-051f-4733-ab63-e0290418c99b",
	"a5ba4bf9-2c85-45ba-915e-0724d10f3246",
	1,
	0.000000,
	0.000000);
INSERT INTO DIM_ND
	VALUES (0.000000,
	0.000000,
	"e0e49465-051f-4733-ab63-e0290418c99b");
INSERT INTO DIM_GE
	VALUES (0.000000,
	0.000000,
	"e0e49465-051f-4733-ab63-e0290418c99b",
	"00000000-0000-0000-0000-000000000000");
INSERT INTO DIM_ELE
	VALUES ("e0e49465-051f-4733-ab63-e0290418c99b",
	0,
	"00000000-0000-0000-0000-000000000000");
INSERT INTO GD_CTXT
	VALUES ("64d22cbb-f354-4d5c-b069-60f939104fd1",
	"a5ba4bf9-2c85-45ba-915e-0724d10f3246",
	3,
	0.000000,
	0.000000);
INSERT INTO DIM_ND
	VALUES (61.000000,
	36.000000,
	"64d22cbb-f354-4d5c-b069-60f939104fd1");
INSERT INTO DIM_GE
	VALUES (4111.000000,
	3042.000000,
	"64d22cbb-f354-4d5c-b069-60f939104fd1",
	"00000000-0000-0000-0000-000000000000");
INSERT INTO DIM_ELE
	VALUES ("64d22cbb-f354-4d5c-b069-60f939104fd1",
	0,
	"00000000-0000-0000-0000-000000000000");
INSERT INTO GD_CTXT
	VALUES ("a3b96aeb-a46e-4310-ab16-54db2bdf0d2a",
	"a5ba4bf9-2c85-45ba-915e-0724d10f3246",
	2,
	0.000000,
	0.000000);
INSERT INTO DIM_ND
	VALUES (0.000000,
	0.000000,
	"a3b96aeb-a46e-4310-ab16-54db2bdf0d2a");
INSERT INTO DIM_GE
	VALUES (0.000000,
	0.000000,
	"a3b96aeb-a46e-4310-ab16-54db2bdf0d2a",
	"00000000-0000-0000-0000-000000000000");
INSERT INTO DIM_ELE
	VALUES ("a3b96aeb-a46e-4310-ab16-54db2bdf0d2a",
	0,
	"00000000-0000-0000-0000-000000000000");
INSERT INTO GD_LS
	VALUES ("c0b71ac9-a49a-497e-ba06-ee89e1295638",
	"a5ba4bf9-2c85-45ba-915e-0724d10f3246",
	"00000000-0000-0000-0000-000000000000",
	"bd8669cf-4b5a-41ec-a120-335e58b77625",
	"f0869c1c-09f0-45df-9d49-fce860962287");
INSERT INTO DIM_WAY
	VALUES ("bd8669cf-4b5a-41ec-a120-335e58b77625",
	4182.000000,
	3036.000000,
	"a5ba4bf9-2c85-45ba-915e-0724d10f3246",
	"00000000-0000-0000-0000-000000000000",
	"00000000-0000-0000-0000-000000000000");
INSERT INTO DIM_WAY
	VALUES ("f0869c1c-09f0-45df-9d49-fce860962287",
	4182.000000,
	3084.000000,
	"a5ba4bf9-2c85-45ba-915e-0724d10f3246",
	"00000000-0000-0000-0000-000000000000",
	"bd8669cf-4b5a-41ec-a120-335e58b77625");
INSERT INTO DIM_GE
	VALUES (0.000000,
	0.000000,
	"a5ba4bf9-2c85-45ba-915e-0724d10f3246",
	"00000000-0000-0000-0000-000000000000");
INSERT INTO DIM_ELE
	VALUES ("a5ba4bf9-2c85-45ba-915e-0724d10f3246",
	0,
	"00000000-0000-0000-0000-000000000000");
INSERT INTO DIM_ED
	VALUES ("f03dc58f-fcee-4124-95d5-aaf69fdd5a93",
	"ca2c2b26-2d26-4bd5-ad50-128d61bce8ab",
	"a5ba4bf9-2c85-45ba-915e-0724d10f3246");
INSERT INTO GD_GE
	VALUES ("87cae7d4-f36c-4c28-94b2-69790e096533",
	"ff506e96-632d-4e14-86a1-156083bdeafa",
	"8b415468-e9f2-4c83-9524-6205143bf0bf",
	41,
	0);
INSERT INTO GD_SHP
	VALUES ("87cae7d4-f36c-4c28-94b2-69790e096533");
INSERT INTO DIM_ND
	VALUES (216.000000,
	84.000000,
	"87cae7d4-f36c-4c28-94b2-69790e096533");
INSERT INTO DIM_GE
	VALUES (4116.000000,
	3312.000000,
	"87cae7d4-f36c-4c28-94b2-69790e096533",
	"00000000-0000-0000-0000-000000000000");
INSERT INTO DIM_ELE
	VALUES ("87cae7d4-f36c-4c28-94b2-69790e096533",
	0,
	"00000000-0000-0000-0000-000000000000");
INSERT INTO DIM_CON
	VALUES ("733db166-d0e0-41e8-8829-ef2e6bad5171",
	4332.000000,
	3360.000000,
	"87cae7d4-f36c-4c28-94b2-69790e096533");
INSERT INTO GD_GE
	VALUES ("38d7c058-3337-49b8-b0af-ac0ff25c03d7",
	"ff506e96-632d-4e14-86a1-156083bdeafa",
	"546e1859-da78-486f-8aba-d80ec91510ce",
	42,
	0);
INSERT INTO GD_CON
	VALUES ("38d7c058-3337-49b8-b0af-ac0ff25c03d7",
	"00000000-0000-0000-0000-000000000000");
INSERT INTO GD_CTXT
	VALUES ("bbca7c3d-c9bf-4e3b-85c1-514d4e31ec86",
	"38d7c058-3337-49b8-b0af-ac0ff25c03d7",
	1,
	0.000000,
	0.000000);
INSERT INTO DIM_ND
	VALUES (0.000000,
	0.000000,
	"bbca7c3d-c9bf-4e3b-85c1-514d4e31ec86");
INSERT INTO DIM_GE
	VALUES (0.000000,
	0.000000,
	"bbca7c3d-c9bf-4e3b-85c1-514d4e31ec86",
	"00000000-0000-0000-0000-000000000000");
INSERT INTO DIM_ELE
	VALUES ("bbca7c3d-c9bf-4e3b-85c1-514d4e31ec86",
	0,
	"00000000-0000-0000-0000-000000000000");
INSERT INTO GD_CTXT
	VALUES ("51702c65-edc0-4710-ac51-1cb4ded6cd51",
	"38d7c058-3337-49b8-b0af-ac0ff25c03d7",
	3,
	0.000000,
	0.000000);
INSERT INTO DIM_ND
	VALUES (61.000000,
	36.000000,
	"51702c65-edc0-4710-ac51-1cb4ded6cd51");
INSERT INTO DIM_GE
	VALUES (4386.000000,
	3314.000000,
	"51702c65-edc0-4710-ac51-1cb4ded6cd51",
	"00000000-0000-0000-0000-000000000000");
INSERT INTO DIM_ELE
	VALUES ("51702c65-edc0-4710-ac51-1cb4ded6cd51",
	0,
	"00000000-0000-0000-0000-000000000000");
INSERT INTO GD_CTXT
	VALUES ("4ba905b2-89bd-42fd-b318-d27995e84f1c",
	"38d7c058-3337-49b8-b0af-ac0ff25c03d7",
	2,
	0.000000,
	0.000000);
INSERT INTO DIM_ND
	VALUES (0.000000,
	0.000000,
	"4ba905b2-89bd-42fd-b318-d27995e84f1c");
INSERT INTO DIM_GE
	VALUES (0.000000,
	0.000000,
	"4ba905b2-89bd-42fd-b318-d27995e84f1c",
	"00000000-0000-0000-0000-000000000000");
INSERT INTO DIM_ELE
	VALUES ("4ba905b2-89bd-42fd-b318-d27995e84f1c",
	0,
	"00000000-0000-0000-0000-000000000000");
INSERT INTO GD_LS
	VALUES ("d188d493-dadb-43e8-982b-58fc3d8a1cfd",
	"38d7c058-3337-49b8-b0af-ac0ff25c03d7",
	"00000000-0000-0000-0000-000000000000",
	"e3345aae-28f3-44dd-98b9-d933d3a8b693",
	"a32aab8f-0fad-4d22-a708-a4600fcdf352");
INSERT INTO DIM_WAY
	VALUES ("e3345aae-28f3-44dd-98b9-d933d3a8b693",
	4500.000000,
	3360.000000,
	"38d7c058-3337-49b8-b0af-ac0ff25c03d7",
	"00000000-0000-0000-0000-000000000000",
	"00000000-0000-0000-0000-000000000000");
INSERT INTO DIM_WAY
	VALUES ("a32aab8f-0fad-4d22-a708-a4600fcdf352",
	4332.000000,
	3360.000000,
	"38d7c058-3337-49b8-b0af-ac0ff25c03d7",
	"00000000-0000-0000-0000-000000000000",
	"e3345aae-28f3-44dd-98b9-d933d3a8b693");
INSERT INTO DIM_GE
	VALUES (0.000000,
	0.000000,
	"38d7c058-3337-49b8-b0af-ac0ff25c03d7",
	"00000000-0000-0000-0000-000000000000");
INSERT INTO DIM_ELE
	VALUES ("38d7c058-3337-49b8-b0af-ac0ff25c03d7",
	0,
	"00000000-0000-0000-0000-000000000000");
INSERT INTO DIM_ED
	VALUES ("23cdedc0-7152-4b88-b34f-915bc1962f79",
	"733db166-d0e0-41e8-8829-ef2e6bad5171",
	"38d7c058-3337-49b8-b0af-ac0ff25c03d7");
INSERT INTO DIM_DIA
	VALUES ("ff506e96-632d-4e14-86a1-156083bdeafa",
	'',
	1.045058,
	4055.000000,
	2970.000000,
	"00000000-0000-0000-0000-000000000000");
INSERT INTO O_OBJ
	VALUES ("ab3149b0-65f7-45e0-bc10-1da36539c13c",
	'Parenthood',
	1,
	'P',
	'',
	"33b7254f-34a0-43f8-8814-707365fc0811");
INSERT INTO O_TFR
	VALUES ("0715c0f2-29ab-43ac-b975-806f8dee1956",
	"ab3149b0-65f7-45e0-bc10-1da36539c13c",
	'pull_out_hair',
	'',
	"44a2d632-3364-47ba-92ab-67ac93180b02",
	1,
	'generate P1:grow_up() to self;
LOG::LogInfo( message: "Calvin is driving his parents crazy." );

',
	1);
INSERT INTO ACT_OPB
	VALUES ("cf1e3e6c-83f4-44e8-bf52-50386bd745b0",
	"0715c0f2-29ab-43ac-b975-806f8dee1956");
INSERT INTO ACT_ACT
	VALUES ("cf1e3e6c-83f4-44e8-bf52-50386bd745b0",
	'operation',
	0,
	"00000000-0000-0000-0000-000000000000",
	"00000000-0000-0000-0000-000000000000",
	0,
	'Parenthood::pull_out_hair',
	"ebbf1749-7847-483f-9b12-dec0dc4b8a91");
INSERT INTO O_TFR
	VALUES ("bc4f968e-a325-4887-ad65-b57c7270c40e",
	"ab3149b0-65f7-45e0-bc10-1da36539c13c",
	'happy_times',
	'',
	"44a2d632-3364-47ba-92ab-67ac93180b02",
	1,
	'child_name = param.family.child_1;

if ( child_name == "Calvin" )
  LOG::LogSuccess( message: "Happy times with new baby." );
  family = param.family;
else
  LOG::LogFailure( message: "Something broke in the test.  Child name is incorrect." );
  ::failedFamilyTest();
end if;

generate P1:grow_up() to self;',
	1);
INSERT INTO O_TPARM
	VALUES ("5da2125c-58fa-4f7b-8536-314b9002c1dc",
	"bc4f968e-a325-4887-ad65-b57c7270c40e",
	'family',
	"a92d2a69-b712-41bc-a54a-521874a72a82",
	0);
INSERT INTO ACT_OPB
	VALUES ("68eaa77b-4da3-4f17-87ec-c4be70b6e2e5",
	"bc4f968e-a325-4887-ad65-b57c7270c40e");
INSERT INTO ACT_ACT
	VALUES ("68eaa77b-4da3-4f17-87ec-c4be70b6e2e5",
	'operation',
	0,
	"00000000-0000-0000-0000-000000000000",
	"00000000-0000-0000-0000-000000000000",
	0,
	'Parenthood::happy_times',
	"984ee4a2-453f-4edc-b191-034c05e3aa5b");
INSERT INTO O_NBATTR
	VALUES ("8f18f063-f999-4723-9ac6-d90a48aaef97",
	"ab3149b0-65f7-45e0-bc10-1da36539c13c");
INSERT INTO O_BATTR
	VALUES ("8f18f063-f999-4723-9ac6-d90a48aaef97",
	"ab3149b0-65f7-45e0-bc10-1da36539c13c");
INSERT INTO O_ATTR
	VALUES ("8f18f063-f999-4723-9ac6-d90a48aaef97",
	"ab3149b0-65f7-45e0-bc10-1da36539c13c",
	"00000000-0000-0000-0000-000000000000",
	'family',
	'',
	'',
	'family',
	0,
	"a92d2a69-b712-41bc-a54a-521874a72a82");
INSERT INTO O_NBATTR
	VALUES ("9996e47c-ce2f-42fc-a19c-46c911d442d2",
	"ab3149b0-65f7-45e0-bc10-1da36539c13c");
INSERT INTO O_BATTR
	VALUES ("9996e47c-ce2f-42fc-a19c-46c911d442d2",
	"ab3149b0-65f7-45e0-bc10-1da36539c13c");
INSERT INTO O_ATTR
	VALUES ("9996e47c-ce2f-42fc-a19c-46c911d442d2",
	"ab3149b0-65f7-45e0-bc10-1da36539c13c",
	"8f18f063-f999-4723-9ac6-d90a48aaef97",
	'current_state',
	'',
	'',
	'current_state',
	0,
	"2d367287-f836-4125-8d3a-be799185faa4");
INSERT INTO O_ID
	VALUES (0,
	"ab3149b0-65f7-45e0-bc10-1da36539c13c");
INSERT INTO O_ID
	VALUES (1,
	"ab3149b0-65f7-45e0-bc10-1da36539c13c");
INSERT INTO O_ID
	VALUES (2,
	"ab3149b0-65f7-45e0-bc10-1da36539c13c");
INSERT INTO SM_ISM
	VALUES ("9166a355-6cb1-452c-a1fa-c19fe25e55b5",
	"ab3149b0-65f7-45e0-bc10-1da36539c13c");
INSERT INTO SM_SM
	VALUES ("9166a355-6cb1-452c-a1fa-c19fe25e55b5",
	'',
	0);
INSERT INTO SM_MOORE
	VALUES ("9166a355-6cb1-452c-a1fa-c19fe25e55b5");
INSERT INTO SM_EVTDI
	VALUES ("5422a82f-f523-4afb-9b2d-112b0da72874",
	"9166a355-6cb1-452c-a1fa-c19fe25e55b5",
	'updated_family',
	'',
	"a92d2a69-b712-41bc-a54a-521874a72a82");
INSERT INTO SM_SUPDT
	VALUES ("d1b96fcf-1cf9-4a9f-be2b-eada71efc842",
	"9166a355-6cb1-452c-a1fa-c19fe25e55b5",
	0);
INSERT INTO SM_SUPDT
	VALUES ("597d0659-810b-4a2d-ae26-879d92b900d6",
	"9166a355-6cb1-452c-a1fa-c19fe25e55b5",
	0);
INSERT INTO SM_SDI
	VALUES ("5422a82f-f523-4afb-9b2d-112b0da72874",
	"597d0659-810b-4a2d-ae26-879d92b900d6",
	"9166a355-6cb1-452c-a1fa-c19fe25e55b5");
INSERT INTO SM_LEVT
	VALUES ("f7c25a78-c201-453a-b899-d7dca4041dbc",
	"9166a355-6cb1-452c-a1fa-c19fe25e55b5",
	"d1b96fcf-1cf9-4a9f-be2b-eada71efc842");
INSERT INTO SM_SEVT
	VALUES ("f7c25a78-c201-453a-b899-d7dca4041dbc",
	"9166a355-6cb1-452c-a1fa-c19fe25e55b5",
	"d1b96fcf-1cf9-4a9f-be2b-eada71efc842");
INSERT INTO SM_EVT
	VALUES ("f7c25a78-c201-453a-b899-d7dca4041dbc",
	"9166a355-6cb1-452c-a1fa-c19fe25e55b5",
	"d1b96fcf-1cf9-4a9f-be2b-eada71efc842",
	1,
	'grow_up',
	0,
	'',
	'P1',
	'');
INSERT INTO SM_LEVT
	VALUES ("65ed0ebe-2d2a-4931-9a85-0f5b18a056c3",
	"9166a355-6cb1-452c-a1fa-c19fe25e55b5",
	"597d0659-810b-4a2d-ae26-879d92b900d6");
INSERT INTO SM_SEVT
	VALUES ("65ed0ebe-2d2a-4931-9a85-0f5b18a056c3",
	"9166a355-6cb1-452c-a1fa-c19fe25e55b5",
	"597d0659-810b-4a2d-ae26-879d92b900d6");
INSERT INTO SM_EVT
	VALUES ("65ed0ebe-2d2a-4931-9a85-0f5b18a056c3",
	"9166a355-6cb1-452c-a1fa-c19fe25e55b5",
	"597d0659-810b-4a2d-ae26-879d92b900d6",
	2,
	'new_child',
	0,
	'',
	'P2',
	'');
INSERT INTO SM_STATE
	VALUES ("24b6e5df-dd56-4edb-a09a-63a32fd133be",
	"9166a355-6cb1-452c-a1fa-c19fe25e55b5",
	"00000000-0000-0000-0000-000000000000",
	'no_kids',
	1,
	0);
INSERT INTO SM_CH
	VALUES ("24b6e5df-dd56-4edb-a09a-63a32fd133be",
	"f7c25a78-c201-453a-b899-d7dca4041dbc",
	"9166a355-6cb1-452c-a1fa-c19fe25e55b5",
	"d1b96fcf-1cf9-4a9f-be2b-eada71efc842",
	'');
INSERT INTO SM_SEME
	VALUES ("24b6e5df-dd56-4edb-a09a-63a32fd133be",
	"f7c25a78-c201-453a-b899-d7dca4041dbc",
	"9166a355-6cb1-452c-a1fa-c19fe25e55b5",
	"d1b96fcf-1cf9-4a9f-be2b-eada71efc842");
INSERT INTO SM_SEME
	VALUES ("24b6e5df-dd56-4edb-a09a-63a32fd133be",
	"65ed0ebe-2d2a-4931-9a85-0f5b18a056c3",
	"9166a355-6cb1-452c-a1fa-c19fe25e55b5",
	"597d0659-810b-4a2d-ae26-879d92b900d6");
INSERT INTO SM_STATE
	VALUES ("5ab1aab7-f2f2-4cb0-a479-fbb745106452",
	"9166a355-6cb1-452c-a1fa-c19fe25e55b5",
	"d1b96fcf-1cf9-4a9f-be2b-eada71efc842",
	'gradeschool',
	3,
	0);
INSERT INTO SM_SEME
	VALUES ("5ab1aab7-f2f2-4cb0-a479-fbb745106452",
	"f7c25a78-c201-453a-b899-d7dca4041dbc",
	"9166a355-6cb1-452c-a1fa-c19fe25e55b5",
	"d1b96fcf-1cf9-4a9f-be2b-eada71efc842");
INSERT INTO SM_CH
	VALUES ("5ab1aab7-f2f2-4cb0-a479-fbb745106452",
	"65ed0ebe-2d2a-4931-9a85-0f5b18a056c3",
	"9166a355-6cb1-452c-a1fa-c19fe25e55b5",
	"597d0659-810b-4a2d-ae26-879d92b900d6",
	'');
INSERT INTO SM_SEME
	VALUES ("5ab1aab7-f2f2-4cb0-a479-fbb745106452",
	"65ed0ebe-2d2a-4931-9a85-0f5b18a056c3",
	"9166a355-6cb1-452c-a1fa-c19fe25e55b5",
	"597d0659-810b-4a2d-ae26-879d92b900d6");
INSERT INTO SM_STATE
	VALUES ("a4a6763e-bec1-415b-b551-a77a152033c3",
	"9166a355-6cb1-452c-a1fa-c19fe25e55b5",
	"d1b96fcf-1cf9-4a9f-be2b-eada71efc842",
	'teenager',
	4,
	0);
INSERT INTO SM_SEME
	VALUES ("a4a6763e-bec1-415b-b551-a77a152033c3",
	"f7c25a78-c201-453a-b899-d7dca4041dbc",
	"9166a355-6cb1-452c-a1fa-c19fe25e55b5",
	"d1b96fcf-1cf9-4a9f-be2b-eada71efc842");
INSERT INTO SM_CH
	VALUES ("a4a6763e-bec1-415b-b551-a77a152033c3",
	"65ed0ebe-2d2a-4931-9a85-0f5b18a056c3",
	"9166a355-6cb1-452c-a1fa-c19fe25e55b5",
	"597d0659-810b-4a2d-ae26-879d92b900d6",
	'');
INSERT INTO SM_SEME
	VALUES ("a4a6763e-bec1-415b-b551-a77a152033c3",
	"65ed0ebe-2d2a-4931-9a85-0f5b18a056c3",
	"9166a355-6cb1-452c-a1fa-c19fe25e55b5",
	"597d0659-810b-4a2d-ae26-879d92b900d6");
INSERT INTO SM_STATE
	VALUES ("4fc48864-6cb8-4777-9d15-b29f364c22f7",
	"9166a355-6cb1-452c-a1fa-c19fe25e55b5",
	"d1b96fcf-1cf9-4a9f-be2b-eada71efc842",
	'adult',
	5,
	0);
INSERT INTO SM_CH
	VALUES ("4fc48864-6cb8-4777-9d15-b29f364c22f7",
	"f7c25a78-c201-453a-b899-d7dca4041dbc",
	"9166a355-6cb1-452c-a1fa-c19fe25e55b5",
	"d1b96fcf-1cf9-4a9f-be2b-eada71efc842",
	'');
INSERT INTO SM_SEME
	VALUES ("4fc48864-6cb8-4777-9d15-b29f364c22f7",
	"f7c25a78-c201-453a-b899-d7dca4041dbc",
	"9166a355-6cb1-452c-a1fa-c19fe25e55b5",
	"d1b96fcf-1cf9-4a9f-be2b-eada71efc842");
INSERT INTO SM_CH
	VALUES ("4fc48864-6cb8-4777-9d15-b29f364c22f7",
	"65ed0ebe-2d2a-4931-9a85-0f5b18a056c3",
	"9166a355-6cb1-452c-a1fa-c19fe25e55b5",
	"597d0659-810b-4a2d-ae26-879d92b900d6",
	'');
INSERT INTO SM_SEME
	VALUES ("4fc48864-6cb8-4777-9d15-b29f364c22f7",
	"65ed0ebe-2d2a-4931-9a85-0f5b18a056c3",
	"9166a355-6cb1-452c-a1fa-c19fe25e55b5",
	"597d0659-810b-4a2d-ae26-879d92b900d6");
INSERT INTO SM_STATE
	VALUES ("a2372bb1-640b-4696-9c78-fed707ecc790",
	"9166a355-6cb1-452c-a1fa-c19fe25e55b5",
	"597d0659-810b-4a2d-ae26-879d92b900d6",
	'new_baby',
	2,
	0);
INSERT INTO SM_SEME
	VALUES ("a2372bb1-640b-4696-9c78-fed707ecc790",
	"f7c25a78-c201-453a-b899-d7dca4041dbc",
	"9166a355-6cb1-452c-a1fa-c19fe25e55b5",
	"d1b96fcf-1cf9-4a9f-be2b-eada71efc842");
INSERT INTO SM_CH
	VALUES ("a2372bb1-640b-4696-9c78-fed707ecc790",
	"65ed0ebe-2d2a-4931-9a85-0f5b18a056c3",
	"9166a355-6cb1-452c-a1fa-c19fe25e55b5",
	"597d0659-810b-4a2d-ae26-879d92b900d6",
	'');
INSERT INTO SM_SEME
	VALUES ("a2372bb1-640b-4696-9c78-fed707ecc790",
	"65ed0ebe-2d2a-4931-9a85-0f5b18a056c3",
	"9166a355-6cb1-452c-a1fa-c19fe25e55b5",
	"597d0659-810b-4a2d-ae26-879d92b900d6");
INSERT INTO SM_NSTXN
	VALUES ("221f6c69-cefa-4dc7-809b-cf2eeccd878d",
	"9166a355-6cb1-452c-a1fa-c19fe25e55b5",
	"24b6e5df-dd56-4edb-a09a-63a32fd133be",
	"65ed0ebe-2d2a-4931-9a85-0f5b18a056c3",
	"597d0659-810b-4a2d-ae26-879d92b900d6");
INSERT INTO SM_TXN
	VALUES ("221f6c69-cefa-4dc7-809b-cf2eeccd878d",
	"9166a355-6cb1-452c-a1fa-c19fe25e55b5",
	"a2372bb1-640b-4696-9c78-fed707ecc790",
	"597d0659-810b-4a2d-ae26-879d92b900d6");
INSERT INTO SM_NSTXN
	VALUES ("9b7a93f3-8e3b-4df0-8f10-fcd288334c95",
	"9166a355-6cb1-452c-a1fa-c19fe25e55b5",
	"a2372bb1-640b-4696-9c78-fed707ecc790",
	"f7c25a78-c201-453a-b899-d7dca4041dbc",
	"d1b96fcf-1cf9-4a9f-be2b-eada71efc842");
INSERT INTO SM_TXN
	VALUES ("9b7a93f3-8e3b-4df0-8f10-fcd288334c95",
	"9166a355-6cb1-452c-a1fa-c19fe25e55b5",
	"5ab1aab7-f2f2-4cb0-a479-fbb745106452",
	"d1b96fcf-1cf9-4a9f-be2b-eada71efc842");
INSERT INTO SM_NSTXN
	VALUES ("84e8876a-6046-4b2a-9974-1daa093c3eaa",
	"9166a355-6cb1-452c-a1fa-c19fe25e55b5",
	"5ab1aab7-f2f2-4cb0-a479-fbb745106452",
	"f7c25a78-c201-453a-b899-d7dca4041dbc",
	"d1b96fcf-1cf9-4a9f-be2b-eada71efc842");
INSERT INTO SM_TXN
	VALUES ("84e8876a-6046-4b2a-9974-1daa093c3eaa",
	"9166a355-6cb1-452c-a1fa-c19fe25e55b5",
	"a4a6763e-bec1-415b-b551-a77a152033c3",
	"d1b96fcf-1cf9-4a9f-be2b-eada71efc842");
INSERT INTO SM_NSTXN
	VALUES ("a47db8a8-7171-4c88-a491-87230145f843",
	"9166a355-6cb1-452c-a1fa-c19fe25e55b5",
	"a4a6763e-bec1-415b-b551-a77a152033c3",
	"f7c25a78-c201-453a-b899-d7dca4041dbc",
	"d1b96fcf-1cf9-4a9f-be2b-eada71efc842");
INSERT INTO SM_TXN
	VALUES ("a47db8a8-7171-4c88-a491-87230145f843",
	"9166a355-6cb1-452c-a1fa-c19fe25e55b5",
	"4fc48864-6cb8-4777-9d15-b29f364c22f7",
	"d1b96fcf-1cf9-4a9f-be2b-eada71efc842");
INSERT INTO SM_MOAH
	VALUES ("1caad4e6-5d62-48f9-9204-5ec472bf8f34",
	"9166a355-6cb1-452c-a1fa-c19fe25e55b5",
	"24b6e5df-dd56-4edb-a09a-63a32fd133be");
INSERT INTO SM_AH
	VALUES ("1caad4e6-5d62-48f9-9204-5ec472bf8f34",
	"9166a355-6cb1-452c-a1fa-c19fe25e55b5");
INSERT INTO ACT_SAB
	VALUES ("65d369bd-7739-402a-b2b6-1100b0283ecc",
	"9166a355-6cb1-452c-a1fa-c19fe25e55b5",
	"1caad4e6-5d62-48f9-9204-5ec472bf8f34");
INSERT INTO ACT_ACT
	VALUES ("65d369bd-7739-402a-b2b6-1100b0283ecc",
	'state',
	0,
	"00000000-0000-0000-0000-000000000000",
	"00000000-0000-0000-0000-000000000000",
	0,
	'Parenthood::no_kids',
	"ca87e53c-82ff-4c83-959f-1ca01b4c723c");
INSERT INTO SM_ACT
	VALUES ("1caad4e6-5d62-48f9-9204-5ec472bf8f34",
	"9166a355-6cb1-452c-a1fa-c19fe25e55b5",
	1,
	'',
	'');
INSERT INTO SM_MOAH
	VALUES ("98e8ec16-cf5d-4596-b052-b2523206ee25",
	"9166a355-6cb1-452c-a1fa-c19fe25e55b5",
	"5ab1aab7-f2f2-4cb0-a479-fbb745106452");
INSERT INTO SM_AH
	VALUES ("98e8ec16-cf5d-4596-b052-b2523206ee25",
	"9166a355-6cb1-452c-a1fa-c19fe25e55b5");
INSERT INTO ACT_SAB
	VALUES ("aedefbf2-3325-4ee4-a7ee-adf231e07d5b",
	"9166a355-6cb1-452c-a1fa-c19fe25e55b5",
	"98e8ec16-cf5d-4596-b052-b2523206ee25");
INSERT INTO ACT_ACT
	VALUES ("aedefbf2-3325-4ee4-a7ee-adf231e07d5b",
	'state',
	0,
	"00000000-0000-0000-0000-000000000000",
	"00000000-0000-0000-0000-000000000000",
	0,
	'Parenthood::gradeschool',
	"83026617-91a9-48b8-9c9e-2e7ea37bf5ce");
INSERT INTO SM_ACT
	VALUES ("98e8ec16-cf5d-4596-b052-b2523206ee25",
	"9166a355-6cb1-452c-a1fa-c19fe25e55b5",
	1,
	'self.pull_out_hair();
',
	'');
INSERT INTO SM_MOAH
	VALUES ("9f22aac4-d2ca-4879-822f-6148cbfd47b5",
	"9166a355-6cb1-452c-a1fa-c19fe25e55b5",
	"a4a6763e-bec1-415b-b551-a77a152033c3");
INSERT INTO SM_AH
	VALUES ("9f22aac4-d2ca-4879-822f-6148cbfd47b5",
	"9166a355-6cb1-452c-a1fa-c19fe25e55b5");
INSERT INTO ACT_SAB
	VALUES ("8f194b14-f700-4f47-be62-d34501a7b7b6",
	"9166a355-6cb1-452c-a1fa-c19fe25e55b5",
	"9f22aac4-d2ca-4879-822f-6148cbfd47b5");
INSERT INTO ACT_ACT
	VALUES ("8f194b14-f700-4f47-be62-d34501a7b7b6",
	'state',
	0,
	"00000000-0000-0000-0000-000000000000",
	"00000000-0000-0000-0000-000000000000",
	0,
	'Parenthood::teenager',
	"006004a1-8aab-4e21-9d9a-4e5b370e56f5");
INSERT INTO SM_ACT
	VALUES ("9f22aac4-d2ca-4879-822f-6148cbfd47b5",
	"9166a355-6cb1-452c-a1fa-c19fe25e55b5",
	1,
	'self.pull_out_hair();',
	'');
INSERT INTO SM_MOAH
	VALUES ("a77560ec-3fbd-4d80-af43-d311ddf3c7a7",
	"9166a355-6cb1-452c-a1fa-c19fe25e55b5",
	"4fc48864-6cb8-4777-9d15-b29f364c22f7");
INSERT INTO SM_AH
	VALUES ("a77560ec-3fbd-4d80-af43-d311ddf3c7a7",
	"9166a355-6cb1-452c-a1fa-c19fe25e55b5");
INSERT INTO ACT_SAB
	VALUES ("2aeaf9b2-cd21-4935-9ab2-f12b9fe25956",
	"9166a355-6cb1-452c-a1fa-c19fe25e55b5",
	"a77560ec-3fbd-4d80-af43-d311ddf3c7a7");
INSERT INTO ACT_ACT
	VALUES ("2aeaf9b2-cd21-4935-9ab2-f12b9fe25956",
	'state',
	0,
	"00000000-0000-0000-0000-000000000000",
	"00000000-0000-0000-0000-000000000000",
	0,
	'Parenthood::adult',
	"1151ba14-ec4e-42b8-a7fe-0abb7e0d1fa3");
INSERT INTO SM_ACT
	VALUES ("a77560ec-3fbd-4d80-af43-d311ddf3c7a7",
	"9166a355-6cb1-452c-a1fa-c19fe25e55b5",
	1,
	'LOG::LogInfo( message: "Calvin has finally grown up.  His parents rejoice." );


// Do some SDT syntax tests
self.family.child_2 = "Hobbes";

create object instance p2 of P;
assign p2.family.father = "Calvin''s Dad";
assign p2.family.mother = "Calvin''s Mom";
assign p2.family.child_1 = "Calvin";

if ( self.family != p2.family )
  LOG::LogSuccess( message: "Successfully compared two unequal SDTs" );
else
  LOG::LogFailure( message: "Failed during compare of two unequal SDTs" );
  ::failedFamilyTest();
end if;

p2.family.child_2 = "Hobbes";

if ( self.family == p2.family )
  LOG::LogSuccess( message: "Successfully compared two equal SDTs" );
else
  LOG::LogFailure( message: "Failed during compare of two equal SDTs" );
  ::failedFamilyTest();
end if;

p2.family.child_3 = "Susie";
second_family = self.family;

if ( second_family.child_3 == "" )
  LOG::LogSuccess( message: "Successfully inspected a temporary SDT" );
else
  LOG::LogFailure( message: "Failed during inspection of temporary SDT" );
  ::failedFamilyTest();
end if;

second_family = p2.family;

if ( second_family.child_3 == "Susie" )
  LOG::LogSuccess( message: "Successfully inspected a reassigned temporary SDT" );
else
  LOG::LogFailure( message: "Failed during inspection of reassigned temporary SDT" );
  ::failedFamilyTest();
end if;

delete object instance p2;


// Tell test control we''re done
select any tc from instances of TC;
generate TC1:''completedFamilyTest''() to tc;
',
	'');
INSERT INTO SM_MOAH
	VALUES ("604ba144-6036-47be-8c52-bd7cc4855186",
	"9166a355-6cb1-452c-a1fa-c19fe25e55b5",
	"a2372bb1-640b-4696-9c78-fed707ecc790");
INSERT INTO SM_AH
	VALUES ("604ba144-6036-47be-8c52-bd7cc4855186",
	"9166a355-6cb1-452c-a1fa-c19fe25e55b5");
INSERT INTO ACT_SAB
	VALUES ("40e36e2f-a93d-4fa4-8eec-660f9d0b0d67",
	"9166a355-6cb1-452c-a1fa-c19fe25e55b5",
	"604ba144-6036-47be-8c52-bd7cc4855186");
INSERT INTO ACT_ACT
	VALUES ("40e36e2f-a93d-4fa4-8eec-660f9d0b0d67",
	'state',
	0,
	"00000000-0000-0000-0000-000000000000",
	"00000000-0000-0000-0000-000000000000",
	0,
	'Parenthood::new_baby',
	"706b94c3-38be-4ecc-a58d-cba427edd31c");
INSERT INTO SM_ACT
	VALUES ("604ba144-6036-47be-8c52-bd7cc4855186",
	"9166a355-6cb1-452c-a1fa-c19fe25e55b5",
	1,
	'// Another SDT syntax check.  Not really used for anything.
new_child = rcvd_evt.updated_family.child_1;

// Moves the parenthood state along
self.happy_times( family: rcvd_evt.updated_family );

',
	'');
INSERT INTO GD_MD
	VALUES ("a5ee4039-37fa-4a11-b6fa-0c5d7d8de871",
	8,
	"9166a355-6cb1-452c-a1fa-c19fe25e55b5",
	40,
	0,
	0,
	1,
	1,
	1,
	12,
	1,
	3868,
	3162,
	0,
	0,
	0);
INSERT INTO GD_GE
	VALUES ("cf7202c3-ea68-4343-a64b-3733d3f8d2eb",
	"a5ee4039-37fa-4a11-b6fa-0c5d7d8de871",
	"24b6e5df-dd56-4edb-a09a-63a32fd133be",
	41,
	0);
INSERT INTO GD_SHP
	VALUES ("cf7202c3-ea68-4343-a64b-3733d3f8d2eb");
INSERT INTO DIM_ND
	VALUES (144.000000,
	84.000000,
	"cf7202c3-ea68-4343-a64b-3733d3f8d2eb");
INSERT INTO DIM_GE
	VALUES (3888.000000,
	2940.000000,
	"cf7202c3-ea68-4343-a64b-3733d3f8d2eb",
	"00000000-0000-0000-0000-000000000000");
INSERT INTO DIM_ELE
	VALUES ("cf7202c3-ea68-4343-a64b-3733d3f8d2eb",
	0,
	"00000000-0000-0000-0000-000000000000");
INSERT INTO DIM_CON
	VALUES ("afbdc06b-7cc2-43b1-9a4b-7bc9f6e8034f",
	3942.000000,
	3024.000000,
	"cf7202c3-ea68-4343-a64b-3733d3f8d2eb");
INSERT INTO GD_GE
	VALUES ("bd94227b-38a2-435e-a91f-d7ffc075e029",
	"a5ee4039-37fa-4a11-b6fa-0c5d7d8de871",
	"5ab1aab7-f2f2-4cb0-a479-fbb745106452",
	41,
	0);
INSERT INTO GD_SHP
	VALUES ("bd94227b-38a2-435e-a91f-d7ffc075e029");
INSERT INTO DIM_ND
	VALUES (144.000000,
	96.000000,
	"bd94227b-38a2-435e-a91f-d7ffc075e029");
INSERT INTO DIM_GE
	VALUES (4164.000000,
	3132.000000,
	"bd94227b-38a2-435e-a91f-d7ffc075e029",
	"00000000-0000-0000-0000-000000000000");
INSERT INTO DIM_ELE
	VALUES ("bd94227b-38a2-435e-a91f-d7ffc075e029",
	0,
	"00000000-0000-0000-0000-000000000000");
INSERT INTO DIM_CON
	VALUES ("f8a485c4-c6bc-44e5-b269-9304f941c09e",
	4164.000000,
	3186.000000,
	"bd94227b-38a2-435e-a91f-d7ffc075e029");
INSERT INTO DIM_CON
	VALUES ("8bc67dd8-088a-4e08-bc8b-d6c8137baf72",
	4230.000000,
	3228.000000,
	"bd94227b-38a2-435e-a91f-d7ffc075e029");
INSERT INTO GD_GE
	VALUES ("519a8042-607d-445c-a366-40e581ef17a8",
	"a5ee4039-37fa-4a11-b6fa-0c5d7d8de871",
	"a4a6763e-bec1-415b-b551-a77a152033c3",
	41,
	0);
INSERT INTO GD_SHP
	VALUES ("519a8042-607d-445c-a366-40e581ef17a8");
INSERT INTO DIM_ND
	VALUES (144.000000,
	108.000000,
	"519a8042-607d-445c-a366-40e581ef17a8");
INSERT INTO DIM_GE
	VALUES (4320.000000,
	3252.000000,
	"519a8042-607d-445c-a366-40e581ef17a8",
	"00000000-0000-0000-0000-000000000000");
INSERT INTO DIM_ELE
	VALUES ("519a8042-607d-445c-a366-40e581ef17a8",
	0,
	"00000000-0000-0000-0000-000000000000");
INSERT INTO DIM_CON
	VALUES ("d17a2bcf-ee90-4f5b-bc6b-e40db4cb333b",
	4320.000000,
	3306.000000,
	"519a8042-607d-445c-a366-40e581ef17a8");
INSERT INTO DIM_CON
	VALUES ("8dd92efe-57a7-4e60-b631-6f6bb2380360",
	4398.000000,
	3360.000000,
	"519a8042-607d-445c-a366-40e581ef17a8");
INSERT INTO GD_GE
	VALUES ("847c60dd-7caf-47e0-9971-a4f760f3f376",
	"a5ee4039-37fa-4a11-b6fa-0c5d7d8de871",
	"4fc48864-6cb8-4777-9d15-b29f364c22f7",
	41,
	0);
INSERT INTO GD_SHP
	VALUES ("847c60dd-7caf-47e0-9971-a4f760f3f376");
INSERT INTO DIM_ND
	VALUES (156.000000,
	96.000000,
	"847c60dd-7caf-47e0-9971-a4f760f3f376");
INSERT INTO DIM_GE
	VALUES (4488.000000,
	3372.000000,
	"847c60dd-7caf-47e0-9971-a4f760f3f376",
	"00000000-0000-0000-0000-000000000000");
INSERT INTO DIM_ELE
	VALUES ("847c60dd-7caf-47e0-9971-a4f760f3f376",
	0,
	"00000000-0000-0000-0000-000000000000");
INSERT INTO DIM_CON
	VALUES ("6a0d5b50-7890-4df0-8872-a7f54b65a397",
	4488.000000,
	3420.000000,
	"847c60dd-7caf-47e0-9971-a4f760f3f376");
INSERT INTO GD_GE
	VALUES ("f59c22af-b065-44eb-b089-9b3368e0d35d",
	"a5ee4039-37fa-4a11-b6fa-0c5d7d8de871",
	"a2372bb1-640b-4696-9c78-fed707ecc790",
	41,
	0);
INSERT INTO GD_SHP
	VALUES ("f59c22af-b065-44eb-b089-9b3368e0d35d");
INSERT INTO DIM_ND
	VALUES (144.000000,
	96.000000,
	"f59c22af-b065-44eb-b089-9b3368e0d35d");
INSERT INTO DIM_GE
	VALUES (4008.000000,
	3036.000000,
	"f59c22af-b065-44eb-b089-9b3368e0d35d",
	"00000000-0000-0000-0000-000000000000");
INSERT INTO DIM_ELE
	VALUES ("f59c22af-b065-44eb-b089-9b3368e0d35d",
	0,
	"00000000-0000-0000-0000-000000000000");
INSERT INTO DIM_CON
	VALUES ("f7d0ed3e-d2d8-4603-b136-0d01112722c9",
	4008.000000,
	3090.000000,
	"f59c22af-b065-44eb-b089-9b3368e0d35d");
INSERT INTO DIM_CON
	VALUES ("182ae4d5-afe6-4452-833b-6ac517ae0016",
	4074.000000,
	3132.000000,
	"f59c22af-b065-44eb-b089-9b3368e0d35d");
INSERT INTO GD_GE
	VALUES ("52f7e304-7469-4f32-9830-76cd0cb09d2d",
	"a5ee4039-37fa-4a11-b6fa-0c5d7d8de871",
	"221f6c69-cefa-4dc7-809b-cf2eeccd878d",
	42,
	0);
INSERT INTO GD_CON
	VALUES ("52f7e304-7469-4f32-9830-76cd0cb09d2d",
	"00000000-0000-0000-0000-000000000000");
INSERT INTO GD_CTXT
	VALUES ("28e14e57-35eb-48c7-9c5e-694c59ece897",
	"52f7e304-7469-4f32-9830-76cd0cb09d2d",
	1,
	0.000000,
	0.000000);
INSERT INTO DIM_ND
	VALUES (0.000000,
	0.000000,
	"28e14e57-35eb-48c7-9c5e-694c59ece897");
INSERT INTO DIM_GE
	VALUES (0.000000,
	0.000000,
	"28e14e57-35eb-48c7-9c5e-694c59ece897",
	"00000000-0000-0000-0000-000000000000");
INSERT INTO DIM_ELE
	VALUES ("28e14e57-35eb-48c7-9c5e-694c59ece897",
	0,
	"00000000-0000-0000-0000-000000000000");
INSERT INTO GD_CTXT
	VALUES ("db1f5ed9-1813-4f57-be95-bf70b936584d",
	"52f7e304-7469-4f32-9830-76cd0cb09d2d",
	3,
	0.000000,
	0.000000);
INSERT INTO DIM_ND
	VALUES (67.000000,
	37.000000,
	"db1f5ed9-1813-4f57-be95-bf70b936584d");
INSERT INTO DIM_GE
	VALUES (3800.000000,
	3078.000000,
	"db1f5ed9-1813-4f57-be95-bf70b936584d",
	"00000000-0000-0000-0000-000000000000");
INSERT INTO DIM_ELE
	VALUES ("db1f5ed9-1813-4f57-be95-bf70b936584d",
	0,
	"00000000-0000-0000-0000-000000000000");
INSERT INTO GD_CTXT
	VALUES ("f99b7ed4-6eb3-4db9-82c0-a4dcbf8412af",
	"52f7e304-7469-4f32-9830-76cd0cb09d2d",
	2,
	0.000000,
	0.000000);
INSERT INTO DIM_ND
	VALUES (0.000000,
	0.000000,
	"f99b7ed4-6eb3-4db9-82c0-a4dcbf8412af");
INSERT INTO DIM_GE
	VALUES (0.000000,
	0.000000,
	"f99b7ed4-6eb3-4db9-82c0-a4dcbf8412af",
	"00000000-0000-0000-0000-000000000000");
INSERT INTO DIM_ELE
	VALUES ("f99b7ed4-6eb3-4db9-82c0-a4dcbf8412af",
	0,
	"00000000-0000-0000-0000-000000000000");
INSERT INTO GD_LS
	VALUES ("0da0f3b1-5fe3-4f7a-a372-662ffa4f347d",
	"52f7e304-7469-4f32-9830-76cd0cb09d2d",
	"00000000-0000-0000-0000-000000000000",
	"4c5a85d9-5bf0-43cc-ad8a-11b30fd3f7b7",
	"01bf6cfe-ed34-481d-aff7-69affabb31f1");
INSERT INTO GD_LS
	VALUES ("947c3a74-e65b-4a0c-b1dc-0b9a2f7eaf69",
	"52f7e304-7469-4f32-9830-76cd0cb09d2d",
	"0da0f3b1-5fe3-4f7a-a372-662ffa4f347d",
	"01bf6cfe-ed34-481d-aff7-69affabb31f1",
	"71cf7295-6911-4d04-b970-4b3ec458e1a3");
INSERT INTO DIM_WAY
	VALUES ("4c5a85d9-5bf0-43cc-ad8a-11b30fd3f7b7",
	3942.000000,
	3024.000000,
	"52f7e304-7469-4f32-9830-76cd0cb09d2d",
	"00000000-0000-0000-0000-000000000000",
	"00000000-0000-0000-0000-000000000000");
INSERT INTO DIM_WAY
	VALUES ("01bf6cfe-ed34-481d-aff7-69affabb31f1",
	3942.000000,
	3090.000000,
	"52f7e304-7469-4f32-9830-76cd0cb09d2d",
	"00000000-0000-0000-0000-000000000000",
	"4c5a85d9-5bf0-43cc-ad8a-11b30fd3f7b7");
INSERT INTO DIM_WAY
	VALUES ("71cf7295-6911-4d04-b970-4b3ec458e1a3",
	4008.000000,
	3090.000000,
	"52f7e304-7469-4f32-9830-76cd0cb09d2d",
	"00000000-0000-0000-0000-000000000000",
	"01bf6cfe-ed34-481d-aff7-69affabb31f1");
INSERT INTO DIM_GE
	VALUES (0.000000,
	0.000000,
	"52f7e304-7469-4f32-9830-76cd0cb09d2d",
	"00000000-0000-0000-0000-000000000000");
INSERT INTO DIM_ELE
	VALUES ("52f7e304-7469-4f32-9830-76cd0cb09d2d",
	0,
	"00000000-0000-0000-0000-000000000000");
INSERT INTO DIM_ED
	VALUES ("afbdc06b-7cc2-43b1-9a4b-7bc9f6e8034f",
	"f7d0ed3e-d2d8-4603-b136-0d01112722c9",
	"52f7e304-7469-4f32-9830-76cd0cb09d2d");
INSERT INTO GD_GE
	VALUES ("3e325420-7ec2-47b1-9fa3-3ea623409eb9",
	"a5ee4039-37fa-4a11-b6fa-0c5d7d8de871",
	"9b7a93f3-8e3b-4df0-8f10-fcd288334c95",
	42,
	0);
INSERT INTO GD_CON
	VALUES ("3e325420-7ec2-47b1-9fa3-3ea623409eb9",
	"00000000-0000-0000-0000-000000000000");
INSERT INTO GD_CTXT
	VALUES ("7aacc935-dfa1-43cf-b5a2-18994d3f45a5",
	"3e325420-7ec2-47b1-9fa3-3ea623409eb9",
	1,
	0.000000,
	0.000000);
INSERT INTO DIM_ND
	VALUES (0.000000,
	0.000000,
	"7aacc935-dfa1-43cf-b5a2-18994d3f45a5");
INSERT INTO DIM_GE
	VALUES (0.000000,
	0.000000,
	"7aacc935-dfa1-43cf-b5a2-18994d3f45a5",
	"00000000-0000-0000-0000-000000000000");
INSERT INTO DIM_ELE
	VALUES ("7aacc935-dfa1-43cf-b5a2-18994d3f45a5",
	0,
	"00000000-0000-0000-0000-000000000000");
INSERT INTO GD_CTXT
	VALUES ("5c5f074c-62a8-47ee-b393-73cd79192164",
	"3e325420-7ec2-47b1-9fa3-3ea623409eb9",
	3,
	0.000000,
	0.000000);
INSERT INTO DIM_ND
	VALUES (67.000000,
	37.000000,
	"5c5f074c-62a8-47ee-b393-73cd79192164");
INSERT INTO DIM_GE
	VALUES (3997.000000,
	3141.000000,
	"5c5f074c-62a8-47ee-b393-73cd79192164",
	"00000000-0000-0000-0000-000000000000");
INSERT INTO DIM_ELE
	VALUES ("5c5f074c-62a8-47ee-b393-73cd79192164",
	0,
	"00000000-0000-0000-0000-000000000000");
INSERT INTO GD_CTXT
	VALUES ("adb48b4a-a9a7-462c-8283-19140410e567",
	"3e325420-7ec2-47b1-9fa3-3ea623409eb9",
	2,
	0.000000,
	0.000000);
INSERT INTO DIM_ND
	VALUES (0.000000,
	0.000000,
	"adb48b4a-a9a7-462c-8283-19140410e567");
INSERT INTO DIM_GE
	VALUES (0.000000,
	0.000000,
	"adb48b4a-a9a7-462c-8283-19140410e567",
	"00000000-0000-0000-0000-000000000000");
INSERT INTO DIM_ELE
	VALUES ("adb48b4a-a9a7-462c-8283-19140410e567",
	0,
	"00000000-0000-0000-0000-000000000000");
INSERT INTO GD_LS
	VALUES ("cd234151-d811-4c54-a509-a33a5e237404",
	"3e325420-7ec2-47b1-9fa3-3ea623409eb9",
	"00000000-0000-0000-0000-000000000000",
	"b9e1deec-aace-43de-9818-74e2c656a109",
	"4242ee71-3b9c-483a-bdcd-04cc2d4437e3");
INSERT INTO GD_LS
	VALUES ("b44762b1-3239-4128-88a5-d10b89c5ee2e",
	"3e325420-7ec2-47b1-9fa3-3ea623409eb9",
	"cd234151-d811-4c54-a509-a33a5e237404",
	"4242ee71-3b9c-483a-bdcd-04cc2d4437e3",
	"5817f1d3-774f-407e-bacc-133740167fc8");
INSERT INTO DIM_WAY
	VALUES ("b9e1deec-aace-43de-9818-74e2c656a109",
	4074.000000,
	3132.000000,
	"3e325420-7ec2-47b1-9fa3-3ea623409eb9",
	"00000000-0000-0000-0000-000000000000",
	"00000000-0000-0000-0000-000000000000");
INSERT INTO DIM_WAY
	VALUES ("4242ee71-3b9c-483a-bdcd-04cc2d4437e3",
	4074.000000,
	3186.000000,
	"3e325420-7ec2-47b1-9fa3-3ea623409eb9",
	"00000000-0000-0000-0000-000000000000",
	"b9e1deec-aace-43de-9818-74e2c656a109");
INSERT INTO DIM_WAY
	VALUES ("5817f1d3-774f-407e-bacc-133740167fc8",
	4164.000000,
	3186.000000,
	"3e325420-7ec2-47b1-9fa3-3ea623409eb9",
	"00000000-0000-0000-0000-000000000000",
	"4242ee71-3b9c-483a-bdcd-04cc2d4437e3");
INSERT INTO DIM_GE
	VALUES (0.000000,
	0.000000,
	"3e325420-7ec2-47b1-9fa3-3ea623409eb9",
	"00000000-0000-0000-0000-000000000000");
INSERT INTO DIM_ELE
	VALUES ("3e325420-7ec2-47b1-9fa3-3ea623409eb9",
	0,
	"00000000-0000-0000-0000-000000000000");
INSERT INTO DIM_ED
	VALUES ("182ae4d5-afe6-4452-833b-6ac517ae0016",
	"f8a485c4-c6bc-44e5-b269-9304f941c09e",
	"3e325420-7ec2-47b1-9fa3-3ea623409eb9");
INSERT INTO GD_GE
	VALUES ("8dd961b5-16fb-45dd-82d9-d6f5af4b24bb",
	"a5ee4039-37fa-4a11-b6fa-0c5d7d8de871",
	"84e8876a-6046-4b2a-9974-1daa093c3eaa",
	42,
	0);
INSERT INTO GD_CON
	VALUES ("8dd961b5-16fb-45dd-82d9-d6f5af4b24bb",
	"00000000-0000-0000-0000-000000000000");
INSERT INTO GD_CTXT
	VALUES ("01d80013-6d81-48ca-972f-f29a924158be",
	"8dd961b5-16fb-45dd-82d9-d6f5af4b24bb",
	1,
	0.000000,
	0.000000);
INSERT INTO DIM_ND
	VALUES (0.000000,
	0.000000,
	"01d80013-6d81-48ca-972f-f29a924158be");
INSERT INTO DIM_GE
	VALUES (0.000000,
	0.000000,
	"01d80013-6d81-48ca-972f-f29a924158be",
	"00000000-0000-0000-0000-000000000000");
INSERT INTO DIM_ELE
	VALUES ("01d80013-6d81-48ca-972f-f29a924158be",
	0,
	"00000000-0000-0000-0000-000000000000");
INSERT INTO GD_CTXT
	VALUES ("dd77af7a-ce27-4be6-a826-aae2c64fe95f",
	"8dd961b5-16fb-45dd-82d9-d6f5af4b24bb",
	3,
	0.000000,
	0.000000);
INSERT INTO DIM_ND
	VALUES (67.000000,
	37.000000,
	"dd77af7a-ce27-4be6-a826-aae2c64fe95f");
INSERT INTO DIM_GE
	VALUES (4153.000000,
	3249.000000,
	"dd77af7a-ce27-4be6-a826-aae2c64fe95f",
	"00000000-0000-0000-0000-000000000000");
INSERT INTO DIM_ELE
	VALUES ("dd77af7a-ce27-4be6-a826-aae2c64fe95f",
	0,
	"00000000-0000-0000-0000-000000000000");
INSERT INTO GD_CTXT
	VALUES ("f08c7193-36f6-4dc4-9412-5128c61b6f20",
	"8dd961b5-16fb-45dd-82d9-d6f5af4b24bb",
	2,
	0.000000,
	0.000000);
INSERT INTO DIM_ND
	VALUES (0.000000,
	0.000000,
	"f08c7193-36f6-4dc4-9412-5128c61b6f20");
INSERT INTO DIM_GE
	VALUES (0.000000,
	0.000000,
	"f08c7193-36f6-4dc4-9412-5128c61b6f20",
	"00000000-0000-0000-0000-000000000000");
INSERT INTO DIM_ELE
	VALUES ("f08c7193-36f6-4dc4-9412-5128c61b6f20",
	0,
	"00000000-0000-0000-0000-000000000000");
INSERT INTO GD_LS
	VALUES ("9078499e-dde9-4ce5-8423-9227b777880d",
	"8dd961b5-16fb-45dd-82d9-d6f5af4b24bb",
	"00000000-0000-0000-0000-000000000000",
	"8276d07c-75cf-4904-99a5-dbba08667dfd",
	"9db7d1d5-9b65-46ca-8a51-fa918268d025");
INSERT INTO GD_LS
	VALUES ("470243ff-f311-4a68-b3bc-b54799ab2b51",
	"8dd961b5-16fb-45dd-82d9-d6f5af4b24bb",
	"9078499e-dde9-4ce5-8423-9227b777880d",
	"9db7d1d5-9b65-46ca-8a51-fa918268d025",
	"300cd02d-c8c4-4c1b-93f9-09a2791eeddb");
INSERT INTO DIM_WAY
	VALUES ("8276d07c-75cf-4904-99a5-dbba08667dfd",
	4230.000000,
	3228.000000,
	"8dd961b5-16fb-45dd-82d9-d6f5af4b24bb",
	"00000000-0000-0000-0000-000000000000",
	"00000000-0000-0000-0000-000000000000");
INSERT INTO DIM_WAY
	VALUES ("9db7d1d5-9b65-46ca-8a51-fa918268d025",
	4230.000000,
	3306.000000,
	"8dd961b5-16fb-45dd-82d9-d6f5af4b24bb",
	"00000000-0000-0000-0000-000000000000",
	"8276d07c-75cf-4904-99a5-dbba08667dfd");
INSERT INTO DIM_WAY
	VALUES ("300cd02d-c8c4-4c1b-93f9-09a2791eeddb",
	4320.000000,
	3306.000000,
	"8dd961b5-16fb-45dd-82d9-d6f5af4b24bb",
	"00000000-0000-0000-0000-000000000000",
	"9db7d1d5-9b65-46ca-8a51-fa918268d025");
INSERT INTO DIM_GE
	VALUES (0.000000,
	0.000000,
	"8dd961b5-16fb-45dd-82d9-d6f5af4b24bb",
	"00000000-0000-0000-0000-000000000000");
INSERT INTO DIM_ELE
	VALUES ("8dd961b5-16fb-45dd-82d9-d6f5af4b24bb",
	0,
	"00000000-0000-0000-0000-000000000000");
INSERT INTO DIM_ED
	VALUES ("8bc67dd8-088a-4e08-bc8b-d6c8137baf72",
	"d17a2bcf-ee90-4f5b-bc6b-e40db4cb333b",
	"8dd961b5-16fb-45dd-82d9-d6f5af4b24bb");
INSERT INTO GD_GE
	VALUES ("d2125f64-9699-4d59-bd7f-01bed0ba8283",
	"a5ee4039-37fa-4a11-b6fa-0c5d7d8de871",
	"a47db8a8-7171-4c88-a491-87230145f843",
	42,
	0);
INSERT INTO GD_CON
	VALUES ("d2125f64-9699-4d59-bd7f-01bed0ba8283",
	"00000000-0000-0000-0000-000000000000");
INSERT INTO GD_CTXT
	VALUES ("ab9c5374-1fc4-41a0-abcf-80f1be1021b1",
	"d2125f64-9699-4d59-bd7f-01bed0ba8283",
	1,
	0.000000,
	0.000000);
INSERT INTO DIM_ND
	VALUES (0.000000,
	0.000000,
	"ab9c5374-1fc4-41a0-abcf-80f1be1021b1");
INSERT INTO DIM_GE
	VALUES (0.000000,
	0.000000,
	"ab9c5374-1fc4-41a0-abcf-80f1be1021b1",
	"00000000-0000-0000-0000-000000000000");
INSERT INTO DIM_ELE
	VALUES ("ab9c5374-1fc4-41a0-abcf-80f1be1021b1",
	0,
	"00000000-0000-0000-0000-000000000000");
INSERT INTO GD_CTXT
	VALUES ("bf2f4434-08e1-48c8-9683-ef975dc49647",
	"d2125f64-9699-4d59-bd7f-01bed0ba8283",
	3,
	0.000000,
	0.000000);
INSERT INTO DIM_ND
	VALUES (67.000000,
	37.000000,
	"bf2f4434-08e1-48c8-9683-ef975dc49647");
INSERT INTO DIM_GE
	VALUES (4321.000000,
	3372.000000,
	"bf2f4434-08e1-48c8-9683-ef975dc49647",
	"00000000-0000-0000-0000-000000000000");
INSERT INTO DIM_ELE
	VALUES ("bf2f4434-08e1-48c8-9683-ef975dc49647",
	0,
	"00000000-0000-0000-0000-000000000000");
INSERT INTO GD_CTXT
	VALUES ("45bfbbdb-e991-4233-bf64-75c917c5b847",
	"d2125f64-9699-4d59-bd7f-01bed0ba8283",
	2,
	0.000000,
	0.000000);
INSERT INTO DIM_ND
	VALUES (0.000000,
	0.000000,
	"45bfbbdb-e991-4233-bf64-75c917c5b847");
INSERT INTO DIM_GE
	VALUES (0.000000,
	0.000000,
	"45bfbbdb-e991-4233-bf64-75c917c5b847",
	"00000000-0000-0000-0000-000000000000");
INSERT INTO DIM_ELE
	VALUES ("45bfbbdb-e991-4233-bf64-75c917c5b847",
	0,
	"00000000-0000-0000-0000-000000000000");
INSERT INTO GD_LS
	VALUES ("3a541166-682e-42bb-bfb0-7c17a0bc9bd2",
	"d2125f64-9699-4d59-bd7f-01bed0ba8283",
	"00000000-0000-0000-0000-000000000000",
	"a5cca7df-6366-4653-b4c7-59cd1f5e8c03",
	"f9bcd6d1-df53-412e-a6ab-102ae9d74a3b");
INSERT INTO GD_LS
	VALUES ("c5d5c558-cf55-4567-bb96-d709234ca22f",
	"d2125f64-9699-4d59-bd7f-01bed0ba8283",
	"3a541166-682e-42bb-bfb0-7c17a0bc9bd2",
	"f9bcd6d1-df53-412e-a6ab-102ae9d74a3b",
	"4512f606-5c49-457b-a8bf-9fe950a6e633");
INSERT INTO DIM_WAY
	VALUES ("a5cca7df-6366-4653-b4c7-59cd1f5e8c03",
	4398.000000,
	3360.000000,
	"d2125f64-9699-4d59-bd7f-01bed0ba8283",
	"00000000-0000-0000-0000-000000000000",
	"00000000-0000-0000-0000-000000000000");
INSERT INTO DIM_WAY
	VALUES ("f9bcd6d1-df53-412e-a6ab-102ae9d74a3b",
	4398.000000,
	3420.000000,
	"d2125f64-9699-4d59-bd7f-01bed0ba8283",
	"00000000-0000-0000-0000-000000000000",
	"a5cca7df-6366-4653-b4c7-59cd1f5e8c03");
INSERT INTO DIM_WAY
	VALUES ("4512f606-5c49-457b-a8bf-9fe950a6e633",
	4488.000000,
	3420.000000,
	"d2125f64-9699-4d59-bd7f-01bed0ba8283",
	"00000000-0000-0000-0000-000000000000",
	"f9bcd6d1-df53-412e-a6ab-102ae9d74a3b");
INSERT INTO DIM_GE
	VALUES (0.000000,
	0.000000,
	"d2125f64-9699-4d59-bd7f-01bed0ba8283",
	"00000000-0000-0000-0000-000000000000");
INSERT INTO DIM_ELE
	VALUES ("d2125f64-9699-4d59-bd7f-01bed0ba8283",
	0,
	"00000000-0000-0000-0000-000000000000");
INSERT INTO DIM_ED
	VALUES ("8dd92efe-57a7-4e60-b631-6f6bb2380360",
	"6a0d5b50-7890-4df0-8872-a7f54b65a397",
	"d2125f64-9699-4d59-bd7f-01bed0ba8283");
INSERT INTO DIM_DIA
	VALUES ("a5ee4039-37fa-4a11-b6fa-0c5d7d8de871",
	'',
	0.761146,
	3794.000000,
	2890.000000,
	"00000000-0000-0000-0000-000000000000");
INSERT INTO O_OBJ
	VALUES ("707dd381-c134-49c4-8966-571a9df5c852",
	'TestControl',
	4,
	'TC',
	'',
	"33b7254f-34a0-43f8-8814-707365fc0811");
INSERT INTO O_NBATTR
	VALUES ("3f61537a-d95f-43ff-bcb0-40475a16434a",
	"707dd381-c134-49c4-8966-571a9df5c852");
INSERT INTO O_BATTR
	VALUES ("3f61537a-d95f-43ff-bcb0-40475a16434a",
	"707dd381-c134-49c4-8966-571a9df5c852");
INSERT INTO O_ATTR
	VALUES ("3f61537a-d95f-43ff-bcb0-40475a16434a",
	"707dd381-c134-49c4-8966-571a9df5c852",
	"00000000-0000-0000-0000-000000000000",
	'current_state',
	'',
	'',
	'current_state',
	0,
	"2d367287-f836-4125-8d3a-be799185faa4");
INSERT INTO O_ID
	VALUES (0,
	"707dd381-c134-49c4-8966-571a9df5c852");
INSERT INTO O_ID
	VALUES (1,
	"707dd381-c134-49c4-8966-571a9df5c852");
INSERT INTO O_ID
	VALUES (2,
	"707dd381-c134-49c4-8966-571a9df5c852");
INSERT INTO SM_ISM
	VALUES ("1d35c891-a86a-44de-96bc-a2231f7d12c0",
	"707dd381-c134-49c4-8966-571a9df5c852");
INSERT INTO SM_SM
	VALUES ("1d35c891-a86a-44de-96bc-a2231f7d12c0",
	'',
	0);
INSERT INTO SM_MOORE
	VALUES ("1d35c891-a86a-44de-96bc-a2231f7d12c0");
INSERT INTO SM_SUPDT
	VALUES ("edb28e23-ebda-4d34-a4b5-74e837c72460",
	"1d35c891-a86a-44de-96bc-a2231f7d12c0",
	0);
INSERT INTO SM_LEVT
	VALUES ("66e98359-b905-4f94-852e-df86fde6f528",
	"1d35c891-a86a-44de-96bc-a2231f7d12c0",
	"edb28e23-ebda-4d34-a4b5-74e837c72460");
INSERT INTO SM_SEVT
	VALUES ("66e98359-b905-4f94-852e-df86fde6f528",
	"1d35c891-a86a-44de-96bc-a2231f7d12c0",
	"edb28e23-ebda-4d34-a4b5-74e837c72460");
INSERT INTO SM_EVT
	VALUES ("66e98359-b905-4f94-852e-df86fde6f528",
	"1d35c891-a86a-44de-96bc-a2231f7d12c0",
	"edb28e23-ebda-4d34-a4b5-74e837c72460",
	1,
	'completedFamilyTest',
	0,
	'',
	'TC1',
	'');
INSERT INTO SM_LEVT
	VALUES ("93848d99-367e-478d-9c6a-2c0d838e49f1",
	"1d35c891-a86a-44de-96bc-a2231f7d12c0",
	"edb28e23-ebda-4d34-a4b5-74e837c72460");
INSERT INTO SM_SEVT
	VALUES ("93848d99-367e-478d-9c6a-2c0d838e49f1",
	"1d35c891-a86a-44de-96bc-a2231f7d12c0",
	"edb28e23-ebda-4d34-a4b5-74e837c72460");
INSERT INTO SM_EVT
	VALUES ("93848d99-367e-478d-9c6a-2c0d838e49f1",
	"1d35c891-a86a-44de-96bc-a2231f7d12c0",
	"edb28e23-ebda-4d34-a4b5-74e837c72460",
	2,
	'completedChecksTest',
	0,
	'',
	'TC2',
	'');
INSERT INTO SM_STATE
	VALUES ("2acbf5d7-1dfc-402f-912d-934bcc6a6873",
	"1d35c891-a86a-44de-96bc-a2231f7d12c0",
	"00000000-0000-0000-0000-000000000000",
	'Start',
	1,
	0);
INSERT INTO SM_SEME
	VALUES ("2acbf5d7-1dfc-402f-912d-934bcc6a6873",
	"66e98359-b905-4f94-852e-df86fde6f528",
	"1d35c891-a86a-44de-96bc-a2231f7d12c0",
	"edb28e23-ebda-4d34-a4b5-74e837c72460");
INSERT INTO SM_SEME
	VALUES ("2acbf5d7-1dfc-402f-912d-934bcc6a6873",
	"93848d99-367e-478d-9c6a-2c0d838e49f1",
	"1d35c891-a86a-44de-96bc-a2231f7d12c0",
	"edb28e23-ebda-4d34-a4b5-74e837c72460");
INSERT INTO SM_STATE
	VALUES ("ce73e8d7-46aa-4641-9129-4c25297564d1",
	"1d35c891-a86a-44de-96bc-a2231f7d12c0",
	"edb28e23-ebda-4d34-a4b5-74e837c72460",
	'FinishedFamily',
	2,
	0);
INSERT INTO SM_CH
	VALUES ("ce73e8d7-46aa-4641-9129-4c25297564d1",
	"66e98359-b905-4f94-852e-df86fde6f528",
	"1d35c891-a86a-44de-96bc-a2231f7d12c0",
	"edb28e23-ebda-4d34-a4b5-74e837c72460",
	'');
INSERT INTO SM_SEME
	VALUES ("ce73e8d7-46aa-4641-9129-4c25297564d1",
	"66e98359-b905-4f94-852e-df86fde6f528",
	"1d35c891-a86a-44de-96bc-a2231f7d12c0",
	"edb28e23-ebda-4d34-a4b5-74e837c72460");
INSERT INTO SM_SEME
	VALUES ("ce73e8d7-46aa-4641-9129-4c25297564d1",
	"93848d99-367e-478d-9c6a-2c0d838e49f1",
	"1d35c891-a86a-44de-96bc-a2231f7d12c0",
	"edb28e23-ebda-4d34-a4b5-74e837c72460");
INSERT INTO SM_STATE
	VALUES ("7211acf3-4835-4ebb-abd6-49e2163fe44f",
	"1d35c891-a86a-44de-96bc-a2231f7d12c0",
	"edb28e23-ebda-4d34-a4b5-74e837c72460",
	'FinishedChecks',
	3,
	0);
INSERT INTO SM_SEME
	VALUES ("7211acf3-4835-4ebb-abd6-49e2163fe44f",
	"66e98359-b905-4f94-852e-df86fde6f528",
	"1d35c891-a86a-44de-96bc-a2231f7d12c0",
	"edb28e23-ebda-4d34-a4b5-74e837c72460");
INSERT INTO SM_CH
	VALUES ("7211acf3-4835-4ebb-abd6-49e2163fe44f",
	"93848d99-367e-478d-9c6a-2c0d838e49f1",
	"1d35c891-a86a-44de-96bc-a2231f7d12c0",
	"edb28e23-ebda-4d34-a4b5-74e837c72460",
	'');
INSERT INTO SM_SEME
	VALUES ("7211acf3-4835-4ebb-abd6-49e2163fe44f",
	"93848d99-367e-478d-9c6a-2c0d838e49f1",
	"1d35c891-a86a-44de-96bc-a2231f7d12c0",
	"edb28e23-ebda-4d34-a4b5-74e837c72460");
INSERT INTO SM_STATE
	VALUES ("cba06532-0efa-48b1-a67d-58b092e1c7c3",
	"1d35c891-a86a-44de-96bc-a2231f7d12c0",
	"edb28e23-ebda-4d34-a4b5-74e837c72460",
	'End',
	4,
	0);
INSERT INTO SM_CH
	VALUES ("cba06532-0efa-48b1-a67d-58b092e1c7c3",
	"66e98359-b905-4f94-852e-df86fde6f528",
	"1d35c891-a86a-44de-96bc-a2231f7d12c0",
	"edb28e23-ebda-4d34-a4b5-74e837c72460",
	'');
INSERT INTO SM_SEME
	VALUES ("cba06532-0efa-48b1-a67d-58b092e1c7c3",
	"66e98359-b905-4f94-852e-df86fde6f528",
	"1d35c891-a86a-44de-96bc-a2231f7d12c0",
	"edb28e23-ebda-4d34-a4b5-74e837c72460");
INSERT INTO SM_CH
	VALUES ("cba06532-0efa-48b1-a67d-58b092e1c7c3",
	"93848d99-367e-478d-9c6a-2c0d838e49f1",
	"1d35c891-a86a-44de-96bc-a2231f7d12c0",
	"edb28e23-ebda-4d34-a4b5-74e837c72460",
	'');
INSERT INTO SM_SEME
	VALUES ("cba06532-0efa-48b1-a67d-58b092e1c7c3",
	"93848d99-367e-478d-9c6a-2c0d838e49f1",
	"1d35c891-a86a-44de-96bc-a2231f7d12c0",
	"edb28e23-ebda-4d34-a4b5-74e837c72460");
INSERT INTO SM_NSTXN
	VALUES ("1de90b45-83df-4f9b-ba32-ccba08254be5",
	"1d35c891-a86a-44de-96bc-a2231f7d12c0",
	"2acbf5d7-1dfc-402f-912d-934bcc6a6873",
	"66e98359-b905-4f94-852e-df86fde6f528",
	"edb28e23-ebda-4d34-a4b5-74e837c72460");
INSERT INTO SM_TXN
	VALUES ("1de90b45-83df-4f9b-ba32-ccba08254be5",
	"1d35c891-a86a-44de-96bc-a2231f7d12c0",
	"ce73e8d7-46aa-4641-9129-4c25297564d1",
	"edb28e23-ebda-4d34-a4b5-74e837c72460");
INSERT INTO SM_NSTXN
	VALUES ("045510c3-2760-4ac5-9246-04029b422045",
	"1d35c891-a86a-44de-96bc-a2231f7d12c0",
	"2acbf5d7-1dfc-402f-912d-934bcc6a6873",
	"93848d99-367e-478d-9c6a-2c0d838e49f1",
	"edb28e23-ebda-4d34-a4b5-74e837c72460");
INSERT INTO SM_TXN
	VALUES ("045510c3-2760-4ac5-9246-04029b422045",
	"1d35c891-a86a-44de-96bc-a2231f7d12c0",
	"7211acf3-4835-4ebb-abd6-49e2163fe44f",
	"edb28e23-ebda-4d34-a4b5-74e837c72460");
INSERT INTO SM_NSTXN
	VALUES ("380d41d6-fa1e-4639-ae38-734764e0b726",
	"1d35c891-a86a-44de-96bc-a2231f7d12c0",
	"ce73e8d7-46aa-4641-9129-4c25297564d1",
	"93848d99-367e-478d-9c6a-2c0d838e49f1",
	"edb28e23-ebda-4d34-a4b5-74e837c72460");
INSERT INTO SM_TXN
	VALUES ("380d41d6-fa1e-4639-ae38-734764e0b726",
	"1d35c891-a86a-44de-96bc-a2231f7d12c0",
	"cba06532-0efa-48b1-a67d-58b092e1c7c3",
	"edb28e23-ebda-4d34-a4b5-74e837c72460");
INSERT INTO SM_NSTXN
	VALUES ("d30a462d-f47d-4f8c-8c5f-e6d5ec589c71",
	"1d35c891-a86a-44de-96bc-a2231f7d12c0",
	"7211acf3-4835-4ebb-abd6-49e2163fe44f",
	"66e98359-b905-4f94-852e-df86fde6f528",
	"edb28e23-ebda-4d34-a4b5-74e837c72460");
INSERT INTO SM_TXN
	VALUES ("d30a462d-f47d-4f8c-8c5f-e6d5ec589c71",
	"1d35c891-a86a-44de-96bc-a2231f7d12c0",
	"cba06532-0efa-48b1-a67d-58b092e1c7c3",
	"edb28e23-ebda-4d34-a4b5-74e837c72460");
INSERT INTO SM_MOAH
	VALUES ("c088038f-a085-45f1-a6ac-313b6201f3dd",
	"1d35c891-a86a-44de-96bc-a2231f7d12c0",
	"2acbf5d7-1dfc-402f-912d-934bcc6a6873");
INSERT INTO SM_AH
	VALUES ("c088038f-a085-45f1-a6ac-313b6201f3dd",
	"1d35c891-a86a-44de-96bc-a2231f7d12c0");
INSERT INTO ACT_SAB
	VALUES ("8a21547f-df9b-4608-b538-1d1df422c1a0",
	"1d35c891-a86a-44de-96bc-a2231f7d12c0",
	"c088038f-a085-45f1-a6ac-313b6201f3dd");
INSERT INTO ACT_ACT
	VALUES ("8a21547f-df9b-4608-b538-1d1df422c1a0",
	'state',
	0,
	"00000000-0000-0000-0000-000000000000",
	"00000000-0000-0000-0000-000000000000",
	0,
	'TestControl::Start',
	"ac8fc9b1-b63d-45dd-869a-c0dc8cc5f2d3");
INSERT INTO SM_ACT
	VALUES ("c088038f-a085-45f1-a6ac-313b6201f3dd",
	"1d35c891-a86a-44de-96bc-a2231f7d12c0",
	1,
	'',
	'');
INSERT INTO SM_MOAH
	VALUES ("889862f8-c604-461e-aac0-7bd6dba8f2d8",
	"1d35c891-a86a-44de-96bc-a2231f7d12c0",
	"ce73e8d7-46aa-4641-9129-4c25297564d1");
INSERT INTO SM_AH
	VALUES ("889862f8-c604-461e-aac0-7bd6dba8f2d8",
	"1d35c891-a86a-44de-96bc-a2231f7d12c0");
INSERT INTO ACT_SAB
	VALUES ("9c533e2e-1ba6-499c-ab2e-a151bed9315a",
	"1d35c891-a86a-44de-96bc-a2231f7d12c0",
	"889862f8-c604-461e-aac0-7bd6dba8f2d8");
INSERT INTO ACT_ACT
	VALUES ("9c533e2e-1ba6-499c-ab2e-a151bed9315a",
	'state',
	0,
	"00000000-0000-0000-0000-000000000000",
	"00000000-0000-0000-0000-000000000000",
	0,
	'TestControl::FinishedFamily',
	"ccdd60fa-d464-485d-9851-6b660308e589");
INSERT INTO SM_ACT
	VALUES ("889862f8-c604-461e-aac0-7bd6dba8f2d8",
	"1d35c891-a86a-44de-96bc-a2231f7d12c0",
	1,
	'',
	'');
INSERT INTO SM_MOAH
	VALUES ("3fd6efe5-7c65-4cee-93a4-2cdf4c4c9681",
	"1d35c891-a86a-44de-96bc-a2231f7d12c0",
	"7211acf3-4835-4ebb-abd6-49e2163fe44f");
INSERT INTO SM_AH
	VALUES ("3fd6efe5-7c65-4cee-93a4-2cdf4c4c9681",
	"1d35c891-a86a-44de-96bc-a2231f7d12c0");
INSERT INTO ACT_SAB
	VALUES ("931b5311-8201-4973-829d-964cadbb35a8",
	"1d35c891-a86a-44de-96bc-a2231f7d12c0",
	"3fd6efe5-7c65-4cee-93a4-2cdf4c4c9681");
INSERT INTO ACT_ACT
	VALUES ("931b5311-8201-4973-829d-964cadbb35a8",
	'state',
	0,
	"00000000-0000-0000-0000-000000000000",
	"00000000-0000-0000-0000-000000000000",
	0,
	'TestControl::FinishedChecks',
	"17d86148-c368-4516-b3fe-130d20609cd8");
INSERT INTO SM_ACT
	VALUES ("3fd6efe5-7c65-4cee-93a4-2cdf4c4c9681",
	"1d35c891-a86a-44de-96bc-a2231f7d12c0",
	1,
	'',
	'');
INSERT INTO SM_MOAH
	VALUES ("955dfe98-3a12-4dd6-a940-0298bab325b1",
	"1d35c891-a86a-44de-96bc-a2231f7d12c0",
	"cba06532-0efa-48b1-a67d-58b092e1c7c3");
INSERT INTO SM_AH
	VALUES ("955dfe98-3a12-4dd6-a940-0298bab325b1",
	"1d35c891-a86a-44de-96bc-a2231f7d12c0");
INSERT INTO ACT_SAB
	VALUES ("db5431bc-e461-451c-8c2d-a475badf48ba",
	"1d35c891-a86a-44de-96bc-a2231f7d12c0",
	"955dfe98-3a12-4dd6-a940-0298bab325b1");
INSERT INTO ACT_ACT
	VALUES ("db5431bc-e461-451c-8c2d-a475badf48ba",
	'state',
	0,
	"00000000-0000-0000-0000-000000000000",
	"00000000-0000-0000-0000-000000000000",
	0,
	'TestControl::End',
	"1022b094-01b4-42da-b54f-df3a3059edc6");
INSERT INTO SM_ACT
	VALUES ("955dfe98-3a12-4dd6-a940-0298bab325b1",
	"1d35c891-a86a-44de-96bc-a2231f7d12c0",
	1,
	'::xit();',
	'');
INSERT INTO GD_MD
	VALUES ("8a134bff-ab28-4267-8ad0-a5b143e9b0e5",
	8,
	"1d35c891-a86a-44de-96bc-a2231f7d12c0",
	40,
	0,
	0,
	1,
	1,
	1,
	12,
	1,
	4578,
	3334,
	0,
	0,
	0);
INSERT INTO GD_GE
	VALUES ("9c1d79d1-7e1a-4419-bce0-2822082e0b3f",
	"8a134bff-ab28-4267-8ad0-a5b143e9b0e5",
	"2acbf5d7-1dfc-402f-912d-934bcc6a6873",
	41,
	0);
INSERT INTO GD_SHP
	VALUES ("9c1d79d1-7e1a-4419-bce0-2822082e0b3f");
INSERT INTO DIM_ND
	VALUES (120.000000,
	84.000000,
	"9c1d79d1-7e1a-4419-bce0-2822082e0b3f");
INSERT INTO DIM_GE
	VALUES (4296.000000,
	3036.000000,
	"9c1d79d1-7e1a-4419-bce0-2822082e0b3f",
	"00000000-0000-0000-0000-000000000000");
INSERT INTO DIM_ELE
	VALUES ("9c1d79d1-7e1a-4419-bce0-2822082e0b3f",
	0,
	"00000000-0000-0000-0000-000000000000");
INSERT INTO DIM_CON
	VALUES ("38120086-715d-47ea-bd3c-90d29ac6ac45",
	4296.000000,
	3078.000000,
	"9c1d79d1-7e1a-4419-bce0-2822082e0b3f");
INSERT INTO DIM_CON
	VALUES ("e94664aa-3d9f-48d0-acc4-a986fca5bc56",
	4416.000000,
	3072.000000,
	"9c1d79d1-7e1a-4419-bce0-2822082e0b3f");
INSERT INTO GD_GE
	VALUES ("0887a6c4-c1b0-451f-a5fd-01192197943f",
	"8a134bff-ab28-4267-8ad0-a5b143e9b0e5",
	"ce73e8d7-46aa-4641-9129-4c25297564d1",
	41,
	0);
INSERT INTO GD_SHP
	VALUES ("0887a6c4-c1b0-451f-a5fd-01192197943f");
INSERT INTO DIM_ND
	VALUES (120.000000,
	84.000000,
	"0887a6c4-c1b0-451f-a5fd-01192197943f");
INSERT INTO DIM_GE
	VALUES (4152.000000,
	3168.000000,
	"0887a6c4-c1b0-451f-a5fd-01192197943f",
	"00000000-0000-0000-0000-000000000000");
INSERT INTO DIM_ELE
	VALUES ("0887a6c4-c1b0-451f-a5fd-01192197943f",
	0,
	"00000000-0000-0000-0000-000000000000");
INSERT INTO DIM_CON
	VALUES ("9e3a5fcb-226f-407c-abc5-506e5856894f",
	4200.000000,
	3168.000000,
	"0887a6c4-c1b0-451f-a5fd-01192197943f");
INSERT INTO DIM_CON
	VALUES ("df6d5a21-04ad-46ed-8c5e-8b20eaf4470a",
	4212.000000,
	3252.000000,
	"0887a6c4-c1b0-451f-a5fd-01192197943f");
INSERT INTO GD_GE
	VALUES ("b9d32525-fed1-4326-ac17-9b29f94347ab",
	"8a134bff-ab28-4267-8ad0-a5b143e9b0e5",
	"7211acf3-4835-4ebb-abd6-49e2163fe44f",
	41,
	0);
INSERT INTO GD_SHP
	VALUES ("b9d32525-fed1-4326-ac17-9b29f94347ab");
INSERT INTO DIM_ND
	VALUES (144.000000,
	96.000000,
	"b9d32525-fed1-4326-ac17-9b29f94347ab");
INSERT INTO DIM_GE
	VALUES (4452.000000,
	3156.000000,
	"b9d32525-fed1-4326-ac17-9b29f94347ab",
	"00000000-0000-0000-0000-000000000000");
INSERT INTO DIM_ELE
	VALUES ("b9d32525-fed1-4326-ac17-9b29f94347ab",
	0,
	"00000000-0000-0000-0000-000000000000");
INSERT INTO DIM_CON
	VALUES ("d3eb4a00-992c-4be9-8f56-3fd006950886",
	4518.000000,
	3156.000000,
	"b9d32525-fed1-4326-ac17-9b29f94347ab");
INSERT INTO DIM_CON
	VALUES ("1c363b0d-957a-4ab8-8897-80221119c58b",
	4518.000000,
	3252.000000,
	"b9d32525-fed1-4326-ac17-9b29f94347ab");
INSERT INTO GD_GE
	VALUES ("634550d6-2360-4a39-a225-024a0d0af5df",
	"8a134bff-ab28-4267-8ad0-a5b143e9b0e5",
	"cba06532-0efa-48b1-a67d-58b092e1c7c3",
	41,
	0);
INSERT INTO GD_SHP
	VALUES ("634550d6-2360-4a39-a225-024a0d0af5df");
INSERT INTO DIM_ND
	VALUES (144.000000,
	84.000000,
	"634550d6-2360-4a39-a225-024a0d0af5df");
INSERT INTO DIM_GE
	VALUES (4296.000000,
	3300.000000,
	"634550d6-2360-4a39-a225-024a0d0af5df",
	"00000000-0000-0000-0000-000000000000");
INSERT INTO DIM_ELE
	VALUES ("634550d6-2360-4a39-a225-024a0d0af5df",
	0,
	"00000000-0000-0000-0000-000000000000");
INSERT INTO DIM_CON
	VALUES ("4d4ced7b-75bc-4770-a8b0-e2109074ae89",
	4296.000000,
	3336.000000,
	"634550d6-2360-4a39-a225-024a0d0af5df");
INSERT INTO DIM_CON
	VALUES ("2ef625f0-a5c3-4ff2-8f81-b98e31d4f48d",
	4440.000000,
	3336.000000,
	"634550d6-2360-4a39-a225-024a0d0af5df");
INSERT INTO GD_GE
	VALUES ("5b1e9bfb-4be6-4dea-bf46-c68fad66791e",
	"8a134bff-ab28-4267-8ad0-a5b143e9b0e5",
	"1de90b45-83df-4f9b-ba32-ccba08254be5",
	42,
	0);
INSERT INTO GD_CON
	VALUES ("5b1e9bfb-4be6-4dea-bf46-c68fad66791e",
	"00000000-0000-0000-0000-000000000000");
INSERT INTO GD_CTXT
	VALUES ("d37a8db3-1f4a-464c-8b54-c7f20848a719",
	"5b1e9bfb-4be6-4dea-bf46-c68fad66791e",
	1,
	0.000000,
	0.000000);
INSERT INTO DIM_ND
	VALUES (0.000000,
	0.000000,
	"d37a8db3-1f4a-464c-8b54-c7f20848a719");
INSERT INTO DIM_GE
	VALUES (0.000000,
	0.000000,
	"d37a8db3-1f4a-464c-8b54-c7f20848a719",
	"00000000-0000-0000-0000-000000000000");
INSERT INTO DIM_ELE
	VALUES ("d37a8db3-1f4a-464c-8b54-c7f20848a719",
	0,
	"00000000-0000-0000-0000-000000000000");
INSERT INTO GD_CTXT
	VALUES ("045b4abe-93f4-459a-8885-18b3ed1f4b44",
	"5b1e9bfb-4be6-4dea-bf46-c68fad66791e",
	3,
	0.000000,
	0.000000);
INSERT INTO DIM_ND
	VALUES (64.000000,
	38.000000,
	"045b4abe-93f4-459a-8885-18b3ed1f4b44");
INSERT INTO DIM_GE
	VALUES (4140.000000,
	3029.000000,
	"045b4abe-93f4-459a-8885-18b3ed1f4b44",
	"00000000-0000-0000-0000-000000000000");
INSERT INTO DIM_ELE
	VALUES ("045b4abe-93f4-459a-8885-18b3ed1f4b44",
	0,
	"00000000-0000-0000-0000-000000000000");
INSERT INTO GD_CTXT
	VALUES ("64ea7709-1751-44ff-b09b-ed2bd1a878f7",
	"5b1e9bfb-4be6-4dea-bf46-c68fad66791e",
	2,
	0.000000,
	0.000000);
INSERT INTO DIM_ND
	VALUES (0.000000,
	0.000000,
	"64ea7709-1751-44ff-b09b-ed2bd1a878f7");
INSERT INTO DIM_GE
	VALUES (0.000000,
	0.000000,
	"64ea7709-1751-44ff-b09b-ed2bd1a878f7",
	"00000000-0000-0000-0000-000000000000");
INSERT INTO DIM_ELE
	VALUES ("64ea7709-1751-44ff-b09b-ed2bd1a878f7",
	0,
	"00000000-0000-0000-0000-000000000000");
INSERT INTO GD_LS
	VALUES ("260db216-269b-41b2-aea7-08ddbb658139",
	"5b1e9bfb-4be6-4dea-bf46-c68fad66791e",
	"00000000-0000-0000-0000-000000000000",
	"d3eb2517-e9b0-4ca1-a6c7-b10d4c049502",
	"53a9f4ef-7b0e-4116-9c66-ef25a61a17b4");
INSERT INTO GD_LS
	VALUES ("ef8afe28-177c-4120-a5e4-ce9d0e43545e",
	"5b1e9bfb-4be6-4dea-bf46-c68fad66791e",
	"260db216-269b-41b2-aea7-08ddbb658139",
	"53a9f4ef-7b0e-4116-9c66-ef25a61a17b4",
	"6affb888-9394-4729-af09-4a0e786b1c46");
INSERT INTO DIM_WAY
	VALUES ("d3eb2517-e9b0-4ca1-a6c7-b10d4c049502",
	4296.000000,
	3078.000000,
	"5b1e9bfb-4be6-4dea-bf46-c68fad66791e",
	"00000000-0000-0000-0000-000000000000",
	"00000000-0000-0000-0000-000000000000");
INSERT INTO DIM_WAY
	VALUES ("53a9f4ef-7b0e-4116-9c66-ef25a61a17b4",
	4200.000000,
	3078.000000,
	"5b1e9bfb-4be6-4dea-bf46-c68fad66791e",
	"00000000-0000-0000-0000-000000000000",
	"d3eb2517-e9b0-4ca1-a6c7-b10d4c049502");
INSERT INTO DIM_WAY
	VALUES ("6affb888-9394-4729-af09-4a0e786b1c46",
	4200.000000,
	3168.000000,
	"5b1e9bfb-4be6-4dea-bf46-c68fad66791e",
	"00000000-0000-0000-0000-000000000000",
	"53a9f4ef-7b0e-4116-9c66-ef25a61a17b4");
INSERT INTO DIM_GE
	VALUES (0.000000,
	0.000000,
	"5b1e9bfb-4be6-4dea-bf46-c68fad66791e",
	"00000000-0000-0000-0000-000000000000");
INSERT INTO DIM_ELE
	VALUES ("5b1e9bfb-4be6-4dea-bf46-c68fad66791e",
	0,
	"00000000-0000-0000-0000-000000000000");
INSERT INTO DIM_ED
	VALUES ("38120086-715d-47ea-bd3c-90d29ac6ac45",
	"9e3a5fcb-226f-407c-abc5-506e5856894f",
	"5b1e9bfb-4be6-4dea-bf46-c68fad66791e");
INSERT INTO GD_GE
	VALUES ("7578a0b9-f9ea-492d-8221-ba16ec840e1e",
	"8a134bff-ab28-4267-8ad0-a5b143e9b0e5",
	"045510c3-2760-4ac5-9246-04029b422045",
	42,
	0);
INSERT INTO GD_CON
	VALUES ("7578a0b9-f9ea-492d-8221-ba16ec840e1e",
	"00000000-0000-0000-0000-000000000000");
INSERT INTO GD_CTXT
	VALUES ("bcd9ab9c-85b9-4b21-b160-76463330ea5d",
	"7578a0b9-f9ea-492d-8221-ba16ec840e1e",
	1,
	0.000000,
	0.000000);
INSERT INTO DIM_ND
	VALUES (0.000000,
	0.000000,
	"bcd9ab9c-85b9-4b21-b160-76463330ea5d");
INSERT INTO DIM_GE
	VALUES (0.000000,
	0.000000,
	"bcd9ab9c-85b9-4b21-b160-76463330ea5d",
	"00000000-0000-0000-0000-000000000000");
INSERT INTO DIM_ELE
	VALUES ("bcd9ab9c-85b9-4b21-b160-76463330ea5d",
	0,
	"00000000-0000-0000-0000-000000000000");
INSERT INTO GD_CTXT
	VALUES ("6379250a-59d2-4fd6-a4ac-8f4f1c5dffa1",
	"7578a0b9-f9ea-492d-8221-ba16ec840e1e",
	3,
	0.000000,
	0.000000);
INSERT INTO DIM_ND
	VALUES (64.000000,
	38.000000,
	"6379250a-59d2-4fd6-a4ac-8f4f1c5dffa1");
INSERT INTO DIM_GE
	VALUES (4435.000000,
	3024.000000,
	"6379250a-59d2-4fd6-a4ac-8f4f1c5dffa1",
	"00000000-0000-0000-0000-000000000000");
INSERT INTO DIM_ELE
	VALUES ("6379250a-59d2-4fd6-a4ac-8f4f1c5dffa1",
	0,
	"00000000-0000-0000-0000-000000000000");
INSERT INTO GD_CTXT
	VALUES ("c724485d-fd97-4a9c-8a48-8fdcabc31ed2",
	"7578a0b9-f9ea-492d-8221-ba16ec840e1e",
	2,
	0.000000,
	0.000000);
INSERT INTO DIM_ND
	VALUES (0.000000,
	0.000000,
	"c724485d-fd97-4a9c-8a48-8fdcabc31ed2");
INSERT INTO DIM_GE
	VALUES (0.000000,
	0.000000,
	"c724485d-fd97-4a9c-8a48-8fdcabc31ed2",
	"00000000-0000-0000-0000-000000000000");
INSERT INTO DIM_ELE
	VALUES ("c724485d-fd97-4a9c-8a48-8fdcabc31ed2",
	0,
	"00000000-0000-0000-0000-000000000000");
INSERT INTO GD_LS
	VALUES ("3c1bc649-f0b8-43ff-8299-d78bf1f2d8e9",
	"7578a0b9-f9ea-492d-8221-ba16ec840e1e",
	"00000000-0000-0000-0000-000000000000",
	"e41b6727-07ed-4444-b7f3-67ce0f87731a",
	"242e3019-5163-42ba-b078-fb3e850d14e2");
INSERT INTO GD_LS
	VALUES ("e9da7568-f216-4a9c-84a7-da0bf8d0170d",
	"7578a0b9-f9ea-492d-8221-ba16ec840e1e",
	"3c1bc649-f0b8-43ff-8299-d78bf1f2d8e9",
	"242e3019-5163-42ba-b078-fb3e850d14e2",
	"41926561-43d4-4e59-8719-30ebdb227449");
INSERT INTO DIM_WAY
	VALUES ("e41b6727-07ed-4444-b7f3-67ce0f87731a",
	4416.000000,
	3072.000000,
	"7578a0b9-f9ea-492d-8221-ba16ec840e1e",
	"00000000-0000-0000-0000-000000000000",
	"00000000-0000-0000-0000-000000000000");
INSERT INTO DIM_WAY
	VALUES ("242e3019-5163-42ba-b078-fb3e850d14e2",
	4518.000000,
	3072.000000,
	"7578a0b9-f9ea-492d-8221-ba16ec840e1e",
	"00000000-0000-0000-0000-000000000000",
	"e41b6727-07ed-4444-b7f3-67ce0f87731a");
INSERT INTO DIM_WAY
	VALUES ("41926561-43d4-4e59-8719-30ebdb227449",
	4518.000000,
	3156.000000,
	"7578a0b9-f9ea-492d-8221-ba16ec840e1e",
	"00000000-0000-0000-0000-000000000000",
	"242e3019-5163-42ba-b078-fb3e850d14e2");
INSERT INTO DIM_GE
	VALUES (0.000000,
	0.000000,
	"7578a0b9-f9ea-492d-8221-ba16ec840e1e",
	"00000000-0000-0000-0000-000000000000");
INSERT INTO DIM_ELE
	VALUES ("7578a0b9-f9ea-492d-8221-ba16ec840e1e",
	0,
	"00000000-0000-0000-0000-000000000000");
INSERT INTO DIM_ED
	VALUES ("e94664aa-3d9f-48d0-acc4-a986fca5bc56",
	"d3eb4a00-992c-4be9-8f56-3fd006950886",
	"7578a0b9-f9ea-492d-8221-ba16ec840e1e");
INSERT INTO GD_GE
	VALUES ("dd5c3d7b-46f7-4793-bba4-60eea459eac8",
	"8a134bff-ab28-4267-8ad0-a5b143e9b0e5",
	"380d41d6-fa1e-4639-ae38-734764e0b726",
	42,
	0);
INSERT INTO GD_CON
	VALUES ("dd5c3d7b-46f7-4793-bba4-60eea459eac8",
	"00000000-0000-0000-0000-000000000000");
INSERT INTO GD_CTXT
	VALUES ("456ed381-40ed-4f49-8842-533fbdca5c22",
	"dd5c3d7b-46f7-4793-bba4-60eea459eac8",
	1,
	0.000000,
	0.000000);
INSERT INTO DIM_ND
	VALUES (0.000000,
	0.000000,
	"456ed381-40ed-4f49-8842-533fbdca5c22");
INSERT INTO DIM_GE
	VALUES (0.000000,
	0.000000,
	"456ed381-40ed-4f49-8842-533fbdca5c22",
	"00000000-0000-0000-0000-000000000000");
INSERT INTO DIM_ELE
	VALUES ("456ed381-40ed-4f49-8842-533fbdca5c22",
	0,
	"00000000-0000-0000-0000-000000000000");
INSERT INTO GD_CTXT
	VALUES ("08b49437-22fe-4ed5-b59b-3afc3f2b2ffa",
	"dd5c3d7b-46f7-4793-bba4-60eea459eac8",
	3,
	0.000000,
	0.000000);
INSERT INTO DIM_ND
	VALUES (64.000000,
	38.000000,
	"08b49437-22fe-4ed5-b59b-3afc3f2b2ffa");
INSERT INTO DIM_GE
	VALUES (4116.000000,
	3327.000000,
	"08b49437-22fe-4ed5-b59b-3afc3f2b2ffa",
	"00000000-0000-0000-0000-000000000000");
INSERT INTO DIM_ELE
	VALUES ("08b49437-22fe-4ed5-b59b-3afc3f2b2ffa",
	0,
	"00000000-0000-0000-0000-000000000000");
INSERT INTO GD_CTXT
	VALUES ("61a55219-7720-4ea6-88e8-5df7ca1b6dd3",
	"dd5c3d7b-46f7-4793-bba4-60eea459eac8",
	2,
	0.000000,
	0.000000);
INSERT INTO DIM_ND
	VALUES (0.000000,
	0.000000,
	"61a55219-7720-4ea6-88e8-5df7ca1b6dd3");
INSERT INTO DIM_GE
	VALUES (0.000000,
	0.000000,
	"61a55219-7720-4ea6-88e8-5df7ca1b6dd3",
	"00000000-0000-0000-0000-000000000000");
INSERT INTO DIM_ELE
	VALUES ("61a55219-7720-4ea6-88e8-5df7ca1b6dd3",
	0,
	"00000000-0000-0000-0000-000000000000");
INSERT INTO GD_LS
	VALUES ("072eaa27-de0e-4cfc-97f1-ca1d3456605a",
	"dd5c3d7b-46f7-4793-bba4-60eea459eac8",
	"00000000-0000-0000-0000-000000000000",
	"9154b526-e505-47c5-97a7-de193dc2d82f",
	"41e99f27-3ded-4895-9d1e-5118911b3d7b");
INSERT INTO GD_LS
	VALUES ("0ab9dd6e-8fe7-4408-851f-a19ec2358da5",
	"dd5c3d7b-46f7-4793-bba4-60eea459eac8",
	"072eaa27-de0e-4cfc-97f1-ca1d3456605a",
	"41e99f27-3ded-4895-9d1e-5118911b3d7b",
	"4208f4c7-100b-413a-84de-82a2965ffaf8");
INSERT INTO DIM_WAY
	VALUES ("9154b526-e505-47c5-97a7-de193dc2d82f",
	4212.000000,
	3252.000000,
	"dd5c3d7b-46f7-4793-bba4-60eea459eac8",
	"00000000-0000-0000-0000-000000000000",
	"00000000-0000-0000-0000-000000000000");
INSERT INTO DIM_WAY
	VALUES ("41e99f27-3ded-4895-9d1e-5118911b3d7b",
	4212.000000,
	3336.000000,
	"dd5c3d7b-46f7-4793-bba4-60eea459eac8",
	"00000000-0000-0000-0000-000000000000",
	"9154b526-e505-47c5-97a7-de193dc2d82f");
INSERT INTO DIM_WAY
	VALUES ("4208f4c7-100b-413a-84de-82a2965ffaf8",
	4296.000000,
	3336.000000,
	"dd5c3d7b-46f7-4793-bba4-60eea459eac8",
	"00000000-0000-0000-0000-000000000000",
	"41e99f27-3ded-4895-9d1e-5118911b3d7b");
INSERT INTO DIM_GE
	VALUES (0.000000,
	0.000000,
	"dd5c3d7b-46f7-4793-bba4-60eea459eac8",
	"00000000-0000-0000-0000-000000000000");
INSERT INTO DIM_ELE
	VALUES ("dd5c3d7b-46f7-4793-bba4-60eea459eac8",
	0,
	"00000000-0000-0000-0000-000000000000");
INSERT INTO DIM_ED
	VALUES ("df6d5a21-04ad-46ed-8c5e-8b20eaf4470a",
	"4d4ced7b-75bc-4770-a8b0-e2109074ae89",
	"dd5c3d7b-46f7-4793-bba4-60eea459eac8");
INSERT INTO GD_GE
	VALUES ("fb4485aa-89e0-403c-b8da-b89727057e48",
	"8a134bff-ab28-4267-8ad0-a5b143e9b0e5",
	"d30a462d-f47d-4f8c-8c5f-e6d5ec589c71",
	42,
	0);
INSERT INTO GD_CON
	VALUES ("fb4485aa-89e0-403c-b8da-b89727057e48",
	"00000000-0000-0000-0000-000000000000");
INSERT INTO GD_CTXT
	VALUES ("8e54d9ad-ee92-4283-a523-ef65a5a501a8",
	"fb4485aa-89e0-403c-b8da-b89727057e48",
	1,
	0.000000,
	0.000000);
INSERT INTO DIM_ND
	VALUES (0.000000,
	0.000000,
	"8e54d9ad-ee92-4283-a523-ef65a5a501a8");
INSERT INTO DIM_GE
	VALUES (0.000000,
	0.000000,
	"8e54d9ad-ee92-4283-a523-ef65a5a501a8",
	"00000000-0000-0000-0000-000000000000");
INSERT INTO DIM_ELE
	VALUES ("8e54d9ad-ee92-4283-a523-ef65a5a501a8",
	0,
	"00000000-0000-0000-0000-000000000000");
INSERT INTO GD_CTXT
	VALUES ("021d7dfa-3803-4f59-888a-b44df8ba041f",
	"fb4485aa-89e0-403c-b8da-b89727057e48",
	3,
	0.000000,
	0.000000);
INSERT INTO DIM_ND
	VALUES (64.000000,
	38.000000,
	"021d7dfa-3803-4f59-888a-b44df8ba041f");
INSERT INTO DIM_GE
	VALUES (4529.500000,
	3274.000000,
	"021d7dfa-3803-4f59-888a-b44df8ba041f",
	"00000000-0000-0000-0000-000000000000");
INSERT INTO DIM_ELE
	VALUES ("021d7dfa-3803-4f59-888a-b44df8ba041f",
	0,
	"00000000-0000-0000-0000-000000000000");
INSERT INTO GD_CTXT
	VALUES ("a699fcbc-a84a-4fa2-9e03-f58f08d750e5",
	"fb4485aa-89e0-403c-b8da-b89727057e48",
	2,
	0.000000,
	0.000000);
INSERT INTO DIM_ND
	VALUES (0.000000,
	0.000000,
	"a699fcbc-a84a-4fa2-9e03-f58f08d750e5");
INSERT INTO DIM_GE
	VALUES (0.000000,
	0.000000,
	"a699fcbc-a84a-4fa2-9e03-f58f08d750e5",
	"00000000-0000-0000-0000-000000000000");
INSERT INTO DIM_ELE
	VALUES ("a699fcbc-a84a-4fa2-9e03-f58f08d750e5",
	0,
	"00000000-0000-0000-0000-000000000000");
INSERT INTO GD_LS
	VALUES ("8cf6b273-abaf-4c0b-9ad3-21ff7c71621d",
	"fb4485aa-89e0-403c-b8da-b89727057e48",
	"00000000-0000-0000-0000-000000000000",
	"34ec10e5-bec7-4a73-a70a-08af1d349601",
	"019027c9-5ba8-46e7-9a5d-cab573b66b64");
INSERT INTO GD_LS
	VALUES ("8d7d713c-1c64-4987-9180-d66c5adb8dc0",
	"fb4485aa-89e0-403c-b8da-b89727057e48",
	"8cf6b273-abaf-4c0b-9ad3-21ff7c71621d",
	"019027c9-5ba8-46e7-9a5d-cab573b66b64",
	"8b63a0cc-abc7-4473-aabe-f5eee9f4ec4b");
INSERT INTO DIM_WAY
	VALUES ("34ec10e5-bec7-4a73-a70a-08af1d349601",
	4518.000000,
	3252.000000,
	"fb4485aa-89e0-403c-b8da-b89727057e48",
	"00000000-0000-0000-0000-000000000000",
	"00000000-0000-0000-0000-000000000000");
INSERT INTO DIM_WAY
	VALUES ("019027c9-5ba8-46e7-9a5d-cab573b66b64",
	4518.000000,
	3336.000000,
	"fb4485aa-89e0-403c-b8da-b89727057e48",
	"00000000-0000-0000-0000-000000000000",
	"34ec10e5-bec7-4a73-a70a-08af1d349601");
INSERT INTO DIM_WAY
	VALUES ("8b63a0cc-abc7-4473-aabe-f5eee9f4ec4b",
	4440.000000,
	3336.000000,
	"fb4485aa-89e0-403c-b8da-b89727057e48",
	"00000000-0000-0000-0000-000000000000",
	"00000000-0000-0000-0000-000000000000");
INSERT INTO DIM_GE
	VALUES (0.000000,
	0.000000,
	"fb4485aa-89e0-403c-b8da-b89727057e48",
	"00000000-0000-0000-0000-000000000000");
INSERT INTO DIM_ELE
	VALUES ("fb4485aa-89e0-403c-b8da-b89727057e48",
	0,
	"00000000-0000-0000-0000-000000000000");
INSERT INTO DIM_ED
	VALUES ("1c363b0d-957a-4ab8-8897-80221119c58b",
	"2ef625f0-a5c3-4ff2-8f81-b98e31d4f48d",
	"fb4485aa-89e0-403c-b8da-b89727057e48");
INSERT INTO DIM_DIA
	VALUES ("8a134bff-ab28-4267-8ad0-a5b143e9b0e5",
	'',
	1.000000,
	4000.000000,
	2976.000000,
	"00000000-0000-0000-0000-000000000000");
INSERT INTO GD_MD
	VALUES ("98825863-ba56-421c-a0e1-efa35f7a8830",
	5,
	"33b7254f-34a0-43f8-8814-707365fc0811",
	11,
	0,
	0,
	1,
	1,
	1,
	12,
	1,
	0,
	0,
	0,
	0,
	0);
INSERT INTO GD_GE
	VALUES ("1747117c-cd8e-4fb4-975b-e44c34ec7905",
	"98825863-ba56-421c-a0e1-efa35f7a8830",
	"ab3149b0-65f7-45e0-bc10-1da36539c13c",
	21,
	0);
INSERT INTO GD_SHP
	VALUES ("1747117c-cd8e-4fb4-975b-e44c34ec7905");
INSERT INTO DIM_ND
	VALUES (168.000000,
	132.000000,
	"1747117c-cd8e-4fb4-975b-e44c34ec7905");
INSERT INTO DIM_GE
	VALUES (4200.000000,
	3072.000000,
	"1747117c-cd8e-4fb4-975b-e44c34ec7905",
	"00000000-0000-0000-0000-000000000000");
INSERT INTO DIM_ELE
	VALUES ("1747117c-cd8e-4fb4-975b-e44c34ec7905",
	0,
	"00000000-0000-0000-0000-000000000000");
INSERT INTO GD_GE
	VALUES ("2f3c562d-26f3-4fd6-98a5-28e1b262605d",
	"98825863-ba56-421c-a0e1-efa35f7a8830",
	"6d1350c3-a10b-4768-8428-c063129f13a9",
	21,
	0);
INSERT INTO GD_SHP
	VALUES ("2f3c562d-26f3-4fd6-98a5-28e1b262605d");
INSERT INTO DIM_ND
	VALUES (144.000000,
	132.000000,
	"2f3c562d-26f3-4fd6-98a5-28e1b262605d");
INSERT INTO DIM_GE
	VALUES (4536.000000,
	3072.000000,
	"2f3c562d-26f3-4fd6-98a5-28e1b262605d",
	"00000000-0000-0000-0000-000000000000");
INSERT INTO DIM_ELE
	VALUES ("2f3c562d-26f3-4fd6-98a5-28e1b262605d",
	0,
	"00000000-0000-0000-0000-000000000000");
INSERT INTO GD_GE
	VALUES ("7976fd46-5873-4966-9679-cdee88115fc8",
	"98825863-ba56-421c-a0e1-efa35f7a8830",
	"707dd381-c134-49c4-8966-571a9df5c852",
	21,
	0);
INSERT INTO GD_SHP
	VALUES ("7976fd46-5873-4966-9679-cdee88115fc8");
INSERT INTO DIM_ND
	VALUES (200.000000,
	150.000000,
	"7976fd46-5873-4966-9679-cdee88115fc8");
INSERT INTO DIM_GE
	VALUES (4200.000000,
	3252.000000,
	"7976fd46-5873-4966-9679-cdee88115fc8",
	"00000000-0000-0000-0000-000000000000");
INSERT INTO DIM_ELE
	VALUES ("7976fd46-5873-4966-9679-cdee88115fc8",
	0,
	"00000000-0000-0000-0000-000000000000");
INSERT INTO DIM_DIA
	VALUES ("98825863-ba56-421c-a0e1-efa35f7a8830",
	'',
	1.000000,
	4000.000000,
	3000.000000,
	"00000000-0000-0000-0000-000000000000");
INSERT INTO PL_EEPID
	VALUES ("19450ed8-0d9a-4e6f-bd79-44bf244e7937",
	"5f7d6222-1d72-449f-bfab-5ee4cd9e52b5");
INSERT INTO PL_FPID
	VALUES ("37769271-2aa6-40bd-ab34-a4f438e6328d",
	"19450ed8-0d9a-4e6f-bd79-44bf244e7937");
