-- BP 6.1D content: domain syschar: 3

INSERT INTO S_DOM
	VALUES (242699,
	'syntax',
	'This domain tests all of the various syntaxes for generating events, with and without: parens, supplemental data, and event meaning.  All combinations and using all events (assigner, instance based, and creation events).

There are also some additional tests:

Optional ASSIGN uses the assign keyword to initialize a variable and then adds to the variable without the assign.

Optional BRIDGE calls a bridge using the bridge keyword.

Optional TRANSFORMER uses the transform keyword to invoke a transformer.  This test will fail if the architecture translates the transformer action spec.  NOTE: Model Verifier always uses the transformer action spec, and therefore throws an error.  It is safe to ignore this error while running the test in Model Verifier.
',
	0,
	1);
INSERT INTO S_CDT
	VALUES (524289,
	0);
INSERT INTO S_DT
	VALUES (524289,
	242699,
	'void',
	'');
INSERT INTO S_CDT
	VALUES (524290,
	1);
INSERT INTO S_DT
	VALUES (524290,
	242699,
	'boolean',
	'');
INSERT INTO S_CDT
	VALUES (524291,
	2);
INSERT INTO S_DT
	VALUES (524291,
	242699,
	'integer',
	'');
INSERT INTO S_CDT
	VALUES (524292,
	3);
INSERT INTO S_DT
	VALUES (524292,
	242699,
	'real',
	'');
INSERT INTO S_CDT
	VALUES (524293,
	4);
INSERT INTO S_DT
	VALUES (524293,
	242699,
	'string',
	'');
INSERT INTO S_CDT
	VALUES (524294,
	5);
INSERT INTO S_DT
	VALUES (524294,
	242699,
	'unique_id',
	'');
INSERT INTO S_CDT
	VALUES (524295,
	6);
INSERT INTO S_DT
	VALUES (524295,
	242699,
	'state<State_Model>',
	'');
INSERT INTO S_CDT
	VALUES (524296,
	7);
INSERT INTO S_DT
	VALUES (524296,
	242699,
	'same_as<Base_Attribute>',
	'');
INSERT INTO S_CDT
	VALUES (524297,
	8);
INSERT INTO S_DT
	VALUES (524297,
	242699,
	'inst_ref<Object>',
	'');
INSERT INTO S_CDT
	VALUES (524298,
	9);
INSERT INTO S_DT
	VALUES (524298,
	242699,
	'inst_ref_set<Object>',
	'');
INSERT INTO S_CDT
	VALUES (524299,
	10);
INSERT INTO S_DT
	VALUES (524299,
	242699,
	'inst<Event>',
	'');
INSERT INTO S_CDT
	VALUES (524300,
	11);
INSERT INTO S_DT
	VALUES (524300,
	242699,
	'inst<Mapping>',
	'');
INSERT INTO S_CDT
	VALUES (524301,
	12);
INSERT INTO S_DT
	VALUES (524301,
	242699,
	'inst_ref<Mapping>',
	'');
INSERT INTO S_UDT
	VALUES (524302,
	524300,
	1);
INSERT INTO S_DT
	VALUES (524302,
	242699,
	'date',
	'');
INSERT INTO S_UDT
	VALUES (524303,
	524300,
	2);
INSERT INTO S_DT
	VALUES (524303,
	242699,
	'timestamp',
	'');
INSERT INTO S_UDT
	VALUES (524304,
	524301,
	3);
INSERT INTO S_DT
	VALUES (524304,
	242699,
	'inst_ref<Timer>',
	'');
INSERT INTO S_EE
	VALUES (524290,
	'Logging ',
	'',
	'LOG',
	242699);
INSERT INTO S_BRG
	VALUES (524304,
	524290,
	'LogSuccess',
	'',
	0,
	524289,
	'',
	1);
INSERT INTO S_BPARM
	VALUES (524311,
	524304,
	'message',
	524293,
	0);
INSERT INTO S_BRG
	VALUES (524305,
	524290,
	'LogFailure',
	'',
	0,
	524289,
	'',
	1);
INSERT INTO S_BPARM
	VALUES (524312,
	524305,
	'message',
	524293,
	0);
INSERT INTO S_BRG
	VALUES (524306,
	524290,
	'LogInfo',
	'',
	0,
	524289,
	'',
	1);
INSERT INTO S_BPARM
	VALUES (524313,
	524306,
	'message',
	524293,
	0);
INSERT INTO S_EE
	VALUES (524291,
	'Time',
	'',
	'TIM',
	242699);
INSERT INTO S_BRG
	VALUES (524307,
	524291,
	'current_date',
	'',
	1,
	524302,
	'',
	0);
INSERT INTO S_BRG
	VALUES (524308,
	524291,
	'create_date',
	'',
	1,
	524302,
	'',
	0);
INSERT INTO S_BPARM
	VALUES (524314,
	524308,
	'second',
	524291,
	0);
INSERT INTO S_BPARM
	VALUES (524315,
	524308,
	'minute',
	524291,
	0);
INSERT INTO S_BPARM
	VALUES (524316,
	524308,
	'hour',
	524291,
	0);
INSERT INTO S_BPARM
	VALUES (524317,
	524308,
	'day',
	524291,
	0);
INSERT INTO S_BPARM
	VALUES (524318,
	524308,
	'month',
	524291,
	0);
INSERT INTO S_BPARM
	VALUES (524319,
	524308,
	'year',
	524291,
	0);
INSERT INTO S_BRG
	VALUES (524309,
	524291,
	'get_second',
	'',
	1,
	524291,
	'',
	0);
INSERT INTO S_BPARM
	VALUES (524320,
	524309,
	'date',
	524302,
	0);
INSERT INTO S_BRG
	VALUES (524310,
	524291,
	'get_minute',
	'',
	1,
	524291,
	'',
	0);
INSERT INTO S_BPARM
	VALUES (524321,
	524310,
	'date',
	524302,
	0);
INSERT INTO S_BRG
	VALUES (524311,
	524291,
	'get_hour',
	'',
	1,
	524291,
	'',
	0);
INSERT INTO S_BPARM
	VALUES (524322,
	524311,
	'date',
	524302,
	0);
INSERT INTO S_BRG
	VALUES (524312,
	524291,
	'get_day',
	'',
	1,
	524291,
	'',
	0);
INSERT INTO S_BPARM
	VALUES (524323,
	524312,
	'date',
	524302,
	0);
INSERT INTO S_BRG
	VALUES (524313,
	524291,
	'get_month',
	'',
	1,
	524291,
	'',
	0);
INSERT INTO S_BPARM
	VALUES (524324,
	524313,
	'date',
	524302,
	0);
INSERT INTO S_BRG
	VALUES (524314,
	524291,
	'get_year',
	'',
	1,
	524291,
	'',
	0);
INSERT INTO S_BPARM
	VALUES (524325,
	524314,
	'date',
	524302,
	0);
INSERT INTO S_BRG
	VALUES (524315,
	524291,
	'current_clock',
	'',
	1,
	524303,
	'',
	0);
INSERT INTO S_BRG
	VALUES (524316,
	524291,
	'timer_start',
	'',
	1,
	524304,
	'',
	0);
INSERT INTO S_BPARM
	VALUES (524326,
	524316,
	'microseconds',
	524291,
	0);
INSERT INTO S_BPARM
	VALUES (524327,
	524316,
	'event_inst',
	524299,
	0);
INSERT INTO S_BRG
	VALUES (524317,
	524291,
	'timer_start_recurring',
	'',
	1,
	524304,
	'',
	0);
INSERT INTO S_BPARM
	VALUES (524328,
	524317,
	'microseconds',
	524291,
	0);
INSERT INTO S_BPARM
	VALUES (524329,
	524317,
	'event_inst',
	524299,
	0);
INSERT INTO S_BRG
	VALUES (524318,
	524291,
	'timer_remaining_time',
	'',
	1,
	524291,
	'',
	0);
INSERT INTO S_BPARM
	VALUES (524330,
	524318,
	'timer_inst_ref',
	524304,
	0);
INSERT INTO S_BRG
	VALUES (524319,
	524291,
	'timer_reset_time',
	'',
	1,
	524290,
	'',
	0);
INSERT INTO S_BPARM
	VALUES (524331,
	524319,
	'timer_inst_ref',
	524304,
	0);
INSERT INTO S_BPARM
	VALUES (524332,
	524319,
	'microseconds',
	524291,
	0);
INSERT INTO S_BRG
	VALUES (524320,
	524291,
	'timer_add_time',
	'',
	1,
	524290,
	'',
	0);
INSERT INTO S_BPARM
	VALUES (524333,
	524320,
	'timer_inst_ref',
	524304,
	0);
INSERT INTO S_BPARM
	VALUES (524334,
	524320,
	'microseconds',
	524291,
	0);
INSERT INTO S_BRG
	VALUES (524321,
	524291,
	'timer_cancel',
	'',
	1,
	524290,
	'',
	0);
INSERT INTO S_BPARM
	VALUES (524335,
	524321,
	'timer_inst_ref',
	524304,
	0);
INSERT INTO S_EE
	VALUES (524294,
	'Architecture',
	'',
	'ARCH',
	242699);
INSERT INTO S_BRG
	VALUES (524322,
	524294,
	'shutdown',
	'',
	0,
	524289,
	'control stop;',
	1);
INSERT INTO GD_MD
	VALUES (524289,
	1,
	242699,
	1,
	1,
	0,
	1,
	1,
	0,
	12,
	1599,
	4077,
	1.000000,
	0);
INSERT INTO GD_GE
	VALUES (524301,
	524289,
	524290,
	12);
INSERT INTO GD_SHP
	VALUES (524301,
	1696,
	1632,
	1856,
	1728);
INSERT INTO GD_GE
	VALUES (524327,
	524289,
	4718601,
	11);
INSERT INTO GD_SHP
	VALUES (524327,
	1808,
	1488,
	1968,
	1584);
INSERT INTO GD_GE
	VALUES (524328,
	524289,
	524291,
	12);
INSERT INTO GD_SHP
	VALUES (524328,
	1920,
	1632,
	2080,
	1728);
INSERT INTO GD_GE
	VALUES (524329,
	524289,
	5242890,
	11);
INSERT INTO GD_SHP
	VALUES (524329,
	2032,
	1488,
	2192,
	1584);
INSERT INTO GD_GE
	VALUES (524332,
	524289,
	524294,
	12);
INSERT INTO GD_SHP
	VALUES (524332,
	2144,
	1632,
	2304,
	1728);
INSERT INTO GD_MD
	VALUES (524290,
	2,
	242699,
	1,
	1,
	0,
	1,
	1,
	0,
	12,
	1600,
	4200,
	1.000000,
	0);
INSERT INTO GD_GE
	VALUES (524333,
	524290,
	4718601,
	11);
INSERT INTO GD_SHP
	VALUES (524333,
	1920,
	1344,
	2080,
	1440);
INSERT INTO GD_GE
	VALUES (524334,
	524290,
	5242890,
	11);
INSERT INTO GD_SHP
	VALUES (524334,
	2144,
	1456,
	2304,
	1536);
INSERT INTO GD_MD
	VALUES (524291,
	3,
	242699,
	1,
	1,
	0,
	1,
	1,
	0,
	12,
	1600,
	4200,
	1.000000,
	0);
INSERT INTO GD_GE
	VALUES (524335,
	524291,
	4718601,
	11);
INSERT INTO GD_SHP
	VALUES (524335,
	1920,
	1344,
	2080,
	1440);
INSERT INTO GD_GE
	VALUES (524336,
	524291,
	5242890,
	11);
INSERT INTO GD_SHP
	VALUES (524336,
	2144,
	1456,
	2304,
	1536);
INSERT INTO GD_MD
	VALUES (524292,
	4,
	242699,
	1,
	1,
	0,
	1,
	1,
	0,
	12,
	1600,
	4200,
	1.000000,
	0);
INSERT INTO GD_GE
	VALUES (524337,
	524292,
	4718601,
	11);
INSERT INTO GD_SHP
	VALUES (524337,
	1920,
	1344,
	2080,
	1440);
INSERT INTO GD_GE
	VALUES (524338,
	524292,
	5242890,
	11);
INSERT INTO GD_SHP
	VALUES (524338,
	2144,
	1456,
	2304,
	1536);
INSERT INTO S_SS
	VALUES (4718601,
	'syntax',
	'',
	'',
	1,
	242699,
	4718601);
INSERT INTO O_OBJ
	VALUES (4718593,
	'Driver',
	1,
	'DR',
	'',
	4718601);
INSERT INTO O_NBATTR
	VALUES (4718593,
	4718593);
INSERT INTO O_BATTR
	VALUES (4718593,
	4718593);
INSERT INTO O_ATTR
	VALUES (4718593,
	4718593,
	0,
	'dr_id',
	'',
	'',
	'dr_id',
	0,
	524293);
INSERT INTO O_NBATTR
	VALUES (4718594,
	4718593);
INSERT INTO O_BATTR
	VALUES (4718594,
	4718593);
INSERT INTO O_ATTR
	VALUES (4718594,
	4718593,
	4718593,
	'current_state',
	'',
	'',
	'current_state',
	0,
	524295);
INSERT INTO O_NBATTR
	VALUES (4718595,
	4718593);
INSERT INTO O_BATTR
	VALUES (4718595,
	4718593);
INSERT INTO O_ATTR
	VALUES (4718595,
	4718593,
	4718594,
	'testNumber',
	'',
	'',
	'testNumber',
	0,
	524291);
INSERT INTO O_NBATTR
	VALUES (4718596,
	4718593);
INSERT INTO O_BATTR
	VALUES (4718596,
	4718593);
INSERT INTO O_ATTR
	VALUES (4718596,
	4718593,
	4718595,
	'test_failed_timer',
	'',
	'',
	'test_failed_timer',
	0,
	524304);
INSERT INTO O_NBATTR
	VALUES (4718597,
	4718593);
INSERT INTO O_BATTR
	VALUES (4718597,
	4718593);
INSERT INTO O_ATTR
	VALUES (4718597,
	4718593,
	4718596,
	'test_exec_timer',
	'',
	'',
	'test_exec_timer',
	0,
	524304);
INSERT INTO O_ID
	VALUES (0,
	4718593);
INSERT INTO O_OIDA
	VALUES (4718593,
	4718593,
	0);
INSERT INTO SM_ISM
	VALUES (1048578,
	4718593);
INSERT INTO SM_SM
	VALUES (1048578,
	'',
	2);
INSERT INTO SM_MOORE
	VALUES (1048578);
INSERT INTO SM_EVTDI
	VALUES (1048577,
	1048578,
	'int_param',
	'',
	524291);
INSERT INTO SM_SUPDT
	VALUES (1048577,
	1048578,
	0);
INSERT INTO SM_SUPDT
	VALUES (1048578,
	1048578,
	0);
INSERT INTO SM_SDI
	VALUES (1048577,
	1048578,
	1048578);
INSERT INTO SM_STATE
	VALUES (1048577,
	1048578,
	1048577,
	'Begin Tests',
	1,
	0);
INSERT INTO SM_LEVT
	VALUES (1048577,
	1048578,
	1048577);
INSERT INTO SM_SEVT
	VALUES (1048577,
	1048578,
	1048577);
INSERT INTO SM_EVT
	VALUES (1048577,
	1048578,
	1048577,
	2,
	'next test',
	0,
	'',
	'DR2',
	'');
INSERT INTO SM_SEME
	VALUES (1048577,
	1048577,
	1048578,
	1048577);
INSERT INTO SM_LEVT
	VALUES (1048578,
	1048578,
	1048577);
INSERT INTO SM_SEVT
	VALUES (1048578,
	1048578,
	1048577);
INSERT INTO SM_EVT
	VALUES (1048578,
	1048578,
	1048577,
	1,
	'start test',
	0,
	'',
	'DR1',
	'');
INSERT INTO SM_SEME
	VALUES (1048577,
	1048578,
	1048578,
	1048577);
INSERT INTO SM_LEVT
	VALUES (1048579,
	1048578,
	1048577);
INSERT INTO SM_SEVT
	VALUES (1048579,
	1048578,
	1048577);
INSERT INTO SM_EVT
	VALUES (1048579,
	1048578,
	1048577,
	3,
	'no meaning no parens failed',
	0,
	'',
	'DR3',
	'');
INSERT INTO SM_EIGN
	VALUES (1048577,
	1048579,
	1048578,
	1048577,
	'');
INSERT INTO SM_SEME
	VALUES (1048577,
	1048579,
	1048578,
	1048577);
INSERT INTO SM_LEVT
	VALUES (1048580,
	1048578,
	1048577);
INSERT INTO SM_SEVT
	VALUES (1048580,
	1048578,
	1048577);
INSERT INTO SM_EVT
	VALUES (1048580,
	1048578,
	1048577,
	4,
	'supplied meaning no parens failed',
	0,
	'',
	'DR4',
	'');
INSERT INTO SM_EIGN
	VALUES (1048577,
	1048580,
	1048578,
	1048577,
	'');
INSERT INTO SM_SEME
	VALUES (1048577,
	1048580,
	1048578,
	1048577);
INSERT INTO SM_LEVT
	VALUES (1048581,
	1048578,
	1048577);
INSERT INTO SM_SEVT
	VALUES (1048581,
	1048578,
	1048577);
INSERT INTO SM_EVT
	VALUES (1048581,
	1048578,
	1048577,
	5,
	'no meaning with supdata failed',
	0,
	'',
	'DR5',
	'');
INSERT INTO SM_EIGN
	VALUES (1048577,
	1048581,
	1048578,
	1048577,
	'');
INSERT INTO SM_SEME
	VALUES (1048577,
	1048581,
	1048578,
	1048577);
INSERT INTO SM_LEVT
	VALUES (1048582,
	1048578,
	1048578);
INSERT INTO SM_SEVT
	VALUES (1048582,
	1048578,
	1048578);
INSERT INTO SM_EVT
	VALUES (1048582,
	1048578,
	1048578,
	6,
	'next test with supdata',
	0,
	'',
	'DR6',
	'');
INSERT INTO SM_EIGN
	VALUES (1048577,
	1048582,
	1048578,
	1048578,
	'');
INSERT INTO SM_SEME
	VALUES (1048577,
	1048582,
	1048578,
	1048578);
INSERT INTO SM_LEVT
	VALUES (1048583,
	1048578,
	1048577);
INSERT INTO SM_SEVT
	VALUES (1048583,
	1048578,
	1048577);
INSERT INTO SM_EVT
	VALUES (1048583,
	1048578,
	1048577,
	7,
	'test passed',
	0,
	'',
	'DR7',
	'');
INSERT INTO SM_EIGN
	VALUES (1048577,
	1048583,
	1048578,
	1048577,
	'');
INSERT INTO SM_SEME
	VALUES (1048577,
	1048583,
	1048578,
	1048577);
INSERT INTO SM_STATE
	VALUES (1048578,
	1048578,
	1048577,
	'Test Optional TRANSFORM',
	7,
	0);
INSERT INTO SM_SEME
	VALUES (1048578,
	1048577,
	1048578,
	1048577);
INSERT INTO SM_EIGN
	VALUES (1048578,
	1048578,
	1048578,
	1048577,
	'');
INSERT INTO SM_SEME
	VALUES (1048578,
	1048578,
	1048578,
	1048577);
INSERT INTO SM_EIGN
	VALUES (1048578,
	1048579,
	1048578,
	1048577,
	'');
INSERT INTO SM_SEME
	VALUES (1048578,
	1048579,
	1048578,
	1048577);
INSERT INTO SM_EIGN
	VALUES (1048578,
	1048580,
	1048578,
	1048577,
	'');
INSERT INTO SM_SEME
	VALUES (1048578,
	1048580,
	1048578,
	1048577);
INSERT INTO SM_EIGN
	VALUES (1048578,
	1048581,
	1048578,
	1048577,
	'');
INSERT INTO SM_SEME
	VALUES (1048578,
	1048581,
	1048578,
	1048577);
INSERT INTO SM_EIGN
	VALUES (1048578,
	1048582,
	1048578,
	1048578,
	'');
INSERT INTO SM_SEME
	VALUES (1048578,
	1048582,
	1048578,
	1048578);
INSERT INTO SM_EIGN
	VALUES (1048578,
	1048583,
	1048578,
	1048577,
	'');
INSERT INTO SM_SEME
	VALUES (1048578,
	1048583,
	1048578,
	1048577);
INSERT INTO SM_STATE
	VALUES (1048579,
	1048578,
	1048577,
	'Test Optional BRIDGE',
	8,
	0);
INSERT INTO SM_SEME
	VALUES (1048579,
	1048577,
	1048578,
	1048577);
INSERT INTO SM_EIGN
	VALUES (1048579,
	1048578,
	1048578,
	1048577,
	'');
INSERT INTO SM_SEME
	VALUES (1048579,
	1048578,
	1048578,
	1048577);
INSERT INTO SM_EIGN
	VALUES (1048579,
	1048579,
	1048578,
	1048577,
	'');
INSERT INTO SM_SEME
	VALUES (1048579,
	1048579,
	1048578,
	1048577);
INSERT INTO SM_EIGN
	VALUES (1048579,
	1048580,
	1048578,
	1048577,
	'');
INSERT INTO SM_SEME
	VALUES (1048579,
	1048580,
	1048578,
	1048577);
INSERT INTO SM_EIGN
	VALUES (1048579,
	1048581,
	1048578,
	1048577,
	'');
INSERT INTO SM_SEME
	VALUES (1048579,
	1048581,
	1048578,
	1048577);
INSERT INTO SM_EIGN
	VALUES (1048579,
	1048582,
	1048578,
	1048578,
	'');
INSERT INTO SM_SEME
	VALUES (1048579,
	1048582,
	1048578,
	1048578);
INSERT INTO SM_EIGN
	VALUES (1048579,
	1048583,
	1048578,
	1048577,
	'');
INSERT INTO SM_SEME
	VALUES (1048579,
	1048583,
	1048578,
	1048577);
INSERT INTO SM_STATE
	VALUES (1048580,
	1048578,
	1048577,
	'Test Complete',
	9,
	1);
INSERT INTO SM_EIGN
	VALUES (1048580,
	1048577,
	1048578,
	1048577,
	'');
INSERT INTO SM_SEME
	VALUES (1048580,
	1048577,
	1048578,
	1048577);
INSERT INTO SM_EIGN
	VALUES (1048580,
	1048578,
	1048578,
	1048577,
	'');
INSERT INTO SM_SEME
	VALUES (1048580,
	1048578,
	1048578,
	1048577);
INSERT INTO SM_EIGN
	VALUES (1048580,
	1048579,
	1048578,
	1048577,
	'');
INSERT INTO SM_SEME
	VALUES (1048580,
	1048579,
	1048578,
	1048577);
INSERT INTO SM_EIGN
	VALUES (1048580,
	1048580,
	1048578,
	1048577,
	'');
INSERT INTO SM_SEME
	VALUES (1048580,
	1048580,
	1048578,
	1048577);
INSERT INTO SM_EIGN
	VALUES (1048580,
	1048581,
	1048578,
	1048577,
	'');
INSERT INTO SM_SEME
	VALUES (1048580,
	1048581,
	1048578,
	1048577);
INSERT INTO SM_EIGN
	VALUES (1048580,
	1048582,
	1048578,
	1048578,
	'');
INSERT INTO SM_SEME
	VALUES (1048580,
	1048582,
	1048578,
	1048578);
INSERT INTO SM_EIGN
	VALUES (1048580,
	1048583,
	1048578,
	1048577,
	'');
INSERT INTO SM_SEME
	VALUES (1048580,
	1048583,
	1048578,
	1048577);
INSERT INTO SM_STATE
	VALUES (1048581,
	1048578,
	1048577,
	'Test Optional ASSIGN',
	6,
	0);
INSERT INTO SM_SEME
	VALUES (1048581,
	1048577,
	1048578,
	1048577);
INSERT INTO SM_EIGN
	VALUES (1048581,
	1048578,
	1048578,
	1048577,
	'');
INSERT INTO SM_SEME
	VALUES (1048581,
	1048578,
	1048578,
	1048577);
INSERT INTO SM_EIGN
	VALUES (1048581,
	1048579,
	1048578,
	1048577,
	'');
INSERT INTO SM_SEME
	VALUES (1048581,
	1048579,
	1048578,
	1048577);
INSERT INTO SM_EIGN
	VALUES (1048581,
	1048580,
	1048578,
	1048577,
	'');
INSERT INTO SM_SEME
	VALUES (1048581,
	1048580,
	1048578,
	1048577);
INSERT INTO SM_EIGN
	VALUES (1048581,
	1048581,
	1048578,
	1048577,
	'');
INSERT INTO SM_SEME
	VALUES (1048581,
	1048581,
	1048578,
	1048577);
INSERT INTO SM_EIGN
	VALUES (1048581,
	1048582,
	1048578,
	1048578,
	'');
INSERT INTO SM_SEME
	VALUES (1048581,
	1048582,
	1048578,
	1048578);
INSERT INTO SM_EIGN
	VALUES (1048581,
	1048583,
	1048578,
	1048577,
	'');
INSERT INTO SM_SEME
	VALUES (1048581,
	1048583,
	1048578,
	1048577);
INSERT INTO SM_STATE
	VALUES (1048582,
	1048578,
	1048577,
	'Test Event Gen Supplying Meaning Omitting Parens To Instance',
	3,
	0);
INSERT INTO SM_EIGN
	VALUES (1048582,
	1048577,
	1048578,
	1048577,
	'');
INSERT INTO SM_SEME
	VALUES (1048582,
	1048577,
	1048578,
	1048577);
INSERT INTO SM_EIGN
	VALUES (1048582,
	1048578,
	1048578,
	1048577,
	'');
INSERT INTO SM_SEME
	VALUES (1048582,
	1048578,
	1048578,
	1048577);
INSERT INTO SM_EIGN
	VALUES (1048582,
	1048579,
	1048578,
	1048577,
	'');
INSERT INTO SM_SEME
	VALUES (1048582,
	1048579,
	1048578,
	1048577);
INSERT INTO SM_SEME
	VALUES (1048582,
	1048580,
	1048578,
	1048577);
INSERT INTO SM_EIGN
	VALUES (1048582,
	1048581,
	1048578,
	1048577,
	'');
INSERT INTO SM_SEME
	VALUES (1048582,
	1048581,
	1048578,
	1048577);
INSERT INTO SM_EIGN
	VALUES (1048582,
	1048582,
	1048578,
	1048578,
	'');
INSERT INTO SM_SEME
	VALUES (1048582,
	1048582,
	1048578,
	1048578);
INSERT INTO SM_SEME
	VALUES (1048582,
	1048583,
	1048578,
	1048577);
INSERT INTO SM_STATE
	VALUES (1048583,
	1048578,
	1048577,
	'Test Event Gen Omitting Meaning With Supdata To Instance',
	4,
	0);
INSERT INTO SM_EIGN
	VALUES (1048583,
	1048577,
	1048578,
	1048577,
	'');
INSERT INTO SM_SEME
	VALUES (1048583,
	1048577,
	1048578,
	1048577);
INSERT INTO SM_EIGN
	VALUES (1048583,
	1048578,
	1048578,
	1048577,
	'');
INSERT INTO SM_SEME
	VALUES (1048583,
	1048578,
	1048578,
	1048577);
INSERT INTO SM_EIGN
	VALUES (1048583,
	1048579,
	1048578,
	1048577,
	'');
INSERT INTO SM_SEME
	VALUES (1048583,
	1048579,
	1048578,
	1048577);
INSERT INTO SM_EIGN
	VALUES (1048583,
	1048580,
	1048578,
	1048577,
	'');
INSERT INTO SM_SEME
	VALUES (1048583,
	1048580,
	1048578,
	1048577);
INSERT INTO SM_SEME
	VALUES (1048583,
	1048581,
	1048578,
	1048577);
INSERT INTO SM_EIGN
	VALUES (1048583,
	1048582,
	1048578,
	1048578,
	'');
INSERT INTO SM_SEME
	VALUES (1048583,
	1048582,
	1048578,
	1048578);
INSERT INTO SM_SEME
	VALUES (1048583,
	1048583,
	1048578,
	1048577);
INSERT INTO SM_STATE
	VALUES (1048584,
	1048578,
	1048577,
	'FGI1',
	10,
	0);
INSERT INTO SM_SEME
	VALUES (1048584,
	1048577,
	1048578,
	1048577);
INSERT INTO SM_EIGN
	VALUES (1048584,
	1048578,
	1048578,
	1048577,
	'');
INSERT INTO SM_SEME
	VALUES (1048584,
	1048578,
	1048578,
	1048577);
INSERT INTO SM_EIGN
	VALUES (1048584,
	1048579,
	1048578,
	1048577,
	'');
INSERT INTO SM_SEME
	VALUES (1048584,
	1048579,
	1048578,
	1048577);
INSERT INTO SM_EIGN
	VALUES (1048584,
	1048580,
	1048578,
	1048577,
	'');
INSERT INTO SM_SEME
	VALUES (1048584,
	1048580,
	1048578,
	1048577);
INSERT INTO SM_EIGN
	VALUES (1048584,
	1048581,
	1048578,
	1048577,
	'');
INSERT INTO SM_SEME
	VALUES (1048584,
	1048581,
	1048578,
	1048577);
INSERT INTO SM_EIGN
	VALUES (1048584,
	1048582,
	1048578,
	1048578,
	'');
INSERT INTO SM_SEME
	VALUES (1048584,
	1048582,
	1048578,
	1048578);
INSERT INTO SM_EIGN
	VALUES (1048584,
	1048583,
	1048578,
	1048577,
	'');
INSERT INTO SM_SEME
	VALUES (1048584,
	1048583,
	1048578,
	1048577);
INSERT INTO SM_STATE
	VALUES (1048585,
	1048578,
	1048577,
	'Test Event Gen Omitting Meaning And Parens To Instance',
	2,
	0);
INSERT INTO SM_EIGN
	VALUES (1048585,
	1048577,
	1048578,
	1048577,
	'');
INSERT INTO SM_SEME
	VALUES (1048585,
	1048577,
	1048578,
	1048577);
INSERT INTO SM_EIGN
	VALUES (1048585,
	1048578,
	1048578,
	1048577,
	'');
INSERT INTO SM_SEME
	VALUES (1048585,
	1048578,
	1048578,
	1048577);
INSERT INTO SM_SEME
	VALUES (1048585,
	1048579,
	1048578,
	1048577);
INSERT INTO SM_EIGN
	VALUES (1048585,
	1048580,
	1048578,
	1048577,
	'');
INSERT INTO SM_SEME
	VALUES (1048585,
	1048580,
	1048578,
	1048577);
INSERT INTO SM_EIGN
	VALUES (1048585,
	1048581,
	1048578,
	1048577,
	'');
INSERT INTO SM_SEME
	VALUES (1048585,
	1048581,
	1048578,
	1048577);
INSERT INTO SM_EIGN
	VALUES (1048585,
	1048582,
	1048578,
	1048578,
	'');
INSERT INTO SM_SEME
	VALUES (1048585,
	1048582,
	1048578,
	1048578);
INSERT INTO SM_SEME
	VALUES (1048585,
	1048583,
	1048578,
	1048577);
INSERT INTO SM_STATE
	VALUES (1048586,
	1048578,
	1048577,
	'PGI1',
	11,
	0);
INSERT INTO SM_SEME
	VALUES (1048586,
	1048577,
	1048578,
	1048577);
INSERT INTO SM_EIGN
	VALUES (1048586,
	1048578,
	1048578,
	1048577,
	'');
INSERT INTO SM_SEME
	VALUES (1048586,
	1048578,
	1048578,
	1048577);
INSERT INTO SM_EIGN
	VALUES (1048586,
	1048579,
	1048578,
	1048577,
	'');
INSERT INTO SM_SEME
	VALUES (1048586,
	1048579,
	1048578,
	1048577);
INSERT INTO SM_EIGN
	VALUES (1048586,
	1048580,
	1048578,
	1048577,
	'');
INSERT INTO SM_SEME
	VALUES (1048586,
	1048580,
	1048578,
	1048577);
INSERT INTO SM_EIGN
	VALUES (1048586,
	1048581,
	1048578,
	1048577,
	'');
INSERT INTO SM_SEME
	VALUES (1048586,
	1048581,
	1048578,
	1048577);
INSERT INTO SM_EIGN
	VALUES (1048586,
	1048582,
	1048578,
	1048578,
	'');
INSERT INTO SM_SEME
	VALUES (1048586,
	1048582,
	1048578,
	1048578);
INSERT INTO SM_EIGN
	VALUES (1048586,
	1048583,
	1048578,
	1048577,
	'');
INSERT INTO SM_SEME
	VALUES (1048586,
	1048583,
	1048578,
	1048577);
INSERT INTO SM_STATE
	VALUES (1048587,
	1048578,
	1048577,
	'PGI2',
	12,
	0);
INSERT INTO SM_SEME
	VALUES (1048587,
	1048577,
	1048578,
	1048577);
INSERT INTO SM_EIGN
	VALUES (1048587,
	1048578,
	1048578,
	1048577,
	'');
INSERT INTO SM_SEME
	VALUES (1048587,
	1048578,
	1048578,
	1048577);
INSERT INTO SM_EIGN
	VALUES (1048587,
	1048579,
	1048578,
	1048577,
	'');
INSERT INTO SM_SEME
	VALUES (1048587,
	1048579,
	1048578,
	1048577);
INSERT INTO SM_EIGN
	VALUES (1048587,
	1048580,
	1048578,
	1048577,
	'');
INSERT INTO SM_SEME
	VALUES (1048587,
	1048580,
	1048578,
	1048577);
INSERT INTO SM_EIGN
	VALUES (1048587,
	1048581,
	1048578,
	1048577,
	'');
INSERT INTO SM_SEME
	VALUES (1048587,
	1048581,
	1048578,
	1048577);
INSERT INTO SM_EIGN
	VALUES (1048587,
	1048582,
	1048578,
	1048578,
	'');
INSERT INTO SM_SEME
	VALUES (1048587,
	1048582,
	1048578,
	1048578);
INSERT INTO SM_EIGN
	VALUES (1048587,
	1048583,
	1048578,
	1048577,
	'');
INSERT INTO SM_SEME
	VALUES (1048587,
	1048583,
	1048578,
	1048577);
INSERT INTO SM_STATE
	VALUES (1048588,
	1048578,
	1048577,
	'PGI3',
	13,
	0);
INSERT INTO SM_SEME
	VALUES (1048588,
	1048577,
	1048578,
	1048577);
INSERT INTO SM_EIGN
	VALUES (1048588,
	1048578,
	1048578,
	1048577,
	'');
INSERT INTO SM_SEME
	VALUES (1048588,
	1048578,
	1048578,
	1048577);
INSERT INTO SM_EIGN
	VALUES (1048588,
	1048579,
	1048578,
	1048577,
	'');
INSERT INTO SM_SEME
	VALUES (1048588,
	1048579,
	1048578,
	1048577);
INSERT INTO SM_EIGN
	VALUES (1048588,
	1048580,
	1048578,
	1048577,
	'');
INSERT INTO SM_SEME
	VALUES (1048588,
	1048580,
	1048578,
	1048577);
INSERT INTO SM_EIGN
	VALUES (1048588,
	1048581,
	1048578,
	1048577,
	'');
INSERT INTO SM_SEME
	VALUES (1048588,
	1048581,
	1048578,
	1048577);
INSERT INTO SM_EIGN
	VALUES (1048588,
	1048582,
	1048578,
	1048578,
	'');
INSERT INTO SM_SEME
	VALUES (1048588,
	1048582,
	1048578,
	1048578);
INSERT INTO SM_EIGN
	VALUES (1048588,
	1048583,
	1048578,
	1048577,
	'');
INSERT INTO SM_SEME
	VALUES (1048588,
	1048583,
	1048578,
	1048577);
INSERT INTO SM_STATE
	VALUES (1048589,
	1048578,
	1048577,
	'FGI2',
	15,
	0);
INSERT INTO SM_SEME
	VALUES (1048589,
	1048577,
	1048578,
	1048577);
INSERT INTO SM_EIGN
	VALUES (1048589,
	1048578,
	1048578,
	1048577,
	'');
INSERT INTO SM_SEME
	VALUES (1048589,
	1048578,
	1048578,
	1048577);
INSERT INTO SM_EIGN
	VALUES (1048589,
	1048579,
	1048578,
	1048577,
	'');
INSERT INTO SM_SEME
	VALUES (1048589,
	1048579,
	1048578,
	1048577);
INSERT INTO SM_EIGN
	VALUES (1048589,
	1048580,
	1048578,
	1048577,
	'');
INSERT INTO SM_SEME
	VALUES (1048589,
	1048580,
	1048578,
	1048577);
INSERT INTO SM_EIGN
	VALUES (1048589,
	1048581,
	1048578,
	1048577,
	'');
INSERT INTO SM_SEME
	VALUES (1048589,
	1048581,
	1048578,
	1048577);
INSERT INTO SM_EIGN
	VALUES (1048589,
	1048582,
	1048578,
	1048578,
	'');
INSERT INTO SM_SEME
	VALUES (1048589,
	1048582,
	1048578,
	1048578);
INSERT INTO SM_EIGN
	VALUES (1048589,
	1048583,
	1048578,
	1048577,
	'');
INSERT INTO SM_SEME
	VALUES (1048589,
	1048583,
	1048578,
	1048577);
INSERT INTO SM_STATE
	VALUES (1048590,
	1048578,
	1048577,
	'FGI3',
	16,
	0);
INSERT INTO SM_SEME
	VALUES (1048590,
	1048577,
	1048578,
	1048577);
INSERT INTO SM_EIGN
	VALUES (1048590,
	1048578,
	1048578,
	1048577,
	'');
INSERT INTO SM_SEME
	VALUES (1048590,
	1048578,
	1048578,
	1048577);
INSERT INTO SM_EIGN
	VALUES (1048590,
	1048579,
	1048578,
	1048577,
	'');
INSERT INTO SM_SEME
	VALUES (1048590,
	1048579,
	1048578,
	1048577);
INSERT INTO SM_EIGN
	VALUES (1048590,
	1048580,
	1048578,
	1048577,
	'');
INSERT INTO SM_SEME
	VALUES (1048590,
	1048580,
	1048578,
	1048577);
INSERT INTO SM_EIGN
	VALUES (1048590,
	1048581,
	1048578,
	1048577,
	'');
INSERT INTO SM_SEME
	VALUES (1048590,
	1048581,
	1048578,
	1048577);
INSERT INTO SM_EIGN
	VALUES (1048590,
	1048582,
	1048578,
	1048578,
	'');
INSERT INTO SM_SEME
	VALUES (1048590,
	1048582,
	1048578,
	1048578);
INSERT INTO SM_EIGN
	VALUES (1048590,
	1048583,
	1048578,
	1048577,
	'');
INSERT INTO SM_SEME
	VALUES (1048590,
	1048583,
	1048578,
	1048577);
INSERT INTO SM_STATE
	VALUES (1048591,
	1048578,
	1048577,
	'Test Event Ref Omitting Meaning And Parens To Instance',
	18,
	0);
INSERT INTO SM_EIGN
	VALUES (1048591,
	1048577,
	1048578,
	1048577,
	'');
INSERT INTO SM_SEME
	VALUES (1048591,
	1048577,
	1048578,
	1048577);
INSERT INTO SM_EIGN
	VALUES (1048591,
	1048578,
	1048578,
	1048577,
	'');
INSERT INTO SM_SEME
	VALUES (1048591,
	1048578,
	1048578,
	1048577);
INSERT INTO SM_SEME
	VALUES (1048591,
	1048579,
	1048578,
	1048577);
INSERT INTO SM_EIGN
	VALUES (1048591,
	1048580,
	1048578,
	1048577,
	'');
INSERT INTO SM_SEME
	VALUES (1048591,
	1048580,
	1048578,
	1048577);
INSERT INTO SM_EIGN
	VALUES (1048591,
	1048581,
	1048578,
	1048577,
	'');
INSERT INTO SM_SEME
	VALUES (1048591,
	1048581,
	1048578,
	1048577);
INSERT INTO SM_EIGN
	VALUES (1048591,
	1048582,
	1048578,
	1048578,
	'');
INSERT INTO SM_SEME
	VALUES (1048591,
	1048582,
	1048578,
	1048578);
INSERT INTO SM_SEME
	VALUES (1048591,
	1048583,
	1048578,
	1048577);
INSERT INTO SM_STATE
	VALUES (1048592,
	1048578,
	1048577,
	'Test Event Ref Supplying Meaning Omitting Parens To Instance',
	19,
	0);
INSERT INTO SM_EIGN
	VALUES (1048592,
	1048577,
	1048578,
	1048577,
	'');
INSERT INTO SM_SEME
	VALUES (1048592,
	1048577,
	1048578,
	1048577);
INSERT INTO SM_EIGN
	VALUES (1048592,
	1048578,
	1048578,
	1048577,
	'');
INSERT INTO SM_SEME
	VALUES (1048592,
	1048578,
	1048578,
	1048577);
INSERT INTO SM_EIGN
	VALUES (1048592,
	1048579,
	1048578,
	1048577,
	'');
INSERT INTO SM_SEME
	VALUES (1048592,
	1048579,
	1048578,
	1048577);
INSERT INTO SM_SEME
	VALUES (1048592,
	1048580,
	1048578,
	1048577);
INSERT INTO SM_EIGN
	VALUES (1048592,
	1048581,
	1048578,
	1048577,
	'');
INSERT INTO SM_SEME
	VALUES (1048592,
	1048581,
	1048578,
	1048577);
INSERT INTO SM_EIGN
	VALUES (1048592,
	1048582,
	1048578,
	1048578,
	'');
INSERT INTO SM_SEME
	VALUES (1048592,
	1048582,
	1048578,
	1048578);
INSERT INTO SM_SEME
	VALUES (1048592,
	1048583,
	1048578,
	1048577);
INSERT INTO SM_STATE
	VALUES (1048593,
	1048578,
	1048577,
	'Test Event Ref Omitting Meaning With Supdata To Instance',
	20,
	0);
INSERT INTO SM_EIGN
	VALUES (1048593,
	1048577,
	1048578,
	1048577,
	'');
INSERT INTO SM_SEME
	VALUES (1048593,
	1048577,
	1048578,
	1048577);
INSERT INTO SM_EIGN
	VALUES (1048593,
	1048578,
	1048578,
	1048577,
	'');
INSERT INTO SM_SEME
	VALUES (1048593,
	1048578,
	1048578,
	1048577);
INSERT INTO SM_EIGN
	VALUES (1048593,
	1048579,
	1048578,
	1048577,
	'');
INSERT INTO SM_SEME
	VALUES (1048593,
	1048579,
	1048578,
	1048577);
INSERT INTO SM_EIGN
	VALUES (1048593,
	1048580,
	1048578,
	1048577,
	'');
INSERT INTO SM_SEME
	VALUES (1048593,
	1048580,
	1048578,
	1048577);
INSERT INTO SM_SEME
	VALUES (1048593,
	1048581,
	1048578,
	1048577);
INSERT INTO SM_EIGN
	VALUES (1048593,
	1048582,
	1048578,
	1048578,
	'');
INSERT INTO SM_SEME
	VALUES (1048593,
	1048582,
	1048578,
	1048578);
INSERT INTO SM_SEME
	VALUES (1048593,
	1048583,
	1048578,
	1048577);
INSERT INTO SM_STATE
	VALUES (1048594,
	1048578,
	1048577,
	'FRI1',
	22,
	0);
INSERT INTO SM_SEME
	VALUES (1048594,
	1048577,
	1048578,
	1048577);
INSERT INTO SM_EIGN
	VALUES (1048594,
	1048578,
	1048578,
	1048577,
	'');
INSERT INTO SM_SEME
	VALUES (1048594,
	1048578,
	1048578,
	1048577);
INSERT INTO SM_EIGN
	VALUES (1048594,
	1048579,
	1048578,
	1048577,
	'');
INSERT INTO SM_SEME
	VALUES (1048594,
	1048579,
	1048578,
	1048577);
INSERT INTO SM_EIGN
	VALUES (1048594,
	1048580,
	1048578,
	1048577,
	'');
INSERT INTO SM_SEME
	VALUES (1048594,
	1048580,
	1048578,
	1048577);
INSERT INTO SM_EIGN
	VALUES (1048594,
	1048581,
	1048578,
	1048577,
	'');
INSERT INTO SM_SEME
	VALUES (1048594,
	1048581,
	1048578,
	1048577);
INSERT INTO SM_EIGN
	VALUES (1048594,
	1048582,
	1048578,
	1048578,
	'');
INSERT INTO SM_SEME
	VALUES (1048594,
	1048582,
	1048578,
	1048578);
INSERT INTO SM_EIGN
	VALUES (1048594,
	1048583,
	1048578,
	1048577,
	'');
INSERT INTO SM_SEME
	VALUES (1048594,
	1048583,
	1048578,
	1048577);
INSERT INTO SM_STATE
	VALUES (1048595,
	1048578,
	1048577,
	'PRI1',
	23,
	0);
INSERT INTO SM_SEME
	VALUES (1048595,
	1048577,
	1048578,
	1048577);
INSERT INTO SM_EIGN
	VALUES (1048595,
	1048578,
	1048578,
	1048577,
	'');
INSERT INTO SM_SEME
	VALUES (1048595,
	1048578,
	1048578,
	1048577);
INSERT INTO SM_EIGN
	VALUES (1048595,
	1048579,
	1048578,
	1048577,
	'');
INSERT INTO SM_SEME
	VALUES (1048595,
	1048579,
	1048578,
	1048577);
INSERT INTO SM_EIGN
	VALUES (1048595,
	1048580,
	1048578,
	1048577,
	'');
INSERT INTO SM_SEME
	VALUES (1048595,
	1048580,
	1048578,
	1048577);
INSERT INTO SM_EIGN
	VALUES (1048595,
	1048581,
	1048578,
	1048577,
	'');
INSERT INTO SM_SEME
	VALUES (1048595,
	1048581,
	1048578,
	1048577);
INSERT INTO SM_EIGN
	VALUES (1048595,
	1048582,
	1048578,
	1048578,
	'');
INSERT INTO SM_SEME
	VALUES (1048595,
	1048582,
	1048578,
	1048578);
INSERT INTO SM_EIGN
	VALUES (1048595,
	1048583,
	1048578,
	1048577,
	'');
INSERT INTO SM_SEME
	VALUES (1048595,
	1048583,
	1048578,
	1048577);
INSERT INTO SM_STATE
	VALUES (1048596,
	1048578,
	1048577,
	'FRI2',
	24,
	0);
INSERT INTO SM_SEME
	VALUES (1048596,
	1048577,
	1048578,
	1048577);
INSERT INTO SM_EIGN
	VALUES (1048596,
	1048578,
	1048578,
	1048577,
	'');
INSERT INTO SM_SEME
	VALUES (1048596,
	1048578,
	1048578,
	1048577);
INSERT INTO SM_EIGN
	VALUES (1048596,
	1048579,
	1048578,
	1048577,
	'');
INSERT INTO SM_SEME
	VALUES (1048596,
	1048579,
	1048578,
	1048577);
INSERT INTO SM_EIGN
	VALUES (1048596,
	1048580,
	1048578,
	1048577,
	'');
INSERT INTO SM_SEME
	VALUES (1048596,
	1048580,
	1048578,
	1048577);
INSERT INTO SM_EIGN
	VALUES (1048596,
	1048581,
	1048578,
	1048577,
	'');
INSERT INTO SM_SEME
	VALUES (1048596,
	1048581,
	1048578,
	1048577);
INSERT INTO SM_EIGN
	VALUES (1048596,
	1048582,
	1048578,
	1048578,
	'');
INSERT INTO SM_SEME
	VALUES (1048596,
	1048582,
	1048578,
	1048578);
INSERT INTO SM_EIGN
	VALUES (1048596,
	1048583,
	1048578,
	1048577,
	'');
INSERT INTO SM_SEME
	VALUES (1048596,
	1048583,
	1048578,
	1048577);
INSERT INTO SM_STATE
	VALUES (1048597,
	1048578,
	1048577,
	'PRI2',
	25,
	0);
INSERT INTO SM_SEME
	VALUES (1048597,
	1048577,
	1048578,
	1048577);
INSERT INTO SM_EIGN
	VALUES (1048597,
	1048578,
	1048578,
	1048577,
	'');
INSERT INTO SM_SEME
	VALUES (1048597,
	1048578,
	1048578,
	1048577);
INSERT INTO SM_EIGN
	VALUES (1048597,
	1048579,
	1048578,
	1048577,
	'');
INSERT INTO SM_SEME
	VALUES (1048597,
	1048579,
	1048578,
	1048577);
INSERT INTO SM_EIGN
	VALUES (1048597,
	1048580,
	1048578,
	1048577,
	'');
INSERT INTO SM_SEME
	VALUES (1048597,
	1048580,
	1048578,
	1048577);
INSERT INTO SM_EIGN
	VALUES (1048597,
	1048581,
	1048578,
	1048577,
	'');
INSERT INTO SM_SEME
	VALUES (1048597,
	1048581,
	1048578,
	1048577);
INSERT INTO SM_EIGN
	VALUES (1048597,
	1048582,
	1048578,
	1048578,
	'');
INSERT INTO SM_SEME
	VALUES (1048597,
	1048582,
	1048578,
	1048578);
INSERT INTO SM_EIGN
	VALUES (1048597,
	1048583,
	1048578,
	1048577,
	'');
INSERT INTO SM_SEME
	VALUES (1048597,
	1048583,
	1048578,
	1048577);
INSERT INTO SM_STATE
	VALUES (1048598,
	1048578,
	1048577,
	'FRI3',
	26,
	0);
INSERT INTO SM_SEME
	VALUES (1048598,
	1048577,
	1048578,
	1048577);
INSERT INTO SM_EIGN
	VALUES (1048598,
	1048578,
	1048578,
	1048577,
	'');
INSERT INTO SM_SEME
	VALUES (1048598,
	1048578,
	1048578,
	1048577);
INSERT INTO SM_EIGN
	VALUES (1048598,
	1048579,
	1048578,
	1048577,
	'');
INSERT INTO SM_SEME
	VALUES (1048598,
	1048579,
	1048578,
	1048577);
INSERT INTO SM_EIGN
	VALUES (1048598,
	1048580,
	1048578,
	1048577,
	'');
INSERT INTO SM_SEME
	VALUES (1048598,
	1048580,
	1048578,
	1048577);
INSERT INTO SM_EIGN
	VALUES (1048598,
	1048581,
	1048578,
	1048577,
	'');
INSERT INTO SM_SEME
	VALUES (1048598,
	1048581,
	1048578,
	1048577);
INSERT INTO SM_EIGN
	VALUES (1048598,
	1048582,
	1048578,
	1048578,
	'');
INSERT INTO SM_SEME
	VALUES (1048598,
	1048582,
	1048578,
	1048578);
INSERT INTO SM_EIGN
	VALUES (1048598,
	1048583,
	1048578,
	1048577,
	'');
INSERT INTO SM_SEME
	VALUES (1048598,
	1048583,
	1048578,
	1048577);
INSERT INTO SM_STATE
	VALUES (1048599,
	1048578,
	1048577,
	'PRI3',
	27,
	0);
INSERT INTO SM_SEME
	VALUES (1048599,
	1048577,
	1048578,
	1048577);
INSERT INTO SM_EIGN
	VALUES (1048599,
	1048578,
	1048578,
	1048577,
	'');
INSERT INTO SM_SEME
	VALUES (1048599,
	1048578,
	1048578,
	1048577);
INSERT INTO SM_EIGN
	VALUES (1048599,
	1048579,
	1048578,
	1048577,
	'');
INSERT INTO SM_SEME
	VALUES (1048599,
	1048579,
	1048578,
	1048577);
INSERT INTO SM_EIGN
	VALUES (1048599,
	1048580,
	1048578,
	1048577,
	'');
INSERT INTO SM_SEME
	VALUES (1048599,
	1048580,
	1048578,
	1048577);
INSERT INTO SM_EIGN
	VALUES (1048599,
	1048581,
	1048578,
	1048577,
	'');
INSERT INTO SM_SEME
	VALUES (1048599,
	1048581,
	1048578,
	1048577);
INSERT INTO SM_EIGN
	VALUES (1048599,
	1048582,
	1048578,
	1048578,
	'');
INSERT INTO SM_SEME
	VALUES (1048599,
	1048582,
	1048578,
	1048578);
INSERT INTO SM_EIGN
	VALUES (1048599,
	1048583,
	1048578,
	1048577,
	'');
INSERT INTO SM_SEME
	VALUES (1048599,
	1048583,
	1048578,
	1048577);
INSERT INTO SM_STATE
	VALUES (1048600,
	1048578,
	1048577,
	'FGA1',
	28,
	0);
INSERT INTO SM_SEME
	VALUES (1048600,
	1048577,
	1048578,
	1048577);
INSERT INTO SM_EIGN
	VALUES (1048600,
	1048578,
	1048578,
	1048577,
	'');
INSERT INTO SM_SEME
	VALUES (1048600,
	1048578,
	1048578,
	1048577);
INSERT INTO SM_EIGN
	VALUES (1048600,
	1048579,
	1048578,
	1048577,
	'');
INSERT INTO SM_SEME
	VALUES (1048600,
	1048579,
	1048578,
	1048577);
INSERT INTO SM_EIGN
	VALUES (1048600,
	1048580,
	1048578,
	1048577,
	'');
INSERT INTO SM_SEME
	VALUES (1048600,
	1048580,
	1048578,
	1048577);
INSERT INTO SM_EIGN
	VALUES (1048600,
	1048581,
	1048578,
	1048577,
	'');
INSERT INTO SM_SEME
	VALUES (1048600,
	1048581,
	1048578,
	1048577);
INSERT INTO SM_EIGN
	VALUES (1048600,
	1048582,
	1048578,
	1048578,
	'');
INSERT INTO SM_SEME
	VALUES (1048600,
	1048582,
	1048578,
	1048578);
INSERT INTO SM_EIGN
	VALUES (1048600,
	1048583,
	1048578,
	1048577,
	'');
INSERT INTO SM_SEME
	VALUES (1048600,
	1048583,
	1048578,
	1048577);
INSERT INTO SM_STATE
	VALUES (1048601,
	1048578,
	1048577,
	'FGA2',
	29,
	0);
INSERT INTO SM_SEME
	VALUES (1048601,
	1048577,
	1048578,
	1048577);
INSERT INTO SM_EIGN
	VALUES (1048601,
	1048578,
	1048578,
	1048577,
	'');
INSERT INTO SM_SEME
	VALUES (1048601,
	1048578,
	1048578,
	1048577);
INSERT INTO SM_EIGN
	VALUES (1048601,
	1048579,
	1048578,
	1048577,
	'');
INSERT INTO SM_SEME
	VALUES (1048601,
	1048579,
	1048578,
	1048577);
INSERT INTO SM_EIGN
	VALUES (1048601,
	1048580,
	1048578,
	1048577,
	'');
INSERT INTO SM_SEME
	VALUES (1048601,
	1048580,
	1048578,
	1048577);
INSERT INTO SM_EIGN
	VALUES (1048601,
	1048581,
	1048578,
	1048577,
	'');
INSERT INTO SM_SEME
	VALUES (1048601,
	1048581,
	1048578,
	1048577);
INSERT INTO SM_EIGN
	VALUES (1048601,
	1048582,
	1048578,
	1048578,
	'');
INSERT INTO SM_SEME
	VALUES (1048601,
	1048582,
	1048578,
	1048578);
INSERT INTO SM_EIGN
	VALUES (1048601,
	1048583,
	1048578,
	1048577,
	'');
INSERT INTO SM_SEME
	VALUES (1048601,
	1048583,
	1048578,
	1048577);
INSERT INTO SM_STATE
	VALUES (1048602,
	1048578,
	1048577,
	'FGA3',
	30,
	0);
INSERT INTO SM_SEME
	VALUES (1048602,
	1048577,
	1048578,
	1048577);
INSERT INTO SM_EIGN
	VALUES (1048602,
	1048578,
	1048578,
	1048577,
	'');
INSERT INTO SM_SEME
	VALUES (1048602,
	1048578,
	1048578,
	1048577);
INSERT INTO SM_EIGN
	VALUES (1048602,
	1048579,
	1048578,
	1048577,
	'');
INSERT INTO SM_SEME
	VALUES (1048602,
	1048579,
	1048578,
	1048577);
INSERT INTO SM_EIGN
	VALUES (1048602,
	1048580,
	1048578,
	1048577,
	'');
INSERT INTO SM_SEME
	VALUES (1048602,
	1048580,
	1048578,
	1048577);
INSERT INTO SM_EIGN
	VALUES (1048602,
	1048581,
	1048578,
	1048577,
	'');
INSERT INTO SM_SEME
	VALUES (1048602,
	1048581,
	1048578,
	1048577);
INSERT INTO SM_EIGN
	VALUES (1048602,
	1048582,
	1048578,
	1048578,
	'');
INSERT INTO SM_SEME
	VALUES (1048602,
	1048582,
	1048578,
	1048578);
INSERT INTO SM_EIGN
	VALUES (1048602,
	1048583,
	1048578,
	1048577,
	'');
INSERT INTO SM_SEME
	VALUES (1048602,
	1048583,
	1048578,
	1048577);
INSERT INTO SM_STATE
	VALUES (1048603,
	1048578,
	1048577,
	'FRA1',
	31,
	0);
INSERT INTO SM_SEME
	VALUES (1048603,
	1048577,
	1048578,
	1048577);
INSERT INTO SM_EIGN
	VALUES (1048603,
	1048578,
	1048578,
	1048577,
	'');
INSERT INTO SM_SEME
	VALUES (1048603,
	1048578,
	1048578,
	1048577);
INSERT INTO SM_EIGN
	VALUES (1048603,
	1048579,
	1048578,
	1048577,
	'');
INSERT INTO SM_SEME
	VALUES (1048603,
	1048579,
	1048578,
	1048577);
INSERT INTO SM_EIGN
	VALUES (1048603,
	1048580,
	1048578,
	1048577,
	'');
INSERT INTO SM_SEME
	VALUES (1048603,
	1048580,
	1048578,
	1048577);
INSERT INTO SM_EIGN
	VALUES (1048603,
	1048581,
	1048578,
	1048577,
	'');
INSERT INTO SM_SEME
	VALUES (1048603,
	1048581,
	1048578,
	1048577);
INSERT INTO SM_EIGN
	VALUES (1048603,
	1048582,
	1048578,
	1048578,
	'');
INSERT INTO SM_SEME
	VALUES (1048603,
	1048582,
	1048578,
	1048578);
INSERT INTO SM_EIGN
	VALUES (1048603,
	1048583,
	1048578,
	1048577,
	'');
INSERT INTO SM_SEME
	VALUES (1048603,
	1048583,
	1048578,
	1048577);
INSERT INTO SM_STATE
	VALUES (1048604,
	1048578,
	1048577,
	'FRA2',
	32,
	0);
INSERT INTO SM_SEME
	VALUES (1048604,
	1048577,
	1048578,
	1048577);
INSERT INTO SM_EIGN
	VALUES (1048604,
	1048578,
	1048578,
	1048577,
	'');
INSERT INTO SM_SEME
	VALUES (1048604,
	1048578,
	1048578,
	1048577);
INSERT INTO SM_EIGN
	VALUES (1048604,
	1048579,
	1048578,
	1048577,
	'');
INSERT INTO SM_SEME
	VALUES (1048604,
	1048579,
	1048578,
	1048577);
INSERT INTO SM_EIGN
	VALUES (1048604,
	1048580,
	1048578,
	1048577,
	'');
INSERT INTO SM_SEME
	VALUES (1048604,
	1048580,
	1048578,
	1048577);
INSERT INTO SM_EIGN
	VALUES (1048604,
	1048581,
	1048578,
	1048577,
	'');
INSERT INTO SM_SEME
	VALUES (1048604,
	1048581,
	1048578,
	1048577);
INSERT INTO SM_EIGN
	VALUES (1048604,
	1048582,
	1048578,
	1048578,
	'');
INSERT INTO SM_SEME
	VALUES (1048604,
	1048582,
	1048578,
	1048578);
INSERT INTO SM_EIGN
	VALUES (1048604,
	1048583,
	1048578,
	1048577,
	'');
INSERT INTO SM_SEME
	VALUES (1048604,
	1048583,
	1048578,
	1048577);
INSERT INTO SM_STATE
	VALUES (1048605,
	1048578,
	1048577,
	'FRA3',
	33,
	0);
INSERT INTO SM_SEME
	VALUES (1048605,
	1048577,
	1048578,
	1048577);
INSERT INTO SM_EIGN
	VALUES (1048605,
	1048578,
	1048578,
	1048577,
	'');
INSERT INTO SM_SEME
	VALUES (1048605,
	1048578,
	1048578,
	1048577);
INSERT INTO SM_EIGN
	VALUES (1048605,
	1048579,
	1048578,
	1048577,
	'');
INSERT INTO SM_SEME
	VALUES (1048605,
	1048579,
	1048578,
	1048577);
INSERT INTO SM_EIGN
	VALUES (1048605,
	1048580,
	1048578,
	1048577,
	'');
INSERT INTO SM_SEME
	VALUES (1048605,
	1048580,
	1048578,
	1048577);
INSERT INTO SM_EIGN
	VALUES (1048605,
	1048581,
	1048578,
	1048577,
	'');
INSERT INTO SM_SEME
	VALUES (1048605,
	1048581,
	1048578,
	1048577);
INSERT INTO SM_EIGN
	VALUES (1048605,
	1048582,
	1048578,
	1048578,
	'');
INSERT INTO SM_SEME
	VALUES (1048605,
	1048582,
	1048578,
	1048578);
INSERT INTO SM_EIGN
	VALUES (1048605,
	1048583,
	1048578,
	1048577,
	'');
INSERT INTO SM_SEME
	VALUES (1048605,
	1048583,
	1048578,
	1048577);
INSERT INTO SM_STATE
	VALUES (1048606,
	1048578,
	1048577,
	'Test Event Gen Omitting Meaning And Parens To Assigner',
	34,
	0);
INSERT INTO SM_EIGN
	VALUES (1048606,
	1048577,
	1048578,
	1048577,
	'');
INSERT INTO SM_SEME
	VALUES (1048606,
	1048577,
	1048578,
	1048577);
INSERT INTO SM_EIGN
	VALUES (1048606,
	1048578,
	1048578,
	1048577,
	'');
INSERT INTO SM_SEME
	VALUES (1048606,
	1048578,
	1048578,
	1048577);
INSERT INTO SM_SEME
	VALUES (1048606,
	1048579,
	1048578,
	1048577);
INSERT INTO SM_EIGN
	VALUES (1048606,
	1048580,
	1048578,
	1048577,
	'');
INSERT INTO SM_SEME
	VALUES (1048606,
	1048580,
	1048578,
	1048577);
INSERT INTO SM_EIGN
	VALUES (1048606,
	1048581,
	1048578,
	1048577,
	'');
INSERT INTO SM_SEME
	VALUES (1048606,
	1048581,
	1048578,
	1048577);
INSERT INTO SM_EIGN
	VALUES (1048606,
	1048582,
	1048578,
	1048578,
	'');
INSERT INTO SM_SEME
	VALUES (1048606,
	1048582,
	1048578,
	1048578);
INSERT INTO SM_SEME
	VALUES (1048606,
	1048583,
	1048578,
	1048577);
INSERT INTO SM_STATE
	VALUES (1048607,
	1048578,
	1048577,
	'PGA1',
	35,
	0);
INSERT INTO SM_SEME
	VALUES (1048607,
	1048577,
	1048578,
	1048577);
INSERT INTO SM_EIGN
	VALUES (1048607,
	1048578,
	1048578,
	1048577,
	'');
INSERT INTO SM_SEME
	VALUES (1048607,
	1048578,
	1048578,
	1048577);
INSERT INTO SM_EIGN
	VALUES (1048607,
	1048579,
	1048578,
	1048577,
	'');
INSERT INTO SM_SEME
	VALUES (1048607,
	1048579,
	1048578,
	1048577);
INSERT INTO SM_EIGN
	VALUES (1048607,
	1048580,
	1048578,
	1048577,
	'');
INSERT INTO SM_SEME
	VALUES (1048607,
	1048580,
	1048578,
	1048577);
INSERT INTO SM_EIGN
	VALUES (1048607,
	1048581,
	1048578,
	1048577,
	'');
INSERT INTO SM_SEME
	VALUES (1048607,
	1048581,
	1048578,
	1048577);
INSERT INTO SM_EIGN
	VALUES (1048607,
	1048582,
	1048578,
	1048578,
	'');
INSERT INTO SM_SEME
	VALUES (1048607,
	1048582,
	1048578,
	1048578);
INSERT INTO SM_EIGN
	VALUES (1048607,
	1048583,
	1048578,
	1048577,
	'');
INSERT INTO SM_SEME
	VALUES (1048607,
	1048583,
	1048578,
	1048577);
INSERT INTO SM_STATE
	VALUES (1048608,
	1048578,
	1048577,
	'Test Event Gen Supplying Meaning Omitting Parens To Assigner',
	36,
	0);
INSERT INTO SM_EIGN
	VALUES (1048608,
	1048577,
	1048578,
	1048577,
	'');
INSERT INTO SM_SEME
	VALUES (1048608,
	1048577,
	1048578,
	1048577);
INSERT INTO SM_EIGN
	VALUES (1048608,
	1048578,
	1048578,
	1048577,
	'');
INSERT INTO SM_SEME
	VALUES (1048608,
	1048578,
	1048578,
	1048577);
INSERT INTO SM_EIGN
	VALUES (1048608,
	1048579,
	1048578,
	1048577,
	'');
INSERT INTO SM_SEME
	VALUES (1048608,
	1048579,
	1048578,
	1048577);
INSERT INTO SM_SEME
	VALUES (1048608,
	1048580,
	1048578,
	1048577);
INSERT INTO SM_EIGN
	VALUES (1048608,
	1048581,
	1048578,
	1048577,
	'');
INSERT INTO SM_SEME
	VALUES (1048608,
	1048581,
	1048578,
	1048577);
INSERT INTO SM_EIGN
	VALUES (1048608,
	1048582,
	1048578,
	1048578,
	'');
INSERT INTO SM_SEME
	VALUES (1048608,
	1048582,
	1048578,
	1048578);
INSERT INTO SM_SEME
	VALUES (1048608,
	1048583,
	1048578,
	1048577);
INSERT INTO SM_STATE
	VALUES (1048609,
	1048578,
	1048577,
	'Test Event Gen Omitting Meaning With Supdata To Assigner',
	37,
	0);
INSERT INTO SM_EIGN
	VALUES (1048609,
	1048577,
	1048578,
	1048577,
	'');
INSERT INTO SM_SEME
	VALUES (1048609,
	1048577,
	1048578,
	1048577);
INSERT INTO SM_EIGN
	VALUES (1048609,
	1048578,
	1048578,
	1048577,
	'');
INSERT INTO SM_SEME
	VALUES (1048609,
	1048578,
	1048578,
	1048577);
INSERT INTO SM_EIGN
	VALUES (1048609,
	1048579,
	1048578,
	1048577,
	'');
INSERT INTO SM_SEME
	VALUES (1048609,
	1048579,
	1048578,
	1048577);
INSERT INTO SM_EIGN
	VALUES (1048609,
	1048580,
	1048578,
	1048577,
	'');
INSERT INTO SM_SEME
	VALUES (1048609,
	1048580,
	1048578,
	1048577);
INSERT INTO SM_SEME
	VALUES (1048609,
	1048581,
	1048578,
	1048577);
INSERT INTO SM_EIGN
	VALUES (1048609,
	1048582,
	1048578,
	1048578,
	'');
INSERT INTO SM_SEME
	VALUES (1048609,
	1048582,
	1048578,
	1048578);
INSERT INTO SM_SEME
	VALUES (1048609,
	1048583,
	1048578,
	1048577);
INSERT INTO SM_STATE
	VALUES (1048610,
	1048578,
	1048577,
	'PGA2',
	38,
	0);
INSERT INTO SM_SEME
	VALUES (1048610,
	1048577,
	1048578,
	1048577);
INSERT INTO SM_EIGN
	VALUES (1048610,
	1048578,
	1048578,
	1048577,
	'');
INSERT INTO SM_SEME
	VALUES (1048610,
	1048578,
	1048578,
	1048577);
INSERT INTO SM_EIGN
	VALUES (1048610,
	1048579,
	1048578,
	1048577,
	'');
INSERT INTO SM_SEME
	VALUES (1048610,
	1048579,
	1048578,
	1048577);
INSERT INTO SM_EIGN
	VALUES (1048610,
	1048580,
	1048578,
	1048577,
	'');
INSERT INTO SM_SEME
	VALUES (1048610,
	1048580,
	1048578,
	1048577);
INSERT INTO SM_EIGN
	VALUES (1048610,
	1048581,
	1048578,
	1048577,
	'');
INSERT INTO SM_SEME
	VALUES (1048610,
	1048581,
	1048578,
	1048577);
INSERT INTO SM_EIGN
	VALUES (1048610,
	1048582,
	1048578,
	1048578,
	'');
INSERT INTO SM_SEME
	VALUES (1048610,
	1048582,
	1048578,
	1048578);
INSERT INTO SM_EIGN
	VALUES (1048610,
	1048583,
	1048578,
	1048577,
	'');
INSERT INTO SM_SEME
	VALUES (1048610,
	1048583,
	1048578,
	1048577);
INSERT INTO SM_STATE
	VALUES (1048611,
	1048578,
	1048577,
	'PGA3',
	39,
	0);
INSERT INTO SM_SEME
	VALUES (1048611,
	1048577,
	1048578,
	1048577);
INSERT INTO SM_EIGN
	VALUES (1048611,
	1048578,
	1048578,
	1048577,
	'');
INSERT INTO SM_SEME
	VALUES (1048611,
	1048578,
	1048578,
	1048577);
INSERT INTO SM_EIGN
	VALUES (1048611,
	1048579,
	1048578,
	1048577,
	'');
INSERT INTO SM_SEME
	VALUES (1048611,
	1048579,
	1048578,
	1048577);
INSERT INTO SM_EIGN
	VALUES (1048611,
	1048580,
	1048578,
	1048577,
	'');
INSERT INTO SM_SEME
	VALUES (1048611,
	1048580,
	1048578,
	1048577);
INSERT INTO SM_EIGN
	VALUES (1048611,
	1048581,
	1048578,
	1048577,
	'');
INSERT INTO SM_SEME
	VALUES (1048611,
	1048581,
	1048578,
	1048577);
INSERT INTO SM_EIGN
	VALUES (1048611,
	1048582,
	1048578,
	1048578,
	'');
INSERT INTO SM_SEME
	VALUES (1048611,
	1048582,
	1048578,
	1048578);
INSERT INTO SM_EIGN
	VALUES (1048611,
	1048583,
	1048578,
	1048577,
	'');
INSERT INTO SM_SEME
	VALUES (1048611,
	1048583,
	1048578,
	1048577);
INSERT INTO SM_STATE
	VALUES (1048612,
	1048578,
	1048577,
	'Test Event Ref Omitting Meaning And Parens To Assigner',
	40,
	0);
INSERT INTO SM_EIGN
	VALUES (1048612,
	1048577,
	1048578,
	1048577,
	'');
INSERT INTO SM_SEME
	VALUES (1048612,
	1048577,
	1048578,
	1048577);
INSERT INTO SM_EIGN
	VALUES (1048612,
	1048578,
	1048578,
	1048577,
	'');
INSERT INTO SM_SEME
	VALUES (1048612,
	1048578,
	1048578,
	1048577);
INSERT INTO SM_SEME
	VALUES (1048612,
	1048579,
	1048578,
	1048577);
INSERT INTO SM_EIGN
	VALUES (1048612,
	1048580,
	1048578,
	1048577,
	'');
INSERT INTO SM_SEME
	VALUES (1048612,
	1048580,
	1048578,
	1048577);
INSERT INTO SM_EIGN
	VALUES (1048612,
	1048581,
	1048578,
	1048577,
	'');
INSERT INTO SM_SEME
	VALUES (1048612,
	1048581,
	1048578,
	1048577);
INSERT INTO SM_EIGN
	VALUES (1048612,
	1048582,
	1048578,
	1048578,
	'');
INSERT INTO SM_SEME
	VALUES (1048612,
	1048582,
	1048578,
	1048578);
INSERT INTO SM_SEME
	VALUES (1048612,
	1048583,
	1048578,
	1048577);
INSERT INTO SM_STATE
	VALUES (1048613,
	1048578,
	1048577,
	'Test Event Ref Supplying Meaning Omitting Parens To Assigner',
	41,
	0);
INSERT INTO SM_EIGN
	VALUES (1048613,
	1048577,
	1048578,
	1048577,
	'');
INSERT INTO SM_SEME
	VALUES (1048613,
	1048577,
	1048578,
	1048577);
INSERT INTO SM_EIGN
	VALUES (1048613,
	1048578,
	1048578,
	1048577,
	'');
INSERT INTO SM_SEME
	VALUES (1048613,
	1048578,
	1048578,
	1048577);
INSERT INTO SM_EIGN
	VALUES (1048613,
	1048579,
	1048578,
	1048577,
	'');
INSERT INTO SM_SEME
	VALUES (1048613,
	1048579,
	1048578,
	1048577);
INSERT INTO SM_SEME
	VALUES (1048613,
	1048580,
	1048578,
	1048577);
INSERT INTO SM_EIGN
	VALUES (1048613,
	1048581,
	1048578,
	1048577,
	'');
INSERT INTO SM_SEME
	VALUES (1048613,
	1048581,
	1048578,
	1048577);
INSERT INTO SM_EIGN
	VALUES (1048613,
	1048582,
	1048578,
	1048578,
	'');
INSERT INTO SM_SEME
	VALUES (1048613,
	1048582,
	1048578,
	1048578);
INSERT INTO SM_SEME
	VALUES (1048613,
	1048583,
	1048578,
	1048577);
INSERT INTO SM_STATE
	VALUES (1048614,
	1048578,
	1048577,
	'Test Event Ref Omitting Meaning With Supdata To Assigner',
	42,
	0);
INSERT INTO SM_EIGN
	VALUES (1048614,
	1048577,
	1048578,
	1048577,
	'');
INSERT INTO SM_SEME
	VALUES (1048614,
	1048577,
	1048578,
	1048577);
INSERT INTO SM_EIGN
	VALUES (1048614,
	1048578,
	1048578,
	1048577,
	'');
INSERT INTO SM_SEME
	VALUES (1048614,
	1048578,
	1048578,
	1048577);
INSERT INTO SM_EIGN
	VALUES (1048614,
	1048579,
	1048578,
	1048577,
	'');
INSERT INTO SM_SEME
	VALUES (1048614,
	1048579,
	1048578,
	1048577);
INSERT INTO SM_EIGN
	VALUES (1048614,
	1048580,
	1048578,
	1048577,
	'');
INSERT INTO SM_SEME
	VALUES (1048614,
	1048580,
	1048578,
	1048577);
INSERT INTO SM_SEME
	VALUES (1048614,
	1048581,
	1048578,
	1048577);
INSERT INTO SM_EIGN
	VALUES (1048614,
	1048582,
	1048578,
	1048578,
	'');
INSERT INTO SM_SEME
	VALUES (1048614,
	1048582,
	1048578,
	1048578);
INSERT INTO SM_SEME
	VALUES (1048614,
	1048583,
	1048578,
	1048577);
INSERT INTO SM_STATE
	VALUES (1048615,
	1048578,
	1048577,
	'PRA1',
	43,
	0);
INSERT INTO SM_SEME
	VALUES (1048615,
	1048577,
	1048578,
	1048577);
INSERT INTO SM_EIGN
	VALUES (1048615,
	1048578,
	1048578,
	1048577,
	'');
INSERT INTO SM_SEME
	VALUES (1048615,
	1048578,
	1048578,
	1048577);
INSERT INTO SM_EIGN
	VALUES (1048615,
	1048579,
	1048578,
	1048577,
	'');
INSERT INTO SM_SEME
	VALUES (1048615,
	1048579,
	1048578,
	1048577);
INSERT INTO SM_EIGN
	VALUES (1048615,
	1048580,
	1048578,
	1048577,
	'');
INSERT INTO SM_SEME
	VALUES (1048615,
	1048580,
	1048578,
	1048577);
INSERT INTO SM_EIGN
	VALUES (1048615,
	1048581,
	1048578,
	1048577,
	'');
INSERT INTO SM_SEME
	VALUES (1048615,
	1048581,
	1048578,
	1048577);
INSERT INTO SM_EIGN
	VALUES (1048615,
	1048582,
	1048578,
	1048578,
	'');
INSERT INTO SM_SEME
	VALUES (1048615,
	1048582,
	1048578,
	1048578);
INSERT INTO SM_EIGN
	VALUES (1048615,
	1048583,
	1048578,
	1048577,
	'');
INSERT INTO SM_SEME
	VALUES (1048615,
	1048583,
	1048578,
	1048577);
INSERT INTO SM_STATE
	VALUES (1048616,
	1048578,
	1048577,
	'PRA2',
	44,
	0);
INSERT INTO SM_SEME
	VALUES (1048616,
	1048577,
	1048578,
	1048577);
INSERT INTO SM_EIGN
	VALUES (1048616,
	1048578,
	1048578,
	1048577,
	'');
INSERT INTO SM_SEME
	VALUES (1048616,
	1048578,
	1048578,
	1048577);
INSERT INTO SM_EIGN
	VALUES (1048616,
	1048579,
	1048578,
	1048577,
	'');
INSERT INTO SM_SEME
	VALUES (1048616,
	1048579,
	1048578,
	1048577);
INSERT INTO SM_EIGN
	VALUES (1048616,
	1048580,
	1048578,
	1048577,
	'');
INSERT INTO SM_SEME
	VALUES (1048616,
	1048580,
	1048578,
	1048577);
INSERT INTO SM_EIGN
	VALUES (1048616,
	1048581,
	1048578,
	1048577,
	'');
INSERT INTO SM_SEME
	VALUES (1048616,
	1048581,
	1048578,
	1048577);
INSERT INTO SM_EIGN
	VALUES (1048616,
	1048582,
	1048578,
	1048578,
	'');
INSERT INTO SM_SEME
	VALUES (1048616,
	1048582,
	1048578,
	1048578);
INSERT INTO SM_EIGN
	VALUES (1048616,
	1048583,
	1048578,
	1048577,
	'');
INSERT INTO SM_SEME
	VALUES (1048616,
	1048583,
	1048578,
	1048577);
INSERT INTO SM_STATE
	VALUES (1048617,
	1048578,
	1048577,
	'PRA3',
	45,
	0);
INSERT INTO SM_SEME
	VALUES (1048617,
	1048577,
	1048578,
	1048577);
INSERT INTO SM_EIGN
	VALUES (1048617,
	1048578,
	1048578,
	1048577,
	'');
INSERT INTO SM_SEME
	VALUES (1048617,
	1048578,
	1048578,
	1048577);
INSERT INTO SM_EIGN
	VALUES (1048617,
	1048579,
	1048578,
	1048577,
	'');
INSERT INTO SM_SEME
	VALUES (1048617,
	1048579,
	1048578,
	1048577);
INSERT INTO SM_EIGN
	VALUES (1048617,
	1048580,
	1048578,
	1048577,
	'');
INSERT INTO SM_SEME
	VALUES (1048617,
	1048580,
	1048578,
	1048577);
INSERT INTO SM_EIGN
	VALUES (1048617,
	1048581,
	1048578,
	1048577,
	'');
INSERT INTO SM_SEME
	VALUES (1048617,
	1048581,
	1048578,
	1048577);
INSERT INTO SM_EIGN
	VALUES (1048617,
	1048582,
	1048578,
	1048578,
	'');
INSERT INTO SM_SEME
	VALUES (1048617,
	1048582,
	1048578,
	1048578);
INSERT INTO SM_EIGN
	VALUES (1048617,
	1048583,
	1048578,
	1048577,
	'');
INSERT INTO SM_SEME
	VALUES (1048617,
	1048583,
	1048578,
	1048577);
INSERT INTO SM_STATE
	VALUES (1048618,
	1048578,
	1048577,
	'FGC1',
	46,
	0);
INSERT INTO SM_SEME
	VALUES (1048618,
	1048577,
	1048578,
	1048577);
INSERT INTO SM_EIGN
	VALUES (1048618,
	1048578,
	1048578,
	1048577,
	'');
INSERT INTO SM_SEME
	VALUES (1048618,
	1048578,
	1048578,
	1048577);
INSERT INTO SM_EIGN
	VALUES (1048618,
	1048579,
	1048578,
	1048577,
	'');
INSERT INTO SM_SEME
	VALUES (1048618,
	1048579,
	1048578,
	1048577);
INSERT INTO SM_EIGN
	VALUES (1048618,
	1048580,
	1048578,
	1048577,
	'');
INSERT INTO SM_SEME
	VALUES (1048618,
	1048580,
	1048578,
	1048577);
INSERT INTO SM_EIGN
	VALUES (1048618,
	1048581,
	1048578,
	1048577,
	'');
INSERT INTO SM_SEME
	VALUES (1048618,
	1048581,
	1048578,
	1048577);
INSERT INTO SM_EIGN
	VALUES (1048618,
	1048582,
	1048578,
	1048578,
	'');
INSERT INTO SM_SEME
	VALUES (1048618,
	1048582,
	1048578,
	1048578);
INSERT INTO SM_EIGN
	VALUES (1048618,
	1048583,
	1048578,
	1048577,
	'');
INSERT INTO SM_SEME
	VALUES (1048618,
	1048583,
	1048578,
	1048577);
INSERT INTO SM_STATE
	VALUES (1048619,
	1048578,
	1048577,
	'FGC2',
	47,
	0);
INSERT INTO SM_SEME
	VALUES (1048619,
	1048577,
	1048578,
	1048577);
INSERT INTO SM_EIGN
	VALUES (1048619,
	1048578,
	1048578,
	1048577,
	'');
INSERT INTO SM_SEME
	VALUES (1048619,
	1048578,
	1048578,
	1048577);
INSERT INTO SM_EIGN
	VALUES (1048619,
	1048579,
	1048578,
	1048577,
	'');
INSERT INTO SM_SEME
	VALUES (1048619,
	1048579,
	1048578,
	1048577);
INSERT INTO SM_EIGN
	VALUES (1048619,
	1048580,
	1048578,
	1048577,
	'');
INSERT INTO SM_SEME
	VALUES (1048619,
	1048580,
	1048578,
	1048577);
INSERT INTO SM_EIGN
	VALUES (1048619,
	1048581,
	1048578,
	1048577,
	'');
INSERT INTO SM_SEME
	VALUES (1048619,
	1048581,
	1048578,
	1048577);
INSERT INTO SM_EIGN
	VALUES (1048619,
	1048582,
	1048578,
	1048578,
	'');
INSERT INTO SM_SEME
	VALUES (1048619,
	1048582,
	1048578,
	1048578);
INSERT INTO SM_EIGN
	VALUES (1048619,
	1048583,
	1048578,
	1048577,
	'');
INSERT INTO SM_SEME
	VALUES (1048619,
	1048583,
	1048578,
	1048577);
INSERT INTO SM_STATE
	VALUES (1048620,
	1048578,
	1048577,
	'FGC3',
	48,
	0);
INSERT INTO SM_SEME
	VALUES (1048620,
	1048577,
	1048578,
	1048577);
INSERT INTO SM_EIGN
	VALUES (1048620,
	1048578,
	1048578,
	1048577,
	'');
INSERT INTO SM_SEME
	VALUES (1048620,
	1048578,
	1048578,
	1048577);
INSERT INTO SM_EIGN
	VALUES (1048620,
	1048579,
	1048578,
	1048577,
	'');
INSERT INTO SM_SEME
	VALUES (1048620,
	1048579,
	1048578,
	1048577);
INSERT INTO SM_EIGN
	VALUES (1048620,
	1048580,
	1048578,
	1048577,
	'');
INSERT INTO SM_SEME
	VALUES (1048620,
	1048580,
	1048578,
	1048577);
INSERT INTO SM_EIGN
	VALUES (1048620,
	1048581,
	1048578,
	1048577,
	'');
INSERT INTO SM_SEME
	VALUES (1048620,
	1048581,
	1048578,
	1048577);
INSERT INTO SM_EIGN
	VALUES (1048620,
	1048582,
	1048578,
	1048578,
	'');
INSERT INTO SM_SEME
	VALUES (1048620,
	1048582,
	1048578,
	1048578);
INSERT INTO SM_EIGN
	VALUES (1048620,
	1048583,
	1048578,
	1048577,
	'');
INSERT INTO SM_SEME
	VALUES (1048620,
	1048583,
	1048578,
	1048577);
INSERT INTO SM_STATE
	VALUES (1048621,
	1048578,
	1048577,
	'FRC1',
	49,
	0);
INSERT INTO SM_SEME
	VALUES (1048621,
	1048577,
	1048578,
	1048577);
INSERT INTO SM_EIGN
	VALUES (1048621,
	1048578,
	1048578,
	1048577,
	'');
INSERT INTO SM_SEME
	VALUES (1048621,
	1048578,
	1048578,
	1048577);
INSERT INTO SM_EIGN
	VALUES (1048621,
	1048579,
	1048578,
	1048577,
	'');
INSERT INTO SM_SEME
	VALUES (1048621,
	1048579,
	1048578,
	1048577);
INSERT INTO SM_EIGN
	VALUES (1048621,
	1048580,
	1048578,
	1048577,
	'');
INSERT INTO SM_SEME
	VALUES (1048621,
	1048580,
	1048578,
	1048577);
INSERT INTO SM_EIGN
	VALUES (1048621,
	1048581,
	1048578,
	1048577,
	'');
INSERT INTO SM_SEME
	VALUES (1048621,
	1048581,
	1048578,
	1048577);
INSERT INTO SM_EIGN
	VALUES (1048621,
	1048582,
	1048578,
	1048578,
	'');
INSERT INTO SM_SEME
	VALUES (1048621,
	1048582,
	1048578,
	1048578);
INSERT INTO SM_EIGN
	VALUES (1048621,
	1048583,
	1048578,
	1048577,
	'');
INSERT INTO SM_SEME
	VALUES (1048621,
	1048583,
	1048578,
	1048577);
INSERT INTO SM_STATE
	VALUES (1048622,
	1048578,
	1048577,
	'FRC2',
	50,
	0);
INSERT INTO SM_SEME
	VALUES (1048622,
	1048577,
	1048578,
	1048577);
INSERT INTO SM_EIGN
	VALUES (1048622,
	1048578,
	1048578,
	1048577,
	'');
INSERT INTO SM_SEME
	VALUES (1048622,
	1048578,
	1048578,
	1048577);
INSERT INTO SM_EIGN
	VALUES (1048622,
	1048579,
	1048578,
	1048577,
	'');
INSERT INTO SM_SEME
	VALUES (1048622,
	1048579,
	1048578,
	1048577);
INSERT INTO SM_EIGN
	VALUES (1048622,
	1048580,
	1048578,
	1048577,
	'');
INSERT INTO SM_SEME
	VALUES (1048622,
	1048580,
	1048578,
	1048577);
INSERT INTO SM_EIGN
	VALUES (1048622,
	1048581,
	1048578,
	1048577,
	'');
INSERT INTO SM_SEME
	VALUES (1048622,
	1048581,
	1048578,
	1048577);
INSERT INTO SM_EIGN
	VALUES (1048622,
	1048582,
	1048578,
	1048578,
	'');
INSERT INTO SM_SEME
	VALUES (1048622,
	1048582,
	1048578,
	1048578);
INSERT INTO SM_EIGN
	VALUES (1048622,
	1048583,
	1048578,
	1048577,
	'');
INSERT INTO SM_SEME
	VALUES (1048622,
	1048583,
	1048578,
	1048577);
INSERT INTO SM_STATE
	VALUES (1048623,
	1048578,
	1048577,
	'FRC3',
	51,
	0);
INSERT INTO SM_SEME
	VALUES (1048623,
	1048577,
	1048578,
	1048577);
INSERT INTO SM_EIGN
	VALUES (1048623,
	1048578,
	1048578,
	1048577,
	'');
INSERT INTO SM_SEME
	VALUES (1048623,
	1048578,
	1048578,
	1048577);
INSERT INTO SM_EIGN
	VALUES (1048623,
	1048579,
	1048578,
	1048577,
	'');
INSERT INTO SM_SEME
	VALUES (1048623,
	1048579,
	1048578,
	1048577);
INSERT INTO SM_EIGN
	VALUES (1048623,
	1048580,
	1048578,
	1048577,
	'');
INSERT INTO SM_SEME
	VALUES (1048623,
	1048580,
	1048578,
	1048577);
INSERT INTO SM_EIGN
	VALUES (1048623,
	1048581,
	1048578,
	1048577,
	'');
INSERT INTO SM_SEME
	VALUES (1048623,
	1048581,
	1048578,
	1048577);
INSERT INTO SM_EIGN
	VALUES (1048623,
	1048582,
	1048578,
	1048578,
	'');
INSERT INTO SM_SEME
	VALUES (1048623,
	1048582,
	1048578,
	1048578);
INSERT INTO SM_EIGN
	VALUES (1048623,
	1048583,
	1048578,
	1048577,
	'');
INSERT INTO SM_SEME
	VALUES (1048623,
	1048583,
	1048578,
	1048577);
INSERT INTO SM_STATE
	VALUES (1048624,
	1048578,
	1048577,
	'Test Event Ref Omitting Meaning With Supdata To Creator',
	52,
	0);
INSERT INTO SM_EIGN
	VALUES (1048624,
	1048577,
	1048578,
	1048577,
	'');
INSERT INTO SM_SEME
	VALUES (1048624,
	1048577,
	1048578,
	1048577);
INSERT INTO SM_EIGN
	VALUES (1048624,
	1048578,
	1048578,
	1048577,
	'');
INSERT INTO SM_SEME
	VALUES (1048624,
	1048578,
	1048578,
	1048577);
INSERT INTO SM_EIGN
	VALUES (1048624,
	1048579,
	1048578,
	1048577,
	'');
INSERT INTO SM_SEME
	VALUES (1048624,
	1048579,
	1048578,
	1048577);
INSERT INTO SM_EIGN
	VALUES (1048624,
	1048580,
	1048578,
	1048577,
	'');
INSERT INTO SM_SEME
	VALUES (1048624,
	1048580,
	1048578,
	1048577);
INSERT INTO SM_SEME
	VALUES (1048624,
	1048581,
	1048578,
	1048577);
INSERT INTO SM_EIGN
	VALUES (1048624,
	1048582,
	1048578,
	1048578,
	'');
INSERT INTO SM_SEME
	VALUES (1048624,
	1048582,
	1048578,
	1048578);
INSERT INTO SM_SEME
	VALUES (1048624,
	1048583,
	1048578,
	1048577);
INSERT INTO SM_STATE
	VALUES (1048625,
	1048578,
	1048577,
	'Test Event Ref Supplying Meaning Omitting Parens To Creator',
	53,
	0);
INSERT INTO SM_EIGN
	VALUES (1048625,
	1048577,
	1048578,
	1048577,
	'');
INSERT INTO SM_SEME
	VALUES (1048625,
	1048577,
	1048578,
	1048577);
INSERT INTO SM_EIGN
	VALUES (1048625,
	1048578,
	1048578,
	1048577,
	'');
INSERT INTO SM_SEME
	VALUES (1048625,
	1048578,
	1048578,
	1048577);
INSERT INTO SM_EIGN
	VALUES (1048625,
	1048579,
	1048578,
	1048577,
	'');
INSERT INTO SM_SEME
	VALUES (1048625,
	1048579,
	1048578,
	1048577);
INSERT INTO SM_SEME
	VALUES (1048625,
	1048580,
	1048578,
	1048577);
INSERT INTO SM_EIGN
	VALUES (1048625,
	1048581,
	1048578,
	1048577,
	'');
INSERT INTO SM_SEME
	VALUES (1048625,
	1048581,
	1048578,
	1048577);
INSERT INTO SM_EIGN
	VALUES (1048625,
	1048582,
	1048578,
	1048578,
	'');
INSERT INTO SM_SEME
	VALUES (1048625,
	1048582,
	1048578,
	1048578);
INSERT INTO SM_SEME
	VALUES (1048625,
	1048583,
	1048578,
	1048577);
INSERT INTO SM_STATE
	VALUES (1048626,
	1048578,
	1048577,
	'Test Event Ref Omitting Meaning And Parens To Creator',
	54,
	0);
INSERT INTO SM_EIGN
	VALUES (1048626,
	1048577,
	1048578,
	1048577,
	'');
INSERT INTO SM_SEME
	VALUES (1048626,
	1048577,
	1048578,
	1048577);
INSERT INTO SM_EIGN
	VALUES (1048626,
	1048578,
	1048578,
	1048577,
	'');
INSERT INTO SM_SEME
	VALUES (1048626,
	1048578,
	1048578,
	1048577);
INSERT INTO SM_SEME
	VALUES (1048626,
	1048579,
	1048578,
	1048577);
INSERT INTO SM_EIGN
	VALUES (1048626,
	1048580,
	1048578,
	1048577,
	'');
INSERT INTO SM_SEME
	VALUES (1048626,
	1048580,
	1048578,
	1048577);
INSERT INTO SM_EIGN
	VALUES (1048626,
	1048581,
	1048578,
	1048577,
	'');
INSERT INTO SM_SEME
	VALUES (1048626,
	1048581,
	1048578,
	1048577);
INSERT INTO SM_EIGN
	VALUES (1048626,
	1048582,
	1048578,
	1048578,
	'');
INSERT INTO SM_SEME
	VALUES (1048626,
	1048582,
	1048578,
	1048578);
INSERT INTO SM_SEME
	VALUES (1048626,
	1048583,
	1048578,
	1048577);
INSERT INTO SM_STATE
	VALUES (1048627,
	1048578,
	1048577,
	'Test Event Gen Omitting Meaning With Supdata To Creator',
	55,
	0);
INSERT INTO SM_EIGN
	VALUES (1048627,
	1048577,
	1048578,
	1048577,
	'');
INSERT INTO SM_SEME
	VALUES (1048627,
	1048577,
	1048578,
	1048577);
INSERT INTO SM_EIGN
	VALUES (1048627,
	1048578,
	1048578,
	1048577,
	'');
INSERT INTO SM_SEME
	VALUES (1048627,
	1048578,
	1048578,
	1048577);
INSERT INTO SM_EIGN
	VALUES (1048627,
	1048579,
	1048578,
	1048577,
	'');
INSERT INTO SM_SEME
	VALUES (1048627,
	1048579,
	1048578,
	1048577);
INSERT INTO SM_EIGN
	VALUES (1048627,
	1048580,
	1048578,
	1048577,
	'');
INSERT INTO SM_SEME
	VALUES (1048627,
	1048580,
	1048578,
	1048577);
INSERT INTO SM_SEME
	VALUES (1048627,
	1048581,
	1048578,
	1048577);
INSERT INTO SM_EIGN
	VALUES (1048627,
	1048582,
	1048578,
	1048578,
	'');
INSERT INTO SM_SEME
	VALUES (1048627,
	1048582,
	1048578,
	1048578);
INSERT INTO SM_SEME
	VALUES (1048627,
	1048583,
	1048578,
	1048577);
INSERT INTO SM_STATE
	VALUES (1048628,
	1048578,
	1048577,
	'Test Event Gen Supplying Meaning Omitting Parens To Creator',
	56,
	0);
INSERT INTO SM_EIGN
	VALUES (1048628,
	1048577,
	1048578,
	1048577,
	'');
INSERT INTO SM_SEME
	VALUES (1048628,
	1048577,
	1048578,
	1048577);
INSERT INTO SM_EIGN
	VALUES (1048628,
	1048578,
	1048578,
	1048577,
	'');
INSERT INTO SM_SEME
	VALUES (1048628,
	1048578,
	1048578,
	1048577);
INSERT INTO SM_EIGN
	VALUES (1048628,
	1048579,
	1048578,
	1048577,
	'');
INSERT INTO SM_SEME
	VALUES (1048628,
	1048579,
	1048578,
	1048577);
INSERT INTO SM_SEME
	VALUES (1048628,
	1048580,
	1048578,
	1048577);
INSERT INTO SM_EIGN
	VALUES (1048628,
	1048581,
	1048578,
	1048577,
	'');
INSERT INTO SM_SEME
	VALUES (1048628,
	1048581,
	1048578,
	1048577);
INSERT INTO SM_EIGN
	VALUES (1048628,
	1048582,
	1048578,
	1048578,
	'');
INSERT INTO SM_SEME
	VALUES (1048628,
	1048582,
	1048578,
	1048578);
INSERT INTO SM_SEME
	VALUES (1048628,
	1048583,
	1048578,
	1048577);
INSERT INTO SM_STATE
	VALUES (1048629,
	1048578,
	1048577,
	'Test Event Gen Omitting Meaning And Parens To Creator',
	57,
	0);
INSERT INTO SM_EIGN
	VALUES (1048629,
	1048577,
	1048578,
	1048577,
	'');
INSERT INTO SM_SEME
	VALUES (1048629,
	1048577,
	1048578,
	1048577);
INSERT INTO SM_EIGN
	VALUES (1048629,
	1048578,
	1048578,
	1048577,
	'');
INSERT INTO SM_SEME
	VALUES (1048629,
	1048578,
	1048578,
	1048577);
INSERT INTO SM_SEME
	VALUES (1048629,
	1048579,
	1048578,
	1048577);
INSERT INTO SM_EIGN
	VALUES (1048629,
	1048580,
	1048578,
	1048577,
	'');
INSERT INTO SM_SEME
	VALUES (1048629,
	1048580,
	1048578,
	1048577);
INSERT INTO SM_EIGN
	VALUES (1048629,
	1048581,
	1048578,
	1048577,
	'');
INSERT INTO SM_SEME
	VALUES (1048629,
	1048581,
	1048578,
	1048577);
INSERT INTO SM_EIGN
	VALUES (1048629,
	1048582,
	1048578,
	1048578,
	'');
INSERT INTO SM_SEME
	VALUES (1048629,
	1048582,
	1048578,
	1048578);
INSERT INTO SM_SEME
	VALUES (1048629,
	1048583,
	1048578,
	1048577);
INSERT INTO SM_STATE
	VALUES (1048630,
	1048578,
	1048577,
	'PGC1',
	58,
	0);
INSERT INTO SM_SEME
	VALUES (1048630,
	1048577,
	1048578,
	1048577);
INSERT INTO SM_EIGN
	VALUES (1048630,
	1048578,
	1048578,
	1048577,
	'');
INSERT INTO SM_SEME
	VALUES (1048630,
	1048578,
	1048578,
	1048577);
INSERT INTO SM_EIGN
	VALUES (1048630,
	1048579,
	1048578,
	1048577,
	'');
INSERT INTO SM_SEME
	VALUES (1048630,
	1048579,
	1048578,
	1048577);
INSERT INTO SM_EIGN
	VALUES (1048630,
	1048580,
	1048578,
	1048577,
	'');
INSERT INTO SM_SEME
	VALUES (1048630,
	1048580,
	1048578,
	1048577);
INSERT INTO SM_EIGN
	VALUES (1048630,
	1048581,
	1048578,
	1048577,
	'');
INSERT INTO SM_SEME
	VALUES (1048630,
	1048581,
	1048578,
	1048577);
INSERT INTO SM_EIGN
	VALUES (1048630,
	1048582,
	1048578,
	1048578,
	'');
INSERT INTO SM_SEME
	VALUES (1048630,
	1048582,
	1048578,
	1048578);
INSERT INTO SM_EIGN
	VALUES (1048630,
	1048583,
	1048578,
	1048577,
	'');
INSERT INTO SM_SEME
	VALUES (1048630,
	1048583,
	1048578,
	1048577);
INSERT INTO SM_STATE
	VALUES (1048631,
	1048578,
	1048577,
	'PGC2',
	59,
	0);
INSERT INTO SM_SEME
	VALUES (1048631,
	1048577,
	1048578,
	1048577);
INSERT INTO SM_EIGN
	VALUES (1048631,
	1048578,
	1048578,
	1048577,
	'');
INSERT INTO SM_SEME
	VALUES (1048631,
	1048578,
	1048578,
	1048577);
INSERT INTO SM_EIGN
	VALUES (1048631,
	1048579,
	1048578,
	1048577,
	'');
INSERT INTO SM_SEME
	VALUES (1048631,
	1048579,
	1048578,
	1048577);
INSERT INTO SM_EIGN
	VALUES (1048631,
	1048580,
	1048578,
	1048577,
	'');
INSERT INTO SM_SEME
	VALUES (1048631,
	1048580,
	1048578,
	1048577);
INSERT INTO SM_EIGN
	VALUES (1048631,
	1048581,
	1048578,
	1048577,
	'');
INSERT INTO SM_SEME
	VALUES (1048631,
	1048581,
	1048578,
	1048577);
INSERT INTO SM_EIGN
	VALUES (1048631,
	1048582,
	1048578,
	1048578,
	'');
INSERT INTO SM_SEME
	VALUES (1048631,
	1048582,
	1048578,
	1048578);
INSERT INTO SM_EIGN
	VALUES (1048631,
	1048583,
	1048578,
	1048577,
	'');
INSERT INTO SM_SEME
	VALUES (1048631,
	1048583,
	1048578,
	1048577);
INSERT INTO SM_STATE
	VALUES (1048632,
	1048578,
	1048577,
	'PGC3',
	60,
	0);
INSERT INTO SM_SEME
	VALUES (1048632,
	1048577,
	1048578,
	1048577);
INSERT INTO SM_EIGN
	VALUES (1048632,
	1048578,
	1048578,
	1048577,
	'');
INSERT INTO SM_SEME
	VALUES (1048632,
	1048578,
	1048578,
	1048577);
INSERT INTO SM_EIGN
	VALUES (1048632,
	1048579,
	1048578,
	1048577,
	'');
INSERT INTO SM_SEME
	VALUES (1048632,
	1048579,
	1048578,
	1048577);
INSERT INTO SM_EIGN
	VALUES (1048632,
	1048580,
	1048578,
	1048577,
	'');
INSERT INTO SM_SEME
	VALUES (1048632,
	1048580,
	1048578,
	1048577);
INSERT INTO SM_EIGN
	VALUES (1048632,
	1048581,
	1048578,
	1048577,
	'');
INSERT INTO SM_SEME
	VALUES (1048632,
	1048581,
	1048578,
	1048577);
INSERT INTO SM_EIGN
	VALUES (1048632,
	1048582,
	1048578,
	1048578,
	'');
INSERT INTO SM_SEME
	VALUES (1048632,
	1048582,
	1048578,
	1048578);
INSERT INTO SM_EIGN
	VALUES (1048632,
	1048583,
	1048578,
	1048577,
	'');
INSERT INTO SM_SEME
	VALUES (1048632,
	1048583,
	1048578,
	1048577);
INSERT INTO SM_STATE
	VALUES (1048633,
	1048578,
	1048577,
	'PRC1',
	61,
	0);
INSERT INTO SM_SEME
	VALUES (1048633,
	1048577,
	1048578,
	1048577);
INSERT INTO SM_EIGN
	VALUES (1048633,
	1048578,
	1048578,
	1048577,
	'');
INSERT INTO SM_SEME
	VALUES (1048633,
	1048578,
	1048578,
	1048577);
INSERT INTO SM_EIGN
	VALUES (1048633,
	1048579,
	1048578,
	1048577,
	'');
INSERT INTO SM_SEME
	VALUES (1048633,
	1048579,
	1048578,
	1048577);
INSERT INTO SM_EIGN
	VALUES (1048633,
	1048580,
	1048578,
	1048577,
	'');
INSERT INTO SM_SEME
	VALUES (1048633,
	1048580,
	1048578,
	1048577);
INSERT INTO SM_EIGN
	VALUES (1048633,
	1048581,
	1048578,
	1048577,
	'');
INSERT INTO SM_SEME
	VALUES (1048633,
	1048581,
	1048578,
	1048577);
INSERT INTO SM_EIGN
	VALUES (1048633,
	1048582,
	1048578,
	1048578,
	'');
INSERT INTO SM_SEME
	VALUES (1048633,
	1048582,
	1048578,
	1048578);
INSERT INTO SM_EIGN
	VALUES (1048633,
	1048583,
	1048578,
	1048577,
	'');
INSERT INTO SM_SEME
	VALUES (1048633,
	1048583,
	1048578,
	1048577);
INSERT INTO SM_STATE
	VALUES (1048634,
	1048578,
	1048577,
	'PRC2',
	62,
	0);
INSERT INTO SM_SEME
	VALUES (1048634,
	1048577,
	1048578,
	1048577);
INSERT INTO SM_EIGN
	VALUES (1048634,
	1048578,
	1048578,
	1048577,
	'');
INSERT INTO SM_SEME
	VALUES (1048634,
	1048578,
	1048578,
	1048577);
INSERT INTO SM_EIGN
	VALUES (1048634,
	1048579,
	1048578,
	1048577,
	'');
INSERT INTO SM_SEME
	VALUES (1048634,
	1048579,
	1048578,
	1048577);
INSERT INTO SM_EIGN
	VALUES (1048634,
	1048580,
	1048578,
	1048577,
	'');
INSERT INTO SM_SEME
	VALUES (1048634,
	1048580,
	1048578,
	1048577);
INSERT INTO SM_EIGN
	VALUES (1048634,
	1048581,
	1048578,
	1048577,
	'');
INSERT INTO SM_SEME
	VALUES (1048634,
	1048581,
	1048578,
	1048577);
INSERT INTO SM_EIGN
	VALUES (1048634,
	1048582,
	1048578,
	1048578,
	'');
INSERT INTO SM_SEME
	VALUES (1048634,
	1048582,
	1048578,
	1048578);
INSERT INTO SM_EIGN
	VALUES (1048634,
	1048583,
	1048578,
	1048577,
	'');
INSERT INTO SM_SEME
	VALUES (1048634,
	1048583,
	1048578,
	1048577);
INSERT INTO SM_STATE
	VALUES (1048635,
	1048578,
	1048577,
	'PRC3',
	63,
	0);
INSERT INTO SM_SEME
	VALUES (1048635,
	1048577,
	1048578,
	1048577);
INSERT INTO SM_EIGN
	VALUES (1048635,
	1048578,
	1048578,
	1048577,
	'');
INSERT INTO SM_SEME
	VALUES (1048635,
	1048578,
	1048578,
	1048577);
INSERT INTO SM_EIGN
	VALUES (1048635,
	1048579,
	1048578,
	1048577,
	'');
INSERT INTO SM_SEME
	VALUES (1048635,
	1048579,
	1048578,
	1048577);
INSERT INTO SM_EIGN
	VALUES (1048635,
	1048580,
	1048578,
	1048577,
	'');
INSERT INTO SM_SEME
	VALUES (1048635,
	1048580,
	1048578,
	1048577);
INSERT INTO SM_EIGN
	VALUES (1048635,
	1048581,
	1048578,
	1048577,
	'');
INSERT INTO SM_SEME
	VALUES (1048635,
	1048581,
	1048578,
	1048577);
INSERT INTO SM_EIGN
	VALUES (1048635,
	1048582,
	1048578,
	1048578,
	'');
INSERT INTO SM_SEME
	VALUES (1048635,
	1048582,
	1048578,
	1048578);
INSERT INTO SM_EIGN
	VALUES (1048635,
	1048583,
	1048578,
	1048577,
	'');
INSERT INTO SM_SEME
	VALUES (1048635,
	1048583,
	1048578,
	1048577);
INSERT INTO SM_NSTXN
	VALUES (1048577,
	1048578,
	1048577,
	1048578,
	1048577);
INSERT INTO SM_TXN
	VALUES (1048577,
	1048578,
	1048577,
	1048577);
INSERT INTO SM_NSTXN
	VALUES (1048578,
	1048578,
	1048578,
	1048577,
	1048577);
INSERT INTO SM_TXN
	VALUES (1048578,
	1048578,
	1048579,
	1048577);
INSERT INTO SM_NSTXN
	VALUES (1048579,
	1048578,
	1048579,
	1048577,
	1048577);
INSERT INTO SM_TXN
	VALUES (1048579,
	1048578,
	1048580,
	1048577);
INSERT INTO SM_NSTXN
	VALUES (1048580,
	1048578,
	1048581,
	1048577,
	1048577);
INSERT INTO SM_TXN
	VALUES (1048580,
	1048578,
	1048578,
	1048577);
INSERT INTO SM_NSTXN
	VALUES (1048581,
	1048578,
	1048577,
	1048577,
	1048577);
INSERT INTO SM_TXN
	VALUES (1048581,
	1048578,
	1048585,
	1048577);
INSERT INTO SM_NSTXN
	VALUES (1048582,
	1048578,
	1048585,
	1048579,
	1048577);
INSERT INTO SM_TXN
	VALUES (1048582,
	1048578,
	1048584,
	1048577);
INSERT INTO SM_NSTXN
	VALUES (1048583,
	1048578,
	1048584,
	1048577,
	1048577);
INSERT INTO SM_TXN
	VALUES (1048583,
	1048578,
	1048582,
	1048577);
INSERT INTO SM_NSTXN
	VALUES (1048584,
	1048578,
	1048586,
	1048577,
	1048577);
INSERT INTO SM_TXN
	VALUES (1048584,
	1048578,
	1048582,
	1048577);
INSERT INTO SM_NSTXN
	VALUES (1048585,
	1048578,
	1048582,
	1048580,
	1048577);
INSERT INTO SM_TXN
	VALUES (1048585,
	1048578,
	1048589,
	1048577);
INSERT INTO SM_NSTXN
	VALUES (1048586,
	1048578,
	1048589,
	1048577,
	1048577);
INSERT INTO SM_TXN
	VALUES (1048586,
	1048578,
	1048583,
	1048577);
INSERT INTO SM_NSTXN
	VALUES (1048587,
	1048578,
	1048583,
	1048581,
	1048577);
INSERT INTO SM_TXN
	VALUES (1048587,
	1048578,
	1048590,
	1048577);
INSERT INTO SM_NSTXN
	VALUES (1048588,
	1048578,
	1048587,
	1048577,
	1048577);
INSERT INTO SM_TXN
	VALUES (1048588,
	1048578,
	1048583,
	1048577);
INSERT INTO SM_NSTXN
	VALUES (1048589,
	1048578,
	1048582,
	1048583,
	1048577);
INSERT INTO SM_TXN
	VALUES (1048589,
	1048578,
	1048587,
	1048577);
INSERT INTO SM_NSTXN
	VALUES (1048590,
	1048578,
	1048585,
	1048583,
	1048577);
INSERT INTO SM_TXN
	VALUES (1048590,
	1048578,
	1048586,
	1048577);
INSERT INTO SM_NSTXN
	VALUES (1048591,
	1048578,
	1048588,
	1048577,
	1048577);
INSERT INTO SM_TXN
	VALUES (1048591,
	1048578,
	1048591,
	1048577);
INSERT INTO SM_NSTXN
	VALUES (1048592,
	1048578,
	1048590,
	1048577,
	1048577);
INSERT INTO SM_TXN
	VALUES (1048592,
	1048578,
	1048591,
	1048577);
INSERT INTO SM_NSTXN
	VALUES (1048593,
	1048578,
	1048591,
	1048579,
	1048577);
INSERT INTO SM_TXN
	VALUES (1048593,
	1048578,
	1048594,
	1048577);
INSERT INTO SM_NSTXN
	VALUES (1048594,
	1048578,
	1048592,
	1048580,
	1048577);
INSERT INTO SM_TXN
	VALUES (1048594,
	1048578,
	1048596,
	1048577);
INSERT INTO SM_NSTXN
	VALUES (1048595,
	1048578,
	1048593,
	1048581,
	1048577);
INSERT INTO SM_TXN
	VALUES (1048595,
	1048578,
	1048598,
	1048577);
INSERT INTO SM_NSTXN
	VALUES (1048596,
	1048578,
	1048594,
	1048577,
	1048577);
INSERT INTO SM_TXN
	VALUES (1048596,
	1048578,
	1048592,
	1048577);
INSERT INTO SM_NSTXN
	VALUES (1048597,
	1048578,
	1048596,
	1048577,
	1048577);
INSERT INTO SM_TXN
	VALUES (1048597,
	1048578,
	1048593,
	1048577);
INSERT INTO SM_NSTXN
	VALUES (1048598,
	1048578,
	1048597,
	1048577,
	1048577);
INSERT INTO SM_TXN
	VALUES (1048598,
	1048578,
	1048593,
	1048577);
INSERT INTO SM_NSTXN
	VALUES (1048599,
	1048578,
	1048595,
	1048577,
	1048577);
INSERT INTO SM_TXN
	VALUES (1048599,
	1048578,
	1048592,
	1048577);
INSERT INTO SM_NSTXN
	VALUES (1048600,
	1048578,
	1048591,
	1048583,
	1048577);
INSERT INTO SM_TXN
	VALUES (1048600,
	1048578,
	1048595,
	1048577);
INSERT INTO SM_NSTXN
	VALUES (1048601,
	1048578,
	1048592,
	1048583,
	1048577);
INSERT INTO SM_TXN
	VALUES (1048601,
	1048578,
	1048597,
	1048577);
INSERT INTO SM_NSTXN
	VALUES (1048602,
	1048578,
	1048598,
	1048577,
	1048577);
INSERT INTO SM_TXN
	VALUES (1048602,
	1048578,
	1048606,
	1048577);
INSERT INTO SM_NSTXN
	VALUES (1048603,
	1048578,
	1048599,
	1048577,
	1048577);
INSERT INTO SM_TXN
	VALUES (1048603,
	1048578,
	1048606,
	1048577);
INSERT INTO SM_NSTXN
	VALUES (1048604,
	1048578,
	1048605,
	1048577,
	1048577);
INSERT INTO SM_TXN
	VALUES (1048604,
	1048578,
	1048629,
	1048577);
INSERT INTO SM_NSTXN
	VALUES (1048605,
	1048578,
	1048617,
	1048577,
	1048577);
INSERT INTO SM_TXN
	VALUES (1048605,
	1048578,
	1048629,
	1048577);
INSERT INTO SM_NSTXN
	VALUES (1048606,
	1048578,
	1048630,
	1048577,
	1048577);
INSERT INTO SM_TXN
	VALUES (1048606,
	1048578,
	1048628,
	1048577);
INSERT INTO SM_NSTXN
	VALUES (1048607,
	1048578,
	1048618,
	1048577,
	1048577);
INSERT INTO SM_TXN
	VALUES (1048607,
	1048578,
	1048628,
	1048577);
INSERT INTO SM_NSTXN
	VALUES (1048608,
	1048578,
	1048631,
	1048577,
	1048577);
INSERT INTO SM_TXN
	VALUES (1048608,
	1048578,
	1048627,
	1048577);
INSERT INTO SM_NSTXN
	VALUES (1048609,
	1048578,
	1048619,
	1048577,
	1048577);
INSERT INTO SM_TXN
	VALUES (1048609,
	1048578,
	1048627,
	1048577);
INSERT INTO SM_NSTXN
	VALUES (1048610,
	1048578,
	1048620,
	1048577,
	1048577);
INSERT INTO SM_TXN
	VALUES (1048610,
	1048578,
	1048626,
	1048577);
INSERT INTO SM_NSTXN
	VALUES (1048611,
	1048578,
	1048632,
	1048577,
	1048577);
INSERT INTO SM_TXN
	VALUES (1048611,
	1048578,
	1048626,
	1048577);
INSERT INTO SM_NSTXN
	VALUES (1048612,
	1048578,
	1048621,
	1048577,
	1048577);
INSERT INTO SM_TXN
	VALUES (1048612,
	1048578,
	1048625,
	1048577);
INSERT INTO SM_NSTXN
	VALUES (1048613,
	1048578,
	1048633,
	1048577,
	1048577);
INSERT INTO SM_TXN
	VALUES (1048613,
	1048578,
	1048625,
	1048577);
INSERT INTO SM_NSTXN
	VALUES (1048614,
	1048578,
	1048622,
	1048577,
	1048577);
INSERT INTO SM_TXN
	VALUES (1048614,
	1048578,
	1048624,
	1048577);
INSERT INTO SM_NSTXN
	VALUES (1048615,
	1048578,
	1048634,
	1048577,
	1048577);
INSERT INTO SM_TXN
	VALUES (1048615,
	1048578,
	1048624,
	1048577);
INSERT INTO SM_NSTXN
	VALUES (1048616,
	1048578,
	1048616,
	1048577,
	1048577);
INSERT INTO SM_TXN
	VALUES (1048616,
	1048578,
	1048614,
	1048577);
INSERT INTO SM_NSTXN
	VALUES (1048617,
	1048578,
	1048604,
	1048577,
	1048577);
INSERT INTO SM_TXN
	VALUES (1048617,
	1048578,
	1048614,
	1048577);
INSERT INTO SM_NSTXN
	VALUES (1048618,
	1048578,
	1048615,
	1048577,
	1048577);
INSERT INTO SM_TXN
	VALUES (1048618,
	1048578,
	1048613,
	1048577);
INSERT INTO SM_NSTXN
	VALUES (1048619,
	1048578,
	1048603,
	1048577,
	1048577);
INSERT INTO SM_TXN
	VALUES (1048619,
	1048578,
	1048613,
	1048577);
INSERT INTO SM_NSTXN
	VALUES (1048620,
	1048578,
	1048611,
	1048577,
	1048577);
INSERT INTO SM_TXN
	VALUES (1048620,
	1048578,
	1048612,
	1048577);
INSERT INTO SM_NSTXN
	VALUES (1048621,
	1048578,
	1048602,
	1048577,
	1048577);
INSERT INTO SM_TXN
	VALUES (1048621,
	1048578,
	1048612,
	1048577);
INSERT INTO SM_NSTXN
	VALUES (1048622,
	1048578,
	1048610,
	1048577,
	1048577);
INSERT INTO SM_TXN
	VALUES (1048622,
	1048578,
	1048609,
	1048577);
INSERT INTO SM_NSTXN
	VALUES (1048623,
	1048578,
	1048601,
	1048577,
	1048577);
INSERT INTO SM_TXN
	VALUES (1048623,
	1048578,
	1048609,
	1048577);
INSERT INTO SM_NSTXN
	VALUES (1048624,
	1048578,
	1048607,
	1048577,
	1048577);
INSERT INTO SM_TXN
	VALUES (1048624,
	1048578,
	1048608,
	1048577);
INSERT INTO SM_NSTXN
	VALUES (1048625,
	1048578,
	1048600,
	1048577,
	1048577);
INSERT INTO SM_TXN
	VALUES (1048625,
	1048578,
	1048608,
	1048577);
INSERT INTO SM_NSTXN
	VALUES (1048626,
	1048578,
	1048606,
	1048583,
	1048577);
INSERT INTO SM_TXN
	VALUES (1048626,
	1048578,
	1048607,
	1048577);
INSERT INTO SM_NSTXN
	VALUES (1048627,
	1048578,
	1048608,
	1048583,
	1048577);
INSERT INTO SM_TXN
	VALUES (1048627,
	1048578,
	1048610,
	1048577);
INSERT INTO SM_NSTXN
	VALUES (1048628,
	1048578,
	1048629,
	1048583,
	1048577);
INSERT INTO SM_TXN
	VALUES (1048628,
	1048578,
	1048630,
	1048577);
INSERT INTO SM_NSTXN
	VALUES (1048629,
	1048578,
	1048628,
	1048583,
	1048577);
INSERT INTO SM_TXN
	VALUES (1048629,
	1048578,
	1048631,
	1048577);
INSERT INTO SM_NSTXN
	VALUES (1048630,
	1048578,
	1048626,
	1048583,
	1048577);
INSERT INTO SM_TXN
	VALUES (1048630,
	1048578,
	1048633,
	1048577);
INSERT INTO SM_NSTXN
	VALUES (1048631,
	1048578,
	1048625,
	1048583,
	1048577);
INSERT INTO SM_TXN
	VALUES (1048631,
	1048578,
	1048634,
	1048577);
INSERT INTO SM_NSTXN
	VALUES (1048632,
	1048578,
	1048606,
	1048579,
	1048577);
INSERT INTO SM_TXN
	VALUES (1048632,
	1048578,
	1048600,
	1048577);
INSERT INTO SM_NSTXN
	VALUES (1048633,
	1048578,
	1048608,
	1048580,
	1048577);
INSERT INTO SM_TXN
	VALUES (1048633,
	1048578,
	1048601,
	1048577);
INSERT INTO SM_NSTXN
	VALUES (1048634,
	1048578,
	1048609,
	1048581,
	1048577);
INSERT INTO SM_TXN
	VALUES (1048634,
	1048578,
	1048602,
	1048577);
INSERT INTO SM_NSTXN
	VALUES (1048635,
	1048578,
	1048629,
	1048579,
	1048577);
INSERT INTO SM_TXN
	VALUES (1048635,
	1048578,
	1048618,
	1048577);
INSERT INTO SM_NSTXN
	VALUES (1048636,
	1048578,
	1048628,
	1048580,
	1048577);
INSERT INTO SM_TXN
	VALUES (1048636,
	1048578,
	1048619,
	1048577);
INSERT INTO SM_NSTXN
	VALUES (1048637,
	1048578,
	1048627,
	1048581,
	1048577);
INSERT INTO SM_TXN
	VALUES (1048637,
	1048578,
	1048620,
	1048577);
INSERT INTO SM_NSTXN
	VALUES (1048638,
	1048578,
	1048612,
	1048579,
	1048577);
INSERT INTO SM_TXN
	VALUES (1048638,
	1048578,
	1048603,
	1048577);
INSERT INTO SM_NSTXN
	VALUES (1048639,
	1048578,
	1048613,
	1048580,
	1048577);
INSERT INTO SM_TXN
	VALUES (1048639,
	1048578,
	1048604,
	1048577);
INSERT INTO SM_NSTXN
	VALUES (1048640,
	1048578,
	1048614,
	1048581,
	1048577);
INSERT INTO SM_TXN
	VALUES (1048640,
	1048578,
	1048605,
	1048577);
INSERT INTO SM_NSTXN
	VALUES (1048641,
	1048578,
	1048626,
	1048579,
	1048577);
INSERT INTO SM_TXN
	VALUES (1048641,
	1048578,
	1048621,
	1048577);
INSERT INTO SM_NSTXN
	VALUES (1048642,
	1048578,
	1048625,
	1048580,
	1048577);
INSERT INTO SM_TXN
	VALUES (1048642,
	1048578,
	1048622,
	1048577);
INSERT INTO SM_NSTXN
	VALUES (1048643,
	1048578,
	1048624,
	1048581,
	1048577);
INSERT INTO SM_TXN
	VALUES (1048643,
	1048578,
	1048623,
	1048577);
INSERT INTO SM_NSTXN
	VALUES (1048668,
	1048578,
	1048613,
	1048583,
	1048577);
INSERT INTO SM_TXN
	VALUES (1048668,
	1048578,
	1048616,
	1048577);
INSERT INTO SM_NSTXN
	VALUES (1048669,
	1048578,
	1048612,
	1048583,
	1048577);
INSERT INTO SM_TXN
	VALUES (1048669,
	1048578,
	1048615,
	1048577);
INSERT INTO SM_NSTXN
	VALUES (1048670,
	1048578,
	1048583,
	1048583,
	1048577);
INSERT INTO SM_TXN
	VALUES (1048670,
	1048578,
	1048588,
	1048577);
INSERT INTO SM_NSTXN
	VALUES (1048671,
	1048578,
	1048593,
	1048583,
	1048577);
INSERT INTO SM_TXN
	VALUES (1048671,
	1048578,
	1048599,
	1048577);
INSERT INTO SM_NSTXN
	VALUES (1048672,
	1048578,
	1048609,
	1048583,
	1048577);
INSERT INTO SM_TXN
	VALUES (1048672,
	1048578,
	1048611,
	1048577);
INSERT INTO SM_NSTXN
	VALUES (1048673,
	1048578,
	1048614,
	1048583,
	1048577);
INSERT INTO SM_TXN
	VALUES (1048673,
	1048578,
	1048617,
	1048577);
INSERT INTO SM_NSTXN
	VALUES (1048674,
	1048578,
	1048627,
	1048583,
	1048577);
INSERT INTO SM_TXN
	VALUES (1048674,
	1048578,
	1048632,
	1048577);
INSERT INTO SM_NSTXN
	VALUES (1048675,
	1048578,
	1048624,
	1048583,
	1048577);
INSERT INTO SM_TXN
	VALUES (1048675,
	1048578,
	1048635,
	1048577);
INSERT INTO SM_NSTXN
	VALUES (1048678,
	1048578,
	1048623,
	1048577,
	1048577);
INSERT INTO SM_TXN
	VALUES (1048678,
	1048578,
	1048581,
	1048577);
INSERT INTO SM_NSTXN
	VALUES (1048679,
	1048578,
	1048635,
	1048577,
	1048577);
INSERT INTO SM_TXN
	VALUES (1048679,
	1048578,
	1048581,
	1048577);
INSERT INTO SM_MOAH
	VALUES (1048577,
	1048578,
	1048577);
INSERT INTO SM_AH
	VALUES (1048577,
	1048578);
INSERT INTO SM_ACT
	VALUES (1048577,
	1048578,
	1,
	'self.testNumber = 0;

// The original test waited for  DR2 from and external entity ...
//  ala ....
// DR2 to go to next state comes from EE, to tell the OOA that the EE is ready

// Let''s just do it!
generate DR2:''next test'' to self;',
	'');
INSERT INTO SM_MOAH
	VALUES (1048578,
	1048578,
	1048578);
INSERT INTO SM_AH
	VALUES (1048578,
	1048578);
INSERT INTO SM_ACT
	VALUES (1048578,
	1048578,
	1,
	'// Increment test counter
self.testNumber = self.testNumber + 1;


transform a = TRAN::return_int(int:7);
a = a + TRAN::return_int(int:7);

if (a == 14)
   LOG::LogSuccess(message:"Test Optional Transform");
else
   LOG::LogFailure(message:"Test Optional Transform");
end if;

generate DR2:''next test'' to self;
',
	'');
INSERT INTO SM_MOAH
	VALUES (1048579,
	1048578,
	1048579);
INSERT INTO SM_AH
	VALUES (1048579,
	1048578);
INSERT INTO SM_ACT
	VALUES (1048579,
	1048578,
	1,
	'// Increment test counter
self.testNumber = self.testNumber + 1;


bridge brTest = TIM::create_date (day:1, month:2, year:3, second:4, minute:5,
				hour:6);

if (TIM::get_day(date:brTest) == 1)
  LOG::LogSuccess(message:"Test Optional Bridge");
else
  LOG::LogFailure(message:"Test Optional Bridge");
end if;

generate DR2:''next test'' to self;
',
	'');
INSERT INTO SM_MOAH
	VALUES (1048580,
	1048578,
	1048580);
INSERT INTO SM_AH
	VALUES (1048580,
	1048578);
INSERT INTO SM_ACT
	VALUES (1048580,
	1048578,
	1,
	'LOG::LogInfo(message:"Test Complete");
bridge ARCH::shutdown();',
	'');
INSERT INTO SM_MOAH
	VALUES (1048581,
	1048578,
	1048581);
INSERT INTO SM_AH
	VALUES (1048581,
	1048578);
INSERT INTO SM_ACT
	VALUES (1048581,
	1048578,
	1,
	'// Increment test counter
self.testNumber = self.testNumber + 1;

assign x = 1;
x = x + 1;

if (x == 2)
   LOG::LogSuccess(message:"Test Optional Assign");
else
  LOG::LogFailure(message:"Test Optional Assign");
end if;

generate DR2:''next test'' to self;',
	'');
INSERT INTO SM_MOAH
	VALUES (1048582,
	1048578,
	1048582);
INSERT INTO SM_AH
	VALUES (1048582,
	1048578);
INSERT INTO SM_ACT
	VALUES (1048582,
	1048578,
	1,
	'// Increment test counter
self.testNumber = self.testNumber + 1;

create event instance test_failed_evt of DR4: 
			''supplied meaning no parens failed'' to self;
self.test_failed_timer = TIM::timer_start (microseconds:10000000,  
			event_inst:test_failed_evt);

select any evtst from instances of EVTST;
generate EVTST1:''no supdata'' to evtst;
',
	'');
INSERT INTO SM_MOAH
	VALUES (1048583,
	1048578,
	1048583);
INSERT INTO SM_AH
	VALUES (1048583,
	1048578);
INSERT INTO SM_ACT
	VALUES (1048583,
	1048578,
	1,
	'// Increment test counter
self.testNumber = self.testNumber + 1;

create event instance test_failed_evt of DR5: 
			''no meaning with supdata failed'' to self;
self.test_failed_timer = TIM::timer_start (microseconds:10000000,  
			event_inst:test_failed_evt);

select any evtst from instances of EVTST;
generate EVTST2 (int_param:7) to evtst;
',
	'');
INSERT INTO SM_MOAH
	VALUES (1048584,
	1048578,
	1048584);
INSERT INTO SM_AH
	VALUES (1048584,
	1048578);
INSERT INTO SM_ACT
	VALUES (1048584,
	1048578,
	1,
	'LOG::LogFailure(message:"FGC3");
generate DR2:''next test'' to self;',
	'');
INSERT INTO SM_MOAH
	VALUES (1048585,
	1048578,
	1048585);
INSERT INTO SM_AH
	VALUES (1048585,
	1048578);
INSERT INTO SM_ACT
	VALUES (1048585,
	1048578,
	1,
	'// Increment test counter
self.testNumber = self.testNumber + 1;

create event instance test_failed_evt of DR3: 
			''no meaning no parens failed'' to self;
self.test_failed_timer = TIM::timer_start (microseconds:10000000,  
			event_inst:test_failed_evt);

select any evtst from instances of EVTST;
generate EVTST1 to evtst;',
	'');
INSERT INTO SM_MOAH
	VALUES (1048586,
	1048578,
	1048586);
INSERT INTO SM_AH
	VALUES (1048586,
	1048578);
INSERT INTO SM_ACT
	VALUES (1048586,
	1048578,
	1,
	'// Cancel ''test failed'' timer.
cancel_status = TIM::timer_cancel (timer_inst_ref:self.test_failed_timer);
LOG::LogSuccess(message:"PGI1");
generate DR2:''next test'' to self;',
	'');
INSERT INTO SM_MOAH
	VALUES (1048587,
	1048578,
	1048587);
INSERT INTO SM_AH
	VALUES (1048587,
	1048578);
INSERT INTO SM_ACT
	VALUES (1048587,
	1048578,
	1,
	'// Cancel ''test failed'' timer.
cancel_status = TIM::timer_cancel (timer_inst_ref:self.test_failed_timer);
LOG::LogSuccess(message:"PGI2");
generate DR2:''next test'' to self;',
	'');
INSERT INTO SM_MOAH
	VALUES (1048588,
	1048578,
	1048588);
INSERT INTO SM_AH
	VALUES (1048588,
	1048578);
INSERT INTO SM_ACT
	VALUES (1048588,
	1048578,
	1,
	'// Cancel ''test failed'' timer.
cancel_status = TIM::timer_cancel (timer_inst_ref:self.test_failed_timer);
LOG::LogSuccess(message:"PGI3");
generate DR2:''next test'' to self;',
	'');
INSERT INTO SM_MOAH
	VALUES (1048589,
	1048578,
	1048589);
INSERT INTO SM_AH
	VALUES (1048589,
	1048578);
INSERT INTO SM_ACT
	VALUES (1048589,
	1048578,
	1,
	'LOG::LogFailure(message:"FGI2");
generate DR2:''next test'' to self;',
	'');
INSERT INTO SM_MOAH
	VALUES (1048590,
	1048578,
	1048590);
INSERT INTO SM_AH
	VALUES (1048590,
	1048578);
INSERT INTO SM_ACT
	VALUES (1048590,
	1048578,
	1,
	'LOG::LogFailure(message:"FGI3");
generate DR2:''next test'' to self;',
	'');
INSERT INTO SM_MOAH
	VALUES (1048591,
	1048578,
	1048591);
INSERT INTO SM_AH
	VALUES (1048591,
	1048578);
INSERT INTO SM_ACT
	VALUES (1048591,
	1048578,
	1,
	'// Increment test counter
self.testNumber = self.testNumber + 1;

select any evtst from instances of EVTST;
create event instance send_test_event of EVTST1 to evtst;
self.test_exec_timer = TIM::timer_start (microseconds:1000,
			event_inst:send_test_event);

create event instance test_failed_evt of DR3: 
			''no meaning no parens failed'' to self;
self.test_failed_timer = TIM::timer_start (microseconds:10000000,  
			event_inst:test_failed_evt);

',
	'');
INSERT INTO SM_MOAH
	VALUES (1048592,
	1048578,
	1048592);
INSERT INTO SM_AH
	VALUES (1048592,
	1048578);
INSERT INTO SM_ACT
	VALUES (1048592,
	1048578,
	1,
	'// Increment test counter
self.testNumber = self.testNumber + 1;

select any evtst from instances of EVTST;
create event instance send_test_event of EVTST1:''no supdata'' to evtst;
self.test_exec_timer = TIM::timer_start (microseconds:1000,
			event_inst:send_test_event);

create event instance test_failed_evt of DR4: 
			''supplied meaning no parens failed'' to self;
self.test_failed_timer = TIM::timer_start (microseconds:10000000,  
			event_inst:test_failed_evt);

',
	'');
INSERT INTO SM_MOAH
	VALUES (1048593,
	1048578,
	1048593);
INSERT INTO SM_AH
	VALUES (1048593,
	1048578);
INSERT INTO SM_ACT
	VALUES (1048593,
	1048578,
	1,
	'// Increment test counter
self.testNumber = self.testNumber + 1;

select any evtst from instances of EVTST;
create event instance send_test_event of EVTST2 (int_param:7) to evtst;
self.test_exec_timer = TIM::timer_start (microseconds:1000,
			event_inst:send_test_event);

create event instance test_failed_evt of DR5: 
			''no meaning with supdata failed'' to self;
self.test_failed_timer = TIM::timer_start (microseconds:10000000,  
			event_inst:test_failed_evt);',
	'');
INSERT INTO SM_MOAH
	VALUES (1048594,
	1048578,
	1048594);
INSERT INTO SM_AH
	VALUES (1048594,
	1048578);
INSERT INTO SM_ACT
	VALUES (1048594,
	1048578,
	1,
	'LOG::LogFailure(message:"FRI1");
generate DR2:''next test'' to self;',
	'');
INSERT INTO SM_MOAH
	VALUES (1048595,
	1048578,
	1048595);
INSERT INTO SM_AH
	VALUES (1048595,
	1048578);
INSERT INTO SM_ACT
	VALUES (1048595,
	1048578,
	1,
	'// Cancel ''test failed'' timer.
cancel_status = TIM::timer_cancel (timer_inst_ref:self.test_failed_timer);
LOG::LogSuccess(message:"PRI1");
generate DR2:''next test'' to self;',
	'');
INSERT INTO SM_MOAH
	VALUES (1048596,
	1048578,
	1048596);
INSERT INTO SM_AH
	VALUES (1048596,
	1048578);
INSERT INTO SM_ACT
	VALUES (1048596,
	1048578,
	1,
	'LOG::LogFailure(message:"FRI2");
generate DR2:''next test'' to self;',
	'');
INSERT INTO SM_MOAH
	VALUES (1048597,
	1048578,
	1048597);
INSERT INTO SM_AH
	VALUES (1048597,
	1048578);
INSERT INTO SM_ACT
	VALUES (1048597,
	1048578,
	1,
	'// Cancel ''test failed'' timer.
cancel_status = TIM::timer_cancel (timer_inst_ref:self.test_failed_timer);
LOG::LogSuccess(message:"PRI2");
generate DR2:''next test'' to self;',
	'');
INSERT INTO SM_MOAH
	VALUES (1048598,
	1048578,
	1048598);
INSERT INTO SM_AH
	VALUES (1048598,
	1048578);
INSERT INTO SM_ACT
	VALUES (1048598,
	1048578,
	1,
	'LOG::LogFailure(message:"FRI3");
generate DR2:''next test'' to self;',
	'');
INSERT INTO SM_MOAH
	VALUES (1048599,
	1048578,
	1048599);
INSERT INTO SM_AH
	VALUES (1048599,
	1048578);
INSERT INTO SM_ACT
	VALUES (1048599,
	1048578,
	1,
	'// Cancel ''test failed'' timer.
cancel_status = TIM::timer_cancel (timer_inst_ref:self.test_failed_timer);
LOG::LogSuccess(message:"PRI3");
generate DR2:''next test'' to self;',
	'');
INSERT INTO SM_MOAH
	VALUES (1048600,
	1048578,
	1048600);
INSERT INTO SM_AH
	VALUES (1048600,
	1048578);
INSERT INTO SM_ACT
	VALUES (1048600,
	1048578,
	1,
	'LOG::LogFailure(message:"FGA1");
generate DR2:''next test'' to self;',
	'');
INSERT INTO SM_MOAH
	VALUES (1048601,
	1048578,
	1048601);
INSERT INTO SM_AH
	VALUES (1048601,
	1048578);
INSERT INTO SM_ACT
	VALUES (1048601,
	1048578,
	1,
	'LOG::LogFailure(message:"FGA2");
generate DR2:''next test'' to self;',
	'');
INSERT INTO SM_MOAH
	VALUES (1048602,
	1048578,
	1048602);
INSERT INTO SM_AH
	VALUES (1048602,
	1048578);
INSERT INTO SM_ACT
	VALUES (1048602,
	1048578,
	1,
	'LOG::LogFailure(message:"FGA3");
generate DR2:''next test'' to self;',
	'');
INSERT INTO SM_MOAH
	VALUES (1048603,
	1048578,
	1048603);
INSERT INTO SM_AH
	VALUES (1048603,
	1048578);
INSERT INTO SM_ACT
	VALUES (1048603,
	1048578,
	1,
	'LOG::LogFailure(message:"FRA1");
generate DR2:''next test'' to self;',
	'');
INSERT INTO SM_MOAH
	VALUES (1048604,
	1048578,
	1048604);
INSERT INTO SM_AH
	VALUES (1048604,
	1048578);
INSERT INTO SM_ACT
	VALUES (1048604,
	1048578,
	1,
	'LOG::LogFailure(message:"FRA2");
generate DR2:''next test'' to self;',
	'');
INSERT INTO SM_MOAH
	VALUES (1048605,
	1048578,
	1048605);
INSERT INTO SM_AH
	VALUES (1048605,
	1048578);
INSERT INTO SM_ACT
	VALUES (1048605,
	1048578,
	1,
	'LOG::LogFailure(message:"FRA3");
generate DR2:''next test'' to self;',
	'');
INSERT INTO SM_MOAH
	VALUES (1048606,
	1048578,
	1048606);
INSERT INTO SM_AH
	VALUES (1048606,
	1048578);
INSERT INTO SM_ACT
	VALUES (1048606,
	1048578,
	1,
	'// Increment test counter
self.testNumber = self.testNumber + 1;

create event instance test_failed_evt of DR3: 
			''no meaning no parens failed'' to self;
self.test_failed_timer = TIM::timer_start (microseconds:10000000,  
			event_inst:test_failed_evt);

generate A_EVTST_A1 to A_EVTST assigner;',
	'');
INSERT INTO SM_MOAH
	VALUES (1048607,
	1048578,
	1048607);
INSERT INTO SM_AH
	VALUES (1048607,
	1048578);
INSERT INTO SM_ACT
	VALUES (1048607,
	1048578,
	1,
	'// Cancel ''test failed'' timer.
cancel_status = TIM::timer_cancel (timer_inst_ref:self.test_failed_timer);
LOG::LogSuccess(message:"PGA1");
generate DR2:''next test'' to self;',
	'');
INSERT INTO SM_MOAH
	VALUES (1048608,
	1048578,
	1048608);
INSERT INTO SM_AH
	VALUES (1048608,
	1048578);
INSERT INTO SM_ACT
	VALUES (1048608,
	1048578,
	1,
	'// Increment test counter
self.testNumber = self.testNumber + 1;

create event instance test_failed_evt of DR4: 
			''supplied meaning no parens failed'' to self;
self.test_failed_timer = TIM::timer_start (microseconds:10000000,  
			event_inst:test_failed_evt);


generate A_EVTST_A1:''no supdata'' to A_EVTST assigner;',
	'');
INSERT INTO SM_MOAH
	VALUES (1048609,
	1048578,
	1048609);
INSERT INTO SM_AH
	VALUES (1048609,
	1048578);
INSERT INTO SM_ACT
	VALUES (1048609,
	1048578,
	1,
	'// Increment test counter
self.testNumber = self.testNumber + 1;

create event instance test_failed_evt of DR5: 
			''no meaning with supdata failed'' to self;
self.test_failed_timer = TIM::timer_start (microseconds:10000000,  
			event_inst:test_failed_evt);

generate A_EVTST_A2 (int_param:7) to A_EVTST assigner;',
	'');
INSERT INTO SM_MOAH
	VALUES (1048610,
	1048578,
	1048610);
INSERT INTO SM_AH
	VALUES (1048610,
	1048578);
INSERT INTO SM_ACT
	VALUES (1048610,
	1048578,
	1,
	'// Cancel ''test failed'' timer.
cancel_status = TIM::timer_cancel (timer_inst_ref:self.test_failed_timer);
LOG::LogSuccess(message:"PGA2");
generate DR2:''next test'' to self;',
	'');
INSERT INTO SM_MOAH
	VALUES (1048611,
	1048578,
	1048611);
INSERT INTO SM_AH
	VALUES (1048611,
	1048578);
INSERT INTO SM_ACT
	VALUES (1048611,
	1048578,
	1,
	'// Cancel ''test failed'' timer.
cancel_status = TIM::timer_cancel (timer_inst_ref:self.test_failed_timer);
LOG::LogSuccess(message:"PGA3");
generate DR2:''next test'' to self;',
	'');
INSERT INTO SM_MOAH
	VALUES (1048612,
	1048578,
	1048612);
INSERT INTO SM_AH
	VALUES (1048612,
	1048578);
INSERT INTO SM_ACT
	VALUES (1048612,
	1048578,
	1,
	'// Increment test counter
self.testNumber = self.testNumber + 1;

create event instance send_test_event of A_EVTST_A1 to A_EVTST assigner;
self.test_exec_timer = TIM::timer_start (microseconds:1000,
			event_inst:send_test_event);

create event instance test_failed_evt of DR3: 
			''no meaning no parens failed'' to self;
self.test_failed_timer = TIM::timer_start (microseconds:10000000,  
			event_inst:test_failed_evt);',
	'');
INSERT INTO SM_MOAH
	VALUES (1048613,
	1048578,
	1048613);
INSERT INTO SM_AH
	VALUES (1048613,
	1048578);
INSERT INTO SM_ACT
	VALUES (1048613,
	1048578,
	1,
	'// Increment test counter
self.testNumber = self.testNumber + 1;

create event instance send_test_event of A_EVTST_A1:''no supdata'' to A_EVTST assigner;
self.test_exec_timer = TIM::timer_start (microseconds:1000,
			event_inst:send_test_event);

create event instance test_failed_evt of DR4: 
			''supplied meaning no parens failed'' to self;
self.test_failed_timer = TIM::timer_start (microseconds:10000000,  
			event_inst:test_failed_evt);',
	'');
INSERT INTO SM_MOAH
	VALUES (1048614,
	1048578,
	1048614);
INSERT INTO SM_AH
	VALUES (1048614,
	1048578);
INSERT INTO SM_ACT
	VALUES (1048614,
	1048578,
	1,
	'// Increment test counter
self.testNumber = self.testNumber + 1;

create event instance send_test_event of A_EVTST_A2 (int_param:7) to A_EVTST assigner;
self.test_exec_timer = TIM::timer_start (microseconds:1000,
			event_inst:send_test_event);

create event instance test_failed_evt of DR5: 
			''no meaning with supdata failed'' to self;
self.test_failed_timer = TIM::timer_start (microseconds:10000000,  
			event_inst:test_failed_evt);',
	'');
INSERT INTO SM_MOAH
	VALUES (1048615,
	1048578,
	1048615);
INSERT INTO SM_AH
	VALUES (1048615,
	1048578);
INSERT INTO SM_ACT
	VALUES (1048615,
	1048578,
	1,
	'// Cancel ''test failed'' timer.
cancel_status = TIM::timer_cancel (timer_inst_ref:self.test_failed_timer);
LOG::LogSuccess(message:"PRA1");
generate DR2:''next test'' to self;',
	'');
INSERT INTO SM_MOAH
	VALUES (1048616,
	1048578,
	1048616);
INSERT INTO SM_AH
	VALUES (1048616,
	1048578);
INSERT INTO SM_ACT
	VALUES (1048616,
	1048578,
	1,
	'// Cancel ''test failed'' timer.
cancel_status = TIM::timer_cancel (timer_inst_ref:self.test_failed_timer);
LOG::LogSuccess(message:"PRA2");
generate DR2:''next test'' to self;',
	'');
INSERT INTO SM_MOAH
	VALUES (1048617,
	1048578,
	1048617);
INSERT INTO SM_AH
	VALUES (1048617,
	1048578);
INSERT INTO SM_ACT
	VALUES (1048617,
	1048578,
	1,
	'// Cancel ''test failed'' timer.
cancel_status = TIM::timer_cancel (timer_inst_ref:self.test_failed_timer);
LOG::LogSuccess(message:"PRA3");
generate DR2:''next test'' to self;',
	'');
INSERT INTO SM_MOAH
	VALUES (1048618,
	1048578,
	1048618);
INSERT INTO SM_AH
	VALUES (1048618,
	1048578);
INSERT INTO SM_ACT
	VALUES (1048618,
	1048578,
	1,
	'LOG::LogFailure(message:"FGC1");
generate DR2:''next test'' to self;',
	'');
INSERT INTO SM_MOAH
	VALUES (1048619,
	1048578,
	1048619);
INSERT INTO SM_AH
	VALUES (1048619,
	1048578);
INSERT INTO SM_ACT
	VALUES (1048619,
	1048578,
	1,
	'LOG::LogFailure(message:"FGC2");
generate DR2:''next test'' to self;',
	'');
INSERT INTO SM_MOAH
	VALUES (1048620,
	1048578,
	1048620);
INSERT INTO SM_AH
	VALUES (1048620,
	1048578);
INSERT INTO SM_ACT
	VALUES (1048620,
	1048578,
	1,
	'LOG::LogFailure(message:"FGC3");
generate DR2:''next test'' to self;',
	'');
INSERT INTO SM_MOAH
	VALUES (1048621,
	1048578,
	1048621);
INSERT INTO SM_AH
	VALUES (1048621,
	1048578);
INSERT INTO SM_ACT
	VALUES (1048621,
	1048578,
	1,
	'LOG::LogFailure(message:"FRC1");
generate DR2:''next test'' to self;',
	'');
INSERT INTO SM_MOAH
	VALUES (1048622,
	1048578,
	1048622);
INSERT INTO SM_AH
	VALUES (1048622,
	1048578);
INSERT INTO SM_ACT
	VALUES (1048622,
	1048578,
	1,
	'LOG::LogFailure(message:"FRC2");
generate DR2:''next test'' to self;',
	'');
INSERT INTO SM_MOAH
	VALUES (1048623,
	1048578,
	1048623);
INSERT INTO SM_AH
	VALUES (1048623,
	1048578);
INSERT INTO SM_ACT
	VALUES (1048623,
	1048578,
	1,
	'LOG::LogFailure(message:"FRC3");
generate DR2:''next test'' to self;',
	'');
INSERT INTO SM_MOAH
	VALUES (1048624,
	1048578,
	1048624);
INSERT INTO SM_AH
	VALUES (1048624,
	1048578);
INSERT INTO SM_ACT
	VALUES (1048624,
	1048578,
	1,
	'// Increment test counter
self.testNumber = self.testNumber + 1;

create event instance send_test_event of C_EVTST2 (int_param:7) to C_EVTST creator;
self.test_exec_timer = TIM::timer_start (microseconds:1000,
			event_inst:send_test_event);

create event instance test_failed_evt of DR5: 
			''no meaning with supdata failed'' to self;
self.test_failed_timer = TIM::timer_start (microseconds:10000000,  
			event_inst:test_failed_evt);',
	'');
INSERT INTO SM_MOAH
	VALUES (1048625,
	1048578,
	1048625);
INSERT INTO SM_AH
	VALUES (1048625,
	1048578);
INSERT INTO SM_ACT
	VALUES (1048625,
	1048578,
	1,
	'// Increment test counter
self.testNumber = self.testNumber + 1;

create event instance send_test_event of C_EVTST1:''no supdata'' to C_EVTST creator;
self.test_exec_timer = TIM::timer_start (microseconds:1000,
			event_inst:send_test_event);

create event instance test_failed_evt of DR4: 
			''supplied meaning no parens failed'' to self;
self.test_failed_timer = TIM::timer_start (microseconds:10000000,  
			event_inst:test_failed_evt);

',
	'');
INSERT INTO SM_MOAH
	VALUES (1048626,
	1048578,
	1048626);
INSERT INTO SM_AH
	VALUES (1048626,
	1048578);
INSERT INTO SM_ACT
	VALUES (1048626,
	1048578,
	1,
	'// Increment test counter
self.testNumber = self.testNumber + 1;

create event instance send_test_event of C_EVTST1 to C_EVTST creator;
self.test_exec_timer = TIM::timer_start (microseconds:1000,
			event_inst:send_test_event);

create event instance test_failed_evt of DR3: 
			''no meaning no parens failed'' to self;
self.test_failed_timer = TIM::timer_start (microseconds:10000000,  
			event_inst:test_failed_evt);',
	'');
INSERT INTO SM_MOAH
	VALUES (1048627,
	1048578,
	1048627);
INSERT INTO SM_AH
	VALUES (1048627,
	1048578);
INSERT INTO SM_ACT
	VALUES (1048627,
	1048578,
	1,
	'// Increment test counter
self.testNumber = self.testNumber + 1;

create event instance test_failed_evt of DR5: 
			''no meaning with supdata failed'' to self;
self.test_failed_timer = TIM::timer_start (microseconds:10000000,  
			event_inst:test_failed_evt);

generate C_EVTST2 (int_param:7) to C_EVTST creator;',
	'');
INSERT INTO SM_MOAH
	VALUES (1048628,
	1048578,
	1048628);
INSERT INTO SM_AH
	VALUES (1048628,
	1048578);
INSERT INTO SM_ACT
	VALUES (1048628,
	1048578,
	1,
	'// Increment test counter
self.testNumber = self.testNumber + 1;

create event instance test_failed_evt of DR4: 
			''supplied meaning no parens failed'' to self;
self.test_failed_timer = TIM::timer_start (microseconds:10000000,  
			event_inst:test_failed_evt);

generate C_EVTST1:''no supdata'' to C_EVTST creator;',
	'');
INSERT INTO SM_MOAH
	VALUES (1048629,
	1048578,
	1048629);
INSERT INTO SM_AH
	VALUES (1048629,
	1048578);
INSERT INTO SM_ACT
	VALUES (1048629,
	1048578,
	1,
	'// Increment test counter
self.testNumber = self.testNumber + 1;

create event instance test_failed_evt of DR3: 
			''no meaning no parens failed'' to self;
self.test_failed_timer = TIM::timer_start (microseconds:10000000,  
			event_inst:test_failed_evt);

generate C_EVTST1 to C_EVTST creator;',
	'');
INSERT INTO SM_MOAH
	VALUES (1048630,
	1048578,
	1048630);
INSERT INTO SM_AH
	VALUES (1048630,
	1048578);
INSERT INTO SM_ACT
	VALUES (1048630,
	1048578,
	1,
	'// Cancel ''test failed'' timer.
cancel_status = TIM::timer_cancel (timer_inst_ref:self.test_failed_timer);
LOG::LogSuccess(message:"PGC1");
generate DR2:''next test'' to self;',
	'');
INSERT INTO SM_MOAH
	VALUES (1048631,
	1048578,
	1048631);
INSERT INTO SM_AH
	VALUES (1048631,
	1048578);
INSERT INTO SM_ACT
	VALUES (1048631,
	1048578,
	1,
	'// Cancel ''test failed'' timer.
cancel_status = TIM::timer_cancel (timer_inst_ref:self.test_failed_timer);
LOG::LogSuccess(message:"PGC2");
generate DR2:''next test'' to self;',
	'');
INSERT INTO SM_MOAH
	VALUES (1048632,
	1048578,
	1048632);
INSERT INTO SM_AH
	VALUES (1048632,
	1048578);
INSERT INTO SM_ACT
	VALUES (1048632,
	1048578,
	1,
	'// Cancel ''test failed'' timer.
cancel_status = TIM::timer_cancel (timer_inst_ref:self.test_failed_timer);
LOG::LogSuccess(message:"PGC3");
generate DR2:''next test'' to self;',
	'');
INSERT INTO SM_MOAH
	VALUES (1048633,
	1048578,
	1048633);
INSERT INTO SM_AH
	VALUES (1048633,
	1048578);
INSERT INTO SM_ACT
	VALUES (1048633,
	1048578,
	1,
	'// Cancel ''test failed'' timer.
cancel_status = TIM::timer_cancel (timer_inst_ref:self.test_failed_timer);
LOG::LogSuccess(message:"PRC1");
generate DR2:''next test'' to self;',
	'');
INSERT INTO SM_MOAH
	VALUES (1048634,
	1048578,
	1048634);
INSERT INTO SM_AH
	VALUES (1048634,
	1048578);
INSERT INTO SM_ACT
	VALUES (1048634,
	1048578,
	1,
	'// Cancel ''test failed'' timer.
cancel_status = TIM::timer_cancel (timer_inst_ref:self.test_failed_timer);
LOG::LogSuccess(message:"PRC2");
generate DR2:''next test'' to self;',
	'');
INSERT INTO SM_MOAH
	VALUES (1048635,
	1048578,
	1048635);
INSERT INTO SM_AH
	VALUES (1048635,
	1048578);
INSERT INTO SM_ACT
	VALUES (1048635,
	1048578,
	1,
	'// Cancel ''test failed'' timer.
cancel_status = TIM::timer_cancel (timer_inst_ref:self.test_failed_timer);
LOG::LogSuccess(message:"PRC3");
generate DR2:''next test'' to self;',
	'');
INSERT INTO GD_MD
	VALUES (1048577,
	8,
	1048578,
	40,
	1,
	0,
	1,
	1,
	0,
	12,
	1600,
	4200,
	1.000000,
	0);
INSERT INTO GD_GE
	VALUES (1048578,
	1048577,
	1048577,
	41);
INSERT INTO GD_SHP
	VALUES (1048578,
	1520,
	1248,
	1696,
	1344);
INSERT INTO GD_GE
	VALUES (1048579,
	1048577,
	1048578,
	41);
INSERT INTO GD_SHP
	VALUES (1048579,
	3376,
	2336,
	3584,
	2432);
INSERT INTO GD_GE
	VALUES (1048580,
	1048577,
	1048579,
	41);
INSERT INTO GD_SHP
	VALUES (1048580,
	3648,
	2336,
	3856,
	2432);
INSERT INTO GD_GE
	VALUES (1048581,
	1048577,
	1048580,
	41);
INSERT INTO GD_SHP
	VALUES (1048581,
	3920,
	2336,
	4128,
	2432);
INSERT INTO GD_GE
	VALUES (1048582,
	1048577,
	1048581,
	41);
INSERT INTO GD_SHP
	VALUES (1048582,
	3104,
	2336,
	3312,
	2432);
INSERT INTO GD_GE
	VALUES (1048583,
	1048577,
	1048582,
	41);
INSERT INTO GD_SHP
	VALUES (1048583,
	1520,
	1520,
	1680,
	1616);
INSERT INTO GD_GE
	VALUES (1048584,
	1048577,
	1048583,
	41);
INSERT INTO GD_SHP
	VALUES (1048584,
	1520,
	1648,
	1680,
	1744);
INSERT INTO GD_GE
	VALUES (1048585,
	1048577,
	1048584,
	41);
INSERT INTO GD_SHP
	VALUES (1048585,
	1280,
	1456,
	1424,
	1552);
INSERT INTO GD_GE
	VALUES (1048586,
	1048577,
	1048585,
	41);
INSERT INTO GD_SHP
	VALUES (1048586,
	1520,
	1392,
	1680,
	1488);
INSERT INTO GD_GE
	VALUES (1048587,
	1048577,
	1048586,
	41);
INSERT INTO GD_SHP
	VALUES (1048587,
	1776,
	1456,
	1920,
	1552);
INSERT INTO GD_GE
	VALUES (1048588,
	1048577,
	1048587,
	41);
INSERT INTO GD_SHP
	VALUES (1048588,
	1776,
	1584,
	1920,
	1680);
INSERT INTO GD_GE
	VALUES (1048589,
	1048577,
	1048588,
	41);
INSERT INTO GD_SHP
	VALUES (1048589,
	1776,
	1712,
	1920,
	1808);
INSERT INTO GD_GE
	VALUES (1048590,
	1048577,
	1048589,
	41);
INSERT INTO GD_SHP
	VALUES (1048590,
	1280,
	1584,
	1424,
	1680);
INSERT INTO GD_GE
	VALUES (1048591,
	1048577,
	1048590,
	41);
INSERT INTO GD_SHP
	VALUES (1048591,
	1280,
	1712,
	1424,
	1808);
INSERT INTO GD_GE
	VALUES (1048592,
	1048577,
	1048591,
	41);
INSERT INTO GD_SHP
	VALUES (1048592,
	1520,
	1824,
	1680,
	1920);
INSERT INTO GD_GE
	VALUES (1048593,
	1048577,
	1048592,
	41);
INSERT INTO GD_SHP
	VALUES (1048593,
	1520,
	1952,
	1680,
	2048);
INSERT INTO GD_GE
	VALUES (1048594,
	1048577,
	1048593,
	41);
INSERT INTO GD_SHP
	VALUES (1048594,
	1520,
	2080,
	1680,
	2176);
INSERT INTO GD_GE
	VALUES (1048595,
	1048577,
	1048594,
	41);
INSERT INTO GD_SHP
	VALUES (1048595,
	1280,
	1888,
	1424,
	1984);
INSERT INTO GD_GE
	VALUES (1048596,
	1048577,
	1048595,
	41);
INSERT INTO GD_SHP
	VALUES (1048596,
	1776,
	1888,
	1920,
	1984);
INSERT INTO GD_GE
	VALUES (1048597,
	1048577,
	1048596,
	41);
INSERT INTO GD_SHP
	VALUES (1048597,
	1280,
	2016,
	1424,
	2112);
INSERT INTO GD_GE
	VALUES (1048598,
	1048577,
	1048597,
	41);
INSERT INTO GD_SHP
	VALUES (1048598,
	1776,
	2016,
	1920,
	2112);
INSERT INTO GD_GE
	VALUES (1048599,
	1048577,
	1048598,
	41);
INSERT INTO GD_SHP
	VALUES (1048599,
	1280,
	2144,
	1424,
	2240);
INSERT INTO GD_GE
	VALUES (1048600,
	1048577,
	1048599,
	41);
INSERT INTO GD_SHP
	VALUES (1048600,
	1776,
	2144,
	1920,
	2240);
INSERT INTO GD_GE
	VALUES (1048601,
	1048577,
	1048600,
	41);
INSERT INTO GD_SHP
	VALUES (1048601,
	2000,
	1456,
	2144,
	1552);
INSERT INTO GD_GE
	VALUES (1048602,
	1048577,
	1048601,
	41);
INSERT INTO GD_SHP
	VALUES (1048602,
	2000,
	1584,
	2144,
	1680);
INSERT INTO GD_GE
	VALUES (1048603,
	1048577,
	1048602,
	41);
INSERT INTO GD_SHP
	VALUES (1048603,
	2000,
	1712,
	2144,
	1808);
INSERT INTO GD_GE
	VALUES (1048604,
	1048577,
	1048603,
	41);
INSERT INTO GD_SHP
	VALUES (1048604,
	2000,
	1888,
	2144,
	1984);
INSERT INTO GD_GE
	VALUES (1048605,
	1048577,
	1048604,
	41);
INSERT INTO GD_SHP
	VALUES (1048605,
	2000,
	2016,
	2144,
	2112);
INSERT INTO GD_GE
	VALUES (1048606,
	1048577,
	1048605,
	41);
INSERT INTO GD_SHP
	VALUES (1048606,
	2000,
	2144,
	2144,
	2240);
INSERT INTO GD_GE
	VALUES (1048607,
	1048577,
	1048606,
	41);
INSERT INTO GD_SHP
	VALUES (1048607,
	2240,
	1392,
	2400,
	1488);
INSERT INTO GD_GE
	VALUES (1048608,
	1048577,
	1048607,
	41);
INSERT INTO GD_SHP
	VALUES (1048608,
	2496,
	1456,
	2640,
	1552);
INSERT INTO GD_GE
	VALUES (1048609,
	1048577,
	1048608,
	41);
INSERT INTO GD_SHP
	VALUES (1048609,
	2240,
	1520,
	2400,
	1616);
INSERT INTO GD_GE
	VALUES (1048610,
	1048577,
	1048609,
	41);
INSERT INTO GD_SHP
	VALUES (1048610,
	2240,
	1648,
	2400,
	1744);
INSERT INTO GD_GE
	VALUES (1048611,
	1048577,
	1048610,
	41);
INSERT INTO GD_SHP
	VALUES (1048611,
	2496,
	1584,
	2640,
	1680);
INSERT INTO GD_GE
	VALUES (1048612,
	1048577,
	1048611,
	41);
INSERT INTO GD_SHP
	VALUES (1048612,
	2496,
	1712,
	2640,
	1808);
INSERT INTO GD_GE
	VALUES (1048613,
	1048577,
	1048612,
	41);
INSERT INTO GD_SHP
	VALUES (1048613,
	2240,
	1824,
	2400,
	1920);
INSERT INTO GD_GE
	VALUES (1048614,
	1048577,
	1048613,
	41);
INSERT INTO GD_SHP
	VALUES (1048614,
	2240,
	1952,
	2400,
	2048);
INSERT INTO GD_GE
	VALUES (1048615,
	1048577,
	1048614,
	41);
INSERT INTO GD_SHP
	VALUES (1048615,
	2240,
	2080,
	2400,
	2176);
INSERT INTO GD_GE
	VALUES (1048616,
	1048577,
	1048615,
	41);
INSERT INTO GD_SHP
	VALUES (1048616,
	2496,
	1888,
	2640,
	1984);
INSERT INTO GD_GE
	VALUES (1048617,
	1048577,
	1048616,
	41);
INSERT INTO GD_SHP
	VALUES (1048617,
	2496,
	2016,
	2640,
	2112);
INSERT INTO GD_GE
	VALUES (1048618,
	1048577,
	1048617,
	41);
INSERT INTO GD_SHP
	VALUES (1048618,
	2496,
	2144,
	2640,
	2240);
INSERT INTO GD_GE
	VALUES (1048619,
	1048577,
	1048618,
	41);
INSERT INTO GD_SHP
	VALUES (1048619,
	2736,
	1456,
	2880,
	1552);
INSERT INTO GD_GE
	VALUES (1048620,
	1048577,
	1048619,
	41);
INSERT INTO GD_SHP
	VALUES (1048620,
	2736,
	1584,
	2880,
	1680);
INSERT INTO GD_GE
	VALUES (1048621,
	1048577,
	1048620,
	41);
INSERT INTO GD_SHP
	VALUES (1048621,
	2736,
	1712,
	2880,
	1808);
INSERT INTO GD_GE
	VALUES (1048622,
	1048577,
	1048621,
	41);
INSERT INTO GD_SHP
	VALUES (1048622,
	2736,
	1888,
	2880,
	1984);
INSERT INTO GD_GE
	VALUES (1048623,
	1048577,
	1048622,
	41);
INSERT INTO GD_SHP
	VALUES (1048623,
	2736,
	2016,
	2880,
	2112);
INSERT INTO GD_GE
	VALUES (1048624,
	1048577,
	1048623,
	41);
INSERT INTO GD_SHP
	VALUES (1048624,
	2736,
	2144,
	2880,
	2240);
INSERT INTO GD_GE
	VALUES (1048625,
	1048577,
	1048624,
	41);
INSERT INTO GD_SHP
	VALUES (1048625,
	2976,
	2080,
	3136,
	2176);
INSERT INTO GD_GE
	VALUES (1048626,
	1048577,
	1048625,
	41);
INSERT INTO GD_SHP
	VALUES (1048626,
	2976,
	1952,
	3136,
	2048);
INSERT INTO GD_GE
	VALUES (1048627,
	1048577,
	1048626,
	41);
INSERT INTO GD_SHP
	VALUES (1048627,
	2976,
	1824,
	3136,
	1920);
INSERT INTO GD_GE
	VALUES (1048628,
	1048577,
	1048627,
	41);
INSERT INTO GD_SHP
	VALUES (1048628,
	2976,
	1648,
	3136,
	1744);
INSERT INTO GD_GE
	VALUES (1048629,
	1048577,
	1048628,
	41);
INSERT INTO GD_SHP
	VALUES (1048629,
	2976,
	1520,
	3136,
	1616);
INSERT INTO GD_GE
	VALUES (1048630,
	1048577,
	1048629,
	41);
INSERT INTO GD_SHP
	VALUES (1048630,
	2976,
	1392,
	3136,
	1488);
INSERT INTO GD_GE
	VALUES (1048631,
	1048577,
	1048630,
	41);
INSERT INTO GD_SHP
	VALUES (1048631,
	3232,
	1456,
	3376,
	1552);
INSERT INTO GD_GE
	VALUES (1048632,
	1048577,
	1048631,
	41);
INSERT INTO GD_SHP
	VALUES (1048632,
	3232,
	1584,
	3376,
	1680);
INSERT INTO GD_GE
	VALUES (1048633,
	1048577,
	1048632,
	41);
INSERT INTO GD_SHP
	VALUES (1048633,
	3232,
	1712,
	3376,
	1808);
INSERT INTO GD_GE
	VALUES (1048634,
	1048577,
	1048633,
	41);
INSERT INTO GD_SHP
	VALUES (1048634,
	3232,
	1888,
	3376,
	1984);
INSERT INTO GD_GE
	VALUES (1048635,
	1048577,
	1048634,
	41);
INSERT INTO GD_SHP
	VALUES (1048635,
	3232,
	2016,
	3376,
	2112);
INSERT INTO GD_GE
	VALUES (1048636,
	1048577,
	1048635,
	41);
INSERT INTO GD_SHP
	VALUES (1048636,
	3232,
	2144,
	3376,
	2240);
INSERT INTO GD_GE
	VALUES (1048655,
	1048577,
	1048578,
	42);
INSERT INTO GD_CON
	VALUES (1048655,
	1048579,
	1048580,
	0);
INSERT INTO GD_CTXT
	VALUES (1048655,
	0,
	0,
	0,
	0,
	0,
	0,
	3565,
	2313,
	3672,
	2350,
	-26,
	-14,
	0,
	0,
	0,
	0,
	0,
	0);
INSERT INTO GD_LS
	VALUES (1048656,
	1048655,
	3584,
	2352,
	3648,
	2352,
	0);
INSERT INTO GD_GE
	VALUES (1048657,
	1048577,
	1048577,
	42);
INSERT INTO GD_CON
	VALUES (1048657,
	1048578,
	1048578,
	0);
INSERT INTO GD_CTXT
	VALUES (1048657,
	0,
	0,
	0,
	0,
	0,
	0,
	1454,
	1216,
	1578,
	1255,
	-1,
	25,
	0,
	0,
	0,
	0,
	0,
	0);
INSERT INTO GD_LS
	VALUES (1048658,
	1048657,
	1520,
	1280,
	1472,
	1280,
	0);
INSERT INTO GD_LS
	VALUES (1048659,
	1048657,
	1472,
	1280,
	1472,
	1216,
	1048658);
INSERT INTO GD_LS
	VALUES (1048660,
	1048657,
	1472,
	1216,
	1568,
	1216,
	1048659);
INSERT INTO GD_LS
	VALUES (1048661,
	1048657,
	1568,
	1216,
	1568,
	1248,
	1048660);
INSERT INTO GD_GE
	VALUES (1048662,
	1048577,
	1048579,
	42);
INSERT INTO GD_CON
	VALUES (1048662,
	1048580,
	1048581,
	0);
INSERT INTO GD_CTXT
	VALUES (1048662,
	0,
	0,
	0,
	0,
	0,
	0,
	3840,
	2309,
	3941,
	2345,
	-23,
	-18,
	0,
	0,
	0,
	0,
	0,
	0);
INSERT INTO GD_LS
	VALUES (1048663,
	1048662,
	3856,
	2352,
	3920,
	2352,
	0);
INSERT INTO GD_GE
	VALUES (1048664,
	1048577,
	1048580,
	42);
INSERT INTO GD_CON
	VALUES (1048664,
	1048582,
	1048579,
	0);
INSERT INTO GD_CTXT
	VALUES (1048664,
	0,
	0,
	0,
	0,
	0,
	0,
	3292,
	2309,
	3398,
	2345,
	-27,
	-18,
	0,
	0,
	0,
	0,
	0,
	0);
INSERT INTO GD_LS
	VALUES (1048665,
	1048664,
	3312,
	2352,
	3376,
	2352,
	0);
INSERT INTO GD_GE
	VALUES (1048666,
	1048577,
	1048581,
	42);
INSERT INTO GD_CON
	VALUES (1048666,
	1048578,
	1048586,
	0);
INSERT INTO GD_CTXT
	VALUES (1048666,
	0,
	0,
	0,
	0,
	0,
	0,
	1609,
	1352,
	1729,
	1384,
	25,
	-1,
	0,
	0,
	0,
	0,
	0,
	0);
INSERT INTO GD_LS
	VALUES (1048667,
	1048666,
	1600,
	1344,
	1600,
	1392,
	0);
INSERT INTO GD_GE
	VALUES (1048668,
	1048577,
	1048582,
	42);
INSERT INTO GD_CON
	VALUES (1048668,
	1048586,
	1048585,
	0);
INSERT INTO GD_CTXT
	VALUES (1048668,
	0,
	0,
	0,
	0,
	0,
	0,
	1333,
	1424,
	1539,
	1464,
	-114,
	-23,
	0,
	0,
	0,
	0,
	0,
	0);
INSERT INTO GD_LS
	VALUES (1048669,
	1048668,
	1520,
	1472,
	1424,
	1472,
	0);
INSERT INTO GD_GE
	VALUES (1048670,
	1048577,
	1048590,
	42);
INSERT INTO GD_CON
	VALUES (1048670,
	1048586,
	1048587,
	0);
INSERT INTO GD_CTXT
	VALUES (1048670,
	0,
	0,
	0,
	0,
	0,
	0,
	1698,
	1435,
	1762,
	1479,
	-5,
	-12,
	0,
	0,
	0,
	0,
	0,
	0);
INSERT INTO GD_LS
	VALUES (1048671,
	1048670,
	1680,
	1472,
	1776,
	1472,
	0);
INSERT INTO GD_GE
	VALUES (1048672,
	1048577,
	1048584,
	42);
INSERT INTO GD_CON
	VALUES (1048672,
	1048587,
	1048583,
	0);
INSERT INTO GD_CTXT
	VALUES (1048672,
	0,
	0,
	0,
	0,
	0,
	0,
	1683,
	1503,
	1775,
	1536,
	-20,
	-8,
	0,
	0,
	0,
	0,
	0,
	0);
INSERT INTO GD_LS
	VALUES (1048673,
	1048672,
	1776,
	1536,
	1680,
	1536,
	0);
INSERT INTO GD_GE
	VALUES (1048674,
	1048577,
	1048583,
	42);
INSERT INTO GD_CON
	VALUES (1048674,
	1048585,
	1048583,
	0);
INSERT INTO GD_CTXT
	VALUES (1048674,
	0,
	0,
	0,
	0,
	0,
	0,
	1425,
	1505,
	1528,
	1536,
	-22,
	-6,
	0,
	0,
	0,
	0,
	0,
	0);
INSERT INTO GD_LS
	VALUES (1048675,
	1048674,
	1424,
	1536,
	1520,
	1536,
	0);
INSERT INTO GD_GE
	VALUES (1048676,
	1048577,
	1048589,
	42);
INSERT INTO GD_CON
	VALUES (1048676,
	1048583,
	1048588,
	0);
INSERT INTO GD_CTXT
	VALUES (1048676,
	0,
	0,
	0,
	0,
	0,
	0,
	1681,
	1565,
	1796,
	1599,
	-22,
	-10,
	0,
	0,
	0,
	0,
	0,
	0);
INSERT INTO GD_LS
	VALUES (1048677,
	1048676,
	1680,
	1600,
	1776,
	1600,
	0);
INSERT INTO GD_GE
	VALUES (1048678,
	1048577,
	1048585,
	42);
INSERT INTO GD_CON
	VALUES (1048678,
	1048583,
	1048590,
	0);
INSERT INTO GD_CTXT
	VALUES (1048678,
	0,
	0,
	0,
	0,
	0,
	0,
	1270,
	1559,
	1564,
	1593,
	-177,
	-16,
	0,
	0,
	0,
	0,
	0,
	0);
INSERT INTO GD_LS
	VALUES (1048679,
	1048678,
	1520,
	1600,
	1424,
	1600,
	0);
INSERT INTO GD_GE
	VALUES (1048680,
	1048577,
	1048670,
	42);
INSERT INTO GD_CON
	VALUES (1048680,
	1048584,
	1048589,
	0);
INSERT INTO GD_CTXT
	VALUES (1048680,
	0,
	0,
	0,
	0,
	0,
	0,
	1683,
	1690,
	1865,
	1727,
	-20,
	-13,
	0,
	0,
	0,
	0,
	0,
	0);
INSERT INTO GD_LS
	VALUES (1048681,
	1048680,
	1680,
	1728,
	1776,
	1728,
	0);
INSERT INTO GD_GE
	VALUES (1048682,
	1048577,
	1048587,
	42);
INSERT INTO GD_CON
	VALUES (1048682,
	1048584,
	1048591,
	0);
INSERT INTO GD_CTXT
	VALUES (1048682,
	0,
	0,
	0,
	0,
	0,
	0,
	1310,
	1690,
	1527,
	1727,
	-137,
	-13,
	0,
	0,
	0,
	0,
	0,
	0);
INSERT INTO GD_LS
	VALUES (1048683,
	1048682,
	1520,
	1728,
	1424,
	1728,
	0);
INSERT INTO GD_GE
	VALUES (1048684,
	1048577,
	1048586,
	42);
INSERT INTO GD_CON
	VALUES (1048684,
	1048590,
	1048584,
	0);
INSERT INTO GD_CTXT
	VALUES (1048684,
	0,
	0,
	0,
	0,
	0,
	0,
	1426,
	1634,
	1547,
	1670,
	-21,
	-5,
	0,
	0,
	0,
	0,
	0,
	0);
INSERT INTO GD_LS
	VALUES (1048685,
	1048684,
	1424,
	1664,
	1520,
	1664,
	0);
INSERT INTO GD_GE
	VALUES (1048686,
	1048577,
	1048588,
	42);
INSERT INTO GD_CON
	VALUES (1048686,
	1048588,
	1048584,
	0);
INSERT INTO GD_CTXT
	VALUES (1048686,
	0,
	0,
	0,
	0,
	0,
	0,
	1665,
	1637,
	1786,
	1672,
	-38,
	-2,
	0,
	0,
	0,
	0,
	0,
	0);
INSERT INTO GD_LS
	VALUES (1048687,
	1048686,
	1776,
	1664,
	1680,
	1664,
	0);
INSERT INTO GD_GE
	VALUES (1048688,
	1048577,
	1048591,
	42);
INSERT INTO GD_CON
	VALUES (1048688,
	1048589,
	1048592,
	0);
INSERT INTO GD_CTXT
	VALUES (1048688,
	0,
	0,
	0,
	0,
	0,
	0,
	1627,
	1769,
	1764,
	1803,
	-36,
	2,
	0,
	0,
	0,
	0,
	0,
	0);
INSERT INTO GD_LS
	VALUES (1048689,
	1048688,
	1776,
	1792,
	1632,
	1792,
	0);
INSERT INTO GD_LS
	VALUES (1048690,
	1048688,
	1632,
	1792,
	1632,
	1824,
	1048689);
INSERT INTO GD_GE
	VALUES (1048691,
	1048577,
	1048592,
	42);
INSERT INTO GD_CON
	VALUES (1048691,
	1048591,
	1048592,
	0);
INSERT INTO GD_CTXT
	VALUES (1048691,
	0,
	0,
	0,
	0,
	0,
	0,
	1462,
	1763,
	1571,
	1799,
	-33,
	-4,
	0,
	0,
	0,
	0,
	0,
	0);
INSERT INTO GD_LS
	VALUES (1048692,
	1048691,
	1424,
	1792,
	1584,
	1792,
	0);
INSERT INTO GD_LS
	VALUES (1048693,
	1048691,
	1584,
	1792,
	1584,
	1824,
	1048692);
INSERT INTO GD_GE
	VALUES (1048694,
	1048577,
	1048600,
	42);
INSERT INTO GD_CON
	VALUES (1048694,
	1048592,
	1048596,
	0);
INSERT INTO GD_CTXT
	VALUES (1048694,
	0,
	0,
	0,
	0,
	0,
	0,
	1681,
	1863,
	1778,
	1902,
	-22,
	-16,
	0,
	0,
	0,
	0,
	0,
	0);
INSERT INTO GD_LS
	VALUES (1048695,
	1048694,
	1680,
	1904,
	1776,
	1904,
	0);
INSERT INTO GD_GE
	VALUES (1048696,
	1048577,
	1048593,
	42);
INSERT INTO GD_CON
	VALUES (1048696,
	1048592,
	1048595,
	0);
INSERT INTO GD_CTXT
	VALUES (1048696,
	0,
	0,
	0,
	0,
	0,
	0,
	1316,
	1861,
	1521,
	1902,
	-131,
	-18,
	0,
	0,
	0,
	0,
	0,
	0);
INSERT INTO GD_LS
	VALUES (1048697,
	1048696,
	1520,
	1904,
	1424,
	1904,
	0);
INSERT INTO GD_GE
	VALUES (1048698,
	1048577,
	1048596,
	42);
INSERT INTO GD_CON
	VALUES (1048698,
	1048595,
	1048593,
	0);
INSERT INTO GD_CTXT
	VALUES (1048698,
	0,
	0,
	0,
	0,
	0,
	0,
	1423,
	1931,
	1519,
	1966,
	-24,
	-12,
	0,
	0,
	0,
	0,
	0,
	0);
INSERT INTO GD_LS
	VALUES (1048699,
	1048698,
	1424,
	1968,
	1520,
	1968,
	0);
INSERT INTO GD_GE
	VALUES (1048700,
	1048577,
	1048599,
	42);
INSERT INTO GD_CON
	VALUES (1048700,
	1048596,
	1048593,
	0);
INSERT INTO GD_CTXT
	VALUES (1048700,
	0,
	0,
	0,
	0,
	0,
	0,
	1680,
	1929,
	1779,
	1966,
	-23,
	-14,
	0,
	0,
	0,
	0,
	0,
	0);
INSERT INTO GD_LS
	VALUES (1048701,
	1048700,
	1776,
	1968,
	1680,
	1968,
	0);
INSERT INTO GD_GE
	VALUES (1048702,
	1048577,
	1048594,
	42);
INSERT INTO GD_CON
	VALUES (1048702,
	1048593,
	1048597,
	0);
INSERT INTO GD_CTXT
	VALUES (1048702,
	0,
	0,
	0,
	0,
	0,
	0,
	1278,
	1985,
	1522,
	2030,
	-169,
	-22,
	0,
	0,
	0,
	0,
	0,
	0);
INSERT INTO GD_LS
	VALUES (1048703,
	1048702,
	1520,
	2032,
	1424,
	2032,
	0);
INSERT INTO GD_GE
	VALUES (1048704,
	1048577,
	1048601,
	42);
INSERT INTO GD_CON
	VALUES (1048704,
	1048593,
	1048598,
	0);
INSERT INTO GD_CTXT
	VALUES (1048704,
	0,
	0,
	0,
	0,
	0,
	0,
	1682,
	1993,
	1773,
	2032,
	-21,
	-14,
	0,
	0,
	0,
	0,
	0,
	0);
INSERT INTO GD_LS
	VALUES (1048705,
	1048704,
	1680,
	2032,
	1776,
	2032,
	0);
INSERT INTO GD_GE
	VALUES (1048706,
	1048577,
	1048598,
	42);
INSERT INTO GD_CON
	VALUES (1048706,
	1048598,
	1048594,
	0);
INSERT INTO GD_CTXT
	VALUES (1048706,
	0,
	0,
	0,
	0,
	0,
	0,
	1679,
	2062,
	1772,
	2101,
	-24,
	-9,
	0,
	0,
	0,
	0,
	0,
	0);
INSERT INTO GD_LS
	VALUES (1048707,
	1048706,
	1776,
	2096,
	1680,
	2096,
	0);
INSERT INTO GD_GE
	VALUES (1048708,
	1048577,
	1048671,
	42);
INSERT INTO GD_CON
	VALUES (1048708,
	1048594,
	1048600,
	0);
INSERT INTO GD_CTXT
	VALUES (1048708,
	0,
	0,
	0,
	0,
	0,
	0,
	1685,
	2119,
	1875,
	2159,
	-18,
	-16,
	0,
	0,
	0,
	0,
	0,
	0);
INSERT INTO GD_LS
	VALUES (1048709,
	1048708,
	1680,
	2160,
	1776,
	2160,
	0);
INSERT INTO GD_GE
	VALUES (1048710,
	1048577,
	1048597,
	42);
INSERT INTO GD_CON
	VALUES (1048710,
	1048597,
	1048594,
	0);
INSERT INTO GD_CTXT
	VALUES (1048710,
	0,
	0,
	0,
	0,
	0,
	0,
	1423,
	2062,
	1526,
	2096,
	-24,
	-9,
	0,
	0,
	0,
	0,
	0,
	0);
INSERT INTO GD_LS
	VALUES (1048711,
	1048710,
	1424,
	2096,
	1520,
	2096,
	0);
INSERT INTO GD_GE
	VALUES (1048712,
	1048577,
	1048595,
	42);
INSERT INTO GD_CON
	VALUES (1048712,
	1048594,
	1048599,
	0);
INSERT INTO GD_CTXT
	VALUES (1048712,
	0,
	0,
	0,
	0,
	0,
	0,
	1289,
	2116,
	1517,
	2146,
	-158,
	-19,
	0,
	0,
	0,
	0,
	0,
	0);
INSERT INTO GD_LS
	VALUES (1048713,
	1048712,
	1520,
	2160,
	1424,
	2160,
	0);
INSERT INTO GD_GE
	VALUES (1048714,
	1048577,
	1048632,
	42);
INSERT INTO GD_CON
	VALUES (1048714,
	1048607,
	1048601,
	0);
INSERT INTO GD_CTXT
	VALUES (1048714,
	0,
	0,
	0,
	0,
	0,
	0,
	2160,
	1440,
	2210,
	1470,
	-7,
	-7,
	0,
	0,
	0,
	0,
	0,
	0);
INSERT INTO GD_LS
	VALUES (1048715,
	1048714,
	2240,
	1472,
	2144,
	1472,
	0);
INSERT INTO GD_GE
	VALUES (1048716,
	1048577,
	1048625,
	42);
INSERT INTO GD_CON
	VALUES (1048716,
	1048601,
	1048609,
	0);
INSERT INTO GD_CTXT
	VALUES (1048716,
	0,
	0,
	0,
	0,
	0,
	0,
	2160,
	1504,
	2210,
	1534,
	-7,
	-7,
	0,
	0,
	0,
	0,
	0,
	0);
INSERT INTO GD_LS
	VALUES (1048717,
	1048716,
	2144,
	1536,
	2240,
	1536,
	0);
INSERT INTO GD_GE
	VALUES (1048718,
	1048577,
	1048633,
	42);
INSERT INTO GD_CON
	VALUES (1048718,
	1048609,
	1048602,
	0);
INSERT INTO GD_CTXT
	VALUES (1048718,
	0,
	0,
	0,
	0,
	0,
	0,
	2160,
	1568,
	2210,
	1598,
	-7,
	-7,
	0,
	0,
	0,
	0,
	0,
	0);
INSERT INTO GD_LS
	VALUES (1048719,
	1048718,
	2240,
	1600,
	2144,
	1600,
	0);
INSERT INTO GD_GE
	VALUES (1048720,
	1048577,
	1048623,
	42);
INSERT INTO GD_CON
	VALUES (1048720,
	1048602,
	1048610,
	0);
INSERT INTO GD_CTXT
	VALUES (1048720,
	0,
	0,
	0,
	0,
	0,
	0,
	2160,
	1632,
	2210,
	1662,
	-7,
	-7,
	0,
	0,
	0,
	0,
	0,
	0);
INSERT INTO GD_LS
	VALUES (1048721,
	1048720,
	2144,
	1664,
	2240,
	1664,
	0);
INSERT INTO GD_GE
	VALUES (1048722,
	1048577,
	1048634,
	42);
INSERT INTO GD_CON
	VALUES (1048722,
	1048610,
	1048603,
	0);
INSERT INTO GD_CTXT
	VALUES (1048722,
	0,
	0,
	0,
	0,
	0,
	0,
	2160,
	1696,
	2210,
	1726,
	-7,
	-7,
	0,
	0,
	0,
	0,
	0,
	0);
INSERT INTO GD_LS
	VALUES (1048723,
	1048722,
	2240,
	1728,
	2144,
	1728,
	0);
INSERT INTO GD_GE
	VALUES (1048724,
	1048577,
	1048626,
	42);
INSERT INTO GD_CON
	VALUES (1048724,
	1048607,
	1048608,
	0);
INSERT INTO GD_CTXT
	VALUES (1048724,
	0,
	0,
	0,
	0,
	0,
	0,
	2416,
	1440,
	2466,
	1470,
	-7,
	-7,
	0,
	0,
	0,
	0,
	0,
	0);
INSERT INTO GD_LS
	VALUES (1048725,
	1048724,
	2400,
	1472,
	2496,
	1472,
	0);
INSERT INTO GD_GE
	VALUES (1048726,
	1048577,
	1048624,
	42);
INSERT INTO GD_CON
	VALUES (1048726,
	1048608,
	1048609,
	0);
INSERT INTO GD_CTXT
	VALUES (1048726,
	0,
	0,
	0,
	0,
	0,
	0,
	2416,
	1504,
	2466,
	1534,
	-7,
	-7,
	0,
	0,
	0,
	0,
	0,
	0);
INSERT INTO GD_LS
	VALUES (1048727,
	1048726,
	2496,
	1536,
	2400,
	1536,
	0);
INSERT INTO GD_GE
	VALUES (1048728,
	1048577,
	1048627,
	42);
INSERT INTO GD_CON
	VALUES (1048728,
	1048609,
	1048611,
	0);
INSERT INTO GD_CTXT
	VALUES (1048728,
	0,
	0,
	0,
	0,
	0,
	0,
	2416,
	1568,
	2466,
	1598,
	-7,
	-7,
	0,
	0,
	0,
	0,
	0,
	0);
INSERT INTO GD_LS
	VALUES (1048729,
	1048728,
	2400,
	1600,
	2496,
	1600,
	0);
INSERT INTO GD_GE
	VALUES (1048730,
	1048577,
	1048622,
	42);
INSERT INTO GD_CON
	VALUES (1048730,
	1048611,
	1048610,
	0);
INSERT INTO GD_CTXT
	VALUES (1048730,
	0,
	0,
	0,
	0,
	0,
	0,
	2430,
	1638,
	2480,
	1668,
	7,
	-1,
	0,
	0,
	0,
	0,
	0,
	0);
INSERT INTO GD_LS
	VALUES (1048731,
	1048730,
	2496,
	1664,
	2400,
	1664,
	0);
INSERT INTO GD_GE
	VALUES (1048732,
	1048577,
	1048672,
	42);
INSERT INTO GD_CON
	VALUES (1048732,
	1048610,
	1048612,
	0);
INSERT INTO GD_CTXT
	VALUES (1048732,
	0,
	0,
	0,
	0,
	0,
	0,
	2416,
	1696,
	2466,
	1726,
	-7,
	-7,
	0,
	0,
	0,
	0,
	0,
	0);
INSERT INTO GD_LS
	VALUES (1048733,
	1048732,
	2400,
	1728,
	2496,
	1728,
	0);
INSERT INTO GD_GE
	VALUES (1048734,
	1048577,
	1048638,
	42);
INSERT INTO GD_CON
	VALUES (1048734,
	1048613,
	1048604,
	0);
INSERT INTO GD_CTXT
	VALUES (1048734,
	0,
	0,
	0,
	0,
	0,
	0,
	2160,
	1872,
	2210,
	1902,
	-7,
	-7,
	0,
	0,
	0,
	0,
	0,
	0);
INSERT INTO GD_LS
	VALUES (1048735,
	1048734,
	2240,
	1904,
	2144,
	1904,
	0);
INSERT INTO GD_GE
	VALUES (1048736,
	1048577,
	1048619,
	42);
INSERT INTO GD_CON
	VALUES (1048736,
	1048604,
	1048614,
	0);
INSERT INTO GD_CTXT
	VALUES (1048736,
	0,
	0,
	0,
	0,
	0,
	0,
	2160,
	1936,
	2210,
	1966,
	-7,
	-7,
	0,
	0,
	0,
	0,
	0,
	0);
INSERT INTO GD_LS
	VALUES (1048737,
	1048736,
	2144,
	1968,
	2240,
	1968,
	0);
INSERT INTO GD_GE
	VALUES (1048738,
	1048577,
	1048639,
	42);
INSERT INTO GD_CON
	VALUES (1048738,
	1048614,
	1048605,
	0);
INSERT INTO GD_CTXT
	VALUES (1048738,
	0,
	0,
	0,
	0,
	0,
	0,
	2160,
	2000,
	2210,
	2030,
	-7,
	-7,
	0,
	0,
	0,
	0,
	0,
	0);
INSERT INTO GD_LS
	VALUES (1048739,
	1048738,
	2240,
	2032,
	2144,
	2032,
	0);
INSERT INTO GD_GE
	VALUES (1048740,
	1048577,
	1048617,
	42);
INSERT INTO GD_CON
	VALUES (1048740,
	1048605,
	1048615,
	0);
INSERT INTO GD_CTXT
	VALUES (1048740,
	0,
	0,
	0,
	0,
	0,
	0,
	2160,
	2064,
	2210,
	2094,
	-7,
	-7,
	0,
	0,
	0,
	0,
	0,
	0);
INSERT INTO GD_LS
	VALUES (1048741,
	1048740,
	2144,
	2096,
	2240,
	2096,
	0);
INSERT INTO GD_GE
	VALUES (1048742,
	1048577,
	1048640,
	42);
INSERT INTO GD_CON
	VALUES (1048742,
	1048615,
	1048606,
	0);
INSERT INTO GD_CTXT
	VALUES (1048742,
	0,
	0,
	0,
	0,
	0,
	0,
	2160,
	2128,
	2210,
	2158,
	-7,
	-7,
	0,
	0,
	0,
	0,
	0,
	0);
INSERT INTO GD_LS
	VALUES (1048743,
	1048742,
	2240,
	2160,
	2144,
	2160,
	0);
INSERT INTO GD_GE
	VALUES (1048744,
	1048577,
	1048669,
	42);
INSERT INTO GD_CON
	VALUES (1048744,
	1048613,
	1048616,
	0);
INSERT INTO GD_CTXT
	VALUES (1048744,
	0,
	0,
	0,
	0,
	0,
	0,
	2416,
	1872,
	2466,
	1902,
	-7,
	-7,
	0,
	0,
	0,
	0,
	0,
	0);
INSERT INTO GD_LS
	VALUES (1048745,
	1048744,
	2400,
	1904,
	2496,
	1904,
	0);
INSERT INTO GD_GE
	VALUES (1048746,
	1048577,
	1048618,
	42);
INSERT INTO GD_CON
	VALUES (1048746,
	1048616,
	1048614,
	0);
INSERT INTO GD_CTXT
	VALUES (1048746,
	0,
	0,
	0,
	0,
	0,
	0,
	2416,
	1936,
	2466,
	1966,
	-7,
	-7,
	0,
	0,
	0,
	0,
	0,
	0);
INSERT INTO GD_LS
	VALUES (1048747,
	1048746,
	2496,
	1968,
	2400,
	1968,
	0);
INSERT INTO GD_GE
	VALUES (1048748,
	1048577,
	1048668,
	42);
INSERT INTO GD_CON
	VALUES (1048748,
	1048614,
	1048617,
	0);
INSERT INTO GD_CTXT
	VALUES (1048748,
	0,
	0,
	0,
	0,
	0,
	0,
	2416,
	2000,
	2466,
	2030,
	-7,
	-7,
	0,
	0,
	0,
	0,
	0,
	0);
INSERT INTO GD_LS
	VALUES (1048749,
	1048748,
	2400,
	2032,
	2496,
	2032,
	0);
INSERT INTO GD_GE
	VALUES (1048750,
	1048577,
	1048616,
	42);
INSERT INTO GD_CON
	VALUES (1048750,
	1048617,
	1048615,
	0);
INSERT INTO GD_CTXT
	VALUES (1048750,
	0,
	0,
	0,
	0,
	0,
	0,
	2416,
	2064,
	2466,
	2094,
	-7,
	-7,
	0,
	0,
	0,
	0,
	0,
	0);
INSERT INTO GD_LS
	VALUES (1048751,
	1048750,
	2496,
	2096,
	2400,
	2096,
	0);
INSERT INTO GD_GE
	VALUES (1048752,
	1048577,
	1048673,
	42);
INSERT INTO GD_CON
	VALUES (1048752,
	1048615,
	1048618,
	0);
INSERT INTO GD_CTXT
	VALUES (1048752,
	0,
	0,
	0,
	0,
	0,
	0,
	2416,
	2128,
	2466,
	2158,
	-7,
	-7,
	0,
	0,
	0,
	0,
	0,
	0);
INSERT INTO GD_LS
	VALUES (1048753,
	1048752,
	2400,
	2160,
	2496,
	2160,
	0);
INSERT INTO GD_GE
	VALUES (1048754,
	1048577,
	1048620,
	42);
INSERT INTO GD_CON
	VALUES (1048754,
	1048612,
	1048613,
	0);
INSERT INTO GD_CTXT
	VALUES (1048754,
	0,
	0,
	0,
	0,
	0,
	0,
	2368,
	1760,
	2418,
	1790,
	-7,
	-7,
	0,
	0,
	0,
	0,
	0,
	0);
INSERT INTO GD_LS
	VALUES (1048755,
	1048754,
	2496,
	1792,
	2336,
	1792,
	0);
INSERT INTO GD_LS
	VALUES (1048756,
	1048754,
	2336,
	1792,
	2336,
	1824,
	1048755);
INSERT INTO GD_GE
	VALUES (1048757,
	1048577,
	1048621,
	42);
INSERT INTO GD_CON
	VALUES (1048757,
	1048603,
	1048613,
	0);
INSERT INTO GD_CTXT
	VALUES (1048757,
	0,
	0,
	0,
	0,
	0,
	0,
	2216,
	1760,
	2266,
	1790,
	1,
	-7,
	0,
	0,
	0,
	0,
	0,
	0);
INSERT INTO GD_LS
	VALUES (1048758,
	1048757,
	2144,
	1792,
	2304,
	1792,
	0);
INSERT INTO GD_LS
	VALUES (1048759,
	1048757,
	2304,
	1792,
	2304,
	1824,
	1048758);
INSERT INTO GD_GE
	VALUES (1048760,
	1048577,
	1048602,
	42);
INSERT INTO GD_CON
	VALUES (1048760,
	1048599,
	1048607,
	0);
INSERT INTO GD_CTXT
	VALUES (1048760,
	0,
	0,
	0,
	0,
	0,
	0,
	1370,
	2282,
	1511,
	2318,
	-594,
	273,
	0,
	0,
	0,
	0,
	0,
	0);
INSERT INTO GD_LS
	VALUES (1048761,
	1048760,
	1360,
	2240,
	1360,
	2256,
	0);
INSERT INTO GD_LS
	VALUES (1048762,
	1048760,
	1360,
	2256,
	1968,
	2256,
	1048761);
INSERT INTO GD_LS
	VALUES (1048763,
	1048760,
	1968,
	2256,
	1968,
	1424,
	1048762);
INSERT INTO GD_LS
	VALUES (1048764,
	1048760,
	1968,
	1424,
	2240,
	1424,
	1048763);
INSERT INTO GD_GE
	VALUES (1048765,
	1048577,
	1048603,
	42);
INSERT INTO GD_CON
	VALUES (1048765,
	1048600,
	1048607,
	0);
INSERT INTO GD_CTXT
	VALUES (1048765,
	0,
	0,
	0,
	0,
	0,
	0,
	2022,
	1380,
	2239,
	1421,
	86,
	-261,
	0,
	0,
	0,
	0,
	0,
	0);
INSERT INTO GD_LS
	VALUES (1048766,
	1048765,
	1920,
	2160,
	1952,
	2160,
	0);
INSERT INTO GD_LS
	VALUES (1048767,
	1048765,
	1952,
	2160,
	1952,
	1408,
	1048766);
INSERT INTO GD_LS
	VALUES (1048768,
	1048765,
	1952,
	1408,
	2240,
	1408,
	1048767);
INSERT INTO GD_GE
	VALUES (1048769,
	1048577,
	1048604,
	42);
INSERT INTO GD_CON
	VALUES (1048769,
	1048606,
	1048630,
	0);
INSERT INTO GD_CTXT
	VALUES (1048769,
	0,
	0,
	0,
	0,
	0,
	0,
	2102,
	2256,
	2220,
	2292,
	-586,
	239,
	0,
	0,
	0,
	0,
	0,
	0);
INSERT INTO GD_LS
	VALUES (1048770,
	1048769,
	2080,
	2240,
	2080,
	2256,
	0);
INSERT INTO GD_LS
	VALUES (1048771,
	1048769,
	2080,
	2256,
	2704,
	2256,
	1048770);
INSERT INTO GD_LS
	VALUES (1048772,
	1048769,
	2704,
	2256,
	2704,
	1440,
	1048771);
INSERT INTO GD_LS
	VALUES (1048773,
	1048769,
	2704,
	1440,
	2976,
	1440,
	1048772);
INSERT INTO GD_GE
	VALUES (1048774,
	1048577,
	1048605,
	42);
INSERT INTO GD_CON
	VALUES (1048774,
	1048618,
	1048630,
	0);
INSERT INTO GD_CTXT
	VALUES (1048774,
	0,
	0,
	0,
	0,
	0,
	0,
	2792,
	1395,
	2890,
	1431,
	120,
	-262,
	0,
	0,
	0,
	0,
	0,
	0);
INSERT INTO GD_LS
	VALUES (1048775,
	1048774,
	2640,
	2160,
	2688,
	2160,
	0);
INSERT INTO GD_LS
	VALUES (1048776,
	1048774,
	2688,
	2160,
	2688,
	1424,
	1048775);
INSERT INTO GD_LS
	VALUES (1048777,
	1048774,
	2688,
	1424,
	2976,
	1424,
	1048776);
INSERT INTO GD_GE
	VALUES (1048778,
	1048577,
	1048635,
	42);
INSERT INTO GD_CON
	VALUES (1048778,
	1048630,
	1048619,
	0);
INSERT INTO GD_CTXT
	VALUES (1048778,
	0,
	0,
	0,
	0,
	0,
	0,
	0,
	0,
	0,
	0,
	0,
	0,
	0,
	0,
	0,
	0,
	0,
	0);
INSERT INTO GD_LS
	VALUES (1048779,
	1048778,
	2976,
	1472,
	2880,
	1472,
	0);
INSERT INTO GD_GE
	VALUES (1048780,
	1048577,
	1048607,
	42);
INSERT INTO GD_CON
	VALUES (1048780,
	1048619,
	1048629,
	0);
INSERT INTO GD_CTXT
	VALUES (1048780,
	0,
	0,
	0,
	0,
	0,
	0,
	0,
	0,
	0,
	0,
	0,
	0,
	0,
	0,
	0,
	0,
	0,
	0);
INSERT INTO GD_LS
	VALUES (1048781,
	1048780,
	2880,
	1536,
	2976,
	1536,
	0);
INSERT INTO GD_GE
	VALUES (1048782,
	1048577,
	1048636,
	42);
INSERT INTO GD_CON
	VALUES (1048782,
	1048629,
	1048620,
	0);
INSERT INTO GD_CTXT
	VALUES (1048782,
	0,
	0,
	0,
	0,
	0,
	0,
	0,
	0,
	0,
	0,
	0,
	0,
	0,
	0,
	0,
	0,
	0,
	0);
INSERT INTO GD_LS
	VALUES (1048783,
	1048782,
	2976,
	1600,
	2880,
	1600,
	0);
INSERT INTO GD_GE
	VALUES (1048784,
	1048577,
	1048609,
	42);
INSERT INTO GD_CON
	VALUES (1048784,
	1048620,
	1048628,
	0);
INSERT INTO GD_CTXT
	VALUES (1048784,
	0,
	0,
	0,
	0,
	0,
	0,
	0,
	0,
	0,
	0,
	0,
	0,
	0,
	0,
	0,
	0,
	0,
	0);
INSERT INTO GD_LS
	VALUES (1048785,
	1048784,
	2880,
	1664,
	2976,
	1664,
	0);
INSERT INTO GD_GE
	VALUES (1048786,
	1048577,
	1048637,
	42);
INSERT INTO GD_CON
	VALUES (1048786,
	1048628,
	1048621,
	0);
INSERT INTO GD_CTXT
	VALUES (1048786,
	0,
	0,
	0,
	0,
	0,
	0,
	0,
	0,
	0,
	0,
	0,
	0,
	0,
	0,
	0,
	0,
	0,
	0);
INSERT INTO GD_LS
	VALUES (1048787,
	1048786,
	2976,
	1728,
	2880,
	1728,
	0);
INSERT INTO GD_GE
	VALUES (1048788,
	1048577,
	1048628,
	42);
INSERT INTO GD_CON
	VALUES (1048788,
	1048630,
	1048631,
	0);
INSERT INTO GD_CTXT
	VALUES (1048788,
	0,
	0,
	0,
	0,
	0,
	0,
	0,
	0,
	0,
	0,
	0,
	0,
	0,
	0,
	0,
	0,
	0,
	0);
INSERT INTO GD_LS
	VALUES (1048789,
	1048788,
	3136,
	1472,
	3232,
	1472,
	0);
INSERT INTO GD_GE
	VALUES (1048790,
	1048577,
	1048606,
	42);
INSERT INTO GD_CON
	VALUES (1048790,
	1048631,
	1048629,
	0);
INSERT INTO GD_CTXT
	VALUES (1048790,
	0,
	0,
	0,
	0,
	0,
	0,
	0,
	0,
	0,
	0,
	0,
	0,
	0,
	0,
	0,
	0,
	0,
	0);
INSERT INTO GD_LS
	VALUES (1048791,
	1048790,
	3232,
	1536,
	3136,
	1536,
	0);
INSERT INTO GD_GE
	VALUES (1048792,
	1048577,
	1048629,
	42);
INSERT INTO GD_CON
	VALUES (1048792,
	1048629,
	1048632,
	0);
INSERT INTO GD_CTXT
	VALUES (1048792,
	0,
	0,
	0,
	0,
	0,
	0,
	0,
	0,
	0,
	0,
	0,
	0,
	0,
	0,
	0,
	0,
	0,
	0);
INSERT INTO GD_LS
	VALUES (1048793,
	1048792,
	3136,
	1600,
	3232,
	1600,
	0);
INSERT INTO GD_GE
	VALUES (1048794,
	1048577,
	1048608,
	42);
INSERT INTO GD_CON
	VALUES (1048794,
	1048632,
	1048628,
	0);
INSERT INTO GD_CTXT
	VALUES (1048794,
	0,
	0,
	0,
	0,
	0,
	0,
	0,
	0,
	0,
	0,
	0,
	0,
	0,
	0,
	0,
	0,
	0,
	0);
INSERT INTO GD_LS
	VALUES (1048795,
	1048794,
	3232,
	1664,
	3136,
	1664,
	0);
INSERT INTO GD_GE
	VALUES (1048796,
	1048577,
	1048674,
	42);
INSERT INTO GD_CON
	VALUES (1048796,
	1048628,
	1048633,
	0);
INSERT INTO GD_CTXT
	VALUES (1048796,
	0,
	0,
	0,
	0,
	0,
	0,
	0,
	0,
	0,
	0,
	0,
	0,
	0,
	0,
	0,
	0,
	0,
	0);
INSERT INTO GD_LS
	VALUES (1048797,
	1048796,
	3136,
	1728,
	3232,
	1728,
	0);
INSERT INTO GD_GE
	VALUES (1048798,
	1048577,
	1048611,
	42);
INSERT INTO GD_CON
	VALUES (1048798,
	1048633,
	1048627,
	0);
INSERT INTO GD_CTXT
	VALUES (1048798,
	0,
	0,
	0,
	0,
	0,
	0,
	3104,
	1760,
	3154,
	1790,
	-6,
	-7,
	0,
	0,
	0,
	0,
	0,
	0);
INSERT INTO GD_LS
	VALUES (1048799,
	1048798,
	3232,
	1792,
	3072,
	1792,
	0);
INSERT INTO GD_LS
	VALUES (1048800,
	1048798,
	3072,
	1792,
	3072,
	1824,
	1048799);
INSERT INTO GD_GE
	VALUES (1048801,
	1048577,
	1048610,
	42);
INSERT INTO GD_CON
	VALUES (1048801,
	1048621,
	1048627,
	0);
INSERT INTO GD_CTXT
	VALUES (1048801,
	0,
	0,
	0,
	0,
	0,
	0,
	0,
	0,
	0,
	0,
	0,
	0,
	0,
	0,
	0,
	0,
	0,
	0);
INSERT INTO GD_LS
	VALUES (1048802,
	1048801,
	2880,
	1792,
	3040,
	1792,
	0);
INSERT INTO GD_LS
	VALUES (1048803,
	1048801,
	3040,
	1792,
	3040,
	1824,
	1048802);
INSERT INTO GD_GE
	VALUES (1048804,
	1048577,
	1048641,
	42);
INSERT INTO GD_CON
	VALUES (1048804,
	1048627,
	1048622,
	0);
INSERT INTO GD_CTXT
	VALUES (1048804,
	0,
	0,
	0,
	0,
	0,
	0,
	0,
	0,
	0,
	0,
	0,
	0,
	0,
	0,
	0,
	0,
	0,
	0);
INSERT INTO GD_LS
	VALUES (1048805,
	1048804,
	2976,
	1904,
	2880,
	1904,
	0);
INSERT INTO GD_GE
	VALUES (1048806,
	1048577,
	1048612,
	42);
INSERT INTO GD_CON
	VALUES (1048806,
	1048622,
	1048626,
	0);
INSERT INTO GD_CTXT
	VALUES (1048806,
	0,
	0,
	0,
	0,
	0,
	0,
	2896,
	1936,
	2946,
	1966,
	-7,
	-7,
	0,
	0,
	0,
	0,
	0,
	0);
INSERT INTO GD_LS
	VALUES (1048807,
	1048806,
	2880,
	1968,
	2976,
	1968,
	0);
INSERT INTO GD_GE
	VALUES (1048808,
	1048577,
	1048642,
	42);
INSERT INTO GD_CON
	VALUES (1048808,
	1048626,
	1048623,
	0);
INSERT INTO GD_CTXT
	VALUES (1048808,
	0,
	0,
	0,
	0,
	0,
	0,
	2896,
	2000,
	2946,
	2030,
	-7,
	-7,
	0,
	0,
	0,
	0,
	0,
	0);
INSERT INTO GD_LS
	VALUES (1048809,
	1048808,
	2976,
	2032,
	2880,
	2032,
	0);
INSERT INTO GD_GE
	VALUES (1048810,
	1048577,
	1048614,
	42);
INSERT INTO GD_CON
	VALUES (1048810,
	1048623,
	1048625,
	0);
INSERT INTO GD_CTXT
	VALUES (1048810,
	0,
	0,
	0,
	0,
	0,
	0,
	0,
	0,
	0,
	0,
	0,
	0,
	0,
	0,
	0,
	0,
	0,
	0);
INSERT INTO GD_LS
	VALUES (1048811,
	1048810,
	2880,
	2096,
	2976,
	2096,
	0);
INSERT INTO GD_GE
	VALUES (1048812,
	1048577,
	1048643,
	42);
INSERT INTO GD_CON
	VALUES (1048812,
	1048625,
	1048624,
	0);
INSERT INTO GD_CTXT
	VALUES (1048812,
	0,
	0,
	0,
	0,
	0,
	0,
	0,
	0,
	0,
	0,
	0,
	0,
	0,
	0,
	0,
	0,
	0,
	0);
INSERT INTO GD_LS
	VALUES (1048813,
	1048812,
	2976,
	2160,
	2880,
	2160,
	0);
INSERT INTO GD_GE
	VALUES (1048814,
	1048577,
	1048630,
	42);
INSERT INTO GD_CON
	VALUES (1048814,
	1048627,
	1048634,
	0);
INSERT INTO GD_CTXT
	VALUES (1048814,
	0,
	0,
	0,
	0,
	0,
	0,
	0,
	0,
	0,
	0,
	0,
	0,
	0,
	0,
	0,
	0,
	0,
	0);
INSERT INTO GD_LS
	VALUES (1048815,
	1048814,
	3136,
	1904,
	3232,
	1904,
	0);
INSERT INTO GD_GE
	VALUES (1048816,
	1048577,
	1048613,
	42);
INSERT INTO GD_CON
	VALUES (1048816,
	1048634,
	1048626,
	0);
INSERT INTO GD_CTXT
	VALUES (1048816,
	0,
	0,
	0,
	0,
	0,
	0,
	3152,
	1936,
	3202,
	1966,
	-7,
	-7,
	0,
	0,
	0,
	0,
	0,
	0);
INSERT INTO GD_LS
	VALUES (1048817,
	1048816,
	3232,
	1968,
	3136,
	1968,
	0);
INSERT INTO GD_GE
	VALUES (1048818,
	1048577,
	1048631,
	42);
INSERT INTO GD_CON
	VALUES (1048818,
	1048626,
	1048635,
	0);
INSERT INTO GD_CTXT
	VALUES (1048818,
	0,
	0,
	0,
	0,
	0,
	0,
	3152,
	2000,
	3202,
	2030,
	-7,
	-7,
	0,
	0,
	0,
	0,
	0,
	0);
INSERT INTO GD_LS
	VALUES (1048819,
	1048818,
	3136,
	2032,
	3232,
	2032,
	0);
INSERT INTO GD_GE
	VALUES (1048820,
	1048577,
	1048615,
	42);
INSERT INTO GD_CON
	VALUES (1048820,
	1048635,
	1048625,
	0);
INSERT INTO GD_CTXT
	VALUES (1048820,
	0,
	0,
	0,
	0,
	0,
	0,
	0,
	0,
	0,
	0,
	0,
	0,
	0,
	0,
	0,
	0,
	0,
	0);
INSERT INTO GD_LS
	VALUES (1048821,
	1048820,
	3232,
	2096,
	3136,
	2096,
	0);
INSERT INTO GD_GE
	VALUES (1048822,
	1048577,
	1048675,
	42);
INSERT INTO GD_CON
	VALUES (1048822,
	1048625,
	1048636,
	0);
INSERT INTO GD_CTXT
	VALUES (1048822,
	0,
	0,
	0,
	0,
	0,
	0,
	0,
	0,
	0,
	0,
	0,
	0,
	0,
	0,
	0,
	0,
	0,
	0);
INSERT INTO GD_LS
	VALUES (1048823,
	1048822,
	3136,
	2160,
	3232,
	2160,
	0);
INSERT INTO GD_GE
	VALUES (1048889,
	1048577,
	1048678,
	42);
INSERT INTO GD_CON
	VALUES (1048889,
	1048624,
	1048582,
	0);
INSERT INTO GD_CTXT
	VALUES (1048889,
	0,
	0,
	0,
	0,
	0,
	0,
	2864,
	2327,
	2988,
	2382,
	1,
	-21,
	0,
	0,
	0,
	0,
	0,
	0);
INSERT INTO GD_LS
	VALUES (1048890,
	1048889,
	2800,
	2240,
	2800,
	2368,
	0);
INSERT INTO GD_LS
	VALUES (1048891,
	1048889,
	2800,
	2368,
	3104,
	2384,
	1048890);
INSERT INTO GD_GE
	VALUES (1048892,
	1048577,
	1048679,
	42);
INSERT INTO GD_CON
	VALUES (1048892,
	1048636,
	1048582,
	0);
INSERT INTO GD_CTXT
	VALUES (1048892,
	0,
	0,
	0,
	0,
	0,
	0,
	0,
	0,
	0,
	0,
	0,
	0,
	0,
	0,
	0,
	0,
	0,
	0);
INSERT INTO GD_LS
	VALUES (1048893,
	1048892,
	3248,
	2240,
	3232,
	2336,
	0);
INSERT INTO O_OBJ
	VALUES (4718594,
	'syntax init',
	2,
	'INIT',
	'',
	4718601);
INSERT INTO O_NBATTR
	VALUES (4718598,
	4718594);
INSERT INTO O_BATTR
	VALUES (4718598,
	4718594);
INSERT INTO O_ATTR
	VALUES (4718598,
	4718594,
	0,
	'id',
	'',
	'',
	'id',
	0,
	524294);
INSERT INTO O_NBATTR
	VALUES (4718599,
	4718594);
INSERT INTO O_BATTR
	VALUES (4718599,
	4718594);
INSERT INTO O_ATTR
	VALUES (4718599,
	4718594,
	4718598,
	'current_state',
	'',
	'',
	'current_state',
	0,
	524295);
INSERT INTO O_ID
	VALUES (0,
	4718594);
INSERT INTO O_OIDA
	VALUES (4718598,
	4718594,
	0);
INSERT INTO SM_ISM
	VALUES (1572867,
	4718594);
INSERT INTO SM_SM
	VALUES (1572867,
	'',
	3);
INSERT INTO SM_MOORE
	VALUES (1572867);
INSERT INTO SM_SUPDT
	VALUES (1572865,
	1572867,
	0);
INSERT INTO SM_STATE
	VALUES (1572865,
	1572867,
	1572865,
	'Initialize System',
	1,
	0);
INSERT INTO SM_LEVT
	VALUES (1572865,
	1572867,
	1572865);
INSERT INTO SM_SEVT
	VALUES (1572865,
	1572867,
	1572865);
INSERT INTO SM_EVT
	VALUES (1572865,
	1572867,
	1572865,
	1,
	'initialize',
	0,
	'',
	'INIT1',
	'');
INSERT INTO SM_SEME
	VALUES (1572865,
	1572865,
	1572867,
	1572865);
INSERT INTO SM_NSTXN
	VALUES (1572865,
	1572867,
	1572865,
	1572865,
	1572865);
INSERT INTO SM_TXN
	VALUES (1572865,
	1572867,
	1572865,
	1572865);
INSERT INTO SM_MOAH
	VALUES (1572865,
	1572867,
	1572865);
INSERT INTO SM_AH
	VALUES (1572865,
	1572867);
INSERT INTO SM_ACT
	VALUES (1572865,
	1572867,
	1,
	'create object instance dr of DR;
assign dr.dr_id = "driver";
create object instance of EVTST;
generate DR1:''start test'' to dr;
',
	'');
INSERT INTO GD_MD
	VALUES (1572865,
	8,
	1572867,
	40,
	1,
	0,
	1,
	1,
	0,
	12,
	1600,
	4200,
	1.000000,
	0);
INSERT INTO GD_GE
	VALUES (1572866,
	1572865,
	1572865,
	41);
INSERT INTO GD_SHP
	VALUES (1572866,
	1808,
	1376,
	2096,
	1632);
INSERT INTO GD_GE
	VALUES (1572867,
	1572865,
	1572865,
	42);
INSERT INTO GD_CON
	VALUES (1572867,
	1572866,
	1572866,
	0);
INSERT INTO GD_CTXT
	VALUES (1572867,
	0,
	0,
	0,
	0,
	0,
	0,
	2165,
	1357,
	2308,
	1398,
	14,
	60,
	0,
	0,
	0,
	0,
	0,
	0);
INSERT INTO GD_LS
	VALUES (1572868,
	1572867,
	2096,
	1440,
	2176,
	1440,
	0);
INSERT INTO GD_LS
	VALUES (1572869,
	1572867,
	2176,
	1440,
	2176,
	1312,
	1572868);
INSERT INTO GD_LS
	VALUES (1572870,
	1572867,
	2176,
	1312,
	2032,
	1312,
	1572869);
INSERT INTO GD_LS
	VALUES (1572871,
	1572867,
	2032,
	1312,
	2032,
	1376,
	1572870);
INSERT INTO O_OBJ
	VALUES (4718595,
	'Event Tester',
	3,
	'EVTST',
	'',
	4718601);
INSERT INTO O_NBATTR
	VALUES (4718600,
	4718595);
INSERT INTO O_BATTR
	VALUES (4718600,
	4718595);
INSERT INTO O_ATTR
	VALUES (4718600,
	4718595,
	0,
	'evtst_id',
	'',
	'',
	'evtst_id',
	0,
	524294);
INSERT INTO O_NBATTR
	VALUES (4718601,
	4718595);
INSERT INTO O_BATTR
	VALUES (4718601,
	4718595);
INSERT INTO O_ATTR
	VALUES (4718601,
	4718595,
	4718600,
	'current_state',
	'',
	'',
	'current_state',
	0,
	524295);
INSERT INTO O_ID
	VALUES (0,
	4718595);
INSERT INTO O_OIDA
	VALUES (4718600,
	4718595,
	0);
INSERT INTO SM_ISM
	VALUES (2097156,
	4718595);
INSERT INTO SM_SM
	VALUES (2097156,
	'',
	4);
INSERT INTO SM_MOORE
	VALUES (2097156);
INSERT INTO SM_EVTDI
	VALUES (2097153,
	2097156,
	'int_param',
	'',
	524291);
INSERT INTO SM_SUPDT
	VALUES (2097153,
	2097156,
	0);
INSERT INTO SM_SDI
	VALUES (2097153,
	2097153,
	2097156);
INSERT INTO SM_SUPDT
	VALUES (2097154,
	2097156,
	0);
INSERT INTO SM_STATE
	VALUES (2097153,
	2097156,
	2097154,
	'Receiving Test Events',
	1,
	0);
INSERT INTO SM_LEVT
	VALUES (2097153,
	2097156,
	2097154);
INSERT INTO SM_SEVT
	VALUES (2097153,
	2097156,
	2097154);
INSERT INTO SM_EVT
	VALUES (2097153,
	2097156,
	2097154,
	1,
	'no supdata',
	0,
	'',
	'EVTST1',
	'');
INSERT INTO SM_SEME
	VALUES (2097153,
	2097153,
	2097156,
	2097154);
INSERT INTO SM_LEVT
	VALUES (2097154,
	2097156,
	2097153);
INSERT INTO SM_SEVT
	VALUES (2097154,
	2097156,
	2097153);
INSERT INTO SM_EVT
	VALUES (2097154,
	2097156,
	2097153,
	2,
	'supdata',
	0,
	'',
	'EVTST2',
	'');
INSERT INTO SM_SEME
	VALUES (2097153,
	2097154,
	2097156,
	2097153);
INSERT INTO SM_LEVT
	VALUES (2097155,
	2097156,
	2097154);
INSERT INTO SM_SEVT
	VALUES (2097155,
	2097156,
	2097154);
INSERT INTO SM_EVT
	VALUES (2097155,
	2097156,
	2097154,
	3,
	'back to receive',
	0,
	'',
	'EVTST3',
	'');
INSERT INTO SM_EIGN
	VALUES (2097153,
	2097155,
	2097156,
	2097154,
	'');
INSERT INTO SM_SEME
	VALUES (2097153,
	2097155,
	2097156,
	2097154);
INSERT INTO SM_STATE
	VALUES (2097154,
	2097156,
	2097154,
	'Responding To No Supdata Event',
	2,
	0);
INSERT INTO SM_EIGN
	VALUES (2097154,
	2097153,
	2097156,
	2097154,
	'');
INSERT INTO SM_SEME
	VALUES (2097154,
	2097153,
	2097156,
	2097154);
INSERT INTO SM_EIGN
	VALUES (2097154,
	2097154,
	2097156,
	2097153,
	'');
INSERT INTO SM_SEME
	VALUES (2097154,
	2097154,
	2097156,
	2097153);
INSERT INTO SM_SEME
	VALUES (2097154,
	2097155,
	2097156,
	2097154);
INSERT INTO SM_STATE
	VALUES (2097155,
	2097156,
	2097153,
	'Responding to Supdata Event',
	3,
	0);
INSERT INTO SM_EIGN
	VALUES (2097155,
	2097153,
	2097156,
	2097154,
	'');
INSERT INTO SM_SEME
	VALUES (2097155,
	2097153,
	2097156,
	2097154);
INSERT INTO SM_EIGN
	VALUES (2097155,
	2097154,
	2097156,
	2097153,
	'');
INSERT INTO SM_SEME
	VALUES (2097155,
	2097154,
	2097156,
	2097153);
INSERT INTO SM_SEME
	VALUES (2097155,
	2097155,
	2097156,
	2097154);
INSERT INTO SM_NSTXN
	VALUES (2097153,
	2097156,
	2097153,
	2097153,
	2097154);
INSERT INTO SM_TXN
	VALUES (2097153,
	2097156,
	2097154,
	2097154);
INSERT INTO SM_NSTXN
	VALUES (2097154,
	2097156,
	2097153,
	2097154,
	2097153);
INSERT INTO SM_TXN
	VALUES (2097154,
	2097156,
	2097155,
	2097153);
INSERT INTO SM_NSTXN
	VALUES (2097155,
	2097156,
	2097154,
	2097155,
	2097154);
INSERT INTO SM_TXN
	VALUES (2097155,
	2097156,
	2097153,
	2097154);
INSERT INTO SM_NSTXN
	VALUES (2097156,
	2097156,
	2097155,
	2097155,
	2097154);
INSERT INTO SM_TXN
	VALUES (2097156,
	2097156,
	2097153,
	2097154);
INSERT INTO SM_MOAH
	VALUES (2097153,
	2097156,
	2097153);
INSERT INTO SM_AH
	VALUES (2097153,
	2097156);
INSERT INTO SM_ACT
	VALUES (2097153,
	2097156,
	1,
	'',
	'');
INSERT INTO SM_MOAH
	VALUES (2097154,
	2097156,
	2097154);
INSERT INTO SM_AH
	VALUES (2097154,
	2097156);
INSERT INTO SM_ACT
	VALUES (2097154,
	2097156,
	1,
	'select any dr from instances of DR;
generate  DR7:''test passed'' to dr;
generate  EVTST3:''back to receive'' to self;',
	'');
INSERT INTO SM_MOAH
	VALUES (2097155,
	2097156,
	2097155);
INSERT INTO SM_AH
	VALUES (2097155,
	2097156);
INSERT INTO SM_ACT
	VALUES (2097155,
	2097156,
	1,
	'select any dr from instances of DR;
generate  DR7 to dr;
generate  EVTST3:''back to receive'' to self;',
	'');
INSERT INTO GD_MD
	VALUES (2097153,
	8,
	2097156,
	40,
	1,
	0,
	1,
	1,
	0,
	12,
	1600,
	4200,
	1.000000,
	0);
INSERT INTO GD_GE
	VALUES (2097154,
	2097153,
	2097153,
	41);
INSERT INTO GD_SHP
	VALUES (2097154,
	1808,
	1248,
	2016,
	1392);
INSERT INTO GD_GE
	VALUES (2097155,
	2097153,
	2097154,
	41);
INSERT INTO GD_SHP
	VALUES (2097155,
	1936,
	1504,
	2160,
	1664);
INSERT INTO GD_GE
	VALUES (2097156,
	2097153,
	2097155,
	41);
INSERT INTO GD_SHP
	VALUES (2097156,
	1664,
	1504,
	1888,
	1664);
INSERT INTO GD_GE
	VALUES (2097157,
	2097153,
	2097153,
	42);
INSERT INTO GD_CON
	VALUES (2097157,
	2097154,
	2097155,
	0);
INSERT INTO GD_CTXT
	VALUES (2097157,
	0,
	0,
	0,
	0,
	0,
	0,
	2005,
	1427,
	2184,
	1472,
	21,
	-6,
	0,
	0,
	0,
	0,
	0,
	0);
INSERT INTO GD_LS
	VALUES (2097158,
	2097157,
	2000,
	1392,
	2000,
	1504,
	0);
INSERT INTO GD_GE
	VALUES (2097159,
	2097153,
	2097154,
	42);
INSERT INTO GD_CON
	VALUES (2097159,
	2097154,
	2097156,
	0);
INSERT INTO GD_CTXT
	VALUES (2097159,
	0,
	0,
	0,
	0,
	0,
	0,
	1689,
	1431,
	1821,
	1469,
	-119,
	-2,
	0,
	0,
	0,
	0,
	0,
	0);
INSERT INTO GD_LS
	VALUES (2097160,
	2097159,
	1824,
	1392,
	1824,
	1504,
	0);
INSERT INTO GD_GE
	VALUES (2097161,
	2097153,
	2097156,
	42);
INSERT INTO GD_CON
	VALUES (2097161,
	2097156,
	2097154,
	0);
INSERT INTO GD_CTXT
	VALUES (2097161,
	0,
	0,
	0,
	0,
	0,
	0,
	1843,
	1420,
	1908,
	1491,
	19,
	-13,
	0,
	0,
	0,
	0,
	0,
	0);
INSERT INTO GD_LS
	VALUES (2097162,
	2097161,
	1840,
	1504,
	1840,
	1392,
	0);
INSERT INTO GD_GE
	VALUES (2097163,
	2097153,
	2097155,
	42);
INSERT INTO GD_CON
	VALUES (2097163,
	2097155,
	2097154,
	0);
INSERT INTO GD_CTXT
	VALUES (2097163,
	0,
	0,
	0,
	0,
	0,
	0,
	1914,
	1413,
	1980,
	1497,
	-54,
	-20,
	0,
	0,
	0,
	0,
	0,
	0);
INSERT INTO GD_LS
	VALUES (2097164,
	2097163,
	1984,
	1504,
	1984,
	1392,
	0);
INSERT INTO O_OBJ
	VALUES (4718596,
	'Assigner Event Tester',
	4,
	'A_EVTST',
	'',
	4718601);
INSERT INTO O_NBATTR
	VALUES (4718602,
	4718596);
INSERT INTO O_BATTR
	VALUES (4718602,
	4718596);
INSERT INTO O_ATTR
	VALUES (4718602,
	4718596,
	0,
	'a_evtst_id',
	'',
	'',
	'a_evtst_id',
	0,
	524294);
INSERT INTO O_NBATTR
	VALUES (4718603,
	4718596);
INSERT INTO O_BATTR
	VALUES (4718603,
	4718596);
INSERT INTO O_ATTR
	VALUES (4718603,
	4718596,
	4718602,
	'param_int',
	'',
	'',
	'param_int',
	0,
	524291);
INSERT INTO O_ID
	VALUES (0,
	4718596);
INSERT INTO O_OIDA
	VALUES (4718602,
	4718596,
	0);
INSERT INTO SM_ASM
	VALUES (2621445,
	4718596);
INSERT INTO SM_SM
	VALUES (2621445,
	'',
	5);
INSERT INTO SM_MOORE
	VALUES (2621445);
INSERT INTO SM_EVTDI
	VALUES (2621441,
	2621445,
	'int_param',
	'',
	524291);
INSERT INTO SM_SUPDT
	VALUES (2621441,
	2621445,
	0);
INSERT INTO SM_SUPDT
	VALUES (2621442,
	2621445,
	0);
INSERT INTO SM_SDI
	VALUES (2621441,
	2621442,
	2621445);
INSERT INTO SM_STATE
	VALUES (2621441,
	2621445,
	2621441,
	'Receiving Test Events',
	1,
	0);
INSERT INTO SM_LEVT
	VALUES (2621441,
	2621445,
	2621441);
INSERT INTO SM_SEVT
	VALUES (2621441,
	2621445,
	2621441);
INSERT INTO SM_EVT
	VALUES (2621441,
	2621445,
	2621441,
	1,
	'no supdata',
	0,
	'',
	'A_EVTST_A1',
	'');
INSERT INTO SM_SEME
	VALUES (2621441,
	2621441,
	2621445,
	2621441);
INSERT INTO SM_LEVT
	VALUES (2621442,
	2621445,
	2621442);
INSERT INTO SM_SEVT
	VALUES (2621442,
	2621445,
	2621442);
INSERT INTO SM_EVT
	VALUES (2621442,
	2621445,
	2621442,
	2,
	'supdata',
	0,
	'',
	'A_EVTST_A2',
	'');
INSERT INTO SM_SEME
	VALUES (2621441,
	2621442,
	2621445,
	2621442);
INSERT INTO SM_LEVT
	VALUES (2621443,
	2621445,
	2621441);
INSERT INTO SM_SEVT
	VALUES (2621443,
	2621445,
	2621441);
INSERT INTO SM_EVT
	VALUES (2621443,
	2621445,
	2621441,
	3,
	'back to receive',
	0,
	'',
	'A_EVTST_A3',
	'');
INSERT INTO SM_EIGN
	VALUES (2621441,
	2621443,
	2621445,
	2621441,
	'');
INSERT INTO SM_SEME
	VALUES (2621441,
	2621443,
	2621445,
	2621441);
INSERT INTO SM_STATE
	VALUES (2621442,
	2621445,
	2621442,
	'Responding to Supdata Event',
	2,
	0);
INSERT INTO SM_EIGN
	VALUES (2621442,
	2621441,
	2621445,
	2621441,
	'');
INSERT INTO SM_SEME
	VALUES (2621442,
	2621441,
	2621445,
	2621441);
INSERT INTO SM_EIGN
	VALUES (2621442,
	2621442,
	2621445,
	2621442,
	'');
INSERT INTO SM_SEME
	VALUES (2621442,
	2621442,
	2621445,
	2621442);
INSERT INTO SM_SEME
	VALUES (2621442,
	2621443,
	2621445,
	2621441);
INSERT INTO SM_STATE
	VALUES (2621443,
	2621445,
	2621441,
	'Responding to No Supdata Event',
	3,
	0);
INSERT INTO SM_EIGN
	VALUES (2621443,
	2621441,
	2621445,
	2621441,
	'');
INSERT INTO SM_SEME
	VALUES (2621443,
	2621441,
	2621445,
	2621441);
INSERT INTO SM_EIGN
	VALUES (2621443,
	2621442,
	2621445,
	2621442,
	'');
INSERT INTO SM_SEME
	VALUES (2621443,
	2621442,
	2621445,
	2621442);
INSERT INTO SM_SEME
	VALUES (2621443,
	2621443,
	2621445,
	2621441);
INSERT INTO SM_NSTXN
	VALUES (2621441,
	2621445,
	2621443,
	2621443,
	2621441);
INSERT INTO SM_TXN
	VALUES (2621441,
	2621445,
	2621441,
	2621441);
INSERT INTO SM_NSTXN
	VALUES (2621442,
	2621445,
	2621441,
	2621441,
	2621441);
INSERT INTO SM_TXN
	VALUES (2621442,
	2621445,
	2621443,
	2621441);
INSERT INTO SM_NSTXN
	VALUES (2621443,
	2621445,
	2621442,
	2621443,
	2621441);
INSERT INTO SM_TXN
	VALUES (2621443,
	2621445,
	2621441,
	2621441);
INSERT INTO SM_NSTXN
	VALUES (2621444,
	2621445,
	2621441,
	2621442,
	2621442);
INSERT INTO SM_TXN
	VALUES (2621444,
	2621445,
	2621442,
	2621442);
INSERT INTO SM_MOAH
	VALUES (2621441,
	2621445,
	2621441);
INSERT INTO SM_AH
	VALUES (2621441,
	2621445);
INSERT INTO SM_ACT
	VALUES (2621441,
	2621445,
	1,
	'',
	'');
INSERT INTO SM_MOAH
	VALUES (2621442,
	2621445,
	2621442);
INSERT INTO SM_AH
	VALUES (2621442,
	2621445);
INSERT INTO SM_ACT
	VALUES (2621442,
	2621445,
	1,
	'select any dr from instances of DR;
generate DR7:''test passed'' to dr;
generate A_EVTST_A3:''back to receive'' to A_EVTST assigner;',
	'');
INSERT INTO SM_MOAH
	VALUES (2621443,
	2621445,
	2621443);
INSERT INTO SM_AH
	VALUES (2621443,
	2621445);
INSERT INTO SM_ACT
	VALUES (2621443,
	2621445,
	1,
	'select any dr from instances of DR;
generate DR7:''test passed'' to dr;
generate A_EVTST_A3:''back to receive'' to A_EVTST assigner;',
	'');
INSERT INTO GD_MD
	VALUES (2621441,
	10,
	2621445,
	40,
	1,
	0,
	1,
	1,
	0,
	12,
	1600,
	4200,
	1.000000,
	0);
INSERT INTO GD_GE
	VALUES (2621442,
	2621441,
	2621441,
	41);
INSERT INTO GD_SHP
	VALUES (2621442,
	1856,
	1280,
	2064,
	1392);
INSERT INTO GD_GE
	VALUES (2621443,
	2621441,
	2621442,
	41);
INSERT INTO GD_SHP
	VALUES (2621443,
	1632,
	1456,
	1856,
	1600);
INSERT INTO GD_GE
	VALUES (2621444,
	2621441,
	2621443,
	41);
INSERT INTO GD_SHP
	VALUES (2621444,
	2080,
	1456,
	2304,
	1600);
INSERT INTO GD_GE
	VALUES (2621445,
	2621441,
	2621444,
	42);
INSERT INTO GD_CON
	VALUES (2621445,
	2621442,
	2621443,
	0);
INSERT INTO GD_CTXT
	VALUES (2621445,
	0,
	0,
	0,
	0,
	0,
	0,
	1673,
	1396,
	1822,
	1459,
	-140,
	-20,
	0,
	0,
	0,
	0,
	0,
	0);
INSERT INTO GD_LS
	VALUES (2621446,
	2621445,
	1872,
	1392,
	1792,
	1456,
	0);
INSERT INTO GD_GE
	VALUES (2621447,
	2621441,
	2621443,
	42);
INSERT INTO GD_CON
	VALUES (2621447,
	2621443,
	2621442,
	0);
INSERT INTO GD_CTXT
	VALUES (2621447,
	0,
	0,
	0,
	0,
	0,
	0,
	1881,
	1405,
	1984,
	1441,
	52,
	-11,
	0,
	0,
	0,
	0,
	0,
	0);
INSERT INTO GD_LS
	VALUES (2621448,
	2621447,
	1808,
	1456,
	1888,
	1392,
	0);
INSERT INTO GD_GE
	VALUES (2621449,
	2621441,
	2621442,
	42);
INSERT INTO GD_CON
	VALUES (2621449,
	2621442,
	2621444,
	0);
INSERT INTO GD_CTXT
	VALUES (2621449,
	0,
	0,
	0,
	0,
	0,
	0,
	1965,
	1444,
	2085,
	1496,
	-88,
	42,
	0,
	0,
	0,
	0,
	0,
	0);
INSERT INTO GD_LS
	VALUES (2621450,
	2621449,
	2032,
	1392,
	2112,
	1456,
	0);
INSERT INTO GD_GE
	VALUES (2621451,
	2621441,
	2621441,
	42);
INSERT INTO GD_CON
	VALUES (2621451,
	2621444,
	2621442,
	0);
INSERT INTO GD_CTXT
	VALUES (2621451,
	0,
	0,
	0,
	0,
	0,
	0,
	2104,
	1402,
	2244,
	1441,
	35,
	0,
	0,
	0,
	0,
	0,
	0,
	0);
INSERT INTO GD_LS
	VALUES (2621452,
	2621451,
	2128,
	1456,
	2048,
	1392,
	0);
INSERT INTO O_OBJ
	VALUES (4718597,
	'Creation Event Tester',
	5,
	'C_EVTST',
	'',
	4718601);
INSERT INTO O_NBATTR
	VALUES (4718604,
	4718597);
INSERT INTO O_BATTR
	VALUES (4718604,
	4718597);
INSERT INTO O_ATTR
	VALUES (4718604,
	4718597,
	0,
	'c_evtst_id',
	'',
	'',
	'c_evtst_id',
	0,
	524294);
INSERT INTO O_NBATTR
	VALUES (4718605,
	4718597);
INSERT INTO O_BATTR
	VALUES (4718605,
	4718597);
INSERT INTO O_ATTR
	VALUES (4718605,
	4718597,
	4718604,
	'current_state',
	'',
	'',
	'current_state',
	0,
	524295);
INSERT INTO O_ID
	VALUES (0,
	4718597);
INSERT INTO O_OIDA
	VALUES (4718604,
	4718597,
	0);
INSERT INTO SM_ISM
	VALUES (3145734,
	4718597);
INSERT INTO SM_SM
	VALUES (3145734,
	'',
	6);
INSERT INTO SM_MOORE
	VALUES (3145734);
INSERT INTO SM_EVTDI
	VALUES (3145729,
	3145734,
	'int_param',
	'',
	524291);
INSERT INTO SM_SUPDT
	VALUES (3145729,
	3145734,
	0);
INSERT INTO SM_SUPDT
	VALUES (3145730,
	3145734,
	0);
INSERT INTO SM_SDI
	VALUES (3145729,
	3145730,
	3145734);
INSERT INTO SM_STATE
	VALUES (3145729,
	3145734,
	3145729,
	'Responding To No Supdata Event',
	2,
	1);
INSERT INTO SM_LEVT
	VALUES (3145729,
	3145734,
	3145729);
INSERT INTO SM_SEVT
	VALUES (3145729,
	3145734,
	3145729);
INSERT INTO SM_EVT
	VALUES (3145729,
	3145734,
	3145729,
	1,
	'no supdata',
	0,
	'',
	'C_EVTST1',
	'');
INSERT INTO SM_EIGN
	VALUES (3145729,
	3145729,
	3145734,
	3145729,
	'');
INSERT INTO SM_SEME
	VALUES (3145729,
	3145729,
	3145734,
	3145729);
INSERT INTO SM_LEVT
	VALUES (3145730,
	3145734,
	3145730);
INSERT INTO SM_SEVT
	VALUES (3145730,
	3145734,
	3145730);
INSERT INTO SM_EVT
	VALUES (3145730,
	3145734,
	3145730,
	2,
	'supdata',
	0,
	'',
	'C_EVTST2',
	'');
INSERT INTO SM_EIGN
	VALUES (3145729,
	3145730,
	3145734,
	3145730,
	'');
INSERT INTO SM_SEME
	VALUES (3145729,
	3145730,
	3145734,
	3145730);
INSERT INTO SM_STATE
	VALUES (3145730,
	3145734,
	3145730,
	'Responding To Supdata Event',
	3,
	1);
INSERT INTO SM_EIGN
	VALUES (3145730,
	3145729,
	3145734,
	3145729,
	'');
INSERT INTO SM_SEME
	VALUES (3145730,
	3145729,
	3145734,
	3145729);
INSERT INTO SM_EIGN
	VALUES (3145730,
	3145730,
	3145734,
	3145730,
	'');
INSERT INTO SM_SEME
	VALUES (3145730,
	3145730,
	3145734,
	3145730);
INSERT INTO SM_CRTXN
	VALUES (3145729,
	3145734,
	3145730,
	3145730);
INSERT INTO SM_TXN
	VALUES (3145729,
	3145734,
	3145730,
	3145730);
INSERT INTO SM_CRTXN
	VALUES (3145730,
	3145734,
	3145729,
	3145729);
INSERT INTO SM_TXN
	VALUES (3145730,
	3145734,
	3145729,
	3145729);
INSERT INTO SM_MOAH
	VALUES (3145729,
	3145734,
	3145729);
INSERT INTO SM_AH
	VALUES (3145729,
	3145734);
INSERT INTO SM_ACT
	VALUES (3145729,
	3145734,
	1,
	'select any dr from instances of DR;
generate DR7:''test passed'' to dr;
',
	'');
INSERT INTO SM_MOAH
	VALUES (3145730,
	3145734,
	3145730);
INSERT INTO SM_AH
	VALUES (3145730,
	3145734);
INSERT INTO SM_ACT
	VALUES (3145730,
	3145734,
	1,
	'select any dr from instances of DR;
generate DR7:''test passed'' to dr;
',
	'');
INSERT INTO GD_MD
	VALUES (3145729,
	8,
	3145734,
	40,
	1,
	0,
	1,
	1,
	0,
	12,
	1600,
	4200,
	1.000000,
	0);
INSERT INTO GD_GE
	VALUES (3145730,
	3145729,
	3145729,
	41);
INSERT INTO GD_SHP
	VALUES (3145730,
	2064,
	1520,
	2320,
	1680);
INSERT INTO GD_GE
	VALUES (3145731,
	3145729,
	3145730,
	41);
INSERT INTO GD_SHP
	VALUES (3145731,
	1632,
	1520,
	1872,
	1680);
INSERT INTO GD_GE
	VALUES (3145732,
	3145729,
	3145729,
	42);
INSERT INTO GD_CON
	VALUES (3145732,
	3145731,
	0,
	0);
INSERT INTO GD_CTXT
	VALUES (3145732,
	0,
	0,
	0,
	0,
	0,
	0,
	1728,
	1440,
	1936,
	1474,
	0,
	-1,
	0,
	0,
	0,
	0,
	0,
	0);
INSERT INTO GD_LS
	VALUES (3145733,
	3145732,
	1744,
	1520,
	1744,
	1392,
	0);
INSERT INTO GD_GE
	VALUES (3145734,
	3145729,
	3145730,
	42);
INSERT INTO GD_CON
	VALUES (3145734,
	3145730,
	0,
	0);
INSERT INTO GD_CTXT
	VALUES (3145734,
	0,
	0,
	0,
	0,
	0,
	0,
	2130,
	1459,
	2396,
	1495,
	-46,
	10,
	0,
	0,
	0,
	0,
	0,
	0);
INSERT INTO GD_LS
	VALUES (3145735,
	3145734,
	2192,
	1520,
	2192,
	1408,
	0);
INSERT INTO O_IOBJ
	VALUES (4718593,
	5242886,
	5,
	4718601,
	'Transformer Object',
	'TRAN');
INSERT INTO GD_MD
	VALUES (4718606,
	5,
	4718601,
	11,
	1,
	0,
	1,
	1,
	0,
	12,
	1600,
	4199,
	1.000000,
	0);
INSERT INTO GD_GE
	VALUES (4718609,
	4718606,
	4718593,
	21);
INSERT INTO GD_SHP
	VALUES (4718609,
	1824,
	1392,
	2000,
	1520);
INSERT INTO GD_GE
	VALUES (4718610,
	4718606,
	4718594,
	21);
INSERT INTO GD_SHP
	VALUES (4718610,
	1616,
	1568,
	1792,
	1664);
INSERT INTO GD_GE
	VALUES (4718611,
	4718606,
	4718595,
	21);
INSERT INTO GD_SHP
	VALUES (4718611,
	1824,
	1568,
	2000,
	1664);
INSERT INTO GD_GE
	VALUES (4718612,
	4718606,
	4718596,
	21);
INSERT INTO GD_SHP
	VALUES (4718612,
	1824,
	1680,
	2000,
	1776);
INSERT INTO GD_GE
	VALUES (4718613,
	4718606,
	4718597,
	21);
INSERT INTO GD_SHP
	VALUES (4718613,
	2048,
	1568,
	2224,
	1664);
INSERT INTO GD_GE
	VALUES (4718643,
	4718606,
	4718593,
	23);
INSERT INTO GD_SHP
	VALUES (4718643,
	2048,
	1424,
	2224,
	1520);
INSERT INTO GD_MD
	VALUES (4718607,
	6,
	4718601,
	11,
	1,
	0,
	1,
	1,
	0,
	12,
	1600,
	4200,
	1.000000,
	0);
INSERT INTO GD_GE
	VALUES (4718614,
	4718607,
	4718593,
	21);
INSERT INTO GD_SHP
	VALUES (4718614,
	1712,
	1248,
	1904,
	1312);
INSERT INTO GD_GE
	VALUES (4718615,
	4718607,
	4718594,
	21);
INSERT INTO GD_SHP
	VALUES (4718615,
	2064,
	1632,
	2256,
	1696);
INSERT INTO GD_GE
	VALUES (4718616,
	4718607,
	4718595,
	21);
INSERT INTO GD_SHP
	VALUES (4718616,
	2064,
	1392,
	2256,
	1456);
INSERT INTO GD_GE
	VALUES (4718617,
	4718607,
	4718597,
	21);
INSERT INTO GD_SHP
	VALUES (4718617,
	2064,
	1472,
	2256,
	1536);
INSERT INTO GD_GE
	VALUES (4718618,
	4718607,
	2621445,
	40);
INSERT INTO GD_SHP
	VALUES (4718618,
	2064,
	1712,
	2256,
	1776);
INSERT INTO GD_MD
	VALUES (4718608,
	7,
	4718601,
	11,
	1,
	0,
	1,
	1,
	0,
	12,
	1600,
	4200,
	1.000000,
	0);
INSERT INTO GD_GE
	VALUES (4718619,
	4718608,
	4718593,
	21);
INSERT INTO GD_SHP
	VALUES (4718619,
	1712,
	1248,
	1904,
	1312);
INSERT INTO GD_GE
	VALUES (4718620,
	4718608,
	4718594,
	21);
INSERT INTO GD_SHP
	VALUES (4718620,
	1712,
	1392,
	1904,
	1456);
INSERT INTO GD_GE
	VALUES (4718621,
	4718608,
	4718595,
	21);
INSERT INTO GD_SHP
	VALUES (4718621,
	2032,
	1392,
	2224,
	1456);
INSERT INTO GD_GE
	VALUES (4718622,
	4718608,
	4718596,
	21);
INSERT INTO GD_SHP
	VALUES (4718622,
	2048,
	1552,
	2240,
	1616);
INSERT INTO GD_GE
	VALUES (4718623,
	4718608,
	4718597,
	21);
INSERT INTO GD_SHP
	VALUES (4718623,
	2064,
	1680,
	2256,
	1744);
INSERT INTO GD_GE
	VALUES (4718624,
	4718608,
	2621445,
	40);
INSERT INTO GD_SHP
	VALUES (4718624,
	1984,
	1772,
	2176,
	1836);
INSERT INTO S_SS
	VALUES (5242890,
	'Transformer Subsystem',
	'',
	'',
	100,
	242699,
	5242890);
INSERT INTO O_OBJ
	VALUES (5242886,
	'Transformer Object',
	100,
	'TRAN',
	'',
	5242890);
INSERT INTO O_TFR
	VALUES (5242881,
	5242886,
	'return_int',
	'',
	524291,
	0,
	'LOG::LogFailure(message:"TRAN::return_int operation should not have been translated.");
return param.int;',
	1);
INSERT INTO O_TPARM
	VALUES (5242928,
	5242881,
	'int',
	524291,
	0);
INSERT INTO O_NBATTR
	VALUES (5242894,
	5242886);
INSERT INTO O_BATTR
	VALUES (5242894,
	5242886);
INSERT INTO O_ATTR
	VALUES (5242894,
	5242886,
	0,
	'tran_id',
	'',
	'',
	'tran_id',
	0,
	524294);
INSERT INTO O_NBATTR
	VALUES (5242895,
	5242886);
INSERT INTO O_BATTR
	VALUES (5242895,
	5242886);
INSERT INTO O_ATTR
	VALUES (5242895,
	5242886,
	5242894,
	'current_state',
	'',
	'',
	'current_state',
	0,
	524295);
INSERT INTO O_ID
	VALUES (0,
	5242886);
INSERT INTO O_OIDA
	VALUES (5242894,
	5242886,
	0);
INSERT INTO SM_ISM
	VALUES (3670023,
	5242886);
INSERT INTO SM_SM
	VALUES (3670023,
	'',
	7);
INSERT INTO SM_MOORE
	VALUES (3670023);
INSERT INTO GD_MD
	VALUES (3670017,
	8,
	3670023,
	40,
	1,
	0,
	1,
	1,
	0,
	12,
	1600,
	4200,
	1.000000,
	0);
INSERT INTO GD_MD
	VALUES (5242913,
	5,
	5242890,
	11,
	1,
	0,
	1,
	1,
	0,
	12,
	1600,
	4199,
	1.000000,
	0);
INSERT INTO GD_GE
	VALUES (5242916,
	5242913,
	5242886,
	21);
INSERT INTO GD_SHP
	VALUES (5242916,
	1760,
	1248,
	1936,
	1344);
INSERT INTO GD_MD
	VALUES (5242914,
	6,
	5242890,
	11,
	1,
	0,
	1,
	1,
	0,
	12,
	1600,
	4200,
	1.000000,
	0);
INSERT INTO GD_GE
	VALUES (5242917,
	5242914,
	5242886,
	21);
INSERT INTO GD_SHP
	VALUES (5242917,
	1760,
	1248,
	1952,
	1312);
INSERT INTO GD_MD
	VALUES (5242915,
	7,
	5242890,
	11,
	1,
	0,
	1,
	1,
	0,
	12,
	1600,
	4200,
	1.000000,
	0);
INSERT INTO GD_GE
	VALUES (5242918,
	5242915,
	5242886,
	21);
INSERT INTO GD_SHP
	VALUES (5242918,
	1760,
	1248,
	1952,
	1312);
