-- BP 6.1D content: domain syschar: 3

INSERT INTO S_DOM
	VALUES (9357785,
	'wim2',
	'This domain tests supertype/subtype relationships.  There are super/sub chains, as well as classes that are subtypes of two different supertypes.

Relationships are navigated from both the supertype and the subtype to ensure that bi-directional access works.  Events are send from the supertypes to the subtypes and vice versa - poor man''s polymorphic events.',
	0,
	1);
INSERT INTO S_CDT
	VALUES (524289,
	0);
INSERT INTO S_DT
	VALUES (524289,
	9357785,
	'void',
	'');
INSERT INTO S_CDT
	VALUES (524290,
	1);
INSERT INTO S_DT
	VALUES (524290,
	9357785,
	'boolean',
	'');
INSERT INTO S_CDT
	VALUES (524291,
	2);
INSERT INTO S_DT
	VALUES (524291,
	9357785,
	'integer',
	'');
INSERT INTO S_CDT
	VALUES (524292,
	3);
INSERT INTO S_DT
	VALUES (524292,
	9357785,
	'real',
	'');
INSERT INTO S_CDT
	VALUES (524293,
	4);
INSERT INTO S_DT
	VALUES (524293,
	9357785,
	'string',
	'');
INSERT INTO S_CDT
	VALUES (524294,
	5);
INSERT INTO S_DT
	VALUES (524294,
	9357785,
	'unique_id',
	'');
INSERT INTO S_CDT
	VALUES (524295,
	6);
INSERT INTO S_DT
	VALUES (524295,
	9357785,
	'state<State_Model>',
	'');
INSERT INTO S_CDT
	VALUES (524296,
	7);
INSERT INTO S_DT
	VALUES (524296,
	9357785,
	'same_as<Base_Attribute>',
	'');
INSERT INTO S_CDT
	VALUES (524297,
	8);
INSERT INTO S_DT
	VALUES (524297,
	9357785,
	'inst_ref<Object>',
	'');
INSERT INTO S_CDT
	VALUES (524298,
	9);
INSERT INTO S_DT
	VALUES (524298,
	9357785,
	'inst_ref_set<Object>',
	'');
INSERT INTO S_CDT
	VALUES (524299,
	10);
INSERT INTO S_DT
	VALUES (524299,
	9357785,
	'inst<Event>',
	'');
INSERT INTO S_CDT
	VALUES (524300,
	11);
INSERT INTO S_DT
	VALUES (524300,
	9357785,
	'inst<Mapping>',
	'');
INSERT INTO S_CDT
	VALUES (524301,
	12);
INSERT INTO S_DT
	VALUES (524301,
	9357785,
	'inst_ref<Mapping>',
	'');
INSERT INTO S_UDT
	VALUES (524302,
	524300,
	1);
INSERT INTO S_DT
	VALUES (524302,
	9357785,
	'date',
	'');
INSERT INTO S_UDT
	VALUES (524303,
	524300,
	2);
INSERT INTO S_DT
	VALUES (524303,
	9357785,
	'timestamp',
	'');
INSERT INTO S_UDT
	VALUES (524304,
	524301,
	3);
INSERT INTO S_DT
	VALUES (524304,
	9357785,
	'inst_ref<Timer>',
	'');
INSERT INTO S_EE
	VALUES (524289,
	'Logging ',
	'',
	'LOG',
	9357785);
INSERT INTO S_BRG
	VALUES (524289,
	524289,
	'LogSuccess',
	'',
	0,
	524289,
	'',
	1);
INSERT INTO S_BPARM
	VALUES (524289,
	524289,
	'message',
	524293,
	0);
INSERT INTO S_BRG
	VALUES (524290,
	524289,
	'LogFailure',
	'',
	0,
	524289,
	'',
	1);
INSERT INTO S_BPARM
	VALUES (524290,
	524290,
	'message',
	524293,
	0);
INSERT INTO S_BRG
	VALUES (524291,
	524289,
	'LogInfo',
	'',
	0,
	524289,
	'',
	1);
INSERT INTO S_BPARM
	VALUES (524291,
	524291,
	'message',
	524293,
	0);
INSERT INTO S_EE
	VALUES (524290,
	'Time',
	'',
	'TIM',
	9357785);
INSERT INTO S_BRG
	VALUES (524292,
	524290,
	'current_date',
	'',
	1,
	524302,
	'',
	0);
INSERT INTO S_BRG
	VALUES (524293,
	524290,
	'create_date',
	'',
	1,
	524302,
	'',
	0);
INSERT INTO S_BPARM
	VALUES (524292,
	524293,
	'second',
	524291,
	0);
INSERT INTO S_BPARM
	VALUES (524293,
	524293,
	'minute',
	524291,
	0);
INSERT INTO S_BPARM
	VALUES (524294,
	524293,
	'hour',
	524291,
	0);
INSERT INTO S_BPARM
	VALUES (524295,
	524293,
	'day',
	524291,
	0);
INSERT INTO S_BPARM
	VALUES (524296,
	524293,
	'month',
	524291,
	0);
INSERT INTO S_BPARM
	VALUES (524297,
	524293,
	'year',
	524291,
	0);
INSERT INTO S_BRG
	VALUES (524294,
	524290,
	'get_second',
	'',
	1,
	524291,
	'',
	0);
INSERT INTO S_BPARM
	VALUES (524298,
	524294,
	'date',
	524302,
	0);
INSERT INTO S_BRG
	VALUES (524295,
	524290,
	'get_minute',
	'',
	1,
	524291,
	'',
	0);
INSERT INTO S_BPARM
	VALUES (524299,
	524295,
	'date',
	524302,
	0);
INSERT INTO S_BRG
	VALUES (524296,
	524290,
	'get_hour',
	'',
	1,
	524291,
	'',
	0);
INSERT INTO S_BPARM
	VALUES (524300,
	524296,
	'date',
	524302,
	0);
INSERT INTO S_BRG
	VALUES (524297,
	524290,
	'get_day',
	'',
	1,
	524291,
	'',
	0);
INSERT INTO S_BPARM
	VALUES (524301,
	524297,
	'date',
	524302,
	0);
INSERT INTO S_BRG
	VALUES (524298,
	524290,
	'get_month',
	'',
	1,
	524291,
	'',
	0);
INSERT INTO S_BPARM
	VALUES (524302,
	524298,
	'date',
	524302,
	0);
INSERT INTO S_BRG
	VALUES (524299,
	524290,
	'get_year',
	'',
	1,
	524291,
	'',
	0);
INSERT INTO S_BPARM
	VALUES (524303,
	524299,
	'date',
	524302,
	0);
INSERT INTO S_BRG
	VALUES (524300,
	524290,
	'current_clock',
	'',
	1,
	524303,
	'',
	0);
INSERT INTO S_BRG
	VALUES (524301,
	524290,
	'timer_start',
	'',
	1,
	524304,
	'',
	0);
INSERT INTO S_BPARM
	VALUES (524304,
	524301,
	'microseconds',
	524291,
	0);
INSERT INTO S_BPARM
	VALUES (524305,
	524301,
	'event_inst',
	524299,
	0);
INSERT INTO S_BRG
	VALUES (524302,
	524290,
	'timer_start_recurring',
	'',
	1,
	524304,
	'',
	0);
INSERT INTO S_BPARM
	VALUES (524306,
	524302,
	'microseconds',
	524291,
	0);
INSERT INTO S_BPARM
	VALUES (524307,
	524302,
	'event_inst',
	524299,
	0);
INSERT INTO S_BRG
	VALUES (524303,
	524290,
	'timer_remaining_time',
	'',
	1,
	524291,
	'',
	0);
INSERT INTO S_BPARM
	VALUES (524308,
	524303,
	'timer_inst_ref',
	524304,
	0);
INSERT INTO S_BRG
	VALUES (524304,
	524290,
	'timer_reset_time',
	'',
	1,
	524290,
	'',
	0);
INSERT INTO S_BPARM
	VALUES (524309,
	524304,
	'timer_inst_ref',
	524304,
	0);
INSERT INTO S_BPARM
	VALUES (524310,
	524304,
	'microseconds',
	524291,
	0);
INSERT INTO S_BRG
	VALUES (524305,
	524290,
	'timer_add_time',
	'',
	1,
	524290,
	'',
	0);
INSERT INTO S_BPARM
	VALUES (524311,
	524305,
	'timer_inst_ref',
	524304,
	0);
INSERT INTO S_BPARM
	VALUES (524312,
	524305,
	'microseconds',
	524291,
	0);
INSERT INTO S_BRG
	VALUES (524306,
	524290,
	'timer_cancel',
	'',
	1,
	524290,
	'',
	0);
INSERT INTO S_BPARM
	VALUES (524313,
	524306,
	'timer_inst_ref',
	524304,
	0);
INSERT INTO S_EE
	VALUES (524291,
	'Architecture',
	'',
	'ARCH',
	9357785);
INSERT INTO S_BRG
	VALUES (524307,
	524291,
	'shutdown',
	'',
	0,
	524289,
	'control stop;',
	1);
INSERT INTO GD_MD
	VALUES (524289,
	1,
	9357785,
	1,
	1,
	0,
	1,
	1,
	0,
	12,
	1642,
	4125,
	1.147143,
	0);
INSERT INTO GD_GE
	VALUES (524293,
	524289,
	524289,
	12);
INSERT INTO GD_SHP
	VALUES (524293,
	2144,
	1632,
	2320,
	1728);
INSERT INTO GD_GE
	VALUES (524294,
	524289,
	524290,
	12);
INSERT INTO GD_SHP
	VALUES (524294,
	1904,
	1632,
	2080,
	1728);
INSERT INTO GD_GE
	VALUES (524295,
	524289,
	524291,
	12);
INSERT INTO GD_SHP
	VALUES (524295,
	1664,
	1632,
	1840,
	1728);
INSERT INTO GD_GE
	VALUES (524338,
	524289,
	1048578,
	11);
INSERT INTO GD_SHP
	VALUES (524338,
	1904,
	1472,
	2080,
	1568);
INSERT INTO GD_MD
	VALUES (524290,
	2,
	9357785,
	1,
	1,
	0,
	1,
	1,
	0,
	12,
	1600,
	4200,
	1.000000,
	0);
INSERT INTO GD_GE
	VALUES (524339,
	524290,
	1048578,
	11);
INSERT INTO GD_SHP
	VALUES (524339,
	1920,
	1344,
	2080,
	1440);
INSERT INTO GD_MD
	VALUES (524291,
	3,
	9357785,
	1,
	1,
	0,
	1,
	1,
	0,
	12,
	1600,
	4200,
	1.000000,
	0);
INSERT INTO GD_GE
	VALUES (524340,
	524291,
	1048578,
	11);
INSERT INTO GD_SHP
	VALUES (524340,
	1920,
	1344,
	2080,
	1440);
INSERT INTO GD_MD
	VALUES (524292,
	4,
	9357785,
	1,
	1,
	0,
	1,
	1,
	0,
	12,
	1600,
	4200,
	1.000000,
	0);
INSERT INTO GD_GE
	VALUES (524341,
	524292,
	1048578,
	11);
INSERT INTO GD_SHP
	VALUES (524341,
	1920,
	1344,
	2080,
	1440);
INSERT INTO S_SS
	VALUES (1048578,
	'wim2',
	'',
	'',
	1,
	9357785,
	1048578);
INSERT INTO O_OBJ
	VALUES (1048577,
	'wim2 init',
	1,
	'INIT',
	'',
	1048578);
INSERT INTO O_NBATTR
	VALUES (1048577,
	1048577);
INSERT INTO O_BATTR
	VALUES (1048577,
	1048577);
INSERT INTO O_ATTR
	VALUES (1048577,
	1048577,
	0,
	'id',
	'',
	'',
	'id',
	0,
	524294);
INSERT INTO O_NBATTR
	VALUES (1048578,
	1048577);
INSERT INTO O_BATTR
	VALUES (1048578,
	1048577);
INSERT INTO O_ATTR
	VALUES (1048578,
	1048577,
	1048577,
	'current_state',
	'',
	'',
	'current_state',
	0,
	524295);
INSERT INTO O_ID
	VALUES (0,
	1048577);
INSERT INTO O_OIDA
	VALUES (1048577,
	1048577,
	0);
INSERT INTO SM_ISM
	VALUES (1572867,
	1048577);
INSERT INTO SM_SM
	VALUES (1572867,
	'',
	3);
INSERT INTO SM_MOORE
	VALUES (1572867);
INSERT INTO SM_SUPDT
	VALUES (1572865,
	1572867,
	0);
INSERT INTO SM_STATE
	VALUES (1572865,
	1572867,
	1572865,
	'init',
	1,
	0);
INSERT INTO SM_LEVT
	VALUES (1572865,
	1572867,
	1572865);
INSERT INTO SM_SEVT
	VALUES (1572865,
	1572867,
	1572865);
INSERT INTO SM_EVT
	VALUES (1572865,
	1572867,
	1572865,
	1,
	'start test',
	0,
	'',
	'INIT1',
	'');
INSERT INTO SM_SEME
	VALUES (1572865,
	1572865,
	1572867,
	1572865);
INSERT INTO SM_NSTXN
	VALUES (1572865,
	1572867,
	1572865,
	1572865,
	1572865);
INSERT INTO SM_TXN
	VALUES (1572865,
	1572867,
	1572865,
	1572865);
INSERT INTO SM_MOAH
	VALUES (1572865,
	1572867,
	1572865);
INSERT INTO SM_AH
	VALUES (1572865,
	1572867);
INSERT INTO SM_ACT
	VALUES (1572865,
	1572867,
	1,
	'generate ICD1:''Start IC Test Suite''() to ICD creator;',
	'');
INSERT INTO GD_MD
	VALUES (1572865,
	8,
	1572867,
	40,
	1,
	0,
	1,
	1,
	0,
	12,
	1600,
	4200,
	1.000000,
	0);
INSERT INTO GD_GE
	VALUES (1572866,
	1572865,
	1572865,
	41);
INSERT INTO GD_SHP
	VALUES (1572866,
	1776,
	1312,
	2176,
	1536);
INSERT INTO GD_GE
	VALUES (1572867,
	1572865,
	1572865,
	42);
INSERT INTO GD_CON
	VALUES (1572867,
	1572866,
	1572866,
	0);
INSERT INTO GD_CTXT
	VALUES (1572867,
	0,
	0,
	0,
	0,
	0,
	0,
	1704,
	1242,
	1857,
	1274,
	1,
	-7,
	0,
	0,
	0,
	0,
	0,
	0);
INSERT INTO GD_LS
	VALUES (1572868,
	1572867,
	1776,
	1376,
	1728,
	1376,
	0);
INSERT INTO GD_LS
	VALUES (1572869,
	1572867,
	1728,
	1376,
	1728,
	1264,
	1572868);
INSERT INTO GD_LS
	VALUES (1572870,
	1572867,
	1728,
	1264,
	1840,
	1264,
	1572869);
INSERT INTO GD_LS
	VALUES (1572871,
	1572867,
	1840,
	1264,
	1840,
	1312,
	1572870);
INSERT INTO O_OBJ
	VALUES (1048578,
	'IC Driver',
	10,
	'ICD',
	'',
	1048578);
INSERT INTO O_NBATTR
	VALUES (1048579,
	1048578);
INSERT INTO O_BATTR
	VALUES (1048579,
	1048578);
INSERT INTO O_ATTR
	VALUES (1048579,
	1048578,
	0,
	'icd_id',
	'',
	'',
	'icd_id',
	0,
	524294);
INSERT INTO O_NBATTR
	VALUES (1048580,
	1048578);
INSERT INTO O_BATTR
	VALUES (1048580,
	1048578);
INSERT INTO O_ATTR
	VALUES (1048580,
	1048578,
	1048579,
	'ack_count',
	'',
	'',
	'ack_count',
	0,
	524291);
INSERT INTO O_NBATTR
	VALUES (1048581,
	1048578);
INSERT INTO O_BATTR
	VALUES (1048581,
	1048578);
INSERT INTO O_ATTR
	VALUES (1048581,
	1048578,
	1048580,
	'current_state',
	'',
	'',
	'current_state',
	0,
	524295);
INSERT INTO O_ID
	VALUES (0,
	1048578);
INSERT INTO O_OIDA
	VALUES (1048579,
	1048578,
	0);
INSERT INTO SM_ISM
	VALUES (2097156,
	1048578);
INSERT INTO SM_SM
	VALUES (2097156,
	'',
	4);
INSERT INTO SM_MOORE
	VALUES (2097156);
INSERT INTO SM_SUPDT
	VALUES (2097153,
	2097156,
	0);
INSERT INTO SM_STATE
	VALUES (2097153,
	2097156,
	2097153,
	'Running IC8 Test Suite',
	12,
	0);
INSERT INTO SM_LEVT
	VALUES (2097153,
	2097156,
	2097153);
INSERT INTO SM_SEVT
	VALUES (2097153,
	2097156,
	2097153);
INSERT INTO SM_EVT
	VALUES (2097153,
	2097156,
	2097153,
	1,
	'Start IC Test Suite',
	0,
	'',
	'ICD1',
	'');
INSERT INTO SM_SEME
	VALUES (2097153,
	2097153,
	2097156,
	2097153);
INSERT INTO SM_LEVT
	VALUES (2097154,
	2097156,
	2097153);
INSERT INTO SM_SEVT
	VALUES (2097154,
	2097156,
	2097153);
INSERT INTO SM_EVT
	VALUES (2097154,
	2097156,
	2097153,
	17,
	'IC8 Test N Left Complete',
	0,
	'',
	'ICD17',
	'');
INSERT INTO SM_SEME
	VALUES (2097153,
	2097154,
	2097156,
	2097153);
INSERT INTO SM_LEVT
	VALUES (2097155,
	2097156,
	2097153);
INSERT INTO SM_SEVT
	VALUES (2097155,
	2097156,
	2097153);
INSERT INTO SM_EVT
	VALUES (2097155,
	2097156,
	2097153,
	18,
	'IC8 Test N Right Complete',
	0,
	'',
	'ICD18',
	'');
INSERT INTO SM_SEME
	VALUES (2097153,
	2097155,
	2097156,
	2097153);
INSERT INTO SM_LEVT
	VALUES (2097156,
	2097156,
	2097153);
INSERT INTO SM_SEVT
	VALUES (2097156,
	2097156,
	2097153);
INSERT INTO SM_EVT
	VALUES (2097156,
	2097156,
	2097153,
	19,
	'IC8 Test O Complete',
	0,
	'',
	'ICD19',
	'');
INSERT INTO SM_SEME
	VALUES (2097153,
	2097156,
	2097156,
	2097153);
INSERT INTO SM_LEVT
	VALUES (2097157,
	2097156,
	2097153);
INSERT INTO SM_SEVT
	VALUES (2097157,
	2097156,
	2097153);
INSERT INTO SM_EVT
	VALUES (2097157,
	2097156,
	2097153,
	20,
	'IC8 Test P Complete',
	0,
	'',
	'ICD20',
	'');
INSERT INTO SM_SEME
	VALUES (2097153,
	2097157,
	2097156,
	2097153);
INSERT INTO SM_LEVT
	VALUES (2097158,
	2097156,
	2097153);
INSERT INTO SM_SEVT
	VALUES (2097158,
	2097156,
	2097153);
INSERT INTO SM_EVT
	VALUES (2097158,
	2097156,
	2097153,
	21,
	'IC9 Test Q Complete',
	0,
	'',
	'ICD21',
	'');
INSERT INTO SM_CH
	VALUES (2097153,
	2097158,
	2097156,
	2097153,
	'');
INSERT INTO SM_SEME
	VALUES (2097153,
	2097158,
	2097156,
	2097153);
INSERT INTO SM_LEVT
	VALUES (2097159,
	2097156,
	2097153);
INSERT INTO SM_SEVT
	VALUES (2097159,
	2097156,
	2097153);
INSERT INTO SM_EVT
	VALUES (2097159,
	2097156,
	2097153,
	22,
	'IC9 Test R Complete',
	0,
	'',
	'ICD22',
	'');
INSERT INTO SM_CH
	VALUES (2097153,
	2097159,
	2097156,
	2097153,
	'');
INSERT INTO SM_SEME
	VALUES (2097153,
	2097159,
	2097156,
	2097153);
INSERT INTO SM_LEVT
	VALUES (2097160,
	2097156,
	2097153);
INSERT INTO SM_SEVT
	VALUES (2097160,
	2097156,
	2097153);
INSERT INTO SM_EVT
	VALUES (2097160,
	2097156,
	2097153,
	23,
	'IC9 Test T Complete',
	0,
	'',
	'ICD23',
	'');
INSERT INTO SM_CH
	VALUES (2097153,
	2097160,
	2097156,
	2097153,
	'');
INSERT INTO SM_SEME
	VALUES (2097153,
	2097160,
	2097156,
	2097153);
INSERT INTO SM_LEVT
	VALUES (2097161,
	2097156,
	2097153);
INSERT INTO SM_SEVT
	VALUES (2097161,
	2097156,
	2097153);
INSERT INTO SM_EVT
	VALUES (2097161,
	2097156,
	2097153,
	24,
	'Start IC9 Test Suite',
	0,
	'',
	'ICD24',
	'');
INSERT INTO SM_CH
	VALUES (2097153,
	2097161,
	2097156,
	2097153,
	'');
INSERT INTO SM_SEME
	VALUES (2097153,
	2097161,
	2097156,
	2097153);
INSERT INTO SM_LEVT
	VALUES (2097162,
	2097156,
	2097153);
INSERT INTO SM_SEVT
	VALUES (2097162,
	2097156,
	2097153);
INSERT INTO SM_EVT
	VALUES (2097162,
	2097156,
	2097153,
	25,
	'Start IC10 Test Suite',
	0,
	'',
	'ICD25',
	'');
INSERT INTO SM_CH
	VALUES (2097153,
	2097162,
	2097156,
	2097153,
	'');
INSERT INTO SM_SEME
	VALUES (2097153,
	2097162,
	2097156,
	2097153);
INSERT INTO SM_LEVT
	VALUES (2097163,
	2097156,
	2097153);
INSERT INTO SM_SEVT
	VALUES (2097163,
	2097156,
	2097153);
INSERT INTO SM_EVT
	VALUES (2097163,
	2097156,
	2097153,
	26,
	'IC10 Test U Complete',
	0,
	'',
	'ICD26',
	'');
INSERT INTO SM_CH
	VALUES (2097153,
	2097163,
	2097156,
	2097153,
	'');
INSERT INTO SM_SEME
	VALUES (2097153,
	2097163,
	2097156,
	2097153);
INSERT INTO SM_LEVT
	VALUES (2097164,
	2097156,
	2097153);
INSERT INTO SM_SEVT
	VALUES (2097164,
	2097156,
	2097153);
INSERT INTO SM_EVT
	VALUES (2097164,
	2097156,
	2097153,
	27,
	'IC10 Test V Complete',
	0,
	'',
	'ICD27',
	'');
INSERT INTO SM_CH
	VALUES (2097153,
	2097164,
	2097156,
	2097153,
	'');
INSERT INTO SM_SEME
	VALUES (2097153,
	2097164,
	2097156,
	2097153);
INSERT INTO SM_LEVT
	VALUES (2097165,
	2097156,
	2097153);
INSERT INTO SM_SEVT
	VALUES (2097165,
	2097156,
	2097153);
INSERT INTO SM_EVT
	VALUES (2097165,
	2097156,
	2097153,
	28,
	'IC10 Test X Complete',
	0,
	'',
	'ICD28',
	'');
INSERT INTO SM_CH
	VALUES (2097153,
	2097165,
	2097156,
	2097153,
	'');
INSERT INTO SM_SEME
	VALUES (2097153,
	2097165,
	2097156,
	2097153);
INSERT INTO SM_LEVT
	VALUES (2097166,
	2097156,
	2097153);
INSERT INTO SM_SEVT
	VALUES (2097166,
	2097156,
	2097153);
INSERT INTO SM_EVT
	VALUES (2097166,
	2097156,
	2097153,
	29,
	'IC Test Complete',
	0,
	'',
	'ICD29',
	'');
INSERT INTO SM_CH
	VALUES (2097153,
	2097166,
	2097156,
	2097153,
	'');
INSERT INTO SM_SEME
	VALUES (2097153,
	2097166,
	2097156,
	2097153);
INSERT INTO SM_STATE
	VALUES (2097154,
	2097156,
	2097153,
	'Waiting for IC8 Completions',
	13,
	0);
INSERT INTO SM_CH
	VALUES (2097154,
	2097153,
	2097156,
	2097153,
	'');
INSERT INTO SM_SEME
	VALUES (2097154,
	2097153,
	2097156,
	2097153);
INSERT INTO SM_SEME
	VALUES (2097154,
	2097154,
	2097156,
	2097153);
INSERT INTO SM_SEME
	VALUES (2097154,
	2097155,
	2097156,
	2097153);
INSERT INTO SM_SEME
	VALUES (2097154,
	2097156,
	2097156,
	2097153);
INSERT INTO SM_SEME
	VALUES (2097154,
	2097157,
	2097156,
	2097153);
INSERT INTO SM_CH
	VALUES (2097154,
	2097158,
	2097156,
	2097153,
	'');
INSERT INTO SM_SEME
	VALUES (2097154,
	2097158,
	2097156,
	2097153);
INSERT INTO SM_CH
	VALUES (2097154,
	2097159,
	2097156,
	2097153,
	'');
INSERT INTO SM_SEME
	VALUES (2097154,
	2097159,
	2097156,
	2097153);
INSERT INTO SM_CH
	VALUES (2097154,
	2097160,
	2097156,
	2097153,
	'');
INSERT INTO SM_SEME
	VALUES (2097154,
	2097160,
	2097156,
	2097153);
INSERT INTO SM_SEME
	VALUES (2097154,
	2097161,
	2097156,
	2097153);
INSERT INTO SM_CH
	VALUES (2097154,
	2097162,
	2097156,
	2097153,
	'');
INSERT INTO SM_SEME
	VALUES (2097154,
	2097162,
	2097156,
	2097153);
INSERT INTO SM_CH
	VALUES (2097154,
	2097163,
	2097156,
	2097153,
	'');
INSERT INTO SM_SEME
	VALUES (2097154,
	2097163,
	2097156,
	2097153);
INSERT INTO SM_CH
	VALUES (2097154,
	2097164,
	2097156,
	2097153,
	'');
INSERT INTO SM_SEME
	VALUES (2097154,
	2097164,
	2097156,
	2097153);
INSERT INTO SM_CH
	VALUES (2097154,
	2097165,
	2097156,
	2097153,
	'');
INSERT INTO SM_SEME
	VALUES (2097154,
	2097165,
	2097156,
	2097153);
INSERT INTO SM_CH
	VALUES (2097154,
	2097166,
	2097156,
	2097153,
	'');
INSERT INTO SM_SEME
	VALUES (2097154,
	2097166,
	2097156,
	2097153);
INSERT INTO SM_STATE
	VALUES (2097155,
	2097156,
	2097153,
	'Running IC9 Test Suite',
	14,
	0);
INSERT INTO SM_CH
	VALUES (2097155,
	2097153,
	2097156,
	2097153,
	'');
INSERT INTO SM_SEME
	VALUES (2097155,
	2097153,
	2097156,
	2097153);
INSERT INTO SM_CH
	VALUES (2097155,
	2097154,
	2097156,
	2097153,
	'');
INSERT INTO SM_SEME
	VALUES (2097155,
	2097154,
	2097156,
	2097153);
INSERT INTO SM_CH
	VALUES (2097155,
	2097155,
	2097156,
	2097153,
	'');
INSERT INTO SM_SEME
	VALUES (2097155,
	2097155,
	2097156,
	2097153);
INSERT INTO SM_CH
	VALUES (2097155,
	2097156,
	2097156,
	2097153,
	'');
INSERT INTO SM_SEME
	VALUES (2097155,
	2097156,
	2097156,
	2097153);
INSERT INTO SM_CH
	VALUES (2097155,
	2097157,
	2097156,
	2097153,
	'');
INSERT INTO SM_SEME
	VALUES (2097155,
	2097157,
	2097156,
	2097153);
INSERT INTO SM_SEME
	VALUES (2097155,
	2097158,
	2097156,
	2097153);
INSERT INTO SM_SEME
	VALUES (2097155,
	2097159,
	2097156,
	2097153);
INSERT INTO SM_SEME
	VALUES (2097155,
	2097160,
	2097156,
	2097153);
INSERT INTO SM_CH
	VALUES (2097155,
	2097161,
	2097156,
	2097153,
	'');
INSERT INTO SM_SEME
	VALUES (2097155,
	2097161,
	2097156,
	2097153);
INSERT INTO SM_CH
	VALUES (2097155,
	2097162,
	2097156,
	2097153,
	'');
INSERT INTO SM_SEME
	VALUES (2097155,
	2097162,
	2097156,
	2097153);
INSERT INTO SM_CH
	VALUES (2097155,
	2097163,
	2097156,
	2097153,
	'');
INSERT INTO SM_SEME
	VALUES (2097155,
	2097163,
	2097156,
	2097153);
INSERT INTO SM_CH
	VALUES (2097155,
	2097164,
	2097156,
	2097153,
	'');
INSERT INTO SM_SEME
	VALUES (2097155,
	2097164,
	2097156,
	2097153);
INSERT INTO SM_CH
	VALUES (2097155,
	2097165,
	2097156,
	2097153,
	'');
INSERT INTO SM_SEME
	VALUES (2097155,
	2097165,
	2097156,
	2097153);
INSERT INTO SM_CH
	VALUES (2097155,
	2097166,
	2097156,
	2097153,
	'');
INSERT INTO SM_SEME
	VALUES (2097155,
	2097166,
	2097156,
	2097153);
INSERT INTO SM_STATE
	VALUES (2097156,
	2097156,
	2097153,
	'Waiting for IC9 Completions',
	15,
	0);
INSERT INTO SM_CH
	VALUES (2097156,
	2097153,
	2097156,
	2097153,
	'');
INSERT INTO SM_SEME
	VALUES (2097156,
	2097153,
	2097156,
	2097153);
INSERT INTO SM_CH
	VALUES (2097156,
	2097154,
	2097156,
	2097153,
	'');
INSERT INTO SM_SEME
	VALUES (2097156,
	2097154,
	2097156,
	2097153);
INSERT INTO SM_CH
	VALUES (2097156,
	2097155,
	2097156,
	2097153,
	'');
INSERT INTO SM_SEME
	VALUES (2097156,
	2097155,
	2097156,
	2097153);
INSERT INTO SM_CH
	VALUES (2097156,
	2097156,
	2097156,
	2097153,
	'');
INSERT INTO SM_SEME
	VALUES (2097156,
	2097156,
	2097156,
	2097153);
INSERT INTO SM_CH
	VALUES (2097156,
	2097157,
	2097156,
	2097153,
	'');
INSERT INTO SM_SEME
	VALUES (2097156,
	2097157,
	2097156,
	2097153);
INSERT INTO SM_SEME
	VALUES (2097156,
	2097158,
	2097156,
	2097153);
INSERT INTO SM_SEME
	VALUES (2097156,
	2097159,
	2097156,
	2097153);
INSERT INTO SM_SEME
	VALUES (2097156,
	2097160,
	2097156,
	2097153);
INSERT INTO SM_CH
	VALUES (2097156,
	2097161,
	2097156,
	2097153,
	'');
INSERT INTO SM_SEME
	VALUES (2097156,
	2097161,
	2097156,
	2097153);
INSERT INTO SM_SEME
	VALUES (2097156,
	2097162,
	2097156,
	2097153);
INSERT INTO SM_CH
	VALUES (2097156,
	2097163,
	2097156,
	2097153,
	'');
INSERT INTO SM_SEME
	VALUES (2097156,
	2097163,
	2097156,
	2097153);
INSERT INTO SM_CH
	VALUES (2097156,
	2097164,
	2097156,
	2097153,
	'');
INSERT INTO SM_SEME
	VALUES (2097156,
	2097164,
	2097156,
	2097153);
INSERT INTO SM_CH
	VALUES (2097156,
	2097165,
	2097156,
	2097153,
	'');
INSERT INTO SM_SEME
	VALUES (2097156,
	2097165,
	2097156,
	2097153);
INSERT INTO SM_CH
	VALUES (2097156,
	2097166,
	2097156,
	2097153,
	'');
INSERT INTO SM_SEME
	VALUES (2097156,
	2097166,
	2097156,
	2097153);
INSERT INTO SM_STATE
	VALUES (2097157,
	2097156,
	2097153,
	'Running IC10 Test Suite',
	16,
	0);
INSERT INTO SM_CH
	VALUES (2097157,
	2097153,
	2097156,
	2097153,
	'');
INSERT INTO SM_SEME
	VALUES (2097157,
	2097153,
	2097156,
	2097153);
INSERT INTO SM_CH
	VALUES (2097157,
	2097154,
	2097156,
	2097153,
	'');
INSERT INTO SM_SEME
	VALUES (2097157,
	2097154,
	2097156,
	2097153);
INSERT INTO SM_CH
	VALUES (2097157,
	2097155,
	2097156,
	2097153,
	'');
INSERT INTO SM_SEME
	VALUES (2097157,
	2097155,
	2097156,
	2097153);
INSERT INTO SM_CH
	VALUES (2097157,
	2097156,
	2097156,
	2097153,
	'');
INSERT INTO SM_SEME
	VALUES (2097157,
	2097156,
	2097156,
	2097153);
INSERT INTO SM_CH
	VALUES (2097157,
	2097157,
	2097156,
	2097153,
	'');
INSERT INTO SM_SEME
	VALUES (2097157,
	2097157,
	2097156,
	2097153);
INSERT INTO SM_CH
	VALUES (2097157,
	2097158,
	2097156,
	2097153,
	'');
INSERT INTO SM_SEME
	VALUES (2097157,
	2097158,
	2097156,
	2097153);
INSERT INTO SM_CH
	VALUES (2097157,
	2097159,
	2097156,
	2097153,
	'');
INSERT INTO SM_SEME
	VALUES (2097157,
	2097159,
	2097156,
	2097153);
INSERT INTO SM_CH
	VALUES (2097157,
	2097160,
	2097156,
	2097153,
	'');
INSERT INTO SM_SEME
	VALUES (2097157,
	2097160,
	2097156,
	2097153);
INSERT INTO SM_CH
	VALUES (2097157,
	2097161,
	2097156,
	2097153,
	'');
INSERT INTO SM_SEME
	VALUES (2097157,
	2097161,
	2097156,
	2097153);
INSERT INTO SM_CH
	VALUES (2097157,
	2097162,
	2097156,
	2097153,
	'');
INSERT INTO SM_SEME
	VALUES (2097157,
	2097162,
	2097156,
	2097153);
INSERT INTO SM_SEME
	VALUES (2097157,
	2097163,
	2097156,
	2097153);
INSERT INTO SM_SEME
	VALUES (2097157,
	2097164,
	2097156,
	2097153);
INSERT INTO SM_SEME
	VALUES (2097157,
	2097165,
	2097156,
	2097153);
INSERT INTO SM_CH
	VALUES (2097157,
	2097166,
	2097156,
	2097153,
	'');
INSERT INTO SM_SEME
	VALUES (2097157,
	2097166,
	2097156,
	2097153);
INSERT INTO SM_STATE
	VALUES (2097158,
	2097156,
	2097153,
	'Waiting for IC10 Completions',
	17,
	0);
INSERT INTO SM_CH
	VALUES (2097158,
	2097153,
	2097156,
	2097153,
	'');
INSERT INTO SM_SEME
	VALUES (2097158,
	2097153,
	2097156,
	2097153);
INSERT INTO SM_CH
	VALUES (2097158,
	2097154,
	2097156,
	2097153,
	'');
INSERT INTO SM_SEME
	VALUES (2097158,
	2097154,
	2097156,
	2097153);
INSERT INTO SM_CH
	VALUES (2097158,
	2097155,
	2097156,
	2097153,
	'');
INSERT INTO SM_SEME
	VALUES (2097158,
	2097155,
	2097156,
	2097153);
INSERT INTO SM_CH
	VALUES (2097158,
	2097156,
	2097156,
	2097153,
	'');
INSERT INTO SM_SEME
	VALUES (2097158,
	2097156,
	2097156,
	2097153);
INSERT INTO SM_CH
	VALUES (2097158,
	2097157,
	2097156,
	2097153,
	'');
INSERT INTO SM_SEME
	VALUES (2097158,
	2097157,
	2097156,
	2097153);
INSERT INTO SM_CH
	VALUES (2097158,
	2097158,
	2097156,
	2097153,
	'');
INSERT INTO SM_SEME
	VALUES (2097158,
	2097158,
	2097156,
	2097153);
INSERT INTO SM_CH
	VALUES (2097158,
	2097159,
	2097156,
	2097153,
	'');
INSERT INTO SM_SEME
	VALUES (2097158,
	2097159,
	2097156,
	2097153);
INSERT INTO SM_CH
	VALUES (2097158,
	2097160,
	2097156,
	2097153,
	'');
INSERT INTO SM_SEME
	VALUES (2097158,
	2097160,
	2097156,
	2097153);
INSERT INTO SM_CH
	VALUES (2097158,
	2097161,
	2097156,
	2097153,
	'');
INSERT INTO SM_SEME
	VALUES (2097158,
	2097161,
	2097156,
	2097153);
INSERT INTO SM_CH
	VALUES (2097158,
	2097162,
	2097156,
	2097153,
	'');
INSERT INTO SM_SEME
	VALUES (2097158,
	2097162,
	2097156,
	2097153);
INSERT INTO SM_SEME
	VALUES (2097158,
	2097163,
	2097156,
	2097153);
INSERT INTO SM_SEME
	VALUES (2097158,
	2097164,
	2097156,
	2097153);
INSERT INTO SM_SEME
	VALUES (2097158,
	2097165,
	2097156,
	2097153);
INSERT INTO SM_SEME
	VALUES (2097158,
	2097166,
	2097156,
	2097153);
INSERT INTO SM_STATE
	VALUES (2097159,
	2097156,
	2097153,
	'Shutting Down',
	20,
	0);
INSERT INTO SM_CH
	VALUES (2097159,
	2097153,
	2097156,
	2097153,
	'');
INSERT INTO SM_SEME
	VALUES (2097159,
	2097153,
	2097156,
	2097153);
INSERT INTO SM_CH
	VALUES (2097159,
	2097154,
	2097156,
	2097153,
	'');
INSERT INTO SM_SEME
	VALUES (2097159,
	2097154,
	2097156,
	2097153);
INSERT INTO SM_CH
	VALUES (2097159,
	2097155,
	2097156,
	2097153,
	'');
INSERT INTO SM_SEME
	VALUES (2097159,
	2097155,
	2097156,
	2097153);
INSERT INTO SM_CH
	VALUES (2097159,
	2097156,
	2097156,
	2097153,
	'');
INSERT INTO SM_SEME
	VALUES (2097159,
	2097156,
	2097156,
	2097153);
INSERT INTO SM_CH
	VALUES (2097159,
	2097157,
	2097156,
	2097153,
	'');
INSERT INTO SM_SEME
	VALUES (2097159,
	2097157,
	2097156,
	2097153);
INSERT INTO SM_CH
	VALUES (2097159,
	2097158,
	2097156,
	2097153,
	'');
INSERT INTO SM_SEME
	VALUES (2097159,
	2097158,
	2097156,
	2097153);
INSERT INTO SM_CH
	VALUES (2097159,
	2097159,
	2097156,
	2097153,
	'');
INSERT INTO SM_SEME
	VALUES (2097159,
	2097159,
	2097156,
	2097153);
INSERT INTO SM_CH
	VALUES (2097159,
	2097160,
	2097156,
	2097153,
	'');
INSERT INTO SM_SEME
	VALUES (2097159,
	2097160,
	2097156,
	2097153);
INSERT INTO SM_CH
	VALUES (2097159,
	2097161,
	2097156,
	2097153,
	'');
INSERT INTO SM_SEME
	VALUES (2097159,
	2097161,
	2097156,
	2097153);
INSERT INTO SM_CH
	VALUES (2097159,
	2097162,
	2097156,
	2097153,
	'');
INSERT INTO SM_SEME
	VALUES (2097159,
	2097162,
	2097156,
	2097153);
INSERT INTO SM_CH
	VALUES (2097159,
	2097163,
	2097156,
	2097153,
	'');
INSERT INTO SM_SEME
	VALUES (2097159,
	2097163,
	2097156,
	2097153);
INSERT INTO SM_CH
	VALUES (2097159,
	2097164,
	2097156,
	2097153,
	'');
INSERT INTO SM_SEME
	VALUES (2097159,
	2097164,
	2097156,
	2097153);
INSERT INTO SM_CH
	VALUES (2097159,
	2097165,
	2097156,
	2097153,
	'');
INSERT INTO SM_SEME
	VALUES (2097159,
	2097165,
	2097156,
	2097153);
INSERT INTO SM_CH
	VALUES (2097159,
	2097166,
	2097156,
	2097153,
	'');
INSERT INTO SM_SEME
	VALUES (2097159,
	2097166,
	2097156,
	2097153);
INSERT INTO SM_NSTXN
	VALUES (2097153,
	2097156,
	2097154,
	2097154,
	2097153);
INSERT INTO SM_TXN
	VALUES (2097153,
	2097156,
	2097154,
	2097153);
INSERT INTO SM_NSTXN
	VALUES (2097154,
	2097156,
	2097154,
	2097155,
	2097153);
INSERT INTO SM_TXN
	VALUES (2097154,
	2097156,
	2097154,
	2097153);
INSERT INTO SM_NSTXN
	VALUES (2097155,
	2097156,
	2097154,
	2097156,
	2097153);
INSERT INTO SM_TXN
	VALUES (2097155,
	2097156,
	2097154,
	2097153);
INSERT INTO SM_NSTXN
	VALUES (2097156,
	2097156,
	2097154,
	2097157,
	2097153);
INSERT INTO SM_TXN
	VALUES (2097156,
	2097156,
	2097154,
	2097153);
INSERT INTO SM_NSTXN
	VALUES (2097157,
	2097156,
	2097153,
	2097154,
	2097153);
INSERT INTO SM_TXN
	VALUES (2097157,
	2097156,
	2097154,
	2097153);
INSERT INTO SM_NSTXN
	VALUES (2097158,
	2097156,
	2097153,
	2097155,
	2097153);
INSERT INTO SM_TXN
	VALUES (2097158,
	2097156,
	2097154,
	2097153);
INSERT INTO SM_NSTXN
	VALUES (2097159,
	2097156,
	2097153,
	2097156,
	2097153);
INSERT INTO SM_TXN
	VALUES (2097159,
	2097156,
	2097154,
	2097153);
INSERT INTO SM_NSTXN
	VALUES (2097160,
	2097156,
	2097153,
	2097157,
	2097153);
INSERT INTO SM_TXN
	VALUES (2097160,
	2097156,
	2097154,
	2097153);
INSERT INTO SM_NSTXN
	VALUES (2097161,
	2097156,
	2097154,
	2097161,
	2097153);
INSERT INTO SM_TXN
	VALUES (2097161,
	2097156,
	2097155,
	2097153);
INSERT INTO SM_NSTXN
	VALUES (2097162,
	2097156,
	2097155,
	2097158,
	2097153);
INSERT INTO SM_TXN
	VALUES (2097162,
	2097156,
	2097156,
	2097153);
INSERT INTO SM_NSTXN
	VALUES (2097163,
	2097156,
	2097155,
	2097159,
	2097153);
INSERT INTO SM_TXN
	VALUES (2097163,
	2097156,
	2097156,
	2097153);
INSERT INTO SM_NSTXN
	VALUES (2097164,
	2097156,
	2097155,
	2097160,
	2097153);
INSERT INTO SM_TXN
	VALUES (2097164,
	2097156,
	2097156,
	2097153);
INSERT INTO SM_NSTXN
	VALUES (2097165,
	2097156,
	2097156,
	2097158,
	2097153);
INSERT INTO SM_TXN
	VALUES (2097165,
	2097156,
	2097156,
	2097153);
INSERT INTO SM_NSTXN
	VALUES (2097166,
	2097156,
	2097156,
	2097159,
	2097153);
INSERT INTO SM_TXN
	VALUES (2097166,
	2097156,
	2097156,
	2097153);
INSERT INTO SM_NSTXN
	VALUES (2097167,
	2097156,
	2097156,
	2097160,
	2097153);
INSERT INTO SM_TXN
	VALUES (2097167,
	2097156,
	2097156,
	2097153);
INSERT INTO SM_NSTXN
	VALUES (2097168,
	2097156,
	2097156,
	2097162,
	2097153);
INSERT INTO SM_TXN
	VALUES (2097168,
	2097156,
	2097157,
	2097153);
INSERT INTO SM_NSTXN
	VALUES (2097169,
	2097156,
	2097157,
	2097163,
	2097153);
INSERT INTO SM_TXN
	VALUES (2097169,
	2097156,
	2097158,
	2097153);
INSERT INTO SM_NSTXN
	VALUES (2097170,
	2097156,
	2097157,
	2097164,
	2097153);
INSERT INTO SM_TXN
	VALUES (2097170,
	2097156,
	2097158,
	2097153);
INSERT INTO SM_NSTXN
	VALUES (2097171,
	2097156,
	2097157,
	2097165,
	2097153);
INSERT INTO SM_TXN
	VALUES (2097171,
	2097156,
	2097158,
	2097153);
INSERT INTO SM_NSTXN
	VALUES (2097172,
	2097156,
	2097158,
	2097163,
	2097153);
INSERT INTO SM_TXN
	VALUES (2097172,
	2097156,
	2097158,
	2097153);
INSERT INTO SM_NSTXN
	VALUES (2097173,
	2097156,
	2097158,
	2097164,
	2097153);
INSERT INTO SM_TXN
	VALUES (2097173,
	2097156,
	2097158,
	2097153);
INSERT INTO SM_NSTXN
	VALUES (2097174,
	2097156,
	2097158,
	2097165,
	2097153);
INSERT INTO SM_TXN
	VALUES (2097174,
	2097156,
	2097158,
	2097153);
INSERT INTO SM_CRTXN
	VALUES (2097175,
	2097156,
	2097153,
	2097153);
INSERT INTO SM_TXN
	VALUES (2097175,
	2097156,
	2097153,
	2097153);
INSERT INTO SM_NSTXN
	VALUES (2097176,
	2097156,
	2097158,
	2097166,
	2097153);
INSERT INTO SM_TXN
	VALUES (2097176,
	2097156,
	2097159,
	2097153);
INSERT INTO SM_NSTXN
	VALUES (2097177,
	2097156,
	2097153,
	2097153,
	2097153);
INSERT INTO SM_TXN
	VALUES (2097177,
	2097156,
	2097153,
	2097153);
INSERT INTO SM_MOAH
	VALUES (2097153,
	2097156,
	2097153);
INSERT INTO SM_AH
	VALUES (2097153,
	2097156);
INSERT INTO SM_ACT
	VALUES (2097153,
	2097156,
	1,
	'LOG::LogInfo(message:"ICD: Running IC8 Test Suite") ;

if (true)
  create object instance on1 of ON;
  assign on1.i = 42;
  create object instance inst1 of OO;
  assign inst1.i = 42;

  relate on1 to inst1 across R7;
  generate ON1:''Start IC8 Test Left Subtype''() to on1;
end if;

if (true)
  create object instance on2 of ON;
  assign on2.i = 42;
  create object instance inst2 of OP;
  assign inst2.i = 42;
  relate on2 to inst2 across R7;
  generate ON2:''Start IC8 Test Right Subtype''() to on2;
end if;

if (true)
  create object instance oo1 of OO;
  assign oo1.i = 42;
  create object instance inst3 of ON;
  assign inst3.i = 42;
  relate oo1 to inst3 across R7;
  generate OO1:''Start IC8 Test''() to oo1;
end if;

if (true)
  create object instance op1 of OP;
  assign op1.i = 42;
  create object instance inst4 of ON;
  assign inst4.i = 42;
  relate op1 to inst4 across R7;
  generate OP1:''Start IC8 Test''() to op1;
end if;

assign self.ack_count = 4;',
	'');
INSERT INTO SM_MOAH
	VALUES (2097154,
	2097156,
	2097154);
INSERT INTO SM_AH
	VALUES (2097154,
	2097156);
INSERT INTO SM_ACT
	VALUES (2097154,
	2097156,
	1,
	'assign self.ack_count = self.ack_count -1;
if (self.ack_count == 0)
  generate ICD24:''Start IC9 Test Suite''() to self;
end if;',
	'');
INSERT INTO SM_MOAH
	VALUES (2097155,
	2097156,
	2097155);
INSERT INTO SM_AH
	VALUES (2097155,
	2097156);
INSERT INTO SM_ACT
	VALUES (2097155,
	2097156,
	1,
	'LOG::LogInfo(message:"ICD: Running IC9 Test Suite");
if (true)
  create object instance oq1 of OQ;
  assign oq1.i = 23;
  create object instance or1 of OR_O;
  assign or1.i = 23;
  create object instance ot1 of OT;
  assign ot1.i = 24; 

  relate oq1 to or1 across R8;
  relate ot1 to or1 across R9;
  generate OQ1:''Start IC9 Test''() to oq1;
end if;

if (true)
  create object instance oq2 of OQ;
  assign oq2.i = 23;
  create object instance or2 of OR_O;
  assign or2.i = 23;
  create object instance ot2 of OT;
  assign ot2.i = 24; 

  relate or2 to oq2 across R8;
  relate or2 to ot2 across R9;
  generate OR_O1:''Start IC9 Test''() to or2;
end if;

if (true)
  create object instance oq3 of OQ;
  assign oq3.i = 23; 
  create object instance or3 of OR_O;
  assign or3.i = 23;
  create object instance ot3 of OT;
  assign ot3.i = 24;

  relate ot3 to or3 across R9;
  relate oq3 to or3 across R8;
  generate OT1:''Start IC9 Test''() to ot3;
end if;

assign self.ack_count = 3;',
	'');
INSERT INTO SM_MOAH
	VALUES (2097156,
	2097156,
	2097156);
INSERT INTO SM_AH
	VALUES (2097156,
	2097156);
INSERT INTO SM_ACT
	VALUES (2097156,
	2097156,
	1,
	'assign self.ack_count = self.ack_count -1;
if (self.ack_count == 0)
  generate ICD25:''Start IC10 Test Suite''() to self;
end if;',
	'');
INSERT INTO SM_MOAH
	VALUES (2097157,
	2097156,
	2097157);
INSERT INTO SM_AH
	VALUES (2097157,
	2097156);
INSERT INTO SM_ACT
	VALUES (2097157,
	2097156,
	1,
	'LOG::LogInfo(message:"ICD: Running IC10 Test Suite") ;
if (true)
  create object instance ou of OU;
  assign ou.i = 69;
  create object instance ov of OV;
  assign ov.i = 69;
  create object instance ox of OX;
  assign ox.i = 69;

  relate ou to ov across R10;
  relate ov to ox across R11;
  generate OU1:''Start IC10 Test''() to ou;
end if;

if (true)
  create object instance ov of OV;
  assign ov.i = 69;
  create object instance ou of OU;
  assign ou.i = 69;
  create object instance ox of OX;
  assign ox.i = 69;

  relate ov to ou across R10;
  relate ov to ox across R11;
  generate OV1:''Start IC10 Test''() to ov;
end if;

if (true)
  create object instance ox of OX;
  assign ox.i = 69;
  create object instance ov of OV;
  assign ov.i = 69;
  create object instance ou of OU;
  assign ou.i = 69;

  relate ov to ou across R10;
  relate ox to ov across R11;
  generate OX1:''Start IC10 Test''() to ox;
end if;

assign self.ack_count = 3;',
	'');
INSERT INTO SM_MOAH
	VALUES (2097158,
	2097156,
	2097158);
INSERT INTO SM_AH
	VALUES (2097158,
	2097156);
INSERT INTO SM_ACT
	VALUES (2097158,
	2097156,
	1,
	'assign self.ack_count = self.ack_count -1;
if (self.ack_count == 0)
  generate ICD29:''IC Test Complete''() to self;
end if;',
	'');
INSERT INTO SM_MOAH
	VALUES (2097159,
	2097156,
	2097159);
INSERT INTO SM_AH
	VALUES (2097159,
	2097156);
INSERT INTO SM_ACT
	VALUES (2097159,
	2097156,
	1,
	'LOG::LogInfo(message:"ICD: Shutting down");
bridge ARCH::shutdown();',
	'');
INSERT INTO GD_MD
	VALUES (2097153,
	8,
	2097156,
	40,
	1,
	0,
	1,
	1,
	0,
	12,
	1600,
	4200,
	1.000000,
	0);
INSERT INTO GD_GE
	VALUES (2097154,
	2097153,
	2097153,
	41);
INSERT INTO GD_SHP
	VALUES (2097154,
	2400,
	1744,
	2704,
	1824);
INSERT INTO GD_GE
	VALUES (2097155,
	2097153,
	2097154,
	41);
INSERT INTO GD_SHP
	VALUES (2097155,
	2400,
	1600,
	2704,
	1680);
INSERT INTO GD_GE
	VALUES (2097156,
	2097153,
	2097155,
	41);
INSERT INTO GD_SHP
	VALUES (2097156,
	2400,
	1424,
	2704,
	1504);
INSERT INTO GD_GE
	VALUES (2097157,
	2097153,
	2097156,
	41);
INSERT INTO GD_SHP
	VALUES (2097157,
	2400,
	1264,
	2704,
	1344);
INSERT INTO GD_GE
	VALUES (2097158,
	2097153,
	2097157,
	41);
INSERT INTO GD_SHP
	VALUES (2097158,
	2960,
	1264,
	3248,
	1344);
INSERT INTO GD_GE
	VALUES (2097159,
	2097153,
	2097158,
	41);
INSERT INTO GD_SHP
	VALUES (2097159,
	2960,
	1424,
	3248,
	1504);
INSERT INTO GD_GE
	VALUES (2097160,
	2097153,
	2097159,
	41);
INSERT INTO GD_SHP
	VALUES (2097160,
	2960,
	1616,
	3248,
	1696);
INSERT INTO GD_GE
	VALUES (2097161,
	2097153,
	2097160,
	42);
INSERT INTO GD_CON
	VALUES (2097161,
	2097154,
	2097155,
	0);
INSERT INTO GD_CTXT
	VALUES (2097161,
	0,
	0,
	0,
	0,
	0,
	0,
	2300,
	1695,
	2414,
	1739,
	-100,
	-2,
	0,
	0,
	0,
	0,
	0,
	0);
INSERT INTO GD_LS
	VALUES (2097162,
	2097161,
	2416,
	1744,
	2416,
	1680,
	0);
INSERT INTO GD_GE
	VALUES (2097163,
	2097153,
	2097159,
	42);
INSERT INTO GD_CON
	VALUES (2097163,
	2097154,
	2097155,
	0);
INSERT INTO GD_CTXT
	VALUES (2097163,
	0,
	0,
	0,
	0,
	0,
	0,
	2416,
	1698,
	2529,
	1740,
	-48,
	1,
	0,
	0,
	0,
	0,
	0,
	0);
INSERT INTO GD_LS
	VALUES (2097164,
	2097163,
	2480,
	1744,
	2480,
	1680,
	0);
INSERT INTO GD_GE
	VALUES (2097165,
	2097153,
	2097158,
	42);
INSERT INTO GD_CON
	VALUES (2097165,
	2097154,
	2097155,
	0);
INSERT INTO GD_CTXT
	VALUES (2097165,
	0,
	0,
	0,
	0,
	0,
	0,
	2536,
	1696,
	2660,
	1743,
	-40,
	-1,
	0,
	0,
	0,
	0,
	0,
	0);
INSERT INTO GD_LS
	VALUES (2097166,
	2097165,
	2592,
	1744,
	2592,
	1680,
	0);
INSERT INTO GD_GE
	VALUES (2097167,
	2097153,
	2097157,
	42);
INSERT INTO GD_CON
	VALUES (2097167,
	2097154,
	2097155,
	0);
INSERT INTO GD_CTXT
	VALUES (2097167,
	0,
	0,
	0,
	0,
	0,
	0,
	2684,
	1682,
	2836,
	1722,
	28,
	-15,
	0,
	0,
	0,
	0,
	0,
	0);
INSERT INTO GD_LS
	VALUES (2097168,
	2097167,
	2672,
	1744,
	2672,
	1680,
	0);
INSERT INTO GD_GE
	VALUES (2097169,
	2097153,
	2097155,
	42);
INSERT INTO GD_CON
	VALUES (2097169,
	2097155,
	2097155,
	0);
INSERT INTO GD_CTXT
	VALUES (2097169,
	0,
	0,
	0,
	0,
	0,
	0,
	2742,
	1614,
	2904,
	1661,
	22,
	-19,
	0,
	0,
	0,
	0,
	0,
	0);
INSERT INTO GD_LS
	VALUES (2097170,
	2097169,
	2704,
	1664,
	2736,
	1664,
	0);
INSERT INTO GD_LS
	VALUES (2097171,
	2097169,
	2736,
	1664,
	2736,
	1632,
	2097170);
INSERT INTO GD_LS
	VALUES (2097172,
	2097169,
	2736,
	1632,
	2704,
	1632,
	2097171);
INSERT INTO GD_GE
	VALUES (2097173,
	2097153,
	2097154,
	42);
INSERT INTO GD_CON
	VALUES (2097173,
	2097155,
	2097155,
	0);
INSERT INTO GD_CTXT
	VALUES (2097173,
	0,
	0,
	0,
	0,
	0,
	0,
	2624,
	1552,
	2790,
	1592,
	-7,
	-7,
	0,
	0,
	0,
	0,
	0,
	0);
INSERT INTO GD_LS
	VALUES (2097174,
	2097173,
	2688,
	1600,
	2688,
	1584,
	0);
INSERT INTO GD_LS
	VALUES (2097175,
	2097173,
	2688,
	1584,
	2624,
	1584,
	2097174);
INSERT INTO GD_LS
	VALUES (2097176,
	2097173,
	2624,
	1584,
	2624,
	1600,
	2097175);
INSERT INTO GD_GE
	VALUES (2097177,
	2097153,
	2097153,
	42);
INSERT INTO GD_CON
	VALUES (2097177,
	2097155,
	2097155,
	0);
INSERT INTO GD_CTXT
	VALUES (2097177,
	0,
	0,
	0,
	0,
	0,
	0,
	2300,
	1544,
	2440,
	1578,
	-123,
	-15,
	0,
	0,
	0,
	0,
	0,
	0);
INSERT INTO GD_LS
	VALUES (2097178,
	2097177,
	2480,
	1600,
	2480,
	1584,
	0);
INSERT INTO GD_LS
	VALUES (2097179,
	2097177,
	2480,
	1584,
	2416,
	1584,
	2097178);
INSERT INTO GD_LS
	VALUES (2097180,
	2097177,
	2416,
	1584,
	2416,
	1600,
	2097179);
INSERT INTO GD_GE
	VALUES (2097181,
	2097153,
	2097156,
	42);
INSERT INTO GD_CON
	VALUES (2097181,
	2097155,
	2097155,
	0);
INSERT INTO GD_CTXT
	VALUES (2097181,
	0,
	0,
	0,
	0,
	0,
	0,
	2242,
	1625,
	2390,
	1663,
	-110,
	-8,
	0,
	0,
	0,
	0,
	0,
	0);
INSERT INTO GD_LS
	VALUES (2097182,
	2097181,
	2400,
	1664,
	2368,
	1664,
	0);
INSERT INTO GD_LS
	VALUES (2097183,
	2097181,
	2368,
	1664,
	2368,
	1632,
	2097182);
INSERT INTO GD_LS
	VALUES (2097184,
	2097181,
	2368,
	1632,
	2400,
	1632,
	2097183);
INSERT INTO GD_GE
	VALUES (2097185,
	2097153,
	2097161,
	42);
INSERT INTO GD_CON
	VALUES (2097185,
	2097155,
	2097156,
	0);
INSERT INTO GD_CTXT
	VALUES (2097185,
	0,
	0,
	0,
	0,
	0,
	0,
	2544,
	1511,
	2719,
	1547,
	16,
	-26,
	0,
	0,
	0,
	0,
	0,
	0);
INSERT INTO GD_LS
	VALUES (2097186,
	2097185,
	2544,
	1600,
	2544,
	1504,
	0);
INSERT INTO GD_GE
	VALUES (2097187,
	2097153,
	2097162,
	42);
INSERT INTO GD_CON
	VALUES (2097187,
	2097156,
	2097157,
	0);
INSERT INTO GD_CTXT
	VALUES (2097187,
	0,
	0,
	0,
	0,
	0,
	0,
	2252,
	1381,
	2448,
	1415,
	-196,
	12,
	0,
	0,
	0,
	0,
	0,
	0);
INSERT INTO GD_LS
	VALUES (2097188,
	2097187,
	2464,
	1424,
	2464,
	1344,
	0);
INSERT INTO GD_GE
	VALUES (2097189,
	2097153,
	2097163,
	42);
INSERT INTO GD_CON
	VALUES (2097189,
	2097156,
	2097157,
	0);
INSERT INTO GD_CTXT
	VALUES (2097189,
	0,
	0,
	0,
	0,
	0,
	0,
	2481,
	1365,
	2607,
	1403,
	-63,
	-4,
	0,
	0,
	0,
	0,
	0,
	0);
INSERT INTO GD_LS
	VALUES (2097190,
	2097189,
	2560,
	1424,
	2560,
	1344,
	0);
INSERT INTO GD_GE
	VALUES (2097191,
	2097153,
	2097164,
	42);
INSERT INTO GD_CON
	VALUES (2097191,
	2097156,
	2097157,
	0);
INSERT INTO GD_CTXT
	VALUES (2097191,
	0,
	0,
	0,
	0,
	0,
	0,
	2662,
	1384,
	2839,
	1418,
	22,
	15,
	0,
	0,
	0,
	0,
	0,
	0);
INSERT INTO GD_LS
	VALUES (2097192,
	2097191,
	2656,
	1424,
	2656,
	1344,
	0);
INSERT INTO GD_GE
	VALUES (2097193,
	2097153,
	2097165,
	42);
INSERT INTO GD_CON
	VALUES (2097193,
	2097157,
	2097157,
	0);
INSERT INTO GD_CTXT
	VALUES (2097193,
	0,
	0,
	0,
	0,
	0,
	0,
	2722,
	1283,
	2872,
	1328,
	2,
	-6,
	0,
	0,
	0,
	0,
	0,
	0);
INSERT INTO GD_LS
	VALUES (2097194,
	2097193,
	2704,
	1328,
	2736,
	1328,
	0);
INSERT INTO GD_LS
	VALUES (2097195,
	2097193,
	2736,
	1328,
	2736,
	1280,
	2097194);
INSERT INTO GD_LS
	VALUES (2097196,
	2097193,
	2736,
	1280,
	2704,
	1280,
	2097195);
INSERT INTO GD_GE
	VALUES (2097197,
	2097153,
	2097167,
	42);
INSERT INTO GD_CON
	VALUES (2097197,
	2097157,
	2097157,
	0);
INSERT INTO GD_CTXT
	VALUES (2097197,
	0,
	0,
	0,
	0,
	0,
	0,
	2248,
	1281,
	2357,
	1346,
	-104,
	-8,
	0,
	0,
	0,
	0,
	0,
	0);
INSERT INTO GD_LS
	VALUES (2097198,
	2097197,
	2400,
	1328,
	2368,
	1328,
	0);
INSERT INTO GD_LS
	VALUES (2097199,
	2097197,
	2368,
	1328,
	2368,
	1280,
	2097198);
INSERT INTO GD_LS
	VALUES (2097200,
	2097197,
	2368,
	1280,
	2400,
	1280,
	2097199);
INSERT INTO GD_GE
	VALUES (2097201,
	2097153,
	2097166,
	42);
INSERT INTO GD_CON
	VALUES (2097201,
	2097157,
	2097157,
	0);
INSERT INTO GD_CTXT
	VALUES (2097201,
	0,
	0,
	0,
	0,
	0,
	0,
	2342,
	1200,
	2482,
	1247,
	-97,
	-7,
	0,
	0,
	0,
	0,
	0,
	0);
INSERT INTO GD_LS
	VALUES (2097202,
	2097201,
	2416,
	1264,
	2416,
	1232,
	0);
INSERT INTO GD_LS
	VALUES (2097203,
	2097201,
	2416,
	1232,
	2512,
	1232,
	2097202);
INSERT INTO GD_LS
	VALUES (2097204,
	2097201,
	2512,
	1232,
	2512,
	1264,
	2097203);
INSERT INTO GD_GE
	VALUES (2097205,
	2097153,
	2097168,
	42);
INSERT INTO GD_CON
	VALUES (2097205,
	2097157,
	2097158,
	0);
INSERT INTO GD_CTXT
	VALUES (2097205,
	0,
	0,
	0,
	0,
	0,
	0,
	2816,
	1168,
	3030,
	1200,
	-7,
	-7,
	0,
	0,
	0,
	0,
	0,
	0);
INSERT INTO GD_LS
	VALUES (2097206,
	2097205,
	2656,
	1264,
	2656,
	1200,
	0);
INSERT INTO GD_LS
	VALUES (2097207,
	2097205,
	2656,
	1200,
	3040,
	1200,
	2097206);
INSERT INTO GD_LS
	VALUES (2097208,
	2097205,
	3040,
	1200,
	3040,
	1264,
	2097207);
INSERT INTO GD_GE
	VALUES (2097209,
	2097153,
	2097169,
	42);
INSERT INTO GD_CON
	VALUES (2097209,
	2097158,
	2097159,
	0);
INSERT INTO GD_CTXT
	VALUES (2097209,
	0,
	0,
	0,
	0,
	0,
	0,
	2837,
	1347,
	2961,
	1400,
	-75,
	-22,
	0,
	0,
	0,
	0,
	0,
	0);
INSERT INTO GD_LS
	VALUES (2097210,
	2097209,
	2960,
	1328,
	2928,
	1328,
	0);
INSERT INTO GD_LS
	VALUES (2097211,
	2097209,
	2928,
	1328,
	2928,
	1440,
	2097210);
INSERT INTO GD_LS
	VALUES (2097212,
	2097209,
	2928,
	1440,
	2960,
	1440,
	2097211);
INSERT INTO GD_GE
	VALUES (2097213,
	2097153,
	2097170,
	42);
INSERT INTO GD_CON
	VALUES (2097213,
	2097158,
	2097159,
	0);
INSERT INTO GD_CTXT
	VALUES (2097213,
	0,
	0,
	0,
	0,
	0,
	0,
	2911,
	1376,
	3042,
	1414,
	-81,
	7,
	0,
	0,
	0,
	0,
	0,
	0);
INSERT INTO GD_LS
	VALUES (2097214,
	2097213,
	3008,
	1344,
	3008,
	1424,
	0);
INSERT INTO GD_GE
	VALUES (2097215,
	2097153,
	2097171,
	42);
INSERT INTO GD_CON
	VALUES (2097215,
	2097158,
	2097159,
	0);
INSERT INTO GD_CTXT
	VALUES (2097215,
	0,
	0,
	0,
	0,
	0,
	0,
	3182,
	1376,
	3325,
	1421,
	14,
	7,
	0,
	0,
	0,
	0,
	0,
	0);
INSERT INTO GD_LS
	VALUES (2097216,
	2097215,
	3184,
	1344,
	3184,
	1424,
	0);
INSERT INTO GD_GE
	VALUES (2097217,
	2097153,
	2097172,
	42);
INSERT INTO GD_CON
	VALUES (2097217,
	2097159,
	2097159,
	0);
INSERT INTO GD_CTXT
	VALUES (2097217,
	0,
	0,
	0,
	0,
	0,
	0,
	3072,
	1360,
	3188,
	1397,
	1,
	-7,
	0,
	0,
	0,
	0,
	0,
	0);
INSERT INTO GD_LS
	VALUES (2097218,
	2097217,
	3056,
	1424,
	3072,
	1392,
	0);
INSERT INTO GD_LS
	VALUES (2097219,
	2097217,
	3072,
	1392,
	3120,
	1392,
	2097218);
INSERT INTO GD_LS
	VALUES (2097220,
	2097217,
	3120,
	1392,
	3136,
	1424,
	2097219);
INSERT INTO GD_GE
	VALUES (2097221,
	2097153,
	2097174,
	42);
INSERT INTO GD_CON
	VALUES (2097221,
	2097159,
	2097159,
	0);
INSERT INTO GD_CTXT
	VALUES (2097221,
	0,
	0,
	0,
	0,
	0,
	0,
	3272,
	1473,
	3385,
	1554,
	8,
	24,
	0,
	0,
	0,
	0,
	0,
	0);
INSERT INTO GD_LS
	VALUES (2097222,
	2097221,
	3248,
	1440,
	3280,
	1440,
	0);
INSERT INTO GD_LS
	VALUES (2097223,
	2097221,
	3280,
	1440,
	3280,
	1488,
	2097222);
INSERT INTO GD_LS
	VALUES (2097224,
	2097221,
	3280,
	1488,
	3248,
	1488,
	2097223);
INSERT INTO GD_GE
	VALUES (2097225,
	2097153,
	2097173,
	42);
INSERT INTO GD_CON
	VALUES (2097225,
	2097159,
	2097159,
	0);
INSERT INTO GD_CTXT
	VALUES (2097225,
	0,
	0,
	0,
	0,
	0,
	0,
	2804,
	1453,
	2944,
	1525,
	-108,
	-4,
	0,
	0,
	0,
	0,
	0,
	0);
INSERT INTO GD_LS
	VALUES (2097226,
	2097225,
	2960,
	1456,
	2928,
	1456,
	0);
INSERT INTO GD_LS
	VALUES (2097227,
	2097225,
	2928,
	1456,
	2928,
	1488,
	2097226);
INSERT INTO GD_LS
	VALUES (2097228,
	2097225,
	2928,
	1488,
	2960,
	1488,
	2097227);
INSERT INTO GD_GE
	VALUES (2097229,
	2097153,
	2097175,
	42);
INSERT INTO GD_CON
	VALUES (2097229,
	2097154,
	0,
	0);
INSERT INTO GD_CTXT
	VALUES (2097229,
	0,
	0,
	0,
	0,
	0,
	0,
	2181,
	1792,
	2372,
	1827,
	21,
	47,
	0,
	0,
	0,
	0,
	0,
	0);
INSERT INTO GD_LS
	VALUES (2097230,
	2097229,
	2400,
	1792,
	2176,
	1792,
	0);
INSERT INTO GD_LS
	VALUES (2097231,
	2097229,
	2176,
	1792,
	2176,
	1504,
	2097230);
INSERT INTO GD_GE
	VALUES (2097232,
	2097153,
	2097176,
	42);
INSERT INTO GD_CON
	VALUES (2097232,
	2097159,
	2097160,
	0);
INSERT INTO GD_CTXT
	VALUES (2097232,
	0,
	0,
	0,
	0,
	0,
	0,
	3040,
	1552,
	3232,
	1587,
	0,
	7,
	0,
	0,
	0,
	0,
	0,
	0);
INSERT INTO GD_LS
	VALUES (2097233,
	2097232,
	3056,
	1504,
	3056,
	1616,
	0);
INSERT INTO GD_GE
	VALUES (2097234,
	2097153,
	2097177,
	42);
INSERT INTO GD_CON
	VALUES (2097234,
	2097154,
	2097154,
	0);
INSERT INTO GD_CTXT
	VALUES (2097234,
	0,
	0,
	0,
	0,
	0,
	0,
	2470,
	1892,
	2642,
	1935,
	-57,
	29,
	0,
	0,
	0,
	0,
	0,
	0);
INSERT INTO GD_LS
	VALUES (2097235,
	2097234,
	2608,
	1824,
	2608,
	1888,
	0);
INSERT INTO GD_LS
	VALUES (2097236,
	2097234,
	2608,
	1888,
	2496,
	1888,
	2097235);
INSERT INTO GD_LS
	VALUES (2097237,
	2097234,
	2496,
	1888,
	2496,
	1824,
	2097236);
INSERT INTO O_OBJ
	VALUES (1048579,
	'Object N Supertype ',
	19,
	'ON',
	'',
	1048578);
INSERT INTO O_NBATTR
	VALUES (1048582,
	1048579);
INSERT INTO O_BATTR
	VALUES (1048582,
	1048579);
INSERT INTO O_ATTR
	VALUES (1048582,
	1048579,
	0,
	'on_id',
	'',
	'',
	'on_id',
	0,
	524294);
INSERT INTO O_NBATTR
	VALUES (1048583,
	1048579);
INSERT INTO O_BATTR
	VALUES (1048583,
	1048579);
INSERT INTO O_ATTR
	VALUES (1048583,
	1048579,
	1048582,
	'i',
	'',
	'',
	'i',
	0,
	524291);
INSERT INTO O_NBATTR
	VALUES (1048584,
	1048579);
INSERT INTO O_BATTR
	VALUES (1048584,
	1048579);
INSERT INTO O_ATTR
	VALUES (1048584,
	1048579,
	1048583,
	'current_state',
	'',
	'',
	'current_state',
	0,
	524295);
INSERT INTO O_ID
	VALUES (0,
	1048579);
INSERT INTO O_OIDA
	VALUES (1048582,
	1048579,
	0);
INSERT INTO O_RTIDA
	VALUES (1048582,
	1048579,
	0,
	1048577,
	1048577);
INSERT INTO SM_ISM
	VALUES (2621445,
	1048579);
INSERT INTO SM_SM
	VALUES (2621445,
	'',
	5);
INSERT INTO SM_MOORE
	VALUES (2621445);
INSERT INTO SM_EVTDI
	VALUES (2621441,
	2621445,
	'id',
	'',
	524294);
INSERT INTO SM_SUPDT
	VALUES (2621441,
	2621445,
	0);
INSERT INTO SM_SUPDT
	VALUES (2621442,
	2621445,
	0);
INSERT INTO SM_SDI
	VALUES (2621441,
	2621442,
	2621445);
INSERT INTO SM_STATE
	VALUES (2621441,
	2621445,
	0,
	'Waiting',
	1,
	0);
INSERT INTO SM_LEVT
	VALUES (2621441,
	2621445,
	2621441);
INSERT INTO SM_SEVT
	VALUES (2621441,
	2621445,
	2621441);
INSERT INTO SM_EVT
	VALUES (2621441,
	2621445,
	2621441,
	1,
	'Start IC8 Test Left Subtype',
	0,
	'',
	'ON1',
	'');
INSERT INTO SM_SEME
	VALUES (2621441,
	2621441,
	2621445,
	2621441);
INSERT INTO SM_LEVT
	VALUES (2621442,
	2621445,
	2621441);
INSERT INTO SM_SEVT
	VALUES (2621442,
	2621445,
	2621441);
INSERT INTO SM_EVT
	VALUES (2621442,
	2621445,
	2621441,
	2,
	'Start IC8 Test Right Subtype',
	0,
	'',
	'ON2',
	'');
INSERT INTO SM_SEME
	VALUES (2621441,
	2621442,
	2621445,
	2621441);
INSERT INTO SM_LEVT
	VALUES (2621443,
	2621445,
	2621441);
INSERT INTO SM_SEVT
	VALUES (2621443,
	2621445,
	2621441);
INSERT INTO SM_EVT
	VALUES (2621443,
	2621445,
	2621441,
	3,
	'Left Subtype Rel OK',
	0,
	'',
	'ON3',
	'');
INSERT INTO SM_CH
	VALUES (2621441,
	2621443,
	2621445,
	2621441,
	'');
INSERT INTO SM_SEME
	VALUES (2621441,
	2621443,
	2621445,
	2621441);
INSERT INTO SM_LEVT
	VALUES (2621444,
	2621445,
	2621441);
INSERT INTO SM_SEVT
	VALUES (2621444,
	2621445,
	2621441);
INSERT INTO SM_EVT
	VALUES (2621444,
	2621445,
	2621441,
	4,
	'Right Subtype Rel OK',
	0,
	'',
	'ON4',
	'');
INSERT INTO SM_CH
	VALUES (2621441,
	2621444,
	2621445,
	2621441,
	'');
INSERT INTO SM_SEME
	VALUES (2621441,
	2621444,
	2621445,
	2621441);
INSERT INTO SM_LEVT
	VALUES (2621445,
	2621445,
	2621442);
INSERT INTO SM_SEVT
	VALUES (2621445,
	2621445,
	2621442);
INSERT INTO SM_EVT
	VALUES (2621445,
	2621445,
	2621442,
	5,
	'Verify Rel with Left Subtype Instance',
	0,
	'',
	'ON5',
	'');
INSERT INTO SM_SEME
	VALUES (2621441,
	2621445,
	2621445,
	2621442);
INSERT INTO SM_LEVT
	VALUES (2621446,
	2621445,
	2621442);
INSERT INTO SM_SEVT
	VALUES (2621446,
	2621445,
	2621442);
INSERT INTO SM_EVT
	VALUES (2621446,
	2621445,
	2621442,
	6,
	'Verify Rel with Right Subtype Instance',
	0,
	'',
	'ON6',
	'');
INSERT INTO SM_SEME
	VALUES (2621441,
	2621446,
	2621445,
	2621442);
INSERT INTO SM_STATE
	VALUES (2621442,
	2621445,
	2621441,
	'Starting IC8 Test Left Subtype',
	2,
	0);
INSERT INTO SM_CH
	VALUES (2621442,
	2621441,
	2621445,
	2621441,
	'');
INSERT INTO SM_SEME
	VALUES (2621442,
	2621441,
	2621445,
	2621441);
INSERT INTO SM_CH
	VALUES (2621442,
	2621442,
	2621445,
	2621441,
	'');
INSERT INTO SM_SEME
	VALUES (2621442,
	2621442,
	2621445,
	2621441);
INSERT INTO SM_SEME
	VALUES (2621442,
	2621443,
	2621445,
	2621441);
INSERT INTO SM_CH
	VALUES (2621442,
	2621444,
	2621445,
	2621441,
	'');
INSERT INTO SM_SEME
	VALUES (2621442,
	2621444,
	2621445,
	2621441);
INSERT INTO SM_CH
	VALUES (2621442,
	2621445,
	2621445,
	2621442,
	'');
INSERT INTO SM_SEME
	VALUES (2621442,
	2621445,
	2621445,
	2621442);
INSERT INTO SM_CH
	VALUES (2621442,
	2621446,
	2621445,
	2621442,
	'');
INSERT INTO SM_SEME
	VALUES (2621442,
	2621446,
	2621445,
	2621442);
INSERT INTO SM_STATE
	VALUES (2621443,
	2621445,
	2621441,
	'Starting IC8 Test Right Subtype',
	3,
	0);
INSERT INTO SM_CH
	VALUES (2621443,
	2621441,
	2621445,
	2621441,
	'');
INSERT INTO SM_SEME
	VALUES (2621443,
	2621441,
	2621445,
	2621441);
INSERT INTO SM_CH
	VALUES (2621443,
	2621442,
	2621445,
	2621441,
	'');
INSERT INTO SM_SEME
	VALUES (2621443,
	2621442,
	2621445,
	2621441);
INSERT INTO SM_CH
	VALUES (2621443,
	2621443,
	2621445,
	2621441,
	'');
INSERT INTO SM_SEME
	VALUES (2621443,
	2621443,
	2621445,
	2621441);
INSERT INTO SM_SEME
	VALUES (2621443,
	2621444,
	2621445,
	2621441);
INSERT INTO SM_CH
	VALUES (2621443,
	2621445,
	2621445,
	2621442,
	'');
INSERT INTO SM_SEME
	VALUES (2621443,
	2621445,
	2621445,
	2621442);
INSERT INTO SM_CH
	VALUES (2621443,
	2621446,
	2621445,
	2621442,
	'');
INSERT INTO SM_SEME
	VALUES (2621443,
	2621446,
	2621445,
	2621442);
INSERT INTO SM_STATE
	VALUES (2621444,
	2621445,
	2621441,
	'Finishing IC8 Test Left Subtype',
	4,
	1);
INSERT INTO SM_CH
	VALUES (2621444,
	2621441,
	2621445,
	2621441,
	'');
INSERT INTO SM_SEME
	VALUES (2621444,
	2621441,
	2621445,
	2621441);
INSERT INTO SM_CH
	VALUES (2621444,
	2621442,
	2621445,
	2621441,
	'');
INSERT INTO SM_SEME
	VALUES (2621444,
	2621442,
	2621445,
	2621441);
INSERT INTO SM_CH
	VALUES (2621444,
	2621443,
	2621445,
	2621441,
	'');
INSERT INTO SM_SEME
	VALUES (2621444,
	2621443,
	2621445,
	2621441);
INSERT INTO SM_CH
	VALUES (2621444,
	2621444,
	2621445,
	2621441,
	'');
INSERT INTO SM_SEME
	VALUES (2621444,
	2621444,
	2621445,
	2621441);
INSERT INTO SM_CH
	VALUES (2621444,
	2621445,
	2621445,
	2621442,
	'');
INSERT INTO SM_SEME
	VALUES (2621444,
	2621445,
	2621445,
	2621442);
INSERT INTO SM_CH
	VALUES (2621444,
	2621446,
	2621445,
	2621442,
	'');
INSERT INTO SM_SEME
	VALUES (2621444,
	2621446,
	2621445,
	2621442);
INSERT INTO SM_STATE
	VALUES (2621445,
	2621445,
	2621441,
	'Finishing IC8 Test Right Subtype',
	5,
	1);
INSERT INTO SM_CH
	VALUES (2621445,
	2621441,
	2621445,
	2621441,
	'');
INSERT INTO SM_SEME
	VALUES (2621445,
	2621441,
	2621445,
	2621441);
INSERT INTO SM_CH
	VALUES (2621445,
	2621442,
	2621445,
	2621441,
	'');
INSERT INTO SM_SEME
	VALUES (2621445,
	2621442,
	2621445,
	2621441);
INSERT INTO SM_CH
	VALUES (2621445,
	2621443,
	2621445,
	2621441,
	'');
INSERT INTO SM_SEME
	VALUES (2621445,
	2621443,
	2621445,
	2621441);
INSERT INTO SM_CH
	VALUES (2621445,
	2621444,
	2621445,
	2621441,
	'');
INSERT INTO SM_SEME
	VALUES (2621445,
	2621444,
	2621445,
	2621441);
INSERT INTO SM_CH
	VALUES (2621445,
	2621445,
	2621445,
	2621442,
	'');
INSERT INTO SM_SEME
	VALUES (2621445,
	2621445,
	2621445,
	2621442);
INSERT INTO SM_CH
	VALUES (2621445,
	2621446,
	2621445,
	2621442,
	'');
INSERT INTO SM_SEME
	VALUES (2621445,
	2621446,
	2621445,
	2621442);
INSERT INTO SM_STATE
	VALUES (2621446,
	2621445,
	2621442,
	'Verifying Rel with Left Subtype Instance',
	6,
	0);
INSERT INTO SM_CH
	VALUES (2621446,
	2621441,
	2621445,
	2621441,
	'');
INSERT INTO SM_SEME
	VALUES (2621446,
	2621441,
	2621445,
	2621441);
INSERT INTO SM_CH
	VALUES (2621446,
	2621442,
	2621445,
	2621441,
	'');
INSERT INTO SM_SEME
	VALUES (2621446,
	2621442,
	2621445,
	2621441);
INSERT INTO SM_CH
	VALUES (2621446,
	2621443,
	2621445,
	2621441,
	'');
INSERT INTO SM_SEME
	VALUES (2621446,
	2621443,
	2621445,
	2621441);
INSERT INTO SM_CH
	VALUES (2621446,
	2621444,
	2621445,
	2621441,
	'');
INSERT INTO SM_SEME
	VALUES (2621446,
	2621444,
	2621445,
	2621441);
INSERT INTO SM_CH
	VALUES (2621446,
	2621445,
	2621445,
	2621442,
	'');
INSERT INTO SM_SEME
	VALUES (2621446,
	2621445,
	2621445,
	2621442);
INSERT INTO SM_CH
	VALUES (2621446,
	2621446,
	2621445,
	2621442,
	'');
INSERT INTO SM_SEME
	VALUES (2621446,
	2621446,
	2621445,
	2621442);
INSERT INTO SM_STATE
	VALUES (2621447,
	2621445,
	2621442,
	'Verifying Rel with Right Subtype Instance',
	7,
	0);
INSERT INTO SM_CH
	VALUES (2621447,
	2621441,
	2621445,
	2621441,
	'');
INSERT INTO SM_SEME
	VALUES (2621447,
	2621441,
	2621445,
	2621441);
INSERT INTO SM_CH
	VALUES (2621447,
	2621442,
	2621445,
	2621441,
	'');
INSERT INTO SM_SEME
	VALUES (2621447,
	2621442,
	2621445,
	2621441);
INSERT INTO SM_CH
	VALUES (2621447,
	2621443,
	2621445,
	2621441,
	'');
INSERT INTO SM_SEME
	VALUES (2621447,
	2621443,
	2621445,
	2621441);
INSERT INTO SM_CH
	VALUES (2621447,
	2621444,
	2621445,
	2621441,
	'');
INSERT INTO SM_SEME
	VALUES (2621447,
	2621444,
	2621445,
	2621441);
INSERT INTO SM_CH
	VALUES (2621447,
	2621445,
	2621445,
	2621442,
	'');
INSERT INTO SM_SEME
	VALUES (2621447,
	2621445,
	2621445,
	2621442);
INSERT INTO SM_CH
	VALUES (2621447,
	2621446,
	2621445,
	2621442,
	'');
INSERT INTO SM_SEME
	VALUES (2621447,
	2621446,
	2621445,
	2621442);
INSERT INTO SM_NSTXN
	VALUES (2621441,
	2621445,
	2621441,
	2621441,
	2621441);
INSERT INTO SM_TXN
	VALUES (2621441,
	2621445,
	2621442,
	2621441);
INSERT INTO SM_NSTXN
	VALUES (2621442,
	2621445,
	2621441,
	2621442,
	2621441);
INSERT INTO SM_TXN
	VALUES (2621442,
	2621445,
	2621443,
	2621441);
INSERT INTO SM_NSTXN
	VALUES (2621443,
	2621445,
	2621442,
	2621443,
	2621441);
INSERT INTO SM_TXN
	VALUES (2621443,
	2621445,
	2621444,
	2621441);
INSERT INTO SM_NSTXN
	VALUES (2621444,
	2621445,
	2621443,
	2621444,
	2621441);
INSERT INTO SM_TXN
	VALUES (2621444,
	2621445,
	2621445,
	2621441);
INSERT INTO SM_NSTXN
	VALUES (2621445,
	2621445,
	2621441,
	2621445,
	2621442);
INSERT INTO SM_TXN
	VALUES (2621445,
	2621445,
	2621446,
	2621442);
INSERT INTO SM_NSTXN
	VALUES (2621446,
	2621445,
	2621441,
	2621446,
	2621442);
INSERT INTO SM_TXN
	VALUES (2621446,
	2621445,
	2621447,
	2621442);
INSERT INTO SM_MOAH
	VALUES (2621441,
	2621445,
	2621441);
INSERT INTO SM_AH
	VALUES (2621441,
	2621445);
INSERT INTO SM_ACT
	VALUES (2621441,
	2621445,
	1,
	'',
	'');
INSERT INTO SM_MOAH
	VALUES (2621442,
	2621445,
	2621442);
INSERT INTO SM_AH
	VALUES (2621442,
	2621445);
INSERT INTO SM_ACT
	VALUES (2621442,
	2621445,
	1,
	'// select one left_inst related by self-><rel_obj>[REL]
select one oo related by self->OO[R7] where selected.i == 42;
if (oo.oo_id == self.on_id)
  LOG::LogSuccess (message:"IC8: ON - select one left_inst related by self-><rel_obj>[REL]") ;
else 
  LOG::LogFailure (message:"IC8: ON - select one left_inst related by self-><rel_obj>[REL]") ;
end if;

// select one one_inst related by self-><rel_obj>[REL]-><self_obj>[REL]
select one on related by self->OO[R7]->ON[R7] where selected.i == 42;
if (on.on_id == self.on_id)
  LOG::LogSuccess (message:"IC8: ON - select one inst related by self-><rel_obj>[REL]-><self_obj>[REL]") ;
else 
  LOG::LogFailure (message:"IC8: ON - select one inst related by   self-><rel_obj>[REL]-><self_obj>[REL]") ;
end if;

// have related instance check if it can see the relationship that this 
// instance created
generate OO2:''Verify Rel with Supertype Instance''(id:self.on_id) to oo;',
	'');
INSERT INTO SM_MOAH
	VALUES (2621443,
	2621445,
	2621443);
INSERT INTO SM_AH
	VALUES (2621443,
	2621445);
INSERT INTO SM_ACT
	VALUES (2621443,
	2621445,
	1,
	'// select one right_inst related by self-><rel_obj>[REL]
select one op related by self->OP[R7] where selected.i == 42;
if (op.op_id == self.on_id)
  LOG::LogSuccess(message:"IC8: ON - select one right_inst related by self-><rel_obj>[REL]") ;
else 
  LOG::LogFailure(message:"IC8: ON - select one right_inst related by self-><rel_obj>[REL]") ;
end if;

// select one one_inst related by self-><right_obj>[REL]-><self_obj>[REL]
select one on related by self->OP[R7]->ON[R7] where selected.i == 42;
if (on.on_id == self.on_id)
  LOG::LogSuccess(message:"IC8: ON - select one inst related by self-><right_obj>[REL]-><self_obj>[REL]") ;
else 
  LOG::LogFailure(message:"IC8: ON - select one inst related by   self-><right_obj>[REL]-><self_obj>[REL]") ;
end if;

// have related instance check if it can see the relationship that this 
// instance created
generate OP2:''Verify Rel with Supertype Instance''(id:self.on_id) to op;',
	'');
INSERT INTO SM_MOAH
	VALUES (2621444,
	2621445,
	2621444);
INSERT INTO SM_AH
	VALUES (2621444,
	2621445);
INSERT INTO SM_ACT
	VALUES (2621444,
	2621445,
	1,
	'//check delete
select one oo related by self->OO[R7] where selected.i == 42;
unrelate oo from self across R7;
delete object instance oo;
select one oo related by self->OO[R7] where selected.i == 42;
if (empty oo)
  LOG::LogSuccess(message:"IC8: ON - delete object instance <left_sub_inst>");
else
  LOG::LogFailure(message:"IC8: ON - delete object instance <left_sub_inst>");
end if;

//check unrelate
if (true)
  create object instance oo1 of OO;
  assign oo1.i = 2001;
  relate self to oo1 across R7;
  assign oo = oo1;
end if;
unrelate self from oo across R7;
select one oo2 related by self->OO[R7] where selected.i == 2001;
if (empty oo2)
  LOG::LogSuccess(message:"IC8: ON - unrelate object instance <left_sub_inst>");
else
  LOG::LogFailure(message:"IC8: ON - unrelate object instance <left_sub_inst>");
end if;
delete object instance oo;

select any driver from instances of ICD;
generate ICD17:''IC8 Test N Left Complete''() to driver;',
	'');
INSERT INTO SM_MOAH
	VALUES (2621445,
	2621445,
	2621445);
INSERT INTO SM_AH
	VALUES (2621445,
	2621445);
INSERT INTO SM_ACT
	VALUES (2621445,
	2621445,
	1,
	'//check delete
select one op related by self->OP[R7] where selected.i == 42;
unrelate op from self across R7;
delete object instance op;
select one op related by self->OP[R7] where selected.i == 42;
if (empty op)
  LOG::LogSuccess(message:"IC8: ON - delete object instance <right_sub_inst>") ;
else
  LOG::LogFailure(message:"IC8: ON - delete object instance <right_sub_inst>") ;
end if;

//check unrelate
if (true)
  create object instance op1 of OP;
  relate self to op1 across R7;
  assign op = op1;
end if;
unrelate self from op across R7;
select one op2 related by self->OP[R7] where selected.i == 42;
if (empty op2)
  LOG::LogSuccess(message:"IC8: ON - unrelate object instance <right_sub_inst>") ;
else
  LOG::LogFailure(message:"IC8: ON - unrelate object instance <right_sub_inst>") ;
end if;
delete object instance op;

select any driver from instances of ICD;
generate ICD18:''IC8 Test N Right Complete''() to driver;',
	'');
INSERT INTO SM_MOAH
	VALUES (2621446,
	2621445,
	2621446);
INSERT INTO SM_AH
	VALUES (2621446,
	2621445);
INSERT INTO SM_ACT
	VALUES (2621446,
	2621445,
	1,
	'select one oo related by self->OO[R7] where selected.i == 42;
if (oo.oo_id == rcvd_evt.id)
   LOG::LogSuccess(message:"IC8: ON - Verifying Rel with Left Subtype Instance") ;
  generate OO3:''Finish IC8 Test''() to oo;
else 
  LOG::LogFailure(message:"IC8: ON - Verifying Rel with Left Subtype Instance") ;
end if;',
	'');
INSERT INTO SM_MOAH
	VALUES (2621447,
	2621445,
	2621447);
INSERT INTO SM_AH
	VALUES (2621447,
	2621445);
INSERT INTO SM_ACT
	VALUES (2621447,
	2621445,
	1,
	'select one op related by self->OP[R7] where selected.i == 42;
if (op.op_id == rcvd_evt.id)
  LOG::LogSuccess(message:"IC8: OP - Verifying Rel with Right Subtype Instance") ;
  generate OP3:''Finish IC8 Test''() to op;
else 
  LOG::LogFailure(message:"IC8: OP - Verifying Rel with Right Subtype Instance") ;
end if;',
	'');
INSERT INTO GD_MD
	VALUES (2621441,
	8,
	2621445,
	40,
	1,
	0,
	1,
	1,
	0,
	12,
	1600,
	4200,
	1.000000,
	0);
INSERT INTO GD_GE
	VALUES (2621442,
	2621441,
	2621441,
	41);
INSERT INTO GD_SHP
	VALUES (2621442,
	1856,
	1248,
	2144,
	1328);
INSERT INTO GD_GE
	VALUES (2621443,
	2621441,
	2621442,
	41);
INSERT INTO GD_SHP
	VALUES (2621443,
	1664,
	1440,
	1936,
	1520);
INSERT INTO GD_GE
	VALUES (2621444,
	2621441,
	2621443,
	41);
INSERT INTO GD_SHP
	VALUES (2621444,
	2080,
	1440,
	2336,
	1520);
INSERT INTO GD_GE
	VALUES (2621445,
	2621441,
	2621444,
	41);
INSERT INTO GD_SHP
	VALUES (2621445,
	1664,
	1664,
	1936,
	1744);
INSERT INTO GD_GE
	VALUES (2621446,
	2621441,
	2621445,
	41);
INSERT INTO GD_SHP
	VALUES (2621446,
	2080,
	1664,
	2336,
	1744);
INSERT INTO GD_GE
	VALUES (2621447,
	2621441,
	2621446,
	41);
INSERT INTO GD_SHP
	VALUES (2621447,
	1664,
	1888,
	1936,
	1968);
INSERT INTO GD_GE
	VALUES (2621448,
	2621441,
	2621447,
	41);
INSERT INTO GD_SHP
	VALUES (2621448,
	2096,
	1888,
	2368,
	1968);
INSERT INTO GD_GE
	VALUES (2621449,
	2621441,
	2621441,
	42);
INSERT INTO GD_CON
	VALUES (2621449,
	2621442,
	2621443,
	0);
INSERT INTO GD_CTXT
	VALUES (2621449,
	0,
	0,
	0,
	0,
	0,
	0,
	1744,
	1328,
	1869,
	1404,
	16,
	31,
	0,
	0,
	0,
	0,
	0,
	0);
INSERT INTO GD_LS
	VALUES (2621450,
	2621449,
	1856,
	1296,
	1744,
	1296,
	0);
INSERT INTO GD_LS
	VALUES (2621451,
	2621449,
	1744,
	1296,
	1744,
	1440,
	2621450);
INSERT INTO GD_GE
	VALUES (2621452,
	2621441,
	2621443,
	42);
INSERT INTO GD_CON
	VALUES (2621452,
	2621443,
	2621445,
	0);
INSERT INTO GD_CTXT
	VALUES (2621452,
	0,
	0,
	0,
	0,
	0,
	0,
	1756,
	1572,
	1914,
	1626,
	28,
	-5,
	0,
	0,
	0,
	0,
	0,
	0);
INSERT INTO GD_LS
	VALUES (2621453,
	2621452,
	1744,
	1520,
	1744,
	1664,
	0);
INSERT INTO GD_GE
	VALUES (2621454,
	2621441,
	2621442,
	42);
INSERT INTO GD_CON
	VALUES (2621454,
	2621442,
	2621444,
	0);
INSERT INTO GD_CTXT
	VALUES (2621454,
	0,
	0,
	0,
	0,
	0,
	0,
	2236,
	1334,
	2358,
	1410,
	12,
	29,
	0,
	0,
	0,
	0,
	0,
	0);
INSERT INTO GD_LS
	VALUES (2621455,
	2621454,
	2144,
	1296,
	2240,
	1296,
	0);
INSERT INTO GD_LS
	VALUES (2621456,
	2621454,
	2240,
	1296,
	2240,
	1440,
	2621455);
INSERT INTO GD_GE
	VALUES (2621457,
	2621441,
	2621444,
	42);
INSERT INTO GD_CON
	VALUES (2621457,
	2621444,
	2621446,
	0);
INSERT INTO GD_CTXT
	VALUES (2621457,
	0,
	0,
	0,
	0,
	0,
	0,
	2243,
	1580,
	2381,
	1626,
	19,
	3,
	0,
	0,
	0,
	0,
	0,
	0);
INSERT INTO GD_LS
	VALUES (2621458,
	2621457,
	2240,
	1520,
	2240,
	1664,
	0);
INSERT INTO GD_GE
	VALUES (2621459,
	2621441,
	2621445,
	42);
INSERT INTO GD_CON
	VALUES (2621459,
	2621442,
	2621447,
	0);
INSERT INTO GD_CTXT
	VALUES (2621459,
	0,
	0,
	0,
	0,
	0,
	0,
	1764,
	1787,
	1915,
	1836,
	-199,
	121,
	0,
	0,
	0,
	0,
	0,
	0);
INSERT INTO GD_LS
	VALUES (2621460,
	2621459,
	1968,
	1328,
	1968,
	1856,
	0);
INSERT INTO GD_LS
	VALUES (2621461,
	2621459,
	1968,
	1856,
	1792,
	1888,
	2621460);
INSERT INTO GD_GE
	VALUES (2621462,
	2621441,
	2621446,
	42);
INSERT INTO GD_CON
	VALUES (2621462,
	2621442,
	2621448,
	0);
INSERT INTO GD_CTXT
	VALUES (2621462,
	0,
	0,
	0,
	0,
	0,
	0,
	2020,
	1786,
	2215,
	1833,
	20,
	104,
	0,
	0,
	0,
	0,
	0,
	0);
INSERT INTO GD_LS
	VALUES (2621463,
	2621462,
	2016,
	1328,
	2016,
	1856,
	0);
INSERT INTO GD_LS
	VALUES (2621464,
	2621462,
	2016,
	1856,
	2224,
	1888,
	2621463);
INSERT INTO O_OBJ
	VALUES (1048580,
	'Object O Left Subtype',
	20,
	'OO',
	'',
	1048578);
INSERT INTO O_REF
	VALUES (1048580,
	1048579,
	0,
	1048582,
	1048577,
	1048578,
	1048577,
	1048585,
	1048577,
	0,
	0,
	'');
INSERT INTO O_RATTR
	VALUES (1048585,
	1048580,
	1048582,
	1048579,
	0);
INSERT INTO O_ATTR
	VALUES (1048585,
	1048580,
	0,
	'oo_id',
	'',
	'',
	'oo_id',
	0,
	524296);
INSERT INTO O_NBATTR
	VALUES (1048586,
	1048580);
INSERT INTO O_BATTR
	VALUES (1048586,
	1048580);
INSERT INTO O_ATTR
	VALUES (1048586,
	1048580,
	1048585,
	'i',
	'',
	'',
	'i',
	0,
	524291);
INSERT INTO O_NBATTR
	VALUES (1048587,
	1048580);
INSERT INTO O_BATTR
	VALUES (1048587,
	1048580);
INSERT INTO O_ATTR
	VALUES (1048587,
	1048580,
	1048586,
	'current_state',
	'',
	'',
	'current_state',
	0,
	524295);
INSERT INTO O_ID
	VALUES (0,
	1048580);
INSERT INTO O_OIDA
	VALUES (1048585,
	1048580,
	0);
INSERT INTO SM_ISM
	VALUES (3145734,
	1048580);
INSERT INTO SM_SM
	VALUES (3145734,
	'',
	6);
INSERT INTO SM_MOORE
	VALUES (3145734);
INSERT INTO SM_EVTDI
	VALUES (3145729,
	3145734,
	'id',
	'',
	524294);
INSERT INTO SM_SUPDT
	VALUES (3145729,
	3145734,
	0);
INSERT INTO SM_SUPDT
	VALUES (3145730,
	3145734,
	0);
INSERT INTO SM_SDI
	VALUES (3145729,
	3145730,
	3145734);
INSERT INTO SM_STATE
	VALUES (3145729,
	3145734,
	3145729,
	'Starting IC8 Test',
	2,
	0);
INSERT INTO SM_LEVT
	VALUES (3145729,
	3145734,
	3145729);
INSERT INTO SM_SEVT
	VALUES (3145729,
	3145734,
	3145729);
INSERT INTO SM_EVT
	VALUES (3145729,
	3145734,
	3145729,
	1,
	'Start IC8 Test',
	0,
	'',
	'OO1',
	'');
INSERT INTO SM_EIGN
	VALUES (3145729,
	3145729,
	3145734,
	3145729,
	'');
INSERT INTO SM_SEME
	VALUES (3145729,
	3145729,
	3145734,
	3145729);
INSERT INTO SM_LEVT
	VALUES (3145730,
	3145734,
	3145730);
INSERT INTO SM_SEVT
	VALUES (3145730,
	3145734,
	3145730);
INSERT INTO SM_EVT
	VALUES (3145730,
	3145734,
	3145730,
	2,
	'Verify Rel with Supertype Instance',
	0,
	'',
	'OO2',
	'');
INSERT INTO SM_EIGN
	VALUES (3145729,
	3145730,
	3145734,
	3145730,
	'');
INSERT INTO SM_SEME
	VALUES (3145729,
	3145730,
	3145734,
	3145730);
INSERT INTO SM_LEVT
	VALUES (3145731,
	3145734,
	3145729);
INSERT INTO SM_SEVT
	VALUES (3145731,
	3145734,
	3145729);
INSERT INTO SM_EVT
	VALUES (3145731,
	3145734,
	3145729,
	3,
	'Finish IC8 Test',
	0,
	'',
	'OO3',
	'');
INSERT INTO SM_SEME
	VALUES (3145729,
	3145731,
	3145734,
	3145729);
INSERT INTO SM_LEVT
	VALUES (3145732,
	3145734,
	3145729);
INSERT INTO SM_SEVT
	VALUES (3145732,
	3145734,
	3145729);
INSERT INTO SM_EVT
	VALUES (3145732,
	3145734,
	3145729,
	4,
	'Continue IC8 Test',
	0,
	'',
	'OO4',
	'');
INSERT INTO SM_CH
	VALUES (3145729,
	3145732,
	3145734,
	3145729,
	'');
INSERT INTO SM_SEME
	VALUES (3145729,
	3145732,
	3145734,
	3145729);
INSERT INTO SM_STATE
	VALUES (3145730,
	3145734,
	3145730,
	'Verifying Rel with Supertype Instance',
	3,
	0);
INSERT INTO SM_CH
	VALUES (3145730,
	3145729,
	3145734,
	3145729,
	'');
INSERT INTO SM_SEME
	VALUES (3145730,
	3145729,
	3145734,
	3145729);
INSERT INTO SM_CH
	VALUES (3145730,
	3145730,
	3145734,
	3145730,
	'');
INSERT INTO SM_SEME
	VALUES (3145730,
	3145730,
	3145734,
	3145730);
INSERT INTO SM_CH
	VALUES (3145730,
	3145731,
	3145734,
	3145729,
	'');
INSERT INTO SM_SEME
	VALUES (3145730,
	3145731,
	3145734,
	3145729);
INSERT INTO SM_CH
	VALUES (3145730,
	3145732,
	3145734,
	3145729,
	'');
INSERT INTO SM_SEME
	VALUES (3145730,
	3145732,
	3145734,
	3145729);
INSERT INTO SM_STATE
	VALUES (3145731,
	3145734,
	3145729,
	'Finishing IC8 Test',
	4,
	1);
INSERT INTO SM_CH
	VALUES (3145731,
	3145729,
	3145734,
	3145729,
	'');
INSERT INTO SM_SEME
	VALUES (3145731,
	3145729,
	3145734,
	3145729);
INSERT INTO SM_CH
	VALUES (3145731,
	3145730,
	3145734,
	3145730,
	'');
INSERT INTO SM_SEME
	VALUES (3145731,
	3145730,
	3145734,
	3145730);
INSERT INTO SM_CH
	VALUES (3145731,
	3145731,
	3145734,
	3145729,
	'');
INSERT INTO SM_SEME
	VALUES (3145731,
	3145731,
	3145734,
	3145729);
INSERT INTO SM_CH
	VALUES (3145731,
	3145732,
	3145734,
	3145729,
	'');
INSERT INTO SM_SEME
	VALUES (3145731,
	3145732,
	3145734,
	3145729);
INSERT INTO SM_STATE
	VALUES (3145732,
	3145734,
	3145729,
	'Initial State',
	1,
	0);
INSERT INTO SM_SEME
	VALUES (3145732,
	3145729,
	3145734,
	3145729);
INSERT INTO SM_SEME
	VALUES (3145732,
	3145730,
	3145734,
	3145730);
INSERT INTO SM_CH
	VALUES (3145732,
	3145731,
	3145734,
	3145729,
	'');
INSERT INTO SM_SEME
	VALUES (3145732,
	3145731,
	3145734,
	3145729);
INSERT INTO SM_SEME
	VALUES (3145732,
	3145732,
	3145734,
	3145729);
INSERT INTO SM_NSTXN
	VALUES (3145729,
	3145734,
	3145729,
	3145731,
	3145729);
INSERT INTO SM_TXN
	VALUES (3145729,
	3145734,
	3145731,
	3145729);
INSERT INTO SM_NSTXN
	VALUES (3145730,
	3145734,
	3145732,
	3145730,
	3145730);
INSERT INTO SM_TXN
	VALUES (3145730,
	3145734,
	3145730,
	3145730);
INSERT INTO SM_NSTXN
	VALUES (3145731,
	3145734,
	3145732,
	3145729,
	3145729);
INSERT INTO SM_TXN
	VALUES (3145731,
	3145734,
	3145732,
	3145729);
INSERT INTO SM_NSTXN
	VALUES (3145732,
	3145734,
	3145732,
	3145732,
	3145729);
INSERT INTO SM_TXN
	VALUES (3145732,
	3145734,
	3145729,
	3145729);
INSERT INTO SM_MOAH
	VALUES (3145729,
	3145734,
	3145729);
INSERT INTO SM_AH
	VALUES (3145729,
	3145734);
INSERT INTO SM_ACT
	VALUES (3145729,
	3145734,
	1,
	'// select one sup_inst related by self-><rel_obj>[REL]
select one on related by self->ON[R7] where selected.i == 42;
if (on.on_id == self.oo_id)
  LOG::LogSuccess(message:"IC8: OO - select one sup_inst related by self-><rel_obj>[REL]") ;
else 
  LOG::LogFailure(message:"IC8: OO - select one sup_inst related by self-><rel_obj>[REL]") ;
end if;

// select one one_inst related by self-><rel_obj>[REL]-><self_obj>[REL]
select one oo related by self->ON[R7]->OO[R7] where selected.i == 42;
if (oo.oo_id == self.oo_id)
  LOG::LogSuccess(message:"IC8: OO - select one inst related by self-><rel_obj>[REL]-><self_obj>[REL]") ;
else 
  LOG::LogFailure(message:"IC8: OO - select one inst related by   self-><rel_obj>[REL]-><self_obj>[REL]") ;
end if;

// have related instance check if it can see the relationship that this 
// instance created
generate ON5:''Verify Rel with Left Subtype Instance''(id:self.oo_id) to on;',
	'');
INSERT INTO SM_MOAH
	VALUES (3145730,
	3145734,
	3145730);
INSERT INTO SM_AH
	VALUES (3145730,
	3145734);
INSERT INTO SM_ACT
	VALUES (3145730,
	3145734,
	1,
	'select one on related by self->ON[R7] where selected.i == 42;
if (on.on_id == rcvd_evt.id)
  LOG::LogSuccess(message:"IC8: OO - Verifying Rel with Supertype Instance");
  generate ON3:''Left Subtype Rel OK''() to on;
else 
  LOG::LogFailure(message:"IC8: OO - Verifying Rel with Supertype Instance") ;
end if;',
	'');
INSERT INTO SM_MOAH
	VALUES (3145731,
	3145734,
	3145731);
INSERT INTO SM_AH
	VALUES (3145731,
	3145734);
INSERT INTO SM_ACT
	VALUES (3145731,
	3145734,
	1,
	'//check delete
select one on related by self->ON[R7] where selected.i == 42;
unrelate on from self across R7;
delete object instance on;
select one on related by self->ON[R7] where selected.i == 42;
if (empty on)
  LOG::LogSuccess(message:"IC8: OO - delete object instance <sup_inst>") ;
else
  LOG::LogFailure(message:"IC8: OO - delete object instance <sup_inst>") ;
end if;

//check unrelate
if (true) 
  create object instance on1 of ON;
  relate self to on1 across R7;
  assign on = on1; 
end if;
unrelate self from on across R7;
select one on2 related by self->ON[R7] where selected.i == 42;
if (empty on2)
  LOG::LogSuccess(message:"IC8: OO - unrelate object instance <sup_inst>") ;
else
  LOG::LogFailure(message:"IC8: OO - unrelate object instance <sup_inst>") ;
end if;
delete object instance on;

select any driver from instances of ICD;
generate ICD19:''IC8 Test O Complete''() to driver;',
	'');
INSERT INTO SM_MOAH
	VALUES (3145732,
	3145734,
	3145732);
INSERT INTO SM_AH
	VALUES (3145732,
	3145734);
INSERT INTO SM_ACT
	VALUES (3145732,
	3145734,
	1,
	'
generate OO4:''Continue IC8 Test''() to self;
',
	'');
INSERT INTO GD_MD
	VALUES (3145729,
	8,
	3145734,
	40,
	1,
	0,
	1,
	1,
	0,
	12,
	1600,
	4200,
	1.000000,
	0);
INSERT INTO GD_GE
	VALUES (3145730,
	3145729,
	3145729,
	41);
INSERT INTO GD_SHP
	VALUES (3145730,
	2032,
	1344,
	2304,
	1456);
INSERT INTO GD_GE
	VALUES (3145731,
	3145729,
	3145730,
	41);
INSERT INTO GD_SHP
	VALUES (3145731,
	1680,
	1344,
	1936,
	1456);
INSERT INTO GD_GE
	VALUES (3145732,
	3145729,
	3145731,
	41);
INSERT INTO GD_SHP
	VALUES (3145732,
	2032,
	1616,
	2304,
	1728);
INSERT INTO GD_GE
	VALUES (3145733,
	3145729,
	3145732,
	41);
INSERT INTO GD_SHP
	VALUES (3145733,
	2032,
	1136,
	2304,
	1232);
INSERT INTO GD_GE
	VALUES (3145734,
	3145729,
	3145729,
	42);
INSERT INTO GD_CON
	VALUES (3145734,
	3145730,
	3145732,
	0);
INSERT INTO GD_CTXT
	VALUES (3145734,
	0,
	0,
	0,
	0,
	0,
	0,
	2144,
	1520,
	2298,
	1550,
	0,
	-1,
	0,
	0,
	0,
	0,
	0,
	0);
INSERT INTO GD_LS
	VALUES (3145735,
	3145734,
	2160,
	1456,
	2160,
	1616,
	0);
INSERT INTO GD_GE
	VALUES (3145736,
	3145729,
	3145730,
	42);
INSERT INTO GD_CON
	VALUES (3145736,
	3145733,
	3145731,
	0);
INSERT INTO GD_CTXT
	VALUES (3145736,
	0,
	0,
	0,
	0,
	0,
	0,
	1824,
	1152,
	2008,
	1190,
	-7,
	-7,
	0,
	0,
	0,
	0,
	0,
	0);
INSERT INTO GD_LS
	VALUES (3145737,
	3145736,
	2032,
	1184,
	1840,
	1184,
	0);
INSERT INTO GD_LS
	VALUES (3145738,
	3145736,
	1840,
	1184,
	1840,
	1344,
	3145737);
INSERT INTO GD_GE
	VALUES (3145739,
	3145729,
	3145732,
	42);
INSERT INTO GD_CON
	VALUES (3145739,
	3145733,
	3145730,
	0);
INSERT INTO GD_CTXT
	VALUES (3145739,
	0,
	0,
	0,
	0,
	0,
	0,
	2128,
	1280,
	2319,
	1313,
	0,
	7,
	0,
	0,
	0,
	0,
	0,
	0);
INSERT INTO GD_LS
	VALUES (3145740,
	3145739,
	2144,
	1232,
	2144,
	1344,
	0);
INSERT INTO GD_GE
	VALUES (3145741,
	3145729,
	3145731,
	42);
INSERT INTO GD_CON
	VALUES (3145741,
	3145733,
	3145733,
	0);
INSERT INTO GD_CTXT
	VALUES (3145741,
	0,
	0,
	0,
	0,
	0,
	0,
	2194,
	1056,
	2322,
	1094,
	-85,
	-7,
	0,
	0,
	0,
	0,
	0,
	0);
INSERT INTO GD_LS
	VALUES (3145742,
	3145741,
	2304,
	1168,
	2352,
	1168,
	0);
INSERT INTO GD_LS
	VALUES (3145743,
	3145741,
	2352,
	1168,
	2352,
	1088,
	3145742);
INSERT INTO GD_LS
	VALUES (3145744,
	3145741,
	2352,
	1088,
	2176,
	1088,
	3145743);
INSERT INTO GD_LS
	VALUES (3145745,
	3145741,
	2176,
	1088,
	2176,
	1136,
	3145744);
INSERT INTO O_OBJ
	VALUES (1048581,
	'Object P Right Subtype',
	21,
	'OP',
	'',
	1048578);
INSERT INTO O_REF
	VALUES (1048581,
	1048579,
	0,
	1048582,
	1048577,
	1048579,
	1048577,
	1048588,
	1048578,
	0,
	0,
	'');
INSERT INTO O_RATTR
	VALUES (1048588,
	1048581,
	1048582,
	1048579,
	0);
INSERT INTO O_ATTR
	VALUES (1048588,
	1048581,
	0,
	'op_id',
	'',
	'',
	'op_id',
	0,
	524296);
INSERT INTO O_NBATTR
	VALUES (1048589,
	1048581);
INSERT INTO O_BATTR
	VALUES (1048589,
	1048581);
INSERT INTO O_ATTR
	VALUES (1048589,
	1048581,
	1048588,
	'i',
	'',
	'',
	'i',
	0,
	524291);
INSERT INTO O_NBATTR
	VALUES (1048590,
	1048581);
INSERT INTO O_BATTR
	VALUES (1048590,
	1048581);
INSERT INTO O_ATTR
	VALUES (1048590,
	1048581,
	1048589,
	'current_state',
	'',
	'',
	'current_state',
	0,
	524295);
INSERT INTO O_ID
	VALUES (0,
	1048581);
INSERT INTO O_OIDA
	VALUES (1048588,
	1048581,
	0);
INSERT INTO SM_ISM
	VALUES (3670023,
	1048581);
INSERT INTO SM_SM
	VALUES (3670023,
	'',
	7);
INSERT INTO SM_MOORE
	VALUES (3670023);
INSERT INTO SM_EVTDI
	VALUES (3670017,
	3670023,
	'id',
	'',
	524294);
INSERT INTO SM_SUPDT
	VALUES (3670017,
	3670023,
	0);
INSERT INTO SM_SUPDT
	VALUES (3670018,
	3670023,
	0);
INSERT INTO SM_SDI
	VALUES (3670017,
	3670018,
	3670023);
INSERT INTO SM_STATE
	VALUES (3670017,
	3670023,
	3670017,
	'Starting IC8 Test',
	2,
	0);
INSERT INTO SM_LEVT
	VALUES (3670017,
	3670023,
	3670017);
INSERT INTO SM_SEVT
	VALUES (3670017,
	3670023,
	3670017);
INSERT INTO SM_EVT
	VALUES (3670017,
	3670023,
	3670017,
	1,
	'Start IC8 Test',
	0,
	'',
	'OP1',
	'');
INSERT INTO SM_EIGN
	VALUES (3670017,
	3670017,
	3670023,
	3670017,
	'');
INSERT INTO SM_SEME
	VALUES (3670017,
	3670017,
	3670023,
	3670017);
INSERT INTO SM_LEVT
	VALUES (3670018,
	3670023,
	3670018);
INSERT INTO SM_SEVT
	VALUES (3670018,
	3670023,
	3670018);
INSERT INTO SM_EVT
	VALUES (3670018,
	3670023,
	3670018,
	2,
	'Verify Rel with Supertype Instance',
	0,
	'',
	'OP2',
	'');
INSERT INTO SM_EIGN
	VALUES (3670017,
	3670018,
	3670023,
	3670018,
	'');
INSERT INTO SM_SEME
	VALUES (3670017,
	3670018,
	3670023,
	3670018);
INSERT INTO SM_LEVT
	VALUES (3670019,
	3670023,
	3670017);
INSERT INTO SM_SEVT
	VALUES (3670019,
	3670023,
	3670017);
INSERT INTO SM_EVT
	VALUES (3670019,
	3670023,
	3670017,
	3,
	'Finish IC8 Test',
	0,
	'',
	'OP3',
	'');
INSERT INTO SM_SEME
	VALUES (3670017,
	3670019,
	3670023,
	3670017);
INSERT INTO SM_LEVT
	VALUES (3670020,
	3670023,
	3670017);
INSERT INTO SM_SEVT
	VALUES (3670020,
	3670023,
	3670017);
INSERT INTO SM_EVT
	VALUES (3670020,
	3670023,
	3670017,
	4,
	'Continue IC8 Test',
	0,
	'',
	'OP4',
	'');
INSERT INTO SM_CH
	VALUES (3670017,
	3670020,
	3670023,
	3670017,
	'');
INSERT INTO SM_SEME
	VALUES (3670017,
	3670020,
	3670023,
	3670017);
INSERT INTO SM_STATE
	VALUES (3670018,
	3670023,
	3670018,
	'Verifying Rel with Supertype Instance',
	3,
	0);
INSERT INTO SM_CH
	VALUES (3670018,
	3670017,
	3670023,
	3670017,
	'');
INSERT INTO SM_SEME
	VALUES (3670018,
	3670017,
	3670023,
	3670017);
INSERT INTO SM_CH
	VALUES (3670018,
	3670018,
	3670023,
	3670018,
	'');
INSERT INTO SM_SEME
	VALUES (3670018,
	3670018,
	3670023,
	3670018);
INSERT INTO SM_CH
	VALUES (3670018,
	3670019,
	3670023,
	3670017,
	'');
INSERT INTO SM_SEME
	VALUES (3670018,
	3670019,
	3670023,
	3670017);
INSERT INTO SM_CH
	VALUES (3670018,
	3670020,
	3670023,
	3670017,
	'');
INSERT INTO SM_SEME
	VALUES (3670018,
	3670020,
	3670023,
	3670017);
INSERT INTO SM_STATE
	VALUES (3670019,
	3670023,
	3670017,
	'Finishing IC8 Test',
	4,
	1);
INSERT INTO SM_CH
	VALUES (3670019,
	3670017,
	3670023,
	3670017,
	'');
INSERT INTO SM_SEME
	VALUES (3670019,
	3670017,
	3670023,
	3670017);
INSERT INTO SM_CH
	VALUES (3670019,
	3670018,
	3670023,
	3670018,
	'');
INSERT INTO SM_SEME
	VALUES (3670019,
	3670018,
	3670023,
	3670018);
INSERT INTO SM_CH
	VALUES (3670019,
	3670019,
	3670023,
	3670017,
	'');
INSERT INTO SM_SEME
	VALUES (3670019,
	3670019,
	3670023,
	3670017);
INSERT INTO SM_CH
	VALUES (3670019,
	3670020,
	3670023,
	3670017,
	'');
INSERT INTO SM_SEME
	VALUES (3670019,
	3670020,
	3670023,
	3670017);
INSERT INTO SM_STATE
	VALUES (3670020,
	3670023,
	3670017,
	'Initial State',
	1,
	0);
INSERT INTO SM_SEME
	VALUES (3670020,
	3670017,
	3670023,
	3670017);
INSERT INTO SM_SEME
	VALUES (3670020,
	3670018,
	3670023,
	3670018);
INSERT INTO SM_CH
	VALUES (3670020,
	3670019,
	3670023,
	3670017,
	'');
INSERT INTO SM_SEME
	VALUES (3670020,
	3670019,
	3670023,
	3670017);
INSERT INTO SM_SEME
	VALUES (3670020,
	3670020,
	3670023,
	3670017);
INSERT INTO SM_NSTXN
	VALUES (3670017,
	3670023,
	3670017,
	3670019,
	3670017);
INSERT INTO SM_TXN
	VALUES (3670017,
	3670023,
	3670019,
	3670017);
INSERT INTO SM_NSTXN
	VALUES (3670018,
	3670023,
	3670020,
	3670020,
	3670017);
INSERT INTO SM_TXN
	VALUES (3670018,
	3670023,
	3670017,
	3670017);
INSERT INTO SM_NSTXN
	VALUES (3670019,
	3670023,
	3670020,
	3670017,
	3670017);
INSERT INTO SM_TXN
	VALUES (3670019,
	3670023,
	3670020,
	3670017);
INSERT INTO SM_NSTXN
	VALUES (3670020,
	3670023,
	3670020,
	3670018,
	3670018);
INSERT INTO SM_TXN
	VALUES (3670020,
	3670023,
	3670018,
	3670018);
INSERT INTO SM_MOAH
	VALUES (3670017,
	3670023,
	3670017);
INSERT INTO SM_AH
	VALUES (3670017,
	3670023);
INSERT INTO SM_ACT
	VALUES (3670017,
	3670023,
	1,
	'// select one sup_inst related by self-><rel_obj>[REL]
select one on related by self->ON[R7] where selected.i == 42;
if (on.on_id == self.op_id)
  LOG::LogSuccess(message:"IC8: OP - select one sup_inst related by self-><rel_obj>[REL]") ;
else 
  LOG::LogFailure(message:"IC8: OP - select one sup_inst related by self-><rel_obj>[REL]") ;
end if;

// select one one_inst related by self-><rel_obj>[REL]-><self_obj>[REL]
select one op related by self->ON[R7]->OP[R7] where selected.i == 42;
if (op.op_id == self.op_id)
  LOG::LogSuccess(message:"IC8: OP - select one inst related by self-><rel_obj>[REL]-><self_obj>[REL]") ;
else 
  LOG::LogFailure(message:"IC8: OP - select one inst related by   self-><rel_obj>[REL]-><self_obj>[REL]") ;
end if;

// have related instance check if it can see the relationship that this 
// instance created
generate ON6:''Verify Rel with Right Subtype Instance''(id:self.op_id) to on;',
	'');
INSERT INTO SM_MOAH
	VALUES (3670018,
	3670023,
	3670018);
INSERT INTO SM_AH
	VALUES (3670018,
	3670023);
INSERT INTO SM_ACT
	VALUES (3670018,
	3670023,
	1,
	'select one on related by self->ON[R7] where selected.i == 42;
if (on.on_id == rcvd_evt.id)
  LOG::LogSuccess(message:"IC8: OP - Verifying Rel with Supertype Instance") ;
  generate ON4:''Right Subtype Rel OK''() to on;
else 
  LOG::LogFailure(message:"IC8: OP - Verifying Rel with Supertype Instance") ;
end if;',
	'');
INSERT INTO SM_MOAH
	VALUES (3670019,
	3670023,
	3670019);
INSERT INTO SM_AH
	VALUES (3670019,
	3670023);
INSERT INTO SM_ACT
	VALUES (3670019,
	3670023,
	1,
	'//check delete
select one on related by self->ON[R7] where selected.i == 42;
unrelate on from self across R7;
delete object instance on;
select one on related by self->ON[R7] where selected.i == 42;
if (empty on)
  LOG::LogSuccess(message:"IC8: OP - delete object instance <sup_inst>") ;
else
  LOG::LogFailure(message:"IC8: OP - delete object instance <sup_inst>") ;
end if;

//check unrelate
if (true)
  create object instance on1 of ON;
  relate self to on1 across R7;
  assign on = on1;
end if;
unrelate self from on across R7;
select one on2 related by self->ON[R7] where selected.i == 42;
if (empty on2)
  LOG::LogSuccess(message:"IC8: OP - unrelate object instance <sup_inst>") ;
else
  LOG::LogFailure(message:"IC8: OP - unrelate object instance <sup_inst>") ;
end if;
delete object instance on;

select any driver from instances of ICD;
generate ICD20:''IC8 Test P Complete''() to driver;',
	'');
INSERT INTO SM_MOAH
	VALUES (3670020,
	3670023,
	3670020);
INSERT INTO SM_AH
	VALUES (3670020,
	3670023);
INSERT INTO SM_ACT
	VALUES (3670020,
	3670023,
	1,
	'
generate OP4:''Continue IC8 Test''() to self;
',
	'');
INSERT INTO GD_MD
	VALUES (3670017,
	8,
	3670023,
	40,
	1,
	0,
	1,
	1,
	0,
	12,
	1600,
	4200,
	1.000000,
	0);
INSERT INTO GD_GE
	VALUES (3670018,
	3670017,
	3670017,
	41);
INSERT INTO GD_SHP
	VALUES (3670018,
	2032,
	1344,
	2304,
	1456);
INSERT INTO GD_GE
	VALUES (3670019,
	3670017,
	3670018,
	41);
INSERT INTO GD_SHP
	VALUES (3670019,
	1680,
	1344,
	1936,
	1456);
INSERT INTO GD_GE
	VALUES (3670020,
	3670017,
	3670019,
	41);
INSERT INTO GD_SHP
	VALUES (3670020,
	2032,
	1616,
	2304,
	1728);
INSERT INTO GD_GE
	VALUES (3670021,
	3670017,
	3670020,
	41);
INSERT INTO GD_SHP
	VALUES (3670021,
	1936,
	1168,
	2208,
	1264);
INSERT INTO GD_GE
	VALUES (3670022,
	3670017,
	3670017,
	42);
INSERT INTO GD_CON
	VALUES (3670022,
	3670018,
	3670020,
	0);
INSERT INTO GD_CTXT
	VALUES (3670022,
	0,
	0,
	0,
	0,
	0,
	0,
	2144,
	1520,
	2298,
	1550,
	0,
	-1,
	0,
	0,
	0,
	0,
	0,
	0);
INSERT INTO GD_LS
	VALUES (3670023,
	3670022,
	2160,
	1456,
	2160,
	1616,
	0);
INSERT INTO GD_GE
	VALUES (3670024,
	3670017,
	3670020,
	42);
INSERT INTO GD_CON
	VALUES (3670024,
	3670021,
	3670019,
	0);
INSERT INTO GD_CTXT
	VALUES (3670024,
	0,
	0,
	0,
	0,
	0,
	0,
	1712,
	1179,
	1867,
	1213,
	-71,
	-22,
	0,
	0,
	0,
	0,
	0,
	0);
INSERT INTO GD_LS
	VALUES (3670025,
	3670024,
	1936,
	1216,
	1808,
	1216,
	0);
INSERT INTO GD_LS
	VALUES (3670026,
	3670024,
	1808,
	1216,
	1808,
	1344,
	3670025);
INSERT INTO GD_GE
	VALUES (3670027,
	3670017,
	3670018,
	42);
INSERT INTO GD_CON
	VALUES (3670027,
	3670021,
	3670018,
	0);
INSERT INTO GD_CTXT
	VALUES (3670027,
	0,
	0,
	0,
	0,
	0,
	0,
	2095,
	1292,
	2265,
	1324,
	15,
	3,
	0,
	0,
	0,
	0,
	0,
	0);
INSERT INTO GD_LS
	VALUES (3670028,
	3670027,
	2096,
	1264,
	2096,
	1344,
	0);
INSERT INTO GD_GE
	VALUES (3670029,
	3670017,
	3670019,
	42);
INSERT INTO GD_CON
	VALUES (3670029,
	3670021,
	3670021,
	0);
INSERT INTO GD_CTXT
	VALUES (3670029,
	0,
	0,
	0,
	0,
	0,
	0,
	2218,
	1099,
	2365,
	1133,
	-29,
	-6,
	0,
	0,
	0,
	0,
	0,
	0);
INSERT INTO GD_LS
	VALUES (3670030,
	3670029,
	2208,
	1216,
	2272,
	1216,
	0);
INSERT INTO GD_LS
	VALUES (3670031,
	3670029,
	2272,
	1216,
	2272,
	1120,
	3670030);
INSERT INTO GD_LS
	VALUES (3670032,
	3670029,
	2272,
	1120,
	2160,
	1120,
	3670031);
INSERT INTO GD_LS
	VALUES (3670033,
	3670029,
	2160,
	1120,
	2160,
	1168,
	3670032);
INSERT INTO O_OBJ
	VALUES (1048582,
	'Object Q Top Supertype',
	22,
	'OQ',
	'',
	1048578);
INSERT INTO O_NBATTR
	VALUES (1048591,
	1048582);
INSERT INTO O_BATTR
	VALUES (1048591,
	1048582);
INSERT INTO O_ATTR
	VALUES (1048591,
	1048582,
	0,
	'oq_id',
	'',
	'',
	'oq_id',
	0,
	524294);
INSERT INTO O_NBATTR
	VALUES (1048592,
	1048582);
INSERT INTO O_BATTR
	VALUES (1048592,
	1048582);
INSERT INTO O_ATTR
	VALUES (1048592,
	1048582,
	1048591,
	'i',
	'',
	'',
	'i',
	0,
	524291);
INSERT INTO O_NBATTR
	VALUES (1048593,
	1048582);
INSERT INTO O_BATTR
	VALUES (1048593,
	1048582);
INSERT INTO O_ATTR
	VALUES (1048593,
	1048582,
	1048592,
	'ack_count',
	'',
	'',
	'ack_count',
	0,
	524291);
INSERT INTO O_NBATTR
	VALUES (1048594,
	1048582);
INSERT INTO O_BATTR
	VALUES (1048594,
	1048582);
INSERT INTO O_ATTR
	VALUES (1048594,
	1048582,
	1048593,
	'current_state',
	'',
	'',
	'current_state',
	0,
	524295);
INSERT INTO O_ID
	VALUES (0,
	1048582);
INSERT INTO O_OIDA
	VALUES (1048591,
	1048582,
	0);
INSERT INTO O_RTIDA
	VALUES (1048591,
	1048582,
	0,
	1048578,
	1048580);
INSERT INTO SM_ISM
	VALUES (4194312,
	1048582);
INSERT INTO SM_SM
	VALUES (4194312,
	'',
	8);
INSERT INTO SM_MOORE
	VALUES (4194312);
INSERT INTO SM_EVTDI
	VALUES (4194305,
	4194312,
	'id',
	'',
	524294);
INSERT INTO SM_SUPDT
	VALUES (4194305,
	4194312,
	0);
INSERT INTO SM_SUPDT
	VALUES (4194306,
	4194312,
	0);
INSERT INTO SM_SDI
	VALUES (4194305,
	4194306,
	4194312);
INSERT INTO SM_STATE
	VALUES (4194305,
	4194312,
	4194305,
	'Starting IC9 Test',
	2,
	0);
INSERT INTO SM_LEVT
	VALUES (4194305,
	4194312,
	4194305);
INSERT INTO SM_SEVT
	VALUES (4194305,
	4194312,
	4194305);
INSERT INTO SM_EVT
	VALUES (4194305,
	4194312,
	4194305,
	1,
	'Start IC9 Test',
	0,
	'',
	'OQ1',
	'');
INSERT INTO SM_EIGN
	VALUES (4194305,
	4194305,
	4194312,
	4194305,
	'');
INSERT INTO SM_SEME
	VALUES (4194305,
	4194305,
	4194312,
	4194305);
INSERT INTO SM_LEVT
	VALUES (4194306,
	4194312,
	4194306);
INSERT INTO SM_SEVT
	VALUES (4194306,
	4194312,
	4194306);
INSERT INTO SM_EVT
	VALUES (4194306,
	4194312,
	4194306,
	2,
	'Verify Rel with Bot Supertype',
	0,
	'',
	'OQ2',
	'');
INSERT INTO SM_EIGN
	VALUES (4194305,
	4194306,
	4194312,
	4194306,
	'');
INSERT INTO SM_SEME
	VALUES (4194305,
	4194306,
	4194312,
	4194306);
INSERT INTO SM_LEVT
	VALUES (4194307,
	4194312,
	4194306);
INSERT INTO SM_SEVT
	VALUES (4194307,
	4194312,
	4194306);
INSERT INTO SM_EVT
	VALUES (4194307,
	4194312,
	4194306,
	3,
	'Verify Rel with Left Subtype',
	0,
	'',
	'OQ3',
	'');
INSERT INTO SM_EIGN
	VALUES (4194305,
	4194307,
	4194312,
	4194306,
	'');
INSERT INTO SM_SEME
	VALUES (4194305,
	4194307,
	4194312,
	4194306);
INSERT INTO SM_LEVT
	VALUES (4194308,
	4194312,
	4194305);
INSERT INTO SM_SEVT
	VALUES (4194308,
	4194312,
	4194305);
INSERT INTO SM_EVT
	VALUES (4194308,
	4194312,
	4194305,
	4,
	'Left Subtype Rel OK',
	0,
	'',
	'OQ4',
	'');
INSERT INTO SM_SEME
	VALUES (4194305,
	4194308,
	4194312,
	4194305);
INSERT INTO SM_LEVT
	VALUES (4194309,
	4194312,
	4194305);
INSERT INTO SM_SEVT
	VALUES (4194309,
	4194312,
	4194305);
INSERT INTO SM_EVT
	VALUES (4194309,
	4194312,
	4194305,
	5,
	'Bot Supertype Rel OK',
	0,
	'',
	'OQ5',
	'');
INSERT INTO SM_SEME
	VALUES (4194305,
	4194309,
	4194312,
	4194305);
INSERT INTO SM_LEVT
	VALUES (4194310,
	4194312,
	4194305);
INSERT INTO SM_SEVT
	VALUES (4194310,
	4194312,
	4194305);
INSERT INTO SM_EVT
	VALUES (4194310,
	4194312,
	4194305,
	6,
	'Finish IC9 Test',
	0,
	'',
	'OQ6',
	'');
INSERT INTO SM_CH
	VALUES (4194305,
	4194310,
	4194312,
	4194305,
	'');
INSERT INTO SM_SEME
	VALUES (4194305,
	4194310,
	4194312,
	4194305);
INSERT INTO SM_LEVT
	VALUES (4194311,
	4194312,
	4194305);
INSERT INTO SM_SEVT
	VALUES (4194311,
	4194312,
	4194305);
INSERT INTO SM_EVT
	VALUES (4194311,
	4194312,
	4194305,
	7,
	'Continue IC9 Test',
	0,
	'',
	'OQ7',
	'');
INSERT INTO SM_CH
	VALUES (4194305,
	4194311,
	4194312,
	4194305,
	'');
INSERT INTO SM_SEME
	VALUES (4194305,
	4194311,
	4194312,
	4194305);
INSERT INTO SM_STATE
	VALUES (4194306,
	4194312,
	4194306,
	'Verifying Rel with Bot Supertype',
	3,
	0);
INSERT INTO SM_CH
	VALUES (4194306,
	4194305,
	4194312,
	4194305,
	'');
INSERT INTO SM_SEME
	VALUES (4194306,
	4194305,
	4194312,
	4194305);
INSERT INTO SM_CH
	VALUES (4194306,
	4194306,
	4194312,
	4194306,
	'');
INSERT INTO SM_SEME
	VALUES (4194306,
	4194306,
	4194312,
	4194306);
INSERT INTO SM_CH
	VALUES (4194306,
	4194307,
	4194312,
	4194306,
	'');
INSERT INTO SM_SEME
	VALUES (4194306,
	4194307,
	4194312,
	4194306);
INSERT INTO SM_CH
	VALUES (4194306,
	4194308,
	4194312,
	4194305,
	'');
INSERT INTO SM_SEME
	VALUES (4194306,
	4194308,
	4194312,
	4194305);
INSERT INTO SM_CH
	VALUES (4194306,
	4194309,
	4194312,
	4194305,
	'');
INSERT INTO SM_SEME
	VALUES (4194306,
	4194309,
	4194312,
	4194305);
INSERT INTO SM_CH
	VALUES (4194306,
	4194310,
	4194312,
	4194305,
	'');
INSERT INTO SM_SEME
	VALUES (4194306,
	4194310,
	4194312,
	4194305);
INSERT INTO SM_CH
	VALUES (4194306,
	4194311,
	4194312,
	4194305,
	'');
INSERT INTO SM_SEME
	VALUES (4194306,
	4194311,
	4194312,
	4194305);
INSERT INTO SM_STATE
	VALUES (4194307,
	4194312,
	4194306,
	'Verifying Rel with Left Subtype',
	4,
	0);
INSERT INTO SM_CH
	VALUES (4194307,
	4194305,
	4194312,
	4194305,
	'');
INSERT INTO SM_SEME
	VALUES (4194307,
	4194305,
	4194312,
	4194305);
INSERT INTO SM_CH
	VALUES (4194307,
	4194306,
	4194312,
	4194306,
	'');
INSERT INTO SM_SEME
	VALUES (4194307,
	4194306,
	4194312,
	4194306);
INSERT INTO SM_CH
	VALUES (4194307,
	4194307,
	4194312,
	4194306,
	'');
INSERT INTO SM_SEME
	VALUES (4194307,
	4194307,
	4194312,
	4194306);
INSERT INTO SM_CH
	VALUES (4194307,
	4194308,
	4194312,
	4194305,
	'');
INSERT INTO SM_SEME
	VALUES (4194307,
	4194308,
	4194312,
	4194305);
INSERT INTO SM_CH
	VALUES (4194307,
	4194309,
	4194312,
	4194305,
	'');
INSERT INTO SM_SEME
	VALUES (4194307,
	4194309,
	4194312,
	4194305);
INSERT INTO SM_CH
	VALUES (4194307,
	4194310,
	4194312,
	4194305,
	'');
INSERT INTO SM_SEME
	VALUES (4194307,
	4194310,
	4194312,
	4194305);
INSERT INTO SM_CH
	VALUES (4194307,
	4194311,
	4194312,
	4194305,
	'');
INSERT INTO SM_SEME
	VALUES (4194307,
	4194311,
	4194312,
	4194305);
INSERT INTO SM_STATE
	VALUES (4194308,
	4194312,
	4194305,
	'Waiting for Acks',
	5,
	0);
INSERT INTO SM_CH
	VALUES (4194308,
	4194305,
	4194312,
	4194305,
	'');
INSERT INTO SM_SEME
	VALUES (4194308,
	4194305,
	4194312,
	4194305);
INSERT INTO SM_EIGN
	VALUES (4194308,
	4194306,
	4194312,
	4194306,
	'');
INSERT INTO SM_SEME
	VALUES (4194308,
	4194306,
	4194312,
	4194306);
INSERT INTO SM_CH
	VALUES (4194308,
	4194307,
	4194312,
	4194306,
	'');
INSERT INTO SM_SEME
	VALUES (4194308,
	4194307,
	4194312,
	4194306);
INSERT INTO SM_SEME
	VALUES (4194308,
	4194308,
	4194312,
	4194305);
INSERT INTO SM_SEME
	VALUES (4194308,
	4194309,
	4194312,
	4194305);
INSERT INTO SM_SEME
	VALUES (4194308,
	4194310,
	4194312,
	4194305);
INSERT INTO SM_CH
	VALUES (4194308,
	4194311,
	4194312,
	4194305,
	'');
INSERT INTO SM_SEME
	VALUES (4194308,
	4194311,
	4194312,
	4194305);
INSERT INTO SM_STATE
	VALUES (4194309,
	4194312,
	4194305,
	'Finishing IC9 Test',
	6,
	1);
INSERT INTO SM_CH
	VALUES (4194309,
	4194305,
	4194312,
	4194305,
	'');
INSERT INTO SM_SEME
	VALUES (4194309,
	4194305,
	4194312,
	4194305);
INSERT INTO SM_CH
	VALUES (4194309,
	4194306,
	4194312,
	4194306,
	'');
INSERT INTO SM_SEME
	VALUES (4194309,
	4194306,
	4194312,
	4194306);
INSERT INTO SM_CH
	VALUES (4194309,
	4194307,
	4194312,
	4194306,
	'');
INSERT INTO SM_SEME
	VALUES (4194309,
	4194307,
	4194312,
	4194306);
INSERT INTO SM_CH
	VALUES (4194309,
	4194308,
	4194312,
	4194305,
	'');
INSERT INTO SM_SEME
	VALUES (4194309,
	4194308,
	4194312,
	4194305);
INSERT INTO SM_CH
	VALUES (4194309,
	4194309,
	4194312,
	4194305,
	'');
INSERT INTO SM_SEME
	VALUES (4194309,
	4194309,
	4194312,
	4194305);
INSERT INTO SM_CH
	VALUES (4194309,
	4194310,
	4194312,
	4194305,
	'');
INSERT INTO SM_SEME
	VALUES (4194309,
	4194310,
	4194312,
	4194305);
INSERT INTO SM_CH
	VALUES (4194309,
	4194311,
	4194312,
	4194305,
	'');
INSERT INTO SM_SEME
	VALUES (4194309,
	4194311,
	4194312,
	4194305);
INSERT INTO SM_STATE
	VALUES (4194310,
	4194312,
	4194305,
	'Initial State',
	1,
	0);
INSERT INTO SM_SEME
	VALUES (4194310,
	4194305,
	4194312,
	4194305);
INSERT INTO SM_SEME
	VALUES (4194310,
	4194306,
	4194312,
	4194306);
INSERT INTO SM_SEME
	VALUES (4194310,
	4194307,
	4194312,
	4194306);
INSERT INTO SM_CH
	VALUES (4194310,
	4194308,
	4194312,
	4194305,
	'');
INSERT INTO SM_SEME
	VALUES (4194310,
	4194308,
	4194312,
	4194305);
INSERT INTO SM_CH
	VALUES (4194310,
	4194309,
	4194312,
	4194305,
	'');
INSERT INTO SM_SEME
	VALUES (4194310,
	4194309,
	4194312,
	4194305);
INSERT INTO SM_CH
	VALUES (4194310,
	4194310,
	4194312,
	4194305,
	'');
INSERT INTO SM_SEME
	VALUES (4194310,
	4194310,
	4194312,
	4194305);
INSERT INTO SM_SEME
	VALUES (4194310,
	4194311,
	4194312,
	4194305);
INSERT INTO SM_NSTXN
	VALUES (4194305,
	4194312,
	4194308,
	4194310,
	4194305);
INSERT INTO SM_TXN
	VALUES (4194305,
	4194312,
	4194309,
	4194305);
INSERT INTO SM_NSTXN
	VALUES (4194306,
	4194312,
	4194308,
	4194308,
	4194305);
INSERT INTO SM_TXN
	VALUES (4194306,
	4194312,
	4194308,
	4194305);
INSERT INTO SM_NSTXN
	VALUES (4194307,
	4194312,
	4194308,
	4194309,
	4194305);
INSERT INTO SM_TXN
	VALUES (4194307,
	4194312,
	4194308,
	4194305);
INSERT INTO SM_NSTXN
	VALUES (4194308,
	4194312,
	4194305,
	4194308,
	4194305);
INSERT INTO SM_TXN
	VALUES (4194308,
	4194312,
	4194308,
	4194305);
INSERT INTO SM_NSTXN
	VALUES (4194309,
	4194312,
	4194305,
	4194309,
	4194305);
INSERT INTO SM_TXN
	VALUES (4194309,
	4194312,
	4194308,
	4194305);
INSERT INTO SM_NSTXN
	VALUES (4194310,
	4194312,
	4194310,
	4194311,
	4194305);
INSERT INTO SM_TXN
	VALUES (4194310,
	4194312,
	4194305,
	4194305);
INSERT INTO SM_NSTXN
	VALUES (4194311,
	4194312,
	4194310,
	4194305,
	4194305);
INSERT INTO SM_TXN
	VALUES (4194311,
	4194312,
	4194310,
	4194305);
INSERT INTO SM_NSTXN
	VALUES (4194312,
	4194312,
	4194310,
	4194306,
	4194306);
INSERT INTO SM_TXN
	VALUES (4194312,
	4194312,
	4194306,
	4194306);
INSERT INTO SM_NSTXN
	VALUES (4194313,
	4194312,
	4194310,
	4194307,
	4194306);
INSERT INTO SM_TXN
	VALUES (4194313,
	4194312,
	4194307,
	4194306);
INSERT INTO SM_MOAH
	VALUES (4194305,
	4194312,
	4194305);
INSERT INTO SM_AH
	VALUES (4194305,
	4194312);
INSERT INTO SM_ACT
	VALUES (4194305,
	4194312,
	1,
	'select one oneor related by self->OR_O[R8] where selected.i == 23;
if ( oneor.i == self.i)
  LOG::LogSuccess(message:"IC9: OQ - select one <sub_inst> related by self-><sun_obj>[REL]") ;
else
  LOG::LogFailure(message:"IC9: OQ - select one <sub_inst> related by self-><sun_obj>[REL]") ; 
end if;

select one oneot related by self->OR_O[R8]->OT[R9] where selected.i == 24;
if ( oneot.i == 24)
  LOG::LogSuccess(message:"IC9: OQ - select one <sub_sup_inst> related by self-><sun_obj>[REL]") ;
else
  LOG::LogFailure(message:"IC9: OQ - select one <sub_sup_inst> related by self-><sun_obj>[REL]") ; 
end if;

assign self.ack_count = 2;
generate OT2:''Verify Rel with Top Supertype''(id:self.oq_id) to oneot;
generate OR_O3:''Verify Rel with Top Supertype''(id:self.oq_id) to oneor;',
	'');
INSERT INTO SM_MOAH
	VALUES (4194306,
	4194312,
	4194306);
INSERT INTO SM_AH
	VALUES (4194306,
	4194312);
INSERT INTO SM_ACT
	VALUES (4194306,
	4194312,
	1,
	'select one ot related by self->OR_O[R8]->OT[R9] where selected.i == 24;
if (ot.ot_id == rcvd_evt.id)
  LOG::LogSuccess(message:"IC9: OQ - Verifying Rel with Bot Supertype Instance") ;
  generate OT5:''Top Supertype Rel OK''() to ot;
else 
  LOG::LogFailure(message:"IC9: OQ - Verifying Rel with Bot Supertype Instance") ;
end if;',
	'');
INSERT INTO SM_MOAH
	VALUES (4194307,
	4194312,
	4194307);
INSERT INTO SM_AH
	VALUES (4194307,
	4194312);
INSERT INTO SM_ACT
	VALUES (4194307,
	4194312,
	1,
	'select one or1 related by self->OR_O[R8] where selected.i == 23;
if (or1.oq_id == rcvd_evt.id)
  LOG::LogSuccess(message:"IC9: OQ - Verifying Rel with Left Subtype Instance") ;
  generate OR_O4:''Top Supertype Rel OK''() to or1;
else 
  LOG::LogFailure(message:"IC9: OQ - Verifying Rel with Left Subtype Instance") ;
end if;',
	'');
INSERT INTO SM_MOAH
	VALUES (4194308,
	4194312,
	4194308);
INSERT INTO SM_AH
	VALUES (4194308,
	4194312);
INSERT INTO SM_ACT
	VALUES (4194308,
	4194312,
	1,
	'assign self.ack_count = self.ack_count -1;
if (self.ack_count == 0)
  generate OQ6:''Finish IC9 Test''() to self;
end if;',
	'');
INSERT INTO SM_MOAH
	VALUES (4194309,
	4194312,
	4194309);
INSERT INTO SM_AH
	VALUES (4194309,
	4194312);
INSERT INTO SM_ACT
	VALUES (4194309,
	4194312,
	1,
	'//delete 
select one orp related by self->OR_O[R8] where selected.i == 23;
select one ot related by self->OR_O[R8]->OT[R9] where selected.i == 24;
unrelate ot from orp across R9;
unrelate orp from self across R8;
delete object instance ot;
delete object instance orp;

//check delete object instance <sub_inst>
select one oneor related by self->OR_O[R8] where selected.i == 23;
if (empty oneor)
   LOG::LogSuccess(message:"IC9: OQ - delete object instance <sub_inst>") ;
else
  LOG::LogFailure(message:"IC9: OQ - delete object instance <sub_inst>") ;
end if;

// check delete object instance <bot_sup_inst> 
select one oneot related by self->OR_O[R8]->OT[R9] where selected.i == 24;
if (empty oneot)
  LOG::LogSuccess(message:"IC9: OQ - delete object instance <bot_sup_inst>") ;
else
  LOG::LogFailure(message:"IC9: OQ - delete object instance <bot_sup_inst>") ;
end if;

//check unrelate object instance <sub_inst> 
if (true)
  create object instance or1 of OR_O;
  relate self to or1 across R8;
  assign oneor = or1;
end if;
unrelate self from oneor across R8;
select one or2 related by self->OR_O[R8] where selected.i == 23;
if (empty or2)
  LOG::LogSuccess(message:"IC9: OQ - unrelate object instance <sub_inst>") ;
else
  LOG::LogFailure(message:"IC9: OQ - unrelate object instance <sub_inst>") ;
end if;
delete object instance oneor;

//check unrelate object instance <bot_sup_inst> 
if (true)
  create object instance or1 of OR_O;
  create object instance ot1 of OT;
  relate self to or1 across R8;
  relate or1 to ot1 across R9;
  assign oneor = or1;
  assign oneot = ot1;
end if;
unrelate oneot from oneor across R9;
select one ot2 related by self->OR_O[R8]->OT[R9] where selected.i == 24;
if (empty ot2)
  LOG::LogSuccess(message:"IC9: OQ - unrelate object instance <bot_sup_inst>") ;
else
  LOG::LogFailure(message:"IC9: OQ - unrelate object instance <bot_sup_inst>") ;
end if;
delete object instance oneot;
delete object instance oneor;

select any driver from instances of ICD;
generate ICD21:''IC9 Test Q Complete''() to driver;',
	'');
INSERT INTO SM_MOAH
	VALUES (4194310,
	4194312,
	4194310);
INSERT INTO SM_AH
	VALUES (4194310,
	4194312);
INSERT INTO SM_ACT
	VALUES (4194310,
	4194312,
	1,
	'
generate OQ7:''Continue IC9 Test''() to self;',
	'');
INSERT INTO GD_MD
	VALUES (4194305,
	8,
	4194312,
	40,
	1,
	0,
	1,
	1,
	0,
	12,
	1600,
	4200,
	1.000000,
	0);
INSERT INTO GD_GE
	VALUES (4194306,
	4194305,
	4194305,
	41);
INSERT INTO GD_SHP
	VALUES (4194306,
	2016,
	1184,
	2272,
	1264);
INSERT INTO GD_GE
	VALUES (4194307,
	4194305,
	4194306,
	41);
INSERT INTO GD_SHP
	VALUES (4194307,
	1664,
	1184,
	1920,
	1264);
INSERT INTO GD_GE
	VALUES (4194308,
	4194305,
	4194307,
	41);
INSERT INTO GD_SHP
	VALUES (4194308,
	2352,
	1184,
	2592,
	1264);
INSERT INTO GD_GE
	VALUES (4194309,
	4194305,
	4194308,
	41);
INSERT INTO GD_SHP
	VALUES (4194309,
	2016,
	1360,
	2272,
	1440);
INSERT INTO GD_GE
	VALUES (4194310,
	4194305,
	4194309,
	41);
INSERT INTO GD_SHP
	VALUES (4194310,
	2016,
	1536,
	2272,
	1616);
INSERT INTO GD_GE
	VALUES (4194311,
	4194305,
	4194310,
	41);
INSERT INTO GD_SHP
	VALUES (4194311,
	2016,
	992,
	2272,
	1072);
INSERT INTO GD_GE
	VALUES (4194312,
	4194305,
	4194308,
	42);
INSERT INTO GD_CON
	VALUES (4194312,
	4194306,
	4194309,
	0);
INSERT INTO GD_CTXT
	VALUES (4194312,
	0,
	0,
	0,
	0,
	0,
	0,
	2112,
	1296,
	2320,
	1332,
	0,
	-1,
	0,
	0,
	0,
	0,
	0,
	0);
INSERT INTO GD_LS
	VALUES (4194313,
	4194312,
	2128,
	1264,
	2128,
	1360,
	0);
INSERT INTO GD_GE
	VALUES (4194314,
	4194305,
	4194306,
	42);
INSERT INTO GD_CON
	VALUES (4194314,
	4194309,
	4194309,
	0);
INSERT INTO GD_CTXT
	VALUES (4194314,
	0,
	0,
	0,
	0,
	0,
	0,
	2305,
	1375,
	2501,
	1417,
	1,
	-10,
	0,
	0,
	0,
	0,
	0,
	0);
INSERT INTO GD_LS
	VALUES (4194315,
	4194314,
	2272,
	1424,
	2320,
	1424,
	0);
INSERT INTO GD_LS
	VALUES (4194316,
	4194314,
	2320,
	1424,
	2320,
	1376,
	4194315);
INSERT INTO GD_LS
	VALUES (4194317,
	4194314,
	2320,
	1376,
	2272,
	1376,
	4194316);
INSERT INTO GD_GE
	VALUES (4194318,
	4194305,
	4194305,
	42);
INSERT INTO GD_CON
	VALUES (4194318,
	4194309,
	4194310,
	0);
INSERT INTO GD_CTXT
	VALUES (4194318,
	0,
	0,
	0,
	0,
	0,
	0,
	2128,
	1472,
	2319,
	1524,
	0,
	-1,
	0,
	0,
	0,
	0,
	0,
	0);
INSERT INTO GD_LS
	VALUES (4194319,
	4194318,
	2144,
	1440,
	2144,
	1536,
	0);
INSERT INTO GD_GE
	VALUES (4194320,
	4194305,
	4194309,
	42);
INSERT INTO GD_CON
	VALUES (4194320,
	4194306,
	4194309,
	0);
INSERT INTO GD_CTXT
	VALUES (4194320,
	0,
	0,
	0,
	0,
	0,
	0,
	1843,
	1297,
	2024,
	1337,
	-173,
	0,
	0,
	0,
	0,
	0,
	0,
	0);
INSERT INTO GD_LS
	VALUES (4194321,
	4194320,
	2032,
	1264,
	2032,
	1360,
	0);
INSERT INTO GD_GE
	VALUES (4194322,
	4194305,
	4194307,
	42);
INSERT INTO GD_CON
	VALUES (4194322,
	4194309,
	4194309,
	0);
INSERT INTO GD_CTXT
	VALUES (4194322,
	0,
	0,
	0,
	0,
	0,
	0,
	1800,
	1384,
	1960,
	1423,
	-152,
	-1,
	0,
	0,
	0,
	0,
	0,
	0);
INSERT INTO GD_LS
	VALUES (4194323,
	4194322,
	2016,
	1424,
	1968,
	1424,
	0);
INSERT INTO GD_LS
	VALUES (4194324,
	4194322,
	1968,
	1424,
	1968,
	1376,
	4194323);
INSERT INTO GD_LS
	VALUES (4194325,
	4194322,
	1968,
	1376,
	2016,
	1376,
	4194324);
INSERT INTO GD_GE
	VALUES (4194326,
	4194305,
	4194311,
	42);
INSERT INTO GD_CON
	VALUES (4194326,
	4194311,
	4194311,
	0);
INSERT INTO GD_CTXT
	VALUES (4194326,
	0,
	0,
	0,
	0,
	0,
	0,
	2229,
	921,
	2464,
	956,
	-74,
	2,
	0,
	0,
	0,
	0,
	0,
	0);
INSERT INTO GD_LS
	VALUES (4194327,
	4194326,
	2272,
	1024,
	2336,
	1024,
	0);
INSERT INTO GD_LS
	VALUES (4194328,
	4194326,
	2336,
	1024,
	2336,
	944,
	4194327);
INSERT INTO GD_LS
	VALUES (4194329,
	4194326,
	2336,
	944,
	2224,
	944,
	4194328);
INSERT INTO GD_LS
	VALUES (4194330,
	4194326,
	2224,
	944,
	2224,
	992,
	4194329);
INSERT INTO GD_GE
	VALUES (4194331,
	4194305,
	4194310,
	42);
INSERT INTO GD_CON
	VALUES (4194331,
	4194311,
	4194306,
	0);
INSERT INTO GD_CTXT
	VALUES (4194331,
	0,
	0,
	0,
	0,
	0,
	0,
	2130,
	1118,
	2296,
	1156,
	18,
	5,
	0,
	0,
	0,
	0,
	0,
	0);
INSERT INTO GD_LS
	VALUES (4194332,
	4194331,
	2128,
	1072,
	2128,
	1184,
	0);
INSERT INTO GD_GE
	VALUES (4194333,
	4194305,
	4194312,
	42);
INSERT INTO GD_CON
	VALUES (4194333,
	4194311,
	4194307,
	0);
INSERT INTO GD_CTXT
	VALUES (4194333,
	0,
	0,
	0,
	0,
	0,
	0,
	1703,
	1041,
	1852,
	1089,
	-128,
	32,
	0,
	0,
	0,
	0,
	0,
	0);
INSERT INTO GD_LS
	VALUES (4194334,
	4194333,
	2016,
	1024,
	1856,
	1024,
	0);
INSERT INTO GD_LS
	VALUES (4194335,
	4194333,
	1856,
	1024,
	1856,
	1184,
	4194334);
INSERT INTO GD_GE
	VALUES (4194336,
	4194305,
	4194313,
	42);
INSERT INTO GD_CON
	VALUES (4194336,
	4194311,
	4194308,
	0);
INSERT INTO GD_CTXT
	VALUES (4194336,
	0,
	0,
	0,
	0,
	0,
	0,
	2405,
	1080,
	2591,
	1122,
	30,
	39,
	0,
	0,
	0,
	0,
	0,
	0);
INSERT INTO GD_LS
	VALUES (4194337,
	4194336,
	2272,
	1056,
	2400,
	1056,
	0);
INSERT INTO GD_LS
	VALUES (4194338,
	4194336,
	2400,
	1056,
	2400,
	1184,
	4194337);
INSERT INTO O_OBJ
	VALUES (1048583,
	'Object R Left Subtype',
	23,
	'OR_O',
	'',
	1048578);
INSERT INTO O_REF
	VALUES (1048583,
	1048582,
	0,
	1048591,
	1048578,
	1048581,
	1048580,
	1048595,
	1048579,
	0,
	0,
	'');
INSERT INTO O_RATTR
	VALUES (1048595,
	1048583,
	1048591,
	1048582,
	1);
INSERT INTO O_ATTR
	VALUES (1048595,
	1048583,
	0,
	'oq_id',
	'',
	'',
	'oq_id',
	0,
	524296);
INSERT INTO O_REF
	VALUES (1048583,
	1048585,
	0,
	1048602,
	1048579,
	1048584,
	1048583,
	1048596,
	1048585,
	0,
	0,
	'');
INSERT INTO O_RATTR
	VALUES (1048596,
	1048583,
	1048602,
	1048585,
	1);
INSERT INTO O_ATTR
	VALUES (1048596,
	1048583,
	1048595,
	'ot_id',
	'',
	'',
	'ot_id',
	0,
	524296);
INSERT INTO O_NBATTR
	VALUES (1048597,
	1048583);
INSERT INTO O_BATTR
	VALUES (1048597,
	1048583);
INSERT INTO O_ATTR
	VALUES (1048597,
	1048583,
	1048596,
	'i',
	'',
	'',
	'i',
	0,
	524291);
INSERT INTO O_NBATTR
	VALUES (1048598,
	1048583);
INSERT INTO O_BATTR
	VALUES (1048598,
	1048583);
INSERT INTO O_ATTR
	VALUES (1048598,
	1048583,
	1048597,
	'ack_count',
	'',
	'',
	'ack_count',
	0,
	524291);
INSERT INTO O_NBATTR
	VALUES (1048599,
	1048583);
INSERT INTO O_BATTR
	VALUES (1048599,
	1048583);
INSERT INTO O_ATTR
	VALUES (1048599,
	1048583,
	1048598,
	'current_state',
	'',
	'',
	'current_state',
	0,
	524295);
INSERT INTO O_ID
	VALUES (0,
	1048583);
INSERT INTO O_OIDA
	VALUES (1048595,
	1048583,
	0);
INSERT INTO O_ID
	VALUES (1,
	1048583);
INSERT INTO O_OIDA
	VALUES (1048596,
	1048583,
	1);
INSERT INTO SM_ISM
	VALUES (4718601,
	1048583);
INSERT INTO SM_SM
	VALUES (4718601,
	'',
	9);
INSERT INTO SM_MOORE
	VALUES (4718601);
INSERT INTO SM_EVTDI
	VALUES (4718593,
	4718601,
	'id',
	'',
	524294);
INSERT INTO SM_SUPDT
	VALUES (4718593,
	4718601,
	0);
INSERT INTO SM_SUPDT
	VALUES (4718594,
	4718601,
	0);
INSERT INTO SM_SDI
	VALUES (4718593,
	4718594,
	4718601);
INSERT INTO SM_STATE
	VALUES (4718593,
	4718601,
	4718593,
	'Starting IC9 Test',
	2,
	0);
INSERT INTO SM_LEVT
	VALUES (4718593,
	4718601,
	4718593);
INSERT INTO SM_SEVT
	VALUES (4718593,
	4718601,
	4718593);
INSERT INTO SM_EVT
	VALUES (4718593,
	4718601,
	4718593,
	1,
	'Start IC9 Test',
	0,
	'',
	'OR_O1',
	'');
INSERT INTO SM_EIGN
	VALUES (4718593,
	4718593,
	4718601,
	4718593,
	'');
INSERT INTO SM_SEME
	VALUES (4718593,
	4718593,
	4718601,
	4718593);
INSERT INTO SM_LEVT
	VALUES (4718594,
	4718601,
	4718594);
INSERT INTO SM_SEVT
	VALUES (4718594,
	4718601,
	4718594);
INSERT INTO SM_EVT
	VALUES (4718594,
	4718601,
	4718594,
	2,
	'Verify Rel with Bot Supertype',
	0,
	'',
	'OR_O2',
	'');
INSERT INTO SM_EIGN
	VALUES (4718593,
	4718594,
	4718601,
	4718594,
	'');
INSERT INTO SM_SEME
	VALUES (4718593,
	4718594,
	4718601,
	4718594);
INSERT INTO SM_LEVT
	VALUES (4718595,
	4718601,
	4718594);
INSERT INTO SM_SEVT
	VALUES (4718595,
	4718601,
	4718594);
INSERT INTO SM_EVT
	VALUES (4718595,
	4718601,
	4718594,
	3,
	'Verify Rel with Top Supertype',
	0,
	'',
	'OR_O3',
	'');
INSERT INTO SM_EIGN
	VALUES (4718593,
	4718595,
	4718601,
	4718594,
	'');
INSERT INTO SM_SEME
	VALUES (4718593,
	4718595,
	4718601,
	4718594);
INSERT INTO SM_LEVT
	VALUES (4718596,
	4718601,
	4718593);
INSERT INTO SM_SEVT
	VALUES (4718596,
	4718601,
	4718593);
INSERT INTO SM_EVT
	VALUES (4718596,
	4718601,
	4718593,
	4,
	'Top Supertype Rel OK',
	0,
	'',
	'OR_O4',
	'');
INSERT INTO SM_SEME
	VALUES (4718593,
	4718596,
	4718601,
	4718593);
INSERT INTO SM_LEVT
	VALUES (4718597,
	4718601,
	4718593);
INSERT INTO SM_SEVT
	VALUES (4718597,
	4718601,
	4718593);
INSERT INTO SM_EVT
	VALUES (4718597,
	4718601,
	4718593,
	5,
	'Bot Supertype Rel OK',
	0,
	'',
	'OR_O5',
	'');
INSERT INTO SM_SEME
	VALUES (4718593,
	4718597,
	4718601,
	4718593);
INSERT INTO SM_LEVT
	VALUES (4718598,
	4718601,
	4718593);
INSERT INTO SM_SEVT
	VALUES (4718598,
	4718601,
	4718593);
INSERT INTO SM_EVT
	VALUES (4718598,
	4718601,
	4718593,
	6,
	'Finish IC9 Test',
	0,
	'',
	'OR_O6',
	'');
INSERT INTO SM_CH
	VALUES (4718593,
	4718598,
	4718601,
	4718593,
	'');
INSERT INTO SM_SEME
	VALUES (4718593,
	4718598,
	4718601,
	4718593);
INSERT INTO SM_LEVT
	VALUES (4718599,
	4718601,
	4718593);
INSERT INTO SM_SEVT
	VALUES (4718599,
	4718601,
	4718593);
INSERT INTO SM_EVT
	VALUES (4718599,
	4718601,
	4718593,
	7,
	'Continue IC9 Test',
	0,
	'',
	'OR_O7',
	'');
INSERT INTO SM_CH
	VALUES (4718593,
	4718599,
	4718601,
	4718593,
	'');
INSERT INTO SM_SEME
	VALUES (4718593,
	4718599,
	4718601,
	4718593);
INSERT INTO SM_STATE
	VALUES (4718594,
	4718601,
	4718594,
	'Verifying Rel with Bot Supertype',
	3,
	0);
INSERT INTO SM_CH
	VALUES (4718594,
	4718593,
	4718601,
	4718593,
	'');
INSERT INTO SM_SEME
	VALUES (4718594,
	4718593,
	4718601,
	4718593);
INSERT INTO SM_CH
	VALUES (4718594,
	4718594,
	4718601,
	4718594,
	'');
INSERT INTO SM_SEME
	VALUES (4718594,
	4718594,
	4718601,
	4718594);
INSERT INTO SM_CH
	VALUES (4718594,
	4718595,
	4718601,
	4718594,
	'');
INSERT INTO SM_SEME
	VALUES (4718594,
	4718595,
	4718601,
	4718594);
INSERT INTO SM_CH
	VALUES (4718594,
	4718596,
	4718601,
	4718593,
	'');
INSERT INTO SM_SEME
	VALUES (4718594,
	4718596,
	4718601,
	4718593);
INSERT INTO SM_CH
	VALUES (4718594,
	4718597,
	4718601,
	4718593,
	'');
INSERT INTO SM_SEME
	VALUES (4718594,
	4718597,
	4718601,
	4718593);
INSERT INTO SM_CH
	VALUES (4718594,
	4718598,
	4718601,
	4718593,
	'');
INSERT INTO SM_SEME
	VALUES (4718594,
	4718598,
	4718601,
	4718593);
INSERT INTO SM_CH
	VALUES (4718594,
	4718599,
	4718601,
	4718593,
	'');
INSERT INTO SM_SEME
	VALUES (4718594,
	4718599,
	4718601,
	4718593);
INSERT INTO SM_STATE
	VALUES (4718595,
	4718601,
	4718594,
	'Verifying Rel with Top Subtype',
	4,
	0);
INSERT INTO SM_CH
	VALUES (4718595,
	4718593,
	4718601,
	4718593,
	'');
INSERT INTO SM_SEME
	VALUES (4718595,
	4718593,
	4718601,
	4718593);
INSERT INTO SM_CH
	VALUES (4718595,
	4718594,
	4718601,
	4718594,
	'');
INSERT INTO SM_SEME
	VALUES (4718595,
	4718594,
	4718601,
	4718594);
INSERT INTO SM_CH
	VALUES (4718595,
	4718595,
	4718601,
	4718594,
	'');
INSERT INTO SM_SEME
	VALUES (4718595,
	4718595,
	4718601,
	4718594);
INSERT INTO SM_CH
	VALUES (4718595,
	4718596,
	4718601,
	4718593,
	'');
INSERT INTO SM_SEME
	VALUES (4718595,
	4718596,
	4718601,
	4718593);
INSERT INTO SM_CH
	VALUES (4718595,
	4718597,
	4718601,
	4718593,
	'');
INSERT INTO SM_SEME
	VALUES (4718595,
	4718597,
	4718601,
	4718593);
INSERT INTO SM_CH
	VALUES (4718595,
	4718598,
	4718601,
	4718593,
	'');
INSERT INTO SM_SEME
	VALUES (4718595,
	4718598,
	4718601,
	4718593);
INSERT INTO SM_CH
	VALUES (4718595,
	4718599,
	4718601,
	4718593,
	'');
INSERT INTO SM_SEME
	VALUES (4718595,
	4718599,
	4718601,
	4718593);
INSERT INTO SM_STATE
	VALUES (4718596,
	4718601,
	4718593,
	'Waiting for Acks',
	5,
	0);
INSERT INTO SM_CH
	VALUES (4718596,
	4718593,
	4718601,
	4718593,
	'');
INSERT INTO SM_SEME
	VALUES (4718596,
	4718593,
	4718601,
	4718593);
INSERT INTO SM_EIGN
	VALUES (4718596,
	4718594,
	4718601,
	4718594,
	'');
INSERT INTO SM_SEME
	VALUES (4718596,
	4718594,
	4718601,
	4718594);
INSERT INTO SM_CH
	VALUES (4718596,
	4718595,
	4718601,
	4718594,
	'');
INSERT INTO SM_SEME
	VALUES (4718596,
	4718595,
	4718601,
	4718594);
INSERT INTO SM_SEME
	VALUES (4718596,
	4718596,
	4718601,
	4718593);
INSERT INTO SM_SEME
	VALUES (4718596,
	4718597,
	4718601,
	4718593);
INSERT INTO SM_SEME
	VALUES (4718596,
	4718598,
	4718601,
	4718593);
INSERT INTO SM_CH
	VALUES (4718596,
	4718599,
	4718601,
	4718593,
	'');
INSERT INTO SM_SEME
	VALUES (4718596,
	4718599,
	4718601,
	4718593);
INSERT INTO SM_STATE
	VALUES (4718597,
	4718601,
	4718593,
	'Finishing IC9 Test',
	6,
	1);
INSERT INTO SM_CH
	VALUES (4718597,
	4718593,
	4718601,
	4718593,
	'');
INSERT INTO SM_SEME
	VALUES (4718597,
	4718593,
	4718601,
	4718593);
INSERT INTO SM_CH
	VALUES (4718597,
	4718594,
	4718601,
	4718594,
	'');
INSERT INTO SM_SEME
	VALUES (4718597,
	4718594,
	4718601,
	4718594);
INSERT INTO SM_CH
	VALUES (4718597,
	4718595,
	4718601,
	4718594,
	'');
INSERT INTO SM_SEME
	VALUES (4718597,
	4718595,
	4718601,
	4718594);
INSERT INTO SM_CH
	VALUES (4718597,
	4718596,
	4718601,
	4718593,
	'');
INSERT INTO SM_SEME
	VALUES (4718597,
	4718596,
	4718601,
	4718593);
INSERT INTO SM_CH
	VALUES (4718597,
	4718597,
	4718601,
	4718593,
	'');
INSERT INTO SM_SEME
	VALUES (4718597,
	4718597,
	4718601,
	4718593);
INSERT INTO SM_CH
	VALUES (4718597,
	4718598,
	4718601,
	4718593,
	'');
INSERT INTO SM_SEME
	VALUES (4718597,
	4718598,
	4718601,
	4718593);
INSERT INTO SM_CH
	VALUES (4718597,
	4718599,
	4718601,
	4718593,
	'');
INSERT INTO SM_SEME
	VALUES (4718597,
	4718599,
	4718601,
	4718593);
INSERT INTO SM_STATE
	VALUES (4718598,
	4718601,
	4718593,
	'Initial State',
	1,
	0);
INSERT INTO SM_SEME
	VALUES (4718598,
	4718593,
	4718601,
	4718593);
INSERT INTO SM_SEME
	VALUES (4718598,
	4718594,
	4718601,
	4718594);
INSERT INTO SM_SEME
	VALUES (4718598,
	4718595,
	4718601,
	4718594);
INSERT INTO SM_CH
	VALUES (4718598,
	4718596,
	4718601,
	4718593,
	'');
INSERT INTO SM_SEME
	VALUES (4718598,
	4718596,
	4718601,
	4718593);
INSERT INTO SM_CH
	VALUES (4718598,
	4718597,
	4718601,
	4718593,
	'');
INSERT INTO SM_SEME
	VALUES (4718598,
	4718597,
	4718601,
	4718593);
INSERT INTO SM_CH
	VALUES (4718598,
	4718598,
	4718601,
	4718593,
	'');
INSERT INTO SM_SEME
	VALUES (4718598,
	4718598,
	4718601,
	4718593);
INSERT INTO SM_SEME
	VALUES (4718598,
	4718599,
	4718601,
	4718593);
INSERT INTO SM_NSTXN
	VALUES (4718593,
	4718601,
	4718596,
	4718598,
	4718593);
INSERT INTO SM_TXN
	VALUES (4718593,
	4718601,
	4718597,
	4718593);
INSERT INTO SM_NSTXN
	VALUES (4718594,
	4718601,
	4718596,
	4718596,
	4718593);
INSERT INTO SM_TXN
	VALUES (4718594,
	4718601,
	4718596,
	4718593);
INSERT INTO SM_NSTXN
	VALUES (4718595,
	4718601,
	4718596,
	4718597,
	4718593);
INSERT INTO SM_TXN
	VALUES (4718595,
	4718601,
	4718596,
	4718593);
INSERT INTO SM_NSTXN
	VALUES (4718596,
	4718601,
	4718593,
	4718596,
	4718593);
INSERT INTO SM_TXN
	VALUES (4718596,
	4718601,
	4718596,
	4718593);
INSERT INTO SM_NSTXN
	VALUES (4718597,
	4718601,
	4718593,
	4718597,
	4718593);
INSERT INTO SM_TXN
	VALUES (4718597,
	4718601,
	4718596,
	4718593);
INSERT INTO SM_NSTXN
	VALUES (4718598,
	4718601,
	4718598,
	4718595,
	4718594);
INSERT INTO SM_TXN
	VALUES (4718598,
	4718601,
	4718595,
	4718594);
INSERT INTO SM_NSTXN
	VALUES (4718599,
	4718601,
	4718598,
	4718599,
	4718593);
INSERT INTO SM_TXN
	VALUES (4718599,
	4718601,
	4718593,
	4718593);
INSERT INTO SM_NSTXN
	VALUES (4718600,
	4718601,
	4718598,
	4718593,
	4718593);
INSERT INTO SM_TXN
	VALUES (4718600,
	4718601,
	4718598,
	4718593);
INSERT INTO SM_NSTXN
	VALUES (4718601,
	4718601,
	4718598,
	4718594,
	4718594);
INSERT INTO SM_TXN
	VALUES (4718601,
	4718601,
	4718594,
	4718594);
INSERT INTO SM_MOAH
	VALUES (4718593,
	4718601,
	4718593);
INSERT INTO SM_AH
	VALUES (4718593,
	4718601);
INSERT INTO SM_ACT
	VALUES (4718593,
	4718601,
	1,
	'select one oneoq related by self->OQ[R8] where selected.i == 23;
if ( oneoq.i == 23)
  LOG::LogSuccess(message:"IC9: OR - select one <top_sup_inst> related by self-><top_sup_obj>[REL]") ;
else
  LOG::LogFailure(message:"IC9: OR - select one <top_sup_inst> related by self-><top_sup_obj>[REL]") ; 
end if;

select one oneot related by self->OT[R9] where selected.i == 24;
if ( oneot.i == 24)
  LOG::LogSuccess(message:"IC9: OR - select one <bot_sup_inst> related by self-><bot_sup_obj>[REL]") ;
else
  LOG::LogFailure(message:"IC9: OR - select one <bot_sup_inst> related by self-><bot_sup_obj>[REL]") ; 
end if;

assign self.ack_count = 2;
generate OT3:''Verify Rel with Left Subtype''(id:self.ot_id) to oneot;
generate OQ3:''Verify Rel with Left Subtype''(id:self.oq_id) to oneoq;',
	'');
INSERT INTO SM_MOAH
	VALUES (4718594,
	4718601,
	4718594);
INSERT INTO SM_AH
	VALUES (4718594,
	4718601);
INSERT INTO SM_ACT
	VALUES (4718594,
	4718601,
	1,
	'select one ot related by self->OT[R9] where selected.i == 24;
if (ot.ot_id == rcvd_evt.id)
  LOG::LogSuccess(message:"IC9: OR - Verifying Rel with Bot Supertype Instance") ;
  generate OT4:''Left Subtype Rel OK''() to ot;
else 
  LOG::LogFailure(message:"IC9: OR - Verifying Rel with Bot Supertype Instance") ;
end if;',
	'');
INSERT INTO SM_MOAH
	VALUES (4718595,
	4718601,
	4718595);
INSERT INTO SM_AH
	VALUES (4718595,
	4718601);
INSERT INTO SM_ACT
	VALUES (4718595,
	4718601,
	1,
	'select one oq related by self->OQ[R8] where selected.i == 23;
if (oq.oq_id == rcvd_evt.id)
  LOG::LogSuccess(message:"IC9: OR - Verifying Rel with Top Supertype Instance") ;
  generate OQ4:''Left Subtype Rel OK''() to oq;
else 
  LOG::LogFailure(message:"IC9: OR - Verifying Rel with Top Supertype Instance") ;
end if;',
	'');
INSERT INTO SM_MOAH
	VALUES (4718596,
	4718601,
	4718596);
INSERT INTO SM_AH
	VALUES (4718596,
	4718601);
INSERT INTO SM_ACT
	VALUES (4718596,
	4718601,
	1,
	'assign self.ack_count = self.ack_count -1;
if (self.ack_count == 0)
  generate OR_O6:''Finish IC9 Test''() to self;
end if;',
	'');
INSERT INTO SM_MOAH
	VALUES (4718597,
	4718601,
	4718597);
INSERT INTO SM_AH
	VALUES (4718597,
	4718601);
INSERT INTO SM_ACT
	VALUES (4718597,
	4718601,
	1,
	'//delete 
select one oq related by self->OQ[R8] where selected.i == 23;
select one ot related by self->OT[R9] where selected.i == 24;
unrelate ot from self across R9;
unrelate oq from self across R8;
delete object instance ot;
delete object instance oq;

//check delete object instance <top_sup_inst>
select one oq related by self->OQ[R8] where selected.i == 23;
if (empty oq)
  LOG::LogSuccess(message:"IC9: OR - delete object instance <top_sup_inst>") ;
else
  LOG::LogFailure(message:"IC9: OR - delete object instance <top_sup_inst>") ;
end if;

// check delete object instance <bot_sup_inst> 
select one ot related by self->OT[R9] where selected.i == 24;
if (empty ot)
  LOG::LogSuccess(message:"IC9: OR - delete object instance <bot_sup_inst>") ;
else
  LOG::LogFailure(message:"IC9: OR - delete object instance <bot_sup_inst>") ;
end if;

//check unrelate object instance <top_sup_inst> 
if (true)
  create object instance oq1 of OQ;
  relate self to oq1 across R8;
  assign oq = oq1;
end if;
unrelate self from oq across R8;
select one oq2 related by self->OQ[R8] where selected.i == 23; 
if (empty oq2)
  LOG::LogSuccess(message:"IC9: OR - unrelate object instance <top_sup_inst>") ;
else
  LOG::LogFailure(message:"IC9: OR - unrelate object instance <top_sup_inst>") ;
end if;
delete object instance oq;

//check unrelate object instance <bot_sup_inst> 
if (true)
  create object instance ot1 of OT;
  relate self to ot1 across R9;
  assign ot = ot1;
end if;
unrelate self from ot across R9;
select one ot2 related by self->OT[R9] where selected.i == 24;
if (empty ot2)
  LOG::LogSuccess(message:"IC9: OR - unrelate object instance <bot_sup_inst>") ;
else
  LOG::LogFailure(message:"IC9: OR - unrelate object instance <bot_sup_inst>") ;
end if;
delete object instance ot;

select any driver from instances of ICD;
generate ICD22:''IC9 Test R Complete''() to driver;',
	'');
INSERT INTO SM_MOAH
	VALUES (4718598,
	4718601,
	4718598);
INSERT INTO SM_AH
	VALUES (4718598,
	4718601);
INSERT INTO SM_ACT
	VALUES (4718598,
	4718601,
	1,
	'
generate OR_O7:''Continue IC9 Test''() to self;
',
	'');
INSERT INTO GD_MD
	VALUES (4718593,
	8,
	4718601,
	40,
	1,
	0,
	1,
	1,
	0,
	12,
	1600,
	4200,
	1.000000,
	0);
INSERT INTO GD_GE
	VALUES (4718594,
	4718593,
	4718593,
	41);
INSERT INTO GD_SHP
	VALUES (4718594,
	2016,
	1184,
	2272,
	1264);
INSERT INTO GD_GE
	VALUES (4718595,
	4718593,
	4718594,
	41);
INSERT INTO GD_SHP
	VALUES (4718595,
	1664,
	1184,
	1920,
	1264);
INSERT INTO GD_GE
	VALUES (4718596,
	4718593,
	4718595,
	41);
INSERT INTO GD_SHP
	VALUES (4718596,
	2352,
	1184,
	2592,
	1264);
INSERT INTO GD_GE
	VALUES (4718597,
	4718593,
	4718596,
	41);
INSERT INTO GD_SHP
	VALUES (4718597,
	2016,
	1360,
	2272,
	1440);
INSERT INTO GD_GE
	VALUES (4718598,
	4718593,
	4718597,
	41);
INSERT INTO GD_SHP
	VALUES (4718598,
	2016,
	1536,
	2272,
	1616);
INSERT INTO GD_GE
	VALUES (4718599,
	4718593,
	4718598,
	41);
INSERT INTO GD_SHP
	VALUES (4718599,
	2016,
	960,
	2272,
	1056);
INSERT INTO GD_GE
	VALUES (4718600,
	4718593,
	4718596,
	42);
INSERT INTO GD_CON
	VALUES (4718600,
	4718594,
	4718597,
	0);
INSERT INTO GD_CTXT
	VALUES (4718600,
	0,
	0,
	0,
	0,
	0,
	0,
	2112,
	1296,
	2320,
	1332,
	0,
	-1,
	0,
	0,
	0,
	0,
	0,
	0);
INSERT INTO GD_LS
	VALUES (4718601,
	4718600,
	2128,
	1264,
	2128,
	1360,
	0);
INSERT INTO GD_GE
	VALUES (4718602,
	4718593,
	4718594,
	42);
INSERT INTO GD_CON
	VALUES (4718602,
	4718597,
	4718597,
	0);
INSERT INTO GD_CTXT
	VALUES (4718602,
	0,
	0,
	0,
	0,
	0,
	0,
	2305,
	1375,
	2501,
	1417,
	1,
	-10,
	0,
	0,
	0,
	0,
	0,
	0);
INSERT INTO GD_LS
	VALUES (4718603,
	4718602,
	2272,
	1424,
	2320,
	1424,
	0);
INSERT INTO GD_LS
	VALUES (4718604,
	4718602,
	2320,
	1424,
	2320,
	1376,
	4718603);
INSERT INTO GD_LS
	VALUES (4718605,
	4718602,
	2320,
	1376,
	2272,
	1376,
	4718604);
INSERT INTO GD_GE
	VALUES (4718606,
	4718593,
	4718593,
	42);
INSERT INTO GD_CON
	VALUES (4718606,
	4718597,
	4718598,
	0);
INSERT INTO GD_CTXT
	VALUES (4718606,
	0,
	0,
	0,
	0,
	0,
	0,
	2128,
	1472,
	2319,
	1524,
	0,
	-1,
	0,
	0,
	0,
	0,
	0,
	0);
INSERT INTO GD_LS
	VALUES (4718607,
	4718606,
	2144,
	1440,
	2144,
	1536,
	0);
INSERT INTO GD_GE
	VALUES (4718608,
	4718593,
	4718597,
	42);
INSERT INTO GD_CON
	VALUES (4718608,
	4718594,
	4718597,
	0);
INSERT INTO GD_CTXT
	VALUES (4718608,
	0,
	0,
	0,
	0,
	0,
	0,
	1843,
	1297,
	2024,
	1337,
	-173,
	0,
	0,
	0,
	0,
	0,
	0,
	0);
INSERT INTO GD_LS
	VALUES (4718609,
	4718608,
	2032,
	1264,
	2032,
	1360,
	0);
INSERT INTO GD_GE
	VALUES (4718610,
	4718593,
	4718595,
	42);
INSERT INTO GD_CON
	VALUES (4718610,
	4718597,
	4718597,
	0);
INSERT INTO GD_CTXT
	VALUES (4718610,
	0,
	0,
	0,
	0,
	0,
	0,
	1800,
	1384,
	1960,
	1423,
	-152,
	-1,
	0,
	0,
	0,
	0,
	0,
	0);
INSERT INTO GD_LS
	VALUES (4718611,
	4718610,
	2016,
	1424,
	1968,
	1424,
	0);
INSERT INTO GD_LS
	VALUES (4718612,
	4718610,
	1968,
	1424,
	1968,
	1376,
	4718611);
INSERT INTO GD_LS
	VALUES (4718613,
	4718610,
	1968,
	1376,
	2016,
	1376,
	4718612);
INSERT INTO GD_GE
	VALUES (4718614,
	4718593,
	4718600,
	42);
INSERT INTO GD_CON
	VALUES (4718614,
	4718599,
	4718599,
	0);
INSERT INTO GD_CTXT
	VALUES (4718614,
	0,
	0,
	0,
	0,
	0,
	0,
	2315,
	923,
	2494,
	972,
	12,
	36,
	0,
	0,
	0,
	0,
	0,
	0);
INSERT INTO GD_LS
	VALUES (4718615,
	4718614,
	2272,
	1008,
	2336,
	1008,
	0);
INSERT INTO GD_LS
	VALUES (4718616,
	4718614,
	2336,
	1008,
	2336,
	912,
	4718615);
INSERT INTO GD_LS
	VALUES (4718617,
	4718614,
	2336,
	912,
	2208,
	912,
	4718616);
INSERT INTO GD_LS
	VALUES (4718618,
	4718614,
	2208,
	912,
	2208,
	960,
	4718617);
INSERT INTO GD_GE
	VALUES (4718619,
	4718593,
	4718598,
	42);
INSERT INTO GD_CON
	VALUES (4718619,
	4718599,
	4718596,
	0);
INSERT INTO GD_CTXT
	VALUES (4718619,
	0,
	0,
	0,
	0,
	0,
	0,
	2453,
	1055,
	2623,
	1101,
	46,
	40,
	0,
	0,
	0,
	0,
	0,
	0);
INSERT INTO GD_LS
	VALUES (4718620,
	4718619,
	2272,
	1040,
	2448,
	1040,
	0);
INSERT INTO GD_LS
	VALUES (4718621,
	4718619,
	2448,
	1040,
	2448,
	1184,
	4718620);
INSERT INTO GD_GE
	VALUES (4718622,
	4718593,
	4718599,
	42);
INSERT INTO GD_CON
	VALUES (4718622,
	4718599,
	4718594,
	0);
INSERT INTO GD_CTXT
	VALUES (4718622,
	0,
	0,
	0,
	0,
	0,
	0,
	2112,
	1104,
	2312,
	1139,
	0,
	-1,
	0,
	0,
	0,
	0,
	0,
	0);
INSERT INTO GD_LS
	VALUES (4718623,
	4718622,
	2128,
	1056,
	2128,
	1184,
	0);
INSERT INTO GD_GE
	VALUES (4718624,
	4718593,
	4718601,
	42);
INSERT INTO GD_CON
	VALUES (4718624,
	4718599,
	4718595,
	0);
INSERT INTO GD_CTXT
	VALUES (4718624,
	0,
	0,
	0,
	0,
	0,
	0,
	1695,
	1069,
	1887,
	1125,
	-152,
	44,
	0,
	0,
	0,
	0,
	0,
	0);
INSERT INTO GD_LS
	VALUES (4718625,
	4718624,
	2016,
	1040,
	1872,
	1040,
	0);
INSERT INTO GD_LS
	VALUES (4718626,
	4718624,
	1872,
	1040,
	1872,
	1184,
	4718625);
INSERT INTO O_OBJ
	VALUES (1048584,
	'Object S Right Subtype',
	24,
	'OS',
	'',
	1048578);
INSERT INTO O_REF
	VALUES (1048584,
	1048582,
	0,
	1048591,
	1048578,
	1048582,
	1048580,
	1048600,
	1048580,
	0,
	0,
	'');
INSERT INTO O_RATTR
	VALUES (1048600,
	1048584,
	1048591,
	1048582,
	1);
INSERT INTO O_ATTR
	VALUES (1048600,
	1048584,
	0,
	'oq_id',
	'',
	'',
	'oq_id',
	0,
	524296);
INSERT INTO O_REF
	VALUES (1048584,
	1048585,
	0,
	1048602,
	1048579,
	1048585,
	1048583,
	1048601,
	1048586,
	0,
	0,
	'');
INSERT INTO O_RATTR
	VALUES (1048601,
	1048584,
	1048602,
	1048585,
	1);
INSERT INTO O_ATTR
	VALUES (1048601,
	1048584,
	1048600,
	'ot_id',
	'',
	'',
	'ot_id',
	0,
	524296);
INSERT INTO O_ID
	VALUES (0,
	1048584);
INSERT INTO O_OIDA
	VALUES (1048600,
	1048584,
	0);
INSERT INTO O_ID
	VALUES (1,
	1048584);
INSERT INTO O_OIDA
	VALUES (1048601,
	1048584,
	1);
INSERT INTO O_OBJ
	VALUES (1048585,
	'Object T Bottom Supertype',
	25,
	'OT',
	'',
	1048578);
INSERT INTO O_NBATTR
	VALUES (1048602,
	1048585);
INSERT INTO O_BATTR
	VALUES (1048602,
	1048585);
INSERT INTO O_ATTR
	VALUES (1048602,
	1048585,
	0,
	'ot_id',
	'',
	'',
	'ot_id',
	0,
	524294);
INSERT INTO O_NBATTR
	VALUES (1048603,
	1048585);
INSERT INTO O_BATTR
	VALUES (1048603,
	1048585);
INSERT INTO O_ATTR
	VALUES (1048603,
	1048585,
	1048602,
	'i',
	'',
	'',
	'i',
	0,
	524291);
INSERT INTO O_NBATTR
	VALUES (1048604,
	1048585);
INSERT INTO O_BATTR
	VALUES (1048604,
	1048585);
INSERT INTO O_ATTR
	VALUES (1048604,
	1048585,
	1048603,
	'ack_count',
	'',
	'',
	'ack_count',
	0,
	524291);
INSERT INTO O_NBATTR
	VALUES (1048605,
	1048585);
INSERT INTO O_BATTR
	VALUES (1048605,
	1048585);
INSERT INTO O_ATTR
	VALUES (1048605,
	1048585,
	1048604,
	'current_state',
	'',
	'',
	'current_state',
	0,
	524295);
INSERT INTO O_ID
	VALUES (0,
	1048585);
INSERT INTO O_OIDA
	VALUES (1048602,
	1048585,
	0);
INSERT INTO O_RTIDA
	VALUES (1048602,
	1048585,
	0,
	1048579,
	1048583);
INSERT INTO SM_ISM
	VALUES (5242890,
	1048585);
INSERT INTO SM_SM
	VALUES (5242890,
	'',
	10);
INSERT INTO SM_MOORE
	VALUES (5242890);
INSERT INTO SM_EVTDI
	VALUES (5242881,
	5242890,
	'id',
	'',
	524294);
INSERT INTO SM_SUPDT
	VALUES (5242881,
	5242890,
	0);
INSERT INTO SM_SUPDT
	VALUES (5242882,
	5242890,
	0);
INSERT INTO SM_SDI
	VALUES (5242881,
	5242882,
	5242890);
INSERT INTO SM_STATE
	VALUES (5242881,
	5242890,
	5242881,
	'Starting IC9 Test',
	6,
	0);
INSERT INTO SM_LEVT
	VALUES (5242881,
	5242890,
	5242881);
INSERT INTO SM_SEVT
	VALUES (5242881,
	5242890,
	5242881);
INSERT INTO SM_EVT
	VALUES (5242881,
	5242890,
	5242881,
	1,
	'Start IC9 Test',
	0,
	'',
	'OT1',
	'');
INSERT INTO SM_EIGN
	VALUES (5242881,
	5242881,
	5242890,
	5242881,
	'');
INSERT INTO SM_SEME
	VALUES (5242881,
	5242881,
	5242890,
	5242881);
INSERT INTO SM_LEVT
	VALUES (5242882,
	5242890,
	5242882);
INSERT INTO SM_SEVT
	VALUES (5242882,
	5242890,
	5242882);
INSERT INTO SM_EVT
	VALUES (5242882,
	5242890,
	5242882,
	2,
	'Verify Rel with Top Supertype',
	0,
	'',
	'OT2',
	'');
INSERT INTO SM_EIGN
	VALUES (5242881,
	5242882,
	5242890,
	5242882,
	'');
INSERT INTO SM_SEME
	VALUES (5242881,
	5242882,
	5242890,
	5242882);
INSERT INTO SM_LEVT
	VALUES (5242883,
	5242890,
	5242882);
INSERT INTO SM_SEVT
	VALUES (5242883,
	5242890,
	5242882);
INSERT INTO SM_EVT
	VALUES (5242883,
	5242890,
	5242882,
	3,
	'Verify Rel with Left Subtype',
	0,
	'',
	'OT3',
	'');
INSERT INTO SM_EIGN
	VALUES (5242881,
	5242883,
	5242890,
	5242882,
	'');
INSERT INTO SM_SEME
	VALUES (5242881,
	5242883,
	5242890,
	5242882);
INSERT INTO SM_LEVT
	VALUES (5242884,
	5242890,
	5242881);
INSERT INTO SM_SEVT
	VALUES (5242884,
	5242890,
	5242881);
INSERT INTO SM_EVT
	VALUES (5242884,
	5242890,
	5242881,
	4,
	'Left Subtype Rel OK',
	0,
	'',
	'OT4',
	'');
INSERT INTO SM_SEME
	VALUES (5242881,
	5242884,
	5242890,
	5242881);
INSERT INTO SM_LEVT
	VALUES (5242885,
	5242890,
	5242881);
INSERT INTO SM_SEVT
	VALUES (5242885,
	5242890,
	5242881);
INSERT INTO SM_EVT
	VALUES (5242885,
	5242890,
	5242881,
	5,
	'Top Supertype Rel OK',
	0,
	'',
	'OT5',
	'');
INSERT INTO SM_SEME
	VALUES (5242881,
	5242885,
	5242890,
	5242881);
INSERT INTO SM_LEVT
	VALUES (5242886,
	5242890,
	5242881);
INSERT INTO SM_SEVT
	VALUES (5242886,
	5242890,
	5242881);
INSERT INTO SM_EVT
	VALUES (5242886,
	5242890,
	5242881,
	6,
	'Finish IC9 Test',
	0,
	'',
	'OT6',
	'');
INSERT INTO SM_CH
	VALUES (5242881,
	5242886,
	5242890,
	5242881,
	'');
INSERT INTO SM_SEME
	VALUES (5242881,
	5242886,
	5242890,
	5242881);
INSERT INTO SM_LEVT
	VALUES (5242887,
	5242890,
	5242881);
INSERT INTO SM_SEVT
	VALUES (5242887,
	5242890,
	5242881);
INSERT INTO SM_EVT
	VALUES (5242887,
	5242890,
	5242881,
	7,
	'Continue IC9 Test',
	0,
	'',
	'OT7',
	'');
INSERT INTO SM_CH
	VALUES (5242881,
	5242887,
	5242890,
	5242881,
	'');
INSERT INTO SM_SEME
	VALUES (5242881,
	5242887,
	5242890,
	5242881);
INSERT INTO SM_STATE
	VALUES (5242882,
	5242890,
	5242882,
	'Verifying Rel with Top Supertype',
	2,
	0);
INSERT INTO SM_CH
	VALUES (5242882,
	5242881,
	5242890,
	5242881,
	'');
INSERT INTO SM_SEME
	VALUES (5242882,
	5242881,
	5242890,
	5242881);
INSERT INTO SM_CH
	VALUES (5242882,
	5242882,
	5242890,
	5242882,
	'');
INSERT INTO SM_SEME
	VALUES (5242882,
	5242882,
	5242890,
	5242882);
INSERT INTO SM_CH
	VALUES (5242882,
	5242883,
	5242890,
	5242882,
	'');
INSERT INTO SM_SEME
	VALUES (5242882,
	5242883,
	5242890,
	5242882);
INSERT INTO SM_CH
	VALUES (5242882,
	5242884,
	5242890,
	5242881,
	'');
INSERT INTO SM_SEME
	VALUES (5242882,
	5242884,
	5242890,
	5242881);
INSERT INTO SM_CH
	VALUES (5242882,
	5242885,
	5242890,
	5242881,
	'');
INSERT INTO SM_SEME
	VALUES (5242882,
	5242885,
	5242890,
	5242881);
INSERT INTO SM_CH
	VALUES (5242882,
	5242886,
	5242890,
	5242881,
	'');
INSERT INTO SM_SEME
	VALUES (5242882,
	5242886,
	5242890,
	5242881);
INSERT INTO SM_CH
	VALUES (5242882,
	5242887,
	5242890,
	5242881,
	'');
INSERT INTO SM_SEME
	VALUES (5242882,
	5242887,
	5242890,
	5242881);
INSERT INTO SM_STATE
	VALUES (5242883,
	5242890,
	5242882,
	'Verifying Rel with Left Subtype',
	3,
	0);
INSERT INTO SM_CH
	VALUES (5242883,
	5242881,
	5242890,
	5242881,
	'');
INSERT INTO SM_SEME
	VALUES (5242883,
	5242881,
	5242890,
	5242881);
INSERT INTO SM_CH
	VALUES (5242883,
	5242882,
	5242890,
	5242882,
	'');
INSERT INTO SM_SEME
	VALUES (5242883,
	5242882,
	5242890,
	5242882);
INSERT INTO SM_CH
	VALUES (5242883,
	5242883,
	5242890,
	5242882,
	'');
INSERT INTO SM_SEME
	VALUES (5242883,
	5242883,
	5242890,
	5242882);
INSERT INTO SM_CH
	VALUES (5242883,
	5242884,
	5242890,
	5242881,
	'');
INSERT INTO SM_SEME
	VALUES (5242883,
	5242884,
	5242890,
	5242881);
INSERT INTO SM_CH
	VALUES (5242883,
	5242885,
	5242890,
	5242881,
	'');
INSERT INTO SM_SEME
	VALUES (5242883,
	5242885,
	5242890,
	5242881);
INSERT INTO SM_CH
	VALUES (5242883,
	5242886,
	5242890,
	5242881,
	'');
INSERT INTO SM_SEME
	VALUES (5242883,
	5242886,
	5242890,
	5242881);
INSERT INTO SM_CH
	VALUES (5242883,
	5242887,
	5242890,
	5242881,
	'');
INSERT INTO SM_SEME
	VALUES (5242883,
	5242887,
	5242890,
	5242881);
INSERT INTO SM_STATE
	VALUES (5242884,
	5242890,
	5242881,
	'Waiting for Acks',
	4,
	0);
INSERT INTO SM_CH
	VALUES (5242884,
	5242881,
	5242890,
	5242881,
	'');
INSERT INTO SM_SEME
	VALUES (5242884,
	5242881,
	5242890,
	5242881);
INSERT INTO SM_EIGN
	VALUES (5242884,
	5242882,
	5242890,
	5242882,
	'');
INSERT INTO SM_SEME
	VALUES (5242884,
	5242882,
	5242890,
	5242882);
INSERT INTO SM_CH
	VALUES (5242884,
	5242883,
	5242890,
	5242882,
	'');
INSERT INTO SM_SEME
	VALUES (5242884,
	5242883,
	5242890,
	5242882);
INSERT INTO SM_SEME
	VALUES (5242884,
	5242884,
	5242890,
	5242881);
INSERT INTO SM_SEME
	VALUES (5242884,
	5242885,
	5242890,
	5242881);
INSERT INTO SM_SEME
	VALUES (5242884,
	5242886,
	5242890,
	5242881);
INSERT INTO SM_CH
	VALUES (5242884,
	5242887,
	5242890,
	5242881,
	'');
INSERT INTO SM_SEME
	VALUES (5242884,
	5242887,
	5242890,
	5242881);
INSERT INTO SM_STATE
	VALUES (5242885,
	5242890,
	5242881,
	'Finishing IC9 Test',
	5,
	1);
INSERT INTO SM_CH
	VALUES (5242885,
	5242881,
	5242890,
	5242881,
	'');
INSERT INTO SM_SEME
	VALUES (5242885,
	5242881,
	5242890,
	5242881);
INSERT INTO SM_CH
	VALUES (5242885,
	5242882,
	5242890,
	5242882,
	'');
INSERT INTO SM_SEME
	VALUES (5242885,
	5242882,
	5242890,
	5242882);
INSERT INTO SM_CH
	VALUES (5242885,
	5242883,
	5242890,
	5242882,
	'');
INSERT INTO SM_SEME
	VALUES (5242885,
	5242883,
	5242890,
	5242882);
INSERT INTO SM_CH
	VALUES (5242885,
	5242884,
	5242890,
	5242881,
	'');
INSERT INTO SM_SEME
	VALUES (5242885,
	5242884,
	5242890,
	5242881);
INSERT INTO SM_CH
	VALUES (5242885,
	5242885,
	5242890,
	5242881,
	'');
INSERT INTO SM_SEME
	VALUES (5242885,
	5242885,
	5242890,
	5242881);
INSERT INTO SM_CH
	VALUES (5242885,
	5242886,
	5242890,
	5242881,
	'');
INSERT INTO SM_SEME
	VALUES (5242885,
	5242886,
	5242890,
	5242881);
INSERT INTO SM_CH
	VALUES (5242885,
	5242887,
	5242890,
	5242881,
	'');
INSERT INTO SM_SEME
	VALUES (5242885,
	5242887,
	5242890,
	5242881);
INSERT INTO SM_STATE
	VALUES (5242886,
	5242890,
	5242881,
	'Initial State',
	1,
	0);
INSERT INTO SM_SEME
	VALUES (5242886,
	5242881,
	5242890,
	5242881);
INSERT INTO SM_SEME
	VALUES (5242886,
	5242882,
	5242890,
	5242882);
INSERT INTO SM_SEME
	VALUES (5242886,
	5242883,
	5242890,
	5242882);
INSERT INTO SM_CH
	VALUES (5242886,
	5242884,
	5242890,
	5242881,
	'');
INSERT INTO SM_SEME
	VALUES (5242886,
	5242884,
	5242890,
	5242881);
INSERT INTO SM_CH
	VALUES (5242886,
	5242885,
	5242890,
	5242881,
	'');
INSERT INTO SM_SEME
	VALUES (5242886,
	5242885,
	5242890,
	5242881);
INSERT INTO SM_CH
	VALUES (5242886,
	5242886,
	5242890,
	5242881,
	'');
INSERT INTO SM_SEME
	VALUES (5242886,
	5242886,
	5242890,
	5242881);
INSERT INTO SM_SEME
	VALUES (5242886,
	5242887,
	5242890,
	5242881);
INSERT INTO SM_NSTXN
	VALUES (5242881,
	5242890,
	5242884,
	5242886,
	5242881);
INSERT INTO SM_TXN
	VALUES (5242881,
	5242890,
	5242885,
	5242881);
INSERT INTO SM_NSTXN
	VALUES (5242882,
	5242890,
	5242884,
	5242884,
	5242881);
INSERT INTO SM_TXN
	VALUES (5242882,
	5242890,
	5242884,
	5242881);
INSERT INTO SM_NSTXN
	VALUES (5242883,
	5242890,
	5242884,
	5242885,
	5242881);
INSERT INTO SM_TXN
	VALUES (5242883,
	5242890,
	5242884,
	5242881);
INSERT INTO SM_NSTXN
	VALUES (5242884,
	5242890,
	5242881,
	5242884,
	5242881);
INSERT INTO SM_TXN
	VALUES (5242884,
	5242890,
	5242884,
	5242881);
INSERT INTO SM_NSTXN
	VALUES (5242885,
	5242890,
	5242881,
	5242885,
	5242881);
INSERT INTO SM_TXN
	VALUES (5242885,
	5242890,
	5242884,
	5242881);
INSERT INTO SM_NSTXN
	VALUES (5242886,
	5242890,
	5242886,
	5242883,
	5242882);
INSERT INTO SM_TXN
	VALUES (5242886,
	5242890,
	5242883,
	5242882);
INSERT INTO SM_NSTXN
	VALUES (5242887,
	5242890,
	5242886,
	5242882,
	5242882);
INSERT INTO SM_TXN
	VALUES (5242887,
	5242890,
	5242882,
	5242882);
INSERT INTO SM_NSTXN
	VALUES (5242888,
	5242890,
	5242886,
	5242881,
	5242881);
INSERT INTO SM_TXN
	VALUES (5242888,
	5242890,
	5242886,
	5242881);
INSERT INTO SM_NSTXN
	VALUES (5242889,
	5242890,
	5242886,
	5242887,
	5242881);
INSERT INTO SM_TXN
	VALUES (5242889,
	5242890,
	5242881,
	5242881);
INSERT INTO SM_MOAH
	VALUES (5242881,
	5242890,
	5242881);
INSERT INTO SM_AH
	VALUES (5242881,
	5242890);
INSERT INTO SM_ACT
	VALUES (5242881,
	5242890,
	1,
	'select one oneor related by self->OR_O[R9] where selected.i == 23;
if ( oneor.i == 23)
  LOG::LogSuccess(message:"IC9: OT - select one <sub_inst> related by self-><sub_obj>[REL]") ;
else
  LOG::LogFailure(message:"IC9: OT - select one <sub_inst> related by self-><sub_obj>[REL]") ; 
end if;

select one oneoq related by self->OR_O[R9]->OQ[R8] where selected.i == 23;
if ( oneoq.i == 23)
  LOG::LogSuccess(message:"IC9: OT - select one <sub_sup_inst> related by self-><sub_obj>[REL]-><sup_obj>[REL]") ;
else
  LOG::LogFailure(message:"IC9: OT - select one <sub_sup_inst> related by self-><sub_obj>[REL]-><sup_obj>[REL]") ; 
end if;

assign self.ack_count = 2;
generate OQ2:''Verify Rel with Bot Supertype''(id:self.ot_id) to oneoq;
generate OR_O2:''Verify Rel with Bot Supertype''(id:self.ot_id) to oneor;',
	'');
INSERT INTO SM_MOAH
	VALUES (5242882,
	5242890,
	5242882);
INSERT INTO SM_AH
	VALUES (5242882,
	5242890);
INSERT INTO SM_ACT
	VALUES (5242882,
	5242890,
	1,
	'select one oq related by self->OR_O[R9]->OQ[R8] where selected.i == 23;
if (oq.oq_id == rcvd_evt.id)
  LOG::LogSuccess(message:"IC9: OT - Verifying Rel with Top Supertype Instance") ;
  generate OQ5:''Bot Supertype Rel OK''() to oq;
else 
  LOG::LogFailure(message:"IC9: OT - Verifying Rel with Top  Supertype Instance") ;
end if;',
	'');
INSERT INTO SM_MOAH
	VALUES (5242883,
	5242890,
	5242883);
INSERT INTO SM_AH
	VALUES (5242883,
	5242890);
INSERT INTO SM_ACT
	VALUES (5242883,
	5242890,
	1,
	'select one or1 related by self->OR_O[R9] where selected.i == 23;
if (or1.ot_id == rcvd_evt.id)
  LOG::LogSuccess(message:"IC9: OT - Verifying Rel with Left Subtype Instance") ;
  generate OR_O5:''Bot Supertype Rel OK''() to or1;
else 
  LOG::LogFailure(message:"IC9: OT - Verifying Rel with Left Subtype Instance") ;
end if;',
	'');
INSERT INTO SM_MOAH
	VALUES (5242884,
	5242890,
	5242884);
INSERT INTO SM_AH
	VALUES (5242884,
	5242890);
INSERT INTO SM_ACT
	VALUES (5242884,
	5242890,
	1,
	'assign self.ack_count = self.ack_count -1;
if (self.ack_count == 0)
  generate OT6:''Finish IC9 Test''() to self;
end if;',
	'');
INSERT INTO SM_MOAH
	VALUES (5242885,
	5242890,
	5242885);
INSERT INTO SM_AH
	VALUES (5242885,
	5242890);
INSERT INTO SM_ACT
	VALUES (5242885,
	5242890,
	1,
	'//delete 
select one orp related by self->OR_O[R9] where selected.i == 23;
select one oq related by self->OR_O[R9]->OQ[R8] where selected.i == 23;
unrelate oq from orp across R8;
unrelate orp from self across R9;
delete object instance oq;
delete object instance orp;

//check delete object instance <sub_inst>
select one orp related by self->OR_O[R9] where selected.i == 23;
if (empty orp)
  LOG::LogSuccess(message:"IC9: OT - delete object instance <sub_inst>") ;
else
  LOG::LogFailure(message:"IC9: OT - delete object instance <sub_inst>") ;
end if;

// check delete object instance <bot_sup_inst> 
select one oq related by self->OR_O[R9]->OQ[R8] where selected.i == 23;
if (empty oq)
  LOG::LogSuccess(message:"IC9: OT - delete object instance <top_sup_inst>") ;
else
  LOG::LogFailure(message:"IC9: OT - delete object instance <top_sup_inst>") ;
end if;

//check unrelate object instance <sub_inst> 
if ( true)
  create object instance or1 of OR_O;
  assign or1.i = 23;
  relate self to or1 across R9;
  assign orp = or1;
end if;
unrelate self from orp across R9;
select one or2 related by self->OR_O[R9] where selected.i == 23;
if (empty or2)
  LOG::LogSuccess(message:"IC9: OT - unrelate object instance <sub_inst>") ;
else
  LOG::LogFailure(message:"IC9: OT - unrelate object instance <sub_inst>") ;
end if;
delete object instance orp;

//check unrelate object instance <bot_sup_inst> 
if ( true )
  create object instance or1 of OR_O;
  assign or1.i = 23;
  create object instance oq1 of OQ;
  assign oq1.i = 23;
  relate self to or1 across R9;
  relate or1 to oq1 across R8;
  assign orp = or1;
  assign oq = oq1;
end if;
unrelate oq from orp across R8;
select one oq2 related by self->OR_O[R9]->OQ[R8] where selected.i == 23;
if (empty oq2)
  LOG::LogSuccess(message:"IC9: OT - unrelate object instance <top_sup_inst>") ;
else
  LOG::LogFailure(message:"IC9: OT - unrelate object instance <top_sup_inst>") ;
end if;
delete object instance oq;
delete object instance orp;

select any driver from instances of ICD;
generate ICD23:''IC9 Test T Complete''() to driver;',
	'');
INSERT INTO SM_MOAH
	VALUES (5242886,
	5242890,
	5242886);
INSERT INTO SM_AH
	VALUES (5242886,
	5242890);
INSERT INTO SM_ACT
	VALUES (5242886,
	5242890,
	1,
	'
generate OT7:''Continue IC9 Test''() to self;
',
	'');
INSERT INTO GD_MD
	VALUES (5242881,
	8,
	5242890,
	40,
	1,
	0,
	1,
	1,
	0,
	12,
	1600,
	4200,
	1.000000,
	0);
INSERT INTO GD_GE
	VALUES (5242882,
	5242881,
	5242881,
	41);
INSERT INTO GD_SHP
	VALUES (5242882,
	2016,
	1184,
	2272,
	1264);
INSERT INTO GD_GE
	VALUES (5242883,
	5242881,
	5242882,
	41);
INSERT INTO GD_SHP
	VALUES (5242883,
	1664,
	1184,
	1920,
	1264);
INSERT INTO GD_GE
	VALUES (5242884,
	5242881,
	5242883,
	41);
INSERT INTO GD_SHP
	VALUES (5242884,
	2352,
	1184,
	2592,
	1264);
INSERT INTO GD_GE
	VALUES (5242885,
	5242881,
	5242884,
	41);
INSERT INTO GD_SHP
	VALUES (5242885,
	2016,
	1360,
	2272,
	1440);
INSERT INTO GD_GE
	VALUES (5242886,
	5242881,
	5242885,
	41);
INSERT INTO GD_SHP
	VALUES (5242886,
	2016,
	1536,
	2272,
	1616);
INSERT INTO GD_GE
	VALUES (5242887,
	5242881,
	5242886,
	41);
INSERT INTO GD_SHP
	VALUES (5242887,
	2016,
	960,
	2288,
	1056);
INSERT INTO GD_GE
	VALUES (5242888,
	5242881,
	5242884,
	42);
INSERT INTO GD_CON
	VALUES (5242888,
	5242882,
	5242885,
	0);
INSERT INTO GD_CTXT
	VALUES (5242888,
	0,
	0,
	0,
	0,
	0,
	0,
	2112,
	1296,
	2320,
	1332,
	0,
	-1,
	0,
	0,
	0,
	0,
	0,
	0);
INSERT INTO GD_LS
	VALUES (5242889,
	5242888,
	2128,
	1264,
	2128,
	1360,
	0);
INSERT INTO GD_GE
	VALUES (5242890,
	5242881,
	5242882,
	42);
INSERT INTO GD_CON
	VALUES (5242890,
	5242885,
	5242885,
	0);
INSERT INTO GD_CTXT
	VALUES (5242890,
	0,
	0,
	0,
	0,
	0,
	0,
	2305,
	1375,
	2501,
	1417,
	1,
	-10,
	0,
	0,
	0,
	0,
	0,
	0);
INSERT INTO GD_LS
	VALUES (5242891,
	5242890,
	2272,
	1424,
	2320,
	1424,
	0);
INSERT INTO GD_LS
	VALUES (5242892,
	5242890,
	2320,
	1424,
	2320,
	1376,
	5242891);
INSERT INTO GD_LS
	VALUES (5242893,
	5242890,
	2320,
	1376,
	2272,
	1376,
	5242892);
INSERT INTO GD_GE
	VALUES (5242894,
	5242881,
	5242881,
	42);
INSERT INTO GD_CON
	VALUES (5242894,
	5242885,
	5242886,
	0);
INSERT INTO GD_CTXT
	VALUES (5242894,
	0,
	0,
	0,
	0,
	0,
	0,
	2128,
	1472,
	2319,
	1524,
	0,
	-1,
	0,
	0,
	0,
	0,
	0,
	0);
INSERT INTO GD_LS
	VALUES (5242895,
	5242894,
	2144,
	1440,
	2144,
	1536,
	0);
INSERT INTO GD_GE
	VALUES (5242896,
	5242881,
	5242885,
	42);
INSERT INTO GD_CON
	VALUES (5242896,
	5242882,
	5242885,
	0);
INSERT INTO GD_CTXT
	VALUES (5242896,
	0,
	0,
	0,
	0,
	0,
	0,
	1843,
	1297,
	2024,
	1337,
	-173,
	0,
	0,
	0,
	0,
	0,
	0,
	0);
INSERT INTO GD_LS
	VALUES (5242897,
	5242896,
	2032,
	1264,
	2032,
	1360,
	0);
INSERT INTO GD_GE
	VALUES (5242898,
	5242881,
	5242883,
	42);
INSERT INTO GD_CON
	VALUES (5242898,
	5242885,
	5242885,
	0);
INSERT INTO GD_CTXT
	VALUES (5242898,
	0,
	0,
	0,
	0,
	0,
	0,
	1800,
	1384,
	1960,
	1423,
	-152,
	-1,
	0,
	0,
	0,
	0,
	0,
	0);
INSERT INTO GD_LS
	VALUES (5242899,
	5242898,
	2016,
	1424,
	1968,
	1424,
	0);
INSERT INTO GD_LS
	VALUES (5242900,
	5242898,
	1968,
	1424,
	1968,
	1376,
	5242899);
INSERT INTO GD_LS
	VALUES (5242901,
	5242898,
	1968,
	1376,
	2016,
	1376,
	5242900);
INSERT INTO GD_GE
	VALUES (5242902,
	5242881,
	5242889,
	42);
INSERT INTO GD_CON
	VALUES (5242902,
	5242887,
	5242882,
	0);
INSERT INTO GD_CTXT
	VALUES (5242902,
	0,
	0,
	0,
	0,
	0,
	0,
	2112,
	1104,
	2303,
	1137,
	0,
	-1,
	0,
	0,
	0,
	0,
	0,
	0);
INSERT INTO GD_LS
	VALUES (5242903,
	5242902,
	2128,
	1056,
	2128,
	1184,
	0);
INSERT INTO GD_GE
	VALUES (5242904,
	5242881,
	5242887,
	42);
INSERT INTO GD_CON
	VALUES (5242904,
	5242887,
	5242883,
	0);
INSERT INTO GD_CTXT
	VALUES (5242904,
	0,
	0,
	0,
	0,
	0,
	0,
	1759,
	973,
	1930,
	1009,
	-56,
	-20,
	0,
	0,
	0,
	0,
	0,
	0);
INSERT INTO GD_LS
	VALUES (5242905,
	5242904,
	2016,
	1008,
	1840,
	1008,
	0);
INSERT INTO GD_LS
	VALUES (5242906,
	5242904,
	1840,
	1008,
	1840,
	1184,
	5242905);
INSERT INTO GD_GE
	VALUES (5242907,
	5242881,
	5242886,
	42);
INSERT INTO GD_CON
	VALUES (5242907,
	5242887,
	5242884,
	0);
INSERT INTO GD_CTXT
	VALUES (5242907,
	0,
	0,
	0,
	0,
	0,
	0,
	2422,
	1026,
	2624,
	1064,
	22,
	9,
	0,
	0,
	0,
	0,
	0,
	0);
INSERT INTO GD_LS
	VALUES (5242908,
	5242907,
	2288,
	1008,
	2416,
	1008,
	0);
INSERT INTO GD_LS
	VALUES (5242909,
	5242907,
	2416,
	1008,
	2416,
	1184,
	5242908);
INSERT INTO GD_GE
	VALUES (5242910,
	5242881,
	5242888,
	42);
INSERT INTO GD_CON
	VALUES (5242910,
	5242887,
	5242887,
	0);
INSERT INTO GD_CTXT
	VALUES (5242910,
	0,
	0,
	0,
	0,
	0,
	0,
	2284,
	886,
	2425,
	926,
	-19,
	-1,
	0,
	0,
	0,
	0,
	0,
	0);
INSERT INTO GD_LS
	VALUES (5242911,
	5242910,
	2288,
	976,
	2352,
	976,
	0);
INSERT INTO GD_LS
	VALUES (5242912,
	5242910,
	2352,
	976,
	2352,
	912,
	5242911);
INSERT INTO GD_LS
	VALUES (5242913,
	5242910,
	2352,
	912,
	2224,
	912,
	5242912);
INSERT INTO GD_LS
	VALUES (5242914,
	5242910,
	2224,
	912,
	2224,
	960,
	5242913);
INSERT INTO O_OBJ
	VALUES (1048586,
	'Object U 1st Supertype',
	26,
	'OU',
	'',
	1048578);
INSERT INTO O_NBATTR
	VALUES (1048606,
	1048586);
INSERT INTO O_BATTR
	VALUES (1048606,
	1048586);
INSERT INTO O_ATTR
	VALUES (1048606,
	1048586,
	0,
	'ou_id',
	'',
	'',
	'ou_id',
	0,
	524294);
INSERT INTO O_NBATTR
	VALUES (1048607,
	1048586);
INSERT INTO O_BATTR
	VALUES (1048607,
	1048586);
INSERT INTO O_ATTR
	VALUES (1048607,
	1048586,
	1048606,
	'i',
	'',
	'',
	'i',
	0,
	524291);
INSERT INTO O_NBATTR
	VALUES (1048608,
	1048586);
INSERT INTO O_BATTR
	VALUES (1048608,
	1048586);
INSERT INTO O_ATTR
	VALUES (1048608,
	1048586,
	1048607,
	'ack_count',
	'',
	'',
	'ack_count',
	0,
	524291);
INSERT INTO O_NBATTR
	VALUES (1048609,
	1048586);
INSERT INTO O_BATTR
	VALUES (1048609,
	1048586);
INSERT INTO O_ATTR
	VALUES (1048609,
	1048586,
	1048608,
	'current_state',
	'',
	'',
	'current_state',
	0,
	524295);
INSERT INTO O_ID
	VALUES (0,
	1048586);
INSERT INTO O_OIDA
	VALUES (1048606,
	1048586,
	0);
INSERT INTO O_RTIDA
	VALUES (1048606,
	1048586,
	0,
	1048580,
	1048586);
INSERT INTO SM_ISM
	VALUES (5767179,
	1048586);
INSERT INTO SM_SM
	VALUES (5767179,
	'',
	11);
INSERT INTO SM_MOORE
	VALUES (5767179);
INSERT INTO SM_EVTDI
	VALUES (5767169,
	5767179,
	'id',
	'',
	524294);
INSERT INTO SM_SUPDT
	VALUES (5767169,
	5767179,
	0);
INSERT INTO SM_SUPDT
	VALUES (5767170,
	5767179,
	0);
INSERT INTO SM_SDI
	VALUES (5767169,
	5767170,
	5767179);
INSERT INTO SM_STATE
	VALUES (5767169,
	5767179,
	5767169,
	'Starting IC10 Test',
	2,
	0);
INSERT INTO SM_LEVT
	VALUES (5767169,
	5767179,
	5767169);
INSERT INTO SM_SEVT
	VALUES (5767169,
	5767179,
	5767169);
INSERT INTO SM_EVT
	VALUES (5767169,
	5767179,
	5767169,
	1,
	'Start IC10 Test',
	0,
	'',
	'OU1',
	'');
INSERT INTO SM_EIGN
	VALUES (5767169,
	5767169,
	5767179,
	5767169,
	'');
INSERT INTO SM_SEME
	VALUES (5767169,
	5767169,
	5767179,
	5767169);
INSERT INTO SM_LEVT
	VALUES (5767170,
	5767179,
	5767170);
INSERT INTO SM_SEVT
	VALUES (5767170,
	5767179,
	5767170);
INSERT INTO SM_EVT
	VALUES (5767170,
	5767179,
	5767170,
	2,
	'Verify Rel with 2nd Supertype',
	0,
	'',
	'OU2',
	'');
INSERT INTO SM_EIGN
	VALUES (5767169,
	5767170,
	5767179,
	5767170,
	'');
INSERT INTO SM_SEME
	VALUES (5767169,
	5767170,
	5767179,
	5767170);
INSERT INTO SM_LEVT
	VALUES (5767171,
	5767179,
	5767170);
INSERT INTO SM_SEVT
	VALUES (5767171,
	5767179,
	5767170);
INSERT INTO SM_EVT
	VALUES (5767171,
	5767179,
	5767170,
	3,
	'Verify Rel with Subtype',
	0,
	'',
	'OU3',
	'');
INSERT INTO SM_EIGN
	VALUES (5767169,
	5767171,
	5767179,
	5767170,
	'');
INSERT INTO SM_SEME
	VALUES (5767169,
	5767171,
	5767179,
	5767170);
INSERT INTO SM_LEVT
	VALUES (5767172,
	5767179,
	5767169);
INSERT INTO SM_SEVT
	VALUES (5767172,
	5767179,
	5767169);
INSERT INTO SM_EVT
	VALUES (5767172,
	5767179,
	5767169,
	4,
	'Subtype Rel OK',
	0,
	'',
	'OU4',
	'');
INSERT INTO SM_SEME
	VALUES (5767169,
	5767172,
	5767179,
	5767169);
INSERT INTO SM_LEVT
	VALUES (5767173,
	5767179,
	5767169);
INSERT INTO SM_SEVT
	VALUES (5767173,
	5767179,
	5767169);
INSERT INTO SM_EVT
	VALUES (5767173,
	5767179,
	5767169,
	5,
	'2nd Supertype Rel OK',
	0,
	'',
	'OU5',
	'');
INSERT INTO SM_SEME
	VALUES (5767169,
	5767173,
	5767179,
	5767169);
INSERT INTO SM_LEVT
	VALUES (5767174,
	5767179,
	5767169);
INSERT INTO SM_SEVT
	VALUES (5767174,
	5767179,
	5767169);
INSERT INTO SM_EVT
	VALUES (5767174,
	5767179,
	5767169,
	6,
	'Finish IC10 Test',
	0,
	'',
	'OU6',
	'');
INSERT INTO SM_CH
	VALUES (5767169,
	5767174,
	5767179,
	5767169,
	'');
INSERT INTO SM_SEME
	VALUES (5767169,
	5767174,
	5767179,
	5767169);
INSERT INTO SM_LEVT
	VALUES (5767175,
	5767179,
	5767169);
INSERT INTO SM_SEVT
	VALUES (5767175,
	5767179,
	5767169);
INSERT INTO SM_EVT
	VALUES (5767175,
	5767179,
	5767169,
	7,
	'Continue IC10 Test',
	0,
	'',
	'OU7',
	'');
INSERT INTO SM_CH
	VALUES (5767169,
	5767175,
	5767179,
	5767169,
	'');
INSERT INTO SM_SEME
	VALUES (5767169,
	5767175,
	5767179,
	5767169);
INSERT INTO SM_STATE
	VALUES (5767170,
	5767179,
	5767170,
	'Verifying Rel with 2nd Supertype',
	3,
	0);
INSERT INTO SM_CH
	VALUES (5767170,
	5767169,
	5767179,
	5767169,
	'');
INSERT INTO SM_SEME
	VALUES (5767170,
	5767169,
	5767179,
	5767169);
INSERT INTO SM_CH
	VALUES (5767170,
	5767170,
	5767179,
	5767170,
	'');
INSERT INTO SM_SEME
	VALUES (5767170,
	5767170,
	5767179,
	5767170);
INSERT INTO SM_CH
	VALUES (5767170,
	5767171,
	5767179,
	5767170,
	'');
INSERT INTO SM_SEME
	VALUES (5767170,
	5767171,
	5767179,
	5767170);
INSERT INTO SM_CH
	VALUES (5767170,
	5767172,
	5767179,
	5767169,
	'');
INSERT INTO SM_SEME
	VALUES (5767170,
	5767172,
	5767179,
	5767169);
INSERT INTO SM_CH
	VALUES (5767170,
	5767173,
	5767179,
	5767169,
	'');
INSERT INTO SM_SEME
	VALUES (5767170,
	5767173,
	5767179,
	5767169);
INSERT INTO SM_CH
	VALUES (5767170,
	5767174,
	5767179,
	5767169,
	'');
INSERT INTO SM_SEME
	VALUES (5767170,
	5767174,
	5767179,
	5767169);
INSERT INTO SM_CH
	VALUES (5767170,
	5767175,
	5767179,
	5767169,
	'');
INSERT INTO SM_SEME
	VALUES (5767170,
	5767175,
	5767179,
	5767169);
INSERT INTO SM_STATE
	VALUES (5767171,
	5767179,
	5767170,
	'Verifying Rel with Subtype',
	4,
	0);
INSERT INTO SM_CH
	VALUES (5767171,
	5767169,
	5767179,
	5767169,
	'');
INSERT INTO SM_SEME
	VALUES (5767171,
	5767169,
	5767179,
	5767169);
INSERT INTO SM_CH
	VALUES (5767171,
	5767170,
	5767179,
	5767170,
	'');
INSERT INTO SM_SEME
	VALUES (5767171,
	5767170,
	5767179,
	5767170);
INSERT INTO SM_CH
	VALUES (5767171,
	5767171,
	5767179,
	5767170,
	'');
INSERT INTO SM_SEME
	VALUES (5767171,
	5767171,
	5767179,
	5767170);
INSERT INTO SM_CH
	VALUES (5767171,
	5767172,
	5767179,
	5767169,
	'');
INSERT INTO SM_SEME
	VALUES (5767171,
	5767172,
	5767179,
	5767169);
INSERT INTO SM_CH
	VALUES (5767171,
	5767173,
	5767179,
	5767169,
	'');
INSERT INTO SM_SEME
	VALUES (5767171,
	5767173,
	5767179,
	5767169);
INSERT INTO SM_CH
	VALUES (5767171,
	5767174,
	5767179,
	5767169,
	'');
INSERT INTO SM_SEME
	VALUES (5767171,
	5767174,
	5767179,
	5767169);
INSERT INTO SM_CH
	VALUES (5767171,
	5767175,
	5767179,
	5767169,
	'');
INSERT INTO SM_SEME
	VALUES (5767171,
	5767175,
	5767179,
	5767169);
INSERT INTO SM_STATE
	VALUES (5767172,
	5767179,
	5767169,
	'Waiting for Acks',
	5,
	0);
INSERT INTO SM_CH
	VALUES (5767172,
	5767169,
	5767179,
	5767169,
	'');
INSERT INTO SM_SEME
	VALUES (5767172,
	5767169,
	5767179,
	5767169);
INSERT INTO SM_EIGN
	VALUES (5767172,
	5767170,
	5767179,
	5767170,
	'');
INSERT INTO SM_SEME
	VALUES (5767172,
	5767170,
	5767179,
	5767170);
INSERT INTO SM_CH
	VALUES (5767172,
	5767171,
	5767179,
	5767170,
	'');
INSERT INTO SM_SEME
	VALUES (5767172,
	5767171,
	5767179,
	5767170);
INSERT INTO SM_SEME
	VALUES (5767172,
	5767172,
	5767179,
	5767169);
INSERT INTO SM_SEME
	VALUES (5767172,
	5767173,
	5767179,
	5767169);
INSERT INTO SM_SEME
	VALUES (5767172,
	5767174,
	5767179,
	5767169);
INSERT INTO SM_CH
	VALUES (5767172,
	5767175,
	5767179,
	5767169,
	'');
INSERT INTO SM_SEME
	VALUES (5767172,
	5767175,
	5767179,
	5767169);
INSERT INTO SM_STATE
	VALUES (5767173,
	5767179,
	5767169,
	'Finishing IC10 Test',
	6,
	1);
INSERT INTO SM_CH
	VALUES (5767173,
	5767169,
	5767179,
	5767169,
	'');
INSERT INTO SM_SEME
	VALUES (5767173,
	5767169,
	5767179,
	5767169);
INSERT INTO SM_CH
	VALUES (5767173,
	5767170,
	5767179,
	5767170,
	'');
INSERT INTO SM_SEME
	VALUES (5767173,
	5767170,
	5767179,
	5767170);
INSERT INTO SM_CH
	VALUES (5767173,
	5767171,
	5767179,
	5767170,
	'');
INSERT INTO SM_SEME
	VALUES (5767173,
	5767171,
	5767179,
	5767170);
INSERT INTO SM_CH
	VALUES (5767173,
	5767172,
	5767179,
	5767169,
	'');
INSERT INTO SM_SEME
	VALUES (5767173,
	5767172,
	5767179,
	5767169);
INSERT INTO SM_CH
	VALUES (5767173,
	5767173,
	5767179,
	5767169,
	'');
INSERT INTO SM_SEME
	VALUES (5767173,
	5767173,
	5767179,
	5767169);
INSERT INTO SM_CH
	VALUES (5767173,
	5767174,
	5767179,
	5767169,
	'');
INSERT INTO SM_SEME
	VALUES (5767173,
	5767174,
	5767179,
	5767169);
INSERT INTO SM_CH
	VALUES (5767173,
	5767175,
	5767179,
	5767169,
	'');
INSERT INTO SM_SEME
	VALUES (5767173,
	5767175,
	5767179,
	5767169);
INSERT INTO SM_STATE
	VALUES (5767174,
	5767179,
	5767169,
	'Initial State',
	1,
	0);
INSERT INTO SM_SEME
	VALUES (5767174,
	5767169,
	5767179,
	5767169);
INSERT INTO SM_SEME
	VALUES (5767174,
	5767170,
	5767179,
	5767170);
INSERT INTO SM_SEME
	VALUES (5767174,
	5767171,
	5767179,
	5767170);
INSERT INTO SM_CH
	VALUES (5767174,
	5767172,
	5767179,
	5767169,
	'');
INSERT INTO SM_SEME
	VALUES (5767174,
	5767172,
	5767179,
	5767169);
INSERT INTO SM_CH
	VALUES (5767174,
	5767173,
	5767179,
	5767169,
	'');
INSERT INTO SM_SEME
	VALUES (5767174,
	5767173,
	5767179,
	5767169);
INSERT INTO SM_CH
	VALUES (5767174,
	5767174,
	5767179,
	5767169,
	'');
INSERT INTO SM_SEME
	VALUES (5767174,
	5767174,
	5767179,
	5767169);
INSERT INTO SM_SEME
	VALUES (5767174,
	5767175,
	5767179,
	5767169);
INSERT INTO SM_NSTXN
	VALUES (5767169,
	5767179,
	5767172,
	5767174,
	5767169);
INSERT INTO SM_TXN
	VALUES (5767169,
	5767179,
	5767173,
	5767169);
INSERT INTO SM_NSTXN
	VALUES (5767170,
	5767179,
	5767172,
	5767172,
	5767169);
INSERT INTO SM_TXN
	VALUES (5767170,
	5767179,
	5767172,
	5767169);
INSERT INTO SM_NSTXN
	VALUES (5767171,
	5767179,
	5767172,
	5767173,
	5767169);
INSERT INTO SM_TXN
	VALUES (5767171,
	5767179,
	5767172,
	5767169);
INSERT INTO SM_NSTXN
	VALUES (5767172,
	5767179,
	5767169,
	5767172,
	5767169);
INSERT INTO SM_TXN
	VALUES (5767172,
	5767179,
	5767172,
	5767169);
INSERT INTO SM_NSTXN
	VALUES (5767173,
	5767179,
	5767169,
	5767173,
	5767169);
INSERT INTO SM_TXN
	VALUES (5767173,
	5767179,
	5767172,
	5767169);
INSERT INTO SM_NSTXN
	VALUES (5767174,
	5767179,
	5767174,
	5767175,
	5767169);
INSERT INTO SM_TXN
	VALUES (5767174,
	5767179,
	5767169,
	5767169);
INSERT INTO SM_NSTXN
	VALUES (5767175,
	5767179,
	5767174,
	5767169,
	5767169);
INSERT INTO SM_TXN
	VALUES (5767175,
	5767179,
	5767174,
	5767169);
INSERT INTO SM_NSTXN
	VALUES (5767176,
	5767179,
	5767174,
	5767170,
	5767170);
INSERT INTO SM_TXN
	VALUES (5767176,
	5767179,
	5767170,
	5767170);
INSERT INTO SM_NSTXN
	VALUES (5767177,
	5767179,
	5767174,
	5767171,
	5767170);
INSERT INTO SM_TXN
	VALUES (5767177,
	5767179,
	5767171,
	5767170);
INSERT INTO SM_MOAH
	VALUES (5767169,
	5767179,
	5767169);
INSERT INTO SM_AH
	VALUES (5767169,
	5767179);
INSERT INTO SM_ACT
	VALUES (5767169,
	5767179,
	1,
	'select one oneov related by self->OV[R10] where selected.i == 69;
if ( oneov.ov_id == self.ou_id)
  LOG::LogSuccess(message:"IC10: OU - select one <sub_inst> related by self-><sub_obj>[REL]") ;
else
  LOG::LogFailure(message:"IC10: OU - select one <sub_inst> related by self-><sub_obj>[REL]") ; 
end if;

select one oneox related by self->OV[R10]->OX[R11] where selected.i == 69;
if ( oneox.ox_id == self.ou_id)
  LOG::LogSuccess(message:"IC10: OU - select one <sub_inst> related by self-><sub_obj>[REL]-><sub_obj>[REL]") ;
else
  LOG::LogFailure(message:"IC10: OU - select one <sub_inst> related by self-><sub_obj>[REL]-><sub_obj>[REL]") ; 
end if;

assign self.ack_count = 2;
generate OV2:''Verify Rel with 1st Supertype''(id:self.ou_id) to oneov;
generate OX2:''Verify Rel with 1st Supertype''(id:self.ou_id) to oneox;',
	'');
INSERT INTO SM_MOAH
	VALUES (5767170,
	5767179,
	5767170);
INSERT INTO SM_AH
	VALUES (5767170,
	5767179);
INSERT INTO SM_ACT
	VALUES (5767170,
	5767179,
	1,
	'select one ov related by self->OV[R10] where selected.i == 69;
if (ov.ov_id == rcvd_evt.id)
  LOG::LogSuccess(message:"IC10: OU - Verifying Rel with 2nd Supertype Instance") ;
  generate OV5:''1st Supertype Rel OK''() to ov;
else 
  LOG::LogFailure(message:"IC10: OU - Verifying Rel with 2nd Supertype Instance") ;
end if;',
	'');
INSERT INTO SM_MOAH
	VALUES (5767171,
	5767179,
	5767171);
INSERT INTO SM_AH
	VALUES (5767171,
	5767179);
INSERT INTO SM_ACT
	VALUES (5767171,
	5767179,
	1,
	'select one ox related by self->OV[R10]->OX[R11] where selected.i == 69;
if (ox.ox_id == rcvd_evt.id)
  LOG::LogSuccess(message:"IC10: OU - Verifying Rel with Subtype Instance") ;
  generate OX4:''1st Supertype Rel OK''() to ox;
else 
  LOG::LogFailure(message:"IC10: OU - Verifying Rel with Subtype Instance") ;
end if;',
	'');
INSERT INTO SM_MOAH
	VALUES (5767172,
	5767179,
	5767172);
INSERT INTO SM_AH
	VALUES (5767172,
	5767179);
INSERT INTO SM_ACT
	VALUES (5767172,
	5767179,
	1,
	'assign self.ack_count = self.ack_count -1;
if (self.ack_count == 0)
  generate OU6:''Finish IC10 Test''() to self;
end if;',
	'');
INSERT INTO SM_MOAH
	VALUES (5767173,
	5767179,
	5767173);
INSERT INTO SM_AH
	VALUES (5767173,
	5767179);
INSERT INTO SM_ACT
	VALUES (5767173,
	5767179,
	1,
	'//delete 
select one ov related by self->OV[R10] where selected.i == 69;
select one ox related by self->OV[R10]->OX[R11] where selected.i == 69;
unrelate ov from ox across R11;
unrelate ov from self across R10;
delete object instance ov;
delete object instance ox;

//check delete object instance <sub_inst>
select one ov related by self->OV[R10] where selected.i == 69;
if (empty ov)
  LOG::LogSuccess(message:"IC10: OU - delete object instance <2nd_sup_inst>") ;
else
  LOG::LogFailure(message:"IC10: OU - delete object instance <2nd_sup_inst>") ;
end if;

// check delete object instance <bot_sup_inst> 
select one ox related by self->OV[R10]->OX[R11] where selected.i == 69;
if (empty ox)
  LOG::LogSuccess(message:"IC10: OU - delete object instance <sub_inst>") ;
else
  LOG::LogFailure(message:"IC10: OU - delete object instance <sub_inst>") ;
end if;

//check unrelate object instance <sub_inst> 
if (true)
  create object instance ov1 of OV;
  assign ov1.i = 69;
  create object instance ox1 of OX;
  assign ov1.i = 69;
  relate self to ov1 across R10;
  relate ov1 to ox1 across R11;
  assign ov = ov1;
  assign ox = ox1;
end if;
unrelate self from ov across R10;
unrelate ox from ov across R11;
select one ox2 related by self->OV[R10]->OX[R11] where selected.i == 69;
if (empty ox2)
  LOG::LogSuccess(message:"IC10: OU - unrelate object instance <sub_inst>") ;
else
  LOG::LogFailure(message:"IC10: OU - unrelate object instance <sub_inst>") ;
end if;

//check unrelate object instance <2nd_sup_inst>
select one ov2 related by self->OV[R10] where selected.i == 69;
if (empty ov2)
  LOG::LogSuccess(message:"IC10: OU - unrelate object instance <2nd_sup_inst>") ;
else
  LOG::LogFailure(message:"IC10: OU - unrelate object instance <2nd_sup_inst>") ;
end if;

delete object instance ov;
delete object instance ox;

select any driver from instances of ICD;
generate ICD26:''IC10 Test U Complete''() to driver;',
	'');
INSERT INTO SM_MOAH
	VALUES (5767174,
	5767179,
	5767174);
INSERT INTO SM_AH
	VALUES (5767174,
	5767179);
INSERT INTO SM_ACT
	VALUES (5767174,
	5767179,
	1,
	'
generate OU7:''Continue IC10 Test''() to self;
',
	'');
INSERT INTO GD_MD
	VALUES (5767169,
	8,
	5767179,
	40,
	1,
	0,
	1,
	1,
	0,
	12,
	1600,
	4200,
	1.000000,
	0);
INSERT INTO GD_GE
	VALUES (5767170,
	5767169,
	5767169,
	41);
INSERT INTO GD_SHP
	VALUES (5767170,
	2016,
	1184,
	2272,
	1264);
INSERT INTO GD_GE
	VALUES (5767171,
	5767169,
	5767170,
	41);
INSERT INTO GD_SHP
	VALUES (5767171,
	1664,
	1184,
	1920,
	1264);
INSERT INTO GD_GE
	VALUES (5767172,
	5767169,
	5767171,
	41);
INSERT INTO GD_SHP
	VALUES (5767172,
	2352,
	1184,
	2592,
	1264);
INSERT INTO GD_GE
	VALUES (5767173,
	5767169,
	5767172,
	41);
INSERT INTO GD_SHP
	VALUES (5767173,
	2016,
	1360,
	2272,
	1440);
INSERT INTO GD_GE
	VALUES (5767174,
	5767169,
	5767173,
	41);
INSERT INTO GD_SHP
	VALUES (5767174,
	2016,
	1536,
	2272,
	1616);
INSERT INTO GD_GE
	VALUES (5767175,
	5767169,
	5767174,
	41);
INSERT INTO GD_SHP
	VALUES (5767175,
	2000,
	976,
	2272,
	1056);
INSERT INTO GD_GE
	VALUES (5767176,
	5767169,
	5767172,
	42);
INSERT INTO GD_CON
	VALUES (5767176,
	5767170,
	5767173,
	0);
INSERT INTO GD_CTXT
	VALUES (5767176,
	0,
	0,
	0,
	0,
	0,
	0,
	2112,
	1296,
	2320,
	1332,
	0,
	-1,
	0,
	0,
	0,
	0,
	0,
	0);
INSERT INTO GD_LS
	VALUES (5767177,
	5767176,
	2128,
	1264,
	2128,
	1360,
	0);
INSERT INTO GD_GE
	VALUES (5767178,
	5767169,
	5767170,
	42);
INSERT INTO GD_CON
	VALUES (5767178,
	5767173,
	5767173,
	0);
INSERT INTO GD_CTXT
	VALUES (5767178,
	0,
	0,
	0,
	0,
	0,
	0,
	2305,
	1375,
	2501,
	1417,
	1,
	-10,
	0,
	0,
	0,
	0,
	0,
	0);
INSERT INTO GD_LS
	VALUES (5767179,
	5767178,
	2272,
	1424,
	2320,
	1424,
	0);
INSERT INTO GD_LS
	VALUES (5767180,
	5767178,
	2320,
	1424,
	2320,
	1376,
	5767179);
INSERT INTO GD_LS
	VALUES (5767181,
	5767178,
	2320,
	1376,
	2272,
	1376,
	5767180);
INSERT INTO GD_GE
	VALUES (5767182,
	5767169,
	5767169,
	42);
INSERT INTO GD_CON
	VALUES (5767182,
	5767173,
	5767174,
	0);
INSERT INTO GD_CTXT
	VALUES (5767182,
	0,
	0,
	0,
	0,
	0,
	0,
	2128,
	1472,
	2319,
	1524,
	0,
	-1,
	0,
	0,
	0,
	0,
	0,
	0);
INSERT INTO GD_LS
	VALUES (5767183,
	5767182,
	2144,
	1440,
	2144,
	1536,
	0);
INSERT INTO GD_GE
	VALUES (5767184,
	5767169,
	5767173,
	42);
INSERT INTO GD_CON
	VALUES (5767184,
	5767170,
	5767173,
	0);
INSERT INTO GD_CTXT
	VALUES (5767184,
	0,
	0,
	0,
	0,
	0,
	0,
	1843,
	1297,
	2024,
	1337,
	-173,
	0,
	0,
	0,
	0,
	0,
	0,
	0);
INSERT INTO GD_LS
	VALUES (5767185,
	5767184,
	2032,
	1264,
	2032,
	1360,
	0);
INSERT INTO GD_GE
	VALUES (5767186,
	5767169,
	5767171,
	42);
INSERT INTO GD_CON
	VALUES (5767186,
	5767173,
	5767173,
	0);
INSERT INTO GD_CTXT
	VALUES (5767186,
	0,
	0,
	0,
	0,
	0,
	0,
	1800,
	1384,
	1960,
	1423,
	-152,
	-1,
	0,
	0,
	0,
	0,
	0,
	0);
INSERT INTO GD_LS
	VALUES (5767187,
	5767186,
	2016,
	1424,
	1968,
	1424,
	0);
INSERT INTO GD_LS
	VALUES (5767188,
	5767186,
	1968,
	1424,
	1968,
	1376,
	5767187);
INSERT INTO GD_LS
	VALUES (5767189,
	5767186,
	1968,
	1376,
	2016,
	1376,
	5767188);
INSERT INTO GD_GE
	VALUES (5767190,
	5767169,
	5767176,
	42);
INSERT INTO GD_CON
	VALUES (5767190,
	5767175,
	5767171,
	0);
INSERT INTO GD_CTXT
	VALUES (5767190,
	0,
	0,
	0,
	0,
	0,
	0,
	1773,
	988,
	1956,
	1036,
	-19,
	-13,
	0,
	0,
	0,
	0,
	0,
	0);
INSERT INTO GD_LS
	VALUES (5767191,
	5767190,
	2000,
	1024,
	1808,
	1024,
	0);
INSERT INTO GD_LS
	VALUES (5767192,
	5767190,
	1808,
	1024,
	1808,
	1184,
	5767191);
INSERT INTO GD_GE
	VALUES (5767193,
	5767169,
	5767174,
	42);
INSERT INTO GD_CON
	VALUES (5767193,
	5767175,
	5767170,
	0);
INSERT INTO GD_CTXT
	VALUES (5767193,
	0,
	0,
	0,
	0,
	0,
	0,
	2123,
	1108,
	2296,
	1141,
	20,
	-3,
	0,
	0,
	0,
	0,
	0,
	0);
INSERT INTO GD_LS
	VALUES (5767194,
	5767193,
	2128,
	1056,
	2128,
	1184,
	0);
INSERT INTO GD_GE
	VALUES (5767195,
	5767169,
	5767177,
	42);
INSERT INTO GD_CON
	VALUES (5767195,
	5767175,
	5767172,
	0);
INSERT INTO GD_CTXT
	VALUES (5767195,
	0,
	0,
	0,
	0,
	0,
	0,
	2407,
	1000,
	2587,
	1047,
	0,
	7,
	0,
	0,
	0,
	0,
	0,
	0);
INSERT INTO GD_LS
	VALUES (5767196,
	5767195,
	2272,
	1008,
	2432,
	1008,
	0);
INSERT INTO GD_LS
	VALUES (5767197,
	5767195,
	2432,
	1008,
	2432,
	1184,
	5767196);
INSERT INTO GD_GE
	VALUES (5767198,
	5767169,
	5767175,
	42);
INSERT INTO GD_CON
	VALUES (5767198,
	5767175,
	5767175,
	0);
INSERT INTO GD_CTXT
	VALUES (5767198,
	0,
	0,
	0,
	0,
	0,
	0,
	2272,
	886,
	2444,
	924,
	-15,
	-1,
	0,
	0,
	0,
	0,
	0,
	0);
INSERT INTO GD_LS
	VALUES (5767199,
	5767198,
	2272,
	992,
	2336,
	992,
	0);
INSERT INTO GD_LS
	VALUES (5767200,
	5767198,
	2336,
	992,
	2336,
	912,
	5767199);
INSERT INTO GD_LS
	VALUES (5767201,
	5767198,
	2336,
	912,
	2208,
	912,
	5767200);
INSERT INTO GD_LS
	VALUES (5767202,
	5767198,
	2208,
	912,
	2208,
	976,
	5767201);
INSERT INTO O_OBJ
	VALUES (1048587,
	'Object V 2nd Supertype',
	27,
	'OV',
	'',
	1048578);
INSERT INTO O_REF
	VALUES (1048587,
	1048586,
	0,
	1048606,
	1048580,
	1048587,
	1048586,
	1048610,
	1048581,
	0,
	0,
	'');
INSERT INTO O_RATTR
	VALUES (1048610,
	1048587,
	1048606,
	1048586,
	0);
INSERT INTO O_ATTR
	VALUES (1048610,
	1048587,
	0,
	'ov_id',
	'',
	'',
	'ov_id',
	0,
	524296);
INSERT INTO O_NBATTR
	VALUES (1048611,
	1048587);
INSERT INTO O_BATTR
	VALUES (1048611,
	1048587);
INSERT INTO O_ATTR
	VALUES (1048611,
	1048587,
	1048610,
	'i',
	'',
	'',
	'i',
	0,
	524291);
INSERT INTO O_NBATTR
	VALUES (1048612,
	1048587);
INSERT INTO O_BATTR
	VALUES (1048612,
	1048587);
INSERT INTO O_ATTR
	VALUES (1048612,
	1048587,
	1048611,
	'ack_count',
	'',
	'',
	'ack_count',
	0,
	524291);
INSERT INTO O_NBATTR
	VALUES (1048613,
	1048587);
INSERT INTO O_BATTR
	VALUES (1048613,
	1048587);
INSERT INTO O_ATTR
	VALUES (1048613,
	1048587,
	1048612,
	'current_state',
	'',
	'',
	'current_state',
	0,
	524295);
INSERT INTO O_ID
	VALUES (0,
	1048587);
INSERT INTO O_OIDA
	VALUES (1048610,
	1048587,
	0);
INSERT INTO O_RTIDA
	VALUES (1048610,
	1048587,
	0,
	1048581,
	1048589);
INSERT INTO SM_ISM
	VALUES (6291468,
	1048587);
INSERT INTO SM_SM
	VALUES (6291468,
	'',
	12);
INSERT INTO SM_MOORE
	VALUES (6291468);
INSERT INTO SM_EVTDI
	VALUES (6291457,
	6291468,
	'id',
	'',
	524294);
INSERT INTO SM_SUPDT
	VALUES (6291457,
	6291468,
	0);
INSERT INTO SM_SUPDT
	VALUES (6291458,
	6291468,
	0);
INSERT INTO SM_SDI
	VALUES (6291457,
	6291458,
	6291468);
INSERT INTO SM_STATE
	VALUES (6291457,
	6291468,
	6291457,
	'Starting IC10 Test',
	2,
	0);
INSERT INTO SM_LEVT
	VALUES (6291457,
	6291468,
	6291457);
INSERT INTO SM_SEVT
	VALUES (6291457,
	6291468,
	6291457);
INSERT INTO SM_EVT
	VALUES (6291457,
	6291468,
	6291457,
	1,
	'Start IC10 Test',
	0,
	'',
	'OV1',
	'');
INSERT INTO SM_EIGN
	VALUES (6291457,
	6291457,
	6291468,
	6291457,
	'');
INSERT INTO SM_SEME
	VALUES (6291457,
	6291457,
	6291468,
	6291457);
INSERT INTO SM_LEVT
	VALUES (6291458,
	6291468,
	6291458);
INSERT INTO SM_SEVT
	VALUES (6291458,
	6291468,
	6291458);
INSERT INTO SM_EVT
	VALUES (6291458,
	6291468,
	6291458,
	2,
	'Verify Rel with 1st Supertype',
	0,
	'',
	'OV2',
	'');
INSERT INTO SM_EIGN
	VALUES (6291457,
	6291458,
	6291468,
	6291458,
	'');
INSERT INTO SM_SEME
	VALUES (6291457,
	6291458,
	6291468,
	6291458);
INSERT INTO SM_LEVT
	VALUES (6291459,
	6291468,
	6291458);
INSERT INTO SM_SEVT
	VALUES (6291459,
	6291468,
	6291458);
INSERT INTO SM_EVT
	VALUES (6291459,
	6291468,
	6291458,
	3,
	'Verify Rel with Subtype',
	0,
	'',
	'OV3',
	'');
INSERT INTO SM_EIGN
	VALUES (6291457,
	6291459,
	6291468,
	6291458,
	'');
INSERT INTO SM_SEME
	VALUES (6291457,
	6291459,
	6291468,
	6291458);
INSERT INTO SM_LEVT
	VALUES (6291460,
	6291468,
	6291457);
INSERT INTO SM_SEVT
	VALUES (6291460,
	6291468,
	6291457);
INSERT INTO SM_EVT
	VALUES (6291460,
	6291468,
	6291457,
	4,
	'Subtype Rel OK',
	0,
	'',
	'OV4',
	'');
INSERT INTO SM_SEME
	VALUES (6291457,
	6291460,
	6291468,
	6291457);
INSERT INTO SM_LEVT
	VALUES (6291461,
	6291468,
	6291457);
INSERT INTO SM_SEVT
	VALUES (6291461,
	6291468,
	6291457);
INSERT INTO SM_EVT
	VALUES (6291461,
	6291468,
	6291457,
	5,
	'1st Supertype Rel OK',
	0,
	'',
	'OV5',
	'');
INSERT INTO SM_SEME
	VALUES (6291457,
	6291461,
	6291468,
	6291457);
INSERT INTO SM_LEVT
	VALUES (6291462,
	6291468,
	6291457);
INSERT INTO SM_SEVT
	VALUES (6291462,
	6291468,
	6291457);
INSERT INTO SM_EVT
	VALUES (6291462,
	6291468,
	6291457,
	6,
	'Finish IC10 Test',
	0,
	'',
	'OV6',
	'');
INSERT INTO SM_CH
	VALUES (6291457,
	6291462,
	6291468,
	6291457,
	'');
INSERT INTO SM_SEME
	VALUES (6291457,
	6291462,
	6291468,
	6291457);
INSERT INTO SM_LEVT
	VALUES (6291463,
	6291468,
	6291457);
INSERT INTO SM_SEVT
	VALUES (6291463,
	6291468,
	6291457);
INSERT INTO SM_EVT
	VALUES (6291463,
	6291468,
	6291457,
	7,
	'Continue IC10 Test',
	0,
	'',
	'OV7',
	'');
INSERT INTO SM_CH
	VALUES (6291457,
	6291463,
	6291468,
	6291457,
	'');
INSERT INTO SM_SEME
	VALUES (6291457,
	6291463,
	6291468,
	6291457);
INSERT INTO SM_STATE
	VALUES (6291458,
	6291468,
	6291458,
	'Verifying Rel with 1st Supertype',
	3,
	0);
INSERT INTO SM_CH
	VALUES (6291458,
	6291457,
	6291468,
	6291457,
	'');
INSERT INTO SM_SEME
	VALUES (6291458,
	6291457,
	6291468,
	6291457);
INSERT INTO SM_CH
	VALUES (6291458,
	6291458,
	6291468,
	6291458,
	'');
INSERT INTO SM_SEME
	VALUES (6291458,
	6291458,
	6291468,
	6291458);
INSERT INTO SM_CH
	VALUES (6291458,
	6291459,
	6291468,
	6291458,
	'');
INSERT INTO SM_SEME
	VALUES (6291458,
	6291459,
	6291468,
	6291458);
INSERT INTO SM_CH
	VALUES (6291458,
	6291460,
	6291468,
	6291457,
	'');
INSERT INTO SM_SEME
	VALUES (6291458,
	6291460,
	6291468,
	6291457);
INSERT INTO SM_CH
	VALUES (6291458,
	6291461,
	6291468,
	6291457,
	'');
INSERT INTO SM_SEME
	VALUES (6291458,
	6291461,
	6291468,
	6291457);
INSERT INTO SM_CH
	VALUES (6291458,
	6291462,
	6291468,
	6291457,
	'');
INSERT INTO SM_SEME
	VALUES (6291458,
	6291462,
	6291468,
	6291457);
INSERT INTO SM_CH
	VALUES (6291458,
	6291463,
	6291468,
	6291457,
	'');
INSERT INTO SM_SEME
	VALUES (6291458,
	6291463,
	6291468,
	6291457);
INSERT INTO SM_STATE
	VALUES (6291459,
	6291468,
	6291458,
	'Verifying Rel with Subtype',
	4,
	0);
INSERT INTO SM_CH
	VALUES (6291459,
	6291457,
	6291468,
	6291457,
	'');
INSERT INTO SM_SEME
	VALUES (6291459,
	6291457,
	6291468,
	6291457);
INSERT INTO SM_CH
	VALUES (6291459,
	6291458,
	6291468,
	6291458,
	'');
INSERT INTO SM_SEME
	VALUES (6291459,
	6291458,
	6291468,
	6291458);
INSERT INTO SM_CH
	VALUES (6291459,
	6291459,
	6291468,
	6291458,
	'');
INSERT INTO SM_SEME
	VALUES (6291459,
	6291459,
	6291468,
	6291458);
INSERT INTO SM_CH
	VALUES (6291459,
	6291460,
	6291468,
	6291457,
	'');
INSERT INTO SM_SEME
	VALUES (6291459,
	6291460,
	6291468,
	6291457);
INSERT INTO SM_CH
	VALUES (6291459,
	6291461,
	6291468,
	6291457,
	'');
INSERT INTO SM_SEME
	VALUES (6291459,
	6291461,
	6291468,
	6291457);
INSERT INTO SM_CH
	VALUES (6291459,
	6291462,
	6291468,
	6291457,
	'');
INSERT INTO SM_SEME
	VALUES (6291459,
	6291462,
	6291468,
	6291457);
INSERT INTO SM_CH
	VALUES (6291459,
	6291463,
	6291468,
	6291457,
	'');
INSERT INTO SM_SEME
	VALUES (6291459,
	6291463,
	6291468,
	6291457);
INSERT INTO SM_STATE
	VALUES (6291460,
	6291468,
	6291457,
	'Waiting for Acks',
	5,
	0);
INSERT INTO SM_CH
	VALUES (6291460,
	6291457,
	6291468,
	6291457,
	'');
INSERT INTO SM_SEME
	VALUES (6291460,
	6291457,
	6291468,
	6291457);
INSERT INTO SM_EIGN
	VALUES (6291460,
	6291458,
	6291468,
	6291458,
	'');
INSERT INTO SM_SEME
	VALUES (6291460,
	6291458,
	6291468,
	6291458);
INSERT INTO SM_CH
	VALUES (6291460,
	6291459,
	6291468,
	6291458,
	'');
INSERT INTO SM_SEME
	VALUES (6291460,
	6291459,
	6291468,
	6291458);
INSERT INTO SM_SEME
	VALUES (6291460,
	6291460,
	6291468,
	6291457);
INSERT INTO SM_SEME
	VALUES (6291460,
	6291461,
	6291468,
	6291457);
INSERT INTO SM_SEME
	VALUES (6291460,
	6291462,
	6291468,
	6291457);
INSERT INTO SM_CH
	VALUES (6291460,
	6291463,
	6291468,
	6291457,
	'');
INSERT INTO SM_SEME
	VALUES (6291460,
	6291463,
	6291468,
	6291457);
INSERT INTO SM_STATE
	VALUES (6291461,
	6291468,
	6291457,
	'Finishing IC10 Test',
	6,
	1);
INSERT INTO SM_CH
	VALUES (6291461,
	6291457,
	6291468,
	6291457,
	'');
INSERT INTO SM_SEME
	VALUES (6291461,
	6291457,
	6291468,
	6291457);
INSERT INTO SM_CH
	VALUES (6291461,
	6291458,
	6291468,
	6291458,
	'');
INSERT INTO SM_SEME
	VALUES (6291461,
	6291458,
	6291468,
	6291458);
INSERT INTO SM_CH
	VALUES (6291461,
	6291459,
	6291468,
	6291458,
	'');
INSERT INTO SM_SEME
	VALUES (6291461,
	6291459,
	6291468,
	6291458);
INSERT INTO SM_CH
	VALUES (6291461,
	6291460,
	6291468,
	6291457,
	'');
INSERT INTO SM_SEME
	VALUES (6291461,
	6291460,
	6291468,
	6291457);
INSERT INTO SM_CH
	VALUES (6291461,
	6291461,
	6291468,
	6291457,
	'');
INSERT INTO SM_SEME
	VALUES (6291461,
	6291461,
	6291468,
	6291457);
INSERT INTO SM_CH
	VALUES (6291461,
	6291462,
	6291468,
	6291457,
	'');
INSERT INTO SM_SEME
	VALUES (6291461,
	6291462,
	6291468,
	6291457);
INSERT INTO SM_CH
	VALUES (6291461,
	6291463,
	6291468,
	6291457,
	'');
INSERT INTO SM_SEME
	VALUES (6291461,
	6291463,
	6291468,
	6291457);
INSERT INTO SM_STATE
	VALUES (6291462,
	6291468,
	6291457,
	'Initial State',
	1,
	0);
INSERT INTO SM_SEME
	VALUES (6291462,
	6291457,
	6291468,
	6291457);
INSERT INTO SM_SEME
	VALUES (6291462,
	6291458,
	6291468,
	6291458);
INSERT INTO SM_SEME
	VALUES (6291462,
	6291459,
	6291468,
	6291458);
INSERT INTO SM_CH
	VALUES (6291462,
	6291460,
	6291468,
	6291457,
	'');
INSERT INTO SM_SEME
	VALUES (6291462,
	6291460,
	6291468,
	6291457);
INSERT INTO SM_CH
	VALUES (6291462,
	6291461,
	6291468,
	6291457,
	'');
INSERT INTO SM_SEME
	VALUES (6291462,
	6291461,
	6291468,
	6291457);
INSERT INTO SM_CH
	VALUES (6291462,
	6291462,
	6291468,
	6291457,
	'');
INSERT INTO SM_SEME
	VALUES (6291462,
	6291462,
	6291468,
	6291457);
INSERT INTO SM_SEME
	VALUES (6291462,
	6291463,
	6291468,
	6291457);
INSERT INTO SM_NSTXN
	VALUES (6291457,
	6291468,
	6291460,
	6291462,
	6291457);
INSERT INTO SM_TXN
	VALUES (6291457,
	6291468,
	6291461,
	6291457);
INSERT INTO SM_NSTXN
	VALUES (6291458,
	6291468,
	6291460,
	6291460,
	6291457);
INSERT INTO SM_TXN
	VALUES (6291458,
	6291468,
	6291460,
	6291457);
INSERT INTO SM_NSTXN
	VALUES (6291459,
	6291468,
	6291460,
	6291461,
	6291457);
INSERT INTO SM_TXN
	VALUES (6291459,
	6291468,
	6291460,
	6291457);
INSERT INTO SM_NSTXN
	VALUES (6291460,
	6291468,
	6291457,
	6291460,
	6291457);
INSERT INTO SM_TXN
	VALUES (6291460,
	6291468,
	6291460,
	6291457);
INSERT INTO SM_NSTXN
	VALUES (6291461,
	6291468,
	6291457,
	6291461,
	6291457);
INSERT INTO SM_TXN
	VALUES (6291461,
	6291468,
	6291460,
	6291457);
INSERT INTO SM_NSTXN
	VALUES (6291462,
	6291468,
	6291462,
	6291457,
	6291457);
INSERT INTO SM_TXN
	VALUES (6291462,
	6291468,
	6291462,
	6291457);
INSERT INTO SM_NSTXN
	VALUES (6291463,
	6291468,
	6291462,
	6291459,
	6291458);
INSERT INTO SM_TXN
	VALUES (6291463,
	6291468,
	6291459,
	6291458);
INSERT INTO SM_NSTXN
	VALUES (6291464,
	6291468,
	6291462,
	6291463,
	6291457);
INSERT INTO SM_TXN
	VALUES (6291464,
	6291468,
	6291457,
	6291457);
INSERT INTO SM_NSTXN
	VALUES (6291465,
	6291468,
	6291462,
	6291458,
	6291458);
INSERT INTO SM_TXN
	VALUES (6291465,
	6291468,
	6291458,
	6291458);
INSERT INTO SM_MOAH
	VALUES (6291457,
	6291468,
	6291457);
INSERT INTO SM_AH
	VALUES (6291457,
	6291468);
INSERT INTO SM_ACT
	VALUES (6291457,
	6291468,
	1,
	'select one oneou related by self->OU[R10] where selected.i == 69;
if ( oneou.ou_id == self.ov_id)
  LOG::LogSuccess(message:"IC10: OV - select one <1st_sup_inst> related by self-><1st_sup_obj>[REL]") ;
else
  LOG::LogSuccess(message:"IC10: OV - select one <1st_sup_inst> related by self-><1st_sup_obj>[REL]") ; 
end if;

select one oneox related by self->OX[R11] where selected.i == 69;
if ( oneox.ox_id == self.ov_id)
  LOG::LogSuccess(message:"IC10: OV - select one <sub_inst> related by self-><sub_obj>[REL]-><sub_obj>[REL]") ;
else
  LOG::LogSuccess(message:"IC10: OV - select one <sub_inst> related by self-><sub_obj>[REL]-><sub_obj>[REL]") ; 
end if;

assign self.ack_count = 2;
generate OU2:''Verify Rel with 2nd Supertype''(id:self.ov_id) to oneou;
generate OX3:''Verify Rel with 2nd Supertype''(id:self.ov_id) to oneox;',
	'');
INSERT INTO SM_MOAH
	VALUES (6291458,
	6291468,
	6291458);
INSERT INTO SM_AH
	VALUES (6291458,
	6291468);
INSERT INTO SM_ACT
	VALUES (6291458,
	6291468,
	1,
	'select one ou related by self->OU[R10] where selected.i == 69;
if (ou.ou_id == rcvd_evt.id)
  LOG::LogSuccess(message:"IC10: OV - Verifying Rel with 1st Supertype Instance") ;
  generate OU5:''2nd Supertype Rel OK''() to ou;
else 
  LOG::LogFailure(message:"IC10: OV - Verifying Rel with 1st Supertype Instance") ;
end if;',
	'');
INSERT INTO SM_MOAH
	VALUES (6291459,
	6291468,
	6291459);
INSERT INTO SM_AH
	VALUES (6291459,
	6291468);
INSERT INTO SM_ACT
	VALUES (6291459,
	6291468,
	1,
	'select one ox related by self->OX[R11] where selected.i == 69;
if (ox.ox_id == rcvd_evt.id)
  LOG::LogSuccess(message:"IC10: OV - Verifying Rel with Subtype Instance") ;
  generate OX5:''2nd Supertype Rel OK''() to ox;
else 
  LOG::LogFailure(message:"IC10: OV - Verifying Rel with Subtype Instance") ;
end if;',
	'');
INSERT INTO SM_MOAH
	VALUES (6291460,
	6291468,
	6291460);
INSERT INTO SM_AH
	VALUES (6291460,
	6291468);
INSERT INTO SM_ACT
	VALUES (6291460,
	6291468,
	1,
	'assign self.ack_count = self.ack_count -1;
if (self.ack_count == 0)
  generate OV6:''Finish IC10 Test''() to self;
end if;',
	'');
INSERT INTO SM_MOAH
	VALUES (6291461,
	6291468,
	6291461);
INSERT INTO SM_AH
	VALUES (6291461,
	6291468);
INSERT INTO SM_ACT
	VALUES (6291461,
	6291468,
	1,
	'//delete 
select one ou related by self->OU[R10] where selected.i == 69;
select one ox related by self->OX[R11] where selected.i == 69;
unrelate self from ox across R11;
unrelate self from ou across R10;

delete object instance ou;
delete object instance ox;

//check delete object instance <1st_sup_inst>
select one ou related by self->OU[R10] where selected.i == 69;
if (empty ou)
  LOG::LogSuccess(message:"IC10: OV - delete object instance <1st_sup_inst>") ;
else
  LOG::LogFailure(message:"IC10: OV - delete object instance <1st_sup_inst>") ;
end if;

// check delete object instance <sub_inst> 
select one ox related by self->OX[R11] where selected.i == 69;
if (empty ox)
  LOG::LogSuccess(message:"IC10: OV - delete object instance <sub_inst>") ;
else
  LOG::LogFailure(message:"IC10: OV - delete object instance <sub_inst>") ;
end if;

select any driver from instances of ICD;
generate ICD27:''IC10 Test V Complete''() to driver;',
	'');
INSERT INTO SM_MOAH
	VALUES (6291462,
	6291468,
	6291462);
INSERT INTO SM_AH
	VALUES (6291462,
	6291468);
INSERT INTO SM_ACT
	VALUES (6291462,
	6291468,
	1,
	'
generate OV7:''Continue IC10 Test''() to self;
',
	'');
INSERT INTO GD_MD
	VALUES (6291457,
	8,
	6291468,
	40,
	1,
	0,
	1,
	1,
	0,
	12,
	1600,
	4200,
	1.000000,
	0);
INSERT INTO GD_GE
	VALUES (6291458,
	6291457,
	6291457,
	41);
INSERT INTO GD_SHP
	VALUES (6291458,
	2016,
	1184,
	2272,
	1264);
INSERT INTO GD_GE
	VALUES (6291459,
	6291457,
	6291458,
	41);
INSERT INTO GD_SHP
	VALUES (6291459,
	1664,
	1184,
	1920,
	1264);
INSERT INTO GD_GE
	VALUES (6291460,
	6291457,
	6291459,
	41);
INSERT INTO GD_SHP
	VALUES (6291460,
	2352,
	1184,
	2592,
	1264);
INSERT INTO GD_GE
	VALUES (6291461,
	6291457,
	6291460,
	41);
INSERT INTO GD_SHP
	VALUES (6291461,
	2016,
	1360,
	2272,
	1440);
INSERT INTO GD_GE
	VALUES (6291462,
	6291457,
	6291461,
	41);
INSERT INTO GD_SHP
	VALUES (6291462,
	2016,
	1536,
	2272,
	1616);
INSERT INTO GD_GE
	VALUES (6291463,
	6291457,
	6291462,
	41);
INSERT INTO GD_SHP
	VALUES (6291463,
	2016,
	976,
	2272,
	1056);
INSERT INTO GD_GE
	VALUES (6291464,
	6291457,
	6291460,
	42);
INSERT INTO GD_CON
	VALUES (6291464,
	6291458,
	6291461,
	0);
INSERT INTO GD_CTXT
	VALUES (6291464,
	0,
	0,
	0,
	0,
	0,
	0,
	2086,
	1298,
	2294,
	1334,
	0,
	-1,
	0,
	0,
	0,
	0,
	0,
	0);
INSERT INTO GD_LS
	VALUES (6291465,
	6291464,
	2128,
	1264,
	2128,
	1360,
	0);
INSERT INTO GD_GE
	VALUES (6291466,
	6291457,
	6291458,
	42);
INSERT INTO GD_CON
	VALUES (6291466,
	6291461,
	6291461,
	0);
INSERT INTO GD_CTXT
	VALUES (6291466,
	0,
	0,
	0,
	0,
	0,
	0,
	2305,
	1375,
	2501,
	1417,
	1,
	-10,
	0,
	0,
	0,
	0,
	0,
	0);
INSERT INTO GD_LS
	VALUES (6291467,
	6291466,
	2272,
	1424,
	2320,
	1424,
	0);
INSERT INTO GD_LS
	VALUES (6291468,
	6291466,
	2320,
	1424,
	2320,
	1376,
	6291467);
INSERT INTO GD_LS
	VALUES (6291469,
	6291466,
	2320,
	1376,
	2272,
	1376,
	6291468);
INSERT INTO GD_GE
	VALUES (6291470,
	6291457,
	6291457,
	42);
INSERT INTO GD_CON
	VALUES (6291470,
	6291461,
	6291462,
	0);
INSERT INTO GD_CTXT
	VALUES (6291470,
	0,
	0,
	0,
	0,
	0,
	0,
	2128,
	1472,
	2319,
	1524,
	0,
	-1,
	0,
	0,
	0,
	0,
	0,
	0);
INSERT INTO GD_LS
	VALUES (6291471,
	6291470,
	2144,
	1440,
	2144,
	1536,
	0);
INSERT INTO GD_GE
	VALUES (6291472,
	6291457,
	6291461,
	42);
INSERT INTO GD_CON
	VALUES (6291472,
	6291458,
	6291461,
	0);
INSERT INTO GD_CTXT
	VALUES (6291472,
	0,
	0,
	0,
	0,
	0,
	0,
	1817,
	1299,
	1998,
	1339,
	-173,
	0,
	0,
	0,
	0,
	0,
	0,
	0);
INSERT INTO GD_LS
	VALUES (6291473,
	6291472,
	2032,
	1264,
	2032,
	1360,
	0);
INSERT INTO GD_GE
	VALUES (6291474,
	6291457,
	6291459,
	42);
INSERT INTO GD_CON
	VALUES (6291474,
	6291461,
	6291461,
	0);
INSERT INTO GD_CTXT
	VALUES (6291474,
	0,
	0,
	0,
	0,
	0,
	0,
	1800,
	1384,
	1960,
	1423,
	-152,
	-1,
	0,
	0,
	0,
	0,
	0,
	0);
INSERT INTO GD_LS
	VALUES (6291475,
	6291474,
	2016,
	1424,
	1968,
	1424,
	0);
INSERT INTO GD_LS
	VALUES (6291476,
	6291474,
	1968,
	1424,
	1968,
	1376,
	6291475);
INSERT INTO GD_LS
	VALUES (6291477,
	6291474,
	1968,
	1376,
	2016,
	1376,
	6291476);
INSERT INTO GD_GE
	VALUES (6291478,
	6291457,
	6291465,
	42);
INSERT INTO GD_CON
	VALUES (6291478,
	6291463,
	6291459,
	0);
INSERT INTO GD_CTXT
	VALUES (6291478,
	0,
	0,
	0,
	0,
	0,
	0,
	1808,
	976,
	1987,
	1015,
	1,
	-7,
	0,
	0,
	0,
	0,
	0,
	0);
INSERT INTO GD_LS
	VALUES (6291479,
	6291478,
	2016,
	1008,
	1824,
	1008,
	0);
INSERT INTO GD_LS
	VALUES (6291480,
	6291478,
	1824,
	1008,
	1824,
	1184,
	6291479);
INSERT INTO GD_GE
	VALUES (6291481,
	6291457,
	6291464,
	42);
INSERT INTO GD_CON
	VALUES (6291481,
	6291463,
	6291458,
	0);
INSERT INTO GD_CTXT
	VALUES (6291481,
	0,
	0,
	0,
	0,
	0,
	0,
	2064,
	1118,
	2300,
	1156,
	-25,
	3,
	0,
	0,
	0,
	0,
	0,
	0);
INSERT INTO GD_LS
	VALUES (6291482,
	6291481,
	2128,
	1056,
	2128,
	1184,
	0);
INSERT INTO GD_GE
	VALUES (6291483,
	6291457,
	6291463,
	42);
INSERT INTO GD_CON
	VALUES (6291483,
	6291463,
	6291460,
	0);
INSERT INTO GD_CTXT
	VALUES (6291483,
	0,
	0,
	0,
	0,
	0,
	0,
	2470,
	1027,
	2653,
	1076,
	39,
	44,
	0,
	0,
	0,
	0,
	0,
	0);
INSERT INTO GD_LS
	VALUES (6291484,
	6291483,
	2272,
	1008,
	2464,
	1008,
	0);
INSERT INTO GD_LS
	VALUES (6291485,
	6291483,
	2464,
	1008,
	2464,
	1184,
	6291484);
INSERT INTO GD_GE
	VALUES (6291486,
	6291457,
	6291462,
	42);
INSERT INTO GD_CON
	VALUES (6291486,
	6291463,
	6291463,
	0);
INSERT INTO GD_CTXT
	VALUES (6291486,
	0,
	0,
	0,
	0,
	0,
	0,
	2254,
	901,
	2435,
	937,
	-17,
	-2,
	0,
	0,
	0,
	0,
	0,
	0);
INSERT INTO GD_LS
	VALUES (6291487,
	6291486,
	2272,
	992,
	2320,
	992,
	0);
INSERT INTO GD_LS
	VALUES (6291488,
	6291486,
	2320,
	992,
	2320,
	928,
	6291487);
INSERT INTO GD_LS
	VALUES (6291489,
	6291486,
	2320,
	928,
	2208,
	928,
	6291488);
INSERT INTO GD_LS
	VALUES (6291490,
	6291486,
	2208,
	928,
	2208,
	976,
	6291489);
INSERT INTO O_OBJ
	VALUES (1048588,
	'Object W',
	28,
	'OW',
	'',
	1048578);
INSERT INTO O_REF
	VALUES (1048588,
	1048586,
	0,
	1048606,
	1048580,
	1048588,
	1048586,
	1048614,
	1048582,
	0,
	0,
	'');
INSERT INTO O_RATTR
	VALUES (1048614,
	1048588,
	1048606,
	1048586,
	1);
INSERT INTO O_ATTR
	VALUES (1048614,
	1048588,
	0,
	'ou_id',
	'',
	'',
	'ou_id',
	0,
	524296);
INSERT INTO O_ID
	VALUES (0,
	1048588);
INSERT INTO O_OIDA
	VALUES (1048614,
	1048588,
	0);
INSERT INTO O_OBJ
	VALUES (1048589,
	'Object X Subtype',
	29,
	'OX',
	'',
	1048578);
INSERT INTO O_REF
	VALUES (1048589,
	1048587,
	0,
	1048610,
	1048581,
	1048590,
	1048589,
	1048615,
	1048583,
	0,
	0,
	'');
INSERT INTO O_RATTR
	VALUES (1048615,
	1048589,
	1048606,
	1048586,
	0);
INSERT INTO O_ATTR
	VALUES (1048615,
	1048589,
	0,
	'ox_id',
	'',
	'',
	'ox_id',
	0,
	524296);
INSERT INTO O_NBATTR
	VALUES (1048616,
	1048589);
INSERT INTO O_BATTR
	VALUES (1048616,
	1048589);
INSERT INTO O_ATTR
	VALUES (1048616,
	1048589,
	1048615,
	'i',
	'',
	'',
	'i',
	0,
	524291);
INSERT INTO O_NBATTR
	VALUES (1048617,
	1048589);
INSERT INTO O_BATTR
	VALUES (1048617,
	1048589);
INSERT INTO O_ATTR
	VALUES (1048617,
	1048589,
	1048616,
	'ack_count',
	'',
	'',
	'ack_count',
	0,
	524291);
INSERT INTO O_NBATTR
	VALUES (1048618,
	1048589);
INSERT INTO O_BATTR
	VALUES (1048618,
	1048589);
INSERT INTO O_ATTR
	VALUES (1048618,
	1048589,
	1048617,
	'current_state',
	'',
	'',
	'current_state',
	0,
	524295);
INSERT INTO O_ID
	VALUES (0,
	1048589);
INSERT INTO O_OIDA
	VALUES (1048615,
	1048589,
	0);
INSERT INTO SM_ISM
	VALUES (6815757,
	1048589);
INSERT INTO SM_SM
	VALUES (6815757,
	'',
	13);
INSERT INTO SM_MOORE
	VALUES (6815757);
INSERT INTO SM_EVTDI
	VALUES (6815745,
	6815757,
	'id',
	'',
	524294);
INSERT INTO SM_SUPDT
	VALUES (6815745,
	6815757,
	0);
INSERT INTO SM_SUPDT
	VALUES (6815746,
	6815757,
	0);
INSERT INTO SM_SDI
	VALUES (6815745,
	6815746,
	6815757);
INSERT INTO SM_STATE
	VALUES (6815745,
	6815757,
	6815745,
	'Starting IC10 Test',
	2,
	0);
INSERT INTO SM_LEVT
	VALUES (6815745,
	6815757,
	6815745);
INSERT INTO SM_SEVT
	VALUES (6815745,
	6815757,
	6815745);
INSERT INTO SM_EVT
	VALUES (6815745,
	6815757,
	6815745,
	1,
	'Start IC10 Test',
	0,
	'',
	'OX1',
	'');
INSERT INTO SM_EIGN
	VALUES (6815745,
	6815745,
	6815757,
	6815745,
	'');
INSERT INTO SM_SEME
	VALUES (6815745,
	6815745,
	6815757,
	6815745);
INSERT INTO SM_LEVT
	VALUES (6815746,
	6815757,
	6815746);
INSERT INTO SM_SEVT
	VALUES (6815746,
	6815757,
	6815746);
INSERT INTO SM_EVT
	VALUES (6815746,
	6815757,
	6815746,
	2,
	'Verify Rel with 1st Supertype',
	0,
	'',
	'OX2',
	'');
INSERT INTO SM_EIGN
	VALUES (6815745,
	6815746,
	6815757,
	6815746,
	'');
INSERT INTO SM_SEME
	VALUES (6815745,
	6815746,
	6815757,
	6815746);
INSERT INTO SM_LEVT
	VALUES (6815747,
	6815757,
	6815746);
INSERT INTO SM_SEVT
	VALUES (6815747,
	6815757,
	6815746);
INSERT INTO SM_EVT
	VALUES (6815747,
	6815757,
	6815746,
	3,
	'Verify Rel with 2nd Supertype',
	0,
	'',
	'OX3',
	'');
INSERT INTO SM_EIGN
	VALUES (6815745,
	6815747,
	6815757,
	6815746,
	'');
INSERT INTO SM_SEME
	VALUES (6815745,
	6815747,
	6815757,
	6815746);
INSERT INTO SM_LEVT
	VALUES (6815748,
	6815757,
	6815745);
INSERT INTO SM_SEVT
	VALUES (6815748,
	6815757,
	6815745);
INSERT INTO SM_EVT
	VALUES (6815748,
	6815757,
	6815745,
	4,
	'1st Supertype Rel OK',
	0,
	'',
	'OX4',
	'');
INSERT INTO SM_SEME
	VALUES (6815745,
	6815748,
	6815757,
	6815745);
INSERT INTO SM_LEVT
	VALUES (6815749,
	6815757,
	6815745);
INSERT INTO SM_SEVT
	VALUES (6815749,
	6815757,
	6815745);
INSERT INTO SM_EVT
	VALUES (6815749,
	6815757,
	6815745,
	5,
	'2nd Supertype Rel OK',
	0,
	'',
	'OX5',
	'');
INSERT INTO SM_SEME
	VALUES (6815745,
	6815749,
	6815757,
	6815745);
INSERT INTO SM_LEVT
	VALUES (6815750,
	6815757,
	6815745);
INSERT INTO SM_SEVT
	VALUES (6815750,
	6815757,
	6815745);
INSERT INTO SM_EVT
	VALUES (6815750,
	6815757,
	6815745,
	6,
	'Finish IC10 Test',
	0,
	'',
	'OX6',
	'');
INSERT INTO SM_CH
	VALUES (6815745,
	6815750,
	6815757,
	6815745,
	'');
INSERT INTO SM_SEME
	VALUES (6815745,
	6815750,
	6815757,
	6815745);
INSERT INTO SM_LEVT
	VALUES (6815751,
	6815757,
	6815745);
INSERT INTO SM_SEVT
	VALUES (6815751,
	6815757,
	6815745);
INSERT INTO SM_EVT
	VALUES (6815751,
	6815757,
	6815745,
	7,
	'Continue IC10 Test',
	0,
	'',
	'OX7',
	'');
INSERT INTO SM_CH
	VALUES (6815745,
	6815751,
	6815757,
	6815745,
	'');
INSERT INTO SM_SEME
	VALUES (6815745,
	6815751,
	6815757,
	6815745);
INSERT INTO SM_STATE
	VALUES (6815746,
	6815757,
	6815746,
	'Verifying Rel with 1st Supertype',
	3,
	0);
INSERT INTO SM_CH
	VALUES (6815746,
	6815745,
	6815757,
	6815745,
	'');
INSERT INTO SM_SEME
	VALUES (6815746,
	6815745,
	6815757,
	6815745);
INSERT INTO SM_CH
	VALUES (6815746,
	6815746,
	6815757,
	6815746,
	'');
INSERT INTO SM_SEME
	VALUES (6815746,
	6815746,
	6815757,
	6815746);
INSERT INTO SM_CH
	VALUES (6815746,
	6815747,
	6815757,
	6815746,
	'');
INSERT INTO SM_SEME
	VALUES (6815746,
	6815747,
	6815757,
	6815746);
INSERT INTO SM_CH
	VALUES (6815746,
	6815748,
	6815757,
	6815745,
	'');
INSERT INTO SM_SEME
	VALUES (6815746,
	6815748,
	6815757,
	6815745);
INSERT INTO SM_CH
	VALUES (6815746,
	6815749,
	6815757,
	6815745,
	'');
INSERT INTO SM_SEME
	VALUES (6815746,
	6815749,
	6815757,
	6815745);
INSERT INTO SM_CH
	VALUES (6815746,
	6815750,
	6815757,
	6815745,
	'');
INSERT INTO SM_SEME
	VALUES (6815746,
	6815750,
	6815757,
	6815745);
INSERT INTO SM_CH
	VALUES (6815746,
	6815751,
	6815757,
	6815745,
	'');
INSERT INTO SM_SEME
	VALUES (6815746,
	6815751,
	6815757,
	6815745);
INSERT INTO SM_STATE
	VALUES (6815747,
	6815757,
	6815746,
	'Verifying Rel with 2nd Supertype',
	4,
	0);
INSERT INTO SM_CH
	VALUES (6815747,
	6815745,
	6815757,
	6815745,
	'');
INSERT INTO SM_SEME
	VALUES (6815747,
	6815745,
	6815757,
	6815745);
INSERT INTO SM_CH
	VALUES (6815747,
	6815746,
	6815757,
	6815746,
	'');
INSERT INTO SM_SEME
	VALUES (6815747,
	6815746,
	6815757,
	6815746);
INSERT INTO SM_CH
	VALUES (6815747,
	6815747,
	6815757,
	6815746,
	'');
INSERT INTO SM_SEME
	VALUES (6815747,
	6815747,
	6815757,
	6815746);
INSERT INTO SM_CH
	VALUES (6815747,
	6815748,
	6815757,
	6815745,
	'');
INSERT INTO SM_SEME
	VALUES (6815747,
	6815748,
	6815757,
	6815745);
INSERT INTO SM_CH
	VALUES (6815747,
	6815749,
	6815757,
	6815745,
	'');
INSERT INTO SM_SEME
	VALUES (6815747,
	6815749,
	6815757,
	6815745);
INSERT INTO SM_CH
	VALUES (6815747,
	6815750,
	6815757,
	6815745,
	'');
INSERT INTO SM_SEME
	VALUES (6815747,
	6815750,
	6815757,
	6815745);
INSERT INTO SM_CH
	VALUES (6815747,
	6815751,
	6815757,
	6815745,
	'');
INSERT INTO SM_SEME
	VALUES (6815747,
	6815751,
	6815757,
	6815745);
INSERT INTO SM_STATE
	VALUES (6815748,
	6815757,
	6815745,
	'Waiting for Acks',
	5,
	0);
INSERT INTO SM_CH
	VALUES (6815748,
	6815745,
	6815757,
	6815745,
	'');
INSERT INTO SM_SEME
	VALUES (6815748,
	6815745,
	6815757,
	6815745);
INSERT INTO SM_EIGN
	VALUES (6815748,
	6815746,
	6815757,
	6815746,
	'');
INSERT INTO SM_SEME
	VALUES (6815748,
	6815746,
	6815757,
	6815746);
INSERT INTO SM_CH
	VALUES (6815748,
	6815747,
	6815757,
	6815746,
	'');
INSERT INTO SM_SEME
	VALUES (6815748,
	6815747,
	6815757,
	6815746);
INSERT INTO SM_SEME
	VALUES (6815748,
	6815748,
	6815757,
	6815745);
INSERT INTO SM_SEME
	VALUES (6815748,
	6815749,
	6815757,
	6815745);
INSERT INTO SM_SEME
	VALUES (6815748,
	6815750,
	6815757,
	6815745);
INSERT INTO SM_CH
	VALUES (6815748,
	6815751,
	6815757,
	6815745,
	'');
INSERT INTO SM_SEME
	VALUES (6815748,
	6815751,
	6815757,
	6815745);
INSERT INTO SM_STATE
	VALUES (6815749,
	6815757,
	6815745,
	'Finishing IC10 Test',
	6,
	1);
INSERT INTO SM_CH
	VALUES (6815749,
	6815745,
	6815757,
	6815745,
	'');
INSERT INTO SM_SEME
	VALUES (6815749,
	6815745,
	6815757,
	6815745);
INSERT INTO SM_CH
	VALUES (6815749,
	6815746,
	6815757,
	6815746,
	'');
INSERT INTO SM_SEME
	VALUES (6815749,
	6815746,
	6815757,
	6815746);
INSERT INTO SM_CH
	VALUES (6815749,
	6815747,
	6815757,
	6815746,
	'');
INSERT INTO SM_SEME
	VALUES (6815749,
	6815747,
	6815757,
	6815746);
INSERT INTO SM_CH
	VALUES (6815749,
	6815748,
	6815757,
	6815745,
	'');
INSERT INTO SM_SEME
	VALUES (6815749,
	6815748,
	6815757,
	6815745);
INSERT INTO SM_CH
	VALUES (6815749,
	6815749,
	6815757,
	6815745,
	'');
INSERT INTO SM_SEME
	VALUES (6815749,
	6815749,
	6815757,
	6815745);
INSERT INTO SM_CH
	VALUES (6815749,
	6815750,
	6815757,
	6815745,
	'');
INSERT INTO SM_SEME
	VALUES (6815749,
	6815750,
	6815757,
	6815745);
INSERT INTO SM_CH
	VALUES (6815749,
	6815751,
	6815757,
	6815745,
	'');
INSERT INTO SM_SEME
	VALUES (6815749,
	6815751,
	6815757,
	6815745);
INSERT INTO SM_STATE
	VALUES (6815750,
	6815757,
	6815745,
	'Initial State',
	1,
	0);
INSERT INTO SM_SEME
	VALUES (6815750,
	6815745,
	6815757,
	6815745);
INSERT INTO SM_SEME
	VALUES (6815750,
	6815746,
	6815757,
	6815746);
INSERT INTO SM_SEME
	VALUES (6815750,
	6815747,
	6815757,
	6815746);
INSERT INTO SM_CH
	VALUES (6815750,
	6815748,
	6815757,
	6815745,
	'');
INSERT INTO SM_SEME
	VALUES (6815750,
	6815748,
	6815757,
	6815745);
INSERT INTO SM_CH
	VALUES (6815750,
	6815749,
	6815757,
	6815745,
	'');
INSERT INTO SM_SEME
	VALUES (6815750,
	6815749,
	6815757,
	6815745);
INSERT INTO SM_CH
	VALUES (6815750,
	6815750,
	6815757,
	6815745,
	'');
INSERT INTO SM_SEME
	VALUES (6815750,
	6815750,
	6815757,
	6815745);
INSERT INTO SM_SEME
	VALUES (6815750,
	6815751,
	6815757,
	6815745);
INSERT INTO SM_NSTXN
	VALUES (6815745,
	6815757,
	6815748,
	6815750,
	6815745);
INSERT INTO SM_TXN
	VALUES (6815745,
	6815757,
	6815749,
	6815745);
INSERT INTO SM_NSTXN
	VALUES (6815746,
	6815757,
	6815748,
	6815748,
	6815745);
INSERT INTO SM_TXN
	VALUES (6815746,
	6815757,
	6815748,
	6815745);
INSERT INTO SM_NSTXN
	VALUES (6815747,
	6815757,
	6815748,
	6815749,
	6815745);
INSERT INTO SM_TXN
	VALUES (6815747,
	6815757,
	6815748,
	6815745);
INSERT INTO SM_NSTXN
	VALUES (6815748,
	6815757,
	6815745,
	6815748,
	6815745);
INSERT INTO SM_TXN
	VALUES (6815748,
	6815757,
	6815748,
	6815745);
INSERT INTO SM_NSTXN
	VALUES (6815749,
	6815757,
	6815745,
	6815749,
	6815745);
INSERT INTO SM_TXN
	VALUES (6815749,
	6815757,
	6815748,
	6815745);
INSERT INTO SM_NSTXN
	VALUES (6815750,
	6815757,
	6815750,
	6815745,
	6815745);
INSERT INTO SM_TXN
	VALUES (6815750,
	6815757,
	6815750,
	6815745);
INSERT INTO SM_NSTXN
	VALUES (6815751,
	6815757,
	6815750,
	6815747,
	6815746);
INSERT INTO SM_TXN
	VALUES (6815751,
	6815757,
	6815747,
	6815746);
INSERT INTO SM_NSTXN
	VALUES (6815752,
	6815757,
	6815750,
	6815746,
	6815746);
INSERT INTO SM_TXN
	VALUES (6815752,
	6815757,
	6815746,
	6815746);
INSERT INTO SM_NSTXN
	VALUES (6815753,
	6815757,
	6815750,
	6815751,
	6815745);
INSERT INTO SM_TXN
	VALUES (6815753,
	6815757,
	6815745,
	6815745);
INSERT INTO SM_MOAH
	VALUES (6815745,
	6815757,
	6815745);
INSERT INTO SM_AH
	VALUES (6815745,
	6815757);
INSERT INTO SM_ACT
	VALUES (6815745,
	6815757,
	1,
	'select one oneov related by self->OV[R11] where selected.i == 69;
if ( oneov.ov_id == self.ox_id)
  LOG::LogSuccess(message:"IC10: OX - select one <2nd_sup_inst> related by self-><2nd_sup_obj>[REL]") ;
else
  LOG::LogFailure(message:"IC10: OX - select one <2nd_sup_inst> related by self-><2nd_sup_obj>[REL]") ; 
end if;

select one oneou related by self->OV[R11]->OU[R10] where selected.i == 69;
if ( oneou.ou_id == self.ox_id)
  LOG::LogSuccess(message:"IC10: OX - select one <1st_sup_inst> related by self-><2nd_sup_obj>[REL]-><1st_sup_obj>[REL]") ;
else
  LOG::LogFailure(message:"IC10: OX - select one <1st_sup_inst> related by self-><2nd_sup_obj>[REL]-><1st_sup_obj>[REL]") ; 
end if;

assign self.ack_count = 2;
generate OU3:''Verify Rel with Subtype''(id:self.ox_id) to oneou;
generate OV3:''Verify Rel with Subtype''(id:self.ox_id) to oneov;',
	'');
INSERT INTO SM_MOAH
	VALUES (6815746,
	6815757,
	6815746);
INSERT INTO SM_AH
	VALUES (6815746,
	6815757);
INSERT INTO SM_ACT
	VALUES (6815746,
	6815757,
	1,
	'select one ou related by self->OV[R11]->OU[R10] where selected.i == 69;
if (ou.ou_id == rcvd_evt.id)
  LOG::LogSuccess(message:"IC10: OX - Verifying Rel with 1st Supertype Instance") ;
  generate OU4:''Subtype Rel OK''() to ou;
else 
  LOG::LogFailure(message:"IC10: OX - Verifying Rel with 1st Supertype Instance") ;
end if;',
	'');
INSERT INTO SM_MOAH
	VALUES (6815747,
	6815757,
	6815747);
INSERT INTO SM_AH
	VALUES (6815747,
	6815757);
INSERT INTO SM_ACT
	VALUES (6815747,
	6815757,
	1,
	'select one ov related by self->OV[R11] where selected.i == 69;
if (ov.ov_id == rcvd_evt.id)
  LOG::LogSuccess(message:"IC10: OX - Verifying Rel with 2nd Supertype Instance") ;
  generate OV4:''Subtype Rel OK''() to ov;
else 
  LOG::LogFailure(message:"IC10: OX - Verifying Rel with 2nd Supertype Instance") ;
end if;',
	'');
INSERT INTO SM_MOAH
	VALUES (6815748,
	6815757,
	6815748);
INSERT INTO SM_AH
	VALUES (6815748,
	6815757);
INSERT INTO SM_ACT
	VALUES (6815748,
	6815757,
	1,
	'assign self.ack_count = self.ack_count -1;
if (self.ack_count == 0)
  generate OX6:''Finish IC10 Test''() to self;
end if;',
	'');
INSERT INTO SM_MOAH
	VALUES (6815749,
	6815757,
	6815749);
INSERT INTO SM_AH
	VALUES (6815749,
	6815757);
INSERT INTO SM_ACT
	VALUES (6815749,
	6815757,
	1,
	'//delete 
select one ov related by self->OV[R11] where selected.i == 69; 
select one ou related by self->OV[R11]->OU[R10] where selected.i == 69;

unrelate self from ov across R11;
unrelate ov from ou across R10;

delete object instance ov;
delete object instance ou;

//check delete object instance <2nd_sup_inst>
select one ov related by self->OV[R11] where selected.i == 69;
if (empty ov)
  LOG::LogSuccess(message:"IC10: OX - delete object instance <2nd_sup_inst>") ;
else
  LOG::LogFailure(message:"IC10: OX - delete object instance <2nd_sup_inst>") ;
end if;

// check delete object instance <1st_sup_inst> 
select one ou related by self->OV[R11]->OU[R10] where selected.i == 69;
if (empty ou)
  LOG::LogSuccess(message:"IC10: OX - delete object instance <1st_sup_inst>") ;
else
  LOG::LogFailure(message:"IC10: OX - delete object instance <1st_sup_inst>") ;
end if;

select any driver from instances of ICD;
generate ICD28:''IC10 Test X Complete''() to driver;',
	'');
INSERT INTO SM_MOAH
	VALUES (6815750,
	6815757,
	6815750);
INSERT INTO SM_AH
	VALUES (6815750,
	6815757);
INSERT INTO SM_ACT
	VALUES (6815750,
	6815757,
	1,
	'
generate OX7:''Continue IC10 Test''() to self;
',
	'');
INSERT INTO GD_MD
	VALUES (6815745,
	8,
	6815757,
	40,
	1,
	0,
	1,
	1,
	0,
	12,
	1600,
	4200,
	1.000000,
	0);
INSERT INTO GD_GE
	VALUES (6815746,
	6815745,
	6815745,
	41);
INSERT INTO GD_SHP
	VALUES (6815746,
	2016,
	1184,
	2272,
	1264);
INSERT INTO GD_GE
	VALUES (6815747,
	6815745,
	6815746,
	41);
INSERT INTO GD_SHP
	VALUES (6815747,
	1664,
	1184,
	1920,
	1264);
INSERT INTO GD_GE
	VALUES (6815748,
	6815745,
	6815747,
	41);
INSERT INTO GD_SHP
	VALUES (6815748,
	2352,
	1184,
	2592,
	1264);
INSERT INTO GD_GE
	VALUES (6815749,
	6815745,
	6815748,
	41);
INSERT INTO GD_SHP
	VALUES (6815749,
	2016,
	1360,
	2272,
	1440);
INSERT INTO GD_GE
	VALUES (6815750,
	6815745,
	6815749,
	41);
INSERT INTO GD_SHP
	VALUES (6815750,
	2016,
	1536,
	2272,
	1616);
INSERT INTO GD_GE
	VALUES (6815751,
	6815745,
	6815750,
	41);
INSERT INTO GD_SHP
	VALUES (6815751,
	2016,
	960,
	2272,
	1040);
INSERT INTO GD_GE
	VALUES (6815752,
	6815745,
	6815748,
	42);
INSERT INTO GD_CON
	VALUES (6815752,
	6815746,
	6815749,
	0);
INSERT INTO GD_CTXT
	VALUES (6815752,
	0,
	0,
	0,
	0,
	0,
	0,
	2112,
	1296,
	2320,
	1332,
	0,
	-1,
	0,
	0,
	0,
	0,
	0,
	0);
INSERT INTO GD_LS
	VALUES (6815753,
	6815752,
	2128,
	1264,
	2128,
	1360,
	0);
INSERT INTO GD_GE
	VALUES (6815754,
	6815745,
	6815746,
	42);
INSERT INTO GD_CON
	VALUES (6815754,
	6815749,
	6815749,
	0);
INSERT INTO GD_CTXT
	VALUES (6815754,
	0,
	0,
	0,
	0,
	0,
	0,
	2305,
	1375,
	2501,
	1417,
	1,
	-10,
	0,
	0,
	0,
	0,
	0,
	0);
INSERT INTO GD_LS
	VALUES (6815755,
	6815754,
	2272,
	1424,
	2320,
	1424,
	0);
INSERT INTO GD_LS
	VALUES (6815756,
	6815754,
	2320,
	1424,
	2320,
	1376,
	6815755);
INSERT INTO GD_LS
	VALUES (6815757,
	6815754,
	2320,
	1376,
	2272,
	1376,
	6815756);
INSERT INTO GD_GE
	VALUES (6815758,
	6815745,
	6815745,
	42);
INSERT INTO GD_CON
	VALUES (6815758,
	6815749,
	6815750,
	0);
INSERT INTO GD_CTXT
	VALUES (6815758,
	0,
	0,
	0,
	0,
	0,
	0,
	2128,
	1472,
	2319,
	1524,
	0,
	-1,
	0,
	0,
	0,
	0,
	0,
	0);
INSERT INTO GD_LS
	VALUES (6815759,
	6815758,
	2144,
	1440,
	2144,
	1536,
	0);
INSERT INTO GD_GE
	VALUES (6815760,
	6815745,
	6815749,
	42);
INSERT INTO GD_CON
	VALUES (6815760,
	6815746,
	6815749,
	0);
INSERT INTO GD_CTXT
	VALUES (6815760,
	0,
	0,
	0,
	0,
	0,
	0,
	1843,
	1297,
	2024,
	1337,
	-173,
	0,
	0,
	0,
	0,
	0,
	0,
	0);
INSERT INTO GD_LS
	VALUES (6815761,
	6815760,
	2032,
	1264,
	2032,
	1360,
	0);
INSERT INTO GD_GE
	VALUES (6815762,
	6815745,
	6815747,
	42);
INSERT INTO GD_CON
	VALUES (6815762,
	6815749,
	6815749,
	0);
INSERT INTO GD_CTXT
	VALUES (6815762,
	0,
	0,
	0,
	0,
	0,
	0,
	1800,
	1384,
	1960,
	1423,
	-152,
	-1,
	0,
	0,
	0,
	0,
	0,
	0);
INSERT INTO GD_LS
	VALUES (6815763,
	6815762,
	2016,
	1424,
	1968,
	1424,
	0);
INSERT INTO GD_LS
	VALUES (6815764,
	6815762,
	1968,
	1424,
	1968,
	1376,
	6815763);
INSERT INTO GD_LS
	VALUES (6815765,
	6815762,
	1968,
	1376,
	2016,
	1376,
	6815764);
INSERT INTO GD_GE
	VALUES (6815766,
	6815745,
	6815753,
	42);
INSERT INTO GD_CON
	VALUES (6815766,
	6815751,
	6815746,
	0);
INSERT INTO GD_CTXT
	VALUES (6815766,
	0,
	0,
	0,
	0,
	0,
	0,
	2119,
	1103,
	2279,
	1137,
	23,
	6,
	0,
	0,
	0,
	0,
	0,
	0);
INSERT INTO GD_LS
	VALUES (6815767,
	6815766,
	2112,
	1040,
	2112,
	1184,
	0);
INSERT INTO GD_GE
	VALUES (6815768,
	6815745,
	6815752,
	42);
INSERT INTO GD_CON
	VALUES (6815768,
	6815751,
	6815747,
	0);
INSERT INTO GD_CTXT
	VALUES (6815768,
	0,
	0,
	0,
	0,
	0,
	0,
	1835,
	972,
	1989,
	1023,
	20,
	-21,
	0,
	0,
	0,
	0,
	0,
	0);
INSERT INTO GD_LS
	VALUES (6815769,
	6815768,
	2016,
	1008,
	1840,
	1008,
	0);
INSERT INTO GD_LS
	VALUES (6815770,
	6815768,
	1840,
	1008,
	1840,
	1184,
	6815769);
INSERT INTO GD_GE
	VALUES (6815771,
	6815745,
	6815751,
	42);
INSERT INTO GD_CON
	VALUES (6815771,
	6815751,
	6815748,
	0);
INSERT INTO GD_CTXT
	VALUES (6815771,
	0,
	0,
	0,
	0,
	0,
	0,
	2404,
	1036,
	2611,
	1088,
	20,
	19,
	0,
	0,
	0,
	0,
	0,
	0);
INSERT INTO GD_LS
	VALUES (6815772,
	6815771,
	2272,
	1008,
	2400,
	1008,
	0);
INSERT INTO GD_LS
	VALUES (6815773,
	6815771,
	2400,
	1008,
	2400,
	1184,
	6815772);
INSERT INTO GD_GE
	VALUES (6815774,
	6815745,
	6815750,
	42);
INSERT INTO GD_CON
	VALUES (6815774,
	6815751,
	6815751,
	0);
INSERT INTO GD_CTXT
	VALUES (6815774,
	0,
	0,
	0,
	0,
	0,
	0,
	2271,
	871,
	2411,
	905,
	24,
	0,
	0,
	0,
	0,
	0,
	0,
	0);
INSERT INTO GD_LS
	VALUES (6815775,
	6815774,
	2272,
	976,
	2320,
	976,
	0);
INSERT INTO GD_LS
	VALUES (6815776,
	6815774,
	2320,
	976,
	2320,
	896,
	6815775);
INSERT INTO GD_LS
	VALUES (6815777,
	6815774,
	2320,
	896,
	2160,
	896,
	6815776);
INSERT INTO GD_LS
	VALUES (6815778,
	6815774,
	2160,
	896,
	2160,
	960,
	6815777);
INSERT INTO O_OBJ
	VALUES (1048590,
	'Object Y',
	30,
	'OY',
	'',
	1048578);
INSERT INTO O_REF
	VALUES (1048590,
	1048587,
	0,
	1048610,
	1048581,
	1048591,
	1048589,
	1048619,
	1048584,
	0,
	0,
	'');
INSERT INTO O_RATTR
	VALUES (1048619,
	1048590,
	1048606,
	1048586,
	1);
INSERT INTO O_ATTR
	VALUES (1048619,
	1048590,
	0,
	'ov_id',
	'',
	'',
	'ov_id',
	0,
	524296);
INSERT INTO O_ID
	VALUES (0,
	1048590);
INSERT INTO O_OIDA
	VALUES (1048619,
	1048590,
	0);
INSERT INTO R_SUBSUP
	VALUES (1048577);
INSERT INTO R_REL
	VALUES (1048577,
	7,
	'',
	1048578);
INSERT INTO R_SUPER
	VALUES (1048579,
	1048577,
	1048577);
INSERT INTO R_RTO
	VALUES (1048579,
	1048577,
	1048577,
	0);
INSERT INTO R_OIR
	VALUES (1048579,
	1048577,
	1048577,
	0);
INSERT INTO R_SUB
	VALUES (1048580,
	1048577,
	1048578);
INSERT INTO R_RGO
	VALUES (1048580,
	1048577,
	1048578);
INSERT INTO R_OIR
	VALUES (1048580,
	1048577,
	1048578,
	0);
INSERT INTO R_SUB
	VALUES (1048581,
	1048577,
	1048579);
INSERT INTO R_RGO
	VALUES (1048581,
	1048577,
	1048579);
INSERT INTO R_OIR
	VALUES (1048581,
	1048577,
	1048579,
	0);
INSERT INTO R_SUBSUP
	VALUES (1048578);
INSERT INTO R_REL
	VALUES (1048578,
	8,
	'',
	1048578);
INSERT INTO R_SUPER
	VALUES (1048582,
	1048578,
	1048580);
INSERT INTO R_RTO
	VALUES (1048582,
	1048578,
	1048580,
	0);
INSERT INTO R_OIR
	VALUES (1048582,
	1048578,
	1048580,
	0);
INSERT INTO R_SUB
	VALUES (1048583,
	1048578,
	1048581);
INSERT INTO R_RGO
	VALUES (1048583,
	1048578,
	1048581);
INSERT INTO R_OIR
	VALUES (1048583,
	1048578,
	1048581,
	0);
INSERT INTO R_SUB
	VALUES (1048584,
	1048578,
	1048582);
INSERT INTO R_RGO
	VALUES (1048584,
	1048578,
	1048582);
INSERT INTO R_OIR
	VALUES (1048584,
	1048578,
	1048582,
	0);
INSERT INTO R_SUBSUP
	VALUES (1048579);
INSERT INTO R_REL
	VALUES (1048579,
	9,
	'',
	1048578);
INSERT INTO R_SUPER
	VALUES (1048585,
	1048579,
	1048583);
INSERT INTO R_RTO
	VALUES (1048585,
	1048579,
	1048583,
	0);
INSERT INTO R_OIR
	VALUES (1048585,
	1048579,
	1048583,
	0);
INSERT INTO R_SUB
	VALUES (1048583,
	1048579,
	1048584);
INSERT INTO R_RGO
	VALUES (1048583,
	1048579,
	1048584);
INSERT INTO R_OIR
	VALUES (1048583,
	1048579,
	1048584,
	0);
INSERT INTO R_SUB
	VALUES (1048584,
	1048579,
	1048585);
INSERT INTO R_RGO
	VALUES (1048584,
	1048579,
	1048585);
INSERT INTO R_OIR
	VALUES (1048584,
	1048579,
	1048585,
	0);
INSERT INTO R_SUBSUP
	VALUES (1048580);
INSERT INTO R_REL
	VALUES (1048580,
	10,
	'',
	1048578);
INSERT INTO R_SUPER
	VALUES (1048586,
	1048580,
	1048586);
INSERT INTO R_RTO
	VALUES (1048586,
	1048580,
	1048586,
	0);
INSERT INTO R_OIR
	VALUES (1048586,
	1048580,
	1048586,
	0);
INSERT INTO R_SUB
	VALUES (1048587,
	1048580,
	1048587);
INSERT INTO R_RGO
	VALUES (1048587,
	1048580,
	1048587);
INSERT INTO R_OIR
	VALUES (1048587,
	1048580,
	1048587,
	0);
INSERT INTO R_SUB
	VALUES (1048588,
	1048580,
	1048588);
INSERT INTO R_RGO
	VALUES (1048588,
	1048580,
	1048588);
INSERT INTO R_OIR
	VALUES (1048588,
	1048580,
	1048588,
	0);
INSERT INTO R_SUBSUP
	VALUES (1048581);
INSERT INTO R_REL
	VALUES (1048581,
	11,
	'',
	1048578);
INSERT INTO R_SUPER
	VALUES (1048587,
	1048581,
	1048589);
INSERT INTO R_RTO
	VALUES (1048587,
	1048581,
	1048589,
	0);
INSERT INTO R_OIR
	VALUES (1048587,
	1048581,
	1048589,
	0);
INSERT INTO R_SUB
	VALUES (1048589,
	1048581,
	1048590);
INSERT INTO R_RGO
	VALUES (1048589,
	1048581,
	1048590);
INSERT INTO R_OIR
	VALUES (1048589,
	1048581,
	1048590,
	0);
INSERT INTO R_SUB
	VALUES (1048590,
	1048581,
	1048591);
INSERT INTO R_RGO
	VALUES (1048590,
	1048581,
	1048591);
INSERT INTO R_OIR
	VALUES (1048590,
	1048581,
	1048591,
	0);
INSERT INTO GD_MD
	VALUES (1048584,
	5,
	1048578,
	11,
	1,
	0,
	1,
	1,
	0,
	12,
	1462,
	4027,
	1.000000,
	0);
INSERT INTO GD_GE
	VALUES (1048587,
	1048584,
	1048577,
	21);
INSERT INTO GD_SHP
	VALUES (1048587,
	1888,
	1440,
	2080,
	1568);
INSERT INTO GD_GE
	VALUES (1048588,
	1048584,
	1048578,
	21);
INSERT INTO GD_SHP
	VALUES (1048588,
	2416,
	1440,
	2608,
	1568);
INSERT INTO GD_GE
	VALUES (1048589,
	1048584,
	1048579,
	21);
INSERT INTO GD_SHP
	VALUES (1048589,
	1616,
	1440,
	1808,
	1568);
INSERT INTO GD_GE
	VALUES (1048590,
	1048584,
	1048580,
	21);
INSERT INTO GD_SHP
	VALUES (1048590,
	1456,
	1632,
	1648,
	1760);
INSERT INTO GD_GE
	VALUES (1048591,
	1048584,
	1048581,
	21);
INSERT INTO GD_SHP
	VALUES (1048591,
	1776,
	1632,
	1968,
	1760);
INSERT INTO GD_GE
	VALUES (1048592,
	1048584,
	1048582,
	21);
INSERT INTO GD_SHP
	VALUES (1048592,
	2688,
	1456,
	2880,
	1584);
INSERT INTO GD_GE
	VALUES (1048593,
	1048584,
	1048583,
	21);
INSERT INTO GD_SHP
	VALUES (1048593,
	2528,
	1648,
	2720,
	1776);
INSERT INTO GD_GE
	VALUES (1048594,
	1048584,
	1048584,
	21);
INSERT INTO GD_SHP
	VALUES (1048594,
	2848,
	1648,
	3040,
	1776);
INSERT INTO GD_GE
	VALUES (1048595,
	1048584,
	1048585,
	21);
INSERT INTO GD_SHP
	VALUES (1048595,
	2688,
	1856,
	2880,
	1984);
INSERT INTO GD_GE
	VALUES (1048596,
	1048584,
	1048586,
	21);
INSERT INTO GD_SHP
	VALUES (1048596,
	2192,
	1632,
	2384,
	1776);
INSERT INTO GD_GE
	VALUES (1048597,
	1048584,
	1048587,
	21);
INSERT INTO GD_SHP
	VALUES (1048597,
	2032,
	1872,
	2224,
	2016);
INSERT INTO GD_GE
	VALUES (1048598,
	1048584,
	1048588,
	21);
INSERT INTO GD_SHP
	VALUES (1048598,
	2352,
	1872,
	2544,
	2016);
INSERT INTO GD_GE
	VALUES (1048599,
	1048584,
	1048589,
	21);
INSERT INTO GD_SHP
	VALUES (1048599,
	1888,
	2128,
	2080,
	2272);
INSERT INTO GD_GE
	VALUES (1048600,
	1048584,
	1048590,
	21);
INSERT INTO GD_SHP
	VALUES (1048600,
	2192,
	2128,
	2384,
	2272);
INSERT INTO GD_GE
	VALUES (1048630,
	1048584,
	1048577,
	24);
INSERT INTO GD_CON
	VALUES (1048630,
	1048589,
	0,
	0);
INSERT INTO GD_CTXT
	VALUES (1048630,
	1606,
	1580,
	1706,
	1610,
	-65,
	7,
	0,
	0,
	0,
	0,
	0,
	0,
	1716,
	1573,
	1816,
	1603,
	45,
	8);
INSERT INTO GD_LS
	VALUES (1048631,
	1048630,
	1712,
	1568,
	1712,
	1600,
	0);
INSERT INTO GD_GE
	VALUES (1048632,
	1048584,
	0,
	-1);
INSERT INTO GD_CON
	VALUES (1048632,
	1048590,
	1048630,
	0);
INSERT INTO GD_CTXT
	VALUES (1048632,
	0,
	0,
	0,
	0,
	0,
	0,
	0,
	0,
	0,
	0,
	0,
	0,
	0,
	0,
	0,
	0,
	0,
	0);
INSERT INTO GD_LS
	VALUES (1048633,
	1048632,
	1536,
	1632,
	1536,
	1600,
	0);
INSERT INTO GD_LS
	VALUES (1048634,
	1048632,
	1536,
	1600,
	1712,
	1600,
	1048633);
INSERT INTO GD_GE
	VALUES (1048635,
	1048584,
	0,
	-1);
INSERT INTO GD_CON
	VALUES (1048635,
	1048591,
	1048630,
	0);
INSERT INTO GD_CTXT
	VALUES (1048635,
	0,
	0,
	0,
	0,
	0,
	0,
	0,
	0,
	0,
	0,
	0,
	0,
	0,
	0,
	0,
	0,
	0,
	0);
INSERT INTO GD_LS
	VALUES (1048636,
	1048635,
	1888,
	1632,
	1888,
	1600,
	0);
INSERT INTO GD_LS
	VALUES (1048637,
	1048635,
	1888,
	1600,
	1712,
	1600,
	1048636);
INSERT INTO GD_GE
	VALUES (1048638,
	1048584,
	1048578,
	24);
INSERT INTO GD_CON
	VALUES (1048638,
	1048592,
	0,
	0);
INSERT INTO GD_CTXT
	VALUES (1048638,
	2680,
	1589,
	2780,
	1619,
	-63,
	0,
	0,
	0,
	0,
	0,
	0,
	0,
	2783,
	1587,
	2883,
	1617,
	40,
	6);
INSERT INTO GD_LS
	VALUES (1048639,
	1048638,
	2784,
	1584,
	2784,
	1616,
	0);
INSERT INTO GD_GE
	VALUES (1048640,
	1048584,
	1048579,
	24);
INSERT INTO GD_CON
	VALUES (1048640,
	1048595,
	0,
	0);
INSERT INTO GD_CTXT
	VALUES (1048640,
	2676,
	1822,
	2776,
	1852,
	-67,
	1,
	0,
	0,
	0,
	0,
	0,
	0,
	2786,
	1821,
	2886,
	1851,
	43,
	-8);
INSERT INTO GD_LS
	VALUES (1048641,
	1048640,
	2784,
	1856,
	2784,
	1824,
	0);
INSERT INTO GD_GE
	VALUES (1048642,
	1048584,
	0,
	-1);
INSERT INTO GD_CON
	VALUES (1048642,
	1048593,
	1048640,
	0);
INSERT INTO GD_CTXT
	VALUES (1048642,
	0,
	0,
	0,
	0,
	0,
	0,
	0,
	0,
	0,
	0,
	0,
	0,
	0,
	0,
	0,
	0,
	0,
	0);
INSERT INTO GD_LS
	VALUES (1048643,
	1048642,
	2608,
	1776,
	2608,
	1824,
	0);
INSERT INTO GD_LS
	VALUES (1048644,
	1048642,
	2608,
	1824,
	2784,
	1824,
	1048643);
INSERT INTO GD_GE
	VALUES (1048645,
	1048584,
	0,
	-1);
INSERT INTO GD_CON
	VALUES (1048645,
	1048594,
	1048640,
	0);
INSERT INTO GD_CTXT
	VALUES (1048645,
	0,
	0,
	0,
	0,
	0,
	0,
	0,
	0,
	0,
	0,
	0,
	0,
	0,
	0,
	0,
	0,
	0,
	0);
INSERT INTO GD_LS
	VALUES (1048646,
	1048645,
	2944,
	1776,
	2944,
	1824,
	0);
INSERT INTO GD_LS
	VALUES (1048647,
	1048645,
	2944,
	1824,
	2784,
	1824,
	1048646);
INSERT INTO GD_GE
	VALUES (1048648,
	1048584,
	0,
	-1);
INSERT INTO GD_CON
	VALUES (1048648,
	1048593,
	1048638,
	0);
INSERT INTO GD_CTXT
	VALUES (1048648,
	0,
	0,
	0,
	0,
	0,
	0,
	0,
	0,
	0,
	0,
	0,
	0,
	0,
	0,
	0,
	0,
	0,
	0);
INSERT INTO GD_LS
	VALUES (1048649,
	1048648,
	2624,
	1648,
	2624,
	1616,
	0);
INSERT INTO GD_LS
	VALUES (1048650,
	1048648,
	2624,
	1616,
	2784,
	1616,
	1048649);
INSERT INTO GD_GE
	VALUES (1048651,
	1048584,
	0,
	-1);
INSERT INTO GD_CON
	VALUES (1048651,
	1048594,
	1048638,
	0);
INSERT INTO GD_CTXT
	VALUES (1048651,
	0,
	0,
	0,
	0,
	0,
	0,
	0,
	0,
	0,
	0,
	0,
	0,
	0,
	0,
	0,
	0,
	0,
	0);
INSERT INTO GD_LS
	VALUES (1048652,
	1048651,
	2960,
	1648,
	2960,
	1616,
	0);
INSERT INTO GD_LS
	VALUES (1048653,
	1048651,
	2960,
	1616,
	2784,
	1616,
	1048652);
INSERT INTO GD_GE
	VALUES (1048654,
	1048584,
	1048580,
	24);
INSERT INTO GD_CON
	VALUES (1048654,
	1048596,
	0,
	0);
INSERT INTO GD_CTXT
	VALUES (1048654,
	2276,
	1780,
	2376,
	1810,
	45,
	-1,
	0,
	0,
	0,
	0,
	0,
	0,
	2184,
	1778,
	2284,
	1808,
	-47,
	5);
INSERT INTO GD_LS
	VALUES (1048655,
	1048654,
	2272,
	1776,
	2272,
	1808,
	0);
INSERT INTO GD_GE
	VALUES (1048656,
	1048584,
	1048581,
	24);
INSERT INTO GD_CON
	VALUES (1048656,
	1048597,
	0,
	0);
INSERT INTO GD_CTXT
	VALUES (1048656,
	2018,
	2021,
	2118,
	2051,
	-69,
	0,
	0,
	0,
	0,
	0,
	0,
	0,
	2123,
	2030,
	2223,
	2060,
	36,
	1);
INSERT INTO GD_LS
	VALUES (1048657,
	1048656,
	2128,
	2016,
	2128,
	2064,
	0);
INSERT INTO GD_GE
	VALUES (1048658,
	1048584,
	0,
	-1);
INSERT INTO GD_CON
	VALUES (1048658,
	1048597,
	1048654,
	0);
INSERT INTO GD_CTXT
	VALUES (1048658,
	0,
	0,
	0,
	0,
	0,
	0,
	0,
	0,
	0,
	0,
	0,
	0,
	0,
	0,
	0,
	0,
	0,
	0);
INSERT INTO GD_LS
	VALUES (1048659,
	1048658,
	2112,
	1872,
	2112,
	1808,
	0);
INSERT INTO GD_LS
	VALUES (1048660,
	1048658,
	2112,
	1808,
	2272,
	1808,
	1048659);
INSERT INTO GD_GE
	VALUES (1048661,
	1048584,
	0,
	-1);
INSERT INTO GD_CON
	VALUES (1048661,
	1048598,
	1048654,
	0);
INSERT INTO GD_CTXT
	VALUES (1048661,
	0,
	0,
	0,
	0,
	0,
	0,
	0,
	0,
	0,
	0,
	0,
	0,
	0,
	0,
	0,
	0,
	0,
	0);
INSERT INTO GD_LS
	VALUES (1048662,
	1048661,
	2464,
	1872,
	2464,
	1808,
	0);
INSERT INTO GD_LS
	VALUES (1048663,
	1048661,
	2464,
	1808,
	2272,
	1808,
	1048662);
INSERT INTO GD_GE
	VALUES (1048664,
	1048584,
	0,
	-1);
INSERT INTO GD_CON
	VALUES (1048664,
	1048599,
	1048656,
	0);
INSERT INTO GD_CTXT
	VALUES (1048664,
	0,
	0,
	0,
	0,
	0,
	0,
	0,
	0,
	0,
	0,
	0,
	0,
	0,
	0,
	0,
	0,
	0,
	0);
INSERT INTO GD_LS
	VALUES (1048665,
	1048664,
	1968,
	2128,
	1968,
	2064,
	0);
INSERT INTO GD_LS
	VALUES (1048666,
	1048664,
	1968,
	2064,
	2128,
	2064,
	1048665);
INSERT INTO GD_GE
	VALUES (1048667,
	1048584,
	0,
	-1);
INSERT INTO GD_CON
	VALUES (1048667,
	1048600,
	1048656,
	0);
INSERT INTO GD_CTXT
	VALUES (1048667,
	0,
	0,
	0,
	0,
	0,
	0,
	0,
	0,
	0,
	0,
	0,
	0,
	0,
	0,
	0,
	0,
	0,
	0);
INSERT INTO GD_LS
	VALUES (1048668,
	1048667,
	2288,
	2128,
	2288,
	2064,
	0);
INSERT INTO GD_LS
	VALUES (1048669,
	1048667,
	2288,
	2064,
	2128,
	2064,
	1048668);
INSERT INTO GD_MD
	VALUES (1048585,
	6,
	1048578,
	11,
	1,
	0,
	1,
	1,
	0,
	12,
	1600,
	4200,
	1.000000,
	0);
INSERT INTO GD_GE
	VALUES (1048601,
	1048585,
	1048577,
	21);
INSERT INTO GD_SHP
	VALUES (1048601,
	1712,
	1216,
	1904,
	1280);
INSERT INTO GD_GE
	VALUES (1048602,
	1048585,
	1048578,
	21);
INSERT INTO GD_SHP
	VALUES (1048602,
	1712,
	1344,
	1904,
	1408);
INSERT INTO GD_GE
	VALUES (1048603,
	1048585,
	1048579,
	21);
INSERT INTO GD_SHP
	VALUES (1048603,
	2176,
	1456,
	2368,
	1520);
INSERT INTO GD_GE
	VALUES (1048604,
	1048585,
	1048580,
	21);
INSERT INTO GD_SHP
	VALUES (1048604,
	2176,
	1216,
	2368,
	1280);
INSERT INTO GD_GE
	VALUES (1048605,
	1048585,
	1048581,
	21);
INSERT INTO GD_SHP
	VALUES (1048605,
	2176,
	1584,
	2368,
	1648);
INSERT INTO GD_GE
	VALUES (1048606,
	1048585,
	1048582,
	21);
INSERT INTO GD_SHP
	VALUES (1048606,
	1712,
	1584,
	1904,
	1648);
INSERT INTO GD_GE
	VALUES (1048607,
	1048585,
	1048585,
	21);
INSERT INTO GD_SHP
	VALUES (1048607,
	1712,
	1696,
	1904,
	1760);
INSERT INTO GD_GE
	VALUES (1048608,
	1048585,
	1048583,
	21);
INSERT INTO GD_SHP
	VALUES (1048608,
	1712,
	1472,
	1904,
	1536);
INSERT INTO GD_GE
	VALUES (1048609,
	1048585,
	1048587,
	21);
INSERT INTO GD_SHP
	VALUES (1048609,
	2176,
	1328,
	2368,
	1392);
INSERT INTO GD_GE
	VALUES (1048610,
	1048585,
	1048589,
	21);
INSERT INTO GD_SHP
	VALUES (1048610,
	2176,
	1696,
	2368,
	1760);
INSERT INTO GD_GE
	VALUES (1048611,
	1048585,
	1048586,
	21);
INSERT INTO GD_SHP
	VALUES (1048611,
	1952,
	1216,
	2144,
	1280);
INSERT INTO GD_MD
	VALUES (1048586,
	7,
	1048578,
	11,
	1,
	0,
	1,
	1,
	0,
	12,
	1600,
	4200,
	1.000000,
	0);
INSERT INTO GD_GE
	VALUES (1048612,
	1048586,
	1048577,
	21);
INSERT INTO GD_SHP
	VALUES (1048612,
	1696,
	1104,
	1888,
	1168);
INSERT INTO GD_GE
	VALUES (1048613,
	1048586,
	1048578,
	21);
INSERT INTO GD_SHP
	VALUES (1048613,
	1984,
	1280,
	2176,
	1344);
INSERT INTO GD_GE
	VALUES (1048614,
	1048586,
	1048579,
	21);
INSERT INTO GD_SHP
	VALUES (1048614,
	2368,
	2176,
	2560,
	2240);
INSERT INTO GD_GE
	VALUES (1048615,
	1048586,
	1048580,
	21);
INSERT INTO GD_SHP
	VALUES (1048615,
	2352,
	2320,
	2544,
	2384);
INSERT INTO GD_GE
	VALUES (1048616,
	1048586,
	1048581,
	21);
INSERT INTO GD_SHP
	VALUES (1048616,
	2592,
	2320,
	2784,
	2384);
INSERT INTO GD_GE
	VALUES (1048617,
	1048586,
	1048582,
	21);
INSERT INTO GD_SHP
	VALUES (1048617,
	2896,
	1136,
	3088,
	1200);
INSERT INTO GD_GE
	VALUES (1048618,
	1048586,
	1048583,
	21);
INSERT INTO GD_SHP
	VALUES (1048618,
	2896,
	1344,
	3088,
	1408);
INSERT INTO GD_GE
	VALUES (1048619,
	1048586,
	1048584,
	21);
INSERT INTO GD_SHP
	VALUES (1048619,
	3008,
	1328,
	3200,
	1392);
INSERT INTO GD_GE
	VALUES (1048620,
	1048586,
	1048585,
	21);
INSERT INTO GD_SHP
	VALUES (1048620,
	2880,
	1536,
	3072,
	1600);
INSERT INTO GD_GE
	VALUES (1048621,
	1048586,
	1048586,
	21);
INSERT INTO GD_SHP
	VALUES (1048621,
	3216,
	1616,
	3408,
	1680);
INSERT INTO GD_GE
	VALUES (1048622,
	1048586,
	1048587,
	21);
INSERT INTO GD_SHP
	VALUES (1048622,
	3040,
	1872,
	3232,
	1936);
INSERT INTO GD_GE
	VALUES (1048623,
	1048586,
	1048588,
	21);
INSERT INTO GD_SHP
	VALUES (1048623,
	3312,
	1872,
	3504,
	1936);
INSERT INTO GD_GE
	VALUES (1048624,
	1048586,
	1048589,
	21);
INSERT INTO GD_SHP
	VALUES (1048624,
	3328,
	1408,
	3520,
	1472);
INSERT INTO GD_GE
	VALUES (1048625,
	1048586,
	1048590,
	21);
INSERT INTO GD_SHP
	VALUES (1048625,
	3232,
	2096,
	3424,
	2160);
