-- BP 6.1D content: domain syschar: 3

INSERT INTO S_DOM
	VALUES (2630000,
	'microwave',
	'Domain Mission: Microwave Application Domain

To capture the retained data and event sequencing associated with the use of a domestic microwave oven comprising :

* a magnetron tube (with variable power output settings)
* a turntable
* an internal light
* a beeper to signal when cooking is complete
* an oven door

Bridges to other Domains:

* To Control Panel (Application User Interface Domain)
* To PIO domain (not shown)
* To Timer domain


',
	1,
	1);
INSERT INTO S_CDT
	VALUES (524289,
	0);
INSERT INTO S_DT
	VALUES (524289,
	2630000,
	'void',
	'');
INSERT INTO S_CDT
	VALUES (524290,
	1);
INSERT INTO S_DT
	VALUES (524290,
	2630000,
	'boolean',
	'');
INSERT INTO S_CDT
	VALUES (524291,
	2);
INSERT INTO S_DT
	VALUES (524291,
	2630000,
	'integer',
	'');
INSERT INTO S_CDT
	VALUES (524292,
	3);
INSERT INTO S_DT
	VALUES (524292,
	2630000,
	'real',
	'');
INSERT INTO S_CDT
	VALUES (524293,
	4);
INSERT INTO S_DT
	VALUES (524293,
	2630000,
	'string',
	'');
INSERT INTO S_CDT
	VALUES (524294,
	5);
INSERT INTO S_DT
	VALUES (524294,
	2630000,
	'unique_id',
	'');
INSERT INTO S_CDT
	VALUES (524295,
	6);
INSERT INTO S_DT
	VALUES (524295,
	2630000,
	'state<State_Model>',
	'');
INSERT INTO S_CDT
	VALUES (524296,
	7);
INSERT INTO S_DT
	VALUES (524296,
	2630000,
	'same_as<Base_Attribute>',
	'');
INSERT INTO S_CDT
	VALUES (524297,
	8);
INSERT INTO S_DT
	VALUES (524297,
	2630000,
	'inst_ref<Object>',
	'');
INSERT INTO S_CDT
	VALUES (524298,
	9);
INSERT INTO S_DT
	VALUES (524298,
	2630000,
	'inst_ref_set<Object>',
	'');
INSERT INTO S_CDT
	VALUES (524299,
	10);
INSERT INTO S_DT
	VALUES (524299,
	2630000,
	'inst<Event>',
	'');
INSERT INTO S_CDT
	VALUES (524300,
	11);
INSERT INTO S_DT
	VALUES (524300,
	2630000,
	'inst<Mapping>',
	'');
INSERT INTO S_CDT
	VALUES (524301,
	12);
INSERT INTO S_DT
	VALUES (524301,
	2630000,
	'inst_ref<Mapping>',
	'');
INSERT INTO S_UDT
	VALUES (524302,
	524300,
	1);
INSERT INTO S_DT
	VALUES (524302,
	2630000,
	'date',
	'');
INSERT INTO S_UDT
	VALUES (524303,
	524300,
	2);
INSERT INTO S_DT
	VALUES (524303,
	2630000,
	'timestamp',
	'');
INSERT INTO S_UDT
	VALUES (524304,
	524301,
	3);
INSERT INTO S_DT
	VALUES (524304,
	2630000,
	'inst_ref<Timer>',
	'');
INSERT INTO S_EDT
	VALUES (524305);
INSERT INTO S_DT
	VALUES (524305,
	2630000,
	'tube_wattage',
	'');
INSERT INTO S_ENUM
	VALUES (524289,
	'low',
	'600w',
	524305);
INSERT INTO S_ENUM
	VALUES (524290,
	'med_low',
	'700w',
	524305);
INSERT INTO S_ENUM
	VALUES (524291,
	'medium',
	'800w',
	524305);
INSERT INTO S_ENUM
	VALUES (524292,
	'med_high',
	'900w',
	524305);
INSERT INTO S_ENUM
	VALUES (524293,
	'high',
	'1000w',
	524305);
INSERT INTO S_SYNC
	VALUES (524289,
	2630000,
	'init_func1',
	'',
	'',
	524289,
	1);
INSERT INTO S_SYNC
	VALUES (524290,
	2630000,
	'init_func2',
	'',
	'',
	524289,
	1);
INSERT INTO S_SYNC
	VALUES (524291,
	2630000,
	'init_func3',
	'',
	'',
	524289,
	1);
INSERT INTO S_EE
	VALUES (524289,
	'Time',
	'The Time external entity provides date, timestamp, and timer related operations.',
	'TIM',
	2630000);
INSERT INTO S_BRG
	VALUES (524289,
	524289,
	'current_date',
	'',
	1,
	524302,
	'',
	0);
INSERT INTO S_BRG
	VALUES (524290,
	524289,
	'create_date',
	'',
	1,
	524302,
	'',
	0);
INSERT INTO S_BPARM
	VALUES (524289,
	524290,
	'second',
	524291,
	0);
INSERT INTO S_BPARM
	VALUES (524290,
	524290,
	'minute',
	524291,
	0);
INSERT INTO S_BPARM
	VALUES (524291,
	524290,
	'hour',
	524291,
	0);
INSERT INTO S_BPARM
	VALUES (524292,
	524290,
	'day',
	524291,
	0);
INSERT INTO S_BPARM
	VALUES (524293,
	524290,
	'month',
	524291,
	0);
INSERT INTO S_BPARM
	VALUES (524294,
	524290,
	'year',
	524291,
	0);
INSERT INTO S_BRG
	VALUES (524291,
	524289,
	'get_second',
	'',
	1,
	524291,
	'',
	0);
INSERT INTO S_BPARM
	VALUES (524295,
	524291,
	'date',
	524302,
	0);
INSERT INTO S_BRG
	VALUES (524292,
	524289,
	'get_minute',
	'',
	1,
	524291,
	'',
	0);
INSERT INTO S_BPARM
	VALUES (524296,
	524292,
	'date',
	524302,
	0);
INSERT INTO S_BRG
	VALUES (524293,
	524289,
	'get_hour',
	'',
	1,
	524291,
	'',
	0);
INSERT INTO S_BPARM
	VALUES (524297,
	524293,
	'date',
	524302,
	0);
INSERT INTO S_BRG
	VALUES (524294,
	524289,
	'get_day',
	'',
	1,
	524291,
	'',
	0);
INSERT INTO S_BPARM
	VALUES (524298,
	524294,
	'date',
	524302,
	0);
INSERT INTO S_BRG
	VALUES (524295,
	524289,
	'get_month',
	'',
	1,
	524291,
	'',
	0);
INSERT INTO S_BPARM
	VALUES (524299,
	524295,
	'date',
	524302,
	0);
INSERT INTO S_BRG
	VALUES (524296,
	524289,
	'get_year',
	'',
	1,
	524291,
	'',
	0);
INSERT INTO S_BPARM
	VALUES (524300,
	524296,
	'date',
	524302,
	0);
INSERT INTO S_BRG
	VALUES (524297,
	524289,
	'current_clock',
	'',
	1,
	524303,
	'',
	0);
INSERT INTO S_BRG
	VALUES (524298,
	524289,
	'timer_start',
	'',
	1,
	524304,
	'',
	0);
INSERT INTO S_BPARM
	VALUES (524301,
	524298,
	'microseconds',
	524291,
	0);
INSERT INTO S_BPARM
	VALUES (524302,
	524298,
	'event_inst',
	524299,
	0);
INSERT INTO S_BRG
	VALUES (524299,
	524289,
	'timer_start_recurring',
	'',
	1,
	524304,
	'',
	0);
INSERT INTO S_BPARM
	VALUES (524303,
	524299,
	'microseconds',
	524291,
	0);
INSERT INTO S_BPARM
	VALUES (524304,
	524299,
	'event_inst',
	524299,
	0);
INSERT INTO S_BRG
	VALUES (524300,
	524289,
	'timer_remaining_time',
	'',
	1,
	524291,
	'',
	0);
INSERT INTO S_BPARM
	VALUES (524305,
	524300,
	'timer_inst_ref',
	524304,
	0);
INSERT INTO S_BRG
	VALUES (524301,
	524289,
	'timer_reset_time',
	'',
	1,
	524290,
	'',
	0);
INSERT INTO S_BPARM
	VALUES (524306,
	524301,
	'timer_inst_ref',
	524304,
	0);
INSERT INTO S_BPARM
	VALUES (524307,
	524301,
	'microseconds',
	524291,
	0);
INSERT INTO S_BRG
	VALUES (524302,
	524289,
	'timer_add_time',
	'',
	1,
	524290,
	'',
	0);
INSERT INTO S_BPARM
	VALUES (524308,
	524302,
	'timer_inst_ref',
	524304,
	0);
INSERT INTO S_BPARM
	VALUES (524309,
	524302,
	'microseconds',
	524291,
	0);
INSERT INTO S_BRG
	VALUES (524303,
	524289,
	'timer_cancel',
	'',
	1,
	524290,
	'',
	0);
INSERT INTO S_BPARM
	VALUES (524310,
	524303,
	'timer_inst_ref',
	524304,
	0);
INSERT INTO S_EE
	VALUES (524290,
	'Control Panel',
	'The Control Panel is used to simulate button presses on the microwave oven.  See the Object Communication Diagram (Asynchronous) for a detailed view of the events.',
	'CP',
	2630000);
INSERT INTO S_EE
	VALUES (524291,
	'Architecture',
	'The Architecture external entity is used to model a shutdown bridge operation. This operation is called when the system has finished the test scenario.  

When the microwave oven models are translated into code by the model compiler, the call to this bridge operation is mapped to an architecture method used to shut down the system.',
	'ARCH',
	2630000);
INSERT INTO S_BRG
	VALUES (524304,
	524291,
	'shutdown',
	'',
	0,
	524289,
	'',
	1);
INSERT INTO GD_MD
	VALUES (524289,
	1,
	2630000,
	1,
	1,
	0,
	1,
	1,
	0,
	12,
	1600,
	4189,
	1.000000,
	0);
INSERT INTO GD_GE
	VALUES (524293,
	524289,
	524289,
	12);
INSERT INTO GD_SHP
	VALUES (524293,
	1984,
	1504,
	2144,
	1600);
INSERT INTO GD_GE
	VALUES (524294,
	524289,
	524290,
	12);
INSERT INTO GD_SHP
	VALUES (524294,
	1872,
	1248,
	2032,
	1344);
INSERT INTO GD_GE
	VALUES (524295,
	524289,
	524291,
	12);
INSERT INTO GD_SHP
	VALUES (524295,
	1776,
	1504,
	1936,
	1600);
INSERT INTO GD_GE
	VALUES (524296,
	524289,
	1048578,
	11);
INSERT INTO GD_SHP
	VALUES (524296,
	1648,
	1344,
	1824,
	1472);
INSERT INTO GD_GE
	VALUES (524297,
	524289,
	4718601,
	11);
INSERT INTO GD_SHP
	VALUES (524297,
	1856,
	1360,
	2032,
	1472);
INSERT INTO GD_GE
	VALUES (524298,
	524289,
	5767179,
	11);
INSERT INTO GD_SHP
	VALUES (524298,
	2048,
	1360,
	2224,
	1472);
INSERT INTO GD_MD
	VALUES (524290,
	2,
	2630000,
	1,
	1,
	0,
	1,
	1,
	0,
	12,
	1681,
	4189,
	1.000000,
	0);
INSERT INTO GD_GE
	VALUES (524299,
	524290,
	1048578,
	11);
INSERT INTO GD_SHP
	VALUES (524299,
	1920,
	1264,
	2144,
	1360);
INSERT INTO GD_GE
	VALUES (524300,
	524290,
	4718601,
	11);
INSERT INTO GD_SHP
	VALUES (524300,
	1792,
	1424,
	2000,
	1536);
INSERT INTO GD_GE
	VALUES (524301,
	524290,
	5767179,
	11);
INSERT INTO GD_SHP
	VALUES (524301,
	2032,
	1440,
	2224,
	1536);
INSERT INTO GD_MD
	VALUES (524291,
	3,
	2630000,
	1,
	1,
	0,
	1,
	1,
	0,
	12,
	1600,
	4189,
	1.000000,
	0);
INSERT INTO GD_GE
	VALUES (524302,
	524291,
	1048578,
	11);
INSERT INTO GD_SHP
	VALUES (524302,
	1952,
	1248,
	2112,
	1344);
INSERT INTO GD_GE
	VALUES (524303,
	524291,
	4718601,
	11);
INSERT INTO GD_SHP
	VALUES (524303,
	1712,
	1456,
	1888,
	1552);
INSERT INTO GD_GE
	VALUES (524304,
	524291,
	5767179,
	11);
INSERT INTO GD_SHP
	VALUES (524304,
	2080,
	1456,
	2272,
	1568);
INSERT INTO GD_GE
	VALUES (524305,
	524291,
	524483,
	1005);
INSERT INTO GD_CON
	VALUES (524305,
	524303,
	524302,
	0);
INSERT INTO GD_CTXT
	VALUES (524305,
	0,
	0,
	0,
	0,
	0,
	0,
	1720,
	1287,
	1941,
	1391,
	-216,
	-123,
	0,
	0,
	0,
	0,
	0,
	0);
INSERT INTO GD_LS
	VALUES (524306,
	524305,
	1824,
	1476,
	2048,
	1344,
	0);
INSERT INTO GD_GE
	VALUES (524307,
	524291,
	524487,
	1005);
INSERT INTO GD_CON
	VALUES (524307,
	524304,
	524303,
	0);
INSERT INTO GD_CTXT
	VALUES (524307,
	0,
	0,
	0,
	0,
	0,
	0,
	1916,
	1490,
	2052,
	1514,
	-68,
	-30,
	0,
	0,
	0,
	0,
	0,
	0);
INSERT INTO GD_LS
	VALUES (524308,
	524307,
	2080,
	1520,
	1888,
	1520,
	0);
INSERT INTO GD_MD
	VALUES (524292,
	4,
	2630000,
	1,
	1,
	0,
	1,
	1,
	0,
	12,
	1600,
	4189,
	1.000000,
	0);
INSERT INTO GD_GE
	VALUES (524309,
	524292,
	1048578,
	11);
INSERT INTO GD_SHP
	VALUES (524309,
	1888,
	1264,
	2128,
	1360);
INSERT INTO GD_GE
	VALUES (524310,
	524292,
	4718601,
	11);
INSERT INTO GD_SHP
	VALUES (524310,
	1648,
	1248,
	1856,
	1360);
INSERT INTO GD_GE
	VALUES (524311,
	524292,
	5767179,
	11);
INSERT INTO GD_SHP
	VALUES (524311,
	1968,
	1536,
	2192,
	1648);
INSERT INTO GD_GE
	VALUES (524312,
	524292,
	524513,
	1005);
INSERT INTO GD_CON
	VALUES (524312,
	524311,
	524309,
	0);
INSERT INTO GD_CTXT
	VALUES (524312,
	0,
	0,
	0,
	0,
	0,
	0,
	2049,
	1389,
	2282,
	1473,
	24,
	-70,
	0,
	0,
	0,
	0,
	0,
	0);
INSERT INTO GD_LS
	VALUES (524313,
	524312,
	2064,
	1556,
	1984,
	1360,
	0);
INSERT INTO S_SS
	VALUES (1048578,
	'Microwave Oven',
	'The microwave oven subsystem models the microwave oven application',
	'MO',
	1,
	2630000,
	1048578);
INSERT INTO O_OBJ
	VALUES (1048577,
	'Oven',
	1,
	'MO_O',
	'The entire microwave oven assembly (with the exception of the Control Panel), comprising :

* a door
* an internal light
* a turntable
* a magnetron tube
* a beeper',
	1048578);
INSERT INTO O_NBATTR
	VALUES (1048577,
	1048577);
INSERT INTO O_BATTR
	VALUES (1048577,
	1048577);
INSERT INTO O_ATTR
	VALUES (1048577,
	1048577,
	0,
	'OvenID',
	'A uniquely assigned Oven identifier',
	'',
	'OvenID',
	0,
	524294);
INSERT INTO O_REF
	VALUES (1048577,
	1048578,
	0,
	1048586,
	1048577,
	1048577,
	1048578,
	1048578,
	1048577,
	0,
	0,
	'');
INSERT INTO O_RATTR
	VALUES (1048578,
	1048577,
	1048586,
	1048578,
	1);
INSERT INTO O_ATTR
	VALUES (1048578,
	1048577,
	1048577,
	'TubeID',
	'',
	'',
	'TubeID',
	0,
	524296);
INSERT INTO O_REF
	VALUES (1048577,
	1048579,
	0,
	1048589,
	1048578,
	1048579,
	1048580,
	1048579,
	1048578,
	0,
	0,
	'');
INSERT INTO O_RATTR
	VALUES (1048579,
	1048577,
	1048589,
	1048579,
	1);
INSERT INTO O_ATTR
	VALUES (1048579,
	1048577,
	1048578,
	'LightID',
	'',
	'',
	'LightID',
	0,
	524296);
INSERT INTO O_REF
	VALUES (1048577,
	1048580,
	0,
	1048591,
	1048579,
	1048581,
	1048582,
	1048580,
	1048579,
	0,
	0,
	'');
INSERT INTO O_RATTR
	VALUES (1048580,
	1048577,
	1048591,
	1048580,
	1);
INSERT INTO O_ATTR
	VALUES (1048580,
	1048577,
	1048579,
	'BeeperID',
	'',
	'',
	'BeeperID',
	0,
	524296);
INSERT INTO O_REF
	VALUES (1048577,
	1048581,
	0,
	1048596,
	1048580,
	1048584,
	1048583,
	1048581,
	1048580,
	0,
	0,
	'');
INSERT INTO O_RATTR
	VALUES (1048581,
	1048577,
	1048596,
	1048581,
	1);
INSERT INTO O_ATTR
	VALUES (1048581,
	1048577,
	1048580,
	'DoorID',
	'',
	'',
	'DoorID',
	0,
	524296);
INSERT INTO O_REF
	VALUES (1048577,
	1048582,
	0,
	1048599,
	1048581,
	1048585,
	1048586,
	1048582,
	1048581,
	0,
	0,
	'');
INSERT INTO O_RATTR
	VALUES (1048582,
	1048577,
	1048599,
	1048582,
	1);
INSERT INTO O_ATTR
	VALUES (1048582,
	1048577,
	1048581,
	'TurntableID',
	'',
	'',
	'TurntableID',
	0,
	524296);
INSERT INTO O_NBATTR
	VALUES (1048583,
	1048577);
INSERT INTO O_BATTR
	VALUES (1048583,
	1048577);
INSERT INTO O_ATTR
	VALUES (1048583,
	1048577,
	1048582,
	'oven_timer',
	'A local oven countdown timer, set and reset by the user via the Control Panel',
	'',
	'oven_timer',
	0,
	524304);
INSERT INTO O_NBATTR
	VALUES (1048584,
	1048577);
INSERT INTO O_BATTR
	VALUES (1048584,
	1048577);
INSERT INTO O_ATTR
	VALUES (1048584,
	1048577,
	1048583,
	'remaining_cooking_time',
	'Records any remaining cooking period when cooking is suspended as a consequence of the oven door being opened or the ''cancel'' key being pressed by the oven user. ',
	'',
	'remaining_cooking_time',
	0,
	524291);
INSERT INTO O_NBATTR
	VALUES (1048585,
	1048577);
INSERT INTO O_BATTR
	VALUES (1048585,
	1048577);
INSERT INTO O_ATTR
	VALUES (1048585,
	1048577,
	1048584,
	'current_state',
	'',
	'',
	'current_state',
	0,
	524295);
INSERT INTO O_ID
	VALUES (0,
	1048577);
INSERT INTO O_OIDA
	VALUES (1048577,
	1048577,
	0);
INSERT INTO SM_ISM
	VALUES (1572867,
	1048577);
INSERT INTO SM_SM
	VALUES (1572867,
	'',
	3);
INSERT INTO SM_MOORE
	VALUES (1572867);
INSERT INTO SM_EVTDI
	VALUES (1572865,
	1572867,
	'period',
	'',
	524291);
INSERT INTO SM_EVTDI
	VALUES (1572866,
	1572867,
	'confirmation',
	'',
	524299);
INSERT INTO SM_SUPDT
	VALUES (1572865,
	1572867,
	0);
INSERT INTO SM_SUPDT
	VALUES (1572866,
	1572867,
	0);
INSERT INTO SM_SDI
	VALUES (1572865,
	1572866,
	1572867);
INSERT INTO SM_STATE
	VALUES (1572865,
	1572867,
	1572865,
	'Awaiting Cooking Request',
	1,
	0);
INSERT INTO SM_LEVT
	VALUES (1572865,
	1572867,
	1572865);
INSERT INTO SM_SEVT
	VALUES (1572865,
	1572867,
	1572865);
INSERT INTO SM_EVT
	VALUES (1572865,
	1572867,
	1572865,
	1,
	'initialise',
	0,
	'',
	'MO_O1',
	'');
INSERT INTO SM_EIGN
	VALUES (1572865,
	1572865,
	1572867,
	1572865,
	'');
INSERT INTO SM_SEME
	VALUES (1572865,
	1572865,
	1572867,
	1572865);
INSERT INTO SM_LEVT
	VALUES (1572866,
	1572867,
	1572865);
INSERT INTO SM_SEVT
	VALUES (1572866,
	1572867,
	1572865);
INSERT INTO SM_EVT
	VALUES (1572866,
	1572867,
	1572865,
	3,
	'start_cooking',
	0,
	'',
	'MO_O3',
	'');
INSERT INTO SM_EIGN
	VALUES (1572865,
	1572866,
	1572867,
	1572865,
	'');
INSERT INTO SM_SEME
	VALUES (1572865,
	1572866,
	1572867,
	1572865);
INSERT INTO SM_LEVT
	VALUES (1572867,
	1572867,
	1572865);
INSERT INTO SM_SEVT
	VALUES (1572867,
	1572867,
	1572865);
INSERT INTO SM_EVT
	VALUES (1572867,
	1572867,
	1572865,
	4,
	'cancel_cooking',
	0,
	'',
	'MO_O4',
	'');
INSERT INTO SM_EIGN
	VALUES (1572865,
	1572867,
	1572867,
	1572865,
	'');
INSERT INTO SM_SEME
	VALUES (1572865,
	1572867,
	1572867,
	1572865);
INSERT INTO SM_LEVT
	VALUES (1572868,
	1572867,
	1572865);
INSERT INTO SM_SEVT
	VALUES (1572868,
	1572867,
	1572865);
INSERT INTO SM_EVT
	VALUES (1572868,
	1572867,
	1572865,
	2,
	'oven_initialised',
	0,
	'',
	'MO_O2',
	'');
INSERT INTO SM_EIGN
	VALUES (1572865,
	1572868,
	1572867,
	1572865,
	'');
INSERT INTO SM_SEME
	VALUES (1572865,
	1572868,
	1572867,
	1572865);
INSERT INTO SM_LEVT
	VALUES (1572869,
	1572867,
	1572865);
INSERT INTO SM_SEVT
	VALUES (1572869,
	1572867,
	1572865);
INSERT INTO SM_EVT
	VALUES (1572869,
	1572867,
	1572865,
	5,
	'cooking_period_over',
	0,
	'',
	'MO_O5',
	'');
INSERT INTO SM_EIGN
	VALUES (1572865,
	1572869,
	1572867,
	1572865,
	'');
INSERT INTO SM_SEME
	VALUES (1572865,
	1572869,
	1572867,
	1572865);
INSERT INTO SM_LEVT
	VALUES (1572870,
	1572867,
	1572865);
INSERT INTO SM_SEVT
	VALUES (1572870,
	1572867,
	1572865);
INSERT INTO SM_EVT
	VALUES (1572870,
	1572867,
	1572865,
	6,
	'beeping_over',
	0,
	'',
	'MO_O6',
	'');
INSERT INTO SM_EIGN
	VALUES (1572865,
	1572870,
	1572867,
	1572865,
	'');
INSERT INTO SM_SEME
	VALUES (1572865,
	1572870,
	1572867,
	1572865);
INSERT INTO SM_LEVT
	VALUES (1572871,
	1572867,
	1572865);
INSERT INTO SM_SEVT
	VALUES (1572871,
	1572867,
	1572865);
INSERT INTO SM_EVT
	VALUES (1572871,
	1572867,
	1572865,
	7,
	'oven_safe',
	0,
	'',
	'MO_O7',
	'');
INSERT INTO SM_EIGN
	VALUES (1572865,
	1572871,
	1572867,
	1572865,
	'');
INSERT INTO SM_SEME
	VALUES (1572865,
	1572871,
	1572867,
	1572865);
INSERT INTO SM_LEVT
	VALUES (1572872,
	1572867,
	1572866);
INSERT INTO SM_SEVT
	VALUES (1572872,
	1572867,
	1572866);
INSERT INTO SM_EVT
	VALUES (1572872,
	1572867,
	1572866,
	8,
	'cooking_period',
	0,
	'',
	'MO_O8',
	'');
INSERT INTO SM_SEME
	VALUES (1572865,
	1572872,
	1572867,
	1572866);
INSERT INTO SM_STATE
	VALUES (1572866,
	1572867,
	1572865,
	'Ensuring Safe to Cook',
	2,
	0);
INSERT INTO SM_EIGN
	VALUES (1572866,
	1572865,
	1572867,
	1572865,
	'');
INSERT INTO SM_SEME
	VALUES (1572866,
	1572865,
	1572867,
	1572865);
INSERT INTO SM_SEME
	VALUES (1572866,
	1572866,
	1572867,
	1572865);
INSERT INTO SM_SEME
	VALUES (1572866,
	1572867,
	1572867,
	1572865);
INSERT INTO SM_EIGN
	VALUES (1572866,
	1572868,
	1572867,
	1572865,
	'');
INSERT INTO SM_SEME
	VALUES (1572866,
	1572868,
	1572867,
	1572865);
INSERT INTO SM_EIGN
	VALUES (1572866,
	1572869,
	1572867,
	1572865,
	'');
INSERT INTO SM_SEME
	VALUES (1572866,
	1572869,
	1572867,
	1572865);
INSERT INTO SM_EIGN
	VALUES (1572866,
	1572870,
	1572867,
	1572865,
	'');
INSERT INTO SM_SEME
	VALUES (1572866,
	1572870,
	1572867,
	1572865);
INSERT INTO SM_SEME
	VALUES (1572866,
	1572871,
	1572867,
	1572865);
INSERT INTO SM_EIGN
	VALUES (1572866,
	1572872,
	1572867,
	1572866,
	'');
INSERT INTO SM_SEME
	VALUES (1572866,
	1572872,
	1572867,
	1572866);
INSERT INTO SM_STATE
	VALUES (1572867,
	1572867,
	1572865,
	'Cooking',
	3,
	0);
INSERT INTO SM_EIGN
	VALUES (1572867,
	1572865,
	1572867,
	1572865,
	'');
INSERT INTO SM_SEME
	VALUES (1572867,
	1572865,
	1572867,
	1572865);
INSERT INTO SM_EIGN
	VALUES (1572867,
	1572866,
	1572867,
	1572865,
	'');
INSERT INTO SM_SEME
	VALUES (1572867,
	1572866,
	1572867,
	1572865);
INSERT INTO SM_SEME
	VALUES (1572867,
	1572867,
	1572867,
	1572865);
INSERT INTO SM_EIGN
	VALUES (1572867,
	1572868,
	1572867,
	1572865,
	'');
INSERT INTO SM_SEME
	VALUES (1572867,
	1572868,
	1572867,
	1572865);
INSERT INTO SM_SEME
	VALUES (1572867,
	1572869,
	1572867,
	1572865);
INSERT INTO SM_EIGN
	VALUES (1572867,
	1572870,
	1572867,
	1572865,
	'');
INSERT INTO SM_SEME
	VALUES (1572867,
	1572870,
	1572867,
	1572865);
INSERT INTO SM_EIGN
	VALUES (1572867,
	1572871,
	1572867,
	1572865,
	'');
INSERT INTO SM_SEME
	VALUES (1572867,
	1572871,
	1572867,
	1572865);
INSERT INTO SM_EIGN
	VALUES (1572867,
	1572872,
	1572867,
	1572866,
	'');
INSERT INTO SM_SEME
	VALUES (1572867,
	1572872,
	1572867,
	1572866);
INSERT INTO SM_STATE
	VALUES (1572868,
	1572867,
	1572865,
	'Cooking Suspended',
	4,
	0);
INSERT INTO SM_EIGN
	VALUES (1572868,
	1572865,
	1572867,
	1572865,
	'');
INSERT INTO SM_SEME
	VALUES (1572868,
	1572865,
	1572867,
	1572865);
INSERT INTO SM_SEME
	VALUES (1572868,
	1572866,
	1572867,
	1572865);
INSERT INTO SM_SEME
	VALUES (1572868,
	1572867,
	1572867,
	1572865);
INSERT INTO SM_EIGN
	VALUES (1572868,
	1572868,
	1572867,
	1572865,
	'');
INSERT INTO SM_SEME
	VALUES (1572868,
	1572868,
	1572867,
	1572865);
INSERT INTO SM_EIGN
	VALUES (1572868,
	1572869,
	1572867,
	1572865,
	'');
INSERT INTO SM_SEME
	VALUES (1572868,
	1572869,
	1572867,
	1572865);
INSERT INTO SM_EIGN
	VALUES (1572868,
	1572870,
	1572867,
	1572865,
	'');
INSERT INTO SM_SEME
	VALUES (1572868,
	1572870,
	1572867,
	1572865);
INSERT INTO SM_EIGN
	VALUES (1572868,
	1572871,
	1572867,
	1572865,
	'');
INSERT INTO SM_SEME
	VALUES (1572868,
	1572871,
	1572867,
	1572865);
INSERT INTO SM_EIGN
	VALUES (1572868,
	1572872,
	1572867,
	1572866,
	'');
INSERT INTO SM_SEME
	VALUES (1572868,
	1572872,
	1572867,
	1572866);
INSERT INTO SM_STATE
	VALUES (1572869,
	1572867,
	1572865,
	'Signalling Cooking Period Over',
	5,
	0);
INSERT INTO SM_EIGN
	VALUES (1572869,
	1572865,
	1572867,
	1572865,
	'');
INSERT INTO SM_SEME
	VALUES (1572869,
	1572865,
	1572867,
	1572865);
INSERT INTO SM_EIGN
	VALUES (1572869,
	1572866,
	1572867,
	1572865,
	'');
INSERT INTO SM_SEME
	VALUES (1572869,
	1572866,
	1572867,
	1572865);
INSERT INTO SM_SEME
	VALUES (1572869,
	1572867,
	1572867,
	1572865);
INSERT INTO SM_EIGN
	VALUES (1572869,
	1572868,
	1572867,
	1572865,
	'');
INSERT INTO SM_SEME
	VALUES (1572869,
	1572868,
	1572867,
	1572865);
INSERT INTO SM_EIGN
	VALUES (1572869,
	1572869,
	1572867,
	1572865,
	'');
INSERT INTO SM_SEME
	VALUES (1572869,
	1572869,
	1572867,
	1572865);
INSERT INTO SM_SEME
	VALUES (1572869,
	1572870,
	1572867,
	1572865);
INSERT INTO SM_EIGN
	VALUES (1572869,
	1572871,
	1572867,
	1572865,
	'');
INSERT INTO SM_SEME
	VALUES (1572869,
	1572871,
	1572867,
	1572865);
INSERT INTO SM_EIGN
	VALUES (1572869,
	1572872,
	1572867,
	1572866,
	'');
INSERT INTO SM_SEME
	VALUES (1572869,
	1572872,
	1572867,
	1572866);
INSERT INTO SM_STATE
	VALUES (1572870,
	1572867,
	1572866,
	'Assigning Cooking Period',
	6,
	0);
INSERT INTO SM_EIGN
	VALUES (1572870,
	1572865,
	1572867,
	1572865,
	'');
INSERT INTO SM_SEME
	VALUES (1572870,
	1572865,
	1572867,
	1572865);
INSERT INTO SM_SEME
	VALUES (1572870,
	1572866,
	1572867,
	1572865);
INSERT INTO SM_EIGN
	VALUES (1572870,
	1572867,
	1572867,
	1572865,
	'');
INSERT INTO SM_SEME
	VALUES (1572870,
	1572867,
	1572867,
	1572865);
INSERT INTO SM_EIGN
	VALUES (1572870,
	1572868,
	1572867,
	1572865,
	'');
INSERT INTO SM_SEME
	VALUES (1572870,
	1572868,
	1572867,
	1572865);
INSERT INTO SM_EIGN
	VALUES (1572870,
	1572869,
	1572867,
	1572865,
	'');
INSERT INTO SM_SEME
	VALUES (1572870,
	1572869,
	1572867,
	1572865);
INSERT INTO SM_EIGN
	VALUES (1572870,
	1572870,
	1572867,
	1572865,
	'');
INSERT INTO SM_SEME
	VALUES (1572870,
	1572870,
	1572867,
	1572865);
INSERT INTO SM_EIGN
	VALUES (1572870,
	1572871,
	1572867,
	1572865,
	'');
INSERT INTO SM_SEME
	VALUES (1572870,
	1572871,
	1572867,
	1572865);
INSERT INTO SM_EIGN
	VALUES (1572870,
	1572872,
	1572867,
	1572866,
	'');
INSERT INTO SM_SEME
	VALUES (1572870,
	1572872,
	1572867,
	1572866);
INSERT INTO SM_NSTXN
	VALUES (1572865,
	1572867,
	1572867,
	1572869,
	1572865);
INSERT INTO SM_TXN
	VALUES (1572865,
	1572867,
	1572869,
	1572865);
INSERT INTO SM_NSTXN
	VALUES (1572866,
	1572867,
	1572867,
	1572867,
	1572865);
INSERT INTO SM_TXN
	VALUES (1572866,
	1572867,
	1572868,
	1572865);
INSERT INTO SM_NSTXN
	VALUES (1572867,
	1572867,
	1572868,
	1572867,
	1572865);
INSERT INTO SM_TXN
	VALUES (1572867,
	1572867,
	1572865,
	1572865);
INSERT INTO SM_NSTXN
	VALUES (1572868,
	1572867,
	1572869,
	1572870,
	1572865);
INSERT INTO SM_TXN
	VALUES (1572868,
	1572867,
	1572865,
	1572865);
INSERT INTO SM_NSTXN
	VALUES (1572869,
	1572867,
	1572866,
	1572867,
	1572865);
INSERT INTO SM_TXN
	VALUES (1572869,
	1572867,
	1572865,
	1572865);
INSERT INTO SM_NSTXN
	VALUES (1572870,
	1572867,
	1572866,
	1572871,
	1572865);
INSERT INTO SM_TXN
	VALUES (1572870,
	1572867,
	1572867,
	1572865);
INSERT INTO SM_NSTXN
	VALUES (1572871,
	1572867,
	1572868,
	1572866,
	1572865);
INSERT INTO SM_TXN
	VALUES (1572871,
	1572867,
	1572866,
	1572865);
INSERT INTO SM_NSTXN
	VALUES (1572872,
	1572867,
	1572869,
	1572867,
	1572865);
INSERT INTO SM_TXN
	VALUES (1572872,
	1572867,
	1572865,
	1572865);
INSERT INTO SM_NSTXN
	VALUES (1572873,
	1572867,
	1572865,
	1572872,
	1572866);
INSERT INTO SM_TXN
	VALUES (1572873,
	1572867,
	1572870,
	1572866);
INSERT INTO SM_NSTXN
	VALUES (1572874,
	1572867,
	1572870,
	1572866,
	1572865);
INSERT INTO SM_TXN
	VALUES (1572874,
	1572867,
	1572866,
	1572865);
INSERT INTO SM_NSTXN
	VALUES (1572875,
	1572867,
	1572866,
	1572866,
	1572865);
INSERT INTO SM_TXN
	VALUES (1572875,
	1572867,
	1572866,
	1572865);
INSERT INTO SM_MOAH
	VALUES (1572865,
	1572867,
	1572865);
INSERT INTO SM_AH
	VALUES (1572865,
	1572867);
INSERT INTO SM_ACT
	VALUES (1572865,
	1572867,
	1,
	'assign self.remaining_cooking_time = 0;

select one beeper related by self->MO_B[R3];
generate MO_B4:''stop_beeping'' to beeper;',
	'');
INSERT INTO SM_MOAH
	VALUES (1572866,
	1572867,
	1572866);
INSERT INTO SM_AH
	VALUES (1572866,
	1572867);
INSERT INTO SM_ACT
	VALUES (1572866,
	1572867,
	1,
	'if (self.remaining_cooking_time != 0)
   select one door related by self->MO_D[R4];
   if (door.is_secure == true)
      generate MO_O7:''oven_safe''() to self;
   end if;
end if;',
	'');
INSERT INTO SM_MOAH
	VALUES (1572867,
	1572867,
	1572867);
INSERT INTO SM_AH
	VALUES (1572867,
	1572867);
INSERT INTO SM_ACT
	VALUES (1572867,
	1572867,
	1,
	'create event instance cooking_over of MO_O5:''cooking_period_over''() to self;
self.oven_timer = TIM::timer_start(microseconds:self.remaining_cooking_time, event_inst:cooking_over);

select one light related by self->MO_IL[R2];
generate MO_IL1:''switch_on'' to light;

select one turntable related by self->MO_TRN[R5];
generate MO_TRN1:''spin'' to turntable;

select one tube related by self->MO_MT[R1];
generate MO_MT3:''power_on'' to tube;',
	'');
INSERT INTO SM_MOAH
	VALUES (1572868,
	1572867,
	1572868);
INSERT INTO SM_AH
	VALUES (1572868,
	1572867);
INSERT INTO SM_ACT
	VALUES (1572868,
	1572867,
	1,
	'assign self.remaining_cooking_time = TIM::timer_remaining_time(timer_inst_ref:self.oven_timer);
cancelled = TIM::timer_cancel(timer_inst_ref:self.oven_timer);

select one light related by self->MO_IL[R2];
generate MO_IL2:''switch_off'' to light;

select one turntable related by self->MO_TRN[R5];
generate MO_TRN2:''stop'' to turntable;

select one tube related by self->MO_MT[R1];
generate MO_MT4:''power_off'' to tube;
',
	'');
INSERT INTO SM_MOAH
	VALUES (1572869,
	1572867,
	1572869);
INSERT INTO SM_AH
	VALUES (1572869,
	1572867);
INSERT INTO SM_ACT
	VALUES (1572869,
	1572867,
	1,
	'select one beeper related by self->MO_B[R3];
generate MO_B1:''start_beeping'' to beeper;

select one light related by self->MO_IL[R2];
generate MO_IL2:''switch_off'' to light;

select one turntable related by self->MO_TRN[R5];
generate MO_TRN2:''stop'' to turntable;

select one tube related by self->MO_MT[R1];
generate MO_MT4:''power_off'' to tube;


',
	'');
INSERT INTO SM_MOAH
	VALUES (1572870,
	1572867,
	1572870);
INSERT INTO SM_AH
	VALUES (1572870,
	1572867);
INSERT INTO SM_ACT
	VALUES (1572870,
	1572867,
	1,
	'assign self.remaining_cooking_time = rcvd_evt.period;


',
	'');
INSERT INTO GD_MD
	VALUES (1572865,
	8,
	1572867,
	40,
	1,
	0,
	1,
	1,
	0,
	12,
	1693,
	3792,
	1.000000,
	0);
INSERT INTO GD_GE
	VALUES (1572866,
	1572865,
	1572865,
	41);
INSERT INTO GD_SHP
	VALUES (1572866,
	1936,
	1616,
	2208,
	1760);
INSERT INTO GD_GE
	VALUES (1572867,
	1572865,
	1572866,
	41);
INSERT INTO GD_SHP
	VALUES (1572867,
	1472,
	1920,
	1760,
	2096);
INSERT INTO GD_GE
	VALUES (1572868,
	1572865,
	1572867,
	41);
INSERT INTO GD_SHP
	VALUES (1572868,
	1952,
	2176,
	2224,
	2448);
INSERT INTO GD_GE
	VALUES (1572869,
	1572865,
	1572868,
	41);
INSERT INTO GD_SHP
	VALUES (1572869,
	1952,
	1920,
	2224,
	2096);
INSERT INTO GD_GE
	VALUES (1572870,
	1572865,
	1572869,
	41);
INSERT INTO GD_SHP
	VALUES (1572870,
	2448,
	1936,
	2720,
	2208);
INSERT INTO GD_GE
	VALUES (1572871,
	1572865,
	1572870,
	41);
INSERT INTO GD_SHP
	VALUES (1572871,
	1472,
	1616,
	1760,
	1792);
INSERT INTO GD_GE
	VALUES (1572872,
	1572865,
	1572866,
	42);
INSERT INTO GD_CON
	VALUES (1572872,
	1572868,
	1572869,
	0);
INSERT INTO GD_CTXT
	VALUES (1572872,
	0,
	0,
	0,
	0,
	0,
	0,
	2088,
	2103,
	2287,
	2144,
	24,
	-18,
	0,
	0,
	0,
	0,
	0,
	0);
INSERT INTO GD_LS
	VALUES (1572873,
	1572872,
	2080,
	2176,
	2080,
	2096,
	0);
INSERT INTO GD_GE
	VALUES (1572874,
	1572865,
	1572867,
	42);
INSERT INTO GD_CON
	VALUES (1572874,
	1572869,
	1572866,
	0);
INSERT INTO GD_CTXT
	VALUES (1572874,
	0,
	0,
	0,
	0,
	0,
	0,
	2086,
	1773,
	2289,
	1816,
	22,
	-52,
	0,
	0,
	0,
	0,
	0,
	0);
INSERT INTO GD_LS
	VALUES (1572875,
	1572874,
	2080,
	1920,
	2080,
	1760,
	0);
INSERT INTO GD_GE
	VALUES (1572876,
	1572865,
	1572865,
	42);
INSERT INTO GD_CON
	VALUES (1572876,
	1572868,
	1572870,
	0);
INSERT INTO GD_CTXT
	VALUES (1572876,
	0,
	0,
	0,
	0,
	0,
	0,
	2333,
	2219,
	2563,
	2258,
	-90,
	-60,
	0,
	0,
	0,
	0,
	0,
	0);
INSERT INTO GD_LS
	VALUES (1572877,
	1572876,
	2224,
	2304,
	2576,
	2304,
	0);
INSERT INTO GD_LS
	VALUES (1572878,
	1572876,
	2576,
	2304,
	2576,
	2208,
	1572877);
INSERT INTO GD_GE
	VALUES (1572879,
	1572865,
	1572868,
	42);
INSERT INTO GD_CON
	VALUES (1572879,
	1572870,
	1572866,
	0);
INSERT INTO GD_CTXT
	VALUES (1572879,
	0,
	0,
	0,
	0,
	0,
	0,
	2231,
	1695,
	2403,
	1738,
	-200,
	-8,
	0,
	0,
	0,
	0,
	0,
	0);
INSERT INTO GD_LS
	VALUES (1572880,
	1572879,
	2496,
	1936,
	2496,
	1728,
	0);
INSERT INTO GD_LS
	VALUES (1572881,
	1572879,
	2496,
	1728,
	2208,
	1728,
	1572880);
INSERT INTO GD_GE
	VALUES (1572882,
	1572865,
	1572869,
	42);
INSERT INTO GD_CON
	VALUES (1572882,
	1572867,
	1572866,
	0);
INSERT INTO GD_CTXT
	VALUES (1572882,
	0,
	0,
	0,
	0,
	0,
	0,
	1762,
	1698,
	1997,
	1741,
	-78,
	-135,
	0,
	0,
	0,
	0,
	0,
	0);
INSERT INTO GD_LS
	VALUES (1572883,
	1572882,
	1760,
	1952,
	1856,
	1952,
	0);
INSERT INTO GD_LS
	VALUES (1572884,
	1572882,
	1856,
	1952,
	1856,
	1728,
	1572883);
INSERT INTO GD_LS
	VALUES (1572885,
	1572882,
	1856,
	1728,
	1936,
	1728,
	1572884);
INSERT INTO GD_GE
	VALUES (1572886,
	1572865,
	1572870,
	42);
INSERT INTO GD_CON
	VALUES (1572886,
	1572867,
	1572868,
	0);
INSERT INTO GD_CTXT
	VALUES (1572886,
	0,
	0,
	0,
	0,
	0,
	0,
	1782,
	2313,
	1926,
	2356,
	127,
	34,
	0,
	0,
	0,
	0,
	0,
	0);
INSERT INTO GD_LS
	VALUES (1572887,
	1572886,
	1616,
	2096,
	1616,
	2304,
	0);
INSERT INTO GD_LS
	VALUES (1572888,
	1572886,
	1616,
	2304,
	1952,
	2304,
	1572887);
INSERT INTO GD_GE
	VALUES (1572889,
	1572865,
	1572871,
	42);
INSERT INTO GD_CON
	VALUES (1572889,
	1572869,
	1572867,
	0);
INSERT INTO GD_CTXT
	VALUES (1572889,
	0,
	0,
	0,
	0,
	0,
	0,
	1767,
	2007,
	1949,
	2049,
	-64,
	32,
	0,
	0,
	0,
	0,
	0,
	0);
INSERT INTO GD_LS
	VALUES (1572890,
	1572889,
	1952,
	2000,
	1760,
	2000,
	0);
INSERT INTO GD_GE
	VALUES (1572891,
	1572865,
	1572872,
	42);
INSERT INTO GD_CON
	VALUES (1572891,
	1572870,
	1572866,
	0);
INSERT INTO GD_CTXT
	VALUES (1572891,
	0,
	0,
	0,
	0,
	0,
	0,
	2238,
	1612,
	2451,
	1656,
	-313,
	-11,
	0,
	0,
	0,
	0,
	0,
	0);
INSERT INTO GD_LS
	VALUES (1572892,
	1572891,
	2656,
	1936,
	2656,
	1648,
	0);
INSERT INTO GD_LS
	VALUES (1572893,
	1572891,
	2656,
	1648,
	2208,
	1648,
	1572892);
INSERT INTO GD_GE
	VALUES (1572894,
	1572865,
	1572873,
	42);
INSERT INTO GD_CON
	VALUES (1572894,
	1572866,
	1572871,
	0);
INSERT INTO GD_CTXT
	VALUES (1572894,
	0,
	0,
	0,
	0,
	0,
	0,
	1761,
	1598,
	1970,
	1642,
	-62,
	-41,
	0,
	0,
	0,
	0,
	0,
	0);
INSERT INTO GD_LS
	VALUES (1572895,
	1572894,
	1936,
	1664,
	1760,
	1664,
	0);
INSERT INTO GD_GE
	VALUES (1572896,
	1572865,
	1572874,
	42);
INSERT INTO GD_CON
	VALUES (1572896,
	1572871,
	1572867,
	0);
INSERT INTO GD_CTXT
	VALUES (1572896,
	0,
	0,
	0,
	0,
	0,
	0,
	1607,
	1869,
	1857,
	1912,
	23,
	28,
	0,
	0,
	0,
	0,
	0,
	0);
INSERT INTO GD_LS
	VALUES (1572897,
	1572896,
	1600,
	1792,
	1600,
	1920,
	0);
INSERT INTO GD_GE
	VALUES (1572898,
	1572865,
	1572875,
	42);
INSERT INTO GD_CON
	VALUES (1572898,
	1572867,
	1572867,
	0);
INSERT INTO GD_CTXT
	VALUES (1572898,
	0,
	0,
	0,
	0,
	0,
	0,
	1410,
	2134,
	1645,
	2175,
	-14,
	141,
	0,
	0,
	0,
	0,
	0,
	0);
INSERT INTO GD_LS
	VALUES (1572899,
	1572898,
	1552,
	1920,
	1552,
	1888,
	0);
INSERT INTO GD_LS
	VALUES (1572900,
	1572898,
	1552,
	1888,
	1440,
	1888,
	1572899);
INSERT INTO GD_LS
	VALUES (1572901,
	1572898,
	1440,
	1888,
	1440,
	2128,
	1572900);
INSERT INTO GD_LS
	VALUES (1572902,
	1572898,
	1440,
	2128,
	1552,
	2128,
	1572901);
INSERT INTO GD_LS
	VALUES (1572903,
	1572898,
	1552,
	2128,
	1552,
	2096,
	1572902);
INSERT INTO O_OBJ
	VALUES (1048578,
	'Magnetron Tube',
	2,
	'MO_MT',
	'The magnetron tube is the core element of the microwave oven, generating microwave energy following AC/DC Voltage conversion. The tube operates from a 240V, 50Hz supply.

The tube has variable power output, ranging from 600W to 1000W in discrete 100W steps. 

The relevant behaviour of the tube is confined to :

* power on 
* power off
* raising & lowering output power level ',
	1048578);
INSERT INTO O_NBATTR
	VALUES (1048586,
	1048578);
INSERT INTO O_BATTR
	VALUES (1048586,
	1048578);
INSERT INTO O_ATTR
	VALUES (1048586,
	1048578,
	0,
	'TubeID',
	'The uniquely-specified tube identifier.',
	'',
	'TubeID',
	0,
	524294);
INSERT INTO O_NBATTR
	VALUES (1048587,
	1048578);
INSERT INTO O_BATTR
	VALUES (1048587,
	1048578);
INSERT INTO O_ATTR
	VALUES (1048587,
	1048578,
	1048586,
	'current_power_output',
	'Refer to the user-defined data type "tube_wattage" for a full description.',
	'',
	'current_power_output',
	0,
	524305);
INSERT INTO O_NBATTR
	VALUES (1048588,
	1048578);
INSERT INTO O_BATTR
	VALUES (1048588,
	1048578);
INSERT INTO O_ATTR
	VALUES (1048588,
	1048578,
	1048587,
	'current_state',
	'',
	'',
	'current_state',
	0,
	524295);
INSERT INTO O_ID
	VALUES (0,
	1048578);
INSERT INTO O_OIDA
	VALUES (1048586,
	1048578,
	0);
INSERT INTO O_RTIDA
	VALUES (1048586,
	1048578,
	0,
	1048577,
	1048578);
INSERT INTO SM_ISM
	VALUES (2097156,
	1048578);
INSERT INTO SM_SM
	VALUES (2097156,
	'',
	4);
INSERT INTO SM_MOORE
	VALUES (2097156);
INSERT INTO SM_SUPDT
	VALUES (2097153,
	2097156,
	0);
INSERT INTO SM_STATE
	VALUES (2097153,
	2097156,
	2097153,
	'Output Power Stable and OFF',
	1,
	0);
INSERT INTO SM_LEVT
	VALUES (2097153,
	2097156,
	2097153);
INSERT INTO SM_SEVT
	VALUES (2097153,
	2097156,
	2097153);
INSERT INTO SM_EVT
	VALUES (2097153,
	2097156,
	2097153,
	1,
	'increase_power',
	0,
	'',
	'MO_MT1',
	'');
INSERT INTO SM_SEME
	VALUES (2097153,
	2097153,
	2097156,
	2097153);
INSERT INTO SM_LEVT
	VALUES (2097154,
	2097156,
	2097153);
INSERT INTO SM_SEVT
	VALUES (2097154,
	2097156,
	2097153);
INSERT INTO SM_EVT
	VALUES (2097154,
	2097156,
	2097153,
	2,
	'decrease_power',
	0,
	'',
	'MO_MT2',
	'');
INSERT INTO SM_SEME
	VALUES (2097153,
	2097154,
	2097156,
	2097153);
INSERT INTO SM_LEVT
	VALUES (2097155,
	2097156,
	2097153);
INSERT INTO SM_SEVT
	VALUES (2097155,
	2097156,
	2097153);
INSERT INTO SM_EVT
	VALUES (2097155,
	2097156,
	2097153,
	3,
	'power_on',
	0,
	'',
	'MO_MT3',
	'');
INSERT INTO SM_SEME
	VALUES (2097153,
	2097155,
	2097156,
	2097153);
INSERT INTO SM_LEVT
	VALUES (2097156,
	2097156,
	2097153);
INSERT INTO SM_SEVT
	VALUES (2097156,
	2097156,
	2097153);
INSERT INTO SM_EVT
	VALUES (2097156,
	2097156,
	2097153,
	4,
	'power_off',
	0,
	'',
	'MO_MT4',
	'');
INSERT INTO SM_EIGN
	VALUES (2097153,
	2097156,
	2097156,
	2097153,
	'');
INSERT INTO SM_SEME
	VALUES (2097153,
	2097156,
	2097156,
	2097153);
INSERT INTO SM_STATE
	VALUES (2097154,
	2097156,
	2097153,
	'Reducing Output Power',
	2,
	0);
INSERT INTO SM_SEME
	VALUES (2097154,
	2097153,
	2097156,
	2097153);
INSERT INTO SM_SEME
	VALUES (2097154,
	2097154,
	2097156,
	2097153);
INSERT INTO SM_SEME
	VALUES (2097154,
	2097155,
	2097156,
	2097153);
INSERT INTO SM_SEME
	VALUES (2097154,
	2097156,
	2097156,
	2097153);
INSERT INTO SM_STATE
	VALUES (2097155,
	2097156,
	2097153,
	'Raising Output Power',
	3,
	0);
INSERT INTO SM_SEME
	VALUES (2097155,
	2097153,
	2097156,
	2097153);
INSERT INTO SM_SEME
	VALUES (2097155,
	2097154,
	2097156,
	2097153);
INSERT INTO SM_SEME
	VALUES (2097155,
	2097155,
	2097156,
	2097153);
INSERT INTO SM_SEME
	VALUES (2097155,
	2097156,
	2097156,
	2097153);
INSERT INTO SM_STATE
	VALUES (2097156,
	2097156,
	2097153,
	'Output Power Stable and ON',
	4,
	0);
INSERT INTO SM_SEME
	VALUES (2097156,
	2097153,
	2097156,
	2097153);
INSERT INTO SM_SEME
	VALUES (2097156,
	2097154,
	2097156,
	2097153);
INSERT INTO SM_EIGN
	VALUES (2097156,
	2097155,
	2097156,
	2097153,
	'');
INSERT INTO SM_SEME
	VALUES (2097156,
	2097155,
	2097156,
	2097153);
INSERT INTO SM_SEME
	VALUES (2097156,
	2097156,
	2097156,
	2097153);
INSERT INTO SM_NSTXN
	VALUES (2097153,
	2097156,
	2097153,
	2097154,
	2097153);
INSERT INTO SM_TXN
	VALUES (2097153,
	2097156,
	2097154,
	2097153);
INSERT INTO SM_NSTXN
	VALUES (2097154,
	2097156,
	2097153,
	2097153,
	2097153);
INSERT INTO SM_TXN
	VALUES (2097154,
	2097156,
	2097155,
	2097153);
INSERT INTO SM_NSTXN
	VALUES (2097155,
	2097156,
	2097154,
	2097153,
	2097153);
INSERT INTO SM_TXN
	VALUES (2097155,
	2097156,
	2097155,
	2097153);
INSERT INTO SM_NSTXN
	VALUES (2097156,
	2097156,
	2097155,
	2097154,
	2097153);
INSERT INTO SM_TXN
	VALUES (2097156,
	2097156,
	2097154,
	2097153);
INSERT INTO SM_NSTXN
	VALUES (2097157,
	2097156,
	2097154,
	2097156,
	2097153);
INSERT INTO SM_TXN
	VALUES (2097157,
	2097156,
	2097153,
	2097153);
INSERT INTO SM_NSTXN
	VALUES (2097158,
	2097156,
	2097155,
	2097156,
	2097153);
INSERT INTO SM_TXN
	VALUES (2097158,
	2097156,
	2097153,
	2097153);
INSERT INTO SM_NSTXN
	VALUES (2097159,
	2097156,
	2097154,
	2097155,
	2097153);
INSERT INTO SM_TXN
	VALUES (2097159,
	2097156,
	2097156,
	2097153);
INSERT INTO SM_NSTXN
	VALUES (2097160,
	2097156,
	2097156,
	2097154,
	2097153);
INSERT INTO SM_TXN
	VALUES (2097160,
	2097156,
	2097154,
	2097153);
INSERT INTO SM_NSTXN
	VALUES (2097161,
	2097156,
	2097156,
	2097153,
	2097153);
INSERT INTO SM_TXN
	VALUES (2097161,
	2097156,
	2097155,
	2097153);
INSERT INTO SM_NSTXN
	VALUES (2097162,
	2097156,
	2097155,
	2097155,
	2097153);
INSERT INTO SM_TXN
	VALUES (2097162,
	2097156,
	2097156,
	2097153);
INSERT INTO SM_NSTXN
	VALUES (2097163,
	2097156,
	2097153,
	2097155,
	2097153);
INSERT INTO SM_TXN
	VALUES (2097163,
	2097156,
	2097156,
	2097153);
INSERT INTO SM_NSTXN
	VALUES (2097164,
	2097156,
	2097156,
	2097156,
	2097153);
INSERT INTO SM_TXN
	VALUES (2097164,
	2097156,
	2097153,
	2097153);
INSERT INTO SM_NSTXN
	VALUES (2097165,
	2097156,
	2097154,
	2097154,
	2097153);
INSERT INTO SM_TXN
	VALUES (2097165,
	2097156,
	2097154,
	2097153);
INSERT INTO SM_NSTXN
	VALUES (2097166,
	2097156,
	2097155,
	2097153,
	2097153);
INSERT INTO SM_TXN
	VALUES (2097166,
	2097156,
	2097155,
	2097153);
INSERT INTO SM_MOAH
	VALUES (2097153,
	2097156,
	2097153);
INSERT INTO SM_AH
	VALUES (2097153,
	2097156);
INSERT INTO SM_ACT
	VALUES (2097153,
	2097156,
	1,
	'',
	'');
INSERT INTO SM_MOAH
	VALUES (2097154,
	2097156,
	2097154);
INSERT INTO SM_AH
	VALUES (2097154,
	2097156);
INSERT INTO SM_ACT
	VALUES (2097154,
	2097156,
	1,
	'if (self.current_power_output == tube_wattage::med_low)
   self.current_power_output = tube_wattage::low;
elif (self.current_power_output == tube_wattage::medium)
   self.current_power_output = tube_wattage::med_low;
elif (self.current_power_output == tube_wattage::med_high)
   self.current_power_output = tube_wattage::medium;
elif (self.current_power_output == tube_wattage::high)
   self.current_power_output = tube_wattage::med_high;
end if;',
	'');
INSERT INTO SM_MOAH
	VALUES (2097155,
	2097156,
	2097155);
INSERT INTO SM_AH
	VALUES (2097155,
	2097156);
INSERT INTO SM_ACT
	VALUES (2097155,
	2097156,
	1,
	'if (self.current_power_output == tube_wattage::low)
   self.current_power_output = tube_wattage::med_low;
elif (self.current_power_output == tube_wattage::med_low)
   self.current_power_output = tube_wattage::medium;
elif (self.current_power_output == tube_wattage::medium)
   self.current_power_output = tube_wattage::med_high;
elif (self.current_power_output == tube_wattage::med_high)
   self.current_power_output = tube_wattage::high;
end if;',
	'');
INSERT INTO SM_MOAH
	VALUES (2097156,
	2097156,
	2097156);
INSERT INTO SM_AH
	VALUES (2097156,
	2097156);
INSERT INTO SM_ACT
	VALUES (2097156,
	2097156,
	1,
	'',
	'');
INSERT INTO GD_MD
	VALUES (2097153,
	8,
	2097156,
	40,
	1,
	0,
	1,
	1,
	0,
	12,
	1598,
	4015,
	0.833333,
	0);
INSERT INTO GD_GE
	VALUES (2097154,
	2097153,
	2097153,
	41);
INSERT INTO GD_SHP
	VALUES (2097154,
	1888,
	1296,
	2128,
	1472);
INSERT INTO GD_GE
	VALUES (2097155,
	2097153,
	2097154,
	41);
INSERT INTO GD_SHP
	VALUES (2097155,
	1648,
	1488,
	1904,
	1664);
INSERT INTO GD_GE
	VALUES (2097156,
	2097153,
	2097155,
	41);
INSERT INTO GD_SHP
	VALUES (2097156,
	2112,
	1488,
	2368,
	1664);
INSERT INTO GD_GE
	VALUES (2097157,
	2097153,
	2097156,
	41);
INSERT INTO GD_SHP
	VALUES (2097157,
	1872,
	1712,
	2128,
	1904);
INSERT INTO GD_GE
	VALUES (2097158,
	2097153,
	2097153,
	42);
INSERT INTO GD_CON
	VALUES (2097158,
	2097154,
	2097155,
	0);
INSERT INTO GD_CTXT
	VALUES (2097158,
	0,
	0,
	0,
	0,
	0,
	0,
	1576,
	1364,
	1866,
	1388,
	-168,
	-28,
	0,
	0,
	0,
	0,
	0,
	0);
INSERT INTO GD_LS
	VALUES (2097159,
	2097158,
	1888,
	1392,
	1696,
	1392,
	0);
INSERT INTO GD_LS
	VALUES (2097160,
	2097158,
	1696,
	1392,
	1696,
	1488,
	2097159);
INSERT INTO GD_GE
	VALUES (2097161,
	2097153,
	2097154,
	42);
INSERT INTO GD_CON
	VALUES (2097161,
	2097154,
	2097156,
	0);
INSERT INTO GD_CTXT
	VALUES (2097161,
	0,
	0,
	0,
	0,
	0,
	0,
	2147,
	1358,
	2409,
	1382,
	-125,
	-34,
	0,
	0,
	0,
	0,
	0,
	0);
INSERT INTO GD_LS
	VALUES (2097162,
	2097161,
	2128,
	1392,
	2320,
	1392,
	0);
INSERT INTO GD_LS
	VALUES (2097163,
	2097161,
	2320,
	1392,
	2320,
	1488,
	2097162);
INSERT INTO GD_GE
	VALUES (2097164,
	2097153,
	2097155,
	42);
INSERT INTO GD_CON
	VALUES (2097164,
	2097155,
	2097156,
	0);
INSERT INTO GD_CTXT
	VALUES (2097164,
	0,
	0,
	0,
	0,
	0,
	0,
	1909,
	1494,
	2122,
	1518,
	-99,
	-42,
	0,
	0,
	0,
	0,
	0,
	0);
INSERT INTO GD_LS
	VALUES (2097165,
	2097164,
	1904,
	1536,
	2112,
	1536,
	0);
INSERT INTO GD_GE
	VALUES (2097166,
	2097153,
	2097156,
	42);
INSERT INTO GD_CON
	VALUES (2097166,
	2097156,
	2097155,
	0);
INSERT INTO GD_CTXT
	VALUES (2097166,
	0,
	0,
	0,
	0,
	0,
	0,
	1909,
	1589,
	2122,
	1613,
	-99,
	-43,
	0,
	0,
	0,
	0,
	0,
	0);
INSERT INTO GD_LS
	VALUES (2097167,
	2097166,
	2112,
	1632,
	1904,
	1632,
	0);
INSERT INTO GD_GE
	VALUES (2097168,
	2097153,
	2097159,
	42);
INSERT INTO GD_CON
	VALUES (2097168,
	2097155,
	2097157,
	0);
INSERT INTO GD_CTXT
	VALUES (2097168,
	0,
	0,
	0,
	0,
	0,
	0,
	1644,
	1822,
	1826,
	1846,
	-68,
	14,
	0,
	0,
	0,
	0,
	0,
	0);
INSERT INTO GD_LS
	VALUES (2097169,
	2097168,
	1696,
	1664,
	1696,
	1808,
	0);
INSERT INTO GD_LS
	VALUES (2097170,
	2097168,
	1696,
	1808,
	1872,
	1808,
	2097169);
INSERT INTO GD_GE
	VALUES (2097171,
	2097153,
	2097157,
	42);
INSERT INTO GD_CON
	VALUES (2097171,
	2097155,
	2097154,
	0);
INSERT INTO GD_CTXT
	VALUES (2097171,
	0,
	0,
	0,
	0,
	0,
	0,
	1704,
	1410,
	1881,
	1434,
	-112,
	-30,
	0,
	0,
	0,
	0,
	0,
	0);
INSERT INTO GD_LS
	VALUES (2097172,
	2097171,
	1792,
	1488,
	1792,
	1440,
	0);
INSERT INTO GD_LS
	VALUES (2097173,
	2097171,
	1792,
	1440,
	1888,
	1440,
	2097172);
INSERT INTO GD_GE
	VALUES (2097174,
	2097153,
	2097158,
	42);
INSERT INTO GD_CON
	VALUES (2097174,
	2097156,
	2097154,
	0);
INSERT INTO GD_CTXT
	VALUES (2097174,
	0,
	0,
	0,
	0,
	0,
	0,
	2142,
	1409,
	2293,
	1433,
	-50,
	-31,
	0,
	0,
	0,
	0,
	0,
	0);
INSERT INTO GD_LS
	VALUES (2097175,
	2097174,
	2208,
	1488,
	2208,
	1440,
	0);
INSERT INTO GD_LS
	VALUES (2097176,
	2097174,
	2208,
	1440,
	2128,
	1440,
	2097175);
INSERT INTO GD_GE
	VALUES (2097177,
	2097153,
	2097160,
	42);
INSERT INTO GD_CON
	VALUES (2097177,
	2097157,
	2097155,
	0);
INSERT INTO GD_CTXT
	VALUES (2097177,
	0,
	0,
	0,
	0,
	0,
	0,
	1799,
	1683,
	2059,
	1707,
	7,
	-69,
	0,
	0,
	0,
	0,
	0,
	0);
INSERT INTO GD_LS
	VALUES (2097178,
	2097177,
	1872,
	1760,
	1792,
	1760,
	0);
INSERT INTO GD_LS
	VALUES (2097179,
	2097177,
	1792,
	1760,
	1792,
	1664,
	2097178);
INSERT INTO GD_GE
	VALUES (2097180,
	2097153,
	2097161,
	42);
INSERT INTO GD_CON
	VALUES (2097180,
	2097157,
	2097156,
	0);
INSERT INTO GD_CTXT
	VALUES (2097180,
	0,
	0,
	0,
	0,
	0,
	0,
	1989,
	1663,
	2194,
	1687,
	-235,
	-97,
	0,
	0,
	0,
	0,
	0,
	0);
INSERT INTO GD_LS
	VALUES (2097181,
	2097180,
	2128,
	1760,
	2224,
	1760,
	0);
INSERT INTO GD_LS
	VALUES (2097182,
	2097180,
	2224,
	1760,
	2224,
	1664,
	2097181);
INSERT INTO GD_GE
	VALUES (2097183,
	2097153,
	2097162,
	42);
INSERT INTO GD_CON
	VALUES (2097183,
	2097156,
	2097157,
	0);
INSERT INTO GD_CTXT
	VALUES (2097183,
	0,
	0,
	0,
	0,
	0,
	0,
	2182,
	1816,
	2343,
	1840,
	-114,
	8,
	0,
	0,
	0,
	0,
	0,
	0);
INSERT INTO GD_LS
	VALUES (2097184,
	2097183,
	2320,
	1664,
	2320,
	1808,
	0);
INSERT INTO GD_LS
	VALUES (2097185,
	2097183,
	2320,
	1808,
	2128,
	1808,
	2097184);
INSERT INTO GD_GE
	VALUES (2097186,
	2097153,
	2097164,
	42);
INSERT INTO GD_CON
	VALUES (2097186,
	2097157,
	2097154,
	0);
INSERT INTO GD_CTXT
	VALUES (2097186,
	0,
	0,
	0,
	0,
	0,
	0,
	1692,
	1311,
	1868,
	1335,
	284,
	-281,
	0,
	0,
	0,
	0,
	0,
	0);
INSERT INTO GD_LS
	VALUES (2097187,
	2097186,
	1872,
	1856,
	1408,
	1856,
	0);
INSERT INTO GD_LS
	VALUES (2097188,
	2097186,
	1408,
	1856,
	1408,
	1344,
	2097187);
INSERT INTO GD_LS
	VALUES (2097189,
	2097186,
	1408,
	1344,
	1888,
	1344,
	2097188);
INSERT INTO GD_GE
	VALUES (2097190,
	2097153,
	2097163,
	42);
INSERT INTO GD_CON
	VALUES (2097190,
	2097154,
	2097157,
	0);
INSERT INTO GD_CTXT
	VALUES (2097190,
	0,
	0,
	0,
	0,
	0,
	0,
	2168,
	1860,
	2359,
	1884,
	-424,
	260,
	0,
	0,
	0,
	0,
	0,
	0);
INSERT INTO GD_LS
	VALUES (2097191,
	2097190,
	2128,
	1344,
	2592,
	1344,
	0);
INSERT INTO GD_LS
	VALUES (2097192,
	2097190,
	2592,
	1344,
	2592,
	1856,
	2097191);
INSERT INTO GD_LS
	VALUES (2097193,
	2097190,
	2592,
	1856,
	2128,
	1856,
	2097192);
INSERT INTO GD_GE
	VALUES (2097194,
	2097153,
	2097165,
	42);
INSERT INTO GD_CON
	VALUES (2097194,
	2097155,
	2097155,
	0);
INSERT INTO GD_CTXT
	VALUES (2097194,
	0,
	0,
	0,
	0,
	0,
	0,
	1446,
	1679,
	1698,
	1703,
	-154,
	103,
	0,
	0,
	0,
	0,
	0,
	0);
INSERT INTO GD_LS
	VALUES (2097195,
	2097194,
	1648,
	1520,
	1600,
	1520,
	0);
INSERT INTO GD_LS
	VALUES (2097196,
	2097194,
	1600,
	1520,
	1600,
	1632,
	2097195);
INSERT INTO GD_LS
	VALUES (2097197,
	2097194,
	1600,
	1632,
	1648,
	1632,
	2097196);
INSERT INTO GD_GE
	VALUES (2097198,
	2097153,
	2097166,
	42);
INSERT INTO GD_CON
	VALUES (2097198,
	2097156,
	2097156,
	0);
INSERT INTO GD_CTXT
	VALUES (2097198,
	0,
	0,
	0,
	0,
	0,
	0,
	2349,
	1677,
	2546,
	1701,
	-67,
	101,
	0,
	0,
	0,
	0,
	0,
	0);
INSERT INTO GD_LS
	VALUES (2097199,
	2097198,
	2368,
	1520,
	2416,
	1520,
	0);
INSERT INTO GD_LS
	VALUES (2097200,
	2097198,
	2416,
	1520,
	2416,
	1632,
	2097199);
INSERT INTO GD_LS
	VALUES (2097201,
	2097198,
	2416,
	1632,
	2368,
	1632,
	2097200);
INSERT INTO O_OBJ
	VALUES (1048579,
	'Internal Light',
	3,
	'MO_IL',
	'The internal oven light, illuminated only when the oven tube is powered on. ',
	1048578);
INSERT INTO O_NBATTR
	VALUES (1048589,
	1048579);
INSERT INTO O_BATTR
	VALUES (1048589,
	1048579);
INSERT INTO O_ATTR
	VALUES (1048589,
	1048579,
	0,
	'LightID',
	'The uniquely-specified light identifier.',
	'',
	'LightID',
	0,
	524294);
INSERT INTO O_NBATTR
	VALUES (1048590,
	1048579);
INSERT INTO O_BATTR
	VALUES (1048590,
	1048579);
INSERT INTO O_ATTR
	VALUES (1048590,
	1048579,
	1048589,
	'current_state',
	'',
	'',
	'current_state',
	0,
	524295);
INSERT INTO O_ID
	VALUES (0,
	1048579);
INSERT INTO O_OIDA
	VALUES (1048589,
	1048579,
	0);
INSERT INTO O_RTIDA
	VALUES (1048589,
	1048579,
	0,
	1048578,
	1048580);
INSERT INTO SM_ISM
	VALUES (2621445,
	1048579);
INSERT INTO SM_SM
	VALUES (2621445,
	'',
	5);
INSERT INTO SM_MOORE
	VALUES (2621445);
INSERT INTO SM_SUPDT
	VALUES (2621441,
	2621445,
	0);
INSERT INTO SM_STATE
	VALUES (2621441,
	2621445,
	2621441,
	'Off',
	1,
	0);
INSERT INTO SM_LEVT
	VALUES (2621441,
	2621445,
	2621441);
INSERT INTO SM_SEVT
	VALUES (2621441,
	2621445,
	2621441);
INSERT INTO SM_EVT
	VALUES (2621441,
	2621445,
	2621441,
	1,
	'switch_on',
	0,
	'',
	'MO_IL1',
	'');
INSERT INTO SM_SEME
	VALUES (2621441,
	2621441,
	2621445,
	2621441);
INSERT INTO SM_LEVT
	VALUES (2621442,
	2621445,
	2621441);
INSERT INTO SM_SEVT
	VALUES (2621442,
	2621445,
	2621441);
INSERT INTO SM_EVT
	VALUES (2621442,
	2621445,
	2621441,
	2,
	'switch_off',
	0,
	'',
	'MO_IL2',
	'');
INSERT INTO SM_EIGN
	VALUES (2621441,
	2621442,
	2621445,
	2621441,
	'');
INSERT INTO SM_SEME
	VALUES (2621441,
	2621442,
	2621445,
	2621441);
INSERT INTO SM_STATE
	VALUES (2621442,
	2621445,
	2621441,
	'On',
	2,
	0);
INSERT INTO SM_EIGN
	VALUES (2621442,
	2621441,
	2621445,
	2621441,
	'');
INSERT INTO SM_SEME
	VALUES (2621442,
	2621441,
	2621445,
	2621441);
INSERT INTO SM_SEME
	VALUES (2621442,
	2621442,
	2621445,
	2621441);
INSERT INTO SM_NSTXN
	VALUES (2621441,
	2621445,
	2621441,
	2621441,
	2621441);
INSERT INTO SM_TXN
	VALUES (2621441,
	2621445,
	2621442,
	2621441);
INSERT INTO SM_NSTXN
	VALUES (2621442,
	2621445,
	2621442,
	2621442,
	2621441);
INSERT INTO SM_TXN
	VALUES (2621442,
	2621445,
	2621441,
	2621441);
INSERT INTO SM_MOAH
	VALUES (2621441,
	2621445,
	2621441);
INSERT INTO SM_AH
	VALUES (2621441,
	2621445);
INSERT INTO SM_ACT
	VALUES (2621441,
	2621445,
	1,
	'// Light off',
	'');
INSERT INTO SM_MOAH
	VALUES (2621442,
	2621445,
	2621442);
INSERT INTO SM_AH
	VALUES (2621442,
	2621445);
INSERT INTO SM_ACT
	VALUES (2621442,
	2621445,
	1,
	'// Light on',
	'');
INSERT INTO GD_MD
	VALUES (2621441,
	8,
	2621445,
	40,
	1,
	0,
	1,
	1,
	0,
	12,
	1620,
	4094,
	0.833333,
	0);
INSERT INTO GD_GE
	VALUES (2621442,
	2621441,
	2621441,
	41);
INSERT INTO GD_SHP
	VALUES (2621442,
	1904,
	1376,
	2128,
	1472);
INSERT INTO GD_GE
	VALUES (2621443,
	2621441,
	2621442,
	41);
INSERT INTO GD_SHP
	VALUES (2621443,
	1904,
	1568,
	2144,
	1680);
INSERT INTO GD_GE
	VALUES (2621444,
	2621441,
	2621441,
	42);
INSERT INTO GD_CON
	VALUES (2621444,
	2621442,
	2621443,
	0);
INSERT INTO GD_CTXT
	VALUES (2621444,
	0,
	0,
	0,
	0,
	0,
	0,
	1810,
	1512,
	1955,
	1536,
	-142,
	-8,
	0,
	0,
	0,
	0,
	0,
	0);
INSERT INTO GD_LS
	VALUES (2621445,
	2621444,
	1952,
	1472,
	1952,
	1568,
	0);
INSERT INTO GD_GE
	VALUES (2621446,
	2621441,
	2621442,
	42);
INSERT INTO GD_CON
	VALUES (2621446,
	2621443,
	2621442,
	0);
INSERT INTO GD_CTXT
	VALUES (2621446,
	0,
	0,
	0,
	0,
	0,
	0,
	2084,
	1519,
	2257,
	1543,
	4,
	-1,
	0,
	0,
	0,
	0,
	0,
	0);
INSERT INTO GD_LS
	VALUES (2621447,
	2621446,
	2080,
	1568,
	2080,
	1472,
	0);
INSERT INTO O_OBJ
	VALUES (1048580,
	'Beeper',
	4,
	'MO_B',
	'An audible signal generator. 

The beeper repeats four times on completion of the cooking period, signalling to the user that the oven door can be opened to inspect the readiness of the food inside.  ',
	1048578);
INSERT INTO O_NBATTR
	VALUES (1048591,
	1048580);
INSERT INTO O_BATTR
	VALUES (1048591,
	1048580);
INSERT INTO O_ATTR
	VALUES (1048591,
	1048580,
	0,
	'BeeperID',
	'The uniquely-specified beeper identifier.',
	'',
	'BeeperID',
	0,
	524294);
INSERT INTO O_NBATTR
	VALUES (1048592,
	1048580);
INSERT INTO O_BATTR
	VALUES (1048592,
	1048580);
INSERT INTO O_ATTR
	VALUES (1048592,
	1048580,
	1048591,
	'beeper_timer',
	'A local timer, used to generate delays of 1 second between the sounding of each beep. ',
	'',
	'beeper_timer',
	0,
	524304);
INSERT INTO O_NBATTR
	VALUES (1048593,
	1048580);
INSERT INTO O_BATTR
	VALUES (1048593,
	1048580);
INSERT INTO O_ATTR
	VALUES (1048593,
	1048580,
	1048592,
	'beep_count',
	'A counter, incrementally increasing from zero as the beeper sounds. ',
	'',
	'beep_count',
	0,
	524291);
INSERT INTO O_NBATTR
	VALUES (1048594,
	1048580);
INSERT INTO O_BATTR
	VALUES (1048594,
	1048580);
INSERT INTO O_ATTR
	VALUES (1048594,
	1048580,
	1048593,
	'beeper_delay_over',
	'The delayed event supplied to the beeper''s local timer, which fires to signify the completion of the 1 second beeper delay.',
	'',
	'beeper_delay_over',
	0,
	524299);
INSERT INTO O_NBATTR
	VALUES (1048595,
	1048580);
INSERT INTO O_BATTR
	VALUES (1048595,
	1048580);
INSERT INTO O_ATTR
	VALUES (1048595,
	1048580,
	1048594,
	'current_state',
	'',
	'',
	'current_state',
	0,
	524295);
INSERT INTO O_ID
	VALUES (0,
	1048580);
INSERT INTO O_OIDA
	VALUES (1048591,
	1048580,
	0);
INSERT INTO O_RTIDA
	VALUES (1048591,
	1048580,
	0,
	1048579,
	1048582);
INSERT INTO SM_ISM
	VALUES (3145734,
	1048580);
INSERT INTO SM_SM
	VALUES (3145734,
	'',
	6);
INSERT INTO SM_MOORE
	VALUES (3145734);
INSERT INTO SM_SUPDT
	VALUES (3145729,
	3145734,
	0);
INSERT INTO SM_STATE
	VALUES (3145729,
	3145734,
	3145729,
	'Awaiting Beeper Request',
	1,
	0);
INSERT INTO SM_LEVT
	VALUES (3145729,
	3145734,
	3145729);
INSERT INTO SM_SEVT
	VALUES (3145729,
	3145734,
	3145729);
INSERT INTO SM_EVT
	VALUES (3145729,
	3145734,
	3145729,
	1,
	'start_beeping',
	0,
	'',
	'MO_B1',
	'');
INSERT INTO SM_SEME
	VALUES (3145729,
	3145729,
	3145734,
	3145729);
INSERT INTO SM_LEVT
	VALUES (3145730,
	3145734,
	3145729);
INSERT INTO SM_SEVT
	VALUES (3145730,
	3145734,
	3145729);
INSERT INTO SM_EVT
	VALUES (3145730,
	3145734,
	3145729,
	2,
	'beep_delay_over',
	0,
	'',
	'MO_B2',
	'');
INSERT INTO SM_EIGN
	VALUES (3145729,
	3145730,
	3145734,
	3145729,
	'');
INSERT INTO SM_SEME
	VALUES (3145729,
	3145730,
	3145734,
	3145729);
INSERT INTO SM_LEVT
	VALUES (3145731,
	3145734,
	3145729);
INSERT INTO SM_SEVT
	VALUES (3145731,
	3145734,
	3145729);
INSERT INTO SM_EVT
	VALUES (3145731,
	3145734,
	3145729,
	3,
	'beeping_stopped',
	0,
	'',
	'MO_B3',
	'');
INSERT INTO SM_EIGN
	VALUES (3145729,
	3145731,
	3145734,
	3145729,
	'');
INSERT INTO SM_SEME
	VALUES (3145729,
	3145731,
	3145734,
	3145729);
INSERT INTO SM_LEVT
	VALUES (3145732,
	3145734,
	3145729);
INSERT INTO SM_SEVT
	VALUES (3145732,
	3145734,
	3145729);
INSERT INTO SM_EVT
	VALUES (3145732,
	3145734,
	3145729,
	4,
	'stop_beeping',
	0,
	'',
	'MO_B4',
	'');
INSERT INTO SM_EIGN
	VALUES (3145729,
	3145732,
	3145734,
	3145729,
	'');
INSERT INTO SM_SEME
	VALUES (3145729,
	3145732,
	3145734,
	3145729);
INSERT INTO SM_STATE
	VALUES (3145730,
	3145734,
	3145729,
	'Beeping',
	2,
	0);
INSERT INTO SM_EIGN
	VALUES (3145730,
	3145729,
	3145734,
	3145729,
	'');
INSERT INTO SM_SEME
	VALUES (3145730,
	3145729,
	3145734,
	3145729);
INSERT INTO SM_SEME
	VALUES (3145730,
	3145730,
	3145734,
	3145729);
INSERT INTO SM_SEME
	VALUES (3145730,
	3145731,
	3145734,
	3145729);
INSERT INTO SM_SEME
	VALUES (3145730,
	3145732,
	3145734,
	3145729);
INSERT INTO SM_NSTXN
	VALUES (3145729,
	3145734,
	3145729,
	3145729,
	3145729);
INSERT INTO SM_TXN
	VALUES (3145729,
	3145734,
	3145730,
	3145729);
INSERT INTO SM_NSTXN
	VALUES (3145730,
	3145734,
	3145730,
	3145731,
	3145729);
INSERT INTO SM_TXN
	VALUES (3145730,
	3145734,
	3145729,
	3145729);
INSERT INTO SM_NSTXN
	VALUES (3145731,
	3145734,
	3145730,
	3145730,
	3145729);
INSERT INTO SM_TXN
	VALUES (3145731,
	3145734,
	3145730,
	3145729);
INSERT INTO SM_NSTXN
	VALUES (3145732,
	3145734,
	3145730,
	3145732,
	3145729);
INSERT INTO SM_TXN
	VALUES (3145732,
	3145734,
	3145729,
	3145729);
INSERT INTO SM_MOAH
	VALUES (3145729,
	3145734,
	3145729);
INSERT INTO SM_AH
	VALUES (3145729,
	3145734);
INSERT INTO SM_ACT
	VALUES (3145729,
	3145734,
	1,
	'assign self.beep_count = 0;

cancelled_timer = TIM::timer_cancel(timer_inst_ref:self.beeper_timer);',
	'');
INSERT INTO SM_MOAH
	VALUES (3145730,
	3145734,
	3145730);
INSERT INTO SM_AH
	VALUES (3145730,
	3145734);
INSERT INTO SM_ACT
	VALUES (3145730,
	3145734,
	1,
	'if (self.beep_count == 0) // beeper yet to begin

   create event instance delay_over of MO_B2:''beep_delay_over'' to self;
   assign self.beeper_delay_over = delay_over;
   assign self.beeper_timer = TIM::timer_start_recurring(microseconds:100000,event_inst:self.beeper_delay_over);

elif (self.beep_count == 4) // last beep 

   generate MO_B3:''beeping_stopped'' to self;
   select one oven related by self->MO_O[R3];
   generate MO_O6:''beeping_over'' to oven;

end if;

assign self.beep_count = self.beep_count + 1;
',
	'');
INSERT INTO GD_MD
	VALUES (3145729,
	8,
	3145734,
	40,
	1,
	0,
	1,
	1,
	0,
	12,
	584,
	4376,
	0.833333,
	0);
INSERT INTO GD_GE
	VALUES (3145730,
	3145729,
	3145729,
	41);
INSERT INTO GD_SHP
	VALUES (3145730,
	672,
	896,
	1280,
	1056);
INSERT INTO GD_GE
	VALUES (3145731,
	3145729,
	3145730,
	41);
INSERT INTO GD_SHP
	VALUES (3145731,
	672,
	1136,
	1280,
	1488);
INSERT INTO GD_GE
	VALUES (3145732,
	3145729,
	3145729,
	42);
INSERT INTO GD_CON
	VALUES (3145732,
	3145730,
	3145731,
	0);
INSERT INTO GD_CTXT
	VALUES (3145732,
	0,
	0,
	0,
	0,
	0,
	0,
	631,
	1097,
	805,
	1121,
	-169,
	1,
	0,
	0,
	0,
	0,
	0,
	0);
INSERT INTO GD_LS
	VALUES (3145733,
	3145732,
	800,
	1056,
	800,
	1136,
	0);
INSERT INTO GD_GE
	VALUES (3145734,
	3145729,
	3145730,
	42);
INSERT INTO GD_CON
	VALUES (3145734,
	3145731,
	3145730,
	0);
INSERT INTO GD_CTXT
	VALUES (3145734,
	0,
	0,
	0,
	0,
	0,
	0,
	818,
	1097,
	1009,
	1121,
	-190,
	1,
	0,
	0,
	0,
	0,
	0,
	0);
INSERT INTO GD_LS
	VALUES (3145735,
	3145734,
	1008,
	1136,
	1008,
	1056,
	0);
INSERT INTO GD_GE
	VALUES (3145736,
	3145729,
	3145731,
	42);
INSERT INTO GD_CON
	VALUES (3145736,
	3145731,
	3145731,
	0);
INSERT INTO GD_CTXT
	VALUES (3145736,
	0,
	0,
	0,
	0,
	0,
	0,
	890,
	1541,
	1086,
	1565,
	-102,
	21,
	0,
	0,
	0,
	0,
	0,
	0);
INSERT INTO GD_LS
	VALUES (3145737,
	3145736,
	912,
	1488,
	912,
	1520,
	0);
INSERT INTO GD_LS
	VALUES (3145738,
	3145736,
	912,
	1520,
	1072,
	1520,
	3145737);
INSERT INTO GD_LS
	VALUES (3145739,
	3145736,
	1072,
	1520,
	1072,
	1488,
	3145738);
INSERT INTO GD_GE
	VALUES (3145740,
	3145729,
	3145732,
	42);
INSERT INTO GD_CON
	VALUES (3145740,
	3145731,
	3145730,
	0);
INSERT INTO GD_CTXT
	VALUES (3145740,
	0,
	0,
	0,
	0,
	0,
	0,
	1176,
	1082,
	1386,
	1106,
	8,
	-14,
	0,
	0,
	0,
	0,
	0,
	0);
INSERT INTO GD_LS
	VALUES (3145741,
	3145740,
	1168,
	1136,
	1168,
	1056,
	0);
INSERT INTO O_OBJ
	VALUES (1048581,
	'Door',
	5,
	'MO_D',
	'The hinged oven door, opened with an electro-mechanical release button on the control panel, and secured by steady force to the door front. The door is a vital safety component of the oven. The door must be securely closed before the oven tube can be powered on. 
',
	1048578);
INSERT INTO O_NBATTR
	VALUES (1048596,
	1048581);
INSERT INTO O_BATTR
	VALUES (1048596,
	1048581);
INSERT INTO O_ATTR
	VALUES (1048596,
	1048581,
	0,
	'DoorID',
	'The uniquely-specified door identifier. ',
	'',
	'DoorID',
	0,
	524294);
INSERT INTO O_NBATTR
	VALUES (1048597,
	1048581);
INSERT INTO O_BATTR
	VALUES (1048597,
	1048581);
INSERT INTO O_ATTR
	VALUES (1048597,
	1048581,
	1048596,
	'is_secure',
	'A boolean status attribute reflecting whether the door is currently closed (secure) or open (not secure). ',
	'',
	'is_secure',
	0,
	524290);
INSERT INTO O_NBATTR
	VALUES (1048598,
	1048581);
INSERT INTO O_BATTR
	VALUES (1048598,
	1048581);
INSERT INTO O_ATTR
	VALUES (1048598,
	1048581,
	1048597,
	'current_state',
	'',
	'',
	'current_state',
	0,
	524295);
INSERT INTO O_ID
	VALUES (0,
	1048581);
INSERT INTO O_OIDA
	VALUES (1048596,
	1048581,
	0);
INSERT INTO O_RTIDA
	VALUES (1048596,
	1048581,
	0,
	1048580,
	1048583);
INSERT INTO SM_ISM
	VALUES (3670023,
	1048581);
INSERT INTO SM_SM
	VALUES (3670023,
	'',
	7);
INSERT INTO SM_MOORE
	VALUES (3670023);
INSERT INTO SM_SUPDT
	VALUES (3670017,
	3670023,
	0);
INSERT INTO SM_STATE
	VALUES (3670017,
	3670023,
	3670017,
	'Open',
	1,
	0);
INSERT INTO SM_LEVT
	VALUES (3670017,
	3670023,
	3670017);
INSERT INTO SM_SEVT
	VALUES (3670017,
	3670023,
	3670017);
INSERT INTO SM_EVT
	VALUES (3670017,
	3670023,
	3670017,
	1,
	'release',
	0,
	'',
	'MO_D1',
	'');
INSERT INTO SM_EIGN
	VALUES (3670017,
	3670017,
	3670023,
	3670017,
	'');
INSERT INTO SM_SEME
	VALUES (3670017,
	3670017,
	3670023,
	3670017);
INSERT INTO SM_LEVT
	VALUES (3670018,
	3670023,
	3670017);
INSERT INTO SM_SEVT
	VALUES (3670018,
	3670023,
	3670017);
INSERT INTO SM_EVT
	VALUES (3670018,
	3670023,
	3670017,
	2,
	'close',
	0,
	'',
	'MO_D2',
	'');
INSERT INTO SM_SEME
	VALUES (3670017,
	3670018,
	3670023,
	3670017);
INSERT INTO SM_STATE
	VALUES (3670018,
	3670023,
	3670017,
	'Closed',
	2,
	0);
INSERT INTO SM_SEME
	VALUES (3670018,
	3670017,
	3670023,
	3670017);
INSERT INTO SM_EIGN
	VALUES (3670018,
	3670018,
	3670023,
	3670017,
	'');
INSERT INTO SM_SEME
	VALUES (3670018,
	3670018,
	3670023,
	3670017);
INSERT INTO SM_NSTXN
	VALUES (3670017,
	3670023,
	3670017,
	3670018,
	3670017);
INSERT INTO SM_TXN
	VALUES (3670017,
	3670023,
	3670018,
	3670017);
INSERT INTO SM_NSTXN
	VALUES (3670018,
	3670023,
	3670018,
	3670017,
	3670017);
INSERT INTO SM_TXN
	VALUES (3670018,
	3670023,
	3670017,
	3670017);
INSERT INTO SM_MOAH
	VALUES (3670017,
	3670023,
	3670017);
INSERT INTO SM_AH
	VALUES (3670017,
	3670023);
INSERT INTO SM_ACT
	VALUES (3670017,
	3670023,
	1,
	'assign self.is_secure = false;

select one oven related by self->MO_O[R4];
generate MO_O4:''cancel_cooking'' to oven;',
	'');
INSERT INTO SM_MOAH
	VALUES (3670018,
	3670023,
	3670018);
INSERT INTO SM_AH
	VALUES (3670018,
	3670023);
INSERT INTO SM_ACT
	VALUES (3670018,
	3670023,
	1,
	'assign self.is_secure = true;',
	'');
INSERT INTO GD_MD
	VALUES (3670017,
	8,
	3670023,
	40,
	1,
	0,
	1,
	1,
	0,
	12,
	1628,
	4087,
	0.833333,
	0);
INSERT INTO GD_GE
	VALUES (3670018,
	3670017,
	3670017,
	41);
INSERT INTO GD_SHP
	VALUES (3670018,
	1856,
	1312,
	2192,
	1472);
INSERT INTO GD_GE
	VALUES (3670019,
	3670017,
	3670018,
	41);
INSERT INTO GD_SHP
	VALUES (3670019,
	1856,
	1568,
	2208,
	1680);
INSERT INTO GD_GE
	VALUES (3670020,
	3670017,
	3670017,
	42);
INSERT INTO GD_CON
	VALUES (3670020,
	3670018,
	3670019,
	0);
INSERT INTO GD_CTXT
	VALUES (3670020,
	0,
	0,
	0,
	0,
	0,
	0,
	1840,
	1519,
	1994,
	1543,
	-112,
	-1,
	0,
	0,
	0,
	0,
	0,
	0);
INSERT INTO GD_LS
	VALUES (3670021,
	3670020,
	1952,
	1472,
	1952,
	1568,
	0);
INSERT INTO GD_GE
	VALUES (3670022,
	3670017,
	3670018,
	42);
INSERT INTO GD_CON
	VALUES (3670022,
	3670019,
	3670018,
	0);
INSERT INTO GD_CTXT
	VALUES (3670022,
	0,
	0,
	0,
	0,
	0,
	0,
	2106,
	1514,
	2252,
	1538,
	10,
	-6,
	0,
	0,
	0,
	0,
	0,
	0);
INSERT INTO GD_LS
	VALUES (3670023,
	3670022,
	2096,
	1568,
	2096,
	1472,
	0);
INSERT INTO O_OBJ
	VALUES (1048582,
	'Turntable',
	6,
	'MO_TRN',
	'A flat circular platter positioned in the middle of the oven floor, where food is placed for cooking. The platter takes the form of a turntable, rotating at a constant speed during cooking to uniformly distribute microwave radiation through the food. ',
	1048578);
INSERT INTO O_NBATTR
	VALUES (1048599,
	1048582);
INSERT INTO O_BATTR
	VALUES (1048599,
	1048582);
INSERT INTO O_ATTR
	VALUES (1048599,
	1048582,
	0,
	'TurntableID',
	'',
	'',
	'TurntableID',
	0,
	524294);
INSERT INTO O_NBATTR
	VALUES (1048600,
	1048582);
INSERT INTO O_BATTR
	VALUES (1048600,
	1048582);
INSERT INTO O_ATTR
	VALUES (1048600,
	1048582,
	1048599,
	'current_state',
	'',
	'',
	'current_state',
	0,
	524295);
INSERT INTO O_ID
	VALUES (0,
	1048582);
INSERT INTO O_OIDA
	VALUES (1048599,
	1048582,
	0);
INSERT INTO O_RTIDA
	VALUES (1048599,
	1048582,
	0,
	1048581,
	1048586);
INSERT INTO SM_ISM
	VALUES (4194312,
	1048582);
INSERT INTO SM_SM
	VALUES (4194312,
	'',
	8);
INSERT INTO SM_MOORE
	VALUES (4194312);
INSERT INTO SM_SUPDT
	VALUES (4194305,
	4194312,
	0);
INSERT INTO SM_STATE
	VALUES (4194305,
	4194312,
	4194305,
	'Stationary',
	1,
	0);
INSERT INTO SM_LEVT
	VALUES (4194305,
	4194312,
	4194305);
INSERT INTO SM_SEVT
	VALUES (4194305,
	4194312,
	4194305);
INSERT INTO SM_EVT
	VALUES (4194305,
	4194312,
	4194305,
	1,
	'spin',
	0,
	'',
	'MO_TRN1',
	'');
INSERT INTO SM_SEME
	VALUES (4194305,
	4194305,
	4194312,
	4194305);
INSERT INTO SM_LEVT
	VALUES (4194306,
	4194312,
	4194305);
INSERT INTO SM_SEVT
	VALUES (4194306,
	4194312,
	4194305);
INSERT INTO SM_EVT
	VALUES (4194306,
	4194312,
	4194305,
	2,
	'stop',
	0,
	'',
	'MO_TRN2',
	'');
INSERT INTO SM_EIGN
	VALUES (4194305,
	4194306,
	4194312,
	4194305,
	'');
INSERT INTO SM_SEME
	VALUES (4194305,
	4194306,
	4194312,
	4194305);
INSERT INTO SM_STATE
	VALUES (4194306,
	4194312,
	4194305,
	'Rotating',
	2,
	0);
INSERT INTO SM_EIGN
	VALUES (4194306,
	4194305,
	4194312,
	4194305,
	'');
INSERT INTO SM_SEME
	VALUES (4194306,
	4194305,
	4194312,
	4194305);
INSERT INTO SM_SEME
	VALUES (4194306,
	4194306,
	4194312,
	4194305);
INSERT INTO SM_NSTXN
	VALUES (4194305,
	4194312,
	4194305,
	4194305,
	4194305);
INSERT INTO SM_TXN
	VALUES (4194305,
	4194312,
	4194306,
	4194305);
INSERT INTO SM_NSTXN
	VALUES (4194306,
	4194312,
	4194306,
	4194306,
	4194305);
INSERT INTO SM_TXN
	VALUES (4194306,
	4194312,
	4194305,
	4194305);
INSERT INTO SM_MOAH
	VALUES (4194305,
	4194312,
	4194305);
INSERT INTO SM_AH
	VALUES (4194305,
	4194312);
INSERT INTO SM_ACT
	VALUES (4194305,
	4194312,
	1,
	'// Turntable stationary',
	'');
INSERT INTO SM_MOAH
	VALUES (4194306,
	4194312,
	4194306);
INSERT INTO SM_AH
	VALUES (4194306,
	4194312);
INSERT INTO SM_ACT
	VALUES (4194306,
	4194312,
	1,
	'// Turntable spinning',
	'');
INSERT INTO GD_MD
	VALUES (4194305,
	8,
	4194312,
	40,
	1,
	0,
	1,
	1,
	0,
	12,
	1705,
	4189,
	1.000000,
	0);
INSERT INTO GD_GE
	VALUES (4194306,
	4194305,
	4194305,
	41);
INSERT INTO GD_SHP
	VALUES (4194306,
	1920,
	1328,
	2192,
	1424);
INSERT INTO GD_GE
	VALUES (4194307,
	4194305,
	4194306,
	41);
INSERT INTO GD_SHP
	VALUES (4194307,
	1920,
	1536,
	2192,
	1632);
INSERT INTO GD_GE
	VALUES (4194308,
	4194305,
	4194305,
	42);
INSERT INTO GD_CON
	VALUES (4194308,
	4194306,
	4194307,
	0);
INSERT INTO GD_CTXT
	VALUES (4194308,
	0,
	0,
	0,
	0,
	0,
	0,
	1839,
	1470,
	1970,
	1512,
	-113,
	5,
	0,
	0,
	0,
	0,
	0,
	0);
INSERT INTO GD_LS
	VALUES (4194309,
	4194308,
	1968,
	1424,
	1968,
	1536,
	0);
INSERT INTO GD_GE
	VALUES (4194310,
	4194305,
	4194306,
	42);
INSERT INTO GD_CON
	VALUES (4194310,
	4194307,
	4194306,
	0);
INSERT INTO GD_CTXT
	VALUES (4194310,
	0,
	0,
	0,
	0,
	0,
	0,
	2166,
	1491,
	2310,
	1534,
	22,
	11,
	0,
	0,
	0,
	0,
	0,
	0);
INSERT INTO GD_LS
	VALUES (4194311,
	4194310,
	2144,
	1536,
	2144,
	1424,
	0);
INSERT INTO O_IOBJ
	VALUES (1048577,
	4718593,
	6,
	1048578,
	'Test Sequences',
	'MO_TS');
INSERT INTO O_IOBJ
	VALUES (1048578,
	5767169,
	6,
	1048578,
	'Initialization Subsystem  init',
	'MO_I');
INSERT INTO O_IOBJ
	VALUES (1048579,
	5767169,
	7,
	1048578,
	'Initialization Subsystem  init',
	'MO_I');
INSERT INTO R_SIMP
	VALUES (1048577);
INSERT INTO R_REL
	VALUES (1048577,
	1,
	'A single magnetron tube is the core component of the oven assembly. Being related to the oven, it can be direclty powered on & off.  ',
	1048578);
INSERT INTO R_FORM
	VALUES (1048577,
	1048577,
	1048577,
	0,
	0,
	'is housed in');
INSERT INTO R_RGO
	VALUES (1048577,
	1048577,
	1048577);
INSERT INTO R_OIR
	VALUES (1048577,
	1048577,
	1048577,
	0);
INSERT INTO R_PART
	VALUES (1048578,
	1048577,
	1048578,
	0,
	0,
	'houses');
INSERT INTO R_RTO
	VALUES (1048578,
	1048577,
	1048578,
	0);
INSERT INTO R_OIR
	VALUES (1048578,
	1048577,
	1048578,
	0);
INSERT INTO R_SIMP
	VALUES (1048578);
INSERT INTO R_REL
	VALUES (1048578,
	2,
	'A single, low wattage light illuminates the interior of the oven to aid viewing of the cooking process. Being related to the oven enables the light to be controlled on & off as necessary.',
	1048578);
INSERT INTO R_FORM
	VALUES (1048577,
	1048578,
	1048579,
	0,
	0,
	'illuminates');
INSERT INTO R_RGO
	VALUES (1048577,
	1048578,
	1048579);
INSERT INTO R_OIR
	VALUES (1048577,
	1048578,
	1048579,
	0);
INSERT INTO R_PART
	VALUES (1048579,
	1048578,
	1048580,
	0,
	0,
	'is illuminated by');
INSERT INTO R_RTO
	VALUES (1048579,
	1048578,
	1048580,
	0);
INSERT INTO R_OIR
	VALUES (1048579,
	1048578,
	1048580,
	0);
INSERT INTO R_SIMP
	VALUES (1048579);
INSERT INTO R_REL
	VALUES (1048579,
	3,
	'A single, audible, repeating beeper is a useful cosmetic component related to, and controlled by, the oven when cooking is over. ',
	1048578);
INSERT INTO R_FORM
	VALUES (1048577,
	1048579,
	1048581,
	0,
	0,
	'is located in');
INSERT INTO R_RGO
	VALUES (1048577,
	1048579,
	1048581);
INSERT INTO R_OIR
	VALUES (1048577,
	1048579,
	1048581,
	0);
INSERT INTO R_PART
	VALUES (1048580,
	1048579,
	1048582,
	0,
	0,
	'features');
INSERT INTO R_RTO
	VALUES (1048580,
	1048579,
	1048582,
	0);
INSERT INTO R_OIR
	VALUES (1048580,
	1048579,
	1048582,
	0);
INSERT INTO R_SIMP
	VALUES (1048580);
INSERT INTO R_REL
	VALUES (1048580,
	4,
	'The oven door is a composite part of the microwave assembly, reflected by a mandatory 1:1 relationship.',
	1048578);
INSERT INTO R_PART
	VALUES (1048581,
	1048580,
	1048583,
	0,
	0,
	'is accessed via');
INSERT INTO R_RTO
	VALUES (1048581,
	1048580,
	1048583,
	0);
INSERT INTO R_OIR
	VALUES (1048581,
	1048580,
	1048583,
	0);
INSERT INTO R_FORM
	VALUES (1048577,
	1048580,
	1048584,
	0,
	0,
	'provides access to');
INSERT INTO R_RGO
	VALUES (1048577,
	1048580,
	1048584);
INSERT INTO R_OIR
	VALUES (1048577,
	1048580,
	1048584,
	0);
INSERT INTO R_SIMP
	VALUES (1048581);
INSERT INTO R_REL
	VALUES (1048581,
	5,
	'A single turntable is an integral component of any modern microwave oven. Being related to the oven, it can be controlled directly by the oven during cooking.',
	1048578);
INSERT INTO R_FORM
	VALUES (1048577,
	1048581,
	1048585,
	0,
	0,
	'occupies');
INSERT INTO R_RGO
	VALUES (1048577,
	1048581,
	1048585);
INSERT INTO R_OIR
	VALUES (1048577,
	1048581,
	1048585,
	0);
INSERT INTO R_PART
	VALUES (1048582,
	1048581,
	1048586,
	0,
	0,
	'has');
INSERT INTO R_RTO
	VALUES (1048582,
	1048581,
	1048586,
	0);
INSERT INTO R_OIR
	VALUES (1048582,
	1048581,
	1048586,
	0);
INSERT INTO CA_COMM
	VALUES (1572865,
	1048578);
INSERT INTO CA_SMSMC
	VALUES (1572865,
	1572867,
	3145734,
	0);
INSERT INTO CA_SMSME
	VALUES (1572865,
	3145734,
	3145732);
INSERT INTO CA_SMSME
	VALUES (1572865,
	3145734,
	3145729);
INSERT INTO CA_COMM
	VALUES (1572866,
	1048578);
INSERT INTO CA_SMSMC
	VALUES (1572866,
	1572867,
	2621445,
	0);
INSERT INTO CA_SMSME
	VALUES (1572866,
	2621445,
	2621441);
INSERT INTO CA_SMSME
	VALUES (1572866,
	2621445,
	2621442);
INSERT INTO CA_COMM
	VALUES (1572867,
	1048578);
INSERT INTO CA_SMSMC
	VALUES (1572867,
	1572867,
	4194312,
	0);
INSERT INTO CA_SMSME
	VALUES (1572867,
	4194312,
	4194305);
INSERT INTO CA_SMSME
	VALUES (1572867,
	4194312,
	4194306);
INSERT INTO CA_COMM
	VALUES (1572868,
	1048578);
INSERT INTO CA_SMSMC
	VALUES (1572868,
	1572867,
	2097156,
	0);
INSERT INTO CA_SMSME
	VALUES (1572868,
	2097156,
	2097156);
INSERT INTO CA_SMSME
	VALUES (1572868,
	2097156,
	2097155);
INSERT INTO CA_ACC
	VALUES (1572865,
	1048578,
	1572867,
	0);
INSERT INTO CA_SMOA
	VALUES (1572865,
	1048577,
	0);
INSERT INTO CA_SMOAA
	VALUES (1572865,
	1048584,
	1048577);
INSERT INTO CA_SMOAA
	VALUES (1572865,
	1048583,
	1048577);
INSERT INTO CA_ACC
	VALUES (1572866,
	1048578,
	1572867,
	0);
INSERT INTO CA_SMOA
	VALUES (1572866,
	1048581,
	0);
INSERT INTO CA_SMOAA
	VALUES (1572866,
	1048597,
	1048581);
INSERT INTO CA_ACC
	VALUES (2097153,
	1048578,
	2097156,
	0);
INSERT INTO CA_SMOA
	VALUES (2097153,
	1048578,
	0);
INSERT INTO CA_SMOAA
	VALUES (2097153,
	1048587,
	1048578);
INSERT INTO CA_COMM
	VALUES (3145730,
	1048578);
INSERT INTO CA_SMSMC
	VALUES (3145730,
	3145734,
	1572867,
	0);
INSERT INTO CA_SMSME
	VALUES (3145730,
	1572867,
	1572870);
INSERT INTO CA_ACC
	VALUES (3145730,
	1048578,
	3145734,
	0);
INSERT INTO CA_SMOA
	VALUES (3145730,
	1048580,
	0);
INSERT INTO CA_SMOAA
	VALUES (3145730,
	1048592,
	1048580);
INSERT INTO CA_SMOAA
	VALUES (3145730,
	1048594,
	1048580);
INSERT INTO CA_SMOAA
	VALUES (3145730,
	1048593,
	1048580);
INSERT INTO CA_COMM
	VALUES (3670017,
	1048578);
INSERT INTO CA_SMSMC
	VALUES (3670017,
	3670023,
	1572867,
	0);
INSERT INTO CA_SMSME
	VALUES (3670017,
	1572867,
	1572867);
INSERT INTO CA_ACC
	VALUES (3670017,
	1048578,
	3670023,
	0);
INSERT INTO CA_SMOA
	VALUES (3670017,
	1048581,
	0);
INSERT INTO CA_SMOAA
	VALUES (3670017,
	1048597,
	1048581);
INSERT INTO GD_MD
	VALUES (1048577,
	5,
	1048578,
	11,
	0,
	1,
	1,
	1,
	0,
	16,
	1598,
	4094,
	0.833333,
	0);
INSERT INTO GD_GE
	VALUES (1048580,
	1048577,
	1048577,
	21);
INSERT INTO GD_SHP
	VALUES (1048580,
	1904,
	1360,
	2160,
	1616);
INSERT INTO GD_GE
	VALUES (1048581,
	1048577,
	1048578,
	21);
INSERT INTO GD_SHP
	VALUES (1048581,
	1616,
	1696,
	1888,
	1872);
INSERT INTO GD_GE
	VALUES (1048582,
	1048577,
	1048579,
	21);
INSERT INTO GD_SHP
	VALUES (1048582,
	1904,
	1696,
	2160,
	1872);
INSERT INTO GD_GE
	VALUES (1048583,
	1048577,
	1048580,
	21);
INSERT INTO GD_SHP
	VALUES (1048583,
	2176,
	1696,
	2432,
	1872);
INSERT INTO GD_GE
	VALUES (1048584,
	1048577,
	1048581,
	21);
INSERT INTO GD_SHP
	VALUES (1048584,
	1632,
	1200,
	1888,
	1360);
INSERT INTO GD_GE
	VALUES (1048585,
	1048577,
	1048582,
	21);
INSERT INTO GD_SHP
	VALUES (1048585,
	2176,
	1200,
	2432,
	1360);
INSERT INTO GD_GE
	VALUES (1048621,
	1048577,
	1048577,
	24);
INSERT INTO GD_CON
	VALUES (1048621,
	1048580,
	1048581,
	0);
INSERT INTO GD_CTXT
	VALUES (1048621,
	1788,
	1557,
	1881,
	1579,
	-116,
	4,
	1709,
	1588,
	1752,
	1610,
	-51,
	36,
	1765,
	1667,
	1865,
	1689,
	2,
	-29);
INSERT INTO GD_LS
	VALUES (1048622,
	1048621,
	1904,
	1552,
	1760,
	1552,
	0);
INSERT INTO GD_LS
	VALUES (1048623,
	1048621,
	1760,
	1552,
	1760,
	1696,
	1048622);
INSERT INTO GD_GE
	VALUES (1048624,
	1048577,
	1048578,
	24);
INSERT INTO GD_CON
	VALUES (1048624,
	1048580,
	1048582,
	0);
INSERT INTO GD_CTXT
	VALUES (1048624,
	2050,
	1618,
	2150,
	1641,
	31,
	-3,
	1956,
	1642,
	2006,
	1666,
	-60,
	-14,
	2044,
	1661,
	2182,
	1684,
	25,
	-35);
INSERT INTO GD_LS
	VALUES (1048625,
	1048624,
	2016,
	1616,
	2016,
	1696,
	0);
INSERT INTO GD_GE
	VALUES (1048626,
	1048577,
	1048579,
	24);
INSERT INTO GD_CON
	VALUES (1048626,
	1048580,
	1048583,
	0);
INSERT INTO GD_CTXT
	VALUES (1048626,
	2190,
	1502,
	2306,
	1526,
	25,
	-37,
	2284,
	1582,
	2334,
	1604,
	12,
	22,
	2274,
	1664,
	2374,
	1686,
	-1,
	-32);
INSERT INTO GD_LS
	VALUES (1048627,
	1048626,
	2160,
	1536,
	2272,
	1536,
	0);
INSERT INTO GD_LS
	VALUES (1048628,
	1048626,
	2272,
	1536,
	2272,
	1696,
	1048627);
INSERT INTO GD_GE
	VALUES (1048629,
	1048577,
	1048580,
	24);
INSERT INTO GD_CON
	VALUES (1048629,
	1048584,
	1048580,
	0);
INSERT INTO GD_CTXT
	VALUES (1048629,
	1614,
	1370,
	1752,
	1392,
	-149,
	5,
	1700,
	1417,
	1750,
	1439,
	-92,
	-23,
	1721,
	1450,
	1909,
	1472,
	-183,
	9);
INSERT INTO GD_LS
	VALUES (1048630,
	1048629,
	1760,
	1360,
	1760,
	1440,
	0);
INSERT INTO GD_LS
	VALUES (1048631,
	1048629,
	1760,
	1440,
	1904,
	1440,
	1048630);
INSERT INTO GD_GE
	VALUES (1048632,
	1048577,
	1048581,
	24);
INSERT INTO GD_CON
	VALUES (1048632,
	1048580,
	1048585,
	0);
INSERT INTO GD_CTXT
	VALUES (1048632,
	2176,
	1447,
	2276,
	1469,
	11,
	4,
	2304,
	1427,
	2354,
	1449,
	40,
	-13,
	2306,
	1373,
	2411,
	1395,
	15,
	8);
INSERT INTO GD_LS
	VALUES (1048633,
	1048632,
	2160,
	1440,
	2288,
	1440,
	0);
INSERT INTO GD_LS
	VALUES (1048634,
	1048632,
	2288,
	1440,
	2288,
	1360,
	1048633);
INSERT INTO GD_MD
	VALUES (1048578,
	6,
	1048578,
	11,
	1,
	0,
	1,
	1,
	0,
	12,
	1306,
	4208,
	0.632313,
	0);
INSERT INTO GD_GE
	VALUES (1048586,
	1048578,
	1048579,
	21);
INSERT INTO GD_SHP
	VALUES (1048586,
	1904,
	1616,
	2096,
	1680);
INSERT INTO GD_GE
	VALUES (1048587,
	1048578,
	1048577,
	21);
INSERT INTO GD_SHP
	VALUES (1048587,
	1904,
	1392,
	2096,
	1456);
INSERT INTO GD_GE
	VALUES (1048588,
	1048578,
	1048581,
	21);
INSERT INTO GD_SHP
	VALUES (1048588,
	1632,
	1280,
	1824,
	1344);
INSERT INTO GD_GE
	VALUES (1048589,
	1048578,
	1048578,
	21);
INSERT INTO GD_SHP
	VALUES (1048589,
	1648,
	1616,
	1840,
	1680);
INSERT INTO GD_GE
	VALUES (1048590,
	1048578,
	1048580,
	21);
INSERT INTO GD_SHP
	VALUES (1048590,
	2160,
	1616,
	2352,
	1680);
INSERT INTO GD_GE
	VALUES (1048591,
	1048578,
	1048582,
	21);
INSERT INTO GD_SHP
	VALUES (1048591,
	2176,
	1280,
	2368,
	1344);
INSERT INTO GD_GE
	VALUES (1048635,
	1048578,
	1048577,
	23);
INSERT INTO GD_SHP
	VALUES (1048635,
	1392,
	1056,
	1568,
	1168);
INSERT INTO GD_GE
	VALUES (1048636,
	1048578,
	1048578,
	23);
INSERT INTO GD_SHP
	VALUES (1048636,
	1392,
	864,
	1568,
	960);
INSERT INTO GD_GE
	VALUES (1048592,
	1048578,
	1048717,
	1005);
INSERT INTO GD_CON
	VALUES (1048592,
	1048590,
	1048587,
	0);
INSERT INTO GD_CTXT
	VALUES (1048592,
	0,
	0,
	0,
	0,
	0,
	0,
	2232,
	1552,
	2395,
	1574,
	-40,
	120,
	0,
	0,
	0,
	0,
	0,
	0);
INSERT INTO GD_LS
	VALUES (1048593,
	1048592,
	2272,
	1616,
	2272,
	1424,
	0);
INSERT INTO GD_LS
	VALUES (1048594,
	1048592,
	2272,
	1424,
	2096,
	1424,
	1048593);
INSERT INTO GD_GE
	VALUES (1048595,
	1048578,
	1048732,
	1005);
INSERT INTO GD_CON
	VALUES (1048595,
	1048587,
	1048590,
	0);
INSERT INTO GD_CTXT
	VALUES (1048595,
	0,
	0,
	0,
	0,
	0,
	0,
	2019,
	1496,
	2215,
	1559,
	-173,
	39,
	0,
	0,
	0,
	0,
	0,
	0);
INSERT INTO GD_LS
	VALUES (1048596,
	1048595,
	2096,
	1440,
	2208,
	1440,
	0);
INSERT INTO GD_LS
	VALUES (1048597,
	1048595,
	2208,
	1440,
	2208,
	1616,
	1048596);
INSERT INTO GD_GE
	VALUES (1048598,
	1048578,
	1048751,
	1005);
INSERT INTO GD_CON
	VALUES (1048598,
	1048588,
	1048587,
	0);
INSERT INTO GD_CTXT
	VALUES (1048598,
	0,
	0,
	0,
	0,
	0,
	0,
	1734,
	1361,
	1935,
	1384,
	-42,
	-47,
	0,
	0,
	0,
	0,
	0,
	0);
INSERT INTO GD_LS
	VALUES (1048599,
	1048598,
	1712,
	1344,
	1712,
	1408,
	0);
INSERT INTO GD_LS
	VALUES (1048600,
	1048598,
	1712,
	1408,
	1904,
	1408,
	1048599);
INSERT INTO GD_GE
	VALUES (1048601,
	1048578,
	1048794,
	1005);
INSERT INTO GD_CON
	VALUES (1048601,
	1048587,
	1048591,
	0);
INSERT INTO GD_CTXT
	VALUES (1048601,
	0,
	0,
	0,
	0,
	0,
	0,
	2107,
	1361,
	2290,
	1405,
	-109,
	-47,
	0,
	0,
	0,
	0,
	0,
	0);
INSERT INTO GD_LS
	VALUES (1048602,
	1048601,
	2096,
	1408,
	2272,
	1408,
	0);
INSERT INTO GD_LS
	VALUES (1048603,
	1048601,
	2272,
	1408,
	2272,
	1344,
	1048602);
INSERT INTO GD_GE
	VALUES (1048604,
	1048578,
	1048856,
	1005);
INSERT INTO GD_CON
	VALUES (1048604,
	1048587,
	1048586,
	0);
INSERT INTO GD_CTXT
	VALUES (1048604,
	0,
	0,
	0,
	0,
	0,
	0,
	1802,
	1494,
	1967,
	1567,
	-150,
	-27,
	0,
	0,
	0,
	0,
	0,
	0);
INSERT INTO GD_LS
	VALUES (1048605,
	1048604,
	1968,
	1456,
	1968,
	1616,
	0);
INSERT INTO GD_GE
	VALUES (1048606,
	1048578,
	1048911,
	1005);
INSERT INTO GD_CON
	VALUES (1048606,
	1048587,
	1048589,
	0);
INSERT INTO GD_CTXT
	VALUES (1048606,
	0,
	0,
	0,
	0,
	0,
	0,
	1727,
	1565,
	1916,
	1609,
	7,
	125,
	0,
	0,
	0,
	0,
	0,
	0);
INSERT INTO GD_LS
	VALUES (1048607,
	1048606,
	1904,
	1440,
	1712,
	1440,
	0);
INSERT INTO GD_LS
	VALUES (1048608,
	1048606,
	1712,
	1440,
	1712,
	1616,
	1048607);
INSERT INTO GD_GE
	VALUES (1048637,
	1048578,
	1048908,
	1005);
INSERT INTO GD_CON
	VALUES (1048637,
	1048635,
	1048589,
	0);
INSERT INTO GD_CTXT
	VALUES (1048637,
	0,
	0,
	0,
	0,
	0,
	0,
	1420,
	1683,
	1634,
	1705,
	92,
	155,
	0,
	0,
	0,
	0,
	0,
	0);
INSERT INTO GD_LS
	VALUES (1048638,
	1048637,
	1392,
	1136,
	1328,
	1136,
	0);
INSERT INTO GD_LS
	VALUES (1048639,
	1048637,
	1328,
	1136,
	1328,
	1664,
	1048638);
INSERT INTO GD_LS
	VALUES (1048640,
	1048637,
	1328,
	1664,
	1648,
	1664,
	1048639);
INSERT INTO GD_GE
	VALUES (1048641,
	1048578,
	1048961,
	1005);
INSERT INTO GD_CON
	VALUES (1048641,
	1048635,
	1048588,
	0);
INSERT INTO GD_CTXT
	VALUES (1048641,
	0,
	0,
	0,
	0,
	0,
	0,
	1609,
	1191,
	1730,
	1231,
	-119,
	39,
	0,
	0,
	0,
	0,
	0,
	0);
INSERT INTO GD_LS
	VALUES (1048642,
	1048641,
	1568,
	1152,
	1760,
	1152,
	0);
INSERT INTO GD_LS
	VALUES (1048643,
	1048641,
	1760,
	1152,
	1760,
	1280,
	1048642);
INSERT INTO GD_GE
	VALUES (1048644,
	1048578,
	1048963,
	1005);
INSERT INTO GD_CON
	VALUES (1048644,
	1048635,
	1048587,
	0);
INSERT INTO GD_CTXT
	VALUES (1048644,
	0,
	0,
	0,
	0,
	0,
	0,
	1762,
	1073,
	2026,
	1113,
	-174,
	-47,
	0,
	0,
	0,
	0,
	0,
	0);
INSERT INTO GD_LS
	VALUES (1048645,
	1048644,
	1568,
	1120,
	2032,
	1120,
	0);
INSERT INTO GD_LS
	VALUES (1048646,
	1048644,
	2032,
	1120,
	2032,
	1392,
	1048645);
INSERT INTO GD_MD
	VALUES (1048579,
	7,
	1048578,
	11,
	1,
	0,
	1,
	1,
	0,
	12,
	1538,
	4304,
	0.833333,
	0);
INSERT INTO GD_GE
	VALUES (1048609,
	1048579,
	1048577,
	21);
INSERT INTO GD_SHP
	VALUES (1048609,
	1920,
	1344,
	2112,
	1424);
INSERT INTO GD_GE
	VALUES (1048610,
	1048579,
	1048578,
	21);
INSERT INTO GD_SHP
	VALUES (1048610,
	1680,
	1344,
	1872,
	1424);
INSERT INTO GD_GE
	VALUES (1048611,
	1048579,
	1048579,
	21);
INSERT INTO GD_SHP
	VALUES (1048611,
	1680,
	1456,
	1872,
	1536);
INSERT INTO GD_GE
	VALUES (1048612,
	1048579,
	1048580,
	21);
INSERT INTO GD_SHP
	VALUES (1048612,
	1888,
	1456,
	2080,
	1536);
INSERT INTO GD_GE
	VALUES (1048613,
	1048579,
	1048581,
	21);
INSERT INTO GD_SHP
	VALUES (1048613,
	1680,
	1216,
	1872,
	1296);
INSERT INTO GD_GE
	VALUES (1048614,
	1048579,
	1048582,
	21);
INSERT INTO GD_SHP
	VALUES (1048614,
	2096,
	1456,
	2288,
	1536);
INSERT INTO GD_GE
	VALUES (1048647,
	1048579,
	1048579,
	23);
INSERT INTO GD_SHP
	VALUES (1048647,
	1632,
	1056,
	1840,
	1136);
INSERT INTO GD_GE
	VALUES (1048615,
	1048579,
	1048627,
	1005);
INSERT INTO GD_CON
	VALUES (1048615,
	1048609,
	1048610,
	0);
INSERT INTO GD_CTXT
	VALUES (1048615,
	0,
	0,
	0,
	0,
	0,
	0,
	1780,
	1398,
	1955,
	1441,
	13,
	63,
	0,
	0,
	0,
	0,
	0,
	0);
INSERT INTO GD_LS
	VALUES (1048616,
	1048615,
	1920,
	1376,
	1760,
	1360,
	0);
INSERT INTO GD_LS
	VALUES (1048617,
	1048615,
	1760,
	1360,
	1792,
	1344,
	1048616);
INSERT INTO GD_GE
	VALUES (1048618,
	1048579,
	1048630,
	1005);
INSERT INTO GD_CON
	VALUES (1048618,
	1048609,
	1048613,
	0);
INSERT INTO GD_CTXT
	VALUES (1048618,
	0,
	0,
	0,
	0,
	0,
	0,
	1892,
	1218,
	2074,
	1240,
	-92,
	-46,
	0,
	0,
	0,
	0,
	0,
	0);
INSERT INTO GD_LS
	VALUES (1048619,
	1048618,
	2016,
	1344,
	2016,
	1264,
	0);
INSERT INTO GD_LS
	VALUES (1048620,
	1048618,
	2016,
	1264,
	1872,
	1264,
	1048619);
INSERT INTO GD_GE
	VALUES (1048648,
	1048579,
	1048987,
	1005);
INSERT INTO GD_CON
	VALUES (1048648,
	1048647,
	1048609,
	0);
INSERT INTO GD_CTXT
	VALUES (1048648,
	0,
	0,
	0,
	0,
	0,
	0,
	1880,
	1098,
	2099,
	1120,
	-168,
	-30,
	0,
	0,
	0,
	0,
	0,
	0);
INSERT INTO GD_LS
	VALUES (1048649,
	1048648,
	1840,
	1120,
	2048,
	1120,
	0);
INSERT INTO GD_LS
	VALUES (1048650,
	1048648,
	2048,
	1120,
	2048,
	1344,
	1048649);
INSERT INTO GD_GE
	VALUES (1048651,
	1048579,
	1048996,
	1005);
INSERT INTO GD_CON
	VALUES (1048651,
	1048647,
	1048610,
	0);
INSERT INTO GD_CTXT
	VALUES (1048651,
	0,
	0,
	0,
	0,
	0,
	0,
	1606,
	1304,
	1766,
	1326,
	6,
	32,
	0,
	0,
	0,
	0,
	0,
	0);
INSERT INTO GD_LS
	VALUES (1048652,
	1048651,
	1632,
	1104,
	1600,
	1104,
	0);
INSERT INTO GD_LS
	VALUES (1048653,
	1048651,
	1600,
	1104,
	1600,
	1392,
	1048652);
INSERT INTO GD_LS
	VALUES (1048654,
	1048651,
	1600,
	1392,
	1680,
	1392,
	1048653);
INSERT INTO GD_GE
	VALUES (1048655,
	1048579,
	1049031,
	1005);
INSERT INTO GD_CON
	VALUES (1048655,
	1048647,
	1048613,
	0);
INSERT INTO GD_CTXT
	VALUES (1048655,
	0,
	0,
	0,
	0,
	0,
	0,
	1702,
	1181,
	1780,
	1203,
	-106,
	5,
	0,
	0,
	0,
	0,
	0,
	0);
INSERT INTO GD_LS
	VALUES (1048656,
	1048655,
	1808,
	1136,
	1808,
	1216,
	0);
INSERT INTO S_SS
	VALUES (4718601,
	'Test Subsystem',
	'The test subsystem models test scenarios used to test the microwave oven models within Model Verifier.
',
	'',
	100,
	2630000,
	4718601);
INSERT INTO O_OBJ
	VALUES (4718593,
	'Test Sequences',
	100,
	'MO_TS',
	'Two sample test scenarios encapsulated within a class. ',
	4718601);
INSERT INTO O_NBATTR
	VALUES (4718593,
	4718593);
INSERT INTO O_BATTR
	VALUES (4718593,
	4718593);
INSERT INTO O_ATTR
	VALUES (4718593,
	4718593,
	0,
	'TestSeqID',
	'',
	'',
	'TestSeqID',
	0,
	524294);
INSERT INTO O_NBATTR
	VALUES (4718594,
	4718593);
INSERT INTO O_BATTR
	VALUES (4718594,
	4718593);
INSERT INTO O_ATTR
	VALUES (4718594,
	4718593,
	4718593,
	'current_state',
	'',
	'',
	'current_state',
	0,
	524295);
INSERT INTO O_ID
	VALUES (0,
	4718593);
INSERT INTO O_OIDA
	VALUES (4718593,
	4718593,
	0);
INSERT INTO SM_ISM
	VALUES (5242890,
	4718593);
INSERT INTO SM_SM
	VALUES (5242890,
	'',
	10);
INSERT INTO SM_MOORE
	VALUES (5242890);
INSERT INTO SM_SUPDT
	VALUES (5242881,
	5242890,
	0);
INSERT INTO SM_STATE
	VALUES (5242881,
	5242890,
	5242881,
	'Awaiting Test Sequence Initiation',
	1,
	0);
INSERT INTO SM_LEVT
	VALUES (5242881,
	5242890,
	5242881);
INSERT INTO SM_SEVT
	VALUES (5242881,
	5242890,
	5242881);
INSERT INTO SM_EVT
	VALUES (5242881,
	5242890,
	5242881,
	2,
	'perform_test_seq_1',
	0,
	'',
	'MO_TS2',
	'');
INSERT INTO SM_SEME
	VALUES (5242881,
	5242881,
	5242890,
	5242881);
INSERT INTO SM_LEVT
	VALUES (5242882,
	5242890,
	5242881);
INSERT INTO SM_SEVT
	VALUES (5242882,
	5242890,
	5242881);
INSERT INTO SM_EVT
	VALUES (5242882,
	5242890,
	5242881,
	3,
	'perform_test_seq_2',
	0,
	'',
	'MO_TS3',
	'');
INSERT INTO SM_SEME
	VALUES (5242881,
	5242882,
	5242890,
	5242881);
INSERT INTO SM_LEVT
	VALUES (5242883,
	5242890,
	5242881);
INSERT INTO SM_SEVT
	VALUES (5242883,
	5242890,
	5242881);
INSERT INTO SM_EVT
	VALUES (5242883,
	5242890,
	5242881,
	1,
	'initialize',
	0,
	'',
	'MO_TS1',
	'');
INSERT INTO SM_SEME
	VALUES (5242881,
	5242883,
	5242890,
	5242881);
INSERT INTO SM_LEVT
	VALUES (5242884,
	5242890,
	5242881);
INSERT INTO SM_SEVT
	VALUES (5242884,
	5242890,
	5242881);
INSERT INTO SM_EVT
	VALUES (5242884,
	5242890,
	5242881,
	4,
	'test_seq_complete',
	0,
	'',
	'MO_TS4',
	'');
INSERT INTO SM_EIGN
	VALUES (5242881,
	5242884,
	5242890,
	5242881,
	'');
INSERT INTO SM_SEME
	VALUES (5242881,
	5242884,
	5242890,
	5242881);
INSERT INTO SM_STATE
	VALUES (5242882,
	5242890,
	5242881,
	'Performing Test Sequence 1',
	2,
	0);
INSERT INTO SM_EIGN
	VALUES (5242882,
	5242881,
	5242890,
	5242881,
	'');
INSERT INTO SM_SEME
	VALUES (5242882,
	5242881,
	5242890,
	5242881);
INSERT INTO SM_EIGN
	VALUES (5242882,
	5242882,
	5242890,
	5242881,
	'');
INSERT INTO SM_SEME
	VALUES (5242882,
	5242882,
	5242890,
	5242881);
INSERT INTO SM_EIGN
	VALUES (5242882,
	5242883,
	5242890,
	5242881,
	'');
INSERT INTO SM_SEME
	VALUES (5242882,
	5242883,
	5242890,
	5242881);
INSERT INTO SM_SEME
	VALUES (5242882,
	5242884,
	5242890,
	5242881);
INSERT INTO SM_STATE
	VALUES (5242883,
	5242890,
	5242881,
	'Performing Test Sequence 2',
	3,
	0);
INSERT INTO SM_EIGN
	VALUES (5242883,
	5242881,
	5242890,
	5242881,
	'');
INSERT INTO SM_SEME
	VALUES (5242883,
	5242881,
	5242890,
	5242881);
INSERT INTO SM_EIGN
	VALUES (5242883,
	5242882,
	5242890,
	5242881,
	'');
INSERT INTO SM_SEME
	VALUES (5242883,
	5242882,
	5242890,
	5242881);
INSERT INTO SM_EIGN
	VALUES (5242883,
	5242883,
	5242890,
	5242881,
	'');
INSERT INTO SM_SEME
	VALUES (5242883,
	5242883,
	5242890,
	5242881);
INSERT INTO SM_SEME
	VALUES (5242883,
	5242884,
	5242890,
	5242881);
INSERT INTO SM_STATE
	VALUES (5242884,
	5242890,
	5242881,
	'Cooking Complete',
	4,
	0);
INSERT INTO SM_EIGN
	VALUES (5242884,
	5242881,
	5242890,
	5242881,
	'');
INSERT INTO SM_SEME
	VALUES (5242884,
	5242881,
	5242890,
	5242881);
INSERT INTO SM_EIGN
	VALUES (5242884,
	5242882,
	5242890,
	5242881,
	'');
INSERT INTO SM_SEME
	VALUES (5242884,
	5242882,
	5242890,
	5242881);
INSERT INTO SM_EIGN
	VALUES (5242884,
	5242883,
	5242890,
	5242881,
	'');
INSERT INTO SM_SEME
	VALUES (5242884,
	5242883,
	5242890,
	5242881);
INSERT INTO SM_EIGN
	VALUES (5242884,
	5242884,
	5242890,
	5242881,
	'');
INSERT INTO SM_SEME
	VALUES (5242884,
	5242884,
	5242890,
	5242881);
INSERT INTO SM_NSTXN
	VALUES (5242881,
	5242890,
	5242881,
	5242883,
	5242881);
INSERT INTO SM_TXN
	VALUES (5242881,
	5242890,
	5242881,
	5242881);
INSERT INTO SM_NSTXN
	VALUES (5242882,
	5242890,
	5242881,
	5242881,
	5242881);
INSERT INTO SM_TXN
	VALUES (5242882,
	5242890,
	5242882,
	5242881);
INSERT INTO SM_NSTXN
	VALUES (5242883,
	5242890,
	5242881,
	5242882,
	5242881);
INSERT INTO SM_TXN
	VALUES (5242883,
	5242890,
	5242883,
	5242881);
INSERT INTO SM_NSTXN
	VALUES (5242884,
	5242890,
	5242882,
	5242884,
	5242881);
INSERT INTO SM_TXN
	VALUES (5242884,
	5242890,
	5242884,
	5242881);
INSERT INTO SM_NSTXN
	VALUES (5242885,
	5242890,
	5242883,
	5242884,
	5242881);
INSERT INTO SM_TXN
	VALUES (5242885,
	5242890,
	5242884,
	5242881);
INSERT INTO SM_MOAH
	VALUES (5242881,
	5242890,
	5242881);
INSERT INTO SM_AH
	VALUES (5242881,
	5242890);
INSERT INTO SM_ACT
	VALUES (5242881,
	5242890,
	1,
	'//Automatically initiate test sequence 1.
generate MO_TS2:''perform_test_seq_1'' to self;',
	'');
INSERT INTO SM_MOAH
	VALUES (5242882,
	5242890,
	5242882);
INSERT INTO SM_AH
	VALUES (5242882,
	5242890);
INSERT INTO SM_ACT
	VALUES (5242882,
	5242890,
	1,
	'// Step 1. At T+2000000us, open the oven door to insert dish
select any door from instances of MO_D;
if (not_empty door)
   create event instance release_door of MO_D1:''release'' to door;
   step1_timer=TIM::timer_start(microseconds:2000000,event_inst:release_door);
end if;

// Step 2. At T+3000000us, lower the output power setting to Med_High
select any tube from instances of MO_MT;
if (not_empty tube)
   create event instance lower_power of MO_MT2:''decrease_power'' to tube;
   step2_timer =TIM::timer_start(microseconds:3000000,event_inst:lower_power);
end if;

// Step 3. At T+4000000us, close oven door
select any door from instances of MO_D;
if (not_empty door)
   create event instance close_door of MO_D2:''close'' to door;
   step3_timer =TIM::timer_start(microseconds:4000000,event_inst:close_door);
end if;

// Step 4. At T+5000000us, assign cooking period of 10 seconds and start cooking
select any oven from instances of MO_O;
if (not_empty oven)
   create event instance cooking_time of MO_O8:''cooking_period''(period:10000000) to oven;
   step4a_timer =TIM::timer_start(microseconds:5000000,event_inst:cooking_time);
   create event instance start of MO_O3:''start_cooking'' to oven;
   step4b_timer =TIM::timer_start(microseconds:5000001,event_inst:start);
end if;

// Step 5. At T+15secs, open the oven door to remove cooked dish
select any door from instances of MO_D;
if (not_empty door)
   create event instance release_door of MO_D1:''release'' to door;
   step5_timer =TIM::timer_start(microseconds:15000000,event_inst:release_door);
end if;

// For codegen: Testing complete.  After 30 seconds, terminate the system
// otherwise, executable will not terminate.
create event instance finished of MO_TS4:''test_seq_complete'' to self;
terminate_timer=TIM::timer_start(microseconds:30000000,event_inst:finished);
',
	'');
INSERT INTO SM_MOAH
	VALUES (5242883,
	5242890,
	5242883);
INSERT INTO SM_AH
	VALUES (5242883,
	5242890);
INSERT INTO SM_ACT
	VALUES (5242883,
	5242890,
	1,
	'// Step 1. At T+2000000us, open the oven door to insert dish
select any door from instances of MO_D;
if (not_empty door)
   create event instance release_door of MO_D1:''release'' to door;
   step1_timer =TIM::timer_start(microseconds:2000000,event_inst:release_door);
end if;

// Step 2. At T+4000000us, close oven door
select any door from instances of MO_D;
if (not_empty door)
   create event instance close_door of MO_D2:''close'' to door;
   step2_timer =TIM::timer_start(microseconds:4000000,event_inst:close_door);
end if;

// Step 3. At T+5000000us, assign cooking period of 15seconds and start cooking
select any oven from instances of MO_O;
if (not_empty oven)
   create event instance cooking_time of MO_O8:''cooking_period''(period:15000000) to oven;
   step3a_timer =TIM::timer_start(microseconds:5000000,event_inst:cooking_time);
   create event instance start of MO_O3:''start_cooking'' to oven;
   step3b_timer =TIM::timer_start(microseconds:5000001,event_inst:start);
end if;

// Step 4. At T+6000000us, open the oven door to inspect dish
select any door from instances of MO_D;
if (not_empty door)
   create event instance release_door of MO_D1:''release'' to door;
   step4_timer =TIM::timer_start(microseconds:6000000,event_inst:release_door);
end if;

// Step 5. At T+7000000us, lower the output power setting to Medium
select any tube from instances of MO_MT;
if (not_empty tube)
   create event instance lower_power of MO_MT2:''decrease_power'' to tube;
   step5a_timer =TIM::timer_start(microseconds:3000000,event_inst:lower_power);
   step5b_timer = TIM::timer_start(microseconds:3000001,event_inst:lower_power);
end if;

// Step 6. At T+9000000us, close oven door
select any door from instances of MO_D;
if (not_empty door)
   create event instance close_door of MO_D2:''close'' to door;
   step6_timer =TIM::timer_start(microseconds:9000000,event_inst:close_door);
end if;

// Step 7. At T+10000000us, resume cooking
select any oven from instances of MO_O;
if (not_empty oven)
   create event instance restart of MO_O3:''start_cooking'' to oven;
   step7_timer =TIM::timer_start(microseconds:10000000,event_inst:restart);
end if;


// For codegen: Testing complete.  After 30 seconds, terminate the system
// otherwise, executable will not terminate.
create event instance finished of MO_TS4:''test_seq_complete'' to self;
terminate_timer=TIM::timer_start(microseconds:30000000,event_inst:finished);

',
	'');
INSERT INTO SM_MOAH
	VALUES (5242884,
	5242890,
	5242884);
INSERT INTO SM_AH
	VALUES (5242884,
	5242890);
INSERT INTO SM_ACT
	VALUES (5242884,
	5242890,
	1,
	'//For code generation: terminate system once complete
Bridge ARCH::shutdown();',
	'');
INSERT INTO GD_MD
	VALUES (5242881,
	8,
	5242890,
	40,
	1,
	0,
	1,
	1,
	0,
	12,
	1228,
	4229,
	0.750000,
	0);
INSERT INTO GD_GE
	VALUES (5242882,
	5242881,
	5242881,
	41);
INSERT INTO GD_SHP
	VALUES (5242882,
	1712,
	1008,
	1984,
	1152);
INSERT INTO GD_GE
	VALUES (5242883,
	5242881,
	5242882,
	41);
INSERT INTO GD_SHP
	VALUES (5242883,
	1280,
	1232,
	1888,
	1680);
INSERT INTO GD_GE
	VALUES (5242884,
	5242881,
	5242883,
	41);
INSERT INTO GD_SHP
	VALUES (5242884,
	1904,
	1232,
	2544,
	1680);
INSERT INTO GD_GE
	VALUES (5242885,
	5242881,
	5242884,
	41);
INSERT INTO GD_SHP
	VALUES (5242885,
	1664,
	1792,
	2016,
	1952);
INSERT INTO GD_GE
	VALUES (5242886,
	5242881,
	5242881,
	42);
INSERT INTO GD_CON
	VALUES (5242886,
	5242882,
	5242882,
	0);
INSERT INTO GD_CTXT
	VALUES (5242886,
	0,
	0,
	0,
	0,
	0,
	0,
	1813,
	923,
	2042,
	947,
	-27,
	-21,
	0,
	0,
	0,
	0,
	0,
	0);
INSERT INTO GD_LS
	VALUES (5242887,
	5242886,
	1776,
	1008,
	1776,
	944,
	0);
INSERT INTO GD_LS
	VALUES (5242888,
	5242886,
	1776,
	944,
	1904,
	944,
	5242887);
INSERT INTO GD_LS
	VALUES (5242889,
	5242886,
	1904,
	944,
	1904,
	1008,
	5242888);
INSERT INTO GD_GE
	VALUES (5242890,
	5242881,
	5242882,
	42);
INSERT INTO GD_CON
	VALUES (5242890,
	5242882,
	5242883,
	0);
INSERT INTO GD_CTXT
	VALUES (5242890,
	0,
	0,
	0,
	0,
	0,
	0,
	1409,
	1166,
	1637,
	1188,
	-239,
	30,
	0,
	0,
	0,
	0,
	0,
	0);
INSERT INTO GD_LS
	VALUES (5242891,
	5242890,
	1712,
	1104,
	1648,
	1104,
	0);
INSERT INTO GD_LS
	VALUES (5242892,
	5242890,
	1648,
	1104,
	1648,
	1120,
	5242891);
INSERT INTO GD_LS
	VALUES (5242893,
	5242890,
	1648,
	1120,
	1648,
	1232,
	5242892);
INSERT INTO GD_GE
	VALUES (5242894,
	5242881,
	5242883,
	42);
INSERT INTO GD_CON
	VALUES (5242894,
	5242882,
	5242884,
	0);
INSERT INTO GD_CTXT
	VALUES (5242894,
	0,
	0,
	0,
	0,
	0,
	0,
	1791,
	1184,
	2044,
	1206,
	-273,
	56,
	0,
	0,
	0,
	0,
	0,
	0);
INSERT INTO GD_LS
	VALUES (5242895,
	5242894,
	1984,
	1104,
	2064,
	1104,
	0);
INSERT INTO GD_LS
	VALUES (5242896,
	5242894,
	2064,
	1104,
	2064,
	1232,
	5242895);
INSERT INTO GD_GE
	VALUES (5242897,
	5242881,
	5242884,
	42);
INSERT INTO GD_CON
	VALUES (5242897,
	5242883,
	5242885,
	0);
INSERT INTO GD_CTXT
	VALUES (5242897,
	0,
	0,
	0,
	0,
	0,
	0,
	1395,
	1881,
	1604,
	1903,
	-189,
	73,
	0,
	0,
	0,
	0,
	0,
	0);
INSERT INTO GD_LS
	VALUES (5242898,
	5242897,
	1584,
	1680,
	1584,
	1856,
	0);
INSERT INTO GD_LS
	VALUES (5242899,
	5242897,
	1584,
	1856,
	1664,
	1856,
	5242898);
INSERT INTO GD_GE
	VALUES (5242900,
	5242881,
	5242885,
	42);
INSERT INTO GD_CON
	VALUES (5242900,
	5242884,
	5242885,
	0);
INSERT INTO GD_CTXT
	VALUES (5242900,
	0,
	0,
	0,
	0,
	0,
	0,
	2090,
	1704,
	2317,
	1726,
	10,
	-96,
	0,
	0,
	0,
	0,
	0,
	0);
INSERT INTO GD_LS
	VALUES (5242901,
	5242900,
	2080,
	1680,
	2080,
	1856,
	0);
INSERT INTO GD_LS
	VALUES (5242902,
	5242900,
	2080,
	1856,
	2016,
	1856,
	5242901);
INSERT INTO CA_COMM
	VALUES (5242881,
	4718601);
INSERT INTO CA_SMSMC
	VALUES (5242881,
	5242890,
	3670023,
	0);
INSERT INTO CA_SMSME
	VALUES (5242881,
	3670023,
	3670018);
INSERT INTO CA_SMSME
	VALUES (5242881,
	3670023,
	3670017);
INSERT INTO CA_COMM
	VALUES (5242882,
	4718601);
INSERT INTO CA_SMSMC
	VALUES (5242882,
	5242890,
	2097156,
	0);
INSERT INTO CA_SMSME
	VALUES (5242882,
	2097156,
	2097154);
INSERT INTO CA_COMM
	VALUES (5242883,
	4718601);
INSERT INTO CA_SMSMC
	VALUES (5242883,
	5242890,
	1572867,
	0);
INSERT INTO CA_SMSME
	VALUES (5242883,
	1572867,
	1572866);
INSERT INTO CA_SMSME
	VALUES (5242883,
	1572867,
	1572872);
INSERT INTO GD_MD
	VALUES (4718593,
	5,
	4718601,
	11,
	1,
	0,
	1,
	1,
	0,
	12,
	1600,
	4189,
	1.000000,
	0);
INSERT INTO GD_GE
	VALUES (4718596,
	4718593,
	4718593,
	21);
INSERT INTO GD_SHP
	VALUES (4718596,
	1840,
	1360,
	2112,
	1488);
INSERT INTO GD_MD
	VALUES (4718594,
	6,
	4718601,
	11,
	1,
	0,
	1,
	1,
	0,
	12,
	1600,
	4189,
	1.000000,
	0);
INSERT INTO GD_GE
	VALUES (4718597,
	4718594,
	4718593,
	21);
INSERT INTO GD_SHP
	VALUES (4718597,
	1860,
	1270,
	2068,
	1382);
INSERT INTO GD_MD
	VALUES (4718595,
	7,
	4718601,
	11,
	1,
	0,
	1,
	1,
	0,
	12,
	-1,
	-1,
	1.000000,
	0);
INSERT INTO GD_GE
	VALUES (4718598,
	4718595,
	4718593,
	21);
INSERT INTO GD_SHP
	VALUES (4718598,
	1700,
	1270,
	1892,
	1334);
INSERT INTO S_SS
	VALUES (5767179,
	'Initialization Subsystem',
	'The initialization subsystem creates the pre-existing instances of the microwave oven model elements in order to test the models using Model Verifier.',
	'',
	200,
	2630000,
	5767179);
INSERT INTO O_OBJ
	VALUES (5767169,
	'Initialization Subsystem  init',
	200,
	'MO_I',
	'',
	5767179);
INSERT INTO O_NBATTR
	VALUES (5767169,
	5767169);
INSERT INTO O_BATTR
	VALUES (5767169,
	5767169);
INSERT INTO O_ATTR
	VALUES (5767169,
	5767169,
	0,
	'current_state',
	'',
	'',
	'current_state',
	0,
	524295);
INSERT INTO SM_ISM
	VALUES (6291468,
	5767169);
INSERT INTO SM_SM
	VALUES (6291468,
	'',
	12);
INSERT INTO SM_MOORE
	VALUES (6291468);
INSERT INTO SM_SUPDT
	VALUES (6291457,
	6291468,
	0);
INSERT INTO SM_STATE
	VALUES (6291457,
	6291468,
	6291457,
	'Initialize',
	1,
	0);
INSERT INTO SM_LEVT
	VALUES (6291457,
	6291468,
	6291457);
INSERT INTO SM_SEVT
	VALUES (6291457,
	6291468,
	6291457);
INSERT INTO SM_EVT
	VALUES (6291457,
	6291468,
	6291457,
	1,
	'start',
	0,
	'',
	'MO_I1',
	'');
INSERT INTO SM_SEME
	VALUES (6291457,
	6291457,
	6291468,
	6291457);
INSERT INTO SM_NSTXN
	VALUES (6291457,
	6291468,
	6291457,
	6291457,
	6291457);
INSERT INTO SM_TXN
	VALUES (6291457,
	6291468,
	6291457,
	6291457);
INSERT INTO SM_MOAH
	VALUES (6291457,
	6291468,
	6291457);
INSERT INTO SM_AH
	VALUES (6291457,
	6291468);
INSERT INTO SM_ACT
	VALUES (6291457,
	6291468,
	1,
	'// Create the instances in the system.
create object instance mo of MO_O;

assign mo.remaining_cooking_time = 0;

create object instance tube of MO_MT;
relate mo to tube across R1;
assign tube.current_power_output = tube_wattage::high;

create object instance light of MO_IL;
relate mo to light across R2;

create object instance beeper of MO_B;
relate mo to beeper across R3;

create object instance door of MO_D;
relate mo to door across R4;
assign door.is_secure = false;

create object instance turntable of MO_TRN;
relate mo to turntable across R5;

// create an instance of test sequence, then generate the event that starts the test scenario.

create object instance ts of MO_TS;
generate  MO_TS1:''initialize''() to ts;




',
	'');
INSERT INTO GD_MD
	VALUES (6291457,
	8,
	6291468,
	40,
	1,
	0,
	1,
	1,
	0,
	12,
	1646,
	4266,
	1.000000,
	0);
INSERT INTO GD_GE
	VALUES (6291458,
	6291457,
	6291457,
	41);
INSERT INTO GD_SHP
	VALUES (6291458,
	1776,
	1280,
	2224,
	1488);
INSERT INTO GD_GE
	VALUES (6291459,
	6291457,
	6291457,
	42);
INSERT INTO GD_CON
	VALUES (6291459,
	6291458,
	6291458,
	0);
INSERT INTO GD_CTXT
	VALUES (6291459,
	0,
	0,
	0,
	0,
	0,
	0,
	1848,
	1515,
	1973,
	1537,
	-64,
	-37,
	0,
	0,
	0,
	0,
	0,
	0);
INSERT INTO GD_LS
	VALUES (6291460,
	6291459,
	1824,
	1488,
	1824,
	1552,
	0);
INSERT INTO GD_LS
	VALUES (6291461,
	6291459,
	1824,
	1552,
	2000,
	1552,
	6291460);
INSERT INTO GD_LS
	VALUES (6291462,
	6291459,
	2000,
	1552,
	2000,
	1488,
	6291461);
INSERT INTO CA_COMM
	VALUES (6291457,
	5767179);
INSERT INTO CA_SMSMC
	VALUES (6291457,
	6291468,
	5242890,
	0);
INSERT INTO CA_SMSME
	VALUES (6291457,
	5242890,
	5242883);
INSERT INTO CA_ACC
	VALUES (6291457,
	5767179,
	6291468,
	0);
INSERT INTO CA_SMOA
	VALUES (6291457,
	1048577,
	0);
INSERT INTO CA_SMOAA
	VALUES (6291457,
	1048584,
	1048577);
INSERT INTO CA_ACC
	VALUES (6291458,
	5767179,
	6291468,
	0);
INSERT INTO CA_SMOA
	VALUES (6291458,
	1048578,
	0);
INSERT INTO CA_SMOAA
	VALUES (6291458,
	1048587,
	1048578);
INSERT INTO CA_ACC
	VALUES (6291459,
	5767179,
	6291468,
	0);
INSERT INTO CA_SMOA
	VALUES (6291459,
	1048581,
	0);
INSERT INTO CA_SMOAA
	VALUES (6291459,
	1048597,
	1048581);
INSERT INTO GD_MD
	VALUES (5767169,
	5,
	5767179,
	11,
	0,
	1,
	1,
	1,
	0,
	9,
	1556,
	4130,
	0.833333,
	0);
INSERT INTO GD_GE
	VALUES (5767172,
	5767169,
	5767169,
	21);
INSERT INTO GD_SHP
	VALUES (5767172,
	1840,
	1408,
	2112,
	1568);
INSERT INTO GD_MD
	VALUES (5767170,
	6,
	5767179,
	11,
	1,
	0,
	1,
	1,
	0,
	12,
	1514,
	4178,
	0.833333,
	0);
INSERT INTO GD_GE
	VALUES (5767173,
	5767170,
	5767169,
	21);
INSERT INTO GD_SHP
	VALUES (5767173,
	1824,
	1376,
	2032,
	1472);
INSERT INTO GD_MD
	VALUES (5767171,
	7,
	5767179,
	11,
	1,
	0,
	1,
	1,
	0,
	12,
	1585,
	4241,
	1.000000,
	0);
INSERT INTO GD_GE
	VALUES (5767174,
	5767171,
	5767169,
	21);
INSERT INTO GD_SHP
	VALUES (5767174,
	1824,
	1376,
	2032,
	1472);
