-- BP 6.1D content: domain syschar: 3

INSERT INTO S_DOM
	VALUES (50512,
	'memleak',
	'This domain tests sychronous deletion of instances.

Three instances of the Running class are created in the initialization object.  One is deleted by another instance, one is deleted by itself, and the last is deleted as a final deletion state.  

For an instance which deletes itself, we treat it as if it were a final deletion state and therefore, needed to test that real final deletion states still work correctly, especially if there are multiple final deletion states in the state chart.  

Just before the delete self happens, an event is generated to the instance.  This event should be enqueued to the instance, but the system should not attempt to deliver this event.  If the event is delivered, then the test fails by invoking "LOG::LogFailure" bridge and then "ARCH:shutdown".',
	0,
	1);
INSERT INTO S_CDT
	VALUES (524289,
	0);
INSERT INTO S_DT
	VALUES (524289,
	50512,
	'void',
	'');
INSERT INTO S_CDT
	VALUES (524290,
	1);
INSERT INTO S_DT
	VALUES (524290,
	50512,
	'boolean',
	'');
INSERT INTO S_CDT
	VALUES (524291,
	2);
INSERT INTO S_DT
	VALUES (524291,
	50512,
	'integer',
	'');
INSERT INTO S_CDT
	VALUES (524292,
	3);
INSERT INTO S_DT
	VALUES (524292,
	50512,
	'real',
	'');
INSERT INTO S_CDT
	VALUES (524293,
	4);
INSERT INTO S_DT
	VALUES (524293,
	50512,
	'string',
	'');
INSERT INTO S_CDT
	VALUES (524294,
	5);
INSERT INTO S_DT
	VALUES (524294,
	50512,
	'unique_id',
	'');
INSERT INTO S_CDT
	VALUES (524295,
	6);
INSERT INTO S_DT
	VALUES (524295,
	50512,
	'state<State_Model>',
	'');
INSERT INTO S_CDT
	VALUES (524296,
	7);
INSERT INTO S_DT
	VALUES (524296,
	50512,
	'same_as<Base_Attribute>',
	'');
INSERT INTO S_CDT
	VALUES (524297,
	8);
INSERT INTO S_DT
	VALUES (524297,
	50512,
	'inst_ref<Object>',
	'');
INSERT INTO S_CDT
	VALUES (524298,
	9);
INSERT INTO S_DT
	VALUES (524298,
	50512,
	'inst_ref_set<Object>',
	'');
INSERT INTO S_CDT
	VALUES (524299,
	10);
INSERT INTO S_DT
	VALUES (524299,
	50512,
	'inst<Event>',
	'');
INSERT INTO S_CDT
	VALUES (524300,
	11);
INSERT INTO S_DT
	VALUES (524300,
	50512,
	'inst<Mapping>',
	'');
INSERT INTO S_CDT
	VALUES (524301,
	12);
INSERT INTO S_DT
	VALUES (524301,
	50512,
	'inst_ref<Mapping>',
	'');
INSERT INTO S_UDT
	VALUES (524302,
	524300,
	1);
INSERT INTO S_DT
	VALUES (524302,
	50512,
	'date',
	'');
INSERT INTO S_UDT
	VALUES (524303,
	524300,
	2);
INSERT INTO S_DT
	VALUES (524303,
	50512,
	'timestamp',
	'');
INSERT INTO S_UDT
	VALUES (524304,
	524301,
	3);
INSERT INTO S_DT
	VALUES (524304,
	50512,
	'inst_ref<Timer>',
	'');
INSERT INTO S_UDT
	VALUES (524305,
	524294,
	0);
INSERT INTO S_DT
	VALUES (524305,
	50512,
	'arbitrary_id',
	'Arbitrary ID with core data type of unique_id.');
INSERT INTO S_EE
	VALUES (524289,
	'Time',
	'',
	'TIM',
	50512);
INSERT INTO S_BRG
	VALUES (524289,
	524289,
	'current_date',
	'',
	1,
	524302,
	'',
	0);
INSERT INTO S_BRG
	VALUES (524290,
	524289,
	'create_date',
	'',
	1,
	524302,
	'',
	0);
INSERT INTO S_BPARM
	VALUES (524289,
	524290,
	'second',
	524291,
	0);
INSERT INTO S_BPARM
	VALUES (524290,
	524290,
	'minute',
	524291,
	0);
INSERT INTO S_BPARM
	VALUES (524291,
	524290,
	'hour',
	524291,
	0);
INSERT INTO S_BPARM
	VALUES (524292,
	524290,
	'day',
	524291,
	0);
INSERT INTO S_BPARM
	VALUES (524293,
	524290,
	'month',
	524291,
	0);
INSERT INTO S_BPARM
	VALUES (524294,
	524290,
	'year',
	524291,
	0);
INSERT INTO S_BRG
	VALUES (524291,
	524289,
	'get_second',
	'',
	1,
	524291,
	'',
	0);
INSERT INTO S_BPARM
	VALUES (524295,
	524291,
	'date',
	524302,
	0);
INSERT INTO S_BRG
	VALUES (524292,
	524289,
	'get_minute',
	'',
	1,
	524291,
	'',
	0);
INSERT INTO S_BPARM
	VALUES (524296,
	524292,
	'date',
	524302,
	0);
INSERT INTO S_BRG
	VALUES (524293,
	524289,
	'get_hour',
	'',
	1,
	524291,
	'',
	0);
INSERT INTO S_BPARM
	VALUES (524297,
	524293,
	'date',
	524302,
	0);
INSERT INTO S_BRG
	VALUES (524294,
	524289,
	'get_day',
	'',
	1,
	524291,
	'',
	0);
INSERT INTO S_BPARM
	VALUES (524298,
	524294,
	'date',
	524302,
	0);
INSERT INTO S_BRG
	VALUES (524295,
	524289,
	'get_month',
	'',
	1,
	524291,
	'',
	0);
INSERT INTO S_BPARM
	VALUES (524299,
	524295,
	'date',
	524302,
	0);
INSERT INTO S_BRG
	VALUES (524296,
	524289,
	'get_year',
	'',
	1,
	524291,
	'',
	0);
INSERT INTO S_BPARM
	VALUES (524300,
	524296,
	'date',
	524302,
	0);
INSERT INTO S_BRG
	VALUES (524297,
	524289,
	'current_clock',
	'',
	1,
	524303,
	'',
	0);
INSERT INTO S_BRG
	VALUES (524298,
	524289,
	'timer_start',
	'',
	1,
	524304,
	'',
	0);
INSERT INTO S_BPARM
	VALUES (524301,
	524298,
	'microseconds',
	524291,
	0);
INSERT INTO S_BPARM
	VALUES (524302,
	524298,
	'event_inst',
	524299,
	0);
INSERT INTO S_BRG
	VALUES (524299,
	524289,
	'timer_start_recurring',
	'',
	1,
	524304,
	'',
	0);
INSERT INTO S_BPARM
	VALUES (524303,
	524299,
	'microseconds',
	524291,
	0);
INSERT INTO S_BPARM
	VALUES (524304,
	524299,
	'event_inst',
	524299,
	0);
INSERT INTO S_BRG
	VALUES (524300,
	524289,
	'timer_remaining_time',
	'',
	1,
	524291,
	'',
	0);
INSERT INTO S_BPARM
	VALUES (524305,
	524300,
	'timer_inst_ref',
	524304,
	0);
INSERT INTO S_BRG
	VALUES (524301,
	524289,
	'timer_reset_time',
	'',
	1,
	524290,
	'',
	0);
INSERT INTO S_BPARM
	VALUES (524306,
	524301,
	'timer_inst_ref',
	524304,
	0);
INSERT INTO S_BPARM
	VALUES (524307,
	524301,
	'microseconds',
	524291,
	0);
INSERT INTO S_BRG
	VALUES (524302,
	524289,
	'timer_add_time',
	'',
	1,
	524290,
	'',
	0);
INSERT INTO S_BPARM
	VALUES (524308,
	524302,
	'timer_inst_ref',
	524304,
	0);
INSERT INTO S_BPARM
	VALUES (524309,
	524302,
	'microseconds',
	524291,
	0);
INSERT INTO S_BRG
	VALUES (524303,
	524289,
	'timer_cancel',
	'',
	1,
	524290,
	'',
	0);
INSERT INTO S_BPARM
	VALUES (524310,
	524303,
	'timer_inst_ref',
	524304,
	0);
INSERT INTO S_EE
	VALUES (524290,
	'Architecture',
	'',
	'ARCH',
	50512);
INSERT INTO S_BRG
	VALUES (524304,
	524290,
	'shutdown',
	'',
	0,
	524289,
	'control stop;',
	1);
INSERT INTO S_EE
	VALUES (524292,
	'Logging',
	'',
	'LOG',
	50512);
INSERT INTO S_BRG
	VALUES (524307,
	524292,
	'LogFailure',
	'',
	0,
	524289,
	'',
	1);
INSERT INTO S_BPARM
	VALUES (524311,
	524307,
	'message',
	524293,
	0);
INSERT INTO S_BRG
	VALUES (524308,
	524292,
	'LogSuccess',
	'',
	0,
	524289,
	'',
	1);
INSERT INTO S_BPARM
	VALUES (524312,
	524308,
	'message',
	524293,
	0);
INSERT INTO GD_MD
	VALUES (524289,
	1,
	50512,
	1,
	1,
	0,
	1,
	1,
	0,
	12,
	1599,
	4181,
	1.000000,
	0);
INSERT INTO GD_GE
	VALUES (524297,
	524289,
	1048578,
	11);
INSERT INTO GD_SHP
	VALUES (524297,
	1920,
	1376,
	2080,
	1472);
INSERT INTO GD_GE
	VALUES (524293,
	524289,
	524289,
	12);
INSERT INTO GD_SHP
	VALUES (524293,
	1920,
	1536,
	2080,
	1632);
INSERT INTO GD_GE
	VALUES (524307,
	524289,
	524290,
	12);
INSERT INTO GD_SHP
	VALUES (524307,
	2128,
	1536,
	2288,
	1632);
INSERT INTO GD_GE
	VALUES (524312,
	524289,
	524292,
	12);
INSERT INTO GD_SHP
	VALUES (524312,
	1712,
	1536,
	1872,
	1632);
INSERT INTO S_SS
	VALUES (1048578,
	'memleak',
	'',
	'ML',
	1,
	50512,
	1048578);
INSERT INTO O_OBJ
	VALUES (1048577,
	'Initialization',
	1,
	'INIT',
	'',
	1048578);
INSERT INTO O_NBATTR
	VALUES (1048577,
	1048577);
INSERT INTO O_BATTR
	VALUES (1048577,
	1048577);
INSERT INTO O_ATTR
	VALUES (1048577,
	1048577,
	0,
	'current_state',
	'',
	'',
	'current_state',
	0,
	524295);
INSERT INTO SM_ISM
	VALUES (1572867,
	1048577);
INSERT INTO SM_SM
	VALUES (1572867,
	'',
	3);
INSERT INTO SM_MOORE
	VALUES (1572867);
INSERT INTO SM_LEVT
	VALUES (1572865,
	1572867,
	0);
INSERT INTO SM_SEVT
	VALUES (1572865,
	1572867,
	0);
INSERT INTO SM_EVT
	VALUES (1572865,
	1572867,
	0,
	1,
	'Start',
	0,
	'',
	'INIT1',
	'');
INSERT INTO SM_STATE
	VALUES (1572865,
	1572867,
	0,
	'Initialization',
	1,
	0);
INSERT INTO SM_SEME
	VALUES (1572865,
	1572865,
	1572867,
	0);
INSERT INTO SM_MOAH
	VALUES (1572865,
	1572867,
	1572865);
INSERT INTO SM_AH
	VALUES (1572865,
	1572867);
INSERT INTO SM_ACT
	VALUES (1572865,
	1572867,
	1,
	'create object instance run of R;
run.id = 0;
create object instance run2 of R;
run2.id = 1;
create object instance run3 of R;
run3.id = 100;
create object instance driver of D;
generate D1:''Begin'' to driver;',
	'');
INSERT INTO SM_NSTXN
	VALUES (1572865,
	1572867,
	1572865,
	1572865,
	0);
INSERT INTO SM_TXN
	VALUES (1572865,
	1572867,
	1572865,
	0);
INSERT INTO GD_MD
	VALUES (1572865,
	8,
	1572867,
	40,
	1,
	0,
	1,
	1,
	0,
	12,
	1600,
	4199,
	1.000000,
	0);
INSERT INTO GD_GE
	VALUES (1572866,
	1572865,
	1572865,
	41);
INSERT INTO GD_SHP
	VALUES (1572866,
	1824,
	1344,
	2144,
	1568);
INSERT INTO GD_GE
	VALUES (1572867,
	1572865,
	1572865,
	42);
INSERT INTO GD_CON
	VALUES (1572867,
	1572866,
	1572866,
	0);
INSERT INTO GD_CTXT
	VALUES (1572867,
	0,
	0,
	0,
	0,
	0,
	0,
	1940,
	1300,
	2016,
	1322,
	0,
	0,
	0,
	0,
	0,
	0,
	0,
	0);
INSERT INTO GD_LS
	VALUES (1572880,
	1572867,
	1840,
	1344,
	1840,
	1328,
	0);
INSERT INTO GD_LS
	VALUES (1572881,
	1572867,
	1840,
	1328,
	2112,
	1328,
	1572880);
INSERT INTO GD_LS
	VALUES (1572882,
	1572867,
	2112,
	1328,
	2112,
	1344,
	1572881);
INSERT INTO O_OBJ
	VALUES (1048578,
	'Running',
	2,
	'R',
	'',
	1048578);
INSERT INTO O_NBATTR
	VALUES (1048579,
	1048578);
INSERT INTO O_BATTR
	VALUES (1048579,
	1048578);
INSERT INTO O_ATTR
	VALUES (1048579,
	1048578,
	0,
	'id',
	'',
	'',
	'id',
	0,
	524291);
INSERT INTO O_NBATTR
	VALUES (1048578,
	1048578);
INSERT INTO O_BATTR
	VALUES (1048578,
	1048578);
INSERT INTO O_ATTR
	VALUES (1048578,
	1048578,
	1048579,
	'current_state',
	'',
	'',
	'current_state',
	0,
	524295);
INSERT INTO SM_ISM
	VALUES (2097156,
	1048578);
INSERT INTO SM_SM
	VALUES (2097156,
	'',
	4);
INSERT INTO SM_MOORE
	VALUES (2097156);
INSERT INTO SM_EVTDI
	VALUES (2097153,
	2097156,
	'count',
	'',
	524291);
INSERT INTO SM_EVTDI
	VALUES (100226291,
	2097156,
	'count',
	'',
	524291);
INSERT INTO SM_LEVT
	VALUES (2097153,
	2097156,
	0);
INSERT INTO SM_SEVT
	VALUES (2097153,
	2097156,
	0);
INSERT INTO SM_EVT
	VALUES (2097153,
	2097156,
	0,
	1,
	'Begin Run',
	0,
	'',
	'R1',
	'');
INSERT INTO SM_LEVT
	VALUES (2097154,
	2097156,
	0);
INSERT INTO SM_SEVT
	VALUES (2097154,
	2097156,
	0);
INSERT INTO SM_EVT
	VALUES (2097154,
	2097156,
	0,
	2,
	'Del Self',
	0,
	'',
	'R2',
	'');
INSERT INTO SM_LEVT
	VALUES (2097155,
	2097156,
	0);
INSERT INTO SM_SEVT
	VALUES (2097155,
	2097156,
	0);
INSERT INTO SM_EVT
	VALUES (2097155,
	2097156,
	0,
	3,
	'Final Del',
	0,
	'',
	'R3',
	'');
INSERT INTO SM_LEVT
	VALUES (2097156,
	2097156,
	0);
INSERT INTO SM_SEVT
	VALUES (2097156,
	2097156,
	0);
INSERT INTO SM_EVT
	VALUES (2097156,
	2097156,
	0,
	4,
	'Final Del 2',
	0,
	'',
	'R4',
	'');
INSERT INTO SM_LEVT
	VALUES (2097157,
	2097156,
	0);
INSERT INTO SM_SEVT
	VALUES (2097157,
	2097156,
	0);
INSERT INTO SM_EVT
	VALUES (2097157,
	2097156,
	0,
	5,
	'Final Del 3',
	0,
	'',
	'R5',
	'');
INSERT INTO SM_STATE
	VALUES (2097153,
	2097156,
	0,
	'Running Delete Any',
	1,
	0);
INSERT INTO SM_SEME
	VALUES (2097153,
	2097153,
	2097156,
	0);
INSERT INTO SM_SEME
	VALUES (2097153,
	2097154,
	2097156,
	0);
INSERT INTO SM_EIGN
	VALUES (2097153,
	2097155,
	2097156,
	0,
	'');
INSERT INTO SM_SEME
	VALUES (2097153,
	2097155,
	2097156,
	0);
INSERT INTO SM_EIGN
	VALUES (2097153,
	2097156,
	2097156,
	0,
	'');
INSERT INTO SM_SEME
	VALUES (2097153,
	2097156,
	2097156,
	0);
INSERT INTO SM_EIGN
	VALUES (2097153,
	2097157,
	2097156,
	0,
	'');
INSERT INTO SM_SEME
	VALUES (2097153,
	2097157,
	2097156,
	0);
INSERT INTO SM_MOAH
	VALUES (2097153,
	2097156,
	2097153);
INSERT INTO SM_AH
	VALUES (2097153,
	2097156);
INSERT INTO SM_ACT
	VALUES (2097153,
	2097156,
	1,
	'if(rcvd_evt.count == 0)
  select any run from instances of R where (selected.id == 100);
  delete object instance run;
end if;
generate R2:''Del Self''(count:rcvd_evt.count) to self;
',
	'');
INSERT INTO SM_STATE
	VALUES (2097154,
	2097156,
	0,
	'Running Delete Self',
	2,
	0);
INSERT INTO SM_EIGN
	VALUES (2097154,
	2097153,
	2097156,
	0,
	'');
INSERT INTO SM_SEME
	VALUES (2097154,
	2097153,
	2097156,
	0);
INSERT INTO SM_SEME
	VALUES (2097154,
	2097154,
	2097156,
	0);
INSERT INTO SM_SEME
	VALUES (2097154,
	2097155,
	2097156,
	0);
INSERT INTO SM_SEME
	VALUES (2097154,
	2097156,
	2097156,
	0);
INSERT INTO SM_SEME
	VALUES (2097154,
	2097157,
	2097156,
	0);
INSERT INTO SM_MOAH
	VALUES (2097154,
	2097156,
	2097154);
INSERT INTO SM_AH
	VALUES (2097154,
	2097156);
INSERT INTO SM_ACT
	VALUES (2097154,
	2097156,
	1,
	'if(rcvd_evt.count == 0)
  generate R2:''Del Self''(count:100) to self;
  delete object instance self;
  select any driver from instances of D;
  create event instance d of D2:''Process''(count:1) to driver; 
  timer = TIM::timer_start(microseconds:1000000, event_inst:d);
elif(rcvd_evt.count == 1)
  generate R3:''Final Del'' to self;
else
 LOG::LogFailure(message:"We transitioned to ourselves AFTER being deleted!!!");
 ARCH::shutdown();
end if;
',
	'');
INSERT INTO SM_STATE
	VALUES (2097155,
	2097156,
	0,
	'Final Delete State',
	3,
	1);
INSERT INTO SM_EIGN
	VALUES (2097155,
	2097153,
	2097156,
	0,
	'');
INSERT INTO SM_SEME
	VALUES (2097155,
	2097153,
	2097156,
	0);
INSERT INTO SM_EIGN
	VALUES (2097155,
	2097154,
	2097156,
	0,
	'');
INSERT INTO SM_SEME
	VALUES (2097155,
	2097154,
	2097156,
	0);
INSERT INTO SM_EIGN
	VALUES (2097155,
	2097155,
	2097156,
	0,
	'');
INSERT INTO SM_SEME
	VALUES (2097155,
	2097155,
	2097156,
	0);
INSERT INTO SM_EIGN
	VALUES (2097155,
	2097156,
	2097156,
	0,
	'');
INSERT INTO SM_SEME
	VALUES (2097155,
	2097156,
	2097156,
	0);
INSERT INTO SM_EIGN
	VALUES (2097155,
	2097157,
	2097156,
	0,
	'');
INSERT INTO SM_SEME
	VALUES (2097155,
	2097157,
	2097156,
	0);
INSERT INTO SM_MOAH
	VALUES (2097155,
	2097156,
	2097155);
INSERT INTO SM_AH
	VALUES (2097155,
	2097156);
INSERT INTO SM_ACT
	VALUES (2097155,
	2097156,
	1,
	'// Can we select ourselves from the instances?
select any run from instances of R where (selected.id == 0);
if(cardinality run > 0)
 LOG::LogFailure(message:"We selected a deleted instance!!");
 ARCH::shutdown();
else
  select any driver from instances of D;
  create event instance d of D2:''Process''(count:100) to driver; 
  timer = TIM::timer_start(microseconds:1000000, event_inst:d);
end if;',
	'');
INSERT INTO SM_STATE
	VALUES (2097156,
	2097156,
	0,
	'Final Delete State 2',
	4,
	1);
INSERT INTO SM_EIGN
	VALUES (2097156,
	2097153,
	2097156,
	0,
	'');
INSERT INTO SM_SEME
	VALUES (2097156,
	2097153,
	2097156,
	0);
INSERT INTO SM_EIGN
	VALUES (2097156,
	2097154,
	2097156,
	0,
	'');
INSERT INTO SM_SEME
	VALUES (2097156,
	2097154,
	2097156,
	0);
INSERT INTO SM_EIGN
	VALUES (2097156,
	2097155,
	2097156,
	0,
	'');
INSERT INTO SM_SEME
	VALUES (2097156,
	2097155,
	2097156,
	0);
INSERT INTO SM_EIGN
	VALUES (2097156,
	2097156,
	2097156,
	0,
	'');
INSERT INTO SM_SEME
	VALUES (2097156,
	2097156,
	2097156,
	0);
INSERT INTO SM_EIGN
	VALUES (2097156,
	2097157,
	2097156,
	0,
	'');
INSERT INTO SM_SEME
	VALUES (2097156,
	2097157,
	2097156,
	0);
INSERT INTO SM_MOAH
	VALUES (2097156,
	2097156,
	2097156);
INSERT INTO SM_AH
	VALUES (2097156,
	2097156);
INSERT INTO SM_ACT
	VALUES (2097156,
	2097156,
	1,
	'',
	'');
INSERT INTO SM_STATE
	VALUES (2097157,
	2097156,
	0,
	'Final Delete State 3',
	5,
	1);
INSERT INTO SM_EIGN
	VALUES (2097157,
	2097153,
	2097156,
	0,
	'');
INSERT INTO SM_SEME
	VALUES (2097157,
	2097153,
	2097156,
	0);
INSERT INTO SM_EIGN
	VALUES (2097157,
	2097154,
	2097156,
	0,
	'');
INSERT INTO SM_SEME
	VALUES (2097157,
	2097154,
	2097156,
	0);
INSERT INTO SM_EIGN
	VALUES (2097157,
	2097155,
	2097156,
	0,
	'');
INSERT INTO SM_SEME
	VALUES (2097157,
	2097155,
	2097156,
	0);
INSERT INTO SM_EIGN
	VALUES (2097157,
	2097156,
	2097156,
	0,
	'');
INSERT INTO SM_SEME
	VALUES (2097157,
	2097156,
	2097156,
	0);
INSERT INTO SM_EIGN
	VALUES (2097157,
	2097157,
	2097156,
	0,
	'');
INSERT INTO SM_SEME
	VALUES (2097157,
	2097157,
	2097156,
	0);
INSERT INTO SM_MOAH
	VALUES (2097157,
	2097156,
	2097157);
INSERT INTO SM_AH
	VALUES (2097157,
	2097156);
INSERT INTO SM_ACT
	VALUES (2097157,
	2097156,
	1,
	'',
	'');
INSERT INTO SM_NSTXN
	VALUES (2097153,
	2097156,
	2097153,
	2097153,
	0);
INSERT INTO SM_TXN
	VALUES (2097153,
	2097156,
	2097153,
	0);
INSERT INTO SM_NSTXN
	VALUES (2097154,
	2097156,
	2097153,
	2097154,
	0);
INSERT INTO SM_TXN
	VALUES (2097154,
	2097156,
	2097154,
	0);
INSERT INTO SM_NSTXN
	VALUES (2097156,
	2097156,
	2097154,
	2097154,
	0);
INSERT INTO SM_TXN
	VALUES (2097156,
	2097156,
	2097154,
	0);
INSERT INTO SM_NSTXN
	VALUES (2097157,
	2097156,
	2097154,
	2097155,
	0);
INSERT INTO SM_TXN
	VALUES (2097157,
	2097156,
	2097155,
	0);
INSERT INTO SM_NSTXN
	VALUES (2097159,
	2097156,
	2097154,
	2097156,
	0);
INSERT INTO SM_TXN
	VALUES (2097159,
	2097156,
	2097156,
	0);
INSERT INTO SM_NSTXN
	VALUES (2097158,
	2097156,
	2097154,
	2097157,
	0);
INSERT INTO SM_TXN
	VALUES (2097158,
	2097156,
	2097157,
	0);
INSERT INTO GD_MD
	VALUES (2097153,
	8,
	2097156,
	40,
	1,
	0,
	1,
	1,
	0,
	12,
	1553,
	3920,
	0.756303,
	0);
INSERT INTO GD_GE
	VALUES (2097154,
	2097153,
	2097153,
	41);
INSERT INTO GD_SHP
	VALUES (2097154,
	1760,
	1312,
	2272,
	1488);
INSERT INTO GD_GE
	VALUES (2097159,
	2097153,
	2097154,
	41);
INSERT INTO GD_SHP
	VALUES (2097159,
	1760,
	1552,
	2272,
	1744);
INSERT INTO GD_GE
	VALUES (2097407,
	2097153,
	2097155,
	41);
INSERT INTO GD_SHP
	VALUES (2097407,
	1760,
	1824,
	2272,
	2000);
INSERT INTO GD_GE
	VALUES (2097410,
	2097153,
	2097156,
	41);
INSERT INTO GD_SHP
	VALUES (2097410,
	1216,
	1824,
	1680,
	2000);
INSERT INTO GD_GE
	VALUES (2097411,
	2097153,
	2097157,
	41);
INSERT INTO GD_SHP
	VALUES (2097411,
	2368,
	1824,
	2800,
	1984);
INSERT INTO GD_GE
	VALUES (2097155,
	2097153,
	2097153,
	42);
INSERT INTO GD_CON
	VALUES (2097155,
	2097154,
	2097154,
	0);
INSERT INTO GD_CTXT
	VALUES (2097155,
	0,
	0,
	0,
	0,
	0,
	0,
	1911,
	1246,
	2064,
	1268,
	1,
	-6,
	0,
	0,
	0,
	0,
	0,
	0);
INSERT INTO GD_LS
	VALUES (2097358,
	2097155,
	1824,
	1312,
	1824,
	1280,
	0);
INSERT INTO GD_LS
	VALUES (2097359,
	2097155,
	1824,
	1280,
	2144,
	1280,
	2097358);
INSERT INTO GD_LS
	VALUES (2097360,
	2097155,
	2144,
	1280,
	2144,
	1312,
	2097359);
INSERT INTO GD_GE
	VALUES (2097160,
	2097153,
	2097154,
	42);
INSERT INTO GD_CON
	VALUES (2097160,
	2097154,
	2097159,
	0);
INSERT INTO GD_CTXT
	VALUES (2097160,
	0,
	0,
	0,
	0,
	0,
	0,
	1845,
	1509,
	1981,
	1531,
	-13,
	-2,
	0,
	0,
	0,
	0,
	0,
	0);
INSERT INTO GD_LS
	VALUES (2097406,
	2097160,
	2000,
	1488,
	2000,
	1552,
	0);
INSERT INTO GD_GE
	VALUES (2097204,
	2097153,
	2097156,
	42);
INSERT INTO GD_CON
	VALUES (2097204,
	2097159,
	2097159,
	0);
INSERT INTO GD_CTXT
	VALUES (2097204,
	0,
	0,
	0,
	0,
	0,
	0,
	2327,
	1640,
	2463,
	1662,
	165,
	1,
	0,
	0,
	0,
	0,
	0,
	0);
INSERT INTO GD_LS
	VALUES (2097400,
	2097204,
	2272,
	1712,
	2304,
	1712,
	0);
INSERT INTO GD_LS
	VALUES (2097401,
	2097204,
	2304,
	1712,
	2304,
	1584,
	2097400);
INSERT INTO GD_LS
	VALUES (2097402,
	2097204,
	2304,
	1584,
	2272,
	1584,
	2097401);
INSERT INTO GD_GE
	VALUES (2097408,
	2097153,
	2097157,
	42);
INSERT INTO GD_CON
	VALUES (2097408,
	2097159,
	2097407,
	0);
INSERT INTO GD_CTXT
	VALUES (2097408,
	0,
	0,
	0,
	0,
	0,
	0,
	1874,
	1770,
	1964,
	1792,
	-30,
	-5,
	0,
	0,
	0,
	0,
	0,
	0);
INSERT INTO GD_LS
	VALUES (2097409,
	2097408,
	2000,
	1744,
	2000,
	1824,
	0);
INSERT INTO GD_GE
	VALUES (2097412,
	2097153,
	2097158,
	42);
INSERT INTO GD_CON
	VALUES (2097412,
	2097159,
	2097411,
	0);
INSERT INTO GD_CTXT
	VALUES (2097412,
	0,
	0,
	0,
	0,
	0,
	0,
	2340,
	1761,
	2443,
	1783,
	130,
	-22,
	0,
	0,
	0,
	0,
	0,
	0);
INSERT INTO GD_LS
	VALUES (2097413,
	2097412,
	2267,
	1739,
	2373,
	1829,
	0);
INSERT INTO GD_GE
	VALUES (2097414,
	2097153,
	2097159,
	42);
INSERT INTO GD_CON
	VALUES (2097414,
	2097159,
	2097410,
	0);
INSERT INTO GD_CTXT
	VALUES (2097414,
	0,
	0,
	0,
	0,
	0,
	0,
	0,
	0,
	0,
	0,
	0,
	0,
	0,
	0,
	0,
	0,
	0,
	0);
INSERT INTO GD_LS
	VALUES (2097415,
	2097414,
	1765,
	1739,
	1664,
	1824,
	0);
INSERT INTO O_OBJ
	VALUES (1048579,
	'Driver',
	3,
	'D',
	'',
	1048578);
INSERT INTO O_NBATTR
	VALUES (1048580,
	1048579);
INSERT INTO O_BATTR
	VALUES (1048580,
	1048579);
INSERT INTO O_ATTR
	VALUES (1048580,
	1048579,
	0,
	'current_state',
	'',
	'',
	'current_state',
	0,
	524295);
INSERT INTO SM_ISM
	VALUES (2621445,
	1048579);
INSERT INTO SM_SM
	VALUES (2621445,
	'',
	5);
INSERT INTO SM_MOORE
	VALUES (2621445);
INSERT INTO SM_EVTDI
	VALUES (2621441,
	2621445,
	'count',
	'',
	524291);
INSERT INTO SM_LEVT
	VALUES (2621441,
	2621445,
	0);
INSERT INTO SM_SEVT
	VALUES (2621441,
	2621445,
	0);
INSERT INTO SM_EVT
	VALUES (2621441,
	2621445,
	0,
	1,
	'Begin',
	0,
	'',
	'D1',
	'');
INSERT INTO SM_LEVT
	VALUES (2621442,
	2621445,
	0);
INSERT INTO SM_SEVT
	VALUES (2621442,
	2621445,
	0);
INSERT INTO SM_EVT
	VALUES (2621442,
	2621445,
	0,
	2,
	'Process',
	0,
	'',
	'D2',
	'');
INSERT INTO SM_LEVT
	VALUES (2621443,
	2621445,
	0);
INSERT INTO SM_SEVT
	VALUES (2621443,
	2621445,
	0);
INSERT INTO SM_EVT
	VALUES (2621443,
	2621445,
	0,
	3,
	'Shutdown',
	0,
	'',
	'D3',
	'');
INSERT INTO SM_STATE
	VALUES (2621441,
	2621445,
	0,
	'Begin Running',
	1,
	0);
INSERT INTO SM_SEME
	VALUES (2621441,
	2621441,
	2621445,
	0);
INSERT INTO SM_SEME
	VALUES (2621441,
	2621442,
	2621445,
	0);
INSERT INTO SM_EIGN
	VALUES (2621441,
	2621443,
	2621445,
	0,
	'');
INSERT INTO SM_SEME
	VALUES (2621441,
	2621443,
	2621445,
	0);
INSERT INTO SM_MOAH
	VALUES (2621441,
	2621445,
	2621441);
INSERT INTO SM_AH
	VALUES (2621441,
	2621445);
INSERT INTO SM_ACT
	VALUES (2621441,
	2621445,
	1,
	'generate D2:''Process''(count:0) to self;',
	'');
INSERT INTO SM_STATE
	VALUES (2621442,
	2621445,
	0,
	'Processing',
	2,
	0);
INSERT INTO SM_EIGN
	VALUES (2621442,
	2621441,
	2621445,
	0,
	'');
INSERT INTO SM_SEME
	VALUES (2621442,
	2621441,
	2621445,
	0);
INSERT INTO SM_SEME
	VALUES (2621442,
	2621442,
	2621445,
	0);
INSERT INTO SM_SEME
	VALUES (2621442,
	2621443,
	2621445,
	0);
INSERT INTO SM_MOAH
	VALUES (2621442,
	2621445,
	2621442);
INSERT INTO SM_AH
	VALUES (2621442,
	2621445);
INSERT INTO SM_ACT
	VALUES (2621442,
	2621445,
	1,
	'if(rcvd_evt.count == 0)
  select any run from instances of R where (selected.id == 0);
  generate R1:''Begin Run''(count:rcvd_evt.count) to run;
elif(rcvd_evt.count == 1)
  select many run_set from instances of R;
  if ( ( cardinality run_set ) > 1 )
    LOG::LogFailure( message:"Selection resulted in more than one instance." );
  end if;
  select any run from instances of R where (selected.id == 1);
  generate R1:''Begin Run''(count:rcvd_evt.count) to run;
else
  generate D3:''Shutdown'' to self;
end if;
',
	'');
INSERT INTO SM_STATE
	VALUES (2621444,
	2621445,
	0,
	'Shutdown',
	3,
	0);
INSERT INTO SM_EIGN
	VALUES (2621444,
	2621441,
	2621445,
	0,
	'');
INSERT INTO SM_SEME
	VALUES (2621444,
	2621441,
	2621445,
	0);
INSERT INTO SM_EIGN
	VALUES (2621444,
	2621442,
	2621445,
	0,
	'');
INSERT INTO SM_SEME
	VALUES (2621444,
	2621442,
	2621445,
	0);
INSERT INTO SM_EIGN
	VALUES (2621444,
	2621443,
	2621445,
	0,
	'');
INSERT INTO SM_SEME
	VALUES (2621444,
	2621443,
	2621445,
	0);
INSERT INTO SM_MOAH
	VALUES (2621444,
	2621445,
	2621444);
INSERT INTO SM_AH
	VALUES (2621444,
	2621445);
INSERT INTO SM_ACT
	VALUES (2621444,
	2621445,
	1,
	'ARCH::shutdown();',
	'');
INSERT INTO SM_NSTXN
	VALUES (2621441,
	2621445,
	2621441,
	2621441,
	0);
INSERT INTO SM_TXN
	VALUES (2621441,
	2621445,
	2621441,
	0);
INSERT INTO SM_NSTXN
	VALUES (2621442,
	2621445,
	2621441,
	2621442,
	0);
INSERT INTO SM_TXN
	VALUES (2621442,
	2621445,
	2621442,
	0);
INSERT INTO SM_NSTXN
	VALUES (2621445,
	2621445,
	2621442,
	2621442,
	0);
INSERT INTO SM_TXN
	VALUES (2621445,
	2621445,
	2621442,
	0);
INSERT INTO SM_NSTXN
	VALUES (2621446,
	2621445,
	2621442,
	2621443,
	0);
INSERT INTO SM_TXN
	VALUES (2621446,
	2621445,
	2621444,
	0);
INSERT INTO GD_MD
	VALUES (2621441,
	8,
	2621445,
	40,
	1,
	0,
	1,
	1,
	0,
	12,
	1729,
	4154,
	0.828947,
	0);
INSERT INTO GD_GE
	VALUES (2621442,
	2621441,
	2621441,
	41);
INSERT INTO GD_SHP
	VALUES (2621442,
	1920,
	1168,
	2320,
	1328);
INSERT INTO GD_GE
	VALUES (2621456,
	2621441,
	2621442,
	41);
INSERT INTO GD_SHP
	VALUES (2621456,
	1920,
	1376,
	2320,
	1600);
INSERT INTO GD_GE
	VALUES (2621519,
	2621441,
	2621444,
	41);
INSERT INTO GD_SHP
	VALUES (2621519,
	1920,
	1648,
	2320,
	1824);
INSERT INTO GD_GE
	VALUES (2621443,
	2621441,
	2621441,
	42);
INSERT INTO GD_CON
	VALUES (2621443,
	2621442,
	2621442,
	0);
INSERT INTO GD_CTXT
	VALUES (2621443,
	0,
	0,
	0,
	0,
	0,
	0,
	2038,
	1108,
	2108,
	1130,
	-33,
	0,
	0,
	0,
	0,
	0,
	0,
	0);
INSERT INTO GD_LS
	VALUES (2621512,
	2621443,
	1952,
	1168,
	1952,
	1136,
	0);
INSERT INTO GD_LS
	VALUES (2621513,
	2621443,
	1952,
	1136,
	2256,
	1136,
	2621512);
INSERT INTO GD_LS
	VALUES (2621514,
	2621443,
	2256,
	1136,
	2256,
	1168,
	2621513);
INSERT INTO GD_GE
	VALUES (2621457,
	2621441,
	2621442,
	42);
INSERT INTO GD_CON
	VALUES (2621457,
	2621442,
	2621456,
	0);
INSERT INTO GD_CTXT
	VALUES (2621457,
	0,
	0,
	0,
	0,
	0,
	0,
	1945,
	1340,
	2085,
	1362,
	-5,
	-3,
	0,
	0,
	0,
	0,
	0,
	0);
INSERT INTO GD_LS
	VALUES (2621564,
	2621457,
	2096,
	1328,
	2096,
	1376,
	0);
INSERT INTO GD_GE
	VALUES (2621515,
	2621441,
	2621445,
	42);
INSERT INTO GD_CON
	VALUES (2621515,
	2621456,
	2621456,
	0);
INSERT INTO GD_CTXT
	VALUES (2621515,
	0,
	0,
	0,
	0,
	0,
	0,
	2368,
	1480,
	2508,
	1502,
	162,
	1,
	0,
	0,
	0,
	0,
	0,
	0);
INSERT INTO GD_LS
	VALUES (2621561,
	2621515,
	2320,
	1568,
	2352,
	1568,
	0);
INSERT INTO GD_LS
	VALUES (2621562,
	2621515,
	2352,
	1568,
	2352,
	1408,
	2621561);
INSERT INTO GD_LS
	VALUES (2621563,
	2621515,
	2352,
	1408,
	2320,
	1408,
	2621562);
INSERT INTO GD_GE
	VALUES (2621520,
	2621441,
	2621446,
	42);
INSERT INTO GD_CON
	VALUES (2621520,
	2621456,
	2621519,
	0);
INSERT INTO GD_CTXT
	VALUES (2621520,
	0,
	0,
	0,
	0,
	0,
	0,
	1968,
	1615,
	2065,
	1637,
	-41,
	0,
	0,
	0,
	0,
	0,
	0,
	0);
INSERT INTO GD_LS
	VALUES (2621557,
	2621520,
	2112,
	1600,
	2112,
	1648,
	0);
INSERT INTO GD_MD
	VALUES (1048582,
	5,
	1048578,
	11,
	1,
	0,
	1,
	1,
	0,
	12,
	1600,
	4199,
	1.000000,
	0);
INSERT INTO GD_GE
	VALUES (1048589,
	1048582,
	1048577,
	21);
INSERT INTO GD_SHP
	VALUES (1048589,
	1776,
	1248,
	2016,
	1408);
INSERT INTO GD_GE
	VALUES (1048592,
	1048582,
	1048578,
	21);
INSERT INTO GD_SHP
	VALUES (1048592,
	1776,
	1440,
	2016,
	1600);
INSERT INTO GD_GE
	VALUES (1048596,
	1048582,
	1048579,
	21);
INSERT INTO GD_SHP
	VALUES (1048596,
	2048,
	1248,
	2272,
	1408);
