-- BP 6.1D content: domain syschar: 3

INSERT INTO S_DOM
	VALUES (88977,
	'poly',
	'This domain tests Polymorphic Events.  There are three subsystems that test various super/suptype hierarchies:
 - Complex: This subsystem has one supertype with two different subtype hierarchies.  There is also a single class that is a subtype to two different supertypes.
 - Simple: There is a simple super/subtype hierarchy in this subsystem.  There is also an associative class.
 - Subtype Chain:  This subsystem has three diferent super/subtype hierarchies.  Two of which stem from the subtypes of a single supertype.

This test takes some instruction to run in Model Verifier.  Follow these steps:
 1) Add Creation Evt to Mission Control:Init
 2) Add Creation Evt to Complex:Init
 3) Add Creation Evt to Simple:Init
 4) Add Creation Evt to Subtype Chain:Init

Note that as of BP5.0 Model Verifier will ERROR on the first occasion that C_S3 is generated from C_B.  This is because the event is not used in the subtype (C_BA) of this particular instance of C_B.  Later in the test, the same event is generated, but this time it works, as it is consumed by C_BB.  This behavior is considered to be a problem with Model Verifier.',
	0,
	1);
INSERT INTO S_CDT
	VALUES (524289,
	0);
INSERT INTO S_DT
	VALUES (524289,
	88977,
	'void',
	'');
INSERT INTO S_CDT
	VALUES (524290,
	1);
INSERT INTO S_DT
	VALUES (524290,
	88977,
	'boolean',
	'');
INSERT INTO S_CDT
	VALUES (524291,
	2);
INSERT INTO S_DT
	VALUES (524291,
	88977,
	'integer',
	'');
INSERT INTO S_CDT
	VALUES (524292,
	3);
INSERT INTO S_DT
	VALUES (524292,
	88977,
	'real',
	'');
INSERT INTO S_CDT
	VALUES (524293,
	4);
INSERT INTO S_DT
	VALUES (524293,
	88977,
	'string',
	'');
INSERT INTO S_CDT
	VALUES (524294,
	5);
INSERT INTO S_DT
	VALUES (524294,
	88977,
	'unique_id',
	'');
INSERT INTO S_CDT
	VALUES (524295,
	6);
INSERT INTO S_DT
	VALUES (524295,
	88977,
	'state<State_Model>',
	'');
INSERT INTO S_CDT
	VALUES (524296,
	7);
INSERT INTO S_DT
	VALUES (524296,
	88977,
	'same_as<Base_Attribute>',
	'');
INSERT INTO S_CDT
	VALUES (524297,
	8);
INSERT INTO S_DT
	VALUES (524297,
	88977,
	'inst_ref<Object>',
	'');
INSERT INTO S_CDT
	VALUES (524298,
	9);
INSERT INTO S_DT
	VALUES (524298,
	88977,
	'inst_ref_set<Object>',
	'');
INSERT INTO S_CDT
	VALUES (524299,
	10);
INSERT INTO S_DT
	VALUES (524299,
	88977,
	'inst<Event>',
	'');
INSERT INTO S_CDT
	VALUES (524300,
	11);
INSERT INTO S_DT
	VALUES (524300,
	88977,
	'inst<Mapping>',
	'');
INSERT INTO S_CDT
	VALUES (524301,
	12);
INSERT INTO S_DT
	VALUES (524301,
	88977,
	'inst_ref<Mapping>',
	'');
INSERT INTO S_UDT
	VALUES (524302,
	524300,
	1);
INSERT INTO S_DT
	VALUES (524302,
	88977,
	'date',
	'');
INSERT INTO S_UDT
	VALUES (524303,
	524300,
	2);
INSERT INTO S_DT
	VALUES (524303,
	88977,
	'timestamp',
	'');
INSERT INTO S_UDT
	VALUES (524304,
	524301,
	3);
INSERT INTO S_DT
	VALUES (524304,
	88977,
	'inst_ref<Timer>',
	'');
INSERT INTO S_UDT
	VALUES (524305,
	524291,
	0);
INSERT INTO S_DT
	VALUES (524305,
	88977,
	'uInteger',
	'');
INSERT INTO S_EDT
	VALUES (524306);
INSERT INTO S_ENUM
	VALUES (524289,
	'red',
	'',
	524306);
INSERT INTO S_ENUM
	VALUES (524290,
	'yellow',
	'',
	524306);
INSERT INTO S_ENUM
	VALUES (524291,
	'blue',
	'',
	524306);
INSERT INTO S_ENUM
	VALUES (524292,
	'green',
	'',
	524306);
INSERT INTO S_ENUM
	VALUES (524293,
	'purple',
	'',
	524306);
INSERT INTO S_ENUM
	VALUES (524294,
	'orange',
	'',
	524306);
INSERT INTO S_DT
	VALUES (524306,
	88977,
	'color',
	'');
INSERT INTO S_EDT
	VALUES (524307);
INSERT INTO S_ENUM
	VALUES (524295,
	'one',
	'',
	524307);
INSERT INTO S_ENUM
	VALUES (524296,
	'two',
	'',
	524307);
INSERT INTO S_ENUM
	VALUES (524297,
	'three',
	'',
	524307);
INSERT INTO S_ENUM
	VALUES (524298,
	'four',
	'',
	524307);
INSERT INTO S_DT
	VALUES (524307,
	88977,
	'number',
	'');
INSERT INTO S_EE
	VALUES (524289,
	'Time',
	'',
	'TIM',
	88977);
INSERT INTO S_BRG
	VALUES (524289,
	524289,
	'current_date',
	'',
	1,
	524302,
	'',
	0);
INSERT INTO S_BRG
	VALUES (524290,
	524289,
	'create_date',
	'',
	1,
	524302,
	'',
	0);
INSERT INTO S_BPARM
	VALUES (524289,
	524290,
	'second',
	524291,
	0);
INSERT INTO S_BPARM
	VALUES (524290,
	524290,
	'minute',
	524291,
	0);
INSERT INTO S_BPARM
	VALUES (524291,
	524290,
	'hour',
	524291,
	0);
INSERT INTO S_BPARM
	VALUES (524292,
	524290,
	'day',
	524291,
	0);
INSERT INTO S_BPARM
	VALUES (524293,
	524290,
	'month',
	524291,
	0);
INSERT INTO S_BPARM
	VALUES (524294,
	524290,
	'year',
	524291,
	0);
INSERT INTO S_BRG
	VALUES (524291,
	524289,
	'get_second',
	'',
	1,
	524291,
	'',
	0);
INSERT INTO S_BPARM
	VALUES (524295,
	524291,
	'date',
	524302,
	0);
INSERT INTO S_BRG
	VALUES (524292,
	524289,
	'get_minute',
	'',
	1,
	524291,
	'',
	0);
INSERT INTO S_BPARM
	VALUES (524296,
	524292,
	'date',
	524302,
	0);
INSERT INTO S_BRG
	VALUES (524293,
	524289,
	'get_hour',
	'',
	1,
	524291,
	'',
	0);
INSERT INTO S_BPARM
	VALUES (524297,
	524293,
	'date',
	524302,
	0);
INSERT INTO S_BRG
	VALUES (524294,
	524289,
	'get_day',
	'',
	1,
	524291,
	'',
	0);
INSERT INTO S_BPARM
	VALUES (524298,
	524294,
	'date',
	524302,
	0);
INSERT INTO S_BRG
	VALUES (524295,
	524289,
	'get_month',
	'',
	1,
	524291,
	'',
	0);
INSERT INTO S_BPARM
	VALUES (524299,
	524295,
	'date',
	524302,
	0);
INSERT INTO S_BRG
	VALUES (524296,
	524289,
	'get_year',
	'',
	1,
	524291,
	'',
	0);
INSERT INTO S_BPARM
	VALUES (524300,
	524296,
	'date',
	524302,
	0);
INSERT INTO S_BRG
	VALUES (524297,
	524289,
	'current_clock',
	'',
	1,
	524303,
	'',
	0);
INSERT INTO S_BRG
	VALUES (524298,
	524289,
	'timer_start',
	'',
	1,
	524304,
	'',
	0);
INSERT INTO S_BPARM
	VALUES (524301,
	524298,
	'microseconds',
	524291,
	0);
INSERT INTO S_BPARM
	VALUES (524302,
	524298,
	'event_inst',
	524299,
	0);
INSERT INTO S_BRG
	VALUES (524299,
	524289,
	'timer_start_recurring',
	'',
	1,
	524304,
	'',
	0);
INSERT INTO S_BPARM
	VALUES (524303,
	524299,
	'microseconds',
	524291,
	0);
INSERT INTO S_BPARM
	VALUES (524304,
	524299,
	'event_inst',
	524299,
	0);
INSERT INTO S_BRG
	VALUES (524300,
	524289,
	'timer_remaining_time',
	'',
	1,
	524291,
	'',
	0);
INSERT INTO S_BPARM
	VALUES (524305,
	524300,
	'timer_inst_ref',
	524304,
	0);
INSERT INTO S_BRG
	VALUES (524301,
	524289,
	'timer_reset_time',
	'',
	1,
	524290,
	'',
	0);
INSERT INTO S_BPARM
	VALUES (524306,
	524301,
	'timer_inst_ref',
	524304,
	0);
INSERT INTO S_BPARM
	VALUES (524307,
	524301,
	'microseconds',
	524291,
	0);
INSERT INTO S_BRG
	VALUES (524302,
	524289,
	'timer_add_time',
	'',
	1,
	524290,
	'',
	0);
INSERT INTO S_BPARM
	VALUES (524308,
	524302,
	'timer_inst_ref',
	524304,
	0);
INSERT INTO S_BPARM
	VALUES (524309,
	524302,
	'microseconds',
	524291,
	0);
INSERT INTO S_BRG
	VALUES (524303,
	524289,
	'timer_cancel',
	'',
	1,
	524290,
	'',
	0);
INSERT INTO S_BPARM
	VALUES (524310,
	524303,
	'timer_inst_ref',
	524304,
	0);
INSERT INTO S_EE
	VALUES (524290,
	'Logging',
	'',
	'LOG',
	88977);
INSERT INTO S_BRG
	VALUES (524304,
	524290,
	'LogInfo',
	'',
	0,
	524289,
	'',
	1);
INSERT INTO S_BPARM
	VALUES (524311,
	524304,
	'message',
	524293,
	0);
INSERT INTO S_BRG
	VALUES (524305,
	524290,
	'LogSuccess',
	'',
	0,
	524289,
	'',
	1);
INSERT INTO S_BPARM
	VALUES (524312,
	524305,
	'message',
	524293,
	0);
INSERT INTO S_BRG
	VALUES (524306,
	524290,
	'LogFailure',
	'',
	0,
	524289,
	'',
	1);
INSERT INTO S_BPARM
	VALUES (524313,
	524306,
	'message',
	524293,
	0);
INSERT INTO S_EE
	VALUES (524291,
	'Architecture',
	'',
	'ARCH',
	88977);
INSERT INTO S_BRG
	VALUES (524307,
	524291,
	'shutdown',
	'',
	0,
	524289,
	'control stop;',
	1);
INSERT INTO GD_MD
	VALUES (524289,
	1,
	88977,
	1,
	1,
	0,
	1,
	1,
	0,
	12,
	1666,
	4202,
	1.204967,
	0);
INSERT INTO GD_GE
	VALUES (524378,
	524289,
	1048578,
	11);
INSERT INTO GD_SHP
	VALUES (524378,
	1696,
	1424,
	1856,
	1520);
INSERT INTO GD_GE
	VALUES (524379,
	524289,
	5767179,
	11);
INSERT INTO GD_SHP
	VALUES (524379,
	1696,
	1552,
	1856,
	1648);
INSERT INTO GD_GE
	VALUES (524380,
	524289,
	11010069,
	11);
INSERT INTO GD_SHP
	VALUES (524380,
	1696,
	1680,
	1856,
	1776);
INSERT INTO GD_GE
	VALUES (524452,
	524289,
	15728670,
	11);
INSERT INTO GD_SHP
	VALUES (524452,
	1696,
	1296,
	1856,
	1392);
INSERT INTO GD_GE
	VALUES (524293,
	524289,
	524289,
	12);
INSERT INTO GD_SHP
	VALUES (524293,
	2144,
	1552,
	2304,
	1648);
INSERT INTO GD_GE
	VALUES (524294,
	524289,
	524290,
	12);
INSERT INTO GD_SHP
	VALUES (524294,
	2144,
	1680,
	2304,
	1776);
INSERT INTO GD_GE
	VALUES (524448,
	524289,
	524291,
	12);
INSERT INTO GD_SHP
	VALUES (524448,
	2144,
	1424,
	2304,
	1520);
INSERT INTO S_SS
	VALUES (1048578,
	'Simple',
	'',
	'S',
	1,
	88977,
	1048578);
INSERT INTO O_OBJ
	VALUES (1048577,
	'Supertype',
	1,
	'S_P',
	'',
	1048578);
INSERT INTO O_NBATTR
	VALUES (1048577,
	1048577);
INSERT INTO O_BATTR
	VALUES (1048577,
	1048577);
INSERT INTO O_ATTR
	VALUES (1048577,
	1048577,
	0,
	'id',
	'',
	'',
	'id',
	0,
	524294);
INSERT INTO O_NBATTR
	VALUES (1048578,
	1048577);
INSERT INTO O_BATTR
	VALUES (1048578,
	1048577);
INSERT INTO O_ATTR
	VALUES (1048578,
	1048577,
	1048577,
	'x',
	'',
	'',
	'x',
	0,
	524291);
INSERT INTO O_NBATTR
	VALUES (1048579,
	1048577);
INSERT INTO O_BATTR
	VALUES (1048579,
	1048577);
INSERT INTO O_ATTR
	VALUES (1048579,
	1048577,
	1048578,
	'current_state',
	'',
	'',
	'current_state',
	0,
	524295);
INSERT INTO O_ID
	VALUES (0,
	1048577);
INSERT INTO O_OIDA
	VALUES (1048577,
	1048577,
	0);
INSERT INTO O_RTIDA
	VALUES (1048577,
	1048577,
	0,
	1048577,
	1048577);
INSERT INTO O_RTIDA
	VALUES (1048577,
	1048577,
	0,
	1048578,
	1048580);
INSERT INTO SM_ISM
	VALUES (1572867,
	1048577);
INSERT INTO SM_SM
	VALUES (1572867,
	'',
	3);
INSERT INTO SM_MOORE
	VALUES (1572867);
INSERT INTO SM_EVTDI
	VALUES (1572865,
	1572867,
	'key',
	'',
	524293);
INSERT INTO SM_EVTDI
	VALUES (1572866,
	1572867,
	'instance',
	'',
	524291);
INSERT INTO SM_PEVT
	VALUES (1572865,
	1572867,
	0);
INSERT INTO SM_EVT
	VALUES (1572865,
	1572867,
	0,
	1,
	'Poly One',
	0,
	'',
	'S_P1',
	'');
INSERT INTO SM_STATE
	VALUES (1572865,
	1572867,
	0,
	'State Name',
	1,
	0);
INSERT INTO SM_MOAH
	VALUES (1572865,
	1572867,
	1572865);
INSERT INTO SM_AH
	VALUES (1572865,
	1572867);
INSERT INTO SM_ACT
	VALUES (1572865,
	1572867,
	1,
	'',
	'');
INSERT INTO GD_MD
	VALUES (1572865,
	8,
	1572867,
	40,
	1,
	0,
	1,
	1,
	0,
	12,
	1600,
	4200,
	0.007812,
	0);
INSERT INTO GD_GE
	VALUES (1572866,
	1572865,
	1572865,
	41);
INSERT INTO GD_SHP
	VALUES (1572866,
	1648,
	1248,
	1824,
	1392);
INSERT INTO O_OBJ
	VALUES (1048578,
	'Subtype A',
	2,
	'S_BA',
	'',
	1048578);
INSERT INTO O_REF
	VALUES (1048578,
	1048577,
	0,
	1048577,
	1048577,
	1048578,
	1048577,
	1048580,
	1048577,
	0,
	0,
	'');
INSERT INTO O_RATTR
	VALUES (1048580,
	1048578,
	1048577,
	1048577,
	1);
INSERT INTO O_ATTR
	VALUES (1048580,
	1048578,
	0,
	'id',
	'',
	'',
	'id',
	0,
	524296);
INSERT INTO O_NBATTR
	VALUES (1048581,
	1048578);
INSERT INTO O_BATTR
	VALUES (1048581,
	1048578);
INSERT INTO O_ATTR
	VALUES (1048581,
	1048578,
	1048580,
	'x',
	'',
	'',
	'x',
	0,
	524291);
INSERT INTO O_NBATTR
	VALUES (1048582,
	1048578);
INSERT INTO O_BATTR
	VALUES (1048582,
	1048578);
INSERT INTO O_ATTR
	VALUES (1048582,
	1048578,
	1048581,
	'current_state',
	'',
	'',
	'current_state',
	0,
	524295);
INSERT INTO O_ID
	VALUES (0,
	1048578);
INSERT INTO O_OIDA
	VALUES (1048580,
	1048578,
	0);
INSERT INTO SM_ISM
	VALUES (2097156,
	1048578);
INSERT INTO SM_SM
	VALUES (2097156,
	'',
	4);
INSERT INTO SM_MOORE
	VALUES (2097156);
INSERT INTO SM_EVTDI
	VALUES (2097153,
	2097156,
	'instance',
	'',
	524291);
INSERT INTO SM_EVTDI
	VALUES (2097154,
	2097156,
	'key',
	'',
	524293);
INSERT INTO SM_NLEVT
	VALUES (2097153,
	2097156,
	0,
	1572865,
	1572867,
	0,
	'');
INSERT INTO SM_SEVT
	VALUES (2097153,
	2097156,
	0);
INSERT INTO SM_EVT
	VALUES (2097153,
	2097156,
	0,
	0,
	'Poly One',
	0,
	'',
	'S_P1*',
	'');
INSERT INTO SM_LEVT
	VALUES (2097154,
	2097156,
	0);
INSERT INTO SM_SEVT
	VALUES (2097154,
	2097156,
	0);
INSERT INTO SM_EVT
	VALUES (2097154,
	2097156,
	0,
	0,
	'Return',
	0,
	'',
	'S_BA0',
	'');
INSERT INTO SM_LEVT
	VALUES (2097155,
	2097156,
	0);
INSERT INTO SM_SEVT
	VALUES (2097155,
	2097156,
	0);
INSERT INTO SM_EVT
	VALUES (2097155,
	2097156,
	0,
	1,
	'Local One',
	0,
	'',
	'S_BA1',
	'');
INSERT INTO SM_STATE
	VALUES (2097153,
	2097156,
	0,
	'One',
	1,
	0);
INSERT INTO SM_SEME
	VALUES (2097153,
	2097153,
	2097156,
	0);
INSERT INTO SM_EIGN
	VALUES (2097153,
	2097154,
	2097156,
	0,
	'');
INSERT INTO SM_SEME
	VALUES (2097153,
	2097154,
	2097156,
	0);
INSERT INTO SM_SEME
	VALUES (2097153,
	2097155,
	2097156,
	0);
INSERT INTO SM_MOAH
	VALUES (2097153,
	2097156,
	2097153);
INSERT INTO SM_AH
	VALUES (2097153,
	2097156);
INSERT INTO SM_ACT
	VALUES (2097153,
	2097156,
	1,
	'LOG::LogInfo(message:"S_BA.One:  Waiting for events");
',
	'');
INSERT INTO SM_STATE
	VALUES (2097154,
	2097156,
	0,
	'Two',
	2,
	0);
INSERT INTO SM_EIGN
	VALUES (2097154,
	2097153,
	2097156,
	0,
	'');
INSERT INTO SM_SEME
	VALUES (2097154,
	2097153,
	2097156,
	0);
INSERT INTO SM_SEME
	VALUES (2097154,
	2097154,
	2097156,
	0);
INSERT INTO SM_EIGN
	VALUES (2097154,
	2097155,
	2097156,
	0,
	'');
INSERT INTO SM_SEME
	VALUES (2097154,
	2097155,
	2097156,
	0);
INSERT INTO SM_MOAH
	VALUES (2097154,
	2097156,
	2097154);
INSERT INTO SM_AH
	VALUES (2097154,
	2097156);
INSERT INTO SM_ACT
	VALUES (2097154,
	2097156,
	1,
	'LOG::LogInfo(message:"S_BA.Two: Received event Poly One.  Entered Subtype A.Two");

if (rcvd_evt.key == "S_BA")
	LOG::LogSuccess(message:"S_BA.Two: Received valid key for self");
else
	LOG::LogFailure(message:"S_BA.Two: Received invalid key");
end if;

if (rcvd_evt.instance == self.x)	
	LOG::LogSuccess(message:"S_BA.Two: Received valid instance number");
else
	LOG::LogFailure(message:"S_BA.Two: Received invalid instance number");
end if;

select any driver from instances of S_D; 
generate S_D1:''ACK success'' to driver;

generate S_BA0 to self;
',
	'Verifies that the event data is valid and logs the results.');
INSERT INTO SM_STATE
	VALUES (2097155,
	2097156,
	0,
	'Three',
	3,
	0);
INSERT INTO SM_EIGN
	VALUES (2097155,
	2097153,
	2097156,
	0,
	'');
INSERT INTO SM_SEME
	VALUES (2097155,
	2097153,
	2097156,
	0);
INSERT INTO SM_SEME
	VALUES (2097155,
	2097154,
	2097156,
	0);
INSERT INTO SM_EIGN
	VALUES (2097155,
	2097155,
	2097156,
	0,
	'');
INSERT INTO SM_SEME
	VALUES (2097155,
	2097155,
	2097156,
	0);
INSERT INTO SM_MOAH
	VALUES (2097155,
	2097156,
	2097155);
INSERT INTO SM_AH
	VALUES (2097155,
	2097156);
INSERT INTO SM_ACT
	VALUES (2097155,
	2097156,
	1,
	'LOG::LogInfo(message:"S_BA.Three: Received event Local One.  Entered Subtype A.Three");

if (rcvd_evt.key == "S_BA")
	LOG::LogSuccess(message:"S_BA.Three: Received valid key for self");
else
	LOG::LogFailure(message:"S_BA.Three: Received invalid key");
end if;

if (rcvd_evt.instance == self.x)	
	LOG::LogSuccess(message:"S_BA.Three: Received valid instance number");
else
	LOG::LogFailure(message:"S_BA.Three: Received invalid instance number");
end if;

select any driver from instances of S_D; 
generate S_D1:''ACK success'' to driver;

generate S_BA0 to self;
',
	'');
INSERT INTO SM_NSTXN
	VALUES (2097153,
	2097156,
	2097153,
	2097153,
	0);
INSERT INTO SM_TXN
	VALUES (2097153,
	2097156,
	2097154,
	0);
INSERT INTO SM_NSTXN
	VALUES (2097154,
	2097156,
	2097154,
	2097154,
	0);
INSERT INTO SM_TXN
	VALUES (2097154,
	2097156,
	2097153,
	0);
INSERT INTO SM_NSTXN
	VALUES (2097155,
	2097156,
	2097155,
	2097154,
	0);
INSERT INTO SM_TXN
	VALUES (2097155,
	2097156,
	2097153,
	0);
INSERT INTO SM_NSTXN
	VALUES (2097156,
	2097156,
	2097153,
	2097155,
	0);
INSERT INTO SM_TXN
	VALUES (2097156,
	2097156,
	2097155,
	0);
INSERT INTO GD_MD
	VALUES (2097153,
	8,
	2097156,
	40,
	1,
	0,
	1,
	1,
	0,
	12,
	1600,
	4200,
	0.007812,
	0);
INSERT INTO GD_GE
	VALUES (2097154,
	2097153,
	2097153,
	41);
INSERT INTO GD_SHP
	VALUES (2097154,
	1680,
	1232,
	2272,
	1312);
INSERT INTO GD_GE
	VALUES (2097155,
	2097153,
	2097154,
	41);
INSERT INTO GD_SHP
	VALUES (2097155,
	1680,
	1392,
	1952,
	1808);
INSERT INTO GD_GE
	VALUES (2097156,
	2097153,
	2097155,
	41);
INSERT INTO GD_SHP
	VALUES (2097156,
	2000,
	1392,
	2272,
	1808);
INSERT INTO GD_GE
	VALUES (2097157,
	2097153,
	2097153,
	42);
INSERT INTO GD_CON
	VALUES (2097157,
	2097154,
	2097155,
	0);
INSERT INTO GD_CTXT
	VALUES (2097157,
	0,
	0,
	0,
	0,
	0,
	0,
	1864,
	1331,
	1973,
	1381,
	24,
	-6,
	0,
	0,
	0,
	0,
	0,
	0);
INSERT INTO GD_LS
	VALUES (2097158,
	2097157,
	1856,
	1312,
	1856,
	1392,
	0);
INSERT INTO GD_GE
	VALUES (2097159,
	2097153,
	2097154,
	42);
INSERT INTO GD_CON
	VALUES (2097159,
	2097155,
	2097154,
	0);
INSERT INTO GD_CTXT
	VALUES (2097159,
	0,
	0,
	0,
	0,
	0,
	0,
	1733,
	1338,
	1824,
	1389,
	21,
	1,
	0,
	0,
	0,
	0,
	0,
	0);
INSERT INTO GD_LS
	VALUES (2097160,
	2097159,
	1728,
	1392,
	1728,
	1312,
	0);
INSERT INTO GD_GE
	VALUES (2097161,
	2097153,
	2097155,
	42);
INSERT INTO GD_CON
	VALUES (2097161,
	2097156,
	2097154,
	0);
INSERT INTO GD_CTXT
	VALUES (2097161,
	0,
	0,
	0,
	0,
	0,
	0,
	2232,
	1340,
	2329,
	1383,
	24,
	3,
	0,
	0,
	0,
	0,
	0,
	0);
INSERT INTO GD_LS
	VALUES (2097162,
	2097161,
	2224,
	1392,
	2224,
	1312,
	0);
INSERT INTO GD_GE
	VALUES (2097163,
	2097153,
	2097156,
	42);
INSERT INTO GD_CON
	VALUES (2097163,
	2097154,
	2097156,
	0);
INSERT INTO GD_CTXT
	VALUES (2097163,
	0,
	0,
	0,
	0,
	0,
	0,
	2074,
	1333,
	2185,
	1377,
	26,
	-4,
	0,
	0,
	0,
	0,
	0,
	0);
INSERT INTO GD_LS
	VALUES (2097164,
	2097163,
	2064,
	1312,
	2064,
	1392,
	0);
INSERT INTO O_OBJ
	VALUES (1048579,
	'Subtype B',
	3,
	'S_BB',
	'',
	1048578);
INSERT INTO O_REF
	VALUES (1048579,
	1048577,
	0,
	1048577,
	1048577,
	1048579,
	1048577,
	1048583,
	1048578,
	0,
	0,
	'');
INSERT INTO O_RATTR
	VALUES (1048583,
	1048579,
	1048577,
	1048577,
	1);
INSERT INTO O_ATTR
	VALUES (1048583,
	1048579,
	0,
	'id',
	'',
	'',
	'id',
	0,
	524296);
INSERT INTO O_NBATTR
	VALUES (1048584,
	1048579);
INSERT INTO O_BATTR
	VALUES (1048584,
	1048579);
INSERT INTO O_ATTR
	VALUES (1048584,
	1048579,
	1048583,
	'x',
	'',
	'',
	'x',
	0,
	524291);
INSERT INTO O_NBATTR
	VALUES (1048585,
	1048579);
INSERT INTO O_BATTR
	VALUES (1048585,
	1048579);
INSERT INTO O_ATTR
	VALUES (1048585,
	1048579,
	1048584,
	'current_state',
	'',
	'',
	'current_state',
	0,
	524295);
INSERT INTO O_ID
	VALUES (0,
	1048579);
INSERT INTO O_OIDA
	VALUES (1048583,
	1048579,
	0);
INSERT INTO SM_ISM
	VALUES (2621445,
	1048579);
INSERT INTO SM_SM
	VALUES (2621445,
	'',
	5);
INSERT INTO SM_MOORE
	VALUES (2621445);
INSERT INTO SM_EVTDI
	VALUES (2621441,
	2621445,
	'instance',
	'',
	524291);
INSERT INTO SM_EVTDI
	VALUES (2621442,
	2621445,
	'key',
	'',
	524293);
INSERT INTO SM_NLEVT
	VALUES (2621441,
	2621445,
	0,
	1572865,
	1572867,
	0,
	'');
INSERT INTO SM_SEVT
	VALUES (2621441,
	2621445,
	0);
INSERT INTO SM_EVT
	VALUES (2621441,
	2621445,
	0,
	0,
	'Poly One',
	0,
	'',
	'S_P1*',
	'');
INSERT INTO SM_LEVT
	VALUES (2621442,
	2621445,
	0);
INSERT INTO SM_SEVT
	VALUES (2621442,
	2621445,
	0);
INSERT INTO SM_EVT
	VALUES (2621442,
	2621445,
	0,
	1,
	'Local One',
	0,
	'',
	'S_BB1',
	'');
INSERT INTO SM_LEVT
	VALUES (2621443,
	2621445,
	0);
INSERT INTO SM_SEVT
	VALUES (2621443,
	2621445,
	0);
INSERT INTO SM_EVT
	VALUES (2621443,
	2621445,
	0,
	0,
	'Return',
	0,
	'',
	'S_BB0',
	'');
INSERT INTO SM_STATE
	VALUES (2621441,
	2621445,
	0,
	'One',
	1,
	0);
INSERT INTO SM_SEME
	VALUES (2621441,
	2621441,
	2621445,
	0);
INSERT INTO SM_SEME
	VALUES (2621441,
	2621442,
	2621445,
	0);
INSERT INTO SM_EIGN
	VALUES (2621441,
	2621443,
	2621445,
	0,
	'');
INSERT INTO SM_SEME
	VALUES (2621441,
	2621443,
	2621445,
	0);
INSERT INTO SM_MOAH
	VALUES (2621441,
	2621445,
	2621441);
INSERT INTO SM_AH
	VALUES (2621441,
	2621445);
INSERT INTO SM_ACT
	VALUES (2621441,
	2621445,
	1,
	'LOG::LogInfo(message:"S_BB.One:  Waiting for events");
',
	'');
INSERT INTO SM_STATE
	VALUES (2621442,
	2621445,
	0,
	'Two',
	2,
	0);
INSERT INTO SM_EIGN
	VALUES (2621442,
	2621441,
	2621445,
	0,
	'');
INSERT INTO SM_SEME
	VALUES (2621442,
	2621441,
	2621445,
	0);
INSERT INTO SM_EIGN
	VALUES (2621442,
	2621442,
	2621445,
	0,
	'');
INSERT INTO SM_SEME
	VALUES (2621442,
	2621442,
	2621445,
	0);
INSERT INTO SM_SEME
	VALUES (2621442,
	2621443,
	2621445,
	0);
INSERT INTO SM_MOAH
	VALUES (2621442,
	2621445,
	2621442);
INSERT INTO SM_AH
	VALUES (2621442,
	2621445);
INSERT INTO SM_ACT
	VALUES (2621442,
	2621445,
	1,
	'LOG::LogInfo(message:"S_BB.Two: Received event Poly One.  Entered Subtype B.Two");

if (rcvd_evt.key == "S_BB")
	LOG::LogSuccess(message:"S_BB.Two: Received valid key for self");
else
	LOG::LogFailure(message:"S_BB.Two: Received invalid key");
end if;

if (rcvd_evt.instance == self.x)	
	LOG::LogSuccess(message:"S_BB.Two: Received valid instance number");
else
	LOG::LogFailure(message:"S_BB.Two: Received invalid instance number");
end if;

select any driver from instances of S_D; 
generate S_D1:''ACK success'' to driver;

generate S_BB0 to self;
',
	'Verifies that the event data is valid and logs the results.');
INSERT INTO SM_STATE
	VALUES (2621443,
	2621445,
	0,
	'Three',
	3,
	0);
INSERT INTO SM_EIGN
	VALUES (2621443,
	2621441,
	2621445,
	0,
	'');
INSERT INTO SM_SEME
	VALUES (2621443,
	2621441,
	2621445,
	0);
INSERT INTO SM_EIGN
	VALUES (2621443,
	2621442,
	2621445,
	0,
	'');
INSERT INTO SM_SEME
	VALUES (2621443,
	2621442,
	2621445,
	0);
INSERT INTO SM_SEME
	VALUES (2621443,
	2621443,
	2621445,
	0);
INSERT INTO SM_MOAH
	VALUES (2621443,
	2621445,
	2621443);
INSERT INTO SM_AH
	VALUES (2621443,
	2621445);
INSERT INTO SM_ACT
	VALUES (2621443,
	2621445,
	1,
	'LOG::LogInfo(message:"S_BB.Three: Received event Local One.  Entered Subtype B.Three");

if (rcvd_evt.key == "S_BB")
	LOG::LogSuccess(message:"S_BB.Three: Received valid key for self");
else
	LOG::LogFailure(message:"S_BB.Three: Received invalid key");
end if;

if (rcvd_evt.instance == self.x)	
	LOG::LogSuccess(message:"S_BB.Three: Received valid instance number");
else
	LOG::LogFailure(message:"S_BB.Three: Received invalid instance number");
end if;

select any driver from instances of S_D; 
generate S_D1:''ACK success'' to driver;

generate S_BB0 to self;
',
	'');
INSERT INTO SM_NSTXN
	VALUES (2621441,
	2621445,
	2621441,
	2621442,
	0);
INSERT INTO SM_TXN
	VALUES (2621441,
	2621445,
	2621443,
	0);
INSERT INTO SM_NSTXN
	VALUES (2621442,
	2621445,
	2621443,
	2621443,
	0);
INSERT INTO SM_TXN
	VALUES (2621442,
	2621445,
	2621441,
	0);
INSERT INTO SM_NSTXN
	VALUES (2621443,
	2621445,
	2621442,
	2621443,
	0);
INSERT INTO SM_TXN
	VALUES (2621443,
	2621445,
	2621441,
	0);
INSERT INTO SM_NSTXN
	VALUES (2621444,
	2621445,
	2621441,
	2621441,
	0);
INSERT INTO SM_TXN
	VALUES (2621444,
	2621445,
	2621442,
	0);
INSERT INTO GD_MD
	VALUES (2621441,
	8,
	2621445,
	40,
	1,
	0,
	1,
	1,
	0,
	12,
	1600,
	4200,
	0.007812,
	0);
INSERT INTO GD_GE
	VALUES (2621442,
	2621441,
	2621441,
	41);
INSERT INTO GD_SHP
	VALUES (2621442,
	1696,
	1232,
	2288,
	1312);
INSERT INTO GD_GE
	VALUES (2621443,
	2621441,
	2621442,
	41);
INSERT INTO GD_SHP
	VALUES (2621443,
	1696,
	1392,
	1968,
	1808);
INSERT INTO GD_GE
	VALUES (2621444,
	2621441,
	2621443,
	41);
INSERT INTO GD_SHP
	VALUES (2621444,
	2016,
	1392,
	2288,
	1808);
INSERT INTO GD_GE
	VALUES (2621445,
	2621441,
	2621441,
	42);
INSERT INTO GD_CON
	VALUES (2621445,
	2621442,
	2621444,
	0);
INSERT INTO GD_CTXT
	VALUES (2621445,
	0,
	0,
	0,
	0,
	0,
	0,
	2090,
	1333,
	2201,
	1377,
	26,
	-4,
	0,
	0,
	0,
	0,
	0,
	0);
INSERT INTO GD_LS
	VALUES (2621446,
	2621445,
	2080,
	1312,
	2080,
	1392,
	0);
INSERT INTO GD_GE
	VALUES (2621447,
	2621441,
	2621442,
	42);
INSERT INTO GD_CON
	VALUES (2621447,
	2621444,
	2621442,
	0);
INSERT INTO GD_CTXT
	VALUES (2621447,
	0,
	0,
	0,
	0,
	0,
	0,
	2248,
	1340,
	2345,
	1383,
	24,
	3,
	0,
	0,
	0,
	0,
	0,
	0);
INSERT INTO GD_LS
	VALUES (2621448,
	2621447,
	2240,
	1392,
	2240,
	1312,
	0);
INSERT INTO GD_GE
	VALUES (2621449,
	2621441,
	2621443,
	42);
INSERT INTO GD_CON
	VALUES (2621449,
	2621443,
	2621442,
	0);
INSERT INTO GD_CTXT
	VALUES (2621449,
	0,
	0,
	0,
	0,
	0,
	0,
	1749,
	1338,
	1840,
	1389,
	21,
	1,
	0,
	0,
	0,
	0,
	0,
	0);
INSERT INTO GD_LS
	VALUES (2621450,
	2621449,
	1744,
	1392,
	1744,
	1312,
	0);
INSERT INTO GD_GE
	VALUES (2621451,
	2621441,
	2621444,
	42);
INSERT INTO GD_CON
	VALUES (2621451,
	2621442,
	2621443,
	0);
INSERT INTO GD_CTXT
	VALUES (2621451,
	0,
	0,
	0,
	0,
	0,
	0,
	1880,
	1331,
	1989,
	1381,
	24,
	-6,
	0,
	0,
	0,
	0,
	0,
	0);
INSERT INTO GD_LS
	VALUES (2621452,
	2621451,
	1872,
	1312,
	1872,
	1392,
	0);
INSERT INTO O_OBJ
	VALUES (1048580,
	'Related',
	4,
	'S_R',
	'',
	1048578);
INSERT INTO O_NBATTR
	VALUES (1048586,
	1048580);
INSERT INTO O_BATTR
	VALUES (1048586,
	1048580);
INSERT INTO O_ATTR
	VALUES (1048586,
	1048580,
	0,
	'id',
	'',
	'',
	'id',
	0,
	524294);
INSERT INTO O_NBATTR
	VALUES (1048587,
	1048580);
INSERT INTO O_BATTR
	VALUES (1048587,
	1048580);
INSERT INTO O_ATTR
	VALUES (1048587,
	1048580,
	1048586,
	'x',
	'',
	'',
	'x',
	0,
	524291);
INSERT INTO O_NBATTR
	VALUES (1048588,
	1048580);
INSERT INTO O_BATTR
	VALUES (1048588,
	1048580);
INSERT INTO O_ATTR
	VALUES (1048588,
	1048580,
	1048587,
	'current_state',
	'',
	'',
	'current_state',
	0,
	524295);
INSERT INTO O_ID
	VALUES (0,
	1048580);
INSERT INTO O_OIDA
	VALUES (1048586,
	1048580,
	0);
INSERT INTO O_RTIDA
	VALUES (1048586,
	1048580,
	0,
	1048578,
	1048581);
INSERT INTO SM_ISM
	VALUES (3145734,
	1048580);
INSERT INTO SM_SM
	VALUES (3145734,
	'',
	6);
INSERT INTO SM_MOORE
	VALUES (3145734);
INSERT INTO SM_STATE
	VALUES (3145729,
	3145734,
	0,
	'State Name',
	1,
	0);
INSERT INTO SM_MOAH
	VALUES (3145729,
	3145734,
	3145729);
INSERT INTO SM_AH
	VALUES (3145729,
	3145734);
INSERT INTO SM_ACT
	VALUES (3145729,
	3145734,
	1,
	'',
	'');
INSERT INTO GD_MD
	VALUES (3145729,
	8,
	3145734,
	40,
	1,
	0,
	1,
	1,
	0,
	12,
	1600,
	4200,
	0.007812,
	0);
INSERT INTO GD_GE
	VALUES (3145730,
	3145729,
	3145729,
	41);
INSERT INTO GD_SHP
	VALUES (3145730,
	1632,
	1232,
	1824,
	1360);
INSERT INTO O_OBJ
	VALUES (1048581,
	'Associated',
	5,
	'S_AS',
	'',
	1048578);
INSERT INTO O_REF
	VALUES (1048581,
	1048577,
	0,
	1048577,
	1048578,
	1048582,
	1048580,
	1048589,
	1048579,
	0,
	0,
	'');
INSERT INTO O_RATTR
	VALUES (1048589,
	1048581,
	1048577,
	1048577,
	1);
INSERT INTO O_ATTR
	VALUES (1048589,
	1048581,
	0,
	'supertype id',
	'',
	'supertype ',
	'id',
	1,
	524296);
INSERT INTO O_REF
	VALUES (1048581,
	1048580,
	0,
	1048586,
	1048578,
	1048582,
	1048581,
	1048590,
	1048580,
	0,
	0,
	'');
INSERT INTO O_RATTR
	VALUES (1048590,
	1048581,
	1048586,
	1048580,
	1);
INSERT INTO O_ATTR
	VALUES (1048590,
	1048581,
	1048589,
	'related id',
	'',
	'related ',
	'id',
	1,
	524296);
INSERT INTO O_NBATTR
	VALUES (1048591,
	1048581);
INSERT INTO O_BATTR
	VALUES (1048591,
	1048581);
INSERT INTO O_ATTR
	VALUES (1048591,
	1048581,
	1048590,
	'x',
	'',
	'',
	'x',
	0,
	524291);
INSERT INTO O_NBATTR
	VALUES (1048592,
	1048581);
INSERT INTO O_BATTR
	VALUES (1048592,
	1048581);
INSERT INTO O_ATTR
	VALUES (1048592,
	1048581,
	1048591,
	'current_state',
	'',
	'',
	'current_state',
	0,
	524295);
INSERT INTO O_ID
	VALUES (0,
	1048581);
INSERT INTO O_OIDA
	VALUES (1048589,
	1048581,
	0);
INSERT INTO O_OIDA
	VALUES (1048590,
	1048581,
	0);
INSERT INTO SM_ISM
	VALUES (3670023,
	1048581);
INSERT INTO SM_SM
	VALUES (3670023,
	'',
	7);
INSERT INTO SM_MOORE
	VALUES (3670023);
INSERT INTO SM_STATE
	VALUES (3670017,
	3670023,
	0,
	'State Name',
	1,
	0);
INSERT INTO SM_MOAH
	VALUES (3670017,
	3670023,
	3670017);
INSERT INTO SM_AH
	VALUES (3670017,
	3670023);
INSERT INTO SM_ACT
	VALUES (3670017,
	3670023,
	1,
	'',
	'');
INSERT INTO GD_MD
	VALUES (3670017,
	8,
	3670023,
	40,
	1,
	0,
	1,
	1,
	0,
	12,
	1600,
	4200,
	0.007812,
	0);
INSERT INTO GD_GE
	VALUES (3670018,
	3670017,
	3670017,
	41);
INSERT INTO GD_SHP
	VALUES (3670018,
	1680,
	1232,
	1824,
	1360);
INSERT INTO SM_ASM
	VALUES (4194312,
	1048581);
INSERT INTO SM_SM
	VALUES (4194312,
	'',
	8);
INSERT INTO SM_MOORE
	VALUES (4194312);
INSERT INTO SM_STATE
	VALUES (4194305,
	4194312,
	0,
	'State Name',
	1,
	0);
INSERT INTO SM_MOAH
	VALUES (4194305,
	4194312,
	4194305);
INSERT INTO SM_AH
	VALUES (4194305,
	4194312);
INSERT INTO SM_ACT
	VALUES (4194305,
	4194312,
	1,
	'',
	'');
INSERT INTO GD_MD
	VALUES (4194305,
	10,
	4194312,
	40,
	1,
	0,
	1,
	1,
	0,
	12,
	1600,
	4200,
	0.007812,
	0);
INSERT INTO GD_GE
	VALUES (4194306,
	4194305,
	4194305,
	41);
INSERT INTO GD_SHP
	VALUES (4194306,
	1632,
	1232,
	1824,
	1360);
INSERT INTO O_OBJ
	VALUES (1048582,
	'Driver',
	6,
	'S_D',
	'',
	1048578);
INSERT INTO O_NBATTR
	VALUES (1048593,
	1048582);
INSERT INTO O_BATTR
	VALUES (1048593,
	1048582);
INSERT INTO O_ATTR
	VALUES (1048593,
	1048582,
	0,
	'timer',
	'',
	'',
	'timer',
	0,
	524304);
INSERT INTO O_NBATTR
	VALUES (1048594,
	1048582);
INSERT INTO O_BATTR
	VALUES (1048594,
	1048582);
INSERT INTO O_ATTR
	VALUES (1048594,
	1048582,
	1048593,
	'current_state',
	'',
	'',
	'current_state',
	0,
	524295);
INSERT INTO SM_ISM
	VALUES (4718601,
	1048582);
INSERT INTO SM_SM
	VALUES (4718601,
	'',
	9);
INSERT INTO SM_MOORE
	VALUES (4718601);
INSERT INTO SM_LEVT
	VALUES (4718593,
	4718601,
	0);
INSERT INTO SM_SEVT
	VALUES (4718593,
	4718601,
	0);
INSERT INTO SM_EVT
	VALUES (4718593,
	4718601,
	0,
	1,
	'ACK success',
	0,
	'',
	'S_D1',
	'');
INSERT INTO SM_LEVT
	VALUES (4718594,
	4718601,
	0);
INSERT INTO SM_SEVT
	VALUES (4718594,
	4718601,
	0);
INSERT INTO SM_EVT
	VALUES (4718594,
	4718601,
	0,
	2,
	'ACK failure',
	0,
	'',
	'S_D2',
	'');
INSERT INTO SM_LEVT
	VALUES (4718595,
	4718601,
	0);
INSERT INTO SM_SEVT
	VALUES (4718595,
	4718601,
	0);
INSERT INTO SM_EVT
	VALUES (4718595,
	4718601,
	0,
	3,
	'No ACK',
	0,
	'',
	'S_D3',
	'');
INSERT INTO SM_LEVT
	VALUES (4718596,
	4718601,
	0);
INSERT INTO SM_SEVT
	VALUES (4718596,
	4718601,
	0);
INSERT INTO SM_EVT
	VALUES (4718596,
	4718601,
	0,
	4,
	'Continue',
	0,
	'',
	'S_D4',
	'');
INSERT INTO SM_LEVT
	VALUES (4718597,
	4718601,
	0);
INSERT INTO SM_SEVT
	VALUES (4718597,
	4718601,
	0);
INSERT INTO SM_EVT
	VALUES (4718597,
	4718601,
	0,
	5,
	'End',
	0,
	'',
	'S_D5',
	'');
INSERT INTO SM_LEVT
	VALUES (4718598,
	4718601,
	0);
INSERT INTO SM_SEVT
	VALUES (4718598,
	4718601,
	0);
INSERT INTO SM_EVT
	VALUES (4718598,
	4718601,
	0,
	0,
	'Start',
	0,
	'',
	'S_D0',
	'');
INSERT INTO SM_STATE
	VALUES (4718593,
	4718601,
	0,
	'Send PE to Subtype A',
	1,
	0);
INSERT INTO SM_SEME
	VALUES (4718593,
	4718593,
	4718601,
	0);
INSERT INTO SM_EIGN
	VALUES (4718593,
	4718594,
	4718601,
	0,
	'');
INSERT INTO SM_SEME
	VALUES (4718593,
	4718594,
	4718601,
	0);
INSERT INTO SM_SEME
	VALUES (4718593,
	4718595,
	4718601,
	0);
INSERT INTO SM_EIGN
	VALUES (4718593,
	4718596,
	4718601,
	0,
	'');
INSERT INTO SM_SEME
	VALUES (4718593,
	4718596,
	4718601,
	0);
INSERT INTO SM_EIGN
	VALUES (4718593,
	4718597,
	4718601,
	0,
	'');
INSERT INTO SM_SEME
	VALUES (4718593,
	4718597,
	4718601,
	0);
INSERT INTO SM_EIGN
	VALUES (4718593,
	4718598,
	4718601,
	0,
	'');
INSERT INTO SM_SEME
	VALUES (4718593,
	4718598,
	4718601,
	0);
INSERT INTO SM_MOAH
	VALUES (4718593,
	4718601,
	4718593);
INSERT INTO SM_AH
	VALUES (4718593,
	4718601);
INSERT INTO SM_ACT
	VALUES (4718593,
	4718601,
	1,
	'LOG::LogInfo(message:"Simple Driver: Send polymorphic event to subtype.");
select any sba from instances of S_BA where selected.x == 12;
generate S_P1*(key:"S_BA", instance:12) to sba;

create event instance no_ack of S_D3:''No ACK'' to self;
self.timer = TIM::timer_start(microseconds:5000000, event_inst:no_ack);
',
	'');
INSERT INTO SM_STATE
	VALUES (4718594,
	4718601,
	0,
	'No Response (PE BA)',
	5,
	0);
INSERT INTO SM_EIGN
	VALUES (4718594,
	4718593,
	4718601,
	0,
	'');
INSERT INTO SM_SEME
	VALUES (4718594,
	4718593,
	4718601,
	0);
INSERT INTO SM_EIGN
	VALUES (4718594,
	4718594,
	4718601,
	0,
	'');
INSERT INTO SM_SEME
	VALUES (4718594,
	4718594,
	4718601,
	0);
INSERT INTO SM_EIGN
	VALUES (4718594,
	4718595,
	4718601,
	0,
	'');
INSERT INTO SM_SEME
	VALUES (4718594,
	4718595,
	4718601,
	0);
INSERT INTO SM_SEME
	VALUES (4718594,
	4718596,
	4718601,
	0);
INSERT INTO SM_EIGN
	VALUES (4718594,
	4718597,
	4718601,
	0,
	'');
INSERT INTO SM_SEME
	VALUES (4718594,
	4718597,
	4718601,
	0);
INSERT INTO SM_EIGN
	VALUES (4718594,
	4718598,
	4718601,
	0,
	'');
INSERT INTO SM_SEME
	VALUES (4718594,
	4718598,
	4718601,
	0);
INSERT INTO SM_MOAH
	VALUES (4718594,
	4718601,
	4718594);
INSERT INTO SM_AH
	VALUES (4718594,
	4718601);
INSERT INTO SM_ACT
	VALUES (4718594,
	4718601,
	1,
	'LOG::LogFailure(message:"Did not receive ACK for Send PE to Subtype A");
generate S_D4:''Continue'' to self;',
	'');
INSERT INTO SM_STATE
	VALUES (4718595,
	4718601,
	0,
	'Send PE to Supertype (A)',
	6,
	0);
INSERT INTO SM_SEME
	VALUES (4718595,
	4718593,
	4718601,
	0);
INSERT INTO SM_EIGN
	VALUES (4718595,
	4718594,
	4718601,
	0,
	'');
INSERT INTO SM_SEME
	VALUES (4718595,
	4718594,
	4718601,
	0);
INSERT INTO SM_SEME
	VALUES (4718595,
	4718595,
	4718601,
	0);
INSERT INTO SM_EIGN
	VALUES (4718595,
	4718596,
	4718601,
	0,
	'');
INSERT INTO SM_SEME
	VALUES (4718595,
	4718596,
	4718601,
	0);
INSERT INTO SM_EIGN
	VALUES (4718595,
	4718597,
	4718601,
	0,
	'');
INSERT INTO SM_SEME
	VALUES (4718595,
	4718597,
	4718601,
	0);
INSERT INTO SM_EIGN
	VALUES (4718595,
	4718598,
	4718601,
	0,
	'');
INSERT INTO SM_SEME
	VALUES (4718595,
	4718598,
	4718601,
	0);
INSERT INTO SM_MOAH
	VALUES (4718595,
	4718601,
	4718595);
INSERT INTO SM_AH
	VALUES (4718595,
	4718601);
INSERT INTO SM_ACT
	VALUES (4718595,
	4718601,
	1,
	'value = TIM::timer_cancel(timer_inst_ref:self.timer);

LOG::LogInfo(message:"Simple Driver: Send polymorphic event to supertype (A).");
select any sp from instances of S_P where selected.x == 11;
select one sp_ba related by sp->S_BA[R1];
generate S_P1*(key:"S_BA", instance:12) to sp_ba;

create event instance no_ack of S_D3:''No ACK'' to self;
self.timer = TIM::timer_start(microseconds:5000000, event_inst:no_ack);
',
	'');
INSERT INTO SM_STATE
	VALUES (4718596,
	4718601,
	0,
	'Send LE to Subtype A',
	7,
	0);
INSERT INTO SM_SEME
	VALUES (4718596,
	4718593,
	4718601,
	0);
INSERT INTO SM_EIGN
	VALUES (4718596,
	4718594,
	4718601,
	0,
	'');
INSERT INTO SM_SEME
	VALUES (4718596,
	4718594,
	4718601,
	0);
INSERT INTO SM_SEME
	VALUES (4718596,
	4718595,
	4718601,
	0);
INSERT INTO SM_EIGN
	VALUES (4718596,
	4718596,
	4718601,
	0,
	'');
INSERT INTO SM_SEME
	VALUES (4718596,
	4718596,
	4718601,
	0);
INSERT INTO SM_EIGN
	VALUES (4718596,
	4718597,
	4718601,
	0,
	'');
INSERT INTO SM_SEME
	VALUES (4718596,
	4718597,
	4718601,
	0);
INSERT INTO SM_EIGN
	VALUES (4718596,
	4718598,
	4718601,
	0,
	'');
INSERT INTO SM_SEME
	VALUES (4718596,
	4718598,
	4718601,
	0);
INSERT INTO SM_MOAH
	VALUES (4718596,
	4718601,
	4718596);
INSERT INTO SM_AH
	VALUES (4718596,
	4718601);
INSERT INTO SM_ACT
	VALUES (4718596,
	4718601,
	1,
	'value = TIM::timer_cancel(timer_inst_ref:self.timer);

LOG::LogInfo(message:"Simple Driver: Send local event to subtype A.");
select any sba from instances of S_BA where selected.x == 12;
generate S_BA1(key:"S_BA", instance:12) to sba;

create event instance no_ack of S_D3:''No ACK'' to self;
self.timer = TIM::timer_start(microseconds:5000000, event_inst:no_ack);
',
	'');
INSERT INTO SM_STATE
	VALUES (4718597,
	4718601,
	0,
	'No Response (LE BA)',
	8,
	0);
INSERT INTO SM_EIGN
	VALUES (4718597,
	4718593,
	4718601,
	0,
	'');
INSERT INTO SM_SEME
	VALUES (4718597,
	4718593,
	4718601,
	0);
INSERT INTO SM_EIGN
	VALUES (4718597,
	4718594,
	4718601,
	0,
	'');
INSERT INTO SM_SEME
	VALUES (4718597,
	4718594,
	4718601,
	0);
INSERT INTO SM_EIGN
	VALUES (4718597,
	4718595,
	4718601,
	0,
	'');
INSERT INTO SM_SEME
	VALUES (4718597,
	4718595,
	4718601,
	0);
INSERT INTO SM_SEME
	VALUES (4718597,
	4718596,
	4718601,
	0);
INSERT INTO SM_EIGN
	VALUES (4718597,
	4718597,
	4718601,
	0,
	'');
INSERT INTO SM_SEME
	VALUES (4718597,
	4718597,
	4718601,
	0);
INSERT INTO SM_EIGN
	VALUES (4718597,
	4718598,
	4718601,
	0,
	'');
INSERT INTO SM_SEME
	VALUES (4718597,
	4718598,
	4718601,
	0);
INSERT INTO SM_MOAH
	VALUES (4718597,
	4718601,
	4718597);
INSERT INTO SM_AH
	VALUES (4718597,
	4718601);
INSERT INTO SM_ACT
	VALUES (4718597,
	4718601,
	1,
	'LOG::LogFailure(message:"Did not receive ACK for Send LE to Subtype A");
generate S_D4:''Continue'' to self;',
	'');
INSERT INTO SM_STATE
	VALUES (4718598,
	4718601,
	0,
	'No Response (PE PA)',
	9,
	0);
INSERT INTO SM_EIGN
	VALUES (4718598,
	4718593,
	4718601,
	0,
	'');
INSERT INTO SM_SEME
	VALUES (4718598,
	4718593,
	4718601,
	0);
INSERT INTO SM_EIGN
	VALUES (4718598,
	4718594,
	4718601,
	0,
	'');
INSERT INTO SM_SEME
	VALUES (4718598,
	4718594,
	4718601,
	0);
INSERT INTO SM_EIGN
	VALUES (4718598,
	4718595,
	4718601,
	0,
	'');
INSERT INTO SM_SEME
	VALUES (4718598,
	4718595,
	4718601,
	0);
INSERT INTO SM_SEME
	VALUES (4718598,
	4718596,
	4718601,
	0);
INSERT INTO SM_EIGN
	VALUES (4718598,
	4718597,
	4718601,
	0,
	'');
INSERT INTO SM_SEME
	VALUES (4718598,
	4718597,
	4718601,
	0);
INSERT INTO SM_EIGN
	VALUES (4718598,
	4718598,
	4718601,
	0,
	'');
INSERT INTO SM_SEME
	VALUES (4718598,
	4718598,
	4718601,
	0);
INSERT INTO SM_MOAH
	VALUES (4718598,
	4718601,
	4718598);
INSERT INTO SM_AH
	VALUES (4718598,
	4718601);
INSERT INTO SM_ACT
	VALUES (4718598,
	4718601,
	1,
	'LOG::LogFailure(message:"Did not receive ACK for Send PE to Supertype (A)");
generate S_D4:''Continue'' to self;',
	'');
INSERT INTO SM_STATE
	VALUES (4718599,
	4718601,
	0,
	'Send LE to Subtype B',
	10,
	0);
INSERT INTO SM_SEME
	VALUES (4718599,
	4718593,
	4718601,
	0);
INSERT INTO SM_EIGN
	VALUES (4718599,
	4718594,
	4718601,
	0,
	'');
INSERT INTO SM_SEME
	VALUES (4718599,
	4718594,
	4718601,
	0);
INSERT INTO SM_SEME
	VALUES (4718599,
	4718595,
	4718601,
	0);
INSERT INTO SM_EIGN
	VALUES (4718599,
	4718596,
	4718601,
	0,
	'');
INSERT INTO SM_SEME
	VALUES (4718599,
	4718596,
	4718601,
	0);
INSERT INTO SM_EIGN
	VALUES (4718599,
	4718597,
	4718601,
	0,
	'');
INSERT INTO SM_SEME
	VALUES (4718599,
	4718597,
	4718601,
	0);
INSERT INTO SM_EIGN
	VALUES (4718599,
	4718598,
	4718601,
	0,
	'');
INSERT INTO SM_SEME
	VALUES (4718599,
	4718598,
	4718601,
	0);
INSERT INTO SM_MOAH
	VALUES (4718599,
	4718601,
	4718599);
INSERT INTO SM_AH
	VALUES (4718599,
	4718601);
INSERT INTO SM_ACT
	VALUES (4718599,
	4718601,
	1,
	'value = TIM::timer_cancel(timer_inst_ref:self.timer);

LOG::LogInfo(message:"Simple Driver: Send local event to subtype B.");
select any sbb from instances of S_BB where selected.x == 4;
generate S_BB1(key:"S_BB", instance:4) to sbb;

create event instance no_ack of S_D3:''No ACK'' to self;
self.timer = TIM::timer_start(microseconds:5000000, event_inst:no_ack);
',
	'');
INSERT INTO SM_STATE
	VALUES (4718600,
	4718601,
	0,
	'No Response (LE BB)',
	11,
	0);
INSERT INTO SM_EIGN
	VALUES (4718600,
	4718593,
	4718601,
	0,
	'');
INSERT INTO SM_SEME
	VALUES (4718600,
	4718593,
	4718601,
	0);
INSERT INTO SM_EIGN
	VALUES (4718600,
	4718594,
	4718601,
	0,
	'');
INSERT INTO SM_SEME
	VALUES (4718600,
	4718594,
	4718601,
	0);
INSERT INTO SM_EIGN
	VALUES (4718600,
	4718595,
	4718601,
	0,
	'');
INSERT INTO SM_SEME
	VALUES (4718600,
	4718595,
	4718601,
	0);
INSERT INTO SM_SEME
	VALUES (4718600,
	4718596,
	4718601,
	0);
INSERT INTO SM_EIGN
	VALUES (4718600,
	4718597,
	4718601,
	0,
	'');
INSERT INTO SM_SEME
	VALUES (4718600,
	4718597,
	4718601,
	0);
INSERT INTO SM_EIGN
	VALUES (4718600,
	4718598,
	4718601,
	0,
	'');
INSERT INTO SM_SEME
	VALUES (4718600,
	4718598,
	4718601,
	0);
INSERT INTO SM_MOAH
	VALUES (4718600,
	4718601,
	4718600);
INSERT INTO SM_AH
	VALUES (4718600,
	4718601);
INSERT INTO SM_ACT
	VALUES (4718600,
	4718601,
	1,
	'LOG::LogFailure(message:"Did not receive ACK for Send LE to Subtype B");
generate S_D4:''Continue'' to self;',
	'');
INSERT INTO SM_STATE
	VALUES (4718601,
	4718601,
	0,
	'Send PE to Subtype B',
	12,
	0);
INSERT INTO SM_SEME
	VALUES (4718601,
	4718593,
	4718601,
	0);
INSERT INTO SM_EIGN
	VALUES (4718601,
	4718594,
	4718601,
	0,
	'');
INSERT INTO SM_SEME
	VALUES (4718601,
	4718594,
	4718601,
	0);
INSERT INTO SM_SEME
	VALUES (4718601,
	4718595,
	4718601,
	0);
INSERT INTO SM_EIGN
	VALUES (4718601,
	4718596,
	4718601,
	0,
	'');
INSERT INTO SM_SEME
	VALUES (4718601,
	4718596,
	4718601,
	0);
INSERT INTO SM_EIGN
	VALUES (4718601,
	4718597,
	4718601,
	0,
	'');
INSERT INTO SM_SEME
	VALUES (4718601,
	4718597,
	4718601,
	0);
INSERT INTO SM_EIGN
	VALUES (4718601,
	4718598,
	4718601,
	0,
	'');
INSERT INTO SM_SEME
	VALUES (4718601,
	4718598,
	4718601,
	0);
INSERT INTO SM_MOAH
	VALUES (4718601,
	4718601,
	4718601);
INSERT INTO SM_AH
	VALUES (4718601,
	4718601);
INSERT INTO SM_ACT
	VALUES (4718601,
	4718601,
	1,
	'value = TIM::timer_cancel(timer_inst_ref:self.timer);

LOG::LogInfo(message:"Simple Driver: Send polymorphic event to subtype B.");
select any sbb from instances of S_BB where selected.x == 4;
generate S_P1*(key:"S_BB", instance:4) to sbb;

create event instance no_ack of S_D3:''No ACK'' to self;
self.timer = TIM::timer_start(microseconds:5000000, event_inst:no_ack);
',
	'');
INSERT INTO SM_STATE
	VALUES (4718602,
	4718601,
	0,
	'No Response (PE BB)',
	13,
	0);
INSERT INTO SM_EIGN
	VALUES (4718602,
	4718593,
	4718601,
	0,
	'');
INSERT INTO SM_SEME
	VALUES (4718602,
	4718593,
	4718601,
	0);
INSERT INTO SM_EIGN
	VALUES (4718602,
	4718594,
	4718601,
	0,
	'');
INSERT INTO SM_SEME
	VALUES (4718602,
	4718594,
	4718601,
	0);
INSERT INTO SM_EIGN
	VALUES (4718602,
	4718595,
	4718601,
	0,
	'');
INSERT INTO SM_SEME
	VALUES (4718602,
	4718595,
	4718601,
	0);
INSERT INTO SM_SEME
	VALUES (4718602,
	4718596,
	4718601,
	0);
INSERT INTO SM_EIGN
	VALUES (4718602,
	4718597,
	4718601,
	0,
	'');
INSERT INTO SM_SEME
	VALUES (4718602,
	4718597,
	4718601,
	0);
INSERT INTO SM_EIGN
	VALUES (4718602,
	4718598,
	4718601,
	0,
	'');
INSERT INTO SM_SEME
	VALUES (4718602,
	4718598,
	4718601,
	0);
INSERT INTO SM_MOAH
	VALUES (4718602,
	4718601,
	4718602);
INSERT INTO SM_AH
	VALUES (4718602,
	4718601);
INSERT INTO SM_ACT
	VALUES (4718602,
	4718601,
	1,
	'LOG::LogFailure(message:"Did not receive ACK for Send PE to Subtype B");
generate S_D4:''Continue'' to self;',
	'');
INSERT INTO SM_STATE
	VALUES (4718603,
	4718601,
	0,
	'Send PE to Supertype (B)',
	14,
	0);
INSERT INTO SM_SEME
	VALUES (4718603,
	4718593,
	4718601,
	0);
INSERT INTO SM_EIGN
	VALUES (4718603,
	4718594,
	4718601,
	0,
	'');
INSERT INTO SM_SEME
	VALUES (4718603,
	4718594,
	4718601,
	0);
INSERT INTO SM_SEME
	VALUES (4718603,
	4718595,
	4718601,
	0);
INSERT INTO SM_EIGN
	VALUES (4718603,
	4718596,
	4718601,
	0,
	'');
INSERT INTO SM_SEME
	VALUES (4718603,
	4718596,
	4718601,
	0);
INSERT INTO SM_EIGN
	VALUES (4718603,
	4718597,
	4718601,
	0,
	'');
INSERT INTO SM_SEME
	VALUES (4718603,
	4718597,
	4718601,
	0);
INSERT INTO SM_EIGN
	VALUES (4718603,
	4718598,
	4718601,
	0,
	'');
INSERT INTO SM_SEME
	VALUES (4718603,
	4718598,
	4718601,
	0);
INSERT INTO SM_MOAH
	VALUES (4718603,
	4718601,
	4718603);
INSERT INTO SM_AH
	VALUES (4718603,
	4718601);
INSERT INTO SM_ACT
	VALUES (4718603,
	4718601,
	1,
	'value = TIM::timer_cancel(timer_inst_ref:self.timer);

LOG::LogInfo(message:"Simple Driver: Send polymorphic event to supertype (B).");
select any sp from instances of S_P where selected.x == 3;
select one sp_bb related by sp->S_BB[R1];
generate S_P1*(key:"S_BB", instance:4) to sp_bb;

create event instance no_ack of S_D3:''No ACK'' to self;
self.timer = TIM::timer_start(microseconds:5000000, event_inst:no_ack);
',
	'');
INSERT INTO SM_STATE
	VALUES (4718604,
	4718601,
	0,
	'No Response (PE PB)',
	15,
	0);
INSERT INTO SM_EIGN
	VALUES (4718604,
	4718593,
	4718601,
	0,
	'');
INSERT INTO SM_SEME
	VALUES (4718604,
	4718593,
	4718601,
	0);
INSERT INTO SM_EIGN
	VALUES (4718604,
	4718594,
	4718601,
	0,
	'');
INSERT INTO SM_SEME
	VALUES (4718604,
	4718594,
	4718601,
	0);
INSERT INTO SM_EIGN
	VALUES (4718604,
	4718595,
	4718601,
	0,
	'');
INSERT INTO SM_SEME
	VALUES (4718604,
	4718595,
	4718601,
	0);
INSERT INTO SM_SEME
	VALUES (4718604,
	4718596,
	4718601,
	0);
INSERT INTO SM_EIGN
	VALUES (4718604,
	4718597,
	4718601,
	0,
	'');
INSERT INTO SM_SEME
	VALUES (4718604,
	4718597,
	4718601,
	0);
INSERT INTO SM_EIGN
	VALUES (4718604,
	4718598,
	4718601,
	0,
	'');
INSERT INTO SM_SEME
	VALUES (4718604,
	4718598,
	4718601,
	0);
INSERT INTO SM_MOAH
	VALUES (4718604,
	4718601,
	4718604);
INSERT INTO SM_AH
	VALUES (4718604,
	4718601);
INSERT INTO SM_ACT
	VALUES (4718604,
	4718601,
	1,
	'LOG::LogFailure(message:"Did not receive ACK for Send PE to Supertype (B)");
generate S_D4:''Continue'' to self;',
	'');
INSERT INTO SM_STATE
	VALUES (4718605,
	4718601,
	0,
	'Done',
	16,
	0);
INSERT INTO SM_EIGN
	VALUES (4718605,
	4718593,
	4718601,
	0,
	'');
INSERT INTO SM_SEME
	VALUES (4718605,
	4718593,
	4718601,
	0);
INSERT INTO SM_EIGN
	VALUES (4718605,
	4718594,
	4718601,
	0,
	'');
INSERT INTO SM_SEME
	VALUES (4718605,
	4718594,
	4718601,
	0);
INSERT INTO SM_EIGN
	VALUES (4718605,
	4718595,
	4718601,
	0,
	'');
INSERT INTO SM_SEME
	VALUES (4718605,
	4718595,
	4718601,
	0);
INSERT INTO SM_EIGN
	VALUES (4718605,
	4718596,
	4718601,
	0,
	'');
INSERT INTO SM_SEME
	VALUES (4718605,
	4718596,
	4718601,
	0);
INSERT INTO SM_EIGN
	VALUES (4718605,
	4718597,
	4718601,
	0,
	'');
INSERT INTO SM_SEME
	VALUES (4718605,
	4718597,
	4718601,
	0);
INSERT INTO SM_EIGN
	VALUES (4718605,
	4718598,
	4718601,
	0,
	'');
INSERT INTO SM_SEME
	VALUES (4718605,
	4718598,
	4718601,
	0);
INSERT INTO SM_MOAH
	VALUES (4718605,
	4718601,
	4718605);
INSERT INTO SM_AH
	VALUES (4718605,
	4718601);
INSERT INTO SM_ACT
	VALUES (4718605,
	4718601,
	1,
	'value = TIM::timer_cancel(timer_inst_ref:self.timer);
LOG::LogInfo(message:"Simple Driver Done.");

select any mc from instances of MC_MC;
generate MC_MC1:test_complete to mc;',
	'');
INSERT INTO SM_NSTXN
	VALUES (4718593,
	4718601,
	4718593,
	4718595,
	0);
INSERT INTO SM_TXN
	VALUES (4718593,
	4718601,
	4718594,
	0);
INSERT INTO SM_CRTXN
	VALUES (4718594,
	4718601,
	4718598,
	4718593);
INSERT INTO SM_TXN
	VALUES (4718594,
	4718601,
	4718593,
	0);
INSERT INTO SM_NSTXN
	VALUES (4718595,
	4718601,
	4718596,
	4718595,
	0);
INSERT INTO SM_TXN
	VALUES (4718595,
	4718601,
	4718597,
	0);
INSERT INTO SM_NSTXN
	VALUES (4718596,
	4718601,
	4718595,
	4718595,
	0);
INSERT INTO SM_TXN
	VALUES (4718596,
	4718601,
	4718598,
	0);
INSERT INTO SM_NSTXN
	VALUES (4718597,
	4718601,
	4718593,
	4718593,
	0);
INSERT INTO SM_TXN
	VALUES (4718597,
	4718601,
	4718596,
	0);
INSERT INTO SM_NSTXN
	VALUES (4718598,
	4718601,
	4718594,
	4718596,
	0);
INSERT INTO SM_TXN
	VALUES (4718598,
	4718601,
	4718596,
	0);
INSERT INTO SM_NSTXN
	VALUES (4718599,
	4718601,
	4718599,
	4718595,
	0);
INSERT INTO SM_TXN
	VALUES (4718599,
	4718601,
	4718600,
	0);
INSERT INTO SM_NSTXN
	VALUES (4718600,
	4718601,
	4718600,
	4718596,
	0);
INSERT INTO SM_TXN
	VALUES (4718600,
	4718601,
	4718595,
	0);
INSERT INTO SM_NSTXN
	VALUES (4718601,
	4718601,
	4718601,
	4718595,
	0);
INSERT INTO SM_TXN
	VALUES (4718601,
	4718601,
	4718602,
	0);
INSERT INTO SM_NSTXN
	VALUES (4718602,
	4718601,
	4718596,
	4718593,
	0);
INSERT INTO SM_TXN
	VALUES (4718602,
	4718601,
	4718601,
	0);
INSERT INTO SM_NSTXN
	VALUES (4718603,
	4718601,
	4718601,
	4718593,
	0);
INSERT INTO SM_TXN
	VALUES (4718603,
	4718601,
	4718599,
	0);
INSERT INTO SM_NSTXN
	VALUES (4718604,
	4718601,
	4718599,
	4718593,
	0);
INSERT INTO SM_TXN
	VALUES (4718604,
	4718601,
	4718595,
	0);
INSERT INTO SM_NSTXN
	VALUES (4718605,
	4718601,
	4718602,
	4718596,
	0);
INSERT INTO SM_TXN
	VALUES (4718605,
	4718601,
	4718599,
	0);
INSERT INTO SM_NSTXN
	VALUES (4718606,
	4718601,
	4718597,
	4718596,
	0);
INSERT INTO SM_TXN
	VALUES (4718606,
	4718601,
	4718601,
	0);
INSERT INTO SM_NSTXN
	VALUES (4718607,
	4718601,
	4718603,
	4718595,
	0);
INSERT INTO SM_TXN
	VALUES (4718607,
	4718601,
	4718604,
	0);
INSERT INTO SM_NSTXN
	VALUES (4718608,
	4718601,
	4718595,
	4718593,
	0);
INSERT INTO SM_TXN
	VALUES (4718608,
	4718601,
	4718603,
	0);
INSERT INTO SM_NSTXN
	VALUES (4718609,
	4718601,
	4718598,
	4718596,
	0);
INSERT INTO SM_TXN
	VALUES (4718609,
	4718601,
	4718603,
	0);
INSERT INTO SM_NSTXN
	VALUES (4718610,
	4718601,
	4718603,
	4718593,
	0);
INSERT INTO SM_TXN
	VALUES (4718610,
	4718601,
	4718605,
	0);
INSERT INTO SM_NSTXN
	VALUES (4718611,
	4718601,
	4718604,
	4718596,
	0);
INSERT INTO SM_TXN
	VALUES (4718611,
	4718601,
	4718605,
	0);
INSERT INTO GD_MD
	VALUES (4718593,
	8,
	4718601,
	40,
	1,
	0,
	1,
	1,
	0,
	12,
	994,
	3315,
	0.401401,
	0);
INSERT INTO GD_GE
	VALUES (4718594,
	4718593,
	4718593,
	41);
INSERT INTO GD_SHP
	VALUES (4718594,
	1520,
	1216,
	2032,
	1360);
INSERT INTO GD_GE
	VALUES (4718595,
	4718593,
	4718594,
	41);
INSERT INTO GD_SHP
	VALUES (4718595,
	2160,
	1216,
	2464,
	1328);
INSERT INTO GD_GE
	VALUES (4718596,
	4718593,
	4718595,
	41);
INSERT INTO GD_SHP
	VALUES (4718596,
	1520,
	2080,
	2032,
	2272);
INSERT INTO GD_GE
	VALUES (4718597,
	4718593,
	4718596,
	41);
INSERT INTO GD_SHP
	VALUES (4718597,
	1520,
	1408,
	2032,
	1584);
INSERT INTO GD_GE
	VALUES (4718598,
	4718593,
	4718597,
	41);
INSERT INTO GD_SHP
	VALUES (4718598,
	2160,
	1408,
	2464,
	1520);
INSERT INTO GD_GE
	VALUES (4718599,
	4718593,
	4718598,
	41);
INSERT INTO GD_SHP
	VALUES (4718599,
	2160,
	2080,
	2464,
	2192);
INSERT INTO GD_GE
	VALUES (4718600,
	4718593,
	4718599,
	41);
INSERT INTO GD_SHP
	VALUES (4718600,
	1520,
	1856,
	2032,
	2032);
INSERT INTO GD_GE
	VALUES (4718601,
	4718593,
	4718600,
	41);
INSERT INTO GD_SHP
	VALUES (4718601,
	2160,
	1856,
	2464,
	1968);
INSERT INTO GD_GE
	VALUES (4718602,
	4718593,
	4718601,
	41);
INSERT INTO GD_SHP
	VALUES (4718602,
	1520,
	1632,
	2032,
	1808);
INSERT INTO GD_GE
	VALUES (4718603,
	4718593,
	4718602,
	41);
INSERT INTO GD_SHP
	VALUES (4718603,
	2160,
	1632,
	2464,
	1744);
INSERT INTO GD_GE
	VALUES (4718604,
	4718593,
	4718603,
	41);
INSERT INTO GD_SHP
	VALUES (4718604,
	1526,
	2326,
	2038,
	2502);
INSERT INTO GD_GE
	VALUES (4718605,
	4718593,
	4718604,
	41);
INSERT INTO GD_SHP
	VALUES (4718605,
	2166,
	2326,
	2470,
	2438);
INSERT INTO GD_GE
	VALUES (4718606,
	4718593,
	4718605,
	41);
INSERT INTO GD_SHP
	VALUES (4718606,
	1526,
	2550,
	2038,
	2662);
INSERT INTO GD_GE
	VALUES (4718607,
	4718593,
	4718593,
	42);
INSERT INTO GD_CON
	VALUES (4718607,
	4718594,
	4718595,
	0);
INSERT INTO GD_CTXT
	VALUES (4718607,
	0,
	0,
	0,
	0,
	0,
	0,
	2051,
	1269,
	2143,
	1287,
	-45,
	5,
	0,
	0,
	0,
	0,
	0,
	0);
INSERT INTO GD_LS
	VALUES (4718608,
	4718607,
	2032,
	1264,
	2160,
	1264,
	0);
INSERT INTO GD_GE
	VALUES (4718609,
	4718593,
	4718594,
	42);
INSERT INTO GD_CON
	VALUES (4718609,
	4718594,
	0,
	0);
INSERT INTO GD_CTXT
	VALUES (4718609,
	0,
	0,
	0,
	0,
	0,
	0,
	1785,
	1155,
	1868,
	1198,
	25,
	-6,
	0,
	0,
	0,
	0,
	0,
	0);
INSERT INTO GD_LS
	VALUES (4718610,
	4718609,
	1776,
	1216,
	1776,
	1136,
	0);
INSERT INTO GD_GE
	VALUES (4718611,
	4718593,
	4718597,
	42);
INSERT INTO GD_CON
	VALUES (4718611,
	4718594,
	4718597,
	0);
INSERT INTO GD_CTXT
	VALUES (4718611,
	0,
	0,
	0,
	0,
	0,
	0,
	1804,
	1383,
	1877,
	1415,
	28,
	-1,
	0,
	0,
	0,
	0,
	0,
	0);
INSERT INTO GD_LS
	VALUES (4718612,
	4718611,
	1776,
	1360,
	1776,
	1408,
	0);
INSERT INTO GD_GE
	VALUES (4718613,
	4718593,
	4718595,
	42);
INSERT INTO GD_CON
	VALUES (4718613,
	4718597,
	4718598,
	0);
INSERT INTO GD_CTXT
	VALUES (4718613,
	0,
	0,
	0,
	0,
	0,
	0,
	2058,
	1460,
	2146,
	1478,
	-38,
	4,
	0,
	0,
	0,
	0,
	0,
	0);
INSERT INTO GD_LS
	VALUES (4718614,
	4718613,
	2032,
	1456,
	2160,
	1456,
	0);
INSERT INTO GD_GE
	VALUES (4718615,
	4718593,
	4718596,
	42);
INSERT INTO GD_CON
	VALUES (4718615,
	4718596,
	4718599,
	0);
INSERT INTO GD_CTXT
	VALUES (4718615,
	0,
	0,
	0,
	0,
	0,
	0,
	2052,
	2150,
	2141,
	2168,
	-44,
	6,
	0,
	0,
	0,
	0,
	0,
	0);
INSERT INTO GD_LS
	VALUES (4718616,
	4718615,
	2032,
	2144,
	2160,
	2144,
	0);
INSERT INTO GD_GE
	VALUES (4718617,
	4718593,
	4718598,
	42);
INSERT INTO GD_CON
	VALUES (4718617,
	4718595,
	4718597,
	0);
INSERT INTO GD_CTXT
	VALUES (4718617,
	0,
	0,
	0,
	0,
	0,
	0,
	2116,
	1374,
	2210,
	1392,
	20,
	6,
	0,
	0,
	0,
	0,
	0,
	0);
INSERT INTO GD_LS
	VALUES (4718618,
	4718617,
	2165,
	1323,
	2027,
	1413,
	0);
INSERT INTO GD_GE
	VALUES (4718619,
	4718593,
	4718599,
	42);
INSERT INTO GD_CON
	VALUES (4718619,
	4718600,
	4718601,
	0);
INSERT INTO GD_CTXT
	VALUES (4718619,
	0,
	0,
	0,
	0,
	0,
	0,
	2056,
	1908,
	2144,
	1926,
	-40,
	4,
	0,
	0,
	0,
	0,
	0,
	0);
INSERT INTO GD_LS
	VALUES (4718620,
	4718619,
	2032,
	1904,
	2160,
	1904,
	0);
INSERT INTO GD_GE
	VALUES (4718621,
	4718593,
	4718600,
	42);
INSERT INTO GD_CON
	VALUES (4718621,
	4718601,
	4718596,
	0);
INSERT INTO GD_CTXT
	VALUES (4718621,
	0,
	0,
	0,
	0,
	0,
	0,
	2121,
	2030,
	2220,
	2048,
	25,
	6,
	0,
	0,
	0,
	0,
	0,
	0);
INSERT INTO GD_LS
	VALUES (4718622,
	4718621,
	2165,
	1963,
	2027,
	2085,
	0);
INSERT INTO GD_GE
	VALUES (4718623,
	4718593,
	4718604,
	42);
INSERT INTO GD_CON
	VALUES (4718623,
	4718600,
	4718596,
	0);
INSERT INTO GD_CTXT
	VALUES (4718623,
	0,
	0,
	0,
	0,
	0,
	0,
	1802,
	2053,
	1876,
	2085,
	26,
	-3,
	0,
	0,
	0,
	0,
	0,
	0);
INSERT INTO GD_LS
	VALUES (4718624,
	4718623,
	1776,
	2032,
	1776,
	2080,
	0);
INSERT INTO GD_GE
	VALUES (4718625,
	4718593,
	4718601,
	42);
INSERT INTO GD_CON
	VALUES (4718625,
	4718602,
	4718603,
	0);
INSERT INTO GD_CTXT
	VALUES (4718625,
	0,
	0,
	0,
	0,
	0,
	0,
	2054,
	1685,
	2146,
	1703,
	-42,
	5,
	0,
	0,
	0,
	0,
	0,
	0);
INSERT INTO GD_LS
	VALUES (4718626,
	4718625,
	2032,
	1680,
	2160,
	1680,
	0);
INSERT INTO GD_GE
	VALUES (4718627,
	4718593,
	4718606,
	42);
INSERT INTO GD_CON
	VALUES (4718627,
	4718598,
	4718602,
	0);
INSERT INTO GD_CTXT
	VALUES (4718627,
	0,
	0,
	0,
	0,
	0,
	0,
	2125,
	1576,
	2223,
	1594,
	29,
	0,
	0,
	0,
	0,
	0,
	0,
	0);
INSERT INTO GD_LS
	VALUES (4718628,
	4718627,
	2165,
	1515,
	2027,
	1637,
	0);
INSERT INTO GD_GE
	VALUES (4718629,
	4718593,
	4718605,
	42);
INSERT INTO GD_CON
	VALUES (4718629,
	4718603,
	4718600,
	0);
INSERT INTO GD_CTXT
	VALUES (4718629,
	0,
	0,
	0,
	0,
	0,
	0,
	2121,
	1805,
	2233,
	1823,
	25,
	5,
	0,
	0,
	0,
	0,
	0,
	0);
INSERT INTO GD_LS
	VALUES (4718630,
	4718629,
	2165,
	1739,
	2027,
	1861,
	0);
INSERT INTO GD_GE
	VALUES (4718631,
	4718593,
	4718602,
	42);
INSERT INTO GD_CON
	VALUES (4718631,
	4718597,
	4718602,
	0);
INSERT INTO GD_CTXT
	VALUES (4718631,
	0,
	0,
	0,
	0,
	0,
	0,
	1803,
	1605,
	1876,
	1637,
	27,
	-3,
	0,
	0,
	0,
	0,
	0,
	0);
INSERT INTO GD_LS
	VALUES (4718632,
	4718631,
	1776,
	1584,
	1776,
	1632,
	0);
INSERT INTO GD_GE
	VALUES (4718633,
	4718593,
	4718603,
	42);
INSERT INTO GD_CON
	VALUES (4718633,
	4718602,
	4718600,
	0);
INSERT INTO GD_CTXT
	VALUES (4718633,
	0,
	0,
	0,
	0,
	0,
	0,
	1800,
	1831,
	1874,
	1863,
	24,
	-1,
	0,
	0,
	0,
	0,
	0,
	0);
INSERT INTO GD_LS
	VALUES (4718634,
	4718633,
	1776,
	1808,
	1776,
	1856,
	0);
INSERT INTO GD_GE
	VALUES (4718635,
	4718593,
	4718607,
	42);
INSERT INTO GD_CON
	VALUES (4718635,
	4718604,
	4718605,
	0);
INSERT INTO GD_CTXT
	VALUES (4718635,
	0,
	0,
	0,
	0,
	0,
	0,
	2058,
	2390,
	2147,
	2408,
	-44,
	6,
	0,
	0,
	0,
	0,
	0,
	0);
INSERT INTO GD_LS
	VALUES (4718636,
	4718635,
	2038,
	2384,
	2166,
	2384,
	0);
INSERT INTO GD_GE
	VALUES (4718637,
	4718593,
	4718608,
	42);
INSERT INTO GD_CON
	VALUES (4718637,
	4718596,
	4718604,
	0);
INSERT INTO GD_CTXT
	VALUES (4718637,
	0,
	0,
	0,
	0,
	0,
	0,
	1793,
	2285,
	1910,
	2303,
	17,
	-14,
	0,
	0,
	0,
	0,
	0,
	0);
INSERT INTO GD_LS
	VALUES (4718638,
	4718637,
	1776,
	2272,
	1776,
	2326,
	0);
INSERT INTO GD_GE
	VALUES (4718639,
	4718593,
	4718609,
	42);
INSERT INTO GD_CON
	VALUES (4718639,
	4718599,
	4718604,
	0);
INSERT INTO GD_CTXT
	VALUES (4718639,
	0,
	0,
	0,
	0,
	0,
	0,
	2112,
	2260,
	2229,
	2278,
	5,
	-4,
	0,
	0,
	0,
	0,
	0,
	0);
INSERT INTO GD_LS
	VALUES (4718640,
	4718639,
	2176,
	2192,
	2037,
	2336,
	0);
INSERT INTO GD_GE
	VALUES (4718641,
	4718593,
	4718610,
	42);
INSERT INTO GD_CON
	VALUES (4718641,
	4718604,
	4718606,
	0);
INSERT INTO GD_CTXT
	VALUES (4718641,
	0,
	0,
	0,
	0,
	0,
	0,
	1789,
	2514,
	1906,
	2532,
	13,
	-12,
	0,
	0,
	0,
	0,
	0,
	0);
INSERT INTO GD_LS
	VALUES (4718642,
	4718641,
	1776,
	2502,
	1776,
	2550,
	0);
INSERT INTO GD_GE
	VALUES (4718643,
	4718593,
	4718611,
	42);
INSERT INTO GD_CON
	VALUES (4718643,
	4718605,
	4718606,
	0);
INSERT INTO GD_CTXT
	VALUES (4718643,
	0,
	0,
	0,
	0,
	0,
	0,
	2115,
	2493,
	2232,
	2511,
	8,
	-5,
	0,
	0,
	0,
	0,
	0,
	0);
INSERT INTO GD_LS
	VALUES (4718644,
	4718643,
	2176,
	2437,
	2037,
	2560,
	0);
INSERT INTO O_OBJ
	VALUES (1048583,
	'Init',
	7,
	'INIT',
	'',
	1048578);
INSERT INTO O_NBATTR
	VALUES (1048595,
	1048583);
INSERT INTO O_BATTR
	VALUES (1048595,
	1048583);
INSERT INTO O_ATTR
	VALUES (1048595,
	1048583,
	0,
	'current_state',
	'',
	'',
	'current_state',
	0,
	524295);
INSERT INTO SM_ISM
	VALUES (5242890,
	1048583);
INSERT INTO SM_SM
	VALUES (5242890,
	'',
	10);
INSERT INTO SM_MOORE
	VALUES (5242890);
INSERT INTO SM_LEVT
	VALUES (5242883,
	5242890,
	0);
INSERT INTO SM_SEVT
	VALUES (5242883,
	5242890,
	0);
INSERT INTO SM_EVT
	VALUES (5242883,
	5242890,
	0,
	1,
	'init',
	0,
	'',
	'INIT1',
	'');
INSERT INTO SM_STATE
	VALUES (5242881,
	5242890,
	0,
	'One',
	1,
	0);
INSERT INTO SM_EIGN
	VALUES (5242881,
	5242883,
	5242890,
	0,
	'');
INSERT INTO SM_SEME
	VALUES (5242881,
	5242883,
	5242890,
	0);
INSERT INTO SM_MOAH
	VALUES (5242881,
	5242890,
	5242881);
INSERT INTO SM_AH
	VALUES (5242881,
	5242890);
INSERT INTO SM_ACT
	VALUES (5242881,
	5242890,
	1,
	'create object instance spa of S_P;
spa.x = 1;
create object instance sba of S_BA;
sba.x = 2;
relate spa to sba across R1;

create object instance spb of S_P;
spb.x = 3;
create object instance sbb of S_BB;
sbb.x = 4;
relate spb to sbb across R1;

create object instance ra of S_R;
ra.x = 5;
create object instance asa of S_AS;
asa.x = 6;
relate spa to ra across R2 using asa;

create object instance rb of S_R;
rb.x = 7;
create object instance asb of S_AS;
asb.x = 8;
relate spb to rb across R2 using asb;

//  Used to be state: ''2. Two''.
create object instance spa of S_P;
spa.x = 11;
create object instance sba of S_BA;
sba.x = 12;
relate spa to sba across R1;

create object instance spb of S_P;
spb.x = 13;
create object instance sbb of S_BB;
sbb.x = 14;
relate spb to sbb across R1;

create object instance ra of S_R;
ra.x = 15;
create object instance asa of S_AS;
asa.x = 16;
relate spa to ra across R2 using asa;

create object instance rb of S_R;
rb.x = 17;
create object instance asb of S_AS;
asb.x = 18;
relate spb to rb across R2 using asb;

// Used to be state: ''3. Finish''.
generate S_D0:''Start'' to S_D creator;',
	'');
INSERT INTO SM_CRTXN
	VALUES (5242884,
	5242890,
	5242883,
	5242882);
INSERT INTO SM_TXN
	VALUES (5242884,
	5242890,
	5242881,
	0);
INSERT INTO GD_MD
	VALUES (5242881,
	8,
	5242890,
	40,
	1,
	0,
	1,
	1,
	0,
	12,
	1348,
	4257,
	1.000000,
	0);
INSERT INTO GD_GE
	VALUES (5242882,
	5242881,
	5242881,
	41);
INSERT INTO GD_SHP
	VALUES (5242882,
	1632,
	1232,
	1904,
	1696);
INSERT INTO GD_GE
	VALUES (5242892,
	5242881,
	5242884,
	42);
INSERT INTO GD_CON
	VALUES (5242892,
	5242882,
	0,
	0);
INSERT INTO GD_CTXT
	VALUES (5242892,
	0,
	0,
	0,
	0,
	0,
	0,
	0,
	0,
	0,
	0,
	0,
	0,
	0,
	0,
	0,
	0,
	0,
	0);
INSERT INTO GD_LS
	VALUES (5242893,
	5242892,
	1744,
	1232,
	1744,
	1168,
	0);
INSERT INTO R_SUBSUP
	VALUES (1048577);
INSERT INTO R_REL
	VALUES (1048577,
	1,
	'',
	1048578);
INSERT INTO R_SUPER
	VALUES (1048577,
	1048577,
	1048577);
INSERT INTO R_RTO
	VALUES (1048577,
	1048577,
	1048577,
	0);
INSERT INTO R_OIR
	VALUES (1048577,
	1048577,
	1048577,
	0);
INSERT INTO R_SUB
	VALUES (1048578,
	1048577,
	1048578);
INSERT INTO R_RGO
	VALUES (1048578,
	1048577,
	1048578);
INSERT INTO R_OIR
	VALUES (1048578,
	1048577,
	1048578,
	0);
INSERT INTO R_SUB
	VALUES (1048579,
	1048577,
	1048579);
INSERT INTO R_RGO
	VALUES (1048579,
	1048577,
	1048579);
INSERT INTO R_OIR
	VALUES (1048579,
	1048577,
	1048579,
	0);
INSERT INTO R_ASSOC
	VALUES (1048578);
INSERT INTO R_REL
	VALUES (1048578,
	2,
	'',
	1048578);
INSERT INTO R_AOTH
	VALUES (1048577,
	1048578,
	1048580,
	0,
	0,
	'is related to');
INSERT INTO R_RTO
	VALUES (1048577,
	1048578,
	1048580,
	0);
INSERT INTO R_OIR
	VALUES (1048577,
	1048578,
	1048580,
	0);
INSERT INTO R_AONE
	VALUES (1048580,
	1048578,
	1048581,
	0,
	0,
	'is related to');
INSERT INTO R_RTO
	VALUES (1048580,
	1048578,
	1048581,
	0);
INSERT INTO R_OIR
	VALUES (1048580,
	1048578,
	1048581,
	0);
INSERT INTO R_ASSR
	VALUES (1048581,
	1048578,
	1048582,
	0);
INSERT INTO R_RGO
	VALUES (1048581,
	1048578,
	1048582);
INSERT INTO R_OIR
	VALUES (1048581,
	1048578,
	1048582,
	0);
INSERT INTO GD_MD
	VALUES (1048583,
	5,
	1048578,
	11,
	1,
	0,
	1,
	1,
	0,
	12,
	1468,
	4378,
	0.772188,
	0);
INSERT INTO GD_GE
	VALUES (1048586,
	1048583,
	1048577,
	21);
INSERT INTO GD_SHP
	VALUES (1048586,
	1744,
	1216,
	1968,
	1360);
INSERT INTO GD_GE
	VALUES (1048587,
	1048583,
	1048578,
	21);
INSERT INTO GD_SHP
	VALUES (1048587,
	1616,
	1456,
	1824,
	1600);
INSERT INTO GD_GE
	VALUES (1048588,
	1048583,
	1048579,
	21);
INSERT INTO GD_SHP
	VALUES (1048588,
	1888,
	1456,
	2096,
	1600);
INSERT INTO GD_GE
	VALUES (1048589,
	1048583,
	1048580,
	21);
INSERT INTO GD_SHP
	VALUES (1048589,
	2160,
	1216,
	2384,
	1360);
INSERT INTO GD_GE
	VALUES (1048590,
	1048583,
	1048581,
	21);
INSERT INTO GD_SHP
	VALUES (1048590,
	1952,
	1024,
	2176,
	1184);
INSERT INTO GD_GE
	VALUES (1048591,
	1048583,
	1048582,
	21);
INSERT INTO GD_SHP
	VALUES (1048591,
	1856,
	832,
	2080,
	960);
INSERT INTO GD_GE
	VALUES (1048592,
	1048583,
	1048583,
	21);
INSERT INTO GD_SHP
	VALUES (1048592,
	1600,
	832,
	1824,
	960);
INSERT INTO GD_GE
	VALUES (1048678,
	1048583,
	1048577,
	24);
INSERT INTO GD_CON
	VALUES (1048678,
	1048586,
	0,
	0);
INSERT INTO GD_CTXT
	VALUES (1048678,
	1871,
	1365,
	1988,
	1392,
	12,
	0,
	0,
	0,
	0,
	0,
	0,
	0,
	1848,
	1427,
	1876,
	1446,
	-11,
	3);
INSERT INTO GD_LS
	VALUES (1048679,
	1048678,
	1856,
	1360,
	1856,
	1424,
	0);
INSERT INTO GD_GE
	VALUES (1048680,
	1048583,
	0,
	-1);
INSERT INTO GD_CON
	VALUES (1048680,
	1048587,
	1048678,
	0);
INSERT INTO GD_CTXT
	VALUES (1048680,
	0,
	0,
	0,
	0,
	0,
	0,
	0,
	0,
	0,
	0,
	0,
	0,
	0,
	0,
	0,
	0,
	0,
	0);
INSERT INTO GD_LS
	VALUES (1048681,
	1048680,
	1728,
	1456,
	1728,
	1424,
	0);
INSERT INTO GD_LS
	VALUES (1048682,
	1048680,
	1728,
	1424,
	1856,
	1424,
	1048681);
INSERT INTO GD_GE
	VALUES (1048683,
	1048583,
	0,
	-1);
INSERT INTO GD_CON
	VALUES (1048683,
	1048588,
	1048678,
	0);
INSERT INTO GD_CTXT
	VALUES (1048683,
	0,
	0,
	0,
	0,
	0,
	0,
	0,
	0,
	0,
	0,
	0,
	0,
	0,
	0,
	0,
	0,
	0,
	0);
INSERT INTO GD_LS
	VALUES (1048684,
	1048683,
	1984,
	1456,
	1984,
	1424,
	0);
INSERT INTO GD_LS
	VALUES (1048685,
	1048683,
	1984,
	1424,
	1856,
	1424,
	1048684);
INSERT INTO GD_GE
	VALUES (1048686,
	1048583,
	1048578,
	24);
INSERT INTO GD_CON
	VALUES (1048686,
	1048586,
	1048589,
	1048687);
INSERT INTO GD_CTXT
	VALUES (1048686,
	1971,
	1300,
	2040,
	1318,
	-2,
	1,
	2056,
	1276,
	2106,
	1294,
	-8,
	-20,
	2093,
	1299,
	2163,
	1317,
	-67,
	2);
INSERT INTO GD_LS
	VALUES (1048687,
	1048686,
	1968,
	1296,
	2160,
	1296,
	0);
INSERT INTO GD_GE
	VALUES (1048688,
	1048583,
	0,
	-1);
INSERT INTO GD_CON
	VALUES (1048688,
	1048590,
	1048686,
	0);
INSERT INTO GD_CTXT
	VALUES (1048688,
	0,
	0,
	0,
	0,
	0,
	0,
	0,
	0,
	0,
	0,
	0,
	0,
	0,
	0,
	0,
	0,
	0,
	0);
INSERT INTO GD_LS
	VALUES (1048689,
	1048688,
	2080,
	1184,
	2080,
	1296,
	0);
INSERT INTO S_SS
	VALUES (5767179,
	'Subtype Chain',
	'',
	'C',
	100,
	88977,
	5767179);
INSERT INTO O_OBJ
	VALUES (5767169,
	'Subtype A',
	100,
	'C_A',
	'',
	5767179);
INSERT INTO O_NBATTR
	VALUES (5767169,
	5767169);
INSERT INTO O_BATTR
	VALUES (5767169,
	5767169);
INSERT INTO O_ATTR
	VALUES (5767169,
	5767169,
	0,
	'x',
	'',
	'',
	'x',
	0,
	524291);
INSERT INTO O_NBATTR
	VALUES (5767170,
	5767169);
INSERT INTO O_BATTR
	VALUES (5767170,
	5767169);
INSERT INTO O_ATTR
	VALUES (5767170,
	5767169,
	5767169,
	'current_state',
	'',
	'',
	'current_state',
	0,
	524295);
INSERT INTO O_REF
	VALUES (5767169,
	5767172,
	0,
	5767178,
	5767170,
	5767173,
	5767172,
	5767171,
	5767169,
	0,
	0,
	'');
INSERT INTO O_RATTR
	VALUES (5767171,
	5767169,
	5767178,
	5767172,
	1);
INSERT INTO O_ATTR
	VALUES (5767171,
	5767169,
	5767170,
	'id',
	'',
	'',
	'id',
	0,
	524296);
INSERT INTO O_ID
	VALUES (0,
	5767169);
INSERT INTO O_OIDA
	VALUES (5767171,
	5767169,
	0);
INSERT INTO O_RTIDA
	VALUES (5767171,
	5767169,
	0,
	5767169,
	5767169);
INSERT INTO SM_ISM
	VALUES (6291468,
	5767169);
INSERT INTO SM_SM
	VALUES (6291468,
	'',
	12);
INSERT INTO SM_MOORE
	VALUES (6291468);
INSERT INTO SM_EVTDI
	VALUES (6291457,
	6291468,
	'key',
	'',
	524293);
INSERT INTO SM_EVTDI
	VALUES (6291458,
	6291468,
	'instance',
	'',
	524291);
INSERT INTO SM_EVTDI
	VALUES (267111354,
	6291468,
	'key',
	'',
	524293);
INSERT INTO SM_EVTDI
	VALUES (168060814,
	6291468,
	'instance',
	'',
	524291);
INSERT INTO SM_PEVT
	VALUES (6291457,
	6291468,
	0);
INSERT INTO SM_EVT
	VALUES (6291457,
	6291468,
	0,
	1,
	'Poly A',
	0,
	'',
	'C_A1',
	'');
INSERT INTO SM_LEVT
	VALUES (6291458,
	6291468,
	0);
INSERT INTO SM_SEVT
	VALUES (6291458,
	6291468,
	0);
INSERT INTO SM_EVT
	VALUES (6291458,
	6291468,
	0,
	3,
	'Return',
	0,
	'',
	'C_A3',
	'');
INSERT INTO SM_LEVT
	VALUES (6291459,
	6291468,
	0);
INSERT INTO SM_SEVT
	VALUES (6291459,
	6291468,
	0);
INSERT INTO SM_EVT
	VALUES (6291459,
	6291468,
	0,
	2,
	'Local',
	0,
	'',
	'C_A2',
	'');
INSERT INTO SM_NLEVT
	VALUES (6291461,
	6291468,
	0,
	7864323,
	7864335,
	0,
	'');
INSERT INTO SM_SEVT
	VALUES (6291461,
	6291468,
	0);
INSERT INTO SM_EVT
	VALUES (6291461,
	6291468,
	0,
	0,
	'Poly S2',
	0,
	'',
	'C_S3*',
	'');
INSERT INTO SM_NLEVT
	VALUES (6291462,
	6291468,
	0,
	7864324,
	7864335,
	0,
	'');
INSERT INTO SM_SEVT
	VALUES (6291462,
	6291468,
	0);
INSERT INTO SM_EVT
	VALUES (6291462,
	6291468,
	0,
	0,
	'Poly S3',
	0,
	'',
	'C_S4*',
	'');
INSERT INTO SM_STATE
	VALUES (6291457,
	6291468,
	0,
	'One',
	1,
	0);
INSERT INTO SM_EIGN
	VALUES (6291457,
	6291458,
	6291468,
	0,
	'');
INSERT INTO SM_SEME
	VALUES (6291457,
	6291458,
	6291468,
	0);
INSERT INTO SM_SEME
	VALUES (6291457,
	6291459,
	6291468,
	0);
INSERT INTO SM_EIGN
	VALUES (6291457,
	6291461,
	6291468,
	0,
	'');
INSERT INTO SM_SEME
	VALUES (6291457,
	6291461,
	6291468,
	0);
INSERT INTO SM_EIGN
	VALUES (6291457,
	6291462,
	6291468,
	0,
	'');
INSERT INTO SM_SEME
	VALUES (6291457,
	6291462,
	6291468,
	0);
INSERT INTO SM_MOAH
	VALUES (6291457,
	6291468,
	6291457);
INSERT INTO SM_AH
	VALUES (6291457,
	6291468);
INSERT INTO SM_ACT
	VALUES (6291457,
	6291468,
	1,
	'LOG::LogInfo(message:"C_A.One:  Waiting for events");

select any driver from instances of C_D; 
generate C_D1:''ACK success'' to driver;
',
	'');
INSERT INTO SM_STATE
	VALUES (6291458,
	6291468,
	0,
	'Two',
	2,
	0);
INSERT INTO SM_EIGN
	VALUES (6291458,
	6291458,
	6291468,
	0,
	'');
INSERT INTO SM_SEME
	VALUES (6291458,
	6291458,
	6291468,
	0);
INSERT INTO SM_EIGN
	VALUES (6291458,
	6291459,
	6291468,
	0,
	'');
INSERT INTO SM_SEME
	VALUES (6291458,
	6291459,
	6291468,
	0);
INSERT INTO SM_SEME
	VALUES (6291458,
	6291461,
	6291468,
	0);
INSERT INTO SM_EIGN
	VALUES (6291458,
	6291462,
	6291468,
	0,
	'');
INSERT INTO SM_SEME
	VALUES (6291458,
	6291462,
	6291468,
	0);
INSERT INTO SM_MOAH
	VALUES (6291458,
	6291468,
	6291458);
INSERT INTO SM_AH
	VALUES (6291458,
	6291468);
INSERT INTO SM_ACT
	VALUES (6291458,
	6291468,
	1,
	'LOG::LogInfo(message:"C_A.Two: Received event Local.  Entered Subtype A.Two");

if (rcvd_evt.key == "C_A")
	LOG::LogSuccess(message:"C_A.Two: Received valid key for self");
else
	LOG::LogFailure(message:"C_A.Two: Received invalid key");
end if;

if (rcvd_evt.instance == self.x)	
	LOG::LogSuccess(message:"C_A.Two: Received valid instance number");
else
	LOG::LogFailure(message:"C_A.Two: Received invalid instance number");
end if;

generate C_S3*(instance:rcvd_evt.instance, key:rcvd_evt.key) to self;
',
	'');
INSERT INTO SM_STATE
	VALUES (6291459,
	6291468,
	0,
	'Three',
	3,
	0);
INSERT INTO SM_SEME
	VALUES (6291459,
	6291458,
	6291468,
	0);
INSERT INTO SM_EIGN
	VALUES (6291459,
	6291459,
	6291468,
	0,
	'');
INSERT INTO SM_SEME
	VALUES (6291459,
	6291459,
	6291468,
	0);
INSERT INTO SM_EIGN
	VALUES (6291459,
	6291461,
	6291468,
	0,
	'');
INSERT INTO SM_SEME
	VALUES (6291459,
	6291461,
	6291468,
	0);
INSERT INTO SM_EIGN
	VALUES (6291459,
	6291462,
	6291468,
	0,
	'');
INSERT INTO SM_SEME
	VALUES (6291459,
	6291462,
	6291468,
	0);
INSERT INTO SM_MOAH
	VALUES (6291459,
	6291468,
	6291459);
INSERT INTO SM_AH
	VALUES (6291459,
	6291468);
INSERT INTO SM_ACT
	VALUES (6291459,
	6291468,
	1,
	'LOG::LogInfo(message:"C_A.Three: Received event Local.  Entered Subtype A.Three");

if (rcvd_evt.key == "C_A")
	LOG::LogSuccess(message:"C_A.Three: Received valid key for self");
else
	LOG::LogFailure(message:"C_A.Three: Received invalid key");
end if;

if (rcvd_evt.instance == self.x)	
	LOG::LogSuccess(message:"C_A.Three: Received valid instance number");
else
	LOG::LogFailure(message:"C_A.Three: Received invalid instance number");
end if;

generate C_A3:''Return'' to self;',
	'');
INSERT INTO SM_NSTXN
	VALUES (6291458,
	6291468,
	6291457,
	6291459,
	0);
INSERT INTO SM_TXN
	VALUES (6291458,
	6291468,
	6291458,
	0);
INSERT INTO SM_NSTXN
	VALUES (6291460,
	6291468,
	6291459,
	6291458,
	0);
INSERT INTO SM_TXN
	VALUES (6291460,
	6291468,
	6291457,
	0);
INSERT INTO SM_NSTXN
	VALUES (6291459,
	6291468,
	6291458,
	6291461,
	0);
INSERT INTO SM_TXN
	VALUES (6291459,
	6291468,
	6291459,
	0);
INSERT INTO GD_MD
	VALUES (6291457,
	8,
	6291468,
	40,
	1,
	0,
	1,
	1,
	0,
	12,
	1793,
	4344,
	0.750000,
	0);
INSERT INTO GD_GE
	VALUES (6291458,
	6291457,
	6291457,
	41);
INSERT INTO GD_SHP
	VALUES (6291458,
	1842,
	1000,
	2346,
	1120);
INSERT INTO GD_GE
	VALUES (6291459,
	6291457,
	6291458,
	41);
INSERT INTO GD_SHP
	VALUES (6291459,
	1850,
	1184,
	2346,
	1456);
INSERT INTO GD_GE
	VALUES (6291464,
	6291457,
	6291459,
	41);
INSERT INTO GD_SHP
	VALUES (6291464,
	2528,
	1008,
	2736,
	1456);
INSERT INTO GD_GE
	VALUES (6291462,
	6291457,
	6291458,
	42);
INSERT INTO GD_CON
	VALUES (6291462,
	6291458,
	6291459,
	0);
INSERT INTO GD_CTXT
	VALUES (6291462,
	0,
	0,
	0,
	0,
	0,
	0,
	1943,
	1132,
	2060,
	1164,
	7,
	-20,
	0,
	0,
	0,
	0,
	0,
	0);
INSERT INTO GD_LS
	VALUES (6291463,
	6291462,
	1936,
	1120,
	1936,
	1184,
	0);
INSERT INTO GD_GE
	VALUES (6291465,
	6291457,
	6291459,
	42);
INSERT INTO GD_CON
	VALUES (6291465,
	6291459,
	6291464,
	0);
INSERT INTO GD_CTXT
	VALUES (6291465,
	0,
	0,
	0,
	0,
	0,
	0,
	0,
	0,
	0,
	0,
	0,
	0,
	0,
	0,
	0,
	0,
	0,
	0);
INSERT INTO GD_LS
	VALUES (6291466,
	6291465,
	2346,
	1312,
	2528,
	1312,
	0);
INSERT INTO GD_GE
	VALUES (6291467,
	6291457,
	6291460,
	42);
INSERT INTO GD_CON
	VALUES (6291467,
	6291464,
	6291458,
	0);
INSERT INTO GD_CTXT
	VALUES (6291467,
	0,
	0,
	0,
	0,
	0,
	0,
	0,
	0,
	0,
	0,
	0,
	0,
	0,
	0,
	0,
	0,
	0,
	0);
INSERT INTO GD_LS
	VALUES (6291468,
	6291467,
	2528,
	1056,
	2346,
	1056,
	0);
INSERT INTO O_OBJ
	VALUES (5767170,
	'Subtype AA',
	101,
	'C_AA',
	'',
	5767179);
INSERT INTO O_NBATTR
	VALUES (5767172,
	5767170);
INSERT INTO O_BATTR
	VALUES (5767172,
	5767170);
INSERT INTO O_ATTR
	VALUES (5767172,
	5767170,
	0,
	'x',
	'',
	'',
	'x',
	0,
	524291);
INSERT INTO O_NBATTR
	VALUES (5767173,
	5767170);
INSERT INTO O_BATTR
	VALUES (5767173,
	5767170);
INSERT INTO O_ATTR
	VALUES (5767173,
	5767170,
	5767172,
	'current_state',
	'',
	'',
	'current_state',
	0,
	524295);
INSERT INTO O_REF
	VALUES (5767170,
	5767169,
	0,
	5767171,
	5767169,
	5767171,
	5767169,
	5767174,
	5767170,
	0,
	0,
	'');
INSERT INTO O_RATTR
	VALUES (5767174,
	5767170,
	5767178,
	5767172,
	1);
INSERT INTO O_ATTR
	VALUES (5767174,
	5767170,
	5767173,
	'id',
	'',
	'',
	'id',
	0,
	524296);
INSERT INTO O_ID
	VALUES (0,
	5767170);
INSERT INTO O_OIDA
	VALUES (5767174,
	5767170,
	0);
INSERT INTO SM_ISM
	VALUES (6815757,
	5767170);
INSERT INTO SM_SM
	VALUES (6815757,
	'',
	13);
INSERT INTO SM_MOORE
	VALUES (6815757);
INSERT INTO SM_EVTDI
	VALUES (6815745,
	6815757,
	'instance',
	'',
	524291);
INSERT INTO SM_EVTDI
	VALUES (6815746,
	6815757,
	'key',
	'',
	524293);
INSERT INTO SM_LEVT
	VALUES (6815745,
	6815757,
	0);
INSERT INTO SM_SEVT
	VALUES (6815745,
	6815757,
	0);
INSERT INTO SM_EVT
	VALUES (6815745,
	6815757,
	0,
	0,
	'Return',
	0,
	'',
	'C_AA0',
	'');
INSERT INTO SM_LEVT
	VALUES (6815746,
	6815757,
	0);
INSERT INTO SM_SEVT
	VALUES (6815746,
	6815757,
	0);
INSERT INTO SM_EVT
	VALUES (6815746,
	6815757,
	0,
	1,
	'Local One',
	0,
	'',
	'C_AA1',
	'');
INSERT INTO SM_NLEVT
	VALUES (6815747,
	6815757,
	0,
	6291457,
	6291468,
	0,
	'');
INSERT INTO SM_SEVT
	VALUES (6815747,
	6815757,
	0);
INSERT INTO SM_EVT
	VALUES (6815747,
	6815757,
	0,
	0,
	'Poly A',
	0,
	'',
	'C_A1*',
	'');
INSERT INTO SM_NLEVT
	VALUES (6815748,
	6815757,
	0,
	7864321,
	7864335,
	0,
	'');
INSERT INTO SM_SEVT
	VALUES (6815748,
	6815757,
	0);
INSERT INTO SM_EVT
	VALUES (6815748,
	6815757,
	0,
	0,
	'Poly S',
	0,
	'',
	'C_S1*',
	'');
INSERT INTO SM_STATE
	VALUES (6815745,
	6815757,
	0,
	'One',
	1,
	0);
INSERT INTO SM_EIGN
	VALUES (6815745,
	6815745,
	6815757,
	0,
	'');
INSERT INTO SM_SEME
	VALUES (6815745,
	6815745,
	6815757,
	0);
INSERT INTO SM_SEME
	VALUES (6815745,
	6815746,
	6815757,
	0);
INSERT INTO SM_SEME
	VALUES (6815745,
	6815747,
	6815757,
	0);
INSERT INTO SM_SEME
	VALUES (6815745,
	6815748,
	6815757,
	0);
INSERT INTO SM_MOAH
	VALUES (6815745,
	6815757,
	6815745);
INSERT INTO SM_AH
	VALUES (6815745,
	6815757);
INSERT INTO SM_ACT
	VALUES (6815745,
	6815757,
	1,
	'LOG::LogInfo(message:"C_AA.One:  Waiting for events");

select any driver from instances of C_D; 
generate C_D1:''ACK success'' to driver;
',
	'');
INSERT INTO SM_STATE
	VALUES (6815746,
	6815757,
	0,
	'Two',
	2,
	0);
INSERT INTO SM_SEME
	VALUES (6815746,
	6815745,
	6815757,
	0);
INSERT INTO SM_EIGN
	VALUES (6815746,
	6815746,
	6815757,
	0,
	'');
INSERT INTO SM_SEME
	VALUES (6815746,
	6815746,
	6815757,
	0);
INSERT INTO SM_EIGN
	VALUES (6815746,
	6815747,
	6815757,
	0,
	'');
INSERT INTO SM_SEME
	VALUES (6815746,
	6815747,
	6815757,
	0);
INSERT INTO SM_EIGN
	VALUES (6815746,
	6815748,
	6815757,
	0,
	'');
INSERT INTO SM_SEME
	VALUES (6815746,
	6815748,
	6815757,
	0);
INSERT INTO SM_MOAH
	VALUES (6815746,
	6815757,
	6815746);
INSERT INTO SM_AH
	VALUES (6815746,
	6815757);
INSERT INTO SM_ACT
	VALUES (6815746,
	6815757,
	1,
	'LOG::LogInfo(message:"C_AA.Two: Received event Poly S.  Entered Subtype AA.Two");

if (rcvd_evt.key == "C_AA")
	LOG::LogSuccess(message:"C_AA.Two: Received valid key for self");
else
	LOG::LogFailure(message:"C_AA.Two: Received invalid key");
end if;

if (rcvd_evt.instance == self.x)	
	LOG::LogSuccess(message:"C_AA.Two: Received valid instance number");
else
	LOG::LogFailure(message:"C_AA.Two: Received invalid instance number");
end if;

generate C_AA0 to self;
',
	'Verifies that the event data is valid and logs the results.');
INSERT INTO SM_STATE
	VALUES (6815747,
	6815757,
	0,
	'Three',
	3,
	0);
INSERT INTO SM_SEME
	VALUES (6815747,
	6815745,
	6815757,
	0);
INSERT INTO SM_EIGN
	VALUES (6815747,
	6815746,
	6815757,
	0,
	'');
INSERT INTO SM_SEME
	VALUES (6815747,
	6815746,
	6815757,
	0);
INSERT INTO SM_EIGN
	VALUES (6815747,
	6815747,
	6815757,
	0,
	'');
INSERT INTO SM_SEME
	VALUES (6815747,
	6815747,
	6815757,
	0);
INSERT INTO SM_EIGN
	VALUES (6815747,
	6815748,
	6815757,
	0,
	'');
INSERT INTO SM_SEME
	VALUES (6815747,
	6815748,
	6815757,
	0);
INSERT INTO SM_MOAH
	VALUES (6815747,
	6815757,
	6815747);
INSERT INTO SM_AH
	VALUES (6815747,
	6815757);
INSERT INTO SM_ACT
	VALUES (6815747,
	6815757,
	1,
	'LOG::LogInfo(message:"C_AA.Three: Received event Poly A.  Entered Subtype A.Three");

if (rcvd_evt.key == "C_AA")
	LOG::LogSuccess(message:"C_AA.Three: Received valid key for self");
else
	LOG::LogFailure(message:"C_AA.Three: Received invalid key");
end if;

if (rcvd_evt.instance == self.x)	
	LOG::LogSuccess(message:"C_AA.Three: Received valid instance number");
else
	LOG::LogFailure(message:"C_AA.Three: Received invalid instance number");
end if;

generate C_AA0 to self;
',
	'');
INSERT INTO SM_STATE
	VALUES (6815748,
	6815757,
	0,
	'Four',
	4,
	0);
INSERT INTO SM_SEME
	VALUES (6815748,
	6815745,
	6815757,
	0);
INSERT INTO SM_EIGN
	VALUES (6815748,
	6815746,
	6815757,
	0,
	'');
INSERT INTO SM_SEME
	VALUES (6815748,
	6815746,
	6815757,
	0);
INSERT INTO SM_EIGN
	VALUES (6815748,
	6815747,
	6815757,
	0,
	'');
INSERT INTO SM_SEME
	VALUES (6815748,
	6815747,
	6815757,
	0);
INSERT INTO SM_EIGN
	VALUES (6815748,
	6815748,
	6815757,
	0,
	'');
INSERT INTO SM_SEME
	VALUES (6815748,
	6815748,
	6815757,
	0);
INSERT INTO SM_MOAH
	VALUES (6815748,
	6815757,
	6815748);
INSERT INTO SM_AH
	VALUES (6815748,
	6815757);
INSERT INTO SM_ACT
	VALUES (6815748,
	6815757,
	1,
	'LOG::LogInfo(message:"C_AA.Four: Received event Local One.  Entered Subtype A.Four");

if (rcvd_evt.key == "C_AA")
	LOG::LogSuccess(message:"C_AA.Four: Received valid key for self");
else
	LOG::LogFailure(message:"C_AA.Four: Received invalid key");
end if;

if (rcvd_evt.instance == self.x)	
	LOG::LogSuccess(message:"C_AA.Four: Received valid instance number");
else
	LOG::LogFailure(message:"C_AA.Four: Received invalid instance number");
end if;

generate C_AA0 to self;
',
	'');
INSERT INTO SM_NSTXN
	VALUES (6815745,
	6815757,
	6815746,
	6815745,
	0);
INSERT INTO SM_TXN
	VALUES (6815745,
	6815757,
	6815745,
	0);
INSERT INTO SM_NSTXN
	VALUES (6815746,
	6815757,
	6815747,
	6815745,
	0);
INSERT INTO SM_TXN
	VALUES (6815746,
	6815757,
	6815745,
	0);
INSERT INTO SM_NSTXN
	VALUES (6815747,
	6815757,
	6815745,
	6815746,
	0);
INSERT INTO SM_TXN
	VALUES (6815747,
	6815757,
	6815748,
	0);
INSERT INTO SM_NSTXN
	VALUES (6815748,
	6815757,
	6815748,
	6815745,
	0);
INSERT INTO SM_TXN
	VALUES (6815748,
	6815757,
	6815745,
	0);
INSERT INTO SM_NSTXN
	VALUES (6815749,
	6815757,
	6815745,
	6815747,
	0);
INSERT INTO SM_TXN
	VALUES (6815749,
	6815757,
	6815747,
	0);
INSERT INTO SM_NSTXN
	VALUES (6815750,
	6815757,
	6815745,
	6815748,
	0);
INSERT INTO SM_TXN
	VALUES (6815750,
	6815757,
	6815746,
	0);
INSERT INTO GD_MD
	VALUES (6815745,
	8,
	6815757,
	40,
	1,
	0,
	1,
	1,
	0,
	12,
	1650,
	4120,
	0.845767,
	0);
INSERT INTO GD_GE
	VALUES (6815746,
	6815745,
	6815745,
	41);
INSERT INTO GD_SHP
	VALUES (6815746,
	1672,
	1208,
	2544,
	1328);
INSERT INTO GD_GE
	VALUES (6815747,
	6815745,
	6815746,
	41);
INSERT INTO GD_SHP
	VALUES (6815747,
	1672,
	1392,
	1952,
	1728);
INSERT INTO GD_GE
	VALUES (6815748,
	6815745,
	6815747,
	41);
INSERT INTO GD_SHP
	VALUES (6815748,
	1968,
	1392,
	2256,
	1728);
INSERT INTO GD_GE
	VALUES (6815749,
	6815745,
	6815748,
	41);
INSERT INTO GD_SHP
	VALUES (6815749,
	2272,
	1392,
	2544,
	1728);
INSERT INTO GD_GE
	VALUES (6815750,
	6815745,
	6815750,
	42);
INSERT INTO GD_CON
	VALUES (6815750,
	6815746,
	6815747,
	0);
INSERT INTO GD_CTXT
	VALUES (6815750,
	0,
	0,
	0,
	0,
	0,
	0,
	1847,
	1338,
	1956,
	1370,
	7,
	-22,
	0,
	0,
	0,
	0,
	0,
	0);
INSERT INTO GD_LS
	VALUES (6815751,
	6815750,
	1840,
	1328,
	1840,
	1392,
	0);
INSERT INTO GD_GE
	VALUES (6815752,
	6815745,
	6815745,
	42);
INSERT INTO GD_CON
	VALUES (6815752,
	6815747,
	6815746,
	0);
INSERT INTO GD_CTXT
	VALUES (6815752,
	0,
	0,
	0,
	0,
	0,
	0,
	1715,
	1339,
	1806,
	1357,
	3,
	-21,
	0,
	0,
	0,
	0,
	0,
	0);
INSERT INTO GD_LS
	VALUES (6815753,
	6815752,
	1712,
	1392,
	1712,
	1328,
	0);
INSERT INTO GD_GE
	VALUES (6815754,
	6815745,
	6815746,
	42);
INSERT INTO GD_CON
	VALUES (6815754,
	6815748,
	6815746,
	0);
INSERT INTO GD_CTXT
	VALUES (6815754,
	0,
	0,
	0,
	0,
	0,
	0,
	2135,
	1338,
	2232,
	1356,
	7,
	-22,
	0,
	0,
	0,
	0,
	0,
	0);
INSERT INTO GD_LS
	VALUES (6815755,
	6815754,
	2128,
	1392,
	2128,
	1328,
	0);
INSERT INTO GD_GE
	VALUES (6815756,
	6815745,
	6815749,
	42);
INSERT INTO GD_CON
	VALUES (6815756,
	6815746,
	6815748,
	0);
INSERT INTO GD_CTXT
	VALUES (6815756,
	0,
	0,
	0,
	0,
	0,
	0,
	2008,
	1337,
	2119,
	1369,
	8,
	-23,
	0,
	0,
	0,
	0,
	0,
	0);
INSERT INTO GD_LS
	VALUES (6815757,
	6815756,
	2000,
	1328,
	2000,
	1392,
	0);
INSERT INTO GD_GE
	VALUES (6815758,
	6815745,
	6815747,
	42);
INSERT INTO GD_CON
	VALUES (6815758,
	6815746,
	6815749,
	0);
INSERT INTO GD_CTXT
	VALUES (6815758,
	0,
	0,
	0,
	0,
	0,
	0,
	2327,
	1340,
	2444,
	1372,
	7,
	-20,
	0,
	0,
	0,
	0,
	0,
	0);
INSERT INTO GD_LS
	VALUES (6815759,
	6815758,
	2320,
	1328,
	2320,
	1392,
	0);
INSERT INTO GD_GE
	VALUES (6815760,
	6815745,
	6815748,
	42);
INSERT INTO GD_CON
	VALUES (6815760,
	6815749,
	6815746,
	0);
INSERT INTO GD_CTXT
	VALUES (6815760,
	0,
	0,
	0,
	0,
	0,
	0,
	2472,
	1340,
	2589,
	1358,
	8,
	-20,
	0,
	0,
	0,
	0,
	0,
	0);
INSERT INTO GD_LS
	VALUES (6815761,
	6815760,
	2464,
	1392,
	2464,
	1328,
	0);
INSERT INTO O_OBJ
	VALUES (5767171,
	'Subtype AB',
	102,
	'C_AB',
	'',
	5767179);
INSERT INTO O_NBATTR
	VALUES (5767175,
	5767171);
INSERT INTO O_BATTR
	VALUES (5767175,
	5767171);
INSERT INTO O_ATTR
	VALUES (5767175,
	5767171,
	0,
	'x',
	'',
	'',
	'x',
	0,
	524291);
INSERT INTO O_NBATTR
	VALUES (5767176,
	5767171);
INSERT INTO O_BATTR
	VALUES (5767176,
	5767171);
INSERT INTO O_ATTR
	VALUES (5767176,
	5767171,
	5767175,
	'current_state',
	'',
	'',
	'current_state',
	0,
	524295);
INSERT INTO O_REF
	VALUES (5767171,
	5767169,
	0,
	5767171,
	5767169,
	5767170,
	5767169,
	5767177,
	5767171,
	0,
	0,
	'');
INSERT INTO O_RATTR
	VALUES (5767177,
	5767171,
	5767178,
	5767172,
	1);
INSERT INTO O_ATTR
	VALUES (5767177,
	5767171,
	5767176,
	'id',
	'',
	'',
	'id',
	0,
	524296);
INSERT INTO O_ID
	VALUES (0,
	5767171);
INSERT INTO O_OIDA
	VALUES (5767177,
	5767171,
	0);
INSERT INTO SM_ISM
	VALUES (7340046,
	5767171);
INSERT INTO SM_SM
	VALUES (7340046,
	'',
	14);
INSERT INTO SM_MOORE
	VALUES (7340046);
INSERT INTO SM_EVTDI
	VALUES (7340033,
	7340046,
	'instance',
	'',
	524291);
INSERT INTO SM_EVTDI
	VALUES (7340034,
	7340046,
	'key',
	'',
	524293);
INSERT INTO SM_LEVT
	VALUES (7340033,
	7340046,
	0);
INSERT INTO SM_SEVT
	VALUES (7340033,
	7340046,
	0);
INSERT INTO SM_EVT
	VALUES (7340033,
	7340046,
	0,
	1,
	'Local One',
	0,
	'',
	'C_AB1',
	'');
INSERT INTO SM_LEVT
	VALUES (7340034,
	7340046,
	0);
INSERT INTO SM_SEVT
	VALUES (7340034,
	7340046,
	0);
INSERT INTO SM_EVT
	VALUES (7340034,
	7340046,
	0,
	0,
	'Return',
	0,
	'',
	'C_AB0',
	'');
INSERT INTO SM_NLEVT
	VALUES (7340035,
	7340046,
	0,
	6291457,
	6291468,
	0,
	'');
INSERT INTO SM_SEVT
	VALUES (7340035,
	7340046,
	0);
INSERT INTO SM_EVT
	VALUES (7340035,
	7340046,
	0,
	0,
	'Poly A',
	0,
	'',
	'C_A1*',
	'');
INSERT INTO SM_NLEVT
	VALUES (7340036,
	7340046,
	0,
	7864321,
	7864335,
	0,
	'');
INSERT INTO SM_SEVT
	VALUES (7340036,
	7340046,
	0);
INSERT INTO SM_EVT
	VALUES (7340036,
	7340046,
	0,
	0,
	'Poly S',
	0,
	'',
	'C_S1*',
	'');
INSERT INTO SM_STATE
	VALUES (7340033,
	7340046,
	0,
	'One',
	1,
	0);
INSERT INTO SM_SEME
	VALUES (7340033,
	7340033,
	7340046,
	0);
INSERT INTO SM_EIGN
	VALUES (7340033,
	7340034,
	7340046,
	0,
	'');
INSERT INTO SM_SEME
	VALUES (7340033,
	7340034,
	7340046,
	0);
INSERT INTO SM_SEME
	VALUES (7340033,
	7340035,
	7340046,
	0);
INSERT INTO SM_SEME
	VALUES (7340033,
	7340036,
	7340046,
	0);
INSERT INTO SM_MOAH
	VALUES (7340033,
	7340046,
	7340033);
INSERT INTO SM_AH
	VALUES (7340033,
	7340046);
INSERT INTO SM_ACT
	VALUES (7340033,
	7340046,
	1,
	'LOG::LogInfo(message:"C_AB.One:  Waiting for events");
',
	'');
INSERT INTO SM_STATE
	VALUES (7340034,
	7340046,
	0,
	'Two',
	2,
	0);
INSERT INTO SM_EIGN
	VALUES (7340034,
	7340033,
	7340046,
	0,
	'');
INSERT INTO SM_SEME
	VALUES (7340034,
	7340033,
	7340046,
	0);
INSERT INTO SM_SEME
	VALUES (7340034,
	7340034,
	7340046,
	0);
INSERT INTO SM_EIGN
	VALUES (7340034,
	7340035,
	7340046,
	0,
	'');
INSERT INTO SM_SEME
	VALUES (7340034,
	7340035,
	7340046,
	0);
INSERT INTO SM_EIGN
	VALUES (7340034,
	7340036,
	7340046,
	0,
	'');
INSERT INTO SM_SEME
	VALUES (7340034,
	7340036,
	7340046,
	0);
INSERT INTO SM_MOAH
	VALUES (7340034,
	7340046,
	7340034);
INSERT INTO SM_AH
	VALUES (7340034,
	7340046);
INSERT INTO SM_ACT
	VALUES (7340034,
	7340046,
	1,
	'LOG::LogInfo(message:"C_AB.Two: Received event Poly S.  Entered Subtype A.Two");

if (rcvd_evt.key == "C_AB")
	LOG::LogSuccess(message:"C_AB.Two: Received valid key for self");
else
	LOG::LogFailure(message:"C_AB.Two: Received invalid key");
end if;

if (rcvd_evt.instance == self.x)	
	LOG::LogSuccess(message:"C_AB.Two: Received valid instance number");
else
	LOG::LogFailure(message:"C_AB.Two: Received invalid instance number");
end if;

select any driver from instances of C_D; 
generate C_D1:''ACK success'' to driver;

generate C_AB0 to self;
',
	'Verifies that the event data is valid and logs the results.');
INSERT INTO SM_STATE
	VALUES (7340035,
	7340046,
	0,
	'Three',
	3,
	0);
INSERT INTO SM_EIGN
	VALUES (7340035,
	7340033,
	7340046,
	0,
	'');
INSERT INTO SM_SEME
	VALUES (7340035,
	7340033,
	7340046,
	0);
INSERT INTO SM_SEME
	VALUES (7340035,
	7340034,
	7340046,
	0);
INSERT INTO SM_EIGN
	VALUES (7340035,
	7340035,
	7340046,
	0,
	'');
INSERT INTO SM_SEME
	VALUES (7340035,
	7340035,
	7340046,
	0);
INSERT INTO SM_EIGN
	VALUES (7340035,
	7340036,
	7340046,
	0,
	'');
INSERT INTO SM_SEME
	VALUES (7340035,
	7340036,
	7340046,
	0);
INSERT INTO SM_MOAH
	VALUES (7340035,
	7340046,
	7340035);
INSERT INTO SM_AH
	VALUES (7340035,
	7340046);
INSERT INTO SM_ACT
	VALUES (7340035,
	7340046,
	1,
	'LOG::LogInfo(message:"C_AB.Three: Received event Poly A.  Entered Subtype A.Three");

if (rcvd_evt.key == "C_AB")
	LOG::LogSuccess(message:"C_AB.Three: Received valid key for self");
else
	LOG::LogFailure(message:"C_AB.Three: Received invalid key");
end if;

if (rcvd_evt.instance == self.x)	
	LOG::LogSuccess(message:"C_AB.Three: Received valid instance number");
else
	LOG::LogFailure(message:"C_AB.Three: Received invalid instance number");
end if;

select any driver from instances of C_D; 
generate C_D1:''ACK success'' to driver;

generate C_AB0 to self;
',
	'');
INSERT INTO SM_STATE
	VALUES (7340036,
	7340046,
	0,
	'Four',
	4,
	0);
INSERT INTO SM_EIGN
	VALUES (7340036,
	7340033,
	7340046,
	0,
	'');
INSERT INTO SM_SEME
	VALUES (7340036,
	7340033,
	7340046,
	0);
INSERT INTO SM_SEME
	VALUES (7340036,
	7340034,
	7340046,
	0);
INSERT INTO SM_EIGN
	VALUES (7340036,
	7340035,
	7340046,
	0,
	'');
INSERT INTO SM_SEME
	VALUES (7340036,
	7340035,
	7340046,
	0);
INSERT INTO SM_EIGN
	VALUES (7340036,
	7340036,
	7340046,
	0,
	'');
INSERT INTO SM_SEME
	VALUES (7340036,
	7340036,
	7340046,
	0);
INSERT INTO SM_MOAH
	VALUES (7340036,
	7340046,
	7340036);
INSERT INTO SM_AH
	VALUES (7340036,
	7340046);
INSERT INTO SM_ACT
	VALUES (7340036,
	7340046,
	1,
	'LOG::LogInfo(message:"C_AB.Four: Received event Local One.  Entered Subtype A.Four");

if (rcvd_evt.key == "C_AB")
	LOG::LogSuccess(message:"C_AB.Four: Received valid key for self");
else
	LOG::LogFailure(message:"C_AB.Four: Received invalid key");
end if;

if (rcvd_evt.instance == self.x)	
	LOG::LogSuccess(message:"C_AB.Four: Received valid instance number");
else
	LOG::LogFailure(message:"C_AB.Four: Received invalid instance number");
end if;

select any driver from instances of C_D; 
generate C_D1:''ACK success'' to driver;

generate C_AB0 to self;
',
	'');
INSERT INTO SM_NSTXN
	VALUES (7340033,
	7340046,
	7340034,
	7340034,
	0);
INSERT INTO SM_TXN
	VALUES (7340033,
	7340046,
	7340033,
	0);
INSERT INTO SM_NSTXN
	VALUES (7340034,
	7340046,
	7340033,
	7340033,
	0);
INSERT INTO SM_TXN
	VALUES (7340034,
	7340046,
	7340036,
	0);
INSERT INTO SM_NSTXN
	VALUES (7340035,
	7340046,
	7340036,
	7340034,
	0);
INSERT INTO SM_TXN
	VALUES (7340035,
	7340046,
	7340033,
	0);
INSERT INTO SM_NSTXN
	VALUES (7340036,
	7340046,
	7340035,
	7340034,
	0);
INSERT INTO SM_TXN
	VALUES (7340036,
	7340046,
	7340033,
	0);
INSERT INTO SM_NSTXN
	VALUES (7340037,
	7340046,
	7340033,
	7340035,
	0);
INSERT INTO SM_TXN
	VALUES (7340037,
	7340046,
	7340035,
	0);
INSERT INTO SM_NSTXN
	VALUES (7340038,
	7340046,
	7340033,
	7340036,
	0);
INSERT INTO SM_TXN
	VALUES (7340038,
	7340046,
	7340034,
	0);
INSERT INTO GD_MD
	VALUES (7340033,
	8,
	7340046,
	40,
	1,
	0,
	1,
	1,
	0,
	12,
	1616,
	4124,
	0.845750,
	0);
INSERT INTO GD_GE
	VALUES (7340034,
	7340033,
	7340033,
	41);
INSERT INTO GD_SHP
	VALUES (7340034,
	1638,
	1224,
	2510,
	1312);
INSERT INTO GD_GE
	VALUES (7340035,
	7340033,
	7340034,
	41);
INSERT INTO GD_SHP
	VALUES (7340035,
	1638,
	1392,
	1918,
	1792);
INSERT INTO GD_GE
	VALUES (7340036,
	7340033,
	7340035,
	41);
INSERT INTO GD_SHP
	VALUES (7340036,
	1934,
	1392,
	2222,
	1792);
INSERT INTO GD_GE
	VALUES (7340037,
	7340033,
	7340036,
	41);
INSERT INTO GD_SHP
	VALUES (7340037,
	2238,
	1392,
	2510,
	1792);
INSERT INTO GD_GE
	VALUES (7340038,
	7340033,
	7340033,
	42);
INSERT INTO GD_CON
	VALUES (7340038,
	7340035,
	7340034,
	0);
INSERT INTO GD_CTXT
	VALUES (7340038,
	0,
	0,
	0,
	0,
	0,
	0,
	1673,
	1331,
	1764,
	1349,
	3,
	-21,
	0,
	0,
	0,
	0,
	0,
	0);
INSERT INTO GD_LS
	VALUES (7340039,
	7340038,
	1670,
	1392,
	1670,
	1312,
	0);
INSERT INTO GD_GE
	VALUES (7340040,
	7340033,
	7340038,
	42);
INSERT INTO GD_CON
	VALUES (7340040,
	7340034,
	7340035,
	0);
INSERT INTO GD_CTXT
	VALUES (7340040,
	0,
	0,
	0,
	0,
	0,
	0,
	1805,
	1330,
	1914,
	1362,
	7,
	-22,
	0,
	0,
	0,
	0,
	0,
	0);
INSERT INTO GD_LS
	VALUES (7340041,
	7340040,
	1798,
	1312,
	1798,
	1392,
	0);
INSERT INTO GD_GE
	VALUES (7340042,
	7340033,
	7340037,
	42);
INSERT INTO GD_CON
	VALUES (7340042,
	7340034,
	7340036,
	0);
INSERT INTO GD_CTXT
	VALUES (7340042,
	0,
	0,
	0,
	0,
	0,
	0,
	1974,
	1329,
	2085,
	1361,
	8,
	-23,
	0,
	0,
	0,
	0,
	0,
	0);
INSERT INTO GD_LS
	VALUES (7340043,
	7340042,
	1966,
	1312,
	1966,
	1392,
	0);
INSERT INTO GD_GE
	VALUES (7340044,
	7340033,
	7340034,
	42);
INSERT INTO GD_CON
	VALUES (7340044,
	7340034,
	7340037,
	0);
INSERT INTO GD_CTXT
	VALUES (7340044,
	0,
	0,
	0,
	0,
	0,
	0,
	2285,
	1332,
	2402,
	1364,
	7,
	-20,
	0,
	0,
	0,
	0,
	0,
	0);
INSERT INTO GD_LS
	VALUES (7340045,
	7340044,
	2278,
	1312,
	2278,
	1392,
	0);
INSERT INTO GD_GE
	VALUES (7340046,
	7340033,
	7340035,
	42);
INSERT INTO GD_CON
	VALUES (7340046,
	7340037,
	7340034,
	0);
INSERT INTO GD_CTXT
	VALUES (7340046,
	0,
	0,
	0,
	0,
	0,
	0,
	2430,
	1332,
	2547,
	1350,
	8,
	-20,
	0,
	0,
	0,
	0,
	0,
	0);
INSERT INTO GD_LS
	VALUES (7340047,
	7340046,
	2422,
	1392,
	2422,
	1312,
	0);
INSERT INTO GD_GE
	VALUES (7340048,
	7340033,
	7340036,
	42);
INSERT INTO GD_CON
	VALUES (7340048,
	7340036,
	7340034,
	0);
INSERT INTO GD_CTXT
	VALUES (7340048,
	0,
	0,
	0,
	0,
	0,
	0,
	2101,
	1330,
	2198,
	1348,
	7,
	-22,
	0,
	0,
	0,
	0,
	0,
	0);
INSERT INTO GD_LS
	VALUES (7340049,
	7340048,
	2094,
	1392,
	2094,
	1312,
	0);
INSERT INTO O_OBJ
	VALUES (5767172,
	'Supertype',
	108,
	'C_S',
	'',
	5767179);
INSERT INTO O_NBATTR
	VALUES (5767178,
	5767172);
INSERT INTO O_BATTR
	VALUES (5767178,
	5767172);
INSERT INTO O_ATTR
	VALUES (5767178,
	5767172,
	0,
	'id',
	'',
	'',
	'id',
	0,
	524294);
INSERT INTO O_NBATTR
	VALUES (5767179,
	5767172);
INSERT INTO O_BATTR
	VALUES (5767179,
	5767172);
INSERT INTO O_ATTR
	VALUES (5767179,
	5767172,
	5767178,
	'x',
	'',
	'',
	'x',
	0,
	524291);
INSERT INTO O_NBATTR
	VALUES (5767180,
	5767172);
INSERT INTO O_BATTR
	VALUES (5767180,
	5767172);
INSERT INTO O_ATTR
	VALUES (5767180,
	5767172,
	5767179,
	'current_state',
	'',
	'',
	'current_state',
	0,
	524295);
INSERT INTO O_ID
	VALUES (0,
	5767172);
INSERT INTO O_OIDA
	VALUES (5767178,
	5767172,
	0);
INSERT INTO O_RTIDA
	VALUES (5767178,
	5767172,
	0,
	5767170,
	5767172);
INSERT INTO SM_ISM
	VALUES (7864335,
	5767172);
INSERT INTO SM_SM
	VALUES (7864335,
	'',
	15);
INSERT INTO SM_MOORE
	VALUES (7864335);
INSERT INTO SM_EVTDI
	VALUES (7864321,
	7864335,
	'key',
	'',
	524293);
INSERT INTO SM_EVTDI
	VALUES (7864322,
	7864335,
	'instance',
	'',
	524291);
INSERT INTO SM_EVTDI
	VALUES (4281213,
	7864335,
	'key',
	'',
	524293);
INSERT INTO SM_EVTDI
	VALUES (173615490,
	7864335,
	'key',
	'',
	524293);
INSERT INTO SM_EVTDI
	VALUES (12157171,
	7864335,
	'instance',
	'',
	524291);
INSERT INTO SM_EVTDI
	VALUES (180144686,
	7864335,
	'instance',
	'',
	524291);
INSERT INTO SM_PEVT
	VALUES (7864321,
	7864335,
	0);
INSERT INTO SM_EVT
	VALUES (7864321,
	7864335,
	0,
	1,
	'Poly S',
	0,
	'',
	'C_S1',
	'');
INSERT INTO SM_LEVT
	VALUES (7864322,
	7864335,
	0);
INSERT INTO SM_SEVT
	VALUES (7864322,
	7864335,
	0);
INSERT INTO SM_EVT
	VALUES (7864322,
	7864335,
	0,
	2,
	'Local S',
	0,
	'',
	'C_S2',
	'');
INSERT INTO SM_PEVT
	VALUES (7864323,
	7864335,
	0);
INSERT INTO SM_EVT
	VALUES (7864323,
	7864335,
	0,
	3,
	'Poly S2',
	0,
	'',
	'C_S3',
	'');
INSERT INTO SM_PEVT
	VALUES (7864324,
	7864335,
	0);
INSERT INTO SM_EVT
	VALUES (7864324,
	7864335,
	0,
	4,
	'Poly S3',
	0,
	'',
	'C_S4',
	'');
INSERT INTO SM_STATE
	VALUES (7864321,
	7864335,
	0,
	'One',
	1,
	0);
INSERT INTO SM_SEME
	VALUES (7864321,
	7864322,
	7864335,
	0);
INSERT INTO SM_MOAH
	VALUES (7864321,
	7864335,
	7864321);
INSERT INTO SM_AH
	VALUES (7864321,
	7864335);
INSERT INTO SM_ACT
	VALUES (7864321,
	7864335,
	1,
	'',
	'');
INSERT INTO SM_STATE
	VALUES (7864322,
	7864335,
	0,
	'Two',
	2,
	0);
INSERT INTO SM_EIGN
	VALUES (7864322,
	7864322,
	7864335,
	0,
	'');
INSERT INTO SM_SEME
	VALUES (7864322,
	7864322,
	7864335,
	0);
INSERT INTO SM_MOAH
	VALUES (7864322,
	7864335,
	7864322);
INSERT INTO SM_AH
	VALUES (7864322,
	7864335);
INSERT INTO SM_ACT
	VALUES (7864322,
	7864335,
	1,
	'LOG::LogInfo(message:"C_S.Two: Received event Local S.  Entered Supertype.Two");

if (rcvd_evt.key == "C_S")
	LOG::LogSuccess(message:"C_S.Two: Received valid key for self");
else
	LOG::LogFailure(message:"C_S.Two: Received invalid key");
end if;

if (rcvd_evt.instance == self.x)	
	LOG::LogSuccess(message:"C_S.Two: Received valid instance number");
else
	LOG::LogFailure(message:"C_S.Two: Received invalid instance number");
end if;

select any driver from instances of C_D; 
generate C_D1:''ACK success'' to driver;',
	'');
INSERT INTO SM_NSTXN
	VALUES (7864321,
	7864335,
	7864321,
	7864322,
	0);
INSERT INTO SM_TXN
	VALUES (7864321,
	7864335,
	7864322,
	0);
INSERT INTO GD_MD
	VALUES (7864321,
	8,
	7864335,
	40,
	1,
	0,
	1,
	1,
	0,
	12,
	0,
	0,
	0.200000,
	0);
INSERT INTO GD_GE
	VALUES (7864322,
	7864321,
	7864321,
	41);
INSERT INTO GD_SHP
	VALUES (7864322,
	1648,
	1168,
	1824,
	1248);
INSERT INTO GD_GE
	VALUES (7864323,
	7864321,
	7864322,
	41);
INSERT INTO GD_SHP
	VALUES (7864323,
	1520,
	1312,
	1968,
	1616);
INSERT INTO GD_GE
	VALUES (7864324,
	7864321,
	7864321,
	42);
INSERT INTO GD_CON
	VALUES (7864324,
	7864322,
	7864323,
	0);
INSERT INTO GD_CTXT
	VALUES (7864324,
	0,
	0,
	0,
	0,
	0,
	0,
	1733,
	1257,
	1822,
	1289,
	5,
	-23,
	0,
	0,
	0,
	0,
	0,
	0);
INSERT INTO GD_LS
	VALUES (7864325,
	7864324,
	1728,
	1248,
	1728,
	1312,
	0);
INSERT INTO O_OBJ
	VALUES (5767173,
	'Driver',
	109,
	'C_D',
	'',
	5767179);
INSERT INTO O_NBATTR
	VALUES (5767181,
	5767173);
INSERT INTO O_BATTR
	VALUES (5767181,
	5767173);
INSERT INTO O_ATTR
	VALUES (5767181,
	5767173,
	0,
	'timer',
	'',
	'',
	'timer',
	0,
	524304);
INSERT INTO O_NBATTR
	VALUES (5767182,
	5767173);
INSERT INTO O_BATTR
	VALUES (5767182,
	5767173);
INSERT INTO O_ATTR
	VALUES (5767182,
	5767173,
	5767181,
	'current_state',
	'',
	'',
	'current_state',
	0,
	524295);
INSERT INTO SM_ISM
	VALUES (8388624,
	5767173);
INSERT INTO SM_SM
	VALUES (8388624,
	'',
	16);
INSERT INTO SM_MOORE
	VALUES (8388624);
INSERT INTO SM_LEVT
	VALUES (8388609,
	8388624,
	0);
INSERT INTO SM_SEVT
	VALUES (8388609,
	8388624,
	0);
INSERT INTO SM_EVT
	VALUES (8388609,
	8388624,
	0,
	1,
	'ACK success',
	0,
	'',
	'C_D1',
	'');
INSERT INTO SM_LEVT
	VALUES (8388610,
	8388624,
	0);
INSERT INTO SM_SEVT
	VALUES (8388610,
	8388624,
	0);
INSERT INTO SM_EVT
	VALUES (8388610,
	8388624,
	0,
	2,
	'ACK failure',
	0,
	'',
	'C_D2',
	'');
INSERT INTO SM_LEVT
	VALUES (8388611,
	8388624,
	0);
INSERT INTO SM_SEVT
	VALUES (8388611,
	8388624,
	0);
INSERT INTO SM_EVT
	VALUES (8388611,
	8388624,
	0,
	3,
	'No ACK',
	0,
	'',
	'C_D3',
	'');
INSERT INTO SM_LEVT
	VALUES (8388612,
	8388624,
	0);
INSERT INTO SM_SEVT
	VALUES (8388612,
	8388624,
	0);
INSERT INTO SM_EVT
	VALUES (8388612,
	8388624,
	0,
	4,
	'Continue',
	0,
	'',
	'C_D4',
	'');
INSERT INTO SM_LEVT
	VALUES (8388613,
	8388624,
	0);
INSERT INTO SM_SEVT
	VALUES (8388613,
	8388624,
	0);
INSERT INTO SM_EVT
	VALUES (8388613,
	8388624,
	0,
	5,
	'End',
	0,
	'',
	'C_D5',
	'');
INSERT INTO SM_LEVT
	VALUES (8388614,
	8388624,
	0);
INSERT INTO SM_SEVT
	VALUES (8388614,
	8388624,
	0);
INSERT INTO SM_EVT
	VALUES (8388614,
	8388624,
	0,
	0,
	'Start',
	0,
	'',
	'C_D0',
	'');
INSERT INTO SM_STATE
	VALUES (8388609,
	8388624,
	0,
	'Send PE of S to S (B)',
	1,
	0);
INSERT INTO SM_SEME
	VALUES (8388609,
	8388609,
	8388624,
	0);
INSERT INTO SM_EIGN
	VALUES (8388609,
	8388610,
	8388624,
	0,
	'');
INSERT INTO SM_SEME
	VALUES (8388609,
	8388610,
	8388624,
	0);
INSERT INTO SM_SEME
	VALUES (8388609,
	8388611,
	8388624,
	0);
INSERT INTO SM_EIGN
	VALUES (8388609,
	8388612,
	8388624,
	0,
	'');
INSERT INTO SM_SEME
	VALUES (8388609,
	8388612,
	8388624,
	0);
INSERT INTO SM_EIGN
	VALUES (8388609,
	8388613,
	8388624,
	0,
	'');
INSERT INTO SM_SEME
	VALUES (8388609,
	8388613,
	8388624,
	0);
INSERT INTO SM_EIGN
	VALUES (8388609,
	8388614,
	8388624,
	0,
	'');
INSERT INTO SM_SEME
	VALUES (8388609,
	8388614,
	8388624,
	0);
INSERT INTO SM_MOAH
	VALUES (8388609,
	8388624,
	8388609);
INSERT INTO SM_AH
	VALUES (8388609,
	8388624);
INSERT INTO SM_ACT
	VALUES (8388609,
	8388624,
	1,
	'LOG::LogInfo(message:"Chain Driver: Send PE of supertype to supertype, received by 1st level.");
select any s from instances of C_S where selected.x == 106;
generate C_S1*(key:"C_B", instance:107) to s;

select one b related by s->C_B[R102];
generate C_B2 to b;

create event instance no_ack of C_D3:''No ACK'' to self;
self.timer = TIM::timer_start(microseconds:5000000, event_inst:no_ack);
',
	'');
INSERT INTO SM_STATE
	VALUES (8388610,
	8388624,
	0,
	'No Response (S S B)',
	5,
	0);
INSERT INTO SM_EIGN
	VALUES (8388610,
	8388609,
	8388624,
	0,
	'');
INSERT INTO SM_SEME
	VALUES (8388610,
	8388609,
	8388624,
	0);
INSERT INTO SM_EIGN
	VALUES (8388610,
	8388610,
	8388624,
	0,
	'');
INSERT INTO SM_SEME
	VALUES (8388610,
	8388610,
	8388624,
	0);
INSERT INTO SM_EIGN
	VALUES (8388610,
	8388611,
	8388624,
	0,
	'');
INSERT INTO SM_SEME
	VALUES (8388610,
	8388611,
	8388624,
	0);
INSERT INTO SM_SEME
	VALUES (8388610,
	8388612,
	8388624,
	0);
INSERT INTO SM_EIGN
	VALUES (8388610,
	8388613,
	8388624,
	0,
	'');
INSERT INTO SM_SEME
	VALUES (8388610,
	8388613,
	8388624,
	0);
INSERT INTO SM_EIGN
	VALUES (8388610,
	8388614,
	8388624,
	0,
	'');
INSERT INTO SM_SEME
	VALUES (8388610,
	8388614,
	8388624,
	0);
INSERT INTO SM_MOAH
	VALUES (8388610,
	8388624,
	8388610);
INSERT INTO SM_AH
	VALUES (8388610,
	8388624);
INSERT INTO SM_ACT
	VALUES (8388610,
	8388624,
	1,
	'LOG::LogFailure(message:"Did not receive ACK for Send PE of S to S (B)");
generate C_D4:''Continue'' to self;',
	'');
INSERT INTO SM_STATE
	VALUES (8388611,
	8388624,
	0,
	'Send PE of S to A (AA)',
	6,
	0);
INSERT INTO SM_SEME
	VALUES (8388611,
	8388609,
	8388624,
	0);
INSERT INTO SM_EIGN
	VALUES (8388611,
	8388610,
	8388624,
	0,
	'');
INSERT INTO SM_SEME
	VALUES (8388611,
	8388610,
	8388624,
	0);
INSERT INTO SM_SEME
	VALUES (8388611,
	8388611,
	8388624,
	0);
INSERT INTO SM_EIGN
	VALUES (8388611,
	8388612,
	8388624,
	0,
	'');
INSERT INTO SM_SEME
	VALUES (8388611,
	8388612,
	8388624,
	0);
INSERT INTO SM_EIGN
	VALUES (8388611,
	8388613,
	8388624,
	0,
	'');
INSERT INTO SM_SEME
	VALUES (8388611,
	8388613,
	8388624,
	0);
INSERT INTO SM_EIGN
	VALUES (8388611,
	8388614,
	8388624,
	0,
	'');
INSERT INTO SM_SEME
	VALUES (8388611,
	8388614,
	8388624,
	0);
INSERT INTO SM_MOAH
	VALUES (8388611,
	8388624,
	8388611);
INSERT INTO SM_AH
	VALUES (8388611,
	8388624);
INSERT INTO SM_ACT
	VALUES (8388611,
	8388624,
	1,
	'value = TIM::timer_cancel(timer_inst_ref:self.timer);

LOG::LogInfo(message:"Chain Driver: Send polymorphic of supertype to 1st level, received by 2nd level.");
select any a from instances of C_A where selected.x == 101;
generate C_S1*(key:"C_AA", instance:102) to a;

create event instance no_ack of C_D3:''No ACK'' to self;
self.timer = TIM::timer_start(microseconds:5000000, event_inst:no_ack);
',
	'');
INSERT INTO SM_STATE
	VALUES (8388612,
	8388624,
	0,
	'Send PE of S to S (AA)',
	7,
	0);
INSERT INTO SM_SEME
	VALUES (8388612,
	8388609,
	8388624,
	0);
INSERT INTO SM_EIGN
	VALUES (8388612,
	8388610,
	8388624,
	0,
	'');
INSERT INTO SM_SEME
	VALUES (8388612,
	8388610,
	8388624,
	0);
INSERT INTO SM_SEME
	VALUES (8388612,
	8388611,
	8388624,
	0);
INSERT INTO SM_EIGN
	VALUES (8388612,
	8388612,
	8388624,
	0,
	'');
INSERT INTO SM_SEME
	VALUES (8388612,
	8388612,
	8388624,
	0);
INSERT INTO SM_EIGN
	VALUES (8388612,
	8388613,
	8388624,
	0,
	'');
INSERT INTO SM_SEME
	VALUES (8388612,
	8388613,
	8388624,
	0);
INSERT INTO SM_EIGN
	VALUES (8388612,
	8388614,
	8388624,
	0,
	'');
INSERT INTO SM_SEME
	VALUES (8388612,
	8388614,
	8388624,
	0);
INSERT INTO SM_MOAH
	VALUES (8388612,
	8388624,
	8388612);
INSERT INTO SM_AH
	VALUES (8388612,
	8388624);
INSERT INTO SM_ACT
	VALUES (8388612,
	8388624,
	1,
	'value = TIM::timer_cancel(timer_inst_ref:self.timer);

LOG::LogInfo(message:"Chain Driver: Send PE of supertype to supertype, received by 2nd level.");
select any s from instances of C_S where selected.x == 120;
generate C_S1*(key:"C_AA", instance:122) to s;

create event instance no_ack of C_D3:''No ACK'' to self;
self.timer = TIM::timer_start(microseconds:5000000, event_inst:no_ack);
',
	'');
INSERT INTO SM_STATE
	VALUES (8388613,
	8388624,
	0,
	'No Response (S S AA)',
	8,
	0);
INSERT INTO SM_EIGN
	VALUES (8388613,
	8388609,
	8388624,
	0,
	'');
INSERT INTO SM_SEME
	VALUES (8388613,
	8388609,
	8388624,
	0);
INSERT INTO SM_EIGN
	VALUES (8388613,
	8388610,
	8388624,
	0,
	'');
INSERT INTO SM_SEME
	VALUES (8388613,
	8388610,
	8388624,
	0);
INSERT INTO SM_EIGN
	VALUES (8388613,
	8388611,
	8388624,
	0,
	'');
INSERT INTO SM_SEME
	VALUES (8388613,
	8388611,
	8388624,
	0);
INSERT INTO SM_SEME
	VALUES (8388613,
	8388612,
	8388624,
	0);
INSERT INTO SM_EIGN
	VALUES (8388613,
	8388613,
	8388624,
	0,
	'');
INSERT INTO SM_SEME
	VALUES (8388613,
	8388613,
	8388624,
	0);
INSERT INTO SM_EIGN
	VALUES (8388613,
	8388614,
	8388624,
	0,
	'');
INSERT INTO SM_SEME
	VALUES (8388613,
	8388614,
	8388624,
	0);
INSERT INTO SM_MOAH
	VALUES (8388613,
	8388624,
	8388613);
INSERT INTO SM_AH
	VALUES (8388613,
	8388624);
INSERT INTO SM_ACT
	VALUES (8388613,
	8388624,
	1,
	'LOG::LogFailure(message:"Did not receive ACK for Send PE of S to S (AA)");
generate C_D4:''Continue'' to self;',
	'');
INSERT INTO SM_STATE
	VALUES (8388614,
	8388624,
	0,
	'No Response (A S AA)',
	9,
	0);
INSERT INTO SM_EIGN
	VALUES (8388614,
	8388609,
	8388624,
	0,
	'');
INSERT INTO SM_SEME
	VALUES (8388614,
	8388609,
	8388624,
	0);
INSERT INTO SM_EIGN
	VALUES (8388614,
	8388610,
	8388624,
	0,
	'');
INSERT INTO SM_SEME
	VALUES (8388614,
	8388610,
	8388624,
	0);
INSERT INTO SM_EIGN
	VALUES (8388614,
	8388611,
	8388624,
	0,
	'');
INSERT INTO SM_SEME
	VALUES (8388614,
	8388611,
	8388624,
	0);
INSERT INTO SM_SEME
	VALUES (8388614,
	8388612,
	8388624,
	0);
INSERT INTO SM_EIGN
	VALUES (8388614,
	8388613,
	8388624,
	0,
	'');
INSERT INTO SM_SEME
	VALUES (8388614,
	8388613,
	8388624,
	0);
INSERT INTO SM_EIGN
	VALUES (8388614,
	8388614,
	8388624,
	0,
	'');
INSERT INTO SM_SEME
	VALUES (8388614,
	8388614,
	8388624,
	0);
INSERT INTO SM_MOAH
	VALUES (8388614,
	8388624,
	8388614);
INSERT INTO SM_AH
	VALUES (8388614,
	8388624);
INSERT INTO SM_ACT
	VALUES (8388614,
	8388624,
	1,
	'LOG::LogFailure(message:"Did not receive ACK for Send PE of supertype to 1st level, received by second level.");
generate C_D4:''Continue'' to self;',
	'');
INSERT INTO SM_STATE
	VALUES (8388615,
	8388624,
	0,
	'Send PE of S to B (B)',
	10,
	0);
INSERT INTO SM_SEME
	VALUES (8388615,
	8388609,
	8388624,
	0);
INSERT INTO SM_EIGN
	VALUES (8388615,
	8388610,
	8388624,
	0,
	'');
INSERT INTO SM_SEME
	VALUES (8388615,
	8388610,
	8388624,
	0);
INSERT INTO SM_SEME
	VALUES (8388615,
	8388611,
	8388624,
	0);
INSERT INTO SM_EIGN
	VALUES (8388615,
	8388612,
	8388624,
	0,
	'');
INSERT INTO SM_SEME
	VALUES (8388615,
	8388612,
	8388624,
	0);
INSERT INTO SM_EIGN
	VALUES (8388615,
	8388613,
	8388624,
	0,
	'');
INSERT INTO SM_SEME
	VALUES (8388615,
	8388613,
	8388624,
	0);
INSERT INTO SM_EIGN
	VALUES (8388615,
	8388614,
	8388624,
	0,
	'');
INSERT INTO SM_SEME
	VALUES (8388615,
	8388614,
	8388624,
	0);
INSERT INTO SM_MOAH
	VALUES (8388615,
	8388624,
	8388615);
INSERT INTO SM_AH
	VALUES (8388615,
	8388624);
INSERT INTO SM_ACT
	VALUES (8388615,
	8388624,
	1,
	'value = TIM::timer_cancel(timer_inst_ref:self.timer);

LOG::LogInfo(message:"Chain Driver: Send PE of supertype to 1st level, received by 1st level.");
select any b from instances of C_B where selected.x == 127;
generate C_S1*(key:"C_B", instance:127) to b;
generate C_B2 to b;

create event instance no_ack of C_D3:''No ACK'' to self;
self.timer = TIM::timer_start(microseconds:5000000, event_inst:no_ack);
',
	'');
INSERT INTO SM_STATE
	VALUES (8388616,
	8388624,
	0,
	'No Response (B S B)',
	11,
	0);
INSERT INTO SM_EIGN
	VALUES (8388616,
	8388609,
	8388624,
	0,
	'');
INSERT INTO SM_SEME
	VALUES (8388616,
	8388609,
	8388624,
	0);
INSERT INTO SM_EIGN
	VALUES (8388616,
	8388610,
	8388624,
	0,
	'');
INSERT INTO SM_SEME
	VALUES (8388616,
	8388610,
	8388624,
	0);
INSERT INTO SM_EIGN
	VALUES (8388616,
	8388611,
	8388624,
	0,
	'');
INSERT INTO SM_SEME
	VALUES (8388616,
	8388611,
	8388624,
	0);
INSERT INTO SM_SEME
	VALUES (8388616,
	8388612,
	8388624,
	0);
INSERT INTO SM_EIGN
	VALUES (8388616,
	8388613,
	8388624,
	0,
	'');
INSERT INTO SM_SEME
	VALUES (8388616,
	8388613,
	8388624,
	0);
INSERT INTO SM_EIGN
	VALUES (8388616,
	8388614,
	8388624,
	0,
	'');
INSERT INTO SM_SEME
	VALUES (8388616,
	8388614,
	8388624,
	0);
INSERT INTO SM_MOAH
	VALUES (8388616,
	8388624,
	8388616);
INSERT INTO SM_AH
	VALUES (8388616,
	8388624);
INSERT INTO SM_ACT
	VALUES (8388616,
	8388624,
	1,
	'LOG::LogFailure(message:"Did not receive ACK for Send PE of supertype to subtype B");
generate C_D4:''Continue'' to self;',
	'');
INSERT INTO SM_STATE
	VALUES (8388617,
	8388624,
	0,
	'Send LE of S to S',
	12,
	0);
INSERT INTO SM_SEME
	VALUES (8388617,
	8388609,
	8388624,
	0);
INSERT INTO SM_EIGN
	VALUES (8388617,
	8388610,
	8388624,
	0,
	'');
INSERT INTO SM_SEME
	VALUES (8388617,
	8388610,
	8388624,
	0);
INSERT INTO SM_SEME
	VALUES (8388617,
	8388611,
	8388624,
	0);
INSERT INTO SM_EIGN
	VALUES (8388617,
	8388612,
	8388624,
	0,
	'');
INSERT INTO SM_SEME
	VALUES (8388617,
	8388612,
	8388624,
	0);
INSERT INTO SM_EIGN
	VALUES (8388617,
	8388613,
	8388624,
	0,
	'');
INSERT INTO SM_SEME
	VALUES (8388617,
	8388613,
	8388624,
	0);
INSERT INTO SM_EIGN
	VALUES (8388617,
	8388614,
	8388624,
	0,
	'');
INSERT INTO SM_SEME
	VALUES (8388617,
	8388614,
	8388624,
	0);
INSERT INTO SM_MOAH
	VALUES (8388617,
	8388624,
	8388617);
INSERT INTO SM_AH
	VALUES (8388617,
	8388624);
INSERT INTO SM_ACT
	VALUES (8388617,
	8388624,
	1,
	'value = TIM::timer_cancel(timer_inst_ref:self.timer);

LOG::LogInfo(message:"Chain Driver: Send local event to supertype.");
select any s from instances of C_S where selected.x == 100;
generate C_S2(key:"C_S", instance:100) to s;

create event instance no_ack of C_D3:''No ACK'' to self;
self.timer = TIM::timer_start(microseconds:5000000, event_inst:no_ack);
',
	'');
INSERT INTO SM_STATE
	VALUES (8388618,
	8388624,
	0,
	'No Response (S S)',
	13,
	0);
INSERT INTO SM_EIGN
	VALUES (8388618,
	8388609,
	8388624,
	0,
	'');
INSERT INTO SM_SEME
	VALUES (8388618,
	8388609,
	8388624,
	0);
INSERT INTO SM_EIGN
	VALUES (8388618,
	8388610,
	8388624,
	0,
	'');
INSERT INTO SM_SEME
	VALUES (8388618,
	8388610,
	8388624,
	0);
INSERT INTO SM_EIGN
	VALUES (8388618,
	8388611,
	8388624,
	0,
	'');
INSERT INTO SM_SEME
	VALUES (8388618,
	8388611,
	8388624,
	0);
INSERT INTO SM_SEME
	VALUES (8388618,
	8388612,
	8388624,
	0);
INSERT INTO SM_EIGN
	VALUES (8388618,
	8388613,
	8388624,
	0,
	'');
INSERT INTO SM_SEME
	VALUES (8388618,
	8388613,
	8388624,
	0);
INSERT INTO SM_EIGN
	VALUES (8388618,
	8388614,
	8388624,
	0,
	'');
INSERT INTO SM_SEME
	VALUES (8388618,
	8388614,
	8388624,
	0);
INSERT INTO SM_MOAH
	VALUES (8388618,
	8388624,
	8388618);
INSERT INTO SM_AH
	VALUES (8388618,
	8388624);
INSERT INTO SM_ACT
	VALUES (8388618,
	8388624,
	1,
	'LOG::LogFailure(message:"Did not receive ACK for Send LE to Supertype");
generate C_D4:''Continue'' to self;',
	'');
INSERT INTO SM_STATE
	VALUES (8388619,
	8388624,
	0,
	'Send PE of A to A (AA)',
	14,
	0);
INSERT INTO SM_SEME
	VALUES (8388619,
	8388609,
	8388624,
	0);
INSERT INTO SM_EIGN
	VALUES (8388619,
	8388610,
	8388624,
	0,
	'');
INSERT INTO SM_SEME
	VALUES (8388619,
	8388610,
	8388624,
	0);
INSERT INTO SM_SEME
	VALUES (8388619,
	8388611,
	8388624,
	0);
INSERT INTO SM_EIGN
	VALUES (8388619,
	8388612,
	8388624,
	0,
	'');
INSERT INTO SM_SEME
	VALUES (8388619,
	8388612,
	8388624,
	0);
INSERT INTO SM_EIGN
	VALUES (8388619,
	8388613,
	8388624,
	0,
	'');
INSERT INTO SM_SEME
	VALUES (8388619,
	8388613,
	8388624,
	0);
INSERT INTO SM_EIGN
	VALUES (8388619,
	8388614,
	8388624,
	0,
	'');
INSERT INTO SM_SEME
	VALUES (8388619,
	8388614,
	8388624,
	0);
INSERT INTO SM_MOAH
	VALUES (8388619,
	8388624,
	8388619);
INSERT INTO SM_AH
	VALUES (8388619,
	8388624);
INSERT INTO SM_ACT
	VALUES (8388619,
	8388624,
	1,
	'value = TIM::timer_cancel(timer_inst_ref:self.timer);

LOG::LogInfo(message:"Chain Driver: Send polymorphic event of 1st level to 1st level, received by 2nd level.");
select any a from instances of C_A where selected.x == 121;
generate C_A1*(key:"C_AA", instance:122) to a;

create event instance no_ack of C_D3:''No ACK'' to self;
self.timer = TIM::timer_start(microseconds:5000000, event_inst:no_ack);
',
	'');
INSERT INTO SM_STATE
	VALUES (8388620,
	8388624,
	0,
	'No Response (A A AA)',
	15,
	0);
INSERT INTO SM_EIGN
	VALUES (8388620,
	8388609,
	8388624,
	0,
	'');
INSERT INTO SM_SEME
	VALUES (8388620,
	8388609,
	8388624,
	0);
INSERT INTO SM_EIGN
	VALUES (8388620,
	8388610,
	8388624,
	0,
	'');
INSERT INTO SM_SEME
	VALUES (8388620,
	8388610,
	8388624,
	0);
INSERT INTO SM_EIGN
	VALUES (8388620,
	8388611,
	8388624,
	0,
	'');
INSERT INTO SM_SEME
	VALUES (8388620,
	8388611,
	8388624,
	0);
INSERT INTO SM_SEME
	VALUES (8388620,
	8388612,
	8388624,
	0);
INSERT INTO SM_EIGN
	VALUES (8388620,
	8388613,
	8388624,
	0,
	'');
INSERT INTO SM_SEME
	VALUES (8388620,
	8388613,
	8388624,
	0);
INSERT INTO SM_EIGN
	VALUES (8388620,
	8388614,
	8388624,
	0,
	'');
INSERT INTO SM_SEME
	VALUES (8388620,
	8388614,
	8388624,
	0);
INSERT INTO SM_MOAH
	VALUES (8388620,
	8388624,
	8388620);
INSERT INTO SM_AH
	VALUES (8388620,
	8388624);
INSERT INTO SM_ACT
	VALUES (8388620,
	8388624,
	1,
	'LOG::LogFailure(message:"Did not receive ACK for Send PE of 1st level to 1st level, received by 2nd level");
generate C_D4:''Continue'' to self;',
	'');
INSERT INTO SM_STATE
	VALUES (8388621,
	8388624,
	0,
	'Done',
	16,
	0);
INSERT INTO SM_EIGN
	VALUES (8388621,
	8388609,
	8388624,
	0,
	'');
INSERT INTO SM_SEME
	VALUES (8388621,
	8388609,
	8388624,
	0);
INSERT INTO SM_EIGN
	VALUES (8388621,
	8388610,
	8388624,
	0,
	'');
INSERT INTO SM_SEME
	VALUES (8388621,
	8388610,
	8388624,
	0);
INSERT INTO SM_EIGN
	VALUES (8388621,
	8388611,
	8388624,
	0,
	'');
INSERT INTO SM_SEME
	VALUES (8388621,
	8388611,
	8388624,
	0);
INSERT INTO SM_EIGN
	VALUES (8388621,
	8388612,
	8388624,
	0,
	'');
INSERT INTO SM_SEME
	VALUES (8388621,
	8388612,
	8388624,
	0);
INSERT INTO SM_EIGN
	VALUES (8388621,
	8388613,
	8388624,
	0,
	'');
INSERT INTO SM_SEME
	VALUES (8388621,
	8388613,
	8388624,
	0);
INSERT INTO SM_EIGN
	VALUES (8388621,
	8388614,
	8388624,
	0,
	'');
INSERT INTO SM_SEME
	VALUES (8388621,
	8388614,
	8388624,
	0);
INSERT INTO SM_MOAH
	VALUES (8388621,
	8388624,
	8388621);
INSERT INTO SM_AH
	VALUES (8388621,
	8388624);
INSERT INTO SM_ACT
	VALUES (8388621,
	8388624,
	1,
	'value = TIM::timer_cancel(timer_inst_ref:self.timer);
LOG::LogInfo(message:"Chain Driver Done.");

select any mc from instances of MC_MC;
generate MC_MC1:test_complete to mc;',
	'');
INSERT INTO SM_STATE
	VALUES (8388622,
	8388624,
	0,
	'Send LE to A',
	17,
	0);
INSERT INTO SM_SEME
	VALUES (8388622,
	8388609,
	8388624,
	0);
INSERT INTO SM_EIGN
	VALUES (8388622,
	8388610,
	8388624,
	0,
	'');
INSERT INTO SM_SEME
	VALUES (8388622,
	8388610,
	8388624,
	0);
INSERT INTO SM_SEME
	VALUES (8388622,
	8388611,
	8388624,
	0);
INSERT INTO SM_EIGN
	VALUES (8388622,
	8388612,
	8388624,
	0,
	'');
INSERT INTO SM_SEME
	VALUES (8388622,
	8388612,
	8388624,
	0);
INSERT INTO SM_EIGN
	VALUES (8388622,
	8388613,
	8388624,
	0,
	'');
INSERT INTO SM_SEME
	VALUES (8388622,
	8388613,
	8388624,
	0);
INSERT INTO SM_EIGN
	VALUES (8388622,
	8388614,
	8388624,
	0,
	'');
INSERT INTO SM_SEME
	VALUES (8388622,
	8388614,
	8388624,
	0);
INSERT INTO SM_MOAH
	VALUES (8388622,
	8388624,
	8388622);
INSERT INTO SM_AH
	VALUES (8388622,
	8388624);
INSERT INTO SM_ACT
	VALUES (8388622,
	8388624,
	1,
	'value = TIM::timer_cancel(timer_inst_ref:self.timer);

LOG::LogInfo(message:"Chain Driver: Send local event to 1st level.");
select any a from instances of C_A where selected.x == 104;
generate C_A2(key:"C_A", instance:104) to a;

create event instance no_ack of C_D3:''No ACK'' to self;
self.timer = TIM::timer_start(microseconds:5000000, event_inst:no_ack);
',
	'');
INSERT INTO SM_STATE
	VALUES (8388623,
	8388624,
	0,
	'No Response (A A)',
	18,
	0);
INSERT INTO SM_EIGN
	VALUES (8388623,
	8388609,
	8388624,
	0,
	'');
INSERT INTO SM_SEME
	VALUES (8388623,
	8388609,
	8388624,
	0);
INSERT INTO SM_EIGN
	VALUES (8388623,
	8388610,
	8388624,
	0,
	'');
INSERT INTO SM_SEME
	VALUES (8388623,
	8388610,
	8388624,
	0);
INSERT INTO SM_EIGN
	VALUES (8388623,
	8388611,
	8388624,
	0,
	'');
INSERT INTO SM_SEME
	VALUES (8388623,
	8388611,
	8388624,
	0);
INSERT INTO SM_SEME
	VALUES (8388623,
	8388612,
	8388624,
	0);
INSERT INTO SM_EIGN
	VALUES (8388623,
	8388613,
	8388624,
	0,
	'');
INSERT INTO SM_SEME
	VALUES (8388623,
	8388613,
	8388624,
	0);
INSERT INTO SM_EIGN
	VALUES (8388623,
	8388614,
	8388624,
	0,
	'');
INSERT INTO SM_SEME
	VALUES (8388623,
	8388614,
	8388624,
	0);
INSERT INTO SM_MOAH
	VALUES (8388623,
	8388624,
	8388623);
INSERT INTO SM_AH
	VALUES (8388623,
	8388624);
INSERT INTO SM_ACT
	VALUES (8388623,
	8388624,
	1,
	'LOG::LogFailure(message:"Did not receive ACK for Send local event to 1st level");
generate C_D4:''Continue'' to self;',
	'');
INSERT INTO SM_STATE
	VALUES (8388624,
	8388624,
	0,
	'Send PE of S to AA (AA)',
	19,
	0);
INSERT INTO SM_SEME
	VALUES (8388624,
	8388609,
	8388624,
	0);
INSERT INTO SM_EIGN
	VALUES (8388624,
	8388610,
	8388624,
	0,
	'');
INSERT INTO SM_SEME
	VALUES (8388624,
	8388610,
	8388624,
	0);
INSERT INTO SM_SEME
	VALUES (8388624,
	8388611,
	8388624,
	0);
INSERT INTO SM_EIGN
	VALUES (8388624,
	8388612,
	8388624,
	0,
	'');
INSERT INTO SM_SEME
	VALUES (8388624,
	8388612,
	8388624,
	0);
INSERT INTO SM_EIGN
	VALUES (8388624,
	8388613,
	8388624,
	0,
	'');
INSERT INTO SM_SEME
	VALUES (8388624,
	8388613,
	8388624,
	0);
INSERT INTO SM_EIGN
	VALUES (8388624,
	8388614,
	8388624,
	0,
	'');
INSERT INTO SM_SEME
	VALUES (8388624,
	8388614,
	8388624,
	0);
INSERT INTO SM_MOAH
	VALUES (8388624,
	8388624,
	8388624);
INSERT INTO SM_AH
	VALUES (8388624,
	8388624);
INSERT INTO SM_ACT
	VALUES (8388624,
	8388624,
	1,
	'value = TIM::timer_cancel(timer_inst_ref:self.timer);

LOG::LogInfo(message:"Chain Driver: Send polymorphic event of supertype to 2nd level, received by 2nd level.");
select any aa from instances of C_AA where selected.x == 122;
generate C_S1*(key:"C_AA", instance:122) to aa;

create event instance no_ack of C_D3:''No ACK'' to self;
self.timer = TIM::timer_start(microseconds:5000000, event_inst:no_ack);
',
	'');
INSERT INTO SM_STATE
	VALUES (8388625,
	8388624,
	0,
	'No Response (AA S AA)',
	20,
	0);
INSERT INTO SM_EIGN
	VALUES (8388625,
	8388609,
	8388624,
	0,
	'');
INSERT INTO SM_SEME
	VALUES (8388625,
	8388609,
	8388624,
	0);
INSERT INTO SM_EIGN
	VALUES (8388625,
	8388610,
	8388624,
	0,
	'');
INSERT INTO SM_SEME
	VALUES (8388625,
	8388610,
	8388624,
	0);
INSERT INTO SM_EIGN
	VALUES (8388625,
	8388611,
	8388624,
	0,
	'');
INSERT INTO SM_SEME
	VALUES (8388625,
	8388611,
	8388624,
	0);
INSERT INTO SM_SEME
	VALUES (8388625,
	8388612,
	8388624,
	0);
INSERT INTO SM_EIGN
	VALUES (8388625,
	8388613,
	8388624,
	0,
	'');
INSERT INTO SM_SEME
	VALUES (8388625,
	8388613,
	8388624,
	0);
INSERT INTO SM_EIGN
	VALUES (8388625,
	8388614,
	8388624,
	0,
	'');
INSERT INTO SM_SEME
	VALUES (8388625,
	8388614,
	8388624,
	0);
INSERT INTO SM_MOAH
	VALUES (8388625,
	8388624,
	8388625);
INSERT INTO SM_AH
	VALUES (8388625,
	8388624);
INSERT INTO SM_ACT
	VALUES (8388625,
	8388624,
	1,
	'LOG::LogFailure(message:"Did not receive ACK for Send PE of supertype to 2nd level, received by 2nd level");
generate C_D4:''Continue'' to self;',
	'');
INSERT INTO SM_STATE
	VALUES (8388626,
	8388624,
	0,
	'Send PE of A to AA (AA)',
	21,
	0);
INSERT INTO SM_SEME
	VALUES (8388626,
	8388609,
	8388624,
	0);
INSERT INTO SM_EIGN
	VALUES (8388626,
	8388610,
	8388624,
	0,
	'');
INSERT INTO SM_SEME
	VALUES (8388626,
	8388610,
	8388624,
	0);
INSERT INTO SM_SEME
	VALUES (8388626,
	8388611,
	8388624,
	0);
INSERT INTO SM_EIGN
	VALUES (8388626,
	8388612,
	8388624,
	0,
	'');
INSERT INTO SM_SEME
	VALUES (8388626,
	8388612,
	8388624,
	0);
INSERT INTO SM_EIGN
	VALUES (8388626,
	8388613,
	8388624,
	0,
	'');
INSERT INTO SM_SEME
	VALUES (8388626,
	8388613,
	8388624,
	0);
INSERT INTO SM_EIGN
	VALUES (8388626,
	8388614,
	8388624,
	0,
	'');
INSERT INTO SM_SEME
	VALUES (8388626,
	8388614,
	8388624,
	0);
INSERT INTO SM_MOAH
	VALUES (8388626,
	8388624,
	8388626);
INSERT INTO SM_AH
	VALUES (8388626,
	8388624);
INSERT INTO SM_ACT
	VALUES (8388626,
	8388624,
	1,
	'value = TIM::timer_cancel(timer_inst_ref:self.timer);

LOG::LogInfo(message:"Chain Driver: Send polymorphic event of 1st level to 2nd level, received by 2nd level.");
select any aa from instances of C_AA where selected.x == 102;
generate C_A1*(key:"C_AA", instance:102) to aa;

create event instance no_ack of C_D3:''No ACK'' to self;
self.timer = TIM::timer_start(microseconds:5000000, event_inst:no_ack);
',
	'');
INSERT INTO SM_STATE
	VALUES (8388627,
	8388624,
	0,
	'No Response (AA A AA)',
	22,
	0);
INSERT INTO SM_EIGN
	VALUES (8388627,
	8388609,
	8388624,
	0,
	'');
INSERT INTO SM_SEME
	VALUES (8388627,
	8388609,
	8388624,
	0);
INSERT INTO SM_EIGN
	VALUES (8388627,
	8388610,
	8388624,
	0,
	'');
INSERT INTO SM_SEME
	VALUES (8388627,
	8388610,
	8388624,
	0);
INSERT INTO SM_EIGN
	VALUES (8388627,
	8388611,
	8388624,
	0,
	'');
INSERT INTO SM_SEME
	VALUES (8388627,
	8388611,
	8388624,
	0);
INSERT INTO SM_SEME
	VALUES (8388627,
	8388612,
	8388624,
	0);
INSERT INTO SM_EIGN
	VALUES (8388627,
	8388613,
	8388624,
	0,
	'');
INSERT INTO SM_SEME
	VALUES (8388627,
	8388613,
	8388624,
	0);
INSERT INTO SM_EIGN
	VALUES (8388627,
	8388614,
	8388624,
	0,
	'');
INSERT INTO SM_SEME
	VALUES (8388627,
	8388614,
	8388624,
	0);
INSERT INTO SM_MOAH
	VALUES (8388627,
	8388624,
	8388627);
INSERT INTO SM_AH
	VALUES (8388627,
	8388624);
INSERT INTO SM_ACT
	VALUES (8388627,
	8388624,
	1,
	'LOG::LogFailure(message:"Did not receive ACK for Send PE of 1st level to 2nd level, received by 2nd level");
generate C_D4:''Continue'' to self;',
	'');
INSERT INTO SM_STATE
	VALUES (8388628,
	8388624,
	0,
	'Send LE to AA',
	23,
	0);
INSERT INTO SM_SEME
	VALUES (8388628,
	8388609,
	8388624,
	0);
INSERT INTO SM_EIGN
	VALUES (8388628,
	8388610,
	8388624,
	0,
	'');
INSERT INTO SM_SEME
	VALUES (8388628,
	8388610,
	8388624,
	0);
INSERT INTO SM_SEME
	VALUES (8388628,
	8388611,
	8388624,
	0);
INSERT INTO SM_EIGN
	VALUES (8388628,
	8388612,
	8388624,
	0,
	'');
INSERT INTO SM_SEME
	VALUES (8388628,
	8388612,
	8388624,
	0);
INSERT INTO SM_EIGN
	VALUES (8388628,
	8388613,
	8388624,
	0,
	'');
INSERT INTO SM_SEME
	VALUES (8388628,
	8388613,
	8388624,
	0);
INSERT INTO SM_EIGN
	VALUES (8388628,
	8388614,
	8388624,
	0,
	'');
INSERT INTO SM_SEME
	VALUES (8388628,
	8388614,
	8388624,
	0);
INSERT INTO SM_MOAH
	VALUES (8388628,
	8388624,
	8388628);
INSERT INTO SM_AH
	VALUES (8388628,
	8388624);
INSERT INTO SM_ACT
	VALUES (8388628,
	8388624,
	1,
	'value = TIM::timer_cancel(timer_inst_ref:self.timer);

LOG::LogInfo(message:"Chain Driver: Send local event of 2nd level to 2nd level.");
select any aa from instances of C_AA where selected.x == 122;
generate C_AA1(key:"C_AA", instance:122) to aa;

create event instance no_ack of C_D3:''No ACK'' to self;
self.timer = TIM::timer_start(microseconds:5000000, event_inst:no_ack);
',
	'');
INSERT INTO SM_STATE
	VALUES (8388629,
	8388624,
	0,
	'No Response (AA AA)',
	24,
	0);
INSERT INTO SM_EIGN
	VALUES (8388629,
	8388609,
	8388624,
	0,
	'');
INSERT INTO SM_SEME
	VALUES (8388629,
	8388609,
	8388624,
	0);
INSERT INTO SM_EIGN
	VALUES (8388629,
	8388610,
	8388624,
	0,
	'');
INSERT INTO SM_SEME
	VALUES (8388629,
	8388610,
	8388624,
	0);
INSERT INTO SM_EIGN
	VALUES (8388629,
	8388611,
	8388624,
	0,
	'');
INSERT INTO SM_SEME
	VALUES (8388629,
	8388611,
	8388624,
	0);
INSERT INTO SM_EIGN
	VALUES (8388629,
	8388612,
	8388624,
	0,
	'');
INSERT INTO SM_SEME
	VALUES (8388629,
	8388612,
	8388624,
	0);
INSERT INTO SM_EIGN
	VALUES (8388629,
	8388613,
	8388624,
	0,
	'');
INSERT INTO SM_SEME
	VALUES (8388629,
	8388613,
	8388624,
	0);
INSERT INTO SM_EIGN
	VALUES (8388629,
	8388614,
	8388624,
	0,
	'');
INSERT INTO SM_SEME
	VALUES (8388629,
	8388614,
	8388624,
	0);
INSERT INTO SM_MOAH
	VALUES (8388629,
	8388624,
	8388629);
INSERT INTO SM_AH
	VALUES (8388629,
	8388624);
INSERT INTO SM_ACT
	VALUES (8388629,
	8388624,
	1,
	'LOG::LogFailure(message:"Did not receive ACK for Send LE to 2nd level");
generate C_D4:''Continue'' to self;',
	'');
INSERT INTO SM_STATE
	VALUES (8388630,
	8388624,
	0,
	'Received ACK from BB, Poly Event',
	25,
	0);
INSERT INTO SM_SEME
	VALUES (8388630,
	8388609,
	8388624,
	0);
INSERT INTO SM_EIGN
	VALUES (8388630,
	8388610,
	8388624,
	0,
	'');
INSERT INTO SM_SEME
	VALUES (8388630,
	8388610,
	8388624,
	0);
INSERT INTO SM_SEME
	VALUES (8388630,
	8388611,
	8388624,
	0);
INSERT INTO SM_EIGN
	VALUES (8388630,
	8388612,
	8388624,
	0,
	'');
INSERT INTO SM_SEME
	VALUES (8388630,
	8388612,
	8388624,
	0);
INSERT INTO SM_EIGN
	VALUES (8388630,
	8388613,
	8388624,
	0,
	'');
INSERT INTO SM_SEME
	VALUES (8388630,
	8388613,
	8388624,
	0);
INSERT INTO SM_EIGN
	VALUES (8388630,
	8388614,
	8388624,
	0,
	'');
INSERT INTO SM_SEME
	VALUES (8388630,
	8388614,
	8388624,
	0);
INSERT INTO SM_MOAH
	VALUES (8388630,
	8388624,
	8388630);
INSERT INTO SM_AH
	VALUES (8388630,
	8388624);
INSERT INTO SM_ACT
	VALUES (8388630,
	8388624,
	1,
	'value = TIM::timer_cancel(timer_inst_ref:self.timer);

LOG::LogInfo(message:"Chain Driver: Waiting for ACK from Subtype BB, Poly Event.");

create event instance no_ack of C_D3:''No ACK'' to self;
self.timer = TIM::timer_start(microseconds:5000000, event_inst:no_ack);',
	'');
INSERT INTO SM_STATE
	VALUES (8388631,
	8388624,
	0,
	'No Response',
	26,
	0);
INSERT INTO SM_EIGN
	VALUES (8388631,
	8388609,
	8388624,
	0,
	'');
INSERT INTO SM_SEME
	VALUES (8388631,
	8388609,
	8388624,
	0);
INSERT INTO SM_EIGN
	VALUES (8388631,
	8388610,
	8388624,
	0,
	'');
INSERT INTO SM_SEME
	VALUES (8388631,
	8388610,
	8388624,
	0);
INSERT INTO SM_EIGN
	VALUES (8388631,
	8388611,
	8388624,
	0,
	'');
INSERT INTO SM_SEME
	VALUES (8388631,
	8388611,
	8388624,
	0);
INSERT INTO SM_SEME
	VALUES (8388631,
	8388612,
	8388624,
	0);
INSERT INTO SM_EIGN
	VALUES (8388631,
	8388613,
	8388624,
	0,
	'');
INSERT INTO SM_SEME
	VALUES (8388631,
	8388613,
	8388624,
	0);
INSERT INTO SM_EIGN
	VALUES (8388631,
	8388614,
	8388624,
	0,
	'');
INSERT INTO SM_SEME
	VALUES (8388631,
	8388614,
	8388624,
	0);
INSERT INTO SM_MOAH
	VALUES (8388631,
	8388624,
	8388631);
INSERT INTO SM_AH
	VALUES (8388631,
	8388624);
INSERT INTO SM_ACT
	VALUES (8388631,
	8388624,
	1,
	'LOG::LogFailure(message:"Did not receive ACK from Subtype BB, Poly event");
generate C_D4:''Continue'' to self;',
	'');
INSERT INTO SM_NSTXN
	VALUES (8388609,
	8388624,
	8388609,
	8388611,
	0);
INSERT INTO SM_TXN
	VALUES (8388609,
	8388624,
	8388610,
	0);
INSERT INTO SM_NSTXN
	VALUES (8388610,
	8388624,
	8388612,
	8388611,
	0);
INSERT INTO SM_TXN
	VALUES (8388610,
	8388624,
	8388613,
	0);
INSERT INTO SM_NSTXN
	VALUES (8388611,
	8388624,
	8388611,
	8388611,
	0);
INSERT INTO SM_TXN
	VALUES (8388611,
	8388624,
	8388614,
	0);
INSERT INTO SM_NSTXN
	VALUES (8388612,
	8388624,
	8388609,
	8388609,
	0);
INSERT INTO SM_TXN
	VALUES (8388612,
	8388624,
	8388612,
	0);
INSERT INTO SM_NSTXN
	VALUES (8388613,
	8388624,
	8388610,
	8388612,
	0);
INSERT INTO SM_TXN
	VALUES (8388613,
	8388624,
	8388612,
	0);
INSERT INTO SM_NSTXN
	VALUES (8388614,
	8388624,
	8388615,
	8388611,
	0);
INSERT INTO SM_TXN
	VALUES (8388614,
	8388624,
	8388616,
	0);
INSERT INTO SM_NSTXN
	VALUES (8388616,
	8388624,
	8388617,
	8388611,
	0);
INSERT INTO SM_TXN
	VALUES (8388616,
	8388624,
	8388618,
	0);
INSERT INTO SM_NSTXN
	VALUES (8388617,
	8388624,
	8388612,
	8388609,
	0);
INSERT INTO SM_TXN
	VALUES (8388617,
	8388624,
	8388617,
	0);
INSERT INTO SM_NSTXN
	VALUES (8388621,
	8388624,
	8388613,
	8388612,
	0);
INSERT INTO SM_TXN
	VALUES (8388621,
	8388624,
	8388617,
	0);
INSERT INTO SM_NSTXN
	VALUES (8388622,
	8388624,
	8388619,
	8388611,
	0);
INSERT INTO SM_TXN
	VALUES (8388622,
	8388624,
	8388620,
	0);
INSERT INTO SM_NSTXN
	VALUES (8388623,
	8388624,
	8388611,
	8388609,
	0);
INSERT INTO SM_TXN
	VALUES (8388623,
	8388624,
	8388619,
	0);
INSERT INTO SM_NSTXN
	VALUES (8388624,
	8388624,
	8388614,
	8388612,
	0);
INSERT INTO SM_TXN
	VALUES (8388624,
	8388624,
	8388619,
	0);
INSERT INTO SM_CRTXN
	VALUES (8388625,
	8388624,
	8388614,
	8388609);
INSERT INTO SM_TXN
	VALUES (8388625,
	8388624,
	8388609,
	0);
INSERT INTO SM_NSTXN
	VALUES (8388626,
	8388624,
	8388622,
	8388611,
	0);
INSERT INTO SM_TXN
	VALUES (8388626,
	8388624,
	8388623,
	0);
INSERT INTO SM_NSTXN
	VALUES (8388627,
	8388624,
	8388624,
	8388611,
	0);
INSERT INTO SM_TXN
	VALUES (8388627,
	8388624,
	8388625,
	0);
INSERT INTO SM_NSTXN
	VALUES (8388628,
	8388624,
	8388626,
	8388611,
	0);
INSERT INTO SM_TXN
	VALUES (8388628,
	8388624,
	8388627,
	0);
INSERT INTO SM_NSTXN
	VALUES (8388629,
	8388624,
	8388628,
	8388611,
	0);
INSERT INTO SM_TXN
	VALUES (8388629,
	8388624,
	8388629,
	0);
INSERT INTO SM_NSTXN
	VALUES (8388630,
	8388624,
	8388619,
	8388609,
	0);
INSERT INTO SM_TXN
	VALUES (8388630,
	8388624,
	8388622,
	0);
INSERT INTO SM_NSTXN
	VALUES (8388631,
	8388624,
	8388620,
	8388612,
	0);
INSERT INTO SM_TXN
	VALUES (8388631,
	8388624,
	8388622,
	0);
INSERT INTO SM_NSTXN
	VALUES (8388632,
	8388624,
	8388622,
	8388609,
	0);
INSERT INTO SM_TXN
	VALUES (8388632,
	8388624,
	8388624,
	0);
INSERT INTO SM_NSTXN
	VALUES (8388633,
	8388624,
	8388623,
	8388612,
	0);
INSERT INTO SM_TXN
	VALUES (8388633,
	8388624,
	8388624,
	0);
INSERT INTO SM_NSTXN
	VALUES (8388634,
	8388624,
	8388624,
	8388609,
	0);
INSERT INTO SM_TXN
	VALUES (8388634,
	8388624,
	8388626,
	0);
INSERT INTO SM_NSTXN
	VALUES (8388635,
	8388624,
	8388626,
	8388609,
	0);
INSERT INTO SM_TXN
	VALUES (8388635,
	8388624,
	8388628,
	0);
INSERT INTO SM_NSTXN
	VALUES (8388636,
	8388624,
	8388628,
	8388609,
	0);
INSERT INTO SM_TXN
	VALUES (8388636,
	8388624,
	8388621,
	0);
INSERT INTO SM_NSTXN
	VALUES (8388637,
	8388624,
	8388627,
	8388612,
	0);
INSERT INTO SM_TXN
	VALUES (8388637,
	8388624,
	8388628,
	0);
INSERT INTO SM_NSTXN
	VALUES (8388638,
	8388624,
	8388625,
	8388612,
	0);
INSERT INTO SM_TXN
	VALUES (8388638,
	8388624,
	8388626,
	0);
INSERT INTO SM_NSTXN
	VALUES (8388641,
	8388624,
	8388630,
	8388611,
	0);
INSERT INTO SM_TXN
	VALUES (8388641,
	8388624,
	8388631,
	0);
INSERT INTO SM_NSTXN
	VALUES (8388644,
	8388624,
	8388617,
	8388609,
	0);
INSERT INTO SM_TXN
	VALUES (8388644,
	8388624,
	8388615,
	0);
INSERT INTO SM_NSTXN
	VALUES (8388645,
	8388624,
	8388615,
	8388609,
	0);
INSERT INTO SM_TXN
	VALUES (8388645,
	8388624,
	8388630,
	0);
INSERT INTO SM_NSTXN
	VALUES (8388646,
	8388624,
	8388630,
	8388609,
	0);
INSERT INTO SM_TXN
	VALUES (8388646,
	8388624,
	8388611,
	0);
INSERT INTO SM_NSTXN
	VALUES (8388647,
	8388624,
	8388618,
	8388612,
	0);
INSERT INTO SM_TXN
	VALUES (8388647,
	8388624,
	8388615,
	0);
INSERT INTO SM_NSTXN
	VALUES (8388648,
	8388624,
	8388616,
	8388612,
	0);
INSERT INTO SM_TXN
	VALUES (8388648,
	8388624,
	8388630,
	0);
INSERT INTO SM_NSTXN
	VALUES (8388649,
	8388624,
	8388631,
	8388612,
	0);
INSERT INTO SM_TXN
	VALUES (8388649,
	8388624,
	8388611,
	0);
INSERT INTO GD_MD
	VALUES (8388609,
	8,
	8388624,
	40,
	1,
	0,
	1,
	1,
	0,
	12,
	1444,
	3401,
	0.750000,
	0);
INSERT INTO GD_GE
	VALUES (8388610,
	8388609,
	8388609,
	41);
INSERT INTO GD_SHP
	VALUES (8388610,
	1696,
	1216,
	2112,
	1360);
INSERT INTO GD_GE
	VALUES (8388611,
	8388609,
	8388610,
	41);
INSERT INTO GD_SHP
	VALUES (8388611,
	2224,
	1216,
	2464,
	1328);
INSERT INTO GD_GE
	VALUES (8388612,
	8388609,
	8388611,
	41);
INSERT INTO GD_SHP
	VALUES (8388612,
	1696,
	2320,
	2112,
	2512);
INSERT INTO GD_GE
	VALUES (8388613,
	8388609,
	8388612,
	41);
INSERT INTO GD_SHP
	VALUES (8388613,
	1696,
	1408,
	2112,
	1584);
INSERT INTO GD_GE
	VALUES (8388614,
	8388609,
	8388613,
	41);
INSERT INTO GD_SHP
	VALUES (8388614,
	2224,
	1408,
	2464,
	1520);
INSERT INTO GD_GE
	VALUES (8388615,
	8388609,
	8388614,
	41);
INSERT INTO GD_SHP
	VALUES (8388615,
	2224,
	2320,
	2464,
	2432);
INSERT INTO GD_GE
	VALUES (8388616,
	8388609,
	8388615,
	41);
INSERT INTO GD_SHP
	VALUES (8388616,
	1696,
	1856,
	2112,
	2032);
INSERT INTO GD_GE
	VALUES (8388617,
	8388609,
	8388616,
	41);
INSERT INTO GD_SHP
	VALUES (8388617,
	2224,
	1856,
	2464,
	1968);
INSERT INTO GD_GE
	VALUES (8388618,
	8388609,
	8388617,
	41);
INSERT INTO GD_SHP
	VALUES (8388618,
	1696,
	1632,
	2112,
	1808);
INSERT INTO GD_GE
	VALUES (8388619,
	8388609,
	8388618,
	41);
INSERT INTO GD_SHP
	VALUES (8388619,
	2224,
	1632,
	2464,
	1744);
INSERT INTO GD_GE
	VALUES (8388620,
	8388609,
	8388619,
	41);
INSERT INTO GD_SHP
	VALUES (8388620,
	1686,
	2566,
	2118,
	2742);
INSERT INTO GD_GE
	VALUES (8388621,
	8388609,
	8388620,
	41);
INSERT INTO GD_SHP
	VALUES (8388621,
	2230,
	2566,
	2470,
	2678);
INSERT INTO GD_GE
	VALUES (8388622,
	8388609,
	8388621,
	41);
INSERT INTO GD_SHP
	VALUES (8388622,
	2566,
	2166,
	2982,
	2278);
INSERT INTO GD_GE
	VALUES (8388623,
	8388609,
	8388622,
	41);
INSERT INTO GD_SHP
	VALUES (8388623,
	2562,
	1209,
	2978,
	1385);
INSERT INTO GD_GE
	VALUES (8388624,
	8388609,
	8388623,
	41);
INSERT INTO GD_SHP
	VALUES (8388624,
	3090,
	1209,
	3330,
	1321);
INSERT INTO GD_GE
	VALUES (8388625,
	8388609,
	8388624,
	41);
INSERT INTO GD_SHP
	VALUES (8388625,
	2562,
	1441,
	2978,
	1617);
INSERT INTO GD_GE
	VALUES (8388626,
	8388609,
	8388625,
	41);
INSERT INTO GD_SHP
	VALUES (8388626,
	3090,
	1441,
	3330,
	1553);
INSERT INTO GD_GE
	VALUES (8388627,
	8388609,
	8388626,
	41);
INSERT INTO GD_SHP
	VALUES (8388627,
	2562,
	1681,
	2978,
	1857);
INSERT INTO GD_GE
	VALUES (8388628,
	8388609,
	8388627,
	41);
INSERT INTO GD_SHP
	VALUES (8388628,
	3090,
	1681,
	3330,
	1793);
INSERT INTO GD_GE
	VALUES (8388629,
	8388609,
	8388628,
	41);
INSERT INTO GD_SHP
	VALUES (8388629,
	2562,
	1918,
	2978,
	2094);
INSERT INTO GD_GE
	VALUES (8388630,
	8388609,
	8388629,
	41);
INSERT INTO GD_SHP
	VALUES (8388630,
	3090,
	1918,
	3330,
	2030);
INSERT INTO GD_GE
	VALUES (8388695,
	8388609,
	8388630,
	41);
INSERT INTO GD_SHP
	VALUES (8388695,
	1696,
	2096,
	2112,
	2256);
INSERT INTO GD_GE
	VALUES (8388762,
	8388609,
	8388631,
	41);
INSERT INTO GD_SHP
	VALUES (8388762,
	2224,
	2080,
	2464,
	2192);
INSERT INTO GD_GE
	VALUES (8388631,
	8388609,
	8388609,
	42);
INSERT INTO GD_CON
	VALUES (8388631,
	8388610,
	8388611,
	0);
INSERT INTO GD_CTXT
	VALUES (8388631,
	0,
	0,
	0,
	0,
	0,
	0,
	2123,
	1269,
	2215,
	1287,
	-45,
	5,
	0,
	0,
	0,
	0,
	0,
	0);
INSERT INTO GD_LS
	VALUES (8388632,
	8388631,
	2112,
	1264,
	2224,
	1264,
	0);
INSERT INTO GD_GE
	VALUES (8388633,
	8388609,
	8388625,
	42);
INSERT INTO GD_CON
	VALUES (8388633,
	8388610,
	0,
	0);
INSERT INTO GD_CTXT
	VALUES (8388633,
	0,
	0,
	0,
	0,
	0,
	0,
	1845,
	1181,
	1928,
	1199,
	4,
	-20,
	0,
	0,
	0,
	0,
	0,
	0);
INSERT INTO GD_LS
	VALUES (8388634,
	8388633,
	1856,
	1216,
	1824,
	1184,
	0);
INSERT INTO GD_GE
	VALUES (8388635,
	8388609,
	8388612,
	42);
INSERT INTO GD_CON
	VALUES (8388635,
	8388610,
	8388613,
	0);
INSERT INTO GD_CTXT
	VALUES (8388635,
	0,
	0,
	0,
	0,
	0,
	0,
	1869,
	1374,
	2007,
	1392,
	13,
	-10,
	0,
	0,
	0,
	0,
	0,
	0);
INSERT INTO GD_LS
	VALUES (8388636,
	8388635,
	1856,
	1360,
	1856,
	1408,
	0);
INSERT INTO GD_GE
	VALUES (8388637,
	8388609,
	8388610,
	42);
INSERT INTO GD_CON
	VALUES (8388637,
	8388613,
	8388614,
	0);
INSERT INTO GD_CTXT
	VALUES (8388637,
	0,
	0,
	0,
	0,
	0,
	0,
	2130,
	1460,
	2218,
	1478,
	-38,
	4,
	0,
	0,
	0,
	0,
	0,
	0);
INSERT INTO GD_LS
	VALUES (8388638,
	8388637,
	2112,
	1456,
	2224,
	1456,
	0);
INSERT INTO GD_GE
	VALUES (8388639,
	8388609,
	8388611,
	42);
INSERT INTO GD_CON
	VALUES (8388639,
	8388612,
	8388615,
	0);
INSERT INTO GD_CTXT
	VALUES (8388639,
	0,
	0,
	0,
	0,
	0,
	0,
	2124,
	2390,
	2198,
	2430,
	-9,
	52,
	0,
	0,
	0,
	0,
	0,
	0);
INSERT INTO GD_LS
	VALUES (8388906,
	8388639,
	2112,
	2384,
	2224,
	2384,
	0);
INSERT INTO GD_GE
	VALUES (8388641,
	8388609,
	8388613,
	42);
INSERT INTO GD_CON
	VALUES (8388641,
	8388611,
	8388613,
	0);
INSERT INTO GD_CTXT
	VALUES (8388641,
	0,
	0,
	0,
	0,
	0,
	0,
	2189,
	1373,
	2283,
	1391,
	20,
	6,
	0,
	0,
	0,
	0,
	0,
	0);
INSERT INTO GD_LS
	VALUES (8388642,
	8388641,
	2229,
	1323,
	2107,
	1413,
	0);
INSERT INTO GD_GE
	VALUES (8388643,
	8388609,
	8388614,
	42);
INSERT INTO GD_CON
	VALUES (8388643,
	8388616,
	8388617,
	0);
INSERT INTO GD_CTXT
	VALUES (8388643,
	0,
	0,
	0,
	0,
	0,
	0,
	2128,
	1908,
	2193,
	1952,
	-10,
	54,
	0,
	0,
	0,
	0,
	0,
	0);
INSERT INTO GD_LS
	VALUES (8388956,
	8388643,
	2112,
	1904,
	2224,
	1904,
	0);
INSERT INTO GD_GE
	VALUES (8388649,
	8388609,
	8388616,
	42);
INSERT INTO GD_CON
	VALUES (8388649,
	8388618,
	8388619,
	0);
INSERT INTO GD_CTXT
	VALUES (8388649,
	0,
	0,
	0,
	0,
	0,
	0,
	2126,
	1685,
	2218,
	1703,
	-42,
	5,
	0,
	0,
	0,
	0,
	0,
	0);
INSERT INTO GD_LS
	VALUES (8388650,
	8388649,
	2112,
	1680,
	2224,
	1680,
	0);
INSERT INTO GD_GE
	VALUES (8388651,
	8388609,
	8388621,
	42);
INSERT INTO GD_CON
	VALUES (8388651,
	8388614,
	8388618,
	0);
INSERT INTO GD_CTXT
	VALUES (8388651,
	0,
	0,
	0,
	0,
	0,
	0,
	2197,
	1576,
	2295,
	1594,
	29,
	0,
	0,
	0,
	0,
	0,
	0,
	0);
INSERT INTO GD_LS
	VALUES (8388652,
	8388651,
	2229,
	1515,
	2107,
	1637,
	0);
INSERT INTO GD_GE
	VALUES (8388655,
	8388609,
	8388617,
	42);
INSERT INTO GD_CON
	VALUES (8388655,
	8388613,
	8388618,
	0);
INSERT INTO GD_CTXT
	VALUES (8388655,
	0,
	0,
	0,
	0,
	0,
	0,
	1867,
	1596,
	1980,
	1614,
	11,
	-12,
	0,
	0,
	0,
	0,
	0,
	0);
INSERT INTO GD_LS
	VALUES (8388656,
	8388655,
	1856,
	1584,
	1856,
	1632,
	0);
INSERT INTO GD_GE
	VALUES (8388659,
	8388609,
	8388622,
	42);
INSERT INTO GD_CON
	VALUES (8388659,
	8388620,
	8388621,
	0);
INSERT INTO GD_CTXT
	VALUES (8388659,
	0,
	0,
	0,
	0,
	0,
	0,
	2130,
	2630,
	2204,
	2670,
	-9,
	52,
	0,
	0,
	0,
	0,
	0,
	0);
INSERT INTO GD_LS
	VALUES (8388922,
	8388659,
	2118,
	2624,
	2230,
	2624,
	0);
INSERT INTO GD_GE
	VALUES (8388661,
	8388609,
	8388623,
	42);
INSERT INTO GD_CON
	VALUES (8388661,
	8388612,
	8388620,
	0);
INSERT INTO GD_CTXT
	VALUES (8388661,
	0,
	0,
	0,
	0,
	0,
	0,
	1873,
	2525,
	1961,
	2565,
	111,
	4,
	0,
	0,
	0,
	0,
	0,
	0);
INSERT INTO GD_LS
	VALUES (8388917,
	8388661,
	1856,
	2512,
	1856,
	2566,
	0);
INSERT INTO GD_GE
	VALUES (8388663,
	8388609,
	8388624,
	42);
INSERT INTO GD_CON
	VALUES (8388663,
	8388615,
	8388620,
	0);
INSERT INTO GD_CTXT
	VALUES (8388663,
	0,
	0,
	0,
	0,
	0,
	0,
	2184,
	2499,
	2296,
	2521,
	123,
	14,
	0,
	0,
	0,
	0,
	0,
	0);
INSERT INTO GD_LS
	VALUES (8388916,
	8388663,
	2240,
	2432,
	2117,
	2576,
	0);
INSERT INTO GD_GE
	VALUES (8388665,
	8388609,
	8388626,
	42);
INSERT INTO GD_CON
	VALUES (8388665,
	8388623,
	8388624,
	0);
INSERT INTO GD_CTXT
	VALUES (8388665,
	0,
	0,
	0,
	0,
	0,
	0,
	2990,
	1270,
	3079,
	1288,
	-44,
	6,
	0,
	0,
	0,
	0,
	0,
	0);
INSERT INTO GD_LS
	VALUES (8388666,
	8388665,
	2978,
	1264,
	3090,
	1264,
	0);
INSERT INTO GD_GE
	VALUES (8388667,
	8388609,
	8388627,
	42);
INSERT INTO GD_CON
	VALUES (8388667,
	8388625,
	8388626,
	0);
INSERT INTO GD_CTXT
	VALUES (8388667,
	0,
	0,
	0,
	0,
	0,
	0,
	2990,
	1510,
	3079,
	1528,
	-44,
	6,
	0,
	0,
	0,
	0,
	0,
	0);
INSERT INTO GD_LS
	VALUES (8388668,
	8388667,
	2978,
	1504,
	3090,
	1504,
	0);
INSERT INTO GD_GE
	VALUES (8388669,
	8388609,
	8388628,
	42);
INSERT INTO GD_CON
	VALUES (8388669,
	8388627,
	8388628,
	0);
INSERT INTO GD_CTXT
	VALUES (8388669,
	0,
	0,
	0,
	0,
	0,
	0,
	2990,
	1750,
	3079,
	1768,
	-44,
	6,
	0,
	0,
	0,
	0,
	0,
	0);
INSERT INTO GD_LS
	VALUES (8388670,
	8388669,
	2978,
	1744,
	3090,
	1744,
	0);
INSERT INTO GD_GE
	VALUES (8388671,
	8388609,
	8388629,
	42);
INSERT INTO GD_CON
	VALUES (8388671,
	8388629,
	8388630,
	0);
INSERT INTO GD_CTXT
	VALUES (8388671,
	0,
	0,
	0,
	0,
	0,
	0,
	2990,
	1990,
	3079,
	2008,
	-44,
	6,
	0,
	0,
	0,
	0,
	0,
	0);
INSERT INTO GD_LS
	VALUES (8388672,
	8388671,
	2978,
	1984,
	3090,
	1984,
	0);
INSERT INTO GD_GE
	VALUES (8388673,
	8388609,
	8388630,
	42);
INSERT INTO GD_CON
	VALUES (8388673,
	8388620,
	8388623,
	0);
INSERT INTO GD_CTXT
	VALUES (8388673,
	0,
	0,
	0,
	0,
	0,
	0,
	2218,
	2732,
	2306,
	2772,
	-184,
	766,
	0,
	0,
	0,
	0,
	0,
	0);
INSERT INTO GD_LS
	VALUES (8388932,
	8388673,
	2118,
	2704,
	2496,
	2704,
	0);
INSERT INTO GD_LS
	VALUES (8388933,
	8388673,
	2496,
	2704,
	2496,
	1264,
	8388932);
INSERT INTO GD_LS
	VALUES (8388934,
	8388673,
	2496,
	1264,
	2562,
	1264,
	8388933);
INSERT INTO GD_GE
	VALUES (8388677,
	8388609,
	8388632,
	42);
INSERT INTO GD_CON
	VALUES (8388677,
	8388623,
	8388625,
	0);
INSERT INTO GD_CTXT
	VALUES (8388677,
	0,
	0,
	0,
	0,
	0,
	0,
	2886,
	1397,
	3003,
	1415,
	6,
	-16,
	0,
	0,
	0,
	0,
	0,
	0);
INSERT INTO GD_LS
	VALUES (8388678,
	8388677,
	2880,
	1385,
	2880,
	1441,
	0);
INSERT INTO GD_GE
	VALUES (8388679,
	8388609,
	8388634,
	42);
INSERT INTO GD_CON
	VALUES (8388679,
	8388625,
	8388627,
	0);
INSERT INTO GD_CTXT
	VALUES (8388679,
	0,
	0,
	0,
	0,
	0,
	0,
	2887,
	1635,
	3004,
	1653,
	7,
	-14,
	0,
	0,
	0,
	0,
	0,
	0);
INSERT INTO GD_LS
	VALUES (8388680,
	8388679,
	2880,
	1617,
	2880,
	1681,
	0);
INSERT INTO GD_GE
	VALUES (8388681,
	8388609,
	8388631,
	42);
INSERT INTO GD_CON
	VALUES (8388681,
	8388621,
	8388623,
	0);
INSERT INTO GD_CTXT
	VALUES (8388681,
	0,
	0,
	0,
	0,
	0,
	0,
	2541,
	2460,
	2653,
	2482,
	131,
	493,
	0,
	0,
	0,
	0,
	0,
	0);
INSERT INTO GD_LS
	VALUES (8388941,
	8388681,
	2470,
	2624,
	2528,
	2624,
	0);
INSERT INTO GD_LS
	VALUES (8388942,
	8388681,
	2528,
	2624,
	2528,
	1328,
	8388941);
INSERT INTO GD_LS
	VALUES (8388943,
	8388681,
	2528,
	1328,
	2562,
	1328,
	8388942);
INSERT INTO GD_GE
	VALUES (8388685,
	8388609,
	8388633,
	42);
INSERT INTO GD_CON
	VALUES (8388685,
	8388624,
	8388625,
	0);
INSERT INTO GD_CTXT
	VALUES (8388685,
	0,
	0,
	0,
	0,
	0,
	0,
	3030,
	1380,
	3147,
	1398,
	4,
	4,
	0,
	0,
	0,
	0,
	0,
	0);
INSERT INTO GD_LS
	VALUES (8388686,
	8388685,
	3091,
	1311,
	2960,
	1441,
	0);
INSERT INTO GD_GE
	VALUES (8388687,
	8388609,
	8388638,
	42);
INSERT INTO GD_CON
	VALUES (8388687,
	8388626,
	8388627,
	0);
INSERT INTO GD_CTXT
	VALUES (8388687,
	0,
	0,
	0,
	0,
	0,
	0,
	3043,
	1612,
	3160,
	1630,
	9,
	-4,
	0,
	0,
	0,
	0,
	0,
	0);
INSERT INTO GD_LS
	VALUES (8388688,
	8388687,
	3094,
	1548,
	2973,
	1685,
	0);
INSERT INTO GD_GE
	VALUES (8388689,
	8388609,
	8388635,
	42);
INSERT INTO GD_CON
	VALUES (8388689,
	8388627,
	8388629,
	0);
INSERT INTO GD_CTXT
	VALUES (8388689,
	0,
	0,
	0,
	0,
	0,
	0,
	2886,
	1874,
	3003,
	1892,
	6,
	-13,
	0,
	0,
	0,
	0,
	0,
	0);
INSERT INTO GD_LS
	VALUES (8388690,
	8388689,
	2880,
	1857,
	2880,
	1918,
	0);
INSERT INTO GD_GE
	VALUES (8388691,
	8388609,
	8388637,
	42);
INSERT INTO GD_CON
	VALUES (8388691,
	8388628,
	8388629,
	0);
INSERT INTO GD_CTXT
	VALUES (8388691,
	0,
	0,
	0,
	0,
	0,
	0,
	3046,
	1856,
	3163,
	1874,
	7,
	-1,
	0,
	0,
	0,
	0,
	0,
	0);
INSERT INTO GD_LS
	VALUES (8388692,
	8388691,
	3104,
	1793,
	2973,
	1922,
	0);
INSERT INTO GD_GE
	VALUES (8388693,
	8388609,
	8388636,
	42);
INSERT INTO GD_CON
	VALUES (8388693,
	8388629,
	8388622,
	0);
INSERT INTO GD_CTXT
	VALUES (8388693,
	0,
	0,
	0,
	0,
	0,
	0,
	2886,
	2111,
	3003,
	2129,
	6,
	-19,
	0,
	0,
	0,
	0,
	0,
	0);
INSERT INTO GD_LS
	VALUES (8388694,
	8388693,
	2880,
	2094,
	2880,
	2166,
	0);
INSERT INTO GD_GE
	VALUES (8388763,
	8388609,
	8388641,
	42);
INSERT INTO GD_CON
	VALUES (8388763,
	8388695,
	8388762,
	0);
INSERT INTO GD_CTXT
	VALUES (8388763,
	0,
	0,
	0,
	0,
	0,
	0,
	2113,
	2103,
	2206,
	2127,
	-11,
	-11,
	0,
	0,
	0,
	0,
	0,
	0);
INSERT INTO GD_LS
	VALUES (8388951,
	8388763,
	2112,
	2144,
	2224,
	2144,
	0);
INSERT INTO GD_GE
	VALUES (8388957,
	8388609,
	8388644,
	42);
INSERT INTO GD_CON
	VALUES (8388957,
	8388618,
	8388616,
	0);
INSERT INTO GD_CTXT
	VALUES (8388957,
	0,
	0,
	0,
	0,
	0,
	0,
	0,
	0,
	0,
	0,
	0,
	0,
	0,
	0,
	0,
	0,
	0,
	0);
INSERT INTO GD_LS
	VALUES (8388958,
	8388957,
	1856,
	1808,
	1856,
	1856,
	0);
INSERT INTO GD_GE
	VALUES (8388959,
	8388609,
	8388645,
	42);
INSERT INTO GD_CON
	VALUES (8388959,
	8388616,
	8388695,
	0);
INSERT INTO GD_CTXT
	VALUES (8388959,
	0,
	0,
	0,
	0,
	0,
	0,
	0,
	0,
	0,
	0,
	0,
	0,
	0,
	0,
	0,
	0,
	0,
	0);
INSERT INTO GD_LS
	VALUES (8388960,
	8388959,
	1856,
	2032,
	1856,
	2096,
	0);
INSERT INTO GD_GE
	VALUES (8388961,
	8388609,
	8388646,
	42);
INSERT INTO GD_CON
	VALUES (8388961,
	8388695,
	8388612,
	0);
INSERT INTO GD_CTXT
	VALUES (8388961,
	0,
	0,
	0,
	0,
	0,
	0,
	0,
	0,
	0,
	0,
	0,
	0,
	0,
	0,
	0,
	0,
	0,
	0);
INSERT INTO GD_LS
	VALUES (8388962,
	8388961,
	1856,
	2256,
	1856,
	2320,
	0);
INSERT INTO GD_GE
	VALUES (8388963,
	8388609,
	8388647,
	42);
INSERT INTO GD_CON
	VALUES (8388963,
	8388619,
	8388616,
	0);
INSERT INTO GD_CTXT
	VALUES (8388963,
	0,
	0,
	0,
	0,
	0,
	0,
	2221,
	1787,
	2322,
	1811,
	160,
	7,
	0,
	0,
	0,
	0,
	0,
	0);
INSERT INTO GD_LS
	VALUES (8388964,
	8388963,
	2224,
	1744,
	2112,
	1856,
	0);
INSERT INTO GD_GE
	VALUES (8388965,
	8388609,
	8388648,
	42);
INSERT INTO GD_CON
	VALUES (8388965,
	8388617,
	8388695,
	0);
INSERT INTO GD_CTXT
	VALUES (8388965,
	0,
	0,
	0,
	0,
	0,
	0,
	2213,
	2019,
	2314,
	2043,
	152,
	7,
	0,
	0,
	0,
	0,
	0,
	0);
INSERT INTO GD_LS
	VALUES (8388966,
	8388965,
	2224,
	1968,
	2112,
	2096,
	0);
INSERT INTO GD_GE
	VALUES (8388967,
	8388609,
	8388649,
	42);
INSERT INTO GD_CON
	VALUES (8388967,
	8388762,
	8388612,
	0);
INSERT INTO GD_CTXT
	VALUES (8388967,
	0,
	0,
	0,
	0,
	0,
	0,
	2233,
	2243,
	2334,
	2267,
	163,
	8,
	0,
	0,
	0,
	0,
	0,
	0);
INSERT INTO GD_LS
	VALUES (8388968,
	8388967,
	2240,
	2192,
	2112,
	2320,
	0);
INSERT INTO O_OBJ
	VALUES (5767174,
	'Init',
	110,
	'C_INIT',
	'',
	5767179);
INSERT INTO O_NBATTR
	VALUES (5767183,
	5767174);
INSERT INTO O_BATTR
	VALUES (5767183,
	5767174);
INSERT INTO O_ATTR
	VALUES (5767183,
	5767174,
	0,
	'current_state',
	'',
	'',
	'current_state',
	0,
	524295);
INSERT INTO SM_ISM
	VALUES (8912913,
	5767174);
INSERT INTO SM_SM
	VALUES (8912913,
	'',
	17);
INSERT INTO SM_MOORE
	VALUES (8912913);
INSERT INTO SM_LEVT
	VALUES (8912899,
	8912913,
	0);
INSERT INTO SM_SEVT
	VALUES (8912899,
	8912913,
	0);
INSERT INTO SM_EVT
	VALUES (8912899,
	8912913,
	0,
	1,
	'init',
	0,
	'',
	'C_INIT1',
	'');
INSERT INTO SM_STATE
	VALUES (8912897,
	8912913,
	0,
	'One',
	1,
	0);
INSERT INTO SM_EIGN
	VALUES (8912897,
	8912899,
	8912913,
	0,
	'');
INSERT INTO SM_SEME
	VALUES (8912897,
	8912899,
	8912913,
	0);
INSERT INTO SM_MOAH
	VALUES (8912897,
	8912913,
	8912897);
INSERT INTO SM_AH
	VALUES (8912897,
	8912913);
INSERT INTO SM_ACT
	VALUES (8912897,
	8912913,
	1,
	'create object instance s_aa of C_S;      s_aa.x = 100;
create object instance a_aa of C_A;      a_aa.x = 101;
create object instance aa of C_AA;       aa.x = 102;
relate s_aa to a_aa across R102;
relate a_aa to aa across R100;

create object instance s_ab of C_S;      s_ab.x = 103;
create object instance a_ab of C_A;      a_ab.x = 104;
create object instance ab of C_AB;       ab.x = 105;
relate s_ab to a_ab across R102;
relate a_ab to ab across R100;

create object instance s_ba of C_S;      s_ba.x = 106;
create object instance b_ba of C_B;      b_ba.x = 107;
create object instance ba of C_BA;       ba.x = 108;
relate s_ba to b_ba across R102;
relate b_ba to ba across R101;

create object instance s_bb of C_S;      s_bb.x = 109;
create object instance b_bb of C_B;      b_bb.x = 110;
create object instance bb of C_BB;       bb.x = 111;
relate s_bb to b_bb across R102;
relate b_bb to bb across R101;

// Used to be state: ''2. Two''.
create object instance s_aa of C_S;      s_aa.x = 120;
create object instance a_aa of C_A;      a_aa.x = 121;
create object instance aa of C_AA;       aa.x = 122;
relate s_aa to a_aa across R102;
relate a_aa to aa across R100;

create object instance s_ab of C_S;      s_ab.x = 123;
create object instance a_ab of C_A;      a_ab.x = 124;
create object instance ab of C_AB;       ab.x = 125;
relate s_ab to a_ab across R102;
relate a_ab to ab across R100;

create object instance s_ba of C_S;      s_ba.x = 126;
create object instance b_ba of C_B;      b_ba.x = 127;
create object instance ba of C_BA;       ba.x = 128;
create object instance bb1 of C_BB;       bb1.x = 132;
relate s_ba to b_ba across R102;
relate b_ba to ba across R101;
relate b_ba to bb1 across R101;

create object instance s_bb of C_S;      s_bb.x = 129;
create object instance b_bb of C_B;      b_bb.x = 130;
create object instance bb of C_BB;      bb.x = 131;
relate s_bb to b_bb across R102;
relate b_bb to bb across R101;

// Used to be state: ''3. Finish''.
generate C_D0:''Start'' to C_D creator;',
	'');
INSERT INTO SM_CRTXN
	VALUES (8912900,
	8912913,
	8912899,
	8912898);
INSERT INTO SM_TXN
	VALUES (8912900,
	8912913,
	8912897,
	0);
INSERT INTO GD_MD
	VALUES (8912897,
	8,
	8912913,
	40,
	1,
	0,
	1,
	1,
	0,
	12,
	1212,
	4381,
	0.947972,
	0);
INSERT INTO GD_GE
	VALUES (8912898,
	8912897,
	8912897,
	41);
INSERT INTO GD_SHP
	VALUES (8912898,
	1488,
	1152,
	1808,
	1568);
INSERT INTO GD_GE
	VALUES (8912907,
	8912897,
	8912900,
	42);
INSERT INTO GD_CON
	VALUES (8912907,
	8912898,
	0,
	0);
INSERT INTO GD_CTXT
	VALUES (8912907,
	0,
	0,
	0,
	0,
	0,
	0,
	0,
	0,
	0,
	0,
	0,
	0,
	0,
	0,
	0,
	0,
	0,
	0);
INSERT INTO GD_LS
	VALUES (8912908,
	8912907,
	1648,
	1152,
	1648,
	1056,
	0);
INSERT INTO O_OBJ
	VALUES (5767175,
	'Subtype B',
	111,
	'C_B',
	'',
	5767179);
INSERT INTO O_NBATTR
	VALUES (5767184,
	5767175);
INSERT INTO O_BATTR
	VALUES (5767184,
	5767175);
INSERT INTO O_ATTR
	VALUES (5767184,
	5767175,
	0,
	'x',
	'',
	'',
	'x',
	0,
	524291);
INSERT INTO O_NBATTR
	VALUES (5767185,
	5767175);
INSERT INTO O_BATTR
	VALUES (5767185,
	5767175);
INSERT INTO O_ATTR
	VALUES (5767185,
	5767175,
	5767184,
	'current_state',
	'',
	'',
	'current_state',
	0,
	524295);
INSERT INTO O_REF
	VALUES (5767175,
	5767172,
	0,
	5767178,
	5767170,
	5767174,
	5767172,
	5767186,
	5767172,
	0,
	0,
	'');
INSERT INTO O_RATTR
	VALUES (5767186,
	5767175,
	5767178,
	5767172,
	1);
INSERT INTO O_ATTR
	VALUES (5767186,
	5767175,
	5767185,
	'id',
	'',
	'',
	'id',
	0,
	524296);
INSERT INTO O_ID
	VALUES (0,
	5767175);
INSERT INTO O_OIDA
	VALUES (5767186,
	5767175,
	0);
INSERT INTO O_RTIDA
	VALUES (5767186,
	5767175,
	0,
	5767171,
	5767175);
INSERT INTO SM_ISM
	VALUES (9437202,
	5767175);
INSERT INTO SM_SM
	VALUES (9437202,
	'',
	18);
INSERT INTO SM_MOORE
	VALUES (9437202);
INSERT INTO SM_EVTDI
	VALUES (9437185,
	9437202,
	'key',
	'',
	524293);
INSERT INTO SM_EVTDI
	VALUES (9437186,
	9437202,
	'instance',
	'',
	524291);
INSERT INTO SM_EVTDI
	VALUES (149732168,
	9437202,
	'key',
	'',
	524293);
INSERT INTO SM_EVTDI
	VALUES (84623167,
	9437202,
	'instance',
	'',
	524291);
INSERT INTO SM_PEVT
	VALUES (9437185,
	9437202,
	0);
INSERT INTO SM_EVT
	VALUES (9437185,
	9437202,
	0,
	1,
	'Poly B',
	0,
	'',
	'C_B1',
	'');
INSERT INTO SM_LEVT
	VALUES (9437186,
	9437202,
	0);
INSERT INTO SM_SEVT
	VALUES (9437186,
	9437202,
	0);
INSERT INTO SM_EVT
	VALUES (9437186,
	9437202,
	0,
	2,
	'Return',
	0,
	'',
	'C_B2',
	'');
INSERT INTO SM_LEVT
	VALUES (9437187,
	9437202,
	0);
INSERT INTO SM_SEVT
	VALUES (9437187,
	9437202,
	0);
INSERT INTO SM_EVT
	VALUES (9437187,
	9437202,
	0,
	3,
	'Local One',
	0,
	'',
	'C_B3',
	'');
INSERT INTO SM_NLEVT
	VALUES (9437188,
	9437202,
	0,
	7864321,
	7864335,
	0,
	'');
INSERT INTO SM_SEVT
	VALUES (9437188,
	9437202,
	0);
INSERT INTO SM_EVT
	VALUES (9437188,
	9437202,
	0,
	0,
	'Poly S',
	0,
	'',
	'C_S1*',
	'');
INSERT INTO SM_NLEVT
	VALUES (9437190,
	9437202,
	0,
	7864324,
	7864335,
	0,
	'');
INSERT INTO SM_SEVT
	VALUES (9437190,
	9437202,
	0);
INSERT INTO SM_EVT
	VALUES (9437190,
	9437202,
	0,
	0,
	'Poly S3',
	0,
	'',
	'C_S4*',
	'');
INSERT INTO SM_STATE
	VALUES (9437185,
	9437202,
	0,
	'Three',
	3,
	0);
INSERT INTO SM_SEME
	VALUES (9437185,
	9437186,
	9437202,
	0);
INSERT INTO SM_EIGN
	VALUES (9437185,
	9437187,
	9437202,
	0,
	'');
INSERT INTO SM_SEME
	VALUES (9437185,
	9437187,
	9437202,
	0);
INSERT INTO SM_EIGN
	VALUES (9437185,
	9437188,
	9437202,
	0,
	'');
INSERT INTO SM_SEME
	VALUES (9437185,
	9437188,
	9437202,
	0);
INSERT INTO SM_EIGN
	VALUES (9437185,
	9437190,
	9437202,
	0,
	'');
INSERT INTO SM_SEME
	VALUES (9437185,
	9437190,
	9437202,
	0);
INSERT INTO SM_MOAH
	VALUES (9437185,
	9437202,
	9437185);
INSERT INTO SM_AH
	VALUES (9437185,
	9437202);
INSERT INTO SM_ACT
	VALUES (9437185,
	9437202,
	1,
	'LOG::LogInfo(message:"C_B.Three: Received event Local One.  Entered Subtype B.Three");

if (rcvd_evt.key == "C_B")
	LOG::LogSuccess(message:"C_B.Three: Received valid key for self");
else
	LOG::LogFailure(message:"C_B.Three: Received invalid key");
end if;

if (rcvd_evt.instance == self.x)	
	LOG::LogSuccess(message:"C_B.Three: Received valid instance number");
else
	LOG::LogFailure(message:"C_B.Three: Received invalid instance number");
end if;

generate C_B2 to self;',
	'');
INSERT INTO SM_STATE
	VALUES (9437186,
	9437202,
	0,
	'One',
	1,
	0);
INSERT INTO SM_EIGN
	VALUES (9437186,
	9437186,
	9437202,
	0,
	'');
INSERT INTO SM_SEME
	VALUES (9437186,
	9437186,
	9437202,
	0);
INSERT INTO SM_SEME
	VALUES (9437186,
	9437187,
	9437202,
	0);
INSERT INTO SM_SEME
	VALUES (9437186,
	9437188,
	9437202,
	0);
INSERT INTO SM_EIGN
	VALUES (9437186,
	9437190,
	9437202,
	0,
	'');
INSERT INTO SM_SEME
	VALUES (9437186,
	9437190,
	9437202,
	0);
INSERT INTO SM_MOAH
	VALUES (9437186,
	9437202,
	9437186);
INSERT INTO SM_AH
	VALUES (9437186,
	9437202);
INSERT INTO SM_ACT
	VALUES (9437186,
	9437202,
	1,
	'LOG::LogInfo(message:"C_B.Two:  Waiting for events");

select any driver from instances of C_D; 
generate C_D1:''ACK success'' to driver;
',
	'');
INSERT INTO SM_STATE
	VALUES (9437187,
	9437202,
	0,
	'Two',
	2,
	0);
INSERT INTO SM_SEME
	VALUES (9437187,
	9437186,
	9437202,
	0);
INSERT INTO SM_EIGN
	VALUES (9437187,
	9437187,
	9437202,
	0,
	'');
INSERT INTO SM_SEME
	VALUES (9437187,
	9437187,
	9437202,
	0);
INSERT INTO SM_EIGN
	VALUES (9437187,
	9437188,
	9437202,
	0,
	'');
INSERT INTO SM_SEME
	VALUES (9437187,
	9437188,
	9437202,
	0);
INSERT INTO SM_SEME
	VALUES (9437187,
	9437190,
	9437202,
	0);
INSERT INTO SM_MOAH
	VALUES (9437187,
	9437202,
	9437187);
INSERT INTO SM_AH
	VALUES (9437187,
	9437202);
INSERT INTO SM_ACT
	VALUES (9437187,
	9437202,
	1,
	'LOG::LogInfo(message:"C_B.Two: Received event Poly S.  Entered Subtype B.Two");

if (rcvd_evt.key == "C_B")
	LOG::LogSuccess(message:"C_B.Two: Received valid key for self");
else
	LOG::LogFailure(message:"C_B.Two: Received invalid key");
end if;

if (rcvd_evt.instance == self.x)	
	LOG::LogSuccess(message:"C_B.Two: Received valid instance number");
else
	LOG::LogFailure(message:"C_B.Two: Received invalid instance number");
end if;

generate C_S3*(instance:132, key:"C_BB") to self;
generate C_S4* to self;',
	'Verifies that the event data is valid and logs the results.');
INSERT INTO SM_STATE
	VALUES (9437188,
	9437202,
	0,
	'Four',
	4,
	0);
INSERT INTO SM_SEME
	VALUES (9437188,
	9437186,
	9437202,
	0);
INSERT INTO SM_EIGN
	VALUES (9437188,
	9437187,
	9437202,
	0,
	'');
INSERT INTO SM_SEME
	VALUES (9437188,
	9437187,
	9437202,
	0);
INSERT INTO SM_EIGN
	VALUES (9437188,
	9437188,
	9437202,
	0,
	'');
INSERT INTO SM_SEME
	VALUES (9437188,
	9437188,
	9437202,
	0);
INSERT INTO SM_SEME
	VALUES (9437188,
	9437190,
	9437202,
	0);
INSERT INTO SM_MOAH
	VALUES (9437188,
	9437202,
	9437188);
INSERT INTO SM_AH
	VALUES (9437188,
	9437202);
INSERT INTO SM_ACT
	VALUES (9437188,
	9437202,
	1,
	'LOG::LogSuccess( message:"Event to Self was prioritized properly.");',
	'');
INSERT INTO SM_STATE
	VALUES (9437189,
	9437202,
	0,
	'Five',
	5,
	0);
INSERT INTO SM_SEME
	VALUES (9437189,
	9437186,
	9437202,
	0);
INSERT INTO SM_EIGN
	VALUES (9437189,
	9437187,
	9437202,
	0,
	'');
INSERT INTO SM_SEME
	VALUES (9437189,
	9437187,
	9437202,
	0);
INSERT INTO SM_EIGN
	VALUES (9437189,
	9437188,
	9437202,
	0,
	'');
INSERT INTO SM_SEME
	VALUES (9437189,
	9437188,
	9437202,
	0);
INSERT INTO SM_EIGN
	VALUES (9437189,
	9437190,
	9437202,
	0,
	'');
INSERT INTO SM_SEME
	VALUES (9437189,
	9437190,
	9437202,
	0);
INSERT INTO SM_MOAH
	VALUES (9437189,
	9437202,
	9437189);
INSERT INTO SM_AH
	VALUES (9437189,
	9437202);
INSERT INTO SM_ACT
	VALUES (9437189,
	9437202,
	1,
	'LOG::LogFailure( message:"Event to Self was NOT prioritized properly.");

generate C_B2 to self;',
	'');
INSERT INTO SM_NSTXN
	VALUES (9437185,
	9437202,
	9437185,
	9437186,
	0);
INSERT INTO SM_TXN
	VALUES (9437185,
	9437202,
	9437186,
	0);
INSERT INTO SM_NSTXN
	VALUES (9437186,
	9437202,
	9437186,
	9437187,
	0);
INSERT INTO SM_TXN
	VALUES (9437186,
	9437202,
	9437185,
	0);
INSERT INTO SM_NSTXN
	VALUES (9437188,
	9437202,
	9437186,
	9437188,
	0);
INSERT INTO SM_TXN
	VALUES (9437188,
	9437202,
	9437187,
	0);
INSERT INTO SM_NSTXN
	VALUES (9437189,
	9437202,
	9437187,
	9437186,
	0);
INSERT INTO SM_TXN
	VALUES (9437189,
	9437202,
	9437189,
	0);
INSERT INTO SM_NSTXN
	VALUES (9437192,
	9437202,
	9437189,
	9437186,
	0);
INSERT INTO SM_TXN
	VALUES (9437192,
	9437202,
	9437186,
	0);
INSERT INTO SM_NSTXN
	VALUES (9437190,
	9437202,
	9437188,
	9437186,
	0);
INSERT INTO SM_TXN
	VALUES (9437190,
	9437202,
	9437186,
	0);
INSERT INTO SM_NSTXN
	VALUES (9437191,
	9437202,
	9437187,
	9437190,
	0);
INSERT INTO SM_TXN
	VALUES (9437191,
	9437202,
	9437188,
	0);
INSERT INTO SM_NSTXN
	VALUES (9437193,
	9437202,
	9437188,
	9437190,
	0);
INSERT INTO SM_TXN
	VALUES (9437193,
	9437202,
	9437189,
	0);
INSERT INTO GD_MD
	VALUES (9437185,
	8,
	9437202,
	40,
	1,
	0,
	1,
	1,
	0,
	12,
	1016,
	4263,
	0.808457,
	0);
INSERT INTO GD_GE
	VALUES (9437186,
	9437185,
	9437185,
	41);
INSERT INTO GD_SHP
	VALUES (9437186,
	1831,
	1264,
	2135,
	1584);
INSERT INTO GD_GE
	VALUES (9437187,
	9437185,
	9437186,
	41);
INSERT INTO GD_SHP
	VALUES (9437187,
	1471,
	1080,
	2135,
	1200);
INSERT INTO GD_GE
	VALUES (9437188,
	9437185,
	9437187,
	41);
INSERT INTO GD_SHP
	VALUES (9437188,
	1471,
	1264,
	1783,
	1584);
INSERT INTO GD_GE
	VALUES (9437197,
	9437185,
	9437188,
	41);
INSERT INTO GD_SHP
	VALUES (9437197,
	1072,
	1088,
	1360,
	1312);
INSERT INTO GD_GE
	VALUES (9437198,
	9437185,
	9437189,
	41);
INSERT INTO GD_SHP
	VALUES (9437198,
	1072,
	1360,
	1360,
	1584);
INSERT INTO GD_GE
	VALUES (9437189,
	9437185,
	9437185,
	42);
INSERT INTO GD_CON
	VALUES (9437189,
	9437186,
	9437187,
	0);
INSERT INTO GD_CTXT
	VALUES (9437189,
	0,
	0,
	0,
	0,
	0,
	0,
	2024,
	1212,
	2112,
	1236,
	102,
	-10,
	0,
	0,
	0,
	0,
	0,
	0);
INSERT INTO GD_LS
	VALUES (9437230,
	9437189,
	2016,
	1264,
	2016,
	1200,
	0);
INSERT INTO GD_GE
	VALUES (9437191,
	9437185,
	9437186,
	42);
INSERT INTO GD_CON
	VALUES (9437191,
	9437187,
	9437186,
	0);
INSERT INTO GD_CTXT
	VALUES (9437191,
	0,
	0,
	0,
	0,
	0,
	0,
	1879,
	1212,
	1992,
	1256,
	126,
	0,
	0,
	0,
	0,
	0,
	0,
	0);
INSERT INTO GD_LS
	VALUES (9437229,
	9437191,
	1872,
	1200,
	1872,
	1264,
	0);
INSERT INTO GD_GE
	VALUES (9437195,
	9437185,
	9437188,
	42);
INSERT INTO GD_CON
	VALUES (9437195,
	9437187,
	9437188,
	0);
INSERT INTO GD_CTXT
	VALUES (9437195,
	0,
	0,
	0,
	0,
	0,
	0,
	1639,
	1210,
	1737,
	1254,
	111,
	-2,
	0,
	0,
	0,
	0,
	0,
	0);
INSERT INTO GD_LS
	VALUES (9437227,
	9437195,
	1632,
	1200,
	1632,
	1264,
	0);
INSERT INTO GD_GE
	VALUES (9437231,
	9437185,
	9437189,
	42);
INSERT INTO GD_CON
	VALUES (9437231,
	9437188,
	9437198,
	0);
INSERT INTO GD_CTXT
	VALUES (9437231,
	0,
	0,
	0,
	0,
	0,
	0,
	1371,
	1468,
	1459,
	1492,
	-3,
	-6,
	0,
	0,
	0,
	0,
	0,
	0);
INSERT INTO GD_LS
	VALUES (9437238,
	9437231,
	1471,
	1504,
	1360,
	1504,
	0);
INSERT INTO GD_GE
	VALUES (9437233,
	9437185,
	9437190,
	42);
INSERT INTO GD_CON
	VALUES (9437233,
	9437197,
	9437187,
	0);
INSERT INTO GD_CTXT
	VALUES (9437233,
	0,
	0,
	0,
	0,
	0,
	0,
	1368,
	1105,
	1456,
	1129,
	-5,
	-1,
	0,
	0,
	0,
	0,
	0,
	0);
INSERT INTO GD_LS
	VALUES (9437242,
	9437233,
	1360,
	1136,
	1471,
	1136,
	0);
INSERT INTO GD_GE
	VALUES (9437235,
	9437185,
	9437191,
	42);
INSERT INTO GD_CON
	VALUES (9437235,
	9437188,
	9437197,
	0);
INSERT INTO GD_CTXT
	VALUES (9437235,
	0,
	0,
	0,
	0,
	0,
	0,
	1367,
	1234,
	1466,
	1258,
	-2,
	-32,
	0,
	0,
	0,
	0,
	0,
	0);
INSERT INTO GD_LS
	VALUES (9437241,
	9437235,
	1471,
	1296,
	1360,
	1296,
	0);
INSERT INTO GD_GE
	VALUES (9437243,
	9437185,
	9437192,
	42);
INSERT INTO GD_CON
	VALUES (9437243,
	9437198,
	9437187,
	0);
INSERT INTO GD_CTXT
	VALUES (9437243,
	0,
	0,
	0,
	0,
	0,
	0,
	0,
	0,
	0,
	0,
	0,
	0,
	0,
	0,
	0,
	0,
	0,
	0);
INSERT INTO GD_LS
	VALUES (9437244,
	9437243,
	1072,
	1472,
	1040,
	1472,
	0);
INSERT INTO GD_LS
	VALUES (9437245,
	9437243,
	1040,
	1472,
	1040,
	1024,
	9437244);
INSERT INTO GD_LS
	VALUES (9437246,
	9437243,
	1040,
	1024,
	1568,
	1024,
	9437245);
INSERT INTO GD_LS
	VALUES (9437247,
	9437243,
	1568,
	1024,
	1568,
	1080,
	9437246);
INSERT INTO GD_GE
	VALUES (9437248,
	9437185,
	9437193,
	42);
INSERT INTO GD_CON
	VALUES (9437248,
	9437197,
	9437198,
	0);
INSERT INTO GD_CTXT
	VALUES (9437248,
	0,
	0,
	0,
	0,
	0,
	0,
	0,
	0,
	0,
	0,
	0,
	0,
	0,
	0,
	0,
	0,
	0,
	0);
INSERT INTO GD_LS
	VALUES (9437249,
	9437248,
	1216,
	1312,
	1216,
	1360,
	0);
INSERT INTO O_OBJ
	VALUES (5767176,
	'Subtype BA',
	112,
	'C_BA',
	'',
	5767179);
INSERT INTO O_NBATTR
	VALUES (5767187,
	5767176);
INSERT INTO O_BATTR
	VALUES (5767187,
	5767176);
INSERT INTO O_ATTR
	VALUES (5767187,
	5767176,
	0,
	'x',
	'',
	'',
	'x',
	0,
	524291);
INSERT INTO O_NBATTR
	VALUES (5767188,
	5767176);
INSERT INTO O_BATTR
	VALUES (5767188,
	5767176);
INSERT INTO O_ATTR
	VALUES (5767188,
	5767176,
	5767187,
	'current_state',
	'',
	'',
	'current_state',
	0,
	524295);
INSERT INTO O_REF
	VALUES (5767176,
	5767175,
	0,
	5767186,
	5767171,
	5767176,
	5767175,
	5767189,
	5767173,
	0,
	0,
	'');
INSERT INTO O_RATTR
	VALUES (5767189,
	5767176,
	5767178,
	5767172,
	1);
INSERT INTO O_ATTR
	VALUES (5767189,
	5767176,
	5767188,
	'id',
	'',
	'',
	'id',
	0,
	524296);
INSERT INTO O_ID
	VALUES (0,
	5767176);
INSERT INTO O_OIDA
	VALUES (5767189,
	5767176,
	0);
INSERT INTO SM_ISM
	VALUES (9961491,
	5767176);
INSERT INTO SM_SM
	VALUES (9961491,
	'',
	19);
INSERT INTO SM_MOORE
	VALUES (9961491);
INSERT INTO SM_EVTDI
	VALUES (9961473,
	9961491,
	'instance',
	'',
	524291);
INSERT INTO SM_EVTDI
	VALUES (9961474,
	9961491,
	'key',
	'',
	524293);
INSERT INTO SM_LEVT
	VALUES (9961473,
	9961491,
	0);
INSERT INTO SM_SEVT
	VALUES (9961473,
	9961491,
	0);
INSERT INTO SM_EVT
	VALUES (9961473,
	9961491,
	0,
	0,
	'Return',
	0,
	'',
	'C_BA0',
	'');
INSERT INTO SM_LEVT
	VALUES (9961474,
	9961491,
	0);
INSERT INTO SM_SEVT
	VALUES (9961474,
	9961491,
	0);
INSERT INTO SM_EVT
	VALUES (9961474,
	9961491,
	0,
	1,
	'Local One',
	0,
	'',
	'C_BA1',
	'');
INSERT INTO SM_NLEVT
	VALUES (9961476,
	9961491,
	0,
	9437185,
	9437202,
	0,
	'');
INSERT INTO SM_SEVT
	VALUES (9961476,
	9961491,
	0);
INSERT INTO SM_EVT
	VALUES (9961476,
	9961491,
	0,
	0,
	'Poly B',
	0,
	'',
	'C_B1*',
	'');
INSERT INTO SM_NLEVT
	VALUES (9961477,
	9961491,
	0,
	7864323,
	7864335,
	0,
	'');
INSERT INTO SM_SEVT
	VALUES (9961477,
	9961491,
	0);
INSERT INTO SM_EVT
	VALUES (9961477,
	9961491,
	0,
	0,
	'Poly S2',
	0,
	'',
	'C_S3*',
	'');
INSERT INTO SM_STATE
	VALUES (9961473,
	9961491,
	0,
	'Three',
	3,
	0);
INSERT INTO SM_SEME
	VALUES (9961473,
	9961473,
	9961491,
	0);
INSERT INTO SM_EIGN
	VALUES (9961473,
	9961474,
	9961491,
	0,
	'');
INSERT INTO SM_SEME
	VALUES (9961473,
	9961474,
	9961491,
	0);
INSERT INTO SM_EIGN
	VALUES (9961473,
	9961476,
	9961491,
	0,
	'');
INSERT INTO SM_SEME
	VALUES (9961473,
	9961476,
	9961491,
	0);
INSERT INTO SM_EIGN
	VALUES (9961473,
	9961477,
	9961491,
	0,
	'');
INSERT INTO SM_SEME
	VALUES (9961473,
	9961477,
	9961491,
	0);
INSERT INTO SM_MOAH
	VALUES (9961473,
	9961491,
	9961473);
INSERT INTO SM_AH
	VALUES (9961473,
	9961491);
INSERT INTO SM_ACT
	VALUES (9961473,
	9961491,
	1,
	'LOG::LogInfo(message:"C_BA.Four: Received event Local One.  Entered Subtype BA.Four");

if (rcvd_evt.key == "C_BA")
	LOG::LogSuccess(message:"C_BA.Four: Received valid key for self");
else
	LOG::LogFailure(message:"C_BA.Four: Received invalid key");
end if;

if (rcvd_evt.instance == self.x)	
	LOG::LogSuccess(message:"C_BA.Four: Received valid instance number");
else
	LOG::LogFailure(message:"C_BA.Four: Received invalid instance number");
end if;

generate C_BA0 to self;
',
	'');
INSERT INTO SM_STATE
	VALUES (9961474,
	9961491,
	0,
	'One',
	1,
	0);
INSERT INTO SM_EIGN
	VALUES (9961474,
	9961473,
	9961491,
	0,
	'');
INSERT INTO SM_SEME
	VALUES (9961474,
	9961473,
	9961491,
	0);
INSERT INTO SM_SEME
	VALUES (9961474,
	9961474,
	9961491,
	0);
INSERT INTO SM_SEME
	VALUES (9961474,
	9961476,
	9961491,
	0);
INSERT INTO SM_EIGN
	VALUES (9961474,
	9961477,
	9961491,
	0,
	'');
INSERT INTO SM_SEME
	VALUES (9961474,
	9961477,
	9961491,
	0);
INSERT INTO SM_MOAH
	VALUES (9961474,
	9961491,
	9961474);
INSERT INTO SM_AH
	VALUES (9961474,
	9961491);
INSERT INTO SM_ACT
	VALUES (9961474,
	9961491,
	1,
	'LOG::LogInfo(message:"C_BA.One:  Waiting for events");

select any driver from instances of C_D; 
generate C_D1:''ACK success'' to driver;
',
	'');
INSERT INTO SM_STATE
	VALUES (9961475,
	9961491,
	0,
	'Two',
	2,
	0);
INSERT INTO SM_SEME
	VALUES (9961475,
	9961473,
	9961491,
	0);
INSERT INTO SM_EIGN
	VALUES (9961475,
	9961474,
	9961491,
	0,
	'');
INSERT INTO SM_SEME
	VALUES (9961475,
	9961474,
	9961491,
	0);
INSERT INTO SM_EIGN
	VALUES (9961475,
	9961476,
	9961491,
	0,
	'');
INSERT INTO SM_SEME
	VALUES (9961475,
	9961476,
	9961491,
	0);
INSERT INTO SM_EIGN
	VALUES (9961475,
	9961477,
	9961491,
	0,
	'');
INSERT INTO SM_SEME
	VALUES (9961475,
	9961477,
	9961491,
	0);
INSERT INTO SM_MOAH
	VALUES (9961475,
	9961491,
	9961475);
INSERT INTO SM_AH
	VALUES (9961475,
	9961491);
INSERT INTO SM_ACT
	VALUES (9961475,
	9961491,
	1,
	'LOG::LogInfo(message:"C_BA.Three: Received event Poly B.  Entered Subtype BA.Three");

if (rcvd_evt.key == "C_BA")
	LOG::LogSuccess(message:"C_BA.Three: Received valid key for self");
else
	LOG::LogFailure(message:"C_BA.Three: Received invalid key");
end if;

if (rcvd_evt.instance == self.x)	
	LOG::LogSuccess(message:"C_BA.Three: Received valid instance number");
else
	LOG::LogFailure(message:"C_BA.Three: Received invalid instance number");
end if;

generate C_BA0 to self;
',
	'');
INSERT INTO SM_NSTXN
	VALUES (9961473,
	9961491,
	9961473,
	9961473,
	0);
INSERT INTO SM_TXN
	VALUES (9961473,
	9961491,
	9961474,
	0);
INSERT INTO SM_NSTXN
	VALUES (9961474,
	9961491,
	9961474,
	9961474,
	0);
INSERT INTO SM_TXN
	VALUES (9961474,
	9961491,
	9961473,
	0);
INSERT INTO SM_NSTXN
	VALUES (9961475,
	9961491,
	9961475,
	9961473,
	0);
INSERT INTO SM_TXN
	VALUES (9961475,
	9961491,
	9961474,
	0);
INSERT INTO SM_NETXN
	VALUES (9961476,
	9961491,
	9961474,
	9961476);
INSERT INTO SM_TXN
	VALUES (9961476,
	9961491,
	9961475,
	0);
INSERT INTO SM_NSTXN
	VALUES (9961477,
	9961491,
	9961474,
	9961476,
	0);
INSERT INTO SM_TXN
	VALUES (9961477,
	9961491,
	9961475,
	0);
INSERT INTO GD_MD
	VALUES (9961473,
	8,
	9961491,
	40,
	1,
	0,
	1,
	1,
	0,
	12,
	1798,
	4209,
	1.000000,
	0);
INSERT INTO GD_GE
	VALUES (9961474,
	9961473,
	9961473,
	41);
INSERT INTO GD_SHP
	VALUES (9961474,
	2206,
	1410,
	2494,
	1746);
INSERT INTO GD_GE
	VALUES (9961475,
	9961473,
	9961474,
	41);
INSERT INTO GD_SHP
	VALUES (9961475,
	1894,
	1210,
	2478,
	1330);
INSERT INTO GD_GE
	VALUES (9961476,
	9961473,
	9961475,
	41);
INSERT INTO GD_SHP
	VALUES (9961476,
	1886,
	1410,
	2190,
	1746);
INSERT INTO GD_GE
	VALUES (9961477,
	9961473,
	9961473,
	42);
INSERT INTO GD_CON
	VALUES (9961477,
	9961474,
	9961475,
	0);
INSERT INTO GD_CTXT
	VALUES (9961477,
	0,
	0,
	0,
	0,
	0,
	0,
	2392,
	1350,
	2509,
	1368,
	8,
	-20,
	0,
	0,
	0,
	0,
	0,
	0);
INSERT INTO GD_LS
	VALUES (9961478,
	9961477,
	2384,
	1410,
	2384,
	1330,
	0);
INSERT INTO GD_GE
	VALUES (9961479,
	9961473,
	9961474,
	42);
INSERT INTO GD_CON
	VALUES (9961479,
	9961475,
	9961474,
	0);
INSERT INTO GD_CTXT
	VALUES (9961479,
	0,
	0,
	0,
	0,
	0,
	0,
	2247,
	1350,
	2364,
	1382,
	7,
	-20,
	0,
	0,
	0,
	0,
	0,
	0);
INSERT INTO GD_LS
	VALUES (9961480,
	9961479,
	2240,
	1330,
	2240,
	1410,
	0);
INSERT INTO GD_GE
	VALUES (9961481,
	9961473,
	9961477,
	42);
INSERT INTO GD_CON
	VALUES (9961481,
	9961475,
	9961476,
	0);
INSERT INTO GD_CTXT
	VALUES (9961481,
	0,
	0,
	0,
	0,
	0,
	0,
	1944,
	1347,
	2055,
	1379,
	8,
	-23,
	0,
	0,
	0,
	0,
	0,
	0);
INSERT INTO GD_LS
	VALUES (9961482,
	9961481,
	1936,
	1330,
	1936,
	1410,
	0);
INSERT INTO GD_GE
	VALUES (9961483,
	9961473,
	9961475,
	42);
INSERT INTO GD_CON
	VALUES (9961483,
	9961476,
	9961475,
	0);
INSERT INTO GD_CTXT
	VALUES (9961483,
	0,
	0,
	0,
	0,
	0,
	0,
	2071,
	1348,
	2168,
	1366,
	7,
	-22,
	0,
	0,
	0,
	0,
	0,
	0);
INSERT INTO GD_LS
	VALUES (9961484,
	9961483,
	2064,
	1410,
	2064,
	1330,
	0);
INSERT INTO O_OBJ
	VALUES (5767177,
	'Subtype BB',
	113,
	'C_BB',
	'',
	5767179);
INSERT INTO O_NBATTR
	VALUES (5767190,
	5767177);
INSERT INTO O_BATTR
	VALUES (5767190,
	5767177);
INSERT INTO O_ATTR
	VALUES (5767190,
	5767177,
	0,
	'x',
	'',
	'',
	'x',
	0,
	524291);
INSERT INTO O_NBATTR
	VALUES (5767191,
	5767177);
INSERT INTO O_BATTR
	VALUES (5767191,
	5767177);
INSERT INTO O_ATTR
	VALUES (5767191,
	5767177,
	5767190,
	'current_state',
	'',
	'',
	'current_state',
	0,
	524295);
INSERT INTO O_REF
	VALUES (5767177,
	5767175,
	0,
	5767186,
	5767171,
	5767177,
	5767175,
	5767192,
	5767174,
	0,
	0,
	'');
INSERT INTO O_RATTR
	VALUES (5767192,
	5767177,
	5767178,
	5767172,
	1);
INSERT INTO O_ATTR
	VALUES (5767192,
	5767177,
	5767191,
	'id',
	'',
	'',
	'id',
	0,
	524296);
INSERT INTO O_ID
	VALUES (0,
	5767177);
INSERT INTO O_OIDA
	VALUES (5767192,
	5767177,
	0);
INSERT INTO SM_ISM
	VALUES (10485780,
	5767177);
INSERT INTO SM_SM
	VALUES (10485780,
	'',
	20);
INSERT INTO SM_MOORE
	VALUES (10485780);
INSERT INTO SM_EVTDI
	VALUES (10485761,
	10485780,
	'instance',
	'',
	524291);
INSERT INTO SM_EVTDI
	VALUES (10485762,
	10485780,
	'key',
	'',
	524293);
INSERT INTO SM_LEVT
	VALUES (10485761,
	10485780,
	0);
INSERT INTO SM_SEVT
	VALUES (10485761,
	10485780,
	0);
INSERT INTO SM_EVT
	VALUES (10485761,
	10485780,
	0,
	1,
	'Local One',
	0,
	'',
	'C_BB1',
	'');
INSERT INTO SM_LEVT
	VALUES (10485762,
	10485780,
	0);
INSERT INTO SM_SEVT
	VALUES (10485762,
	10485780,
	0);
INSERT INTO SM_EVT
	VALUES (10485762,
	10485780,
	0,
	0,
	'Return',
	0,
	'',
	'C_BB0',
	'');
INSERT INTO SM_NLEVT
	VALUES (10485763,
	10485780,
	0,
	9437185,
	9437202,
	0,
	'');
INSERT INTO SM_SEVT
	VALUES (10485763,
	10485780,
	0);
INSERT INTO SM_EVT
	VALUES (10485763,
	10485780,
	0,
	0,
	'Poly B',
	0,
	'',
	'C_B1*',
	'');
INSERT INTO SM_NLEVT
	VALUES (10485765,
	10485780,
	0,
	7864323,
	7864335,
	0,
	'');
INSERT INTO SM_SEVT
	VALUES (10485765,
	10485780,
	0);
INSERT INTO SM_EVT
	VALUES (10485765,
	10485780,
	0,
	0,
	'Poly S2',
	0,
	'',
	'C_S3*',
	'');
INSERT INTO SM_STATE
	VALUES (10485761,
	10485780,
	0,
	'Three',
	3,
	0);
INSERT INTO SM_EIGN
	VALUES (10485761,
	10485761,
	10485780,
	0,
	'');
INSERT INTO SM_SEME
	VALUES (10485761,
	10485761,
	10485780,
	0);
INSERT INTO SM_SEME
	VALUES (10485761,
	10485762,
	10485780,
	0);
INSERT INTO SM_EIGN
	VALUES (10485761,
	10485763,
	10485780,
	0,
	'');
INSERT INTO SM_SEME
	VALUES (10485761,
	10485763,
	10485780,
	0);
INSERT INTO SM_EIGN
	VALUES (10485761,
	10485765,
	10485780,
	0,
	'');
INSERT INTO SM_SEME
	VALUES (10485761,
	10485765,
	10485780,
	0);
INSERT INTO SM_MOAH
	VALUES (10485761,
	10485780,
	10485761);
INSERT INTO SM_AH
	VALUES (10485761,
	10485780);
INSERT INTO SM_ACT
	VALUES (10485761,
	10485780,
	1,
	'LOG::LogInfo(message:"C_BB.Three: Received event Local One.  Entered Subtype BB.Three");

if (rcvd_evt.key == "C_BB")
	LOG::LogSuccess(message:"C_BB.Three: Received valid key for self");
else
	LOG::LogFailure(message:"C_BB.Three: Received invalid key");
end if;

if (rcvd_evt.instance == self.x)	
	LOG::LogSuccess(message:"C_BB.Three: Received valid instance number");
else
	LOG::LogFailure(message:"C_BB.Three: Received invalid instance number");
end if;

generate C_BB0 to self;
',
	'');
INSERT INTO SM_STATE
	VALUES (10485762,
	10485780,
	0,
	'One',
	1,
	0);
INSERT INTO SM_SEME
	VALUES (10485762,
	10485761,
	10485780,
	0);
INSERT INTO SM_EIGN
	VALUES (10485762,
	10485762,
	10485780,
	0,
	'');
INSERT INTO SM_SEME
	VALUES (10485762,
	10485762,
	10485780,
	0);
INSERT INTO SM_SEME
	VALUES (10485762,
	10485763,
	10485780,
	0);
INSERT INTO SM_SEME
	VALUES (10485762,
	10485765,
	10485780,
	0);
INSERT INTO SM_MOAH
	VALUES (10485762,
	10485780,
	10485762);
INSERT INTO SM_AH
	VALUES (10485762,
	10485780);
INSERT INTO SM_ACT
	VALUES (10485762,
	10485780,
	1,
	'LOG::LogInfo(message:"C_BB.One:  Waiting for events");

select any driver from instances of C_D; 
generate C_D1:''ACK success'' to driver;
',
	'');
INSERT INTO SM_STATE
	VALUES (10485763,
	10485780,
	0,
	'Two',
	2,
	0);
INSERT INTO SM_EIGN
	VALUES (10485763,
	10485761,
	10485780,
	0,
	'');
INSERT INTO SM_SEME
	VALUES (10485763,
	10485761,
	10485780,
	0);
INSERT INTO SM_SEME
	VALUES (10485763,
	10485762,
	10485780,
	0);
INSERT INTO SM_EIGN
	VALUES (10485763,
	10485763,
	10485780,
	0,
	'');
INSERT INTO SM_SEME
	VALUES (10485763,
	10485763,
	10485780,
	0);
INSERT INTO SM_EIGN
	VALUES (10485763,
	10485765,
	10485780,
	0,
	'');
INSERT INTO SM_SEME
	VALUES (10485763,
	10485765,
	10485780,
	0);
INSERT INTO SM_MOAH
	VALUES (10485763,
	10485780,
	10485763);
INSERT INTO SM_AH
	VALUES (10485763,
	10485780);
INSERT INTO SM_ACT
	VALUES (10485763,
	10485780,
	1,
	'LOG::LogInfo(message:"C_BB.Two: Received event Poly B.  Entered Subtype BB.Two");

if (rcvd_evt.key == "C_BB")
	LOG::LogSuccess(message:"C_BB.Two: Received valid key for self");
else
	LOG::LogFailure(message:"C_BB.Two: Received invalid key");
end if;

if (rcvd_evt.instance == self.x)	
	LOG::LogSuccess(message:"C_BB.Two: Received valid instance number");
else
	LOG::LogFailure(message:"C_BB.Two: Received invalid instance number");
end if;

generate C_BB0 to self;
',
	'');
INSERT INTO SM_STATE
	VALUES (10485764,
	10485780,
	0,
	'Four',
	4,
	0);
INSERT INTO SM_EIGN
	VALUES (10485764,
	10485761,
	10485780,
	0,
	'');
INSERT INTO SM_SEME
	VALUES (10485764,
	10485761,
	10485780,
	0);
INSERT INTO SM_SEME
	VALUES (10485764,
	10485762,
	10485780,
	0);
INSERT INTO SM_EIGN
	VALUES (10485764,
	10485763,
	10485780,
	0,
	'');
INSERT INTO SM_SEME
	VALUES (10485764,
	10485763,
	10485780,
	0);
INSERT INTO SM_EIGN
	VALUES (10485764,
	10485765,
	10485780,
	0,
	'');
INSERT INTO SM_SEME
	VALUES (10485764,
	10485765,
	10485780,
	0);
INSERT INTO SM_MOAH
	VALUES (10485764,
	10485780,
	10485764);
INSERT INTO SM_AH
	VALUES (10485764,
	10485780);
INSERT INTO SM_ACT
	VALUES (10485764,
	10485780,
	1,
	'LOG::LogInfo(message:"C_BB.Four: Received event Poly S2.  Entered Subtype BB.Four");

if (rcvd_evt.key == "C_BB")
	LOG::LogSuccess(message:"C_BB.Four: Received valid key for self");
else
	LOG::LogFailure(message:"C_BB.Four: Received invalid key");
end if;

if (rcvd_evt.instance == self.x)	
	LOG::LogSuccess(message:"C_BB.Four: Received valid instance number");
else
	LOG::LogFailure(message:"C_BB.Four: Received invalid instance number");
end if;

generate C_BB0 to self;
',
	'');
INSERT INTO SM_NSTXN
	VALUES (10485761,
	10485780,
	10485763,
	10485762,
	0);
INSERT INTO SM_TXN
	VALUES (10485761,
	10485780,
	10485762,
	0);
INSERT INTO SM_NSTXN
	VALUES (10485762,
	10485780,
	10485762,
	10485761,
	0);
INSERT INTO SM_TXN
	VALUES (10485762,
	10485780,
	10485761,
	0);
INSERT INTO SM_NSTXN
	VALUES (10485763,
	10485780,
	10485761,
	10485762,
	0);
INSERT INTO SM_TXN
	VALUES (10485763,
	10485780,
	10485762,
	0);
INSERT INTO SM_NETXN
	VALUES (10485764,
	10485780,
	10485762,
	10485763);
INSERT INTO SM_TXN
	VALUES (10485764,
	10485780,
	10485763,
	0);
INSERT INTO SM_NSTXN
	VALUES (10485765,
	10485780,
	10485762,
	10485763,
	0);
INSERT INTO SM_TXN
	VALUES (10485765,
	10485780,
	10485763,
	0);
INSERT INTO SM_NSTXN
	VALUES (10485767,
	10485780,
	10485764,
	10485762,
	0);
INSERT INTO SM_TXN
	VALUES (10485767,
	10485780,
	10485762,
	0);
INSERT INTO SM_NSTXN
	VALUES (10485766,
	10485780,
	10485762,
	10485765,
	0);
INSERT INTO SM_TXN
	VALUES (10485766,
	10485780,
	10485764,
	0);
INSERT INTO GD_MD
	VALUES (10485761,
	8,
	10485780,
	40,
	1,
	0,
	1,
	1,
	0,
	12,
	1907,
	4219,
	1.000000,
	0);
INSERT INTO GD_GE
	VALUES (10485762,
	10485761,
	10485761,
	41);
INSERT INTO GD_SHP
	VALUES (10485762,
	2238,
	1392,
	2510,
	1728);
INSERT INTO GD_GE
	VALUES (10485763,
	10485761,
	10485762,
	41);
INSERT INTO GD_SHP
	VALUES (10485763,
	1942,
	1208,
	2814,
	1328);
INSERT INTO GD_GE
	VALUES (10485764,
	10485761,
	10485763,
	41);
INSERT INTO GD_SHP
	VALUES (10485764,
	1934,
	1392,
	2222,
	1728);
INSERT INTO GD_GE
	VALUES (10485773,
	10485761,
	10485764,
	41);
INSERT INTO GD_SHP
	VALUES (10485773,
	2544,
	1392,
	2816,
	1728);
INSERT INTO GD_GE
	VALUES (10485765,
	10485761,
	10485761,
	42);
INSERT INTO GD_CON
	VALUES (10485765,
	10485764,
	10485763,
	0);
INSERT INTO GD_CTXT
	VALUES (10485765,
	0,
	0,
	0,
	0,
	0,
	0,
	2103,
	1338,
	2194,
	1382,
	104,
	-2,
	0,
	0,
	0,
	0,
	0,
	0);
INSERT INTO GD_LS
	VALUES (10485781,
	10485765,
	2096,
	1392,
	2096,
	1328,
	0);
INSERT INTO GD_GE
	VALUES (10485767,
	10485761,
	10485765,
	42);
INSERT INTO GD_CON
	VALUES (10485767,
	10485763,
	10485764,
	0);
INSERT INTO GD_CTXT
	VALUES (10485767,
	0,
	0,
	0,
	0,
	0,
	0,
	1976,
	1337,
	2074,
	1381,
	112,
	-3,
	0,
	0,
	0,
	0,
	0,
	0);
INSERT INTO GD_LS
	VALUES (10485780,
	10485767,
	1968,
	1328,
	1968,
	1392,
	0);
INSERT INTO GD_GE
	VALUES (10485769,
	10485761,
	10485762,
	42);
INSERT INTO GD_CON
	VALUES (10485769,
	10485763,
	10485762,
	0);
INSERT INTO GD_CTXT
	VALUES (10485769,
	0,
	0,
	0,
	0,
	0,
	0,
	2279,
	1340,
	2394,
	1384,
	128,
	0,
	0,
	0,
	0,
	0,
	0,
	0);
INSERT INTO GD_LS
	VALUES (10485779,
	10485769,
	2272,
	1328,
	2272,
	1392,
	0);
INSERT INTO GD_GE
	VALUES (10485771,
	10485761,
	10485763,
	42);
INSERT INTO GD_CON
	VALUES (10485771,
	10485762,
	10485763,
	0);
INSERT INTO GD_CTXT
	VALUES (10485771,
	0,
	0,
	0,
	0,
	0,
	0,
	2424,
	1340,
	2523,
	1364,
	113,
	-10,
	0,
	0,
	0,
	0,
	0,
	0);
INSERT INTO GD_LS
	VALUES (10485778,
	10485771,
	2416,
	1392,
	2416,
	1328,
	0);
INSERT INTO GD_GE
	VALUES (10485782,
	10485761,
	10485766,
	42);
INSERT INTO GD_CON
	VALUES (10485782,
	10485763,
	10485773,
	0);
INSERT INTO GD_CTXT
	VALUES (10485782,
	0,
	0,
	0,
	0,
	0,
	0,
	2612,
	1340,
	2719,
	1384,
	117,
	0,
	0,
	0,
	0,
	0,
	0,
	0);
INSERT INTO GD_LS
	VALUES (10485783,
	10485782,
	2608,
	1328,
	2608,
	1392,
	0);
INSERT INTO GD_GE
	VALUES (10485784,
	10485761,
	10485767,
	42);
INSERT INTO GD_CON
	VALUES (10485784,
	10485773,
	10485763,
	0);
INSERT INTO GD_CTXT
	VALUES (10485784,
	0,
	0,
	0,
	0,
	0,
	0,
	2756,
	1344,
	2855,
	1368,
	125,
	-6,
	0,
	0,
	0,
	0,
	0,
	0);
INSERT INTO GD_LS
	VALUES (10485785,
	10485784,
	2736,
	1392,
	2736,
	1328,
	0);
INSERT INTO R_SUBSUP
	VALUES (5767169);
INSERT INTO R_REL
	VALUES (5767169,
	100,
	'',
	5767179);
INSERT INTO R_SUPER
	VALUES (5767169,
	5767169,
	5767169);
INSERT INTO R_RTO
	VALUES (5767169,
	5767169,
	5767169,
	0);
INSERT INTO R_OIR
	VALUES (5767169,
	5767169,
	5767169,
	0);
INSERT INTO R_SUB
	VALUES (5767171,
	5767169,
	5767170);
INSERT INTO R_RGO
	VALUES (5767171,
	5767169,
	5767170);
INSERT INTO R_OIR
	VALUES (5767171,
	5767169,
	5767170,
	0);
INSERT INTO R_SUB
	VALUES (5767170,
	5767169,
	5767171);
INSERT INTO R_RGO
	VALUES (5767170,
	5767169,
	5767171);
INSERT INTO R_OIR
	VALUES (5767170,
	5767169,
	5767171,
	0);
INSERT INTO R_SUBSUP
	VALUES (5767170);
INSERT INTO R_REL
	VALUES (5767170,
	102,
	'',
	5767179);
INSERT INTO R_SUPER
	VALUES (5767172,
	5767170,
	5767172);
INSERT INTO R_RTO
	VALUES (5767172,
	5767170,
	5767172,
	0);
INSERT INTO R_OIR
	VALUES (5767172,
	5767170,
	5767172,
	0);
INSERT INTO R_SUB
	VALUES (5767169,
	5767170,
	5767173);
INSERT INTO R_RGO
	VALUES (5767169,
	5767170,
	5767173);
INSERT INTO R_OIR
	VALUES (5767169,
	5767170,
	5767173,
	0);
INSERT INTO R_SUB
	VALUES (5767175,
	5767170,
	5767174);
INSERT INTO R_RGO
	VALUES (5767175,
	5767170,
	5767174);
INSERT INTO R_OIR
	VALUES (5767175,
	5767170,
	5767174,
	0);
INSERT INTO R_SUBSUP
	VALUES (5767171);
INSERT INTO R_REL
	VALUES (5767171,
	101,
	'',
	5767179);
INSERT INTO R_SUPER
	VALUES (5767175,
	5767171,
	5767175);
INSERT INTO R_RTO
	VALUES (5767175,
	5767171,
	5767175,
	0);
INSERT INTO R_OIR
	VALUES (5767175,
	5767171,
	5767175,
	0);
INSERT INTO R_SUB
	VALUES (5767176,
	5767171,
	5767176);
INSERT INTO R_RGO
	VALUES (5767176,
	5767171,
	5767176);
INSERT INTO R_OIR
	VALUES (5767176,
	5767171,
	5767176,
	0);
INSERT INTO R_SUB
	VALUES (5767177,
	5767171,
	5767177);
INSERT INTO R_RGO
	VALUES (5767177,
	5767171,
	5767177);
INSERT INTO R_OIR
	VALUES (5767177,
	5767171,
	5767177,
	0);
INSERT INTO GD_MD
	VALUES (5767201,
	5,
	5767179,
	11,
	1,
	0,
	1,
	1,
	0,
	12,
	1529,
	3726,
	0.906205,
	0);
INSERT INTO GD_GE
	VALUES (5767204,
	5767201,
	5767169,
	21);
INSERT INTO GD_SHP
	VALUES (5767204,
	1668,
	1853,
	1892,
	1997);
INSERT INTO GD_GE
	VALUES (5767205,
	5767201,
	5767173,
	21);
INSERT INTO GD_SHP
	VALUES (5767205,
	1621,
	1612,
	1797,
	1756);
INSERT INTO GD_GE
	VALUES (5767206,
	5767201,
	5767170,
	21);
INSERT INTO GD_SHP
	VALUES (5767206,
	1588,
	2093,
	1764,
	2237);
INSERT INTO GD_GE
	VALUES (5767207,
	5767201,
	5767174,
	21);
INSERT INTO GD_SHP
	VALUES (5767207,
	2197,
	1613,
	2373,
	1757);
INSERT INTO GD_GE
	VALUES (5767208,
	5767201,
	5767171,
	21);
INSERT INTO GD_SHP
	VALUES (5767208,
	1812,
	2093,
	1988,
	2237);
INSERT INTO GD_GE
	VALUES (5767209,
	5767201,
	5767172,
	21);
INSERT INTO GD_SHP
	VALUES (5767209,
	1888,
	1616,
	2112,
	1760);
INSERT INTO GD_GE
	VALUES (5767210,
	5767201,
	5767175,
	21);
INSERT INTO GD_SHP
	VALUES (5767210,
	2119,
	1855,
	2343,
	1999);
INSERT INTO GD_GE
	VALUES (5767211,
	5767201,
	5767176,
	21);
INSERT INTO GD_SHP
	VALUES (5767211,
	2034,
	2095,
	2210,
	2239);
INSERT INTO GD_GE
	VALUES (5767212,
	5767201,
	5767177,
	21);
INSERT INTO GD_SHP
	VALUES (5767212,
	2258,
	2095,
	2434,
	2239);
INSERT INTO GD_GE
	VALUES (5767282,
	5767201,
	5767169,
	24);
INSERT INTO GD_CON
	VALUES (5767282,
	5767204,
	0,
	0);
INSERT INTO GD_CTXT
	VALUES (5767282,
	1791,
	2002,
	1908,
	2020,
	12,
	0,
	0,
	0,
	0,
	0,
	0,
	0,
	1763,
	2056,
	1810,
	2074,
	-16,
	8);
INSERT INTO GD_LS
	VALUES (5767283,
	5767282,
	1776,
	1997,
	1776,
	2048,
	0);
INSERT INTO GD_GE
	VALUES (5767284,
	5767201,
	0,
	-1);
INSERT INTO GD_CON
	VALUES (5767284,
	5767208,
	5767282,
	0);
INSERT INTO GD_CTXT
	VALUES (5767284,
	0,
	0,
	0,
	0,
	0,
	0,
	0,
	0,
	0,
	0,
	0,
	0,
	0,
	0,
	0,
	0,
	0,
	0);
INSERT INTO GD_LS
	VALUES (5767285,
	5767284,
	1904,
	2093,
	1904,
	2048,
	0);
INSERT INTO GD_LS
	VALUES (5767286,
	5767284,
	1904,
	2048,
	1776,
	2048,
	5767285);
INSERT INTO GD_GE
	VALUES (5767287,
	5767201,
	0,
	-1);
INSERT INTO GD_CON
	VALUES (5767287,
	5767206,
	5767282,
	0);
INSERT INTO GD_CTXT
	VALUES (5767287,
	0,
	0,
	0,
	0,
	0,
	0,
	0,
	0,
	0,
	0,
	0,
	0,
	0,
	0,
	0,
	0,
	0,
	0);
INSERT INTO GD_LS
	VALUES (5767288,
	5767287,
	1664,
	2093,
	1664,
	2048,
	0);
INSERT INTO GD_LS
	VALUES (5767289,
	5767287,
	1664,
	2048,
	1776,
	2048,
	5767288);
INSERT INTO GD_GE
	VALUES (5767290,
	5767201,
	5767170,
	24);
INSERT INTO GD_CON
	VALUES (5767290,
	5767209,
	0,
	0);
INSERT INTO GD_CTXT
	VALUES (5767290,
	2020,
	1766,
	2129,
	1784,
	17,
	1,
	0,
	0,
	0,
	0,
	0,
	0,
	1984,
	1814,
	2023,
	1832,
	-19,
	6);
INSERT INTO GD_LS
	VALUES (5767291,
	5767290,
	2000,
	1760,
	2000,
	1808,
	0);
INSERT INTO GD_GE
	VALUES (5767292,
	5767201,
	0,
	-1);
INSERT INTO GD_CON
	VALUES (5767292,
	5767204,
	5767290,
	0);
INSERT INTO GD_CTXT
	VALUES (5767292,
	0,
	0,
	0,
	0,
	0,
	0,
	0,
	0,
	0,
	0,
	0,
	0,
	0,
	0,
	0,
	0,
	0,
	0);
INSERT INTO GD_LS
	VALUES (5767293,
	5767292,
	1776,
	1853,
	1776,
	1808,
	0);
INSERT INTO GD_LS
	VALUES (5767294,
	5767292,
	1776,
	1808,
	2008,
	1808,
	5767293);
INSERT INTO GD_LS
	VALUES (5767295,
	5767292,
	2008,
	1808,
	2000,
	1808,
	5767294);
INSERT INTO GD_GE
	VALUES (5767296,
	5767201,
	0,
	-1);
INSERT INTO GD_CON
	VALUES (5767296,
	5767210,
	5767290,
	0);
INSERT INTO GD_CTXT
	VALUES (5767296,
	0,
	0,
	0,
	0,
	0,
	0,
	0,
	0,
	0,
	0,
	0,
	0,
	0,
	0,
	0,
	0,
	0,
	0);
INSERT INTO GD_LS
	VALUES (5767297,
	5767296,
	2240,
	1855,
	2240,
	1808,
	0);
INSERT INTO GD_LS
	VALUES (5767298,
	5767296,
	2240,
	1808,
	2000,
	1808,
	5767297);
INSERT INTO GD_GE
	VALUES (5767299,
	5767201,
	5767171,
	24);
INSERT INTO GD_CON
	VALUES (5767299,
	5767210,
	0,
	0);
INSERT INTO GD_CTXT
	VALUES (5767299,
	2258,
	2004,
	2367,
	2022,
	15,
	0,
	0,
	0,
	0,
	0,
	0,
	0,
	2227,
	2054,
	2266,
	2072,
	-16,
	6);
INSERT INTO GD_LS
	VALUES (5767300,
	5767299,
	2240,
	1999,
	2240,
	2048,
	0);
INSERT INTO GD_GE
	VALUES (5767301,
	5767201,
	0,
	-1);
INSERT INTO GD_CON
	VALUES (5767301,
	5767211,
	5767299,
	0);
INSERT INTO GD_CTXT
	VALUES (5767301,
	0,
	0,
	0,
	0,
	0,
	0,
	0,
	0,
	0,
	0,
	0,
	0,
	0,
	0,
	0,
	0,
	0,
	0);
INSERT INTO GD_LS
	VALUES (5767302,
	5767301,
	2112,
	2095,
	2112,
	2048,
	0);
INSERT INTO GD_LS
	VALUES (5767303,
	5767301,
	2112,
	2048,
	2240,
	2048,
	5767302);
INSERT INTO GD_GE
	VALUES (5767304,
	5767201,
	0,
	-1);
INSERT INTO GD_CON
	VALUES (5767304,
	5767212,
	5767299,
	0);
INSERT INTO GD_CTXT
	VALUES (5767304,
	0,
	0,
	0,
	0,
	0,
	0,
	0,
	0,
	0,
	0,
	0,
	0,
	0,
	0,
	0,
	0,
	0,
	0);
INSERT INTO GD_LS
	VALUES (5767305,
	5767304,
	2352,
	2095,
	2352,
	2048,
	0);
INSERT INTO GD_LS
	VALUES (5767306,
	5767304,
	2352,
	2048,
	2240,
	2048,
	5767305);
INSERT INTO S_SS
	VALUES (11010069,
	'Complex',
	'',
	'X',
	200,
	88977,
	11010069);
INSERT INTO O_OBJ
	VALUES (11010049,
	'Subtype AB',
	200,
	'X_BAB',
	'',
	11010069);
INSERT INTO O_REF
	VALUES (11010049,
	11010050,
	0,
	11010053,
	11010049,
	11010051,
	11010049,
	11010049,
	11010049,
	0,
	0,
	'');
INSERT INTO O_RATTR
	VALUES (11010049,
	11010049,
	11010053,
	11010050,
	1);
INSERT INTO O_ATTR
	VALUES (11010049,
	11010049,
	0,
	'ida',
	'',
	'',
	'ida',
	0,
	524296);
INSERT INTO O_REF
	VALUES (11010049,
	11010051,
	0,
	11010056,
	11010050,
	11010053,
	11010052,
	11010050,
	11010050,
	0,
	0,
	'');
INSERT INTO O_RATTR
	VALUES (11010050,
	11010049,
	11010056,
	11010051,
	1);
INSERT INTO O_ATTR
	VALUES (11010050,
	11010049,
	11010049,
	'idb',
	'',
	'',
	'idb',
	0,
	524296);
INSERT INTO O_NBATTR
	VALUES (11010051,
	11010049);
INSERT INTO O_BATTR
	VALUES (11010051,
	11010049);
INSERT INTO O_ATTR
	VALUES (11010051,
	11010049,
	11010050,
	'x',
	'',
	'',
	'x',
	0,
	524291);
INSERT INTO O_NBATTR
	VALUES (11010052,
	11010049);
INSERT INTO O_BATTR
	VALUES (11010052,
	11010049);
INSERT INTO O_ATTR
	VALUES (11010052,
	11010049,
	11010051,
	'current_state',
	'',
	'',
	'current_state',
	0,
	524295);
INSERT INTO O_ID
	VALUES (0,
	11010049);
INSERT INTO O_OIDA
	VALUES (11010049,
	11010049,
	0);
INSERT INTO O_ID
	VALUES (1,
	11010049);
INSERT INTO O_OIDA
	VALUES (11010050,
	11010049,
	1);
INSERT INTO SM_ISM
	VALUES (11534358,
	11010049);
INSERT INTO SM_SM
	VALUES (11534358,
	'',
	22);
INSERT INTO SM_MOORE
	VALUES (11534358);
INSERT INTO SM_EVTDI
	VALUES (11534337,
	11534358,
	'key',
	'',
	524293);
INSERT INTO SM_EVTDI
	VALUES (11534338,
	11534358,
	'instance',
	'',
	524291);
INSERT INTO SM_NLEVT
	VALUES (11534337,
	11534358,
	0,
	12058625,
	12058647,
	0,
	'');
INSERT INTO SM_SEVT
	VALUES (11534337,
	11534358,
	0);
INSERT INTO SM_EVT
	VALUES (11534337,
	11534358,
	0,
	0,
	'Poly A',
	0,
	'',
	'X_PA1*',
	'');
INSERT INTO SM_LEVT
	VALUES (11534338,
	11534358,
	0);
INSERT INTO SM_SEVT
	VALUES (11534338,
	11534358,
	0);
INSERT INTO SM_EVT
	VALUES (11534338,
	11534358,
	0,
	1,
	'Local',
	0,
	'',
	'X_BAB1',
	'');
INSERT INTO SM_LEVT
	VALUES (11534339,
	11534358,
	0);
INSERT INTO SM_SEVT
	VALUES (11534339,
	11534358,
	0);
INSERT INTO SM_EVT
	VALUES (11534339,
	11534358,
	0,
	2,
	'Return',
	0,
	'',
	'X_BAB2',
	'');
INSERT INTO SM_NLEVT
	VALUES (11534340,
	11534358,
	0,
	12582913,
	12582936,
	0,
	'');
INSERT INTO SM_SEVT
	VALUES (11534340,
	11534358,
	0);
INSERT INTO SM_EVT
	VALUES (11534340,
	11534358,
	0,
	0,
	'Poly B1',
	0,
	'',
	'X_PB1*',
	'');
INSERT INTO SM_NLEVT
	VALUES (11534341,
	11534358,
	0,
	12582914,
	12582936,
	0,
	'');
INSERT INTO SM_SEVT
	VALUES (11534341,
	11534358,
	0);
INSERT INTO SM_EVT
	VALUES (11534341,
	11534358,
	0,
	0,
	'Poly B2',
	0,
	'',
	'X_PB2*',
	'');
INSERT INTO SM_NLEVT
	VALUES (11534342,
	11534358,
	0,
	12582916,
	12582936,
	0,
	'');
INSERT INTO SM_SEVT
	VALUES (11534342,
	11534358,
	0);
INSERT INTO SM_EVT
	VALUES (11534342,
	11534358,
	0,
	0,
	'Poly B3',
	0,
	'',
	'X_PB4*',
	'');
INSERT INTO SM_STATE
	VALUES (11534337,
	11534358,
	0,
	'One',
	1,
	0);
INSERT INTO SM_SEME
	VALUES (11534337,
	11534337,
	11534358,
	0);
INSERT INTO SM_SEME
	VALUES (11534337,
	11534338,
	11534358,
	0);
INSERT INTO SM_EIGN
	VALUES (11534337,
	11534339,
	11534358,
	0,
	'');
INSERT INTO SM_SEME
	VALUES (11534337,
	11534339,
	11534358,
	0);
INSERT INTO SM_SEME
	VALUES (11534337,
	11534340,
	11534358,
	0);
INSERT INTO SM_EIGN
	VALUES (11534337,
	11534341,
	11534358,
	0,
	'');
INSERT INTO SM_SEME
	VALUES (11534337,
	11534341,
	11534358,
	0);
INSERT INTO SM_EIGN
	VALUES (11534337,
	11534342,
	11534358,
	0,
	'');
INSERT INTO SM_SEME
	VALUES (11534337,
	11534342,
	11534358,
	0);
INSERT INTO SM_MOAH
	VALUES (11534337,
	11534358,
	11534337);
INSERT INTO SM_AH
	VALUES (11534337,
	11534358);
INSERT INTO SM_ACT
	VALUES (11534337,
	11534358,
	1,
	'LOG::LogInfo(message:"X_BAB.One:  Waiting for events");

select any driver from instances of X_D; 
generate X_D1:''ACK success'' to driver;
',
	'');
INSERT INTO SM_STATE
	VALUES (11534338,
	11534358,
	0,
	'Two',
	2,
	0);
INSERT INTO SM_EIGN
	VALUES (11534338,
	11534337,
	11534358,
	0,
	'');
INSERT INTO SM_SEME
	VALUES (11534338,
	11534337,
	11534358,
	0);
INSERT INTO SM_EIGN
	VALUES (11534338,
	11534338,
	11534358,
	0,
	'');
INSERT INTO SM_SEME
	VALUES (11534338,
	11534338,
	11534358,
	0);
INSERT INTO SM_SEME
	VALUES (11534338,
	11534339,
	11534358,
	0);
INSERT INTO SM_EIGN
	VALUES (11534338,
	11534340,
	11534358,
	0,
	'');
INSERT INTO SM_SEME
	VALUES (11534338,
	11534340,
	11534358,
	0);
INSERT INTO SM_EIGN
	VALUES (11534338,
	11534341,
	11534358,
	0,
	'');
INSERT INTO SM_SEME
	VALUES (11534338,
	11534341,
	11534358,
	0);
INSERT INTO SM_EIGN
	VALUES (11534338,
	11534342,
	11534358,
	0,
	'');
INSERT INTO SM_SEME
	VALUES (11534338,
	11534342,
	11534358,
	0);
INSERT INTO SM_MOAH
	VALUES (11534338,
	11534358,
	11534338);
INSERT INTO SM_AH
	VALUES (11534338,
	11534358);
INSERT INTO SM_ACT
	VALUES (11534338,
	11534358,
	1,
	'LOG::LogInfo(message:"X_BAB.Two: Received event Poly A");

if (rcvd_evt.key == "X_BAB")
	LOG::LogSuccess(message:"X_BAB.Two: Received valid key");
else
	LOG::LogFailure(message:"X_BAB.Two: Received invalid key");
end if;

if (rcvd_evt.instance == self.x)	
	LOG::LogSuccess(message:"X_BAB.Two: Received valid instance number");
else
	LOG::LogFailure(message:"X_BAB.Two: Received invalid instance number");
end if;

generate X_BAB2 to self;
',
	'Verifies that the event data is valid and logs the results.');
INSERT INTO SM_STATE
	VALUES (11534339,
	11534358,
	0,
	'Three',
	3,
	0);
INSERT INTO SM_EIGN
	VALUES (11534339,
	11534337,
	11534358,
	0,
	'');
INSERT INTO SM_SEME
	VALUES (11534339,
	11534337,
	11534358,
	0);
INSERT INTO SM_EIGN
	VALUES (11534339,
	11534338,
	11534358,
	0,
	'');
INSERT INTO SM_SEME
	VALUES (11534339,
	11534338,
	11534358,
	0);
INSERT INTO SM_SEME
	VALUES (11534339,
	11534339,
	11534358,
	0);
INSERT INTO SM_EIGN
	VALUES (11534339,
	11534340,
	11534358,
	0,
	'');
INSERT INTO SM_SEME
	VALUES (11534339,
	11534340,
	11534358,
	0);
INSERT INTO SM_EIGN
	VALUES (11534339,
	11534341,
	11534358,
	0,
	'');
INSERT INTO SM_SEME
	VALUES (11534339,
	11534341,
	11534358,
	0);
INSERT INTO SM_EIGN
	VALUES (11534339,
	11534342,
	11534358,
	0,
	'');
INSERT INTO SM_SEME
	VALUES (11534339,
	11534342,
	11534358,
	0);
INSERT INTO SM_MOAH
	VALUES (11534339,
	11534358,
	11534339);
INSERT INTO SM_AH
	VALUES (11534339,
	11534358);
INSERT INTO SM_ACT
	VALUES (11534339,
	11534358,
	1,
	'LOG::LogInfo(message:"X_BAB.Three: Received event Poly B");

if (rcvd_evt.key == "X_BAB")
	LOG::LogSuccess(message:"X_BAB.Three: Received valid key");
else
	LOG::LogFailure(message:"X_BAB.Three: Received invalid key");
end if;

if (rcvd_evt.instance == self.x)	
	LOG::LogSuccess(message:"X_BAB.Three: Received valid instance number");
else
	LOG::LogFailure(message:"X_BAB.Three: Received invalid instance number");
end if;

generate X_BAB2 to self;
',
	'');
INSERT INTO SM_STATE
	VALUES (11534340,
	11534358,
	0,
	'Four',
	4,
	0);
INSERT INTO SM_EIGN
	VALUES (11534340,
	11534337,
	11534358,
	0,
	'');
INSERT INTO SM_SEME
	VALUES (11534340,
	11534337,
	11534358,
	0);
INSERT INTO SM_EIGN
	VALUES (11534340,
	11534338,
	11534358,
	0,
	'');
INSERT INTO SM_SEME
	VALUES (11534340,
	11534338,
	11534358,
	0);
INSERT INTO SM_SEME
	VALUES (11534340,
	11534339,
	11534358,
	0);
INSERT INTO SM_EIGN
	VALUES (11534340,
	11534340,
	11534358,
	0,
	'');
INSERT INTO SM_SEME
	VALUES (11534340,
	11534340,
	11534358,
	0);
INSERT INTO SM_EIGN
	VALUES (11534340,
	11534341,
	11534358,
	0,
	'');
INSERT INTO SM_SEME
	VALUES (11534340,
	11534341,
	11534358,
	0);
INSERT INTO SM_EIGN
	VALUES (11534340,
	11534342,
	11534358,
	0,
	'');
INSERT INTO SM_SEME
	VALUES (11534340,
	11534342,
	11534358,
	0);
INSERT INTO SM_MOAH
	VALUES (11534340,
	11534358,
	11534340);
INSERT INTO SM_AH
	VALUES (11534340,
	11534358);
INSERT INTO SM_ACT
	VALUES (11534340,
	11534358,
	1,
	'LOG::LogInfo(message:"X_BAB.Four: Received event Local");

if (rcvd_evt.key == "X_BAB")
	LOG::LogSuccess(message:"X_BAB.Four: Received valid key");
else
	LOG::LogFailure(message:"X_BAB.Four: Received invalid key");
end if;

if (rcvd_evt.instance == self.x)	
	LOG::LogSuccess(message:"X_BAB.Four: Received valid instance number");
else
	LOG::LogFailure(message:"X_BAB.Four: Received invalid instance number");
end if;

generate X_BAB2 to self;
',
	'');
INSERT INTO SM_NSTXN
	VALUES (11534337,
	11534358,
	11534337,
	11534338,
	0);
INSERT INTO SM_TXN
	VALUES (11534337,
	11534358,
	11534340,
	0);
INSERT INTO SM_NSTXN
	VALUES (11534338,
	11534358,
	11534339,
	11534339,
	0);
INSERT INTO SM_TXN
	VALUES (11534338,
	11534358,
	11534337,
	0);
INSERT INTO SM_NSTXN
	VALUES (11534339,
	11534358,
	11534338,
	11534339,
	0);
INSERT INTO SM_TXN
	VALUES (11534339,
	11534358,
	11534337,
	0);
INSERT INTO SM_NSTXN
	VALUES (11534340,
	11534358,
	11534337,
	11534337,
	0);
INSERT INTO SM_TXN
	VALUES (11534340,
	11534358,
	11534338,
	0);
INSERT INTO SM_NSTXN
	VALUES (11534341,
	11534358,
	11534340,
	11534339,
	0);
INSERT INTO SM_TXN
	VALUES (11534341,
	11534358,
	11534337,
	0);
INSERT INTO SM_NSTXN
	VALUES (11534342,
	11534358,
	11534337,
	11534340,
	0);
INSERT INTO SM_TXN
	VALUES (11534342,
	11534358,
	11534339,
	0);
INSERT INTO GD_MD
	VALUES (11534337,
	8,
	11534358,
	40,
	1,
	0,
	1,
	1,
	0,
	12,
	1594,
	4151,
	0.879913,
	0);
INSERT INTO GD_GE
	VALUES (11534338,
	11534337,
	11534337,
	41);
INSERT INTO GD_SHP
	VALUES (11534338,
	1620,
	1231,
	2492,
	1351);
INSERT INTO GD_GE
	VALUES (11534339,
	11534337,
	11534338,
	41);
INSERT INTO GD_SHP
	VALUES (11534339,
	1620,
	1415,
	1900,
	1751);
INSERT INTO GD_GE
	VALUES (11534340,
	11534337,
	11534339,
	41);
INSERT INTO GD_SHP
	VALUES (11534340,
	1916,
	1415,
	2204,
	1751);
INSERT INTO GD_GE
	VALUES (11534341,
	11534337,
	11534340,
	41);
INSERT INTO GD_SHP
	VALUES (11534341,
	2220,
	1415,
	2492,
	1751);
INSERT INTO GD_GE
	VALUES (11534342,
	11534337,
	11534337,
	42);
INSERT INTO GD_CON
	VALUES (11534342,
	11534338,
	11534341,
	0);
INSERT INTO GD_CTXT
	VALUES (11534342,
	0,
	0,
	0,
	0,
	0,
	0,
	2263,
	1363,
	2380,
	1395,
	7,
	-20,
	0,
	0,
	0,
	0,
	0,
	0);
INSERT INTO GD_LS
	VALUES (11534343,
	11534342,
	2256,
	1351,
	2256,
	1415,
	0);
INSERT INTO GD_GE
	VALUES (11534344,
	11534337,
	11534342,
	42);
INSERT INTO GD_CON
	VALUES (11534344,
	11534338,
	11534340,
	0);
INSERT INTO GD_CTXT
	VALUES (11534344,
	0,
	0,
	0,
	0,
	0,
	0,
	1958,
	1366,
	2069,
	1384,
	10,
	-17,
	0,
	0,
	0,
	0,
	0,
	0);
INSERT INTO GD_LS
	VALUES (11534345,
	11534344,
	1948,
	1351,
	1948,
	1415,
	0);
INSERT INTO GD_GE
	VALUES (11534346,
	11534337,
	11534338,
	42);
INSERT INTO GD_CON
	VALUES (11534346,
	11534340,
	11534338,
	0);
INSERT INTO GD_CTXT
	VALUES (11534346,
	0,
	0,
	0,
	0,
	0,
	0,
	2085,
	1367,
	2182,
	1385,
	9,
	-16,
	0,
	0,
	0,
	0,
	0,
	0);
INSERT INTO GD_LS
	VALUES (11534347,
	11534346,
	2076,
	1415,
	2076,
	1351,
	0);
INSERT INTO GD_GE
	VALUES (11534348,
	11534337,
	11534339,
	42);
INSERT INTO GD_CON
	VALUES (11534348,
	11534339,
	11534338,
	0);
INSERT INTO GD_CTXT
	VALUES (11534348,
	0,
	0,
	0,
	0,
	0,
	0,
	1668,
	1366,
	1770,
	1384,
	8,
	-17,
	0,
	0,
	0,
	0,
	0,
	0);
INSERT INTO GD_LS
	VALUES (11534349,
	11534348,
	1660,
	1415,
	1660,
	1351,
	0);
INSERT INTO GD_GE
	VALUES (11534350,
	11534337,
	11534340,
	42);
INSERT INTO GD_CON
	VALUES (11534350,
	11534338,
	11534339,
	0);
INSERT INTO GD_CTXT
	VALUES (11534350,
	0,
	0,
	0,
	0,
	0,
	0,
	1797,
	1367,
	1906,
	1385,
	9,
	-16,
	0,
	0,
	0,
	0,
	0,
	0);
INSERT INTO GD_LS
	VALUES (11534351,
	11534350,
	1788,
	1351,
	1788,
	1415,
	0);
INSERT INTO GD_GE
	VALUES (11534352,
	11534337,
	11534341,
	42);
INSERT INTO GD_CON
	VALUES (11534352,
	11534341,
	11534338,
	0);
INSERT INTO GD_CTXT
	VALUES (11534352,
	0,
	0,
	0,
	0,
	0,
	0,
	2391,
	1367,
	2508,
	1385,
	7,
	-16,
	0,
	0,
	0,
	0,
	0,
	0);
INSERT INTO GD_LS
	VALUES (11534353,
	11534352,
	2384,
	1415,
	2384,
	1351,
	0);
INSERT INTO O_OBJ
	VALUES (11010050,
	'Supertype A',
	201,
	'X_PA',
	'',
	11010069);
INSERT INTO O_NBATTR
	VALUES (11010053,
	11010050);
INSERT INTO O_BATTR
	VALUES (11010053,
	11010050);
INSERT INTO O_ATTR
	VALUES (11010053,
	11010050,
	0,
	'ida',
	'',
	'',
	'ida',
	0,
	524291);
INSERT INTO O_NBATTR
	VALUES (11010054,
	11010050);
INSERT INTO O_BATTR
	VALUES (11010054,
	11010050);
INSERT INTO O_ATTR
	VALUES (11010054,
	11010050,
	11010053,
	'x',
	'',
	'',
	'x',
	0,
	524291);
INSERT INTO O_NBATTR
	VALUES (11010055,
	11010050);
INSERT INTO O_BATTR
	VALUES (11010055,
	11010050);
INSERT INTO O_ATTR
	VALUES (11010055,
	11010050,
	11010054,
	'current_state',
	'',
	'',
	'current_state',
	0,
	524295);
INSERT INTO O_ID
	VALUES (0,
	11010050);
INSERT INTO O_OIDA
	VALUES (11010053,
	11010050,
	0);
INSERT INTO O_RTIDA
	VALUES (11010053,
	11010050,
	0,
	11010049,
	11010049);
INSERT INTO SM_ISM
	VALUES (12058647,
	11010050);
INSERT INTO SM_SM
	VALUES (12058647,
	'',
	23);
INSERT INTO SM_MOORE
	VALUES (12058647);
INSERT INTO SM_EVTDI
	VALUES (12058625,
	12058647,
	'instance',
	'',
	524291);
INSERT INTO SM_EVTDI
	VALUES (12058626,
	12058647,
	'key',
	'',
	524293);
INSERT INTO SM_PEVT
	VALUES (12058625,
	12058647,
	0);
INSERT INTO SM_EVT
	VALUES (12058625,
	12058647,
	0,
	1,
	'Poly A',
	0,
	'',
	'X_PA1',
	'');
INSERT INTO SM_STATE
	VALUES (12058625,
	12058647,
	0,
	'State Name',
	1,
	0);
INSERT INTO SM_MOAH
	VALUES (12058625,
	12058647,
	12058625);
INSERT INTO SM_AH
	VALUES (12058625,
	12058647);
INSERT INTO SM_ACT
	VALUES (12058625,
	12058647,
	1,
	'',
	'');
INSERT INTO GD_MD
	VALUES (12058625,
	8,
	12058647,
	40,
	1,
	0,
	1,
	1,
	0,
	12,
	1600,
	4178,
	1.000000,
	0);
INSERT INTO GD_GE
	VALUES (12058626,
	12058625,
	12058625,
	41);
INSERT INTO GD_SHP
	VALUES (12058626,
	1872,
	1360,
	2048,
	1536);
INSERT INTO O_OBJ
	VALUES (11010051,
	'Supertype B',
	202,
	'X_PB',
	'',
	11010069);
INSERT INTO O_NBATTR
	VALUES (11010056,
	11010051);
INSERT INTO O_BATTR
	VALUES (11010056,
	11010051);
INSERT INTO O_ATTR
	VALUES (11010056,
	11010051,
	0,
	'idb',
	'',
	'',
	'idb',
	0,
	524291);
INSERT INTO O_NBATTR
	VALUES (11010057,
	11010051);
INSERT INTO O_BATTR
	VALUES (11010057,
	11010051);
INSERT INTO O_ATTR
	VALUES (11010057,
	11010051,
	11010056,
	'x',
	'',
	'',
	'x',
	0,
	524291);
INSERT INTO O_NBATTR
	VALUES (11010058,
	11010051);
INSERT INTO O_BATTR
	VALUES (11010058,
	11010051);
INSERT INTO O_ATTR
	VALUES (11010058,
	11010051,
	11010057,
	'current_state',
	'',
	'',
	'current_state',
	0,
	524295);
INSERT INTO O_ID
	VALUES (0,
	11010051);
INSERT INTO O_OIDA
	VALUES (11010056,
	11010051,
	0);
INSERT INTO O_RTIDA
	VALUES (11010056,
	11010051,
	0,
	11010050,
	11010052);
INSERT INTO O_RTIDA
	VALUES (11010056,
	11010051,
	0,
	11010051,
	11010055);
INSERT INTO SM_ISM
	VALUES (12582936,
	11010051);
INSERT INTO SM_SM
	VALUES (12582936,
	'',
	24);
INSERT INTO SM_MOORE
	VALUES (12582936);
INSERT INTO SM_EVTDI
	VALUES (12582913,
	12582936,
	'instance',
	'',
	524291);
INSERT INTO SM_EVTDI
	VALUES (12582914,
	12582936,
	'key',
	'',
	524293);
INSERT INTO SM_EVTDI
	VALUES (237304411,
	12582936,
	'instance',
	'',
	524291);
INSERT INTO SM_EVTDI
	VALUES (221702663,
	12582936,
	'key',
	'',
	524293);
INSERT INTO SM_PEVT
	VALUES (12582913,
	12582936,
	0);
INSERT INTO SM_EVT
	VALUES (12582913,
	12582936,
	0,
	1,
	'Poly B1',
	0,
	'',
	'X_PB1',
	'');
INSERT INTO SM_PEVT
	VALUES (12582914,
	12582936,
	0);
INSERT INTO SM_EVT
	VALUES (12582914,
	12582936,
	0,
	2,
	'Poly B2',
	0,
	'',
	'X_PB2',
	'');
INSERT INTO SM_LEVT
	VALUES (12582915,
	12582936,
	0);
INSERT INTO SM_SEVT
	VALUES (12582915,
	12582936,
	0);
INSERT INTO SM_EVT
	VALUES (12582915,
	12582936,
	0,
	3,
	'Local B',
	0,
	'',
	'X_PB3',
	'');
INSERT INTO SM_PEVT
	VALUES (12582916,
	12582936,
	0);
INSERT INTO SM_EVT
	VALUES (12582916,
	12582936,
	0,
	4,
	'Poly B3',
	0,
	'',
	'X_PB4',
	'');
INSERT INTO SM_STATE
	VALUES (12582913,
	12582936,
	0,
	'Supertype B',
	1,
	0);
INSERT INTO SM_SEME
	VALUES (12582913,
	12582915,
	12582936,
	0);
INSERT INTO SM_MOAH
	VALUES (12582913,
	12582936,
	12582913);
INSERT INTO SM_AH
	VALUES (12582913,
	12582936);
INSERT INTO SM_ACT
	VALUES (12582913,
	12582936,
	1,
	'LOG::LogInfo(message:"Sending Polymorphic event to self");

generate X_PB4* to self;',
	'');
INSERT INTO SM_NSTXN
	VALUES (12582913,
	12582936,
	12582913,
	12582915,
	0);
INSERT INTO SM_TXN
	VALUES (12582913,
	12582936,
	12582913,
	0);
INSERT INTO GD_MD
	VALUES (12582913,
	8,
	12582936,
	40,
	1,
	0,
	1,
	1,
	0,
	12,
	1600,
	4178,
	1.000000,
	0);
INSERT INTO GD_GE
	VALUES (12582914,
	12582913,
	12582913,
	41);
INSERT INTO GD_SHP
	VALUES (12582914,
	1856,
	1376,
	2112,
	1616);
INSERT INTO GD_GE
	VALUES (12582915,
	12582913,
	12582913,
	42);
INSERT INTO GD_CON
	VALUES (12582915,
	12582914,
	12582914,
	0);
INSERT INTO GD_CTXT
	VALUES (12582915,
	0,
	0,
	0,
	0,
	0,
	0,
	0,
	0,
	0,
	0,
	0,
	0,
	0,
	0,
	0,
	0,
	0,
	0);
INSERT INTO GD_LS
	VALUES (12582916,
	12582915,
	1872,
	1376,
	1872,
	1344,
	0);
INSERT INTO GD_LS
	VALUES (12582917,
	12582915,
	1872,
	1344,
	2080,
	1344,
	12582916);
INSERT INTO GD_LS
	VALUES (12582918,
	12582915,
	2080,
	1344,
	2080,
	1376,
	12582917);
INSERT INTO O_OBJ
	VALUES (11010052,
	'Subtype B',
	203,
	'X_BB',
	'',
	11010069);
INSERT INTO O_REF
	VALUES (11010052,
	11010051,
	0,
	11010056,
	11010050,
	11010054,
	11010052,
	11010059,
	11010051,
	0,
	0,
	'');
INSERT INTO O_RATTR
	VALUES (11010059,
	11010052,
	11010056,
	11010051,
	1);
INSERT INTO O_ATTR
	VALUES (11010059,
	11010052,
	0,
	'idb',
	'',
	'',
	'idb',
	0,
	524296);
INSERT INTO O_NBATTR
	VALUES (11010060,
	11010052);
INSERT INTO O_BATTR
	VALUES (11010060,
	11010052);
INSERT INTO O_ATTR
	VALUES (11010060,
	11010052,
	11010059,
	'x',
	'',
	'',
	'x',
	0,
	524291);
INSERT INTO O_NBATTR
	VALUES (11010061,
	11010052);
INSERT INTO O_BATTR
	VALUES (11010061,
	11010052);
INSERT INTO O_ATTR
	VALUES (11010061,
	11010052,
	11010060,
	'current_state',
	'',
	'',
	'current_state',
	0,
	524295);
INSERT INTO O_ID
	VALUES (0,
	11010052);
INSERT INTO O_OIDA
	VALUES (11010059,
	11010052,
	0);
INSERT INTO SM_ISM
	VALUES (13107225,
	11010052);
INSERT INTO SM_SM
	VALUES (13107225,
	'',
	25);
INSERT INTO SM_MOORE
	VALUES (13107225);
INSERT INTO SM_NLEVT
	VALUES (13107201,
	13107225,
	0,
	12582913,
	12582936,
	0,
	'');
INSERT INTO SM_SEVT
	VALUES (13107201,
	13107225,
	0);
INSERT INTO SM_EVT
	VALUES (13107201,
	13107225,
	0,
	0,
	'Poly B1',
	0,
	'',
	'X_PB1*',
	'');
INSERT INTO SM_NLEVT
	VALUES (13107202,
	13107225,
	0,
	12582914,
	12582936,
	0,
	'');
INSERT INTO SM_SEVT
	VALUES (13107202,
	13107225,
	0);
INSERT INTO SM_EVT
	VALUES (13107202,
	13107225,
	0,
	0,
	'Poly B2',
	0,
	'',
	'X_PB2*',
	'');
INSERT INTO SM_NLEVT
	VALUES (13107203,
	13107225,
	0,
	12582916,
	12582936,
	0,
	'');
INSERT INTO SM_SEVT
	VALUES (13107203,
	13107225,
	0);
INSERT INTO SM_EVT
	VALUES (13107203,
	13107225,
	0,
	0,
	'Poly B3',
	0,
	'',
	'X_PB4*',
	'');
INSERT INTO SM_STATE
	VALUES (13107201,
	13107225,
	0,
	'Receive self PE',
	1,
	0);
INSERT INTO SM_EIGN
	VALUES (13107201,
	13107201,
	13107225,
	0,
	'');
INSERT INTO SM_SEME
	VALUES (13107201,
	13107201,
	13107225,
	0);
INSERT INTO SM_EIGN
	VALUES (13107201,
	13107202,
	13107225,
	0,
	'');
INSERT INTO SM_SEME
	VALUES (13107201,
	13107202,
	13107225,
	0);
INSERT INTO SM_SEME
	VALUES (13107201,
	13107203,
	13107225,
	0);
INSERT INTO SM_MOAH
	VALUES (13107201,
	13107225,
	13107201);
INSERT INTO SM_AH
	VALUES (13107201,
	13107225);
INSERT INTO SM_ACT
	VALUES (13107201,
	13107225,
	1,
	'LOG::LogSuccess(message:"X_BB.One: Receive self PE");

select any driver from instances of X_D; 
generate X_D1:''ACK success'' to driver;',
	'');
INSERT INTO SM_NSTXN
	VALUES (13107201,
	13107225,
	13107201,
	13107203,
	0);
INSERT INTO SM_TXN
	VALUES (13107201,
	13107225,
	13107201,
	0);
INSERT INTO GD_MD
	VALUES (13107201,
	8,
	13107225,
	40,
	1,
	0,
	1,
	1,
	0,
	12,
	1600,
	4178,
	1.000000,
	0);
INSERT INTO GD_GE
	VALUES (13107202,
	13107201,
	13107201,
	41);
INSERT INTO GD_SHP
	VALUES (13107202,
	1808,
	1344,
	2096,
	1568);
INSERT INTO GD_GE
	VALUES (13107203,
	13107201,
	13107201,
	42);
INSERT INTO GD_CON
	VALUES (13107203,
	13107202,
	13107202,
	0);
INSERT INTO GD_CTXT
	VALUES (13107203,
	0,
	0,
	0,
	0,
	0,
	0,
	1892,
	1277,
	1998,
	1301,
	-1,
	-5,
	0,
	0,
	0,
	0,
	0,
	0);
INSERT INTO GD_LS
	VALUES (13107255,
	13107203,
	1824,
	1344,
	1824,
	1312,
	0);
INSERT INTO GD_LS
	VALUES (13107256,
	13107203,
	1824,
	1312,
	2064,
	1312,
	13107255);
INSERT INTO GD_LS
	VALUES (13107257,
	13107203,
	2064,
	1312,
	2064,
	1344,
	13107256);
INSERT INTO O_OBJ
	VALUES (11010053,
	'Subtype A',
	204,
	'X_BA',
	'',
	11010069);
INSERT INTO O_REF
	VALUES (11010053,
	11010050,
	0,
	11010053,
	11010049,
	11010050,
	11010049,
	11010062,
	11010052,
	0,
	0,
	'');
INSERT INTO O_RATTR
	VALUES (11010062,
	11010053,
	11010053,
	11010050,
	1);
INSERT INTO O_ATTR
	VALUES (11010062,
	11010053,
	0,
	'ida',
	'',
	'',
	'ida',
	0,
	524296);
INSERT INTO O_NBATTR
	VALUES (11010063,
	11010053);
INSERT INTO O_BATTR
	VALUES (11010063,
	11010053);
INSERT INTO O_ATTR
	VALUES (11010063,
	11010053,
	11010062,
	'x',
	'',
	'',
	'x',
	0,
	524291);
INSERT INTO O_NBATTR
	VALUES (11010064,
	11010053);
INSERT INTO O_BATTR
	VALUES (11010064,
	11010053);
INSERT INTO O_ATTR
	VALUES (11010064,
	11010053,
	11010063,
	'current_state',
	'',
	'',
	'current_state',
	0,
	524295);
INSERT INTO O_ID
	VALUES (0,
	11010053);
INSERT INTO O_OIDA
	VALUES (11010062,
	11010053,
	0);
INSERT INTO SM_ISM
	VALUES (13631514,
	11010053);
INSERT INTO SM_SM
	VALUES (13631514,
	'',
	26);
INSERT INTO SM_MOORE
	VALUES (13631514);
INSERT INTO SM_NLEVT
	VALUES (13631489,
	13631514,
	0,
	12058625,
	12058647,
	0,
	'');
INSERT INTO SM_SEVT
	VALUES (13631489,
	13631514,
	0);
INSERT INTO SM_EVT
	VALUES (13631489,
	13631514,
	0,
	0,
	'Poly A',
	0,
	'',
	'X_PA1*',
	'');
INSERT INTO SM_STATE
	VALUES (13631489,
	13631514,
	0,
	'State Name',
	1,
	0);
INSERT INTO SM_EIGN
	VALUES (13631489,
	13631489,
	13631514,
	0,
	'');
INSERT INTO SM_SEME
	VALUES (13631489,
	13631489,
	13631514,
	0);
INSERT INTO SM_MOAH
	VALUES (13631489,
	13631514,
	13631489);
INSERT INTO SM_AH
	VALUES (13631489,
	13631514);
INSERT INTO SM_ACT
	VALUES (13631489,
	13631514,
	1,
	'',
	'');
INSERT INTO GD_MD
	VALUES (13631489,
	8,
	13631514,
	40,
	1,
	0,
	1,
	1,
	0,
	12,
	1600,
	4178,
	1.000000,
	0);
INSERT INTO GD_GE
	VALUES (13631490,
	13631489,
	13631489,
	41);
INSERT INTO GD_SHP
	VALUES (13631490,
	1952,
	1344,
	2112,
	1488);
INSERT INTO O_OBJ
	VALUES (11010054,
	'Init',
	205,
	'X_INIT',
	'',
	11010069);
INSERT INTO O_NBATTR
	VALUES (11010065,
	11010054);
INSERT INTO O_BATTR
	VALUES (11010065,
	11010054);
INSERT INTO O_ATTR
	VALUES (11010065,
	11010054,
	0,
	'current_state',
	'',
	'',
	'current_state',
	0,
	524295);
INSERT INTO SM_ISM
	VALUES (14155803,
	11010054);
INSERT INTO SM_SM
	VALUES (14155803,
	'',
	27);
INSERT INTO SM_MOORE
	VALUES (14155803);
INSERT INTO SM_LEVT
	VALUES (14155779,
	14155803,
	0);
INSERT INTO SM_SEVT
	VALUES (14155779,
	14155803,
	0);
INSERT INTO SM_EVT
	VALUES (14155779,
	14155803,
	0,
	1,
	'init',
	0,
	'',
	'X_INIT1',
	'');
INSERT INTO SM_STATE
	VALUES (14155777,
	14155803,
	0,
	'One',
	1,
	0);
INSERT INTO SM_EIGN
	VALUES (14155777,
	14155779,
	14155803,
	0,
	'');
INSERT INTO SM_SEME
	VALUES (14155777,
	14155779,
	14155803,
	0);
INSERT INTO SM_MOAH
	VALUES (14155777,
	14155803,
	14155777);
INSERT INTO SM_AH
	VALUES (14155777,
	14155803);
INSERT INTO SM_ACT
	VALUES (14155777,
	14155803,
	1,
	'create object instance pa  of X_PA;    pa.x  = 200;
create object instance ba  of X_BA;    ba.x  = 201;
relate pa  to ba  across R200;

create object instance pa2 of X_PA;    pa2.x = 202;
create object instance bb2 of X_BB2;   bb2.x = 203;
create object instance pb  of X_PB;    pb.x  = 204; 
create object instance bab of X_BAB;   bab.x = 205;
relate pa2 to bab across R200;
relate pb  to bab across R201;
relate pb  to bb2 across R202;

create object instance pb2 of X_PB;    pb2.x = 206;
create object instance bb  of X_BB;    bb.x  = 207;
create object instance bb3 of X_BB2;   bb3.x = 210;
relate pb2 to bb  across R201;
relate pb2 to bb3 across R202;

create object instance pb3 of X_PB;    pb3.x = 208;
create object instance bb4 of X_BB2;   bb4.x = 209;
create object instance bb5 of X_BB;    bb5.x = 211;
relate pb3 to bb5 across R201;
relate pb3 to bb4 across R202;

// Used to be state: ''2. Two''.
create object instance pa  of X_PA;    pa.x  = 220;
create object instance ba  of X_BA;    ba.x  = 221;
relate pa  to ba  across R200;

create object instance pa2 of X_PA;    pa2.x = 222;
create object instance bb2 of X_BB2;   bb2.x = 223;
create object instance pb  of X_PB;    pb.x  = 224; 
create object instance bab of X_BAB;   bab.x = 225;
relate pa2 to bab across R200;
relate pb  to bab across R201;
relate pb  to bb2 across R202;

create object instance pb2 of X_PB;    pb2.x = 226;
create object instance bb  of X_BB;    bb.x  = 227;
create object instance bb3 of X_BB2;   bb3.x = 230;
relate pb2 to bb  across R201;
relate pb2 to bb3 across R202;

create object instance pb3 of X_PB;    pb3.x = 228;
create object instance bb4 of X_BB2;   bb4.x = 229;
create object instance bb5 of X_BB;    bb5.x = 231;
relate pb3 to bb5 across R201;
relate pb3 to bb4 across R202;

//Used to be state: ''3. Finish''.
generate X_D0:''Start'' to X_D creator;',
	'');
INSERT INTO SM_CRTXN
	VALUES (14155780,
	14155803,
	14155779,
	14155778);
INSERT INTO SM_TXN
	VALUES (14155780,
	14155803,
	14155777,
	0);
INSERT INTO GD_MD
	VALUES (14155777,
	8,
	14155803,
	40,
	1,
	0,
	1,
	1,
	0,
	12,
	1389,
	4267,
	1.000000,
	0);
INSERT INTO GD_GE
	VALUES (14155778,
	14155777,
	14155777,
	41);
INSERT INTO GD_SHP
	VALUES (14155778,
	1584,
	1296,
	1904,
	1616);
INSERT INTO GD_GE
	VALUES (14155787,
	14155777,
	14155780,
	42);
INSERT INTO GD_CON
	VALUES (14155787,
	14155778,
	0,
	0);
INSERT INTO GD_CTXT
	VALUES (14155787,
	0,
	0,
	0,
	0,
	0,
	0,
	0,
	0,
	0,
	0,
	0,
	0,
	0,
	0,
	0,
	0,
	0,
	0);
INSERT INTO GD_LS
	VALUES (14155788,
	14155787,
	1728,
	1296,
	1728,
	1216,
	0);
INSERT INTO O_OBJ
	VALUES (11010055,
	'Driver',
	206,
	'X_D',
	'',
	11010069);
INSERT INTO O_NBATTR
	VALUES (11010066,
	11010055);
INSERT INTO O_BATTR
	VALUES (11010066,
	11010055);
INSERT INTO O_ATTR
	VALUES (11010066,
	11010055,
	0,
	'timer',
	'',
	'',
	'timer',
	0,
	524304);
INSERT INTO O_NBATTR
	VALUES (11010067,
	11010055);
INSERT INTO O_BATTR
	VALUES (11010067,
	11010055);
INSERT INTO O_ATTR
	VALUES (11010067,
	11010055,
	11010066,
	'current_state',
	'',
	'',
	'current_state',
	0,
	524295);
INSERT INTO SM_ISM
	VALUES (14680092,
	11010055);
INSERT INTO SM_SM
	VALUES (14680092,
	'',
	28);
INSERT INTO SM_MOORE
	VALUES (14680092);
INSERT INTO SM_LEVT
	VALUES (14680065,
	14680092,
	0);
INSERT INTO SM_SEVT
	VALUES (14680065,
	14680092,
	0);
INSERT INTO SM_EVT
	VALUES (14680065,
	14680092,
	0,
	1,
	'ACK success',
	0,
	'',
	'X_D1',
	'');
INSERT INTO SM_LEVT
	VALUES (14680066,
	14680092,
	0);
INSERT INTO SM_SEVT
	VALUES (14680066,
	14680092,
	0);
INSERT INTO SM_EVT
	VALUES (14680066,
	14680092,
	0,
	2,
	'ACK failure',
	0,
	'',
	'X_D2',
	'');
INSERT INTO SM_LEVT
	VALUES (14680067,
	14680092,
	0);
INSERT INTO SM_SEVT
	VALUES (14680067,
	14680092,
	0);
INSERT INTO SM_EVT
	VALUES (14680067,
	14680092,
	0,
	3,
	'No ACK',
	0,
	'',
	'X_D3',
	'');
INSERT INTO SM_LEVT
	VALUES (14680068,
	14680092,
	0);
INSERT INTO SM_SEVT
	VALUES (14680068,
	14680092,
	0);
INSERT INTO SM_EVT
	VALUES (14680068,
	14680092,
	0,
	4,
	'Continue',
	0,
	'',
	'X_D4',
	'');
INSERT INTO SM_LEVT
	VALUES (14680069,
	14680092,
	0);
INSERT INTO SM_SEVT
	VALUES (14680069,
	14680092,
	0);
INSERT INTO SM_EVT
	VALUES (14680069,
	14680092,
	0,
	5,
	'End',
	0,
	'',
	'X_D5',
	'');
INSERT INTO SM_LEVT
	VALUES (14680070,
	14680092,
	0);
INSERT INTO SM_SEVT
	VALUES (14680070,
	14680092,
	0);
INSERT INTO SM_EVT
	VALUES (14680070,
	14680092,
	0,
	0,
	'Start',
	0,
	'',
	'X_D0',
	'');
INSERT INTO SM_STATE
	VALUES (14680065,
	14680092,
	0,
	'Send PE of Supertype A to Subtype AB (via A)',
	1,
	0);
INSERT INTO SM_SEME
	VALUES (14680065,
	14680065,
	14680092,
	0);
INSERT INTO SM_EIGN
	VALUES (14680065,
	14680066,
	14680092,
	0,
	'');
INSERT INTO SM_SEME
	VALUES (14680065,
	14680066,
	14680092,
	0);
INSERT INTO SM_SEME
	VALUES (14680065,
	14680067,
	14680092,
	0);
INSERT INTO SM_EIGN
	VALUES (14680065,
	14680068,
	14680092,
	0,
	'');
INSERT INTO SM_SEME
	VALUES (14680065,
	14680068,
	14680092,
	0);
INSERT INTO SM_EIGN
	VALUES (14680065,
	14680069,
	14680092,
	0,
	'');
INSERT INTO SM_SEME
	VALUES (14680065,
	14680069,
	14680092,
	0);
INSERT INTO SM_EIGN
	VALUES (14680065,
	14680070,
	14680092,
	0,
	'');
INSERT INTO SM_SEME
	VALUES (14680065,
	14680070,
	14680092,
	0);
INSERT INTO SM_MOAH
	VALUES (14680065,
	14680092,
	14680065);
INSERT INTO SM_AH
	VALUES (14680065,
	14680092);
INSERT INTO SM_ACT
	VALUES (14680065,
	14680092,
	1,
	'LOG::LogInfo(message:"Complex Driver: Send PE of Supertype A to Subtype AB (via A)");
select any a from instances of X_PA where selected.x == 202;
generate X_PA1*(key:"X_BAB", instance:205) to a;

create event instance no_ack of X_D3:''No ACK'' to self;
self.timer = TIM::timer_start(microseconds:5000000, event_inst:no_ack);
',
	'');
INSERT INTO SM_STATE
	VALUES (14680066,
	14680092,
	0,
	'No Response (A A AB)',
	5,
	0);
INSERT INTO SM_EIGN
	VALUES (14680066,
	14680065,
	14680092,
	0,
	'');
INSERT INTO SM_SEME
	VALUES (14680066,
	14680065,
	14680092,
	0);
INSERT INTO SM_EIGN
	VALUES (14680066,
	14680066,
	14680092,
	0,
	'');
INSERT INTO SM_SEME
	VALUES (14680066,
	14680066,
	14680092,
	0);
INSERT INTO SM_EIGN
	VALUES (14680066,
	14680067,
	14680092,
	0,
	'');
INSERT INTO SM_SEME
	VALUES (14680066,
	14680067,
	14680092,
	0);
INSERT INTO SM_SEME
	VALUES (14680066,
	14680068,
	14680092,
	0);
INSERT INTO SM_EIGN
	VALUES (14680066,
	14680069,
	14680092,
	0,
	'');
INSERT INTO SM_SEME
	VALUES (14680066,
	14680069,
	14680092,
	0);
INSERT INTO SM_EIGN
	VALUES (14680066,
	14680070,
	14680092,
	0,
	'');
INSERT INTO SM_SEME
	VALUES (14680066,
	14680070,
	14680092,
	0);
INSERT INTO SM_MOAH
	VALUES (14680066,
	14680092,
	14680066);
INSERT INTO SM_AH
	VALUES (14680066,
	14680092);
INSERT INTO SM_ACT
	VALUES (14680066,
	14680092,
	1,
	'LOG::LogFailure(message:"Did not receive ACK for Send PE of Supertype A to Subtype AB (via A)");
generate X_D4:''Continue'' to self;',
	'');
INSERT INTO SM_STATE
	VALUES (14680067,
	14680092,
	0,
	'Send LE to Subtype AB',
	6,
	0);
INSERT INTO SM_SEME
	VALUES (14680067,
	14680065,
	14680092,
	0);
INSERT INTO SM_EIGN
	VALUES (14680067,
	14680066,
	14680092,
	0,
	'');
INSERT INTO SM_SEME
	VALUES (14680067,
	14680066,
	14680092,
	0);
INSERT INTO SM_SEME
	VALUES (14680067,
	14680067,
	14680092,
	0);
INSERT INTO SM_EIGN
	VALUES (14680067,
	14680068,
	14680092,
	0,
	'');
INSERT INTO SM_SEME
	VALUES (14680067,
	14680068,
	14680092,
	0);
INSERT INTO SM_EIGN
	VALUES (14680067,
	14680069,
	14680092,
	0,
	'');
INSERT INTO SM_SEME
	VALUES (14680067,
	14680069,
	14680092,
	0);
INSERT INTO SM_EIGN
	VALUES (14680067,
	14680070,
	14680092,
	0,
	'');
INSERT INTO SM_SEME
	VALUES (14680067,
	14680070,
	14680092,
	0);
INSERT INTO SM_MOAH
	VALUES (14680067,
	14680092,
	14680067);
INSERT INTO SM_AH
	VALUES (14680067,
	14680092);
INSERT INTO SM_ACT
	VALUES (14680067,
	14680092,
	1,
	'value = TIM::timer_cancel(timer_inst_ref:self.timer);

LOG::LogInfo(message:"Complex Driver: Send LE to Subtype AB");
select any ab from instances of X_BAB where selected.x == 205;
generate X_PB1*(key:"X_BAB", instance:205) to ab;

create event instance no_ack of X_D3:''No ACK'' to self;
self.timer = TIM::timer_start(microseconds:5000000, event_inst:no_ack);
',
	'');
INSERT INTO SM_STATE
	VALUES (14680068,
	14680092,
	0,
	'Send PE of Supertype A to Subtype AB (via AB)',
	7,
	0);
INSERT INTO SM_SEME
	VALUES (14680068,
	14680065,
	14680092,
	0);
INSERT INTO SM_EIGN
	VALUES (14680068,
	14680066,
	14680092,
	0,
	'');
INSERT INTO SM_SEME
	VALUES (14680068,
	14680066,
	14680092,
	0);
INSERT INTO SM_SEME
	VALUES (14680068,
	14680067,
	14680092,
	0);
INSERT INTO SM_EIGN
	VALUES (14680068,
	14680068,
	14680092,
	0,
	'');
INSERT INTO SM_SEME
	VALUES (14680068,
	14680068,
	14680092,
	0);
INSERT INTO SM_EIGN
	VALUES (14680068,
	14680069,
	14680092,
	0,
	'');
INSERT INTO SM_SEME
	VALUES (14680068,
	14680069,
	14680092,
	0);
INSERT INTO SM_EIGN
	VALUES (14680068,
	14680070,
	14680092,
	0,
	'');
INSERT INTO SM_SEME
	VALUES (14680068,
	14680070,
	14680092,
	0);
INSERT INTO SM_MOAH
	VALUES (14680068,
	14680092,
	14680068);
INSERT INTO SM_AH
	VALUES (14680068,
	14680092);
INSERT INTO SM_ACT
	VALUES (14680068,
	14680092,
	1,
	'value = TIM::timer_cancel(timer_inst_ref:self.timer);

LOG::LogInfo(message:"Complex Driver: Send PE of Supertype A to Subtype AB (via AB)");
select any ab from instances of X_BAB where selected.x == 225;
generate X_PA1*(key:"X_BAB", instance:225) to ab;

create event instance no_ack of X_D3:''No ACK'' to self;
self.timer = TIM::timer_start(microseconds:5000000, event_inst:no_ack);
',
	'');
INSERT INTO SM_STATE
	VALUES (14680069,
	14680092,
	0,
	'No Response (AB A AB)',
	8,
	0);
INSERT INTO SM_EIGN
	VALUES (14680069,
	14680065,
	14680092,
	0,
	'');
INSERT INTO SM_SEME
	VALUES (14680069,
	14680065,
	14680092,
	0);
INSERT INTO SM_EIGN
	VALUES (14680069,
	14680066,
	14680092,
	0,
	'');
INSERT INTO SM_SEME
	VALUES (14680069,
	14680066,
	14680092,
	0);
INSERT INTO SM_EIGN
	VALUES (14680069,
	14680067,
	14680092,
	0,
	'');
INSERT INTO SM_SEME
	VALUES (14680069,
	14680067,
	14680092,
	0);
INSERT INTO SM_SEME
	VALUES (14680069,
	14680068,
	14680092,
	0);
INSERT INTO SM_EIGN
	VALUES (14680069,
	14680069,
	14680092,
	0,
	'');
INSERT INTO SM_SEME
	VALUES (14680069,
	14680069,
	14680092,
	0);
INSERT INTO SM_EIGN
	VALUES (14680069,
	14680070,
	14680092,
	0,
	'');
INSERT INTO SM_SEME
	VALUES (14680069,
	14680070,
	14680092,
	0);
INSERT INTO SM_MOAH
	VALUES (14680069,
	14680092,
	14680069);
INSERT INTO SM_AH
	VALUES (14680069,
	14680092);
INSERT INTO SM_ACT
	VALUES (14680069,
	14680092,
	1,
	'LOG::LogFailure(message:"Did not receive ACK for Send PE of Supertype A to Subtype AB (via AB)");
generate X_D4:''Continue'' to self;',
	'');
INSERT INTO SM_STATE
	VALUES (14680070,
	14680092,
	0,
	'No Response (AB AB)',
	9,
	0);
INSERT INTO SM_EIGN
	VALUES (14680070,
	14680065,
	14680092,
	0,
	'');
INSERT INTO SM_SEME
	VALUES (14680070,
	14680065,
	14680092,
	0);
INSERT INTO SM_EIGN
	VALUES (14680070,
	14680066,
	14680092,
	0,
	'');
INSERT INTO SM_SEME
	VALUES (14680070,
	14680066,
	14680092,
	0);
INSERT INTO SM_EIGN
	VALUES (14680070,
	14680067,
	14680092,
	0,
	'');
INSERT INTO SM_SEME
	VALUES (14680070,
	14680067,
	14680092,
	0);
INSERT INTO SM_SEME
	VALUES (14680070,
	14680068,
	14680092,
	0);
INSERT INTO SM_EIGN
	VALUES (14680070,
	14680069,
	14680092,
	0,
	'');
INSERT INTO SM_SEME
	VALUES (14680070,
	14680069,
	14680092,
	0);
INSERT INTO SM_EIGN
	VALUES (14680070,
	14680070,
	14680092,
	0,
	'');
INSERT INTO SM_SEME
	VALUES (14680070,
	14680070,
	14680092,
	0);
INSERT INTO SM_MOAH
	VALUES (14680070,
	14680092,
	14680070);
INSERT INTO SM_AH
	VALUES (14680070,
	14680092);
INSERT INTO SM_ACT
	VALUES (14680070,
	14680092,
	1,
	'LOG::LogFailure(message:"Did not receive ACK for Send LE to Subrtype AB");
generate X_D4:''Continue'' to self;',
	'');
INSERT INTO SM_STATE
	VALUES (14680071,
	14680092,
	0,
	'Send PE of Supertype B to Subtype AB (via AB)',
	10,
	0);
INSERT INTO SM_SEME
	VALUES (14680071,
	14680065,
	14680092,
	0);
INSERT INTO SM_EIGN
	VALUES (14680071,
	14680066,
	14680092,
	0,
	'');
INSERT INTO SM_SEME
	VALUES (14680071,
	14680066,
	14680092,
	0);
INSERT INTO SM_SEME
	VALUES (14680071,
	14680067,
	14680092,
	0);
INSERT INTO SM_EIGN
	VALUES (14680071,
	14680068,
	14680092,
	0,
	'');
INSERT INTO SM_SEME
	VALUES (14680071,
	14680068,
	14680092,
	0);
INSERT INTO SM_EIGN
	VALUES (14680071,
	14680069,
	14680092,
	0,
	'');
INSERT INTO SM_SEME
	VALUES (14680071,
	14680069,
	14680092,
	0);
INSERT INTO SM_EIGN
	VALUES (14680071,
	14680070,
	14680092,
	0,
	'');
INSERT INTO SM_SEME
	VALUES (14680071,
	14680070,
	14680092,
	0);
INSERT INTO SM_MOAH
	VALUES (14680071,
	14680092,
	14680071);
INSERT INTO SM_AH
	VALUES (14680071,
	14680092);
INSERT INTO SM_ACT
	VALUES (14680071,
	14680092,
	1,
	'value = TIM::timer_cancel(timer_inst_ref:self.timer);

LOG::LogInfo(message:"Complex Driver: Send PE of Supertype B to Subtype AB (via AB)");
select any ab from instances of X_BAB where selected.x == 225;
generate X_PB1*(key:"X_BAB", instance:225) to ab;

create event instance no_ack of X_D3:''No ACK'' to self;
self.timer = TIM::timer_start(microseconds:5000000, event_inst:no_ack);

',
	'');
INSERT INTO SM_STATE
	VALUES (14680072,
	14680092,
	0,
	'No Response (AB B AB)',
	11,
	0);
INSERT INTO SM_EIGN
	VALUES (14680072,
	14680065,
	14680092,
	0,
	'');
INSERT INTO SM_SEME
	VALUES (14680072,
	14680065,
	14680092,
	0);
INSERT INTO SM_EIGN
	VALUES (14680072,
	14680066,
	14680092,
	0,
	'');
INSERT INTO SM_SEME
	VALUES (14680072,
	14680066,
	14680092,
	0);
INSERT INTO SM_EIGN
	VALUES (14680072,
	14680067,
	14680092,
	0,
	'');
INSERT INTO SM_SEME
	VALUES (14680072,
	14680067,
	14680092,
	0);
INSERT INTO SM_SEME
	VALUES (14680072,
	14680068,
	14680092,
	0);
INSERT INTO SM_EIGN
	VALUES (14680072,
	14680069,
	14680092,
	0,
	'');
INSERT INTO SM_SEME
	VALUES (14680072,
	14680069,
	14680092,
	0);
INSERT INTO SM_EIGN
	VALUES (14680072,
	14680070,
	14680092,
	0,
	'');
INSERT INTO SM_SEME
	VALUES (14680072,
	14680070,
	14680092,
	0);
INSERT INTO SM_MOAH
	VALUES (14680072,
	14680092,
	14680072);
INSERT INTO SM_AH
	VALUES (14680072,
	14680092);
INSERT INTO SM_ACT
	VALUES (14680072,
	14680092,
	1,
	'LOG::LogFailure(message:"Did not receive ACK for Send PE of Supertype B to Subtype Ab (via AB)");
generate X_D4:''Continue'' to self;',
	'');
INSERT INTO SM_STATE
	VALUES (14680073,
	14680092,
	0,
	'Send PE of Supertype B to Subtype AB (via B)',
	12,
	0);
INSERT INTO SM_SEME
	VALUES (14680073,
	14680065,
	14680092,
	0);
INSERT INTO SM_EIGN
	VALUES (14680073,
	14680066,
	14680092,
	0,
	'');
INSERT INTO SM_SEME
	VALUES (14680073,
	14680066,
	14680092,
	0);
INSERT INTO SM_SEME
	VALUES (14680073,
	14680067,
	14680092,
	0);
INSERT INTO SM_EIGN
	VALUES (14680073,
	14680068,
	14680092,
	0,
	'');
INSERT INTO SM_SEME
	VALUES (14680073,
	14680068,
	14680092,
	0);
INSERT INTO SM_EIGN
	VALUES (14680073,
	14680069,
	14680092,
	0,
	'');
INSERT INTO SM_SEME
	VALUES (14680073,
	14680069,
	14680092,
	0);
INSERT INTO SM_EIGN
	VALUES (14680073,
	14680070,
	14680092,
	0,
	'');
INSERT INTO SM_SEME
	VALUES (14680073,
	14680070,
	14680092,
	0);
INSERT INTO SM_MOAH
	VALUES (14680073,
	14680092,
	14680073);
INSERT INTO SM_AH
	VALUES (14680073,
	14680092);
INSERT INTO SM_ACT
	VALUES (14680073,
	14680092,
	1,
	'value = TIM::timer_cancel(timer_inst_ref:self.timer);

LOG::LogInfo(message:"Complex Driver: Send PE of Supertype B to Subtype AB (via B)");
select any b from instances of X_PB where selected.x == 204;
generate X_PB1*(key:"X_BAB", instance:205) to b;

create event instance no_ack of X_D3:''No ACK'' to self;
self.timer = TIM::timer_start(microseconds:5000000, event_inst:no_ack);
',
	'');
INSERT INTO SM_STATE
	VALUES (14680074,
	14680092,
	0,
	'No Response (B B AB)',
	13,
	0);
INSERT INTO SM_EIGN
	VALUES (14680074,
	14680065,
	14680092,
	0,
	'');
INSERT INTO SM_SEME
	VALUES (14680074,
	14680065,
	14680092,
	0);
INSERT INTO SM_EIGN
	VALUES (14680074,
	14680066,
	14680092,
	0,
	'');
INSERT INTO SM_SEME
	VALUES (14680074,
	14680066,
	14680092,
	0);
INSERT INTO SM_EIGN
	VALUES (14680074,
	14680067,
	14680092,
	0,
	'');
INSERT INTO SM_SEME
	VALUES (14680074,
	14680067,
	14680092,
	0);
INSERT INTO SM_SEME
	VALUES (14680074,
	14680068,
	14680092,
	0);
INSERT INTO SM_EIGN
	VALUES (14680074,
	14680069,
	14680092,
	0,
	'');
INSERT INTO SM_SEME
	VALUES (14680074,
	14680069,
	14680092,
	0);
INSERT INTO SM_EIGN
	VALUES (14680074,
	14680070,
	14680092,
	0,
	'');
INSERT INTO SM_SEME
	VALUES (14680074,
	14680070,
	14680092,
	0);
INSERT INTO SM_MOAH
	VALUES (14680074,
	14680092,
	14680074);
INSERT INTO SM_AH
	VALUES (14680074,
	14680092);
INSERT INTO SM_ACT
	VALUES (14680074,
	14680092,
	1,
	'LOG::LogFailure(message:"Did not receive ACK for Send PE of Supertype B to Subtype AB (via B)");
generate X_D4:''Continue'' to self;',
	'');
INSERT INTO SM_STATE
	VALUES (14680075,
	14680092,
	0,
	'Send PE of Supertype B to Subtype B2 (via B)',
	14,
	0);
INSERT INTO SM_SEME
	VALUES (14680075,
	14680065,
	14680092,
	0);
INSERT INTO SM_EIGN
	VALUES (14680075,
	14680066,
	14680092,
	0,
	'');
INSERT INTO SM_SEME
	VALUES (14680075,
	14680066,
	14680092,
	0);
INSERT INTO SM_SEME
	VALUES (14680075,
	14680067,
	14680092,
	0);
INSERT INTO SM_EIGN
	VALUES (14680075,
	14680068,
	14680092,
	0,
	'');
INSERT INTO SM_SEME
	VALUES (14680075,
	14680068,
	14680092,
	0);
INSERT INTO SM_EIGN
	VALUES (14680075,
	14680069,
	14680092,
	0,
	'');
INSERT INTO SM_SEME
	VALUES (14680075,
	14680069,
	14680092,
	0);
INSERT INTO SM_EIGN
	VALUES (14680075,
	14680070,
	14680092,
	0,
	'');
INSERT INTO SM_SEME
	VALUES (14680075,
	14680070,
	14680092,
	0);
INSERT INTO SM_MOAH
	VALUES (14680075,
	14680092,
	14680075);
INSERT INTO SM_AH
	VALUES (14680075,
	14680092);
INSERT INTO SM_ACT
	VALUES (14680075,
	14680092,
	1,
	'value = TIM::timer_cancel(timer_inst_ref:self.timer);

LOG::LogInfo(message:"Complex Driver: Send PE of Supertype B to Subtype B2 (via B)");
select any b from instances of X_PB where selected.x == 228;
generate X_PB2*(key:"X_BB2", instance:229) to b;

create event instance no_ack of X_D3:''No ACK'' to self;
self.timer = TIM::timer_start(microseconds:5000000, event_inst:no_ack);
',
	'');
INSERT INTO SM_STATE
	VALUES (14680076,
	14680092,
	0,
	'No Response (B B B2 via B)',
	15,
	0);
INSERT INTO SM_EIGN
	VALUES (14680076,
	14680065,
	14680092,
	0,
	'');
INSERT INTO SM_SEME
	VALUES (14680076,
	14680065,
	14680092,
	0);
INSERT INTO SM_EIGN
	VALUES (14680076,
	14680066,
	14680092,
	0,
	'');
INSERT INTO SM_SEME
	VALUES (14680076,
	14680066,
	14680092,
	0);
INSERT INTO SM_EIGN
	VALUES (14680076,
	14680067,
	14680092,
	0,
	'');
INSERT INTO SM_SEME
	VALUES (14680076,
	14680067,
	14680092,
	0);
INSERT INTO SM_SEME
	VALUES (14680076,
	14680068,
	14680092,
	0);
INSERT INTO SM_EIGN
	VALUES (14680076,
	14680069,
	14680092,
	0,
	'');
INSERT INTO SM_SEME
	VALUES (14680076,
	14680069,
	14680092,
	0);
INSERT INTO SM_EIGN
	VALUES (14680076,
	14680070,
	14680092,
	0,
	'');
INSERT INTO SM_SEME
	VALUES (14680076,
	14680070,
	14680092,
	0);
INSERT INTO SM_MOAH
	VALUES (14680076,
	14680092,
	14680076);
INSERT INTO SM_AH
	VALUES (14680076,
	14680092);
INSERT INTO SM_ACT
	VALUES (14680076,
	14680092,
	1,
	'LOG::LogFailure(message:"Did not receive ACK for Send PE of Supertype B to Subtype B2 (via B)");
generate X_D4:''Continue'' to self;',
	'');
INSERT INTO SM_STATE
	VALUES (14680077,
	14680092,
	0,
	'Done',
	16,
	0);
INSERT INTO SM_EIGN
	VALUES (14680077,
	14680065,
	14680092,
	0,
	'');
INSERT INTO SM_SEME
	VALUES (14680077,
	14680065,
	14680092,
	0);
INSERT INTO SM_EIGN
	VALUES (14680077,
	14680066,
	14680092,
	0,
	'');
INSERT INTO SM_SEME
	VALUES (14680077,
	14680066,
	14680092,
	0);
INSERT INTO SM_EIGN
	VALUES (14680077,
	14680067,
	14680092,
	0,
	'');
INSERT INTO SM_SEME
	VALUES (14680077,
	14680067,
	14680092,
	0);
INSERT INTO SM_EIGN
	VALUES (14680077,
	14680068,
	14680092,
	0,
	'');
INSERT INTO SM_SEME
	VALUES (14680077,
	14680068,
	14680092,
	0);
INSERT INTO SM_EIGN
	VALUES (14680077,
	14680069,
	14680092,
	0,
	'');
INSERT INTO SM_SEME
	VALUES (14680077,
	14680069,
	14680092,
	0);
INSERT INTO SM_EIGN
	VALUES (14680077,
	14680070,
	14680092,
	0,
	'');
INSERT INTO SM_SEME
	VALUES (14680077,
	14680070,
	14680092,
	0);
INSERT INTO SM_MOAH
	VALUES (14680077,
	14680092,
	14680077);
INSERT INTO SM_AH
	VALUES (14680077,
	14680092);
INSERT INTO SM_ACT
	VALUES (14680077,
	14680092,
	1,
	'value = TIM::timer_cancel(timer_inst_ref:self.timer);
LOG::LogInfo(message:"Complex Driver Done.");

select any mc from instances of MC_MC;
generate MC_MC1:test_complete to mc;',
	'');
INSERT INTO SM_STATE
	VALUES (14680078,
	14680092,
	0,
	'Send PE of Supertype B to Subtype B2 (via B2)',
	17,
	0);
INSERT INTO SM_SEME
	VALUES (14680078,
	14680065,
	14680092,
	0);
INSERT INTO SM_EIGN
	VALUES (14680078,
	14680066,
	14680092,
	0,
	'');
INSERT INTO SM_SEME
	VALUES (14680078,
	14680066,
	14680092,
	0);
INSERT INTO SM_SEME
	VALUES (14680078,
	14680067,
	14680092,
	0);
INSERT INTO SM_EIGN
	VALUES (14680078,
	14680068,
	14680092,
	0,
	'');
INSERT INTO SM_SEME
	VALUES (14680078,
	14680068,
	14680092,
	0);
INSERT INTO SM_EIGN
	VALUES (14680078,
	14680069,
	14680092,
	0,
	'');
INSERT INTO SM_SEME
	VALUES (14680078,
	14680069,
	14680092,
	0);
INSERT INTO SM_EIGN
	VALUES (14680078,
	14680070,
	14680092,
	0,
	'');
INSERT INTO SM_SEME
	VALUES (14680078,
	14680070,
	14680092,
	0);
INSERT INTO SM_MOAH
	VALUES (14680078,
	14680092,
	14680078);
INSERT INTO SM_AH
	VALUES (14680078,
	14680092);
INSERT INTO SM_ACT
	VALUES (14680078,
	14680092,
	1,
	'value = TIM::timer_cancel(timer_inst_ref:self.timer);

LOG::LogInfo(message:"Complex Driver: Send PE of Supertype B to Subtype B2 (via B2)");
select any b2 from instances of X_BB2 where selected.x == 209;
generate X_PB2*(key:"X_BB2", instance:209) to b2;

create event instance no_ack of X_D3:''No ACK'' to self;
self.timer = TIM::timer_start(microseconds:5000000, event_inst:no_ack);
',
	'');
INSERT INTO SM_STATE
	VALUES (14680079,
	14680092,
	0,
	'No Response (B B B2 via B2)',
	18,
	0);
INSERT INTO SM_EIGN
	VALUES (14680079,
	14680065,
	14680092,
	0,
	'');
INSERT INTO SM_SEME
	VALUES (14680079,
	14680065,
	14680092,
	0);
INSERT INTO SM_EIGN
	VALUES (14680079,
	14680066,
	14680092,
	0,
	'');
INSERT INTO SM_SEME
	VALUES (14680079,
	14680066,
	14680092,
	0);
INSERT INTO SM_EIGN
	VALUES (14680079,
	14680067,
	14680092,
	0,
	'');
INSERT INTO SM_SEME
	VALUES (14680079,
	14680067,
	14680092,
	0);
INSERT INTO SM_SEME
	VALUES (14680079,
	14680068,
	14680092,
	0);
INSERT INTO SM_EIGN
	VALUES (14680079,
	14680069,
	14680092,
	0,
	'');
INSERT INTO SM_SEME
	VALUES (14680079,
	14680069,
	14680092,
	0);
INSERT INTO SM_EIGN
	VALUES (14680079,
	14680070,
	14680092,
	0,
	'');
INSERT INTO SM_SEME
	VALUES (14680079,
	14680070,
	14680092,
	0);
INSERT INTO SM_MOAH
	VALUES (14680079,
	14680092,
	14680079);
INSERT INTO SM_AH
	VALUES (14680079,
	14680092);
INSERT INTO SM_ACT
	VALUES (14680079,
	14680092,
	1,
	'LOG::LogFailure(message:"Did not receive ACK for Send PE of Supertype B to Subtype B2 (via B2)");
generate X_D4:''Continue'' to self;',
	'');
INSERT INTO SM_STATE
	VALUES (14680080,
	14680092,
	0,
	'Send LE to Supertype B',
	19,
	0);
INSERT INTO SM_SEME
	VALUES (14680080,
	14680065,
	14680092,
	0);
INSERT INTO SM_EIGN
	VALUES (14680080,
	14680066,
	14680092,
	0,
	'');
INSERT INTO SM_SEME
	VALUES (14680080,
	14680066,
	14680092,
	0);
INSERT INTO SM_SEME
	VALUES (14680080,
	14680067,
	14680092,
	0);
INSERT INTO SM_EIGN
	VALUES (14680080,
	14680068,
	14680092,
	0,
	'');
INSERT INTO SM_SEME
	VALUES (14680080,
	14680068,
	14680092,
	0);
INSERT INTO SM_EIGN
	VALUES (14680080,
	14680069,
	14680092,
	0,
	'');
INSERT INTO SM_SEME
	VALUES (14680080,
	14680069,
	14680092,
	0);
INSERT INTO SM_EIGN
	VALUES (14680080,
	14680070,
	14680092,
	0,
	'');
INSERT INTO SM_SEME
	VALUES (14680080,
	14680070,
	14680092,
	0);
INSERT INTO SM_MOAH
	VALUES (14680080,
	14680092,
	14680080);
INSERT INTO SM_AH
	VALUES (14680080,
	14680092);
INSERT INTO SM_ACT
	VALUES (14680080,
	14680092,
	1,
	'value = TIM::timer_cancel(timer_inst_ref:self.timer);

LOG::LogInfo(message:"Complex Driver: Send LE of Supertype B");

select any b from instances of X_PB where ( selected.x == 208 );
generate X_PB3 to b;

create event instance no_ack of X_D3:''No ACK'' to self;
self.timer = TIM::timer_start(microseconds:5000000, event_inst:no_ack);',
	'');
INSERT INTO SM_STATE
	VALUES (14680081,
	14680092,
	0,
	'No Response',
	20,
	0);
INSERT INTO SM_EIGN
	VALUES (14680081,
	14680065,
	14680092,
	0,
	'');
INSERT INTO SM_SEME
	VALUES (14680081,
	14680065,
	14680092,
	0);
INSERT INTO SM_EIGN
	VALUES (14680081,
	14680066,
	14680092,
	0,
	'');
INSERT INTO SM_SEME
	VALUES (14680081,
	14680066,
	14680092,
	0);
INSERT INTO SM_EIGN
	VALUES (14680081,
	14680067,
	14680092,
	0,
	'');
INSERT INTO SM_SEME
	VALUES (14680081,
	14680067,
	14680092,
	0);
INSERT INTO SM_SEME
	VALUES (14680081,
	14680068,
	14680092,
	0);
INSERT INTO SM_EIGN
	VALUES (14680081,
	14680069,
	14680092,
	0,
	'');
INSERT INTO SM_SEME
	VALUES (14680081,
	14680069,
	14680092,
	0);
INSERT INTO SM_EIGN
	VALUES (14680081,
	14680070,
	14680092,
	0,
	'');
INSERT INTO SM_SEME
	VALUES (14680081,
	14680070,
	14680092,
	0);
INSERT INTO SM_MOAH
	VALUES (14680081,
	14680092,
	14680081);
INSERT INTO SM_AH
	VALUES (14680081,
	14680092);
INSERT INTO SM_ACT
	VALUES (14680081,
	14680092,
	1,
	'LOG::LogFailure(message:"Did not receive ACK for Send LE to Supertype B");
generate X_D4:''Continue'' to self;',
	'');
INSERT INTO SM_NSTXN
	VALUES (14680065,
	14680092,
	14680065,
	14680067,
	0);
INSERT INTO SM_TXN
	VALUES (14680065,
	14680092,
	14680066,
	0);
INSERT INTO SM_NSTXN
	VALUES (14680066,
	14680092,
	14680068,
	14680067,
	0);
INSERT INTO SM_TXN
	VALUES (14680066,
	14680092,
	14680069,
	0);
INSERT INTO SM_NSTXN
	VALUES (14680067,
	14680092,
	14680067,
	14680067,
	0);
INSERT INTO SM_TXN
	VALUES (14680067,
	14680092,
	14680070,
	0);
INSERT INTO SM_NSTXN
	VALUES (14680068,
	14680092,
	14680065,
	14680065,
	0);
INSERT INTO SM_TXN
	VALUES (14680068,
	14680092,
	14680068,
	0);
INSERT INTO SM_NSTXN
	VALUES (14680069,
	14680092,
	14680066,
	14680068,
	0);
INSERT INTO SM_TXN
	VALUES (14680069,
	14680092,
	14680068,
	0);
INSERT INTO SM_NSTXN
	VALUES (14680070,
	14680092,
	14680071,
	14680067,
	0);
INSERT INTO SM_TXN
	VALUES (14680070,
	14680092,
	14680072,
	0);
INSERT INTO SM_NSTXN
	VALUES (14680071,
	14680092,
	14680072,
	14680068,
	0);
INSERT INTO SM_TXN
	VALUES (14680071,
	14680092,
	14680067,
	0);
INSERT INTO SM_NSTXN
	VALUES (14680072,
	14680092,
	14680073,
	14680067,
	0);
INSERT INTO SM_TXN
	VALUES (14680072,
	14680092,
	14680074,
	0);
INSERT INTO SM_NSTXN
	VALUES (14680073,
	14680092,
	14680068,
	14680065,
	0);
INSERT INTO SM_TXN
	VALUES (14680073,
	14680092,
	14680073,
	0);
INSERT INTO SM_NSTXN
	VALUES (14680074,
	14680092,
	14680073,
	14680065,
	0);
INSERT INTO SM_TXN
	VALUES (14680074,
	14680092,
	14680071,
	0);
INSERT INTO SM_NSTXN
	VALUES (14680075,
	14680092,
	14680071,
	14680065,
	0);
INSERT INTO SM_TXN
	VALUES (14680075,
	14680092,
	14680067,
	0);
INSERT INTO SM_NSTXN
	VALUES (14680076,
	14680092,
	14680074,
	14680068,
	0);
INSERT INTO SM_TXN
	VALUES (14680076,
	14680092,
	14680071,
	0);
INSERT INTO SM_NSTXN
	VALUES (14680077,
	14680092,
	14680069,
	14680068,
	0);
INSERT INTO SM_TXN
	VALUES (14680077,
	14680092,
	14680073,
	0);
INSERT INTO SM_NSTXN
	VALUES (14680078,
	14680092,
	14680075,
	14680067,
	0);
INSERT INTO SM_TXN
	VALUES (14680078,
	14680092,
	14680076,
	0);
INSERT INTO SM_NSTXN
	VALUES (14680079,
	14680092,
	14680067,
	14680065,
	0);
INSERT INTO SM_TXN
	VALUES (14680079,
	14680092,
	14680075,
	0);
INSERT INTO SM_NSTXN
	VALUES (14680080,
	14680092,
	14680070,
	14680068,
	0);
INSERT INTO SM_TXN
	VALUES (14680080,
	14680092,
	14680075,
	0);
INSERT INTO SM_CRTXN
	VALUES (14680081,
	14680092,
	14680070,
	14680065);
INSERT INTO SM_TXN
	VALUES (14680081,
	14680092,
	14680065,
	0);
INSERT INTO SM_NSTXN
	VALUES (14680082,
	14680092,
	14680078,
	14680067,
	0);
INSERT INTO SM_TXN
	VALUES (14680082,
	14680092,
	14680079,
	0);
INSERT INTO SM_NSTXN
	VALUES (14680083,
	14680092,
	14680076,
	14680068,
	0);
INSERT INTO SM_TXN
	VALUES (14680083,
	14680092,
	14680078,
	0);
INSERT INTO SM_NSTXN
	VALUES (14680085,
	14680092,
	14680075,
	14680065,
	0);
INSERT INTO SM_TXN
	VALUES (14680085,
	14680092,
	14680078,
	0);
INSERT INTO SM_NSTXN
	VALUES (14680088,
	14680092,
	14680078,
	14680065,
	0);
INSERT INTO SM_TXN
	VALUES (14680088,
	14680092,
	14680080,
	0);
INSERT INTO SM_NSTXN
	VALUES (14680089,
	14680092,
	14680079,
	14680068,
	0);
INSERT INTO SM_TXN
	VALUES (14680089,
	14680092,
	14680080,
	0);
INSERT INTO SM_NSTXN
	VALUES (14680090,
	14680092,
	14680080,
	14680067,
	0);
INSERT INTO SM_TXN
	VALUES (14680090,
	14680092,
	14680081,
	0);
INSERT INTO SM_NSTXN
	VALUES (14680091,
	14680092,
	14680080,
	14680065,
	0);
INSERT INTO SM_TXN
	VALUES (14680091,
	14680092,
	14680077,
	0);
INSERT INTO SM_NSTXN
	VALUES (14680092,
	14680092,
	14680081,
	14680068,
	0);
INSERT INTO SM_TXN
	VALUES (14680092,
	14680092,
	14680077,
	0);
INSERT INTO GD_MD
	VALUES (14680065,
	8,
	14680092,
	40,
	1,
	0,
	1,
	1,
	0,
	12,
	1190,
	2354,
	0.500000,
	0);
INSERT INTO GD_GE
	VALUES (14680066,
	14680065,
	14680065,
	41);
INSERT INTO GD_SHP
	VALUES (14680066,
	1520,
	1216,
	2032,
	1360);
INSERT INTO GD_GE
	VALUES (14680067,
	14680065,
	14680066,
	41);
INSERT INTO GD_SHP
	VALUES (14680067,
	2160,
	1216,
	2464,
	1328);
INSERT INTO GD_GE
	VALUES (14680068,
	14680065,
	14680067,
	41);
INSERT INTO GD_SHP
	VALUES (14680068,
	1520,
	2064,
	2032,
	2224);
INSERT INTO GD_GE
	VALUES (14680069,
	14680065,
	14680068,
	41);
INSERT INTO GD_SHP
	VALUES (14680069,
	1520,
	1408,
	2032,
	1584);
INSERT INTO GD_GE
	VALUES (14680070,
	14680065,
	14680069,
	41);
INSERT INTO GD_SHP
	VALUES (14680070,
	2160,
	1408,
	2464,
	1520);
INSERT INTO GD_GE
	VALUES (14680071,
	14680065,
	14680070,
	41);
INSERT INTO GD_SHP
	VALUES (14680071,
	2160,
	2064,
	2464,
	2176);
INSERT INTO GD_GE
	VALUES (14680072,
	14680065,
	14680071,
	41);
INSERT INTO GD_SHP
	VALUES (14680072,
	1520,
	1840,
	2032,
	2016);
INSERT INTO GD_GE
	VALUES (14680073,
	14680065,
	14680072,
	41);
INSERT INTO GD_SHP
	VALUES (14680073,
	2160,
	1840,
	2464,
	1952);
INSERT INTO GD_GE
	VALUES (14680074,
	14680065,
	14680073,
	41);
INSERT INTO GD_SHP
	VALUES (14680074,
	1520,
	1632,
	2032,
	1792);
INSERT INTO GD_GE
	VALUES (14680075,
	14680065,
	14680074,
	41);
INSERT INTO GD_SHP
	VALUES (14680075,
	2160,
	1632,
	2464,
	1744);
INSERT INTO GD_GE
	VALUES (14680076,
	14680065,
	14680075,
	41);
INSERT INTO GD_SHP
	VALUES (14680076,
	1526,
	2278,
	2038,
	2438);
INSERT INTO GD_GE
	VALUES (14680077,
	14680065,
	14680076,
	41);
INSERT INTO GD_SHP
	VALUES (14680077,
	2166,
	2278,
	2470,
	2390);
INSERT INTO GD_GE
	VALUES (14680078,
	14680065,
	14680077,
	41);
INSERT INTO GD_SHP
	VALUES (14680078,
	1526,
	2966,
	2038,
	3062);
INSERT INTO GD_GE
	VALUES (14680079,
	14680065,
	14680078,
	41);
INSERT INTO GD_SHP
	VALUES (14680079,
	1525,
	2500,
	2037,
	2660);
INSERT INTO GD_GE
	VALUES (14680080,
	14680065,
	14680079,
	41);
INSERT INTO GD_SHP
	VALUES (14680080,
	2165,
	2500,
	2469,
	2612);
INSERT INTO GD_GE
	VALUES (14680125,
	14680065,
	14680080,
	41);
INSERT INTO GD_SHP
	VALUES (14680125,
	1520,
	2736,
	2032,
	2896);
INSERT INTO GD_GE
	VALUES (14680126,
	14680065,
	14680081,
	41);
INSERT INTO GD_SHP
	VALUES (14680126,
	2160,
	2736,
	2464,
	2848);
INSERT INTO GD_GE
	VALUES (14680081,
	14680065,
	14680065,
	42);
INSERT INTO GD_CON
	VALUES (14680081,
	14680066,
	14680067,
	0);
INSERT INTO GD_CTXT
	VALUES (14680081,
	0,
	0,
	0,
	0,
	0,
	0,
	2051,
	1269,
	2143,
	1287,
	-45,
	5,
	0,
	0,
	0,
	0,
	0,
	0);
INSERT INTO GD_LS
	VALUES (14680082,
	14680081,
	2032,
	1264,
	2160,
	1264,
	0);
INSERT INTO GD_GE
	VALUES (14680083,
	14680065,
	14680081,
	42);
INSERT INTO GD_CON
	VALUES (14680083,
	14680066,
	0,
	0);
INSERT INTO GD_CTXT
	VALUES (14680083,
	0,
	0,
	0,
	0,
	0,
	0,
	1790,
	1181,
	1873,
	1199,
	14,
	-11,
	0,
	0,
	0,
	0,
	0,
	0);
INSERT INTO GD_LS
	VALUES (14680084,
	14680083,
	1776,
	1216,
	1776,
	1168,
	0);
INSERT INTO GD_GE
	VALUES (14680085,
	14680065,
	14680068,
	42);
INSERT INTO GD_CON
	VALUES (14680085,
	14680066,
	14680069,
	0);
INSERT INTO GD_CTXT
	VALUES (14680085,
	0,
	0,
	0,
	0,
	0,
	0,
	1791,
	1367,
	1864,
	1399,
	15,
	-17,
	0,
	0,
	0,
	0,
	0,
	0);
INSERT INTO GD_LS
	VALUES (14680086,
	14680085,
	1776,
	1360,
	1776,
	1408,
	0);
INSERT INTO GD_GE
	VALUES (14680087,
	14680065,
	14680066,
	42);
INSERT INTO GD_CON
	VALUES (14680087,
	14680069,
	14680070,
	0);
INSERT INTO GD_CTXT
	VALUES (14680087,
	0,
	0,
	0,
	0,
	0,
	0,
	2058,
	1460,
	2146,
	1478,
	-38,
	4,
	0,
	0,
	0,
	0,
	0,
	0);
INSERT INTO GD_LS
	VALUES (14680088,
	14680087,
	2032,
	1456,
	2160,
	1456,
	0);
INSERT INTO GD_GE
	VALUES (14680089,
	14680065,
	14680067,
	42);
INSERT INTO GD_CON
	VALUES (14680089,
	14680068,
	14680071,
	0);
INSERT INTO GD_CTXT
	VALUES (14680089,
	0,
	0,
	0,
	0,
	0,
	0,
	2052,
	2134,
	2141,
	2152,
	-44,
	6,
	0,
	0,
	0,
	0,
	0,
	0);
INSERT INTO GD_LS
	VALUES (14680090,
	14680089,
	2032,
	2128,
	2160,
	2128,
	0);
INSERT INTO GD_GE
	VALUES (14680091,
	14680065,
	14680069,
	42);
INSERT INTO GD_CON
	VALUES (14680091,
	14680067,
	14680069,
	0);
INSERT INTO GD_CTXT
	VALUES (14680091,
	0,
	0,
	0,
	0,
	0,
	0,
	2116,
	1374,
	2210,
	1392,
	20,
	6,
	0,
	0,
	0,
	0,
	0,
	0);
INSERT INTO GD_LS
	VALUES (14680092,
	14680091,
	2165,
	1323,
	2027,
	1413,
	0);
INSERT INTO GD_GE
	VALUES (14680093,
	14680065,
	14680070,
	42);
INSERT INTO GD_CON
	VALUES (14680093,
	14680072,
	14680073,
	0);
INSERT INTO GD_CTXT
	VALUES (14680093,
	0,
	0,
	0,
	0,
	0,
	0,
	2056,
	1892,
	2144,
	1910,
	-40,
	4,
	0,
	0,
	0,
	0,
	0,
	0);
INSERT INTO GD_LS
	VALUES (14680094,
	14680093,
	2032,
	1888,
	2160,
	1888,
	0);
INSERT INTO GD_GE
	VALUES (14680095,
	14680065,
	14680071,
	42);
INSERT INTO GD_CON
	VALUES (14680095,
	14680073,
	14680068,
	0);
INSERT INTO GD_CTXT
	VALUES (14680095,
	0,
	0,
	0,
	0,
	0,
	0,
	2121,
	2014,
	2220,
	2032,
	25,
	6,
	0,
	0,
	0,
	0,
	0,
	0);
INSERT INTO GD_LS
	VALUES (14680096,
	14680095,
	2165,
	1947,
	2027,
	2069,
	0);
INSERT INTO GD_GE
	VALUES (14680097,
	14680065,
	14680075,
	42);
INSERT INTO GD_CON
	VALUES (14680097,
	14680072,
	14680068,
	0);
INSERT INTO GD_CTXT
	VALUES (14680097,
	0,
	0,
	0,
	0,
	0,
	0,
	1793,
	2024,
	1867,
	2056,
	17,
	-16,
	0,
	0,
	0,
	0,
	0,
	0);
INSERT INTO GD_LS
	VALUES (14680098,
	14680097,
	1776,
	2016,
	1776,
	2064,
	0);
INSERT INTO GD_GE
	VALUES (14680099,
	14680065,
	14680072,
	42);
INSERT INTO GD_CON
	VALUES (14680099,
	14680074,
	14680075,
	0);
INSERT INTO GD_CTXT
	VALUES (14680099,
	0,
	0,
	0,
	0,
	0,
	0,
	2054,
	1685,
	2146,
	1703,
	-42,
	5,
	0,
	0,
	0,
	0,
	0,
	0);
INSERT INTO GD_LS
	VALUES (14680100,
	14680099,
	2032,
	1680,
	2160,
	1680,
	0);
INSERT INTO GD_GE
	VALUES (14680101,
	14680065,
	14680077,
	42);
INSERT INTO GD_CON
	VALUES (14680101,
	14680070,
	14680074,
	0);
INSERT INTO GD_CTXT
	VALUES (14680101,
	0,
	0,
	0,
	0,
	0,
	0,
	2125,
	1576,
	2223,
	1594,
	29,
	0,
	0,
	0,
	0,
	0,
	0,
	0);
INSERT INTO GD_LS
	VALUES (14680102,
	14680101,
	2165,
	1515,
	2027,
	1637,
	0);
INSERT INTO GD_GE
	VALUES (14680103,
	14680065,
	14680076,
	42);
INSERT INTO GD_CON
	VALUES (14680103,
	14680075,
	14680072,
	0);
INSERT INTO GD_CTXT
	VALUES (14680103,
	0,
	0,
	0,
	0,
	0,
	0,
	2121,
	1797,
	2233,
	1815,
	25,
	5,
	0,
	0,
	0,
	0,
	0,
	0);
INSERT INTO GD_LS
	VALUES (14680104,
	14680103,
	2165,
	1739,
	2027,
	1845,
	0);
INSERT INTO GD_GE
	VALUES (14680105,
	14680065,
	14680073,
	42);
INSERT INTO GD_CON
	VALUES (14680105,
	14680069,
	14680074,
	0);
INSERT INTO GD_CTXT
	VALUES (14680105,
	0,
	0,
	0,
	0,
	0,
	0,
	1792,
	1592,
	1865,
	1624,
	16,
	-16,
	0,
	0,
	0,
	0,
	0,
	0);
INSERT INTO GD_LS
	VALUES (14680106,
	14680105,
	1776,
	1584,
	1776,
	1632,
	0);
INSERT INTO GD_GE
	VALUES (14680107,
	14680065,
	14680074,
	42);
INSERT INTO GD_CON
	VALUES (14680107,
	14680074,
	14680072,
	0);
INSERT INTO GD_CTXT
	VALUES (14680107,
	0,
	0,
	0,
	0,
	0,
	0,
	1791,
	1800,
	1865,
	1832,
	15,
	-16,
	0,
	0,
	0,
	0,
	0,
	0);
INSERT INTO GD_LS
	VALUES (14680108,
	14680107,
	1776,
	1792,
	1776,
	1840,
	0);
INSERT INTO GD_GE
	VALUES (14680109,
	14680065,
	14680078,
	42);
INSERT INTO GD_CON
	VALUES (14680109,
	14680076,
	14680077,
	0);
INSERT INTO GD_CTXT
	VALUES (14680109,
	0,
	0,
	0,
	0,
	0,
	0,
	2058,
	2342,
	2147,
	2360,
	-44,
	6,
	0,
	0,
	0,
	0,
	0,
	0);
INSERT INTO GD_LS
	VALUES (14680110,
	14680109,
	2038,
	2336,
	2166,
	2336,
	0);
INSERT INTO GD_GE
	VALUES (14680111,
	14680065,
	14680079,
	42);
INSERT INTO GD_CON
	VALUES (14680111,
	14680068,
	14680076,
	0);
INSERT INTO GD_CTXT
	VALUES (14680111,
	0,
	0,
	0,
	0,
	0,
	0,
	1793,
	2237,
	1910,
	2255,
	17,
	-14,
	0,
	0,
	0,
	0,
	0,
	0);
INSERT INTO GD_LS
	VALUES (14680112,
	14680111,
	1776,
	2224,
	1776,
	2278,
	0);
INSERT INTO GD_GE
	VALUES (14680113,
	14680065,
	14680080,
	42);
INSERT INTO GD_CON
	VALUES (14680113,
	14680071,
	14680076,
	0);
INSERT INTO GD_CTXT
	VALUES (14680113,
	0,
	0,
	0,
	0,
	0,
	0,
	2112,
	2228,
	2229,
	2246,
	5,
	-4,
	0,
	0,
	0,
	0,
	0,
	0);
INSERT INTO GD_LS
	VALUES (14680114,
	14680113,
	2176,
	2176,
	2037,
	2288,
	0);
INSERT INTO GD_GE
	VALUES (14680115,
	14680065,
	14680082,
	42);
INSERT INTO GD_CON
	VALUES (14680115,
	14680079,
	14680080,
	0);
INSERT INTO GD_CTXT
	VALUES (14680115,
	0,
	0,
	0,
	0,
	0,
	0,
	2057,
	2566,
	2146,
	2584,
	-44,
	6,
	0,
	0,
	0,
	0,
	0,
	0);
INSERT INTO GD_LS
	VALUES (14680116,
	14680115,
	2037,
	2560,
	2165,
	2560,
	0);
INSERT INTO GD_GE
	VALUES (14680117,
	14680065,
	14680085,
	42);
INSERT INTO GD_CON
	VALUES (14680117,
	14680076,
	14680079,
	0);
INSERT INTO GD_CTXT
	VALUES (14680117,
	0,
	0,
	0,
	0,
	0,
	0,
	1783,
	2456,
	1900,
	2474,
	7,
	-13,
	0,
	0,
	0,
	0,
	0,
	0);
INSERT INTO GD_LS
	VALUES (14680118,
	14680117,
	1776,
	2438,
	1776,
	2500,
	0);
INSERT INTO GD_GE
	VALUES (14680121,
	14680065,
	14680083,
	42);
INSERT INTO GD_CON
	VALUES (14680121,
	14680077,
	14680079,
	0);
INSERT INTO GD_CTXT
	VALUES (14680121,
	0,
	0,
	0,
	0,
	0,
	0,
	2101,
	2444,
	2218,
	2462,
	1,
	2,
	0,
	0,
	0,
	0,
	0,
	0);
INSERT INTO GD_LS
	VALUES (14680122,
	14680121,
	2168,
	2382,
	2030,
	2503,
	0);
INSERT INTO GD_GE
	VALUES (14680132,
	14680065,
	14680088,
	42);
INSERT INTO GD_CON
	VALUES (14680132,
	14680079,
	14680125,
	0);
INSERT INTO GD_CTXT
	VALUES (14680132,
	0,
	0,
	0,
	0,
	0,
	0,
	1604,
	2686,
	1726,
	2710,
	-44,
	-2,
	0,
	0,
	0,
	0,
	0,
	0);
INSERT INTO GD_LS
	VALUES (14680155,
	14680132,
	1776,
	2660,
	1776,
	2736,
	0);
INSERT INTO GD_GE
	VALUES (14680134,
	14680065,
	14680089,
	42);
INSERT INTO GD_CON
	VALUES (14680134,
	14680080,
	14680125,
	0);
INSERT INTO GD_CTXT
	VALUES (14680134,
	0,
	0,
	0,
	0,
	0,
	0,
	1979,
	2662,
	2078,
	2686,
	-28,
	0,
	0,
	0,
	0,
	0,
	0,
	0);
INSERT INTO GD_LS
	VALUES (14680154,
	14680134,
	2192,
	2612,
	2032,
	2752,
	0);
INSERT INTO GD_GE
	VALUES (14680156,
	14680065,
	14680090,
	42);
INSERT INTO GD_CON
	VALUES (14680156,
	14680125,
	14680126,
	0);
INSERT INTO GD_CTXT
	VALUES (14680156,
	0,
	0,
	0,
	0,
	0,
	0,
	0,
	0,
	0,
	0,
	0,
	0,
	0,
	0,
	0,
	0,
	0,
	0);
INSERT INTO GD_LS
	VALUES (14680157,
	14680156,
	2032,
	2800,
	2160,
	2800,
	0);
INSERT INTO GD_GE
	VALUES (14680158,
	14680065,
	14680091,
	42);
INSERT INTO GD_CON
	VALUES (14680158,
	14680125,
	14680078,
	0);
INSERT INTO GD_CTXT
	VALUES (14680158,
	0,
	0,
	0,
	0,
	0,
	0,
	1643,
	2921,
	1765,
	2945,
	-5,
	0,
	0,
	0,
	0,
	0,
	0,
	0);
INSERT INTO GD_LS
	VALUES (14680172,
	14680158,
	1776,
	2896,
	1776,
	2966,
	0);
INSERT INTO GD_GE
	VALUES (14680164,
	14680065,
	14680092,
	42);
INSERT INTO GD_CON
	VALUES (14680164,
	14680126,
	14680078,
	0);
INSERT INTO GD_CTXT
	VALUES (14680164,
	0,
	0,
	0,
	0,
	0,
	0,
	1962,
	2900,
	2061,
	2924,
	-40,
	8,
	0,
	0,
	0,
	0,
	0,
	0);
INSERT INTO GD_LS
	VALUES (14680168,
	14680164,
	2176,
	2848,
	2038,
	2976,
	0);
INSERT INTO O_OBJ
	VALUES (11010056,
	'Subtype B2',
	207,
	'X_BB2',
	'',
	11010069);
INSERT INTO O_REF
	VALUES (11010056,
	11010051,
	0,
	11010056,
	11010051,
	11010056,
	11010055,
	11010068,
	11010053,
	0,
	0,
	'');
INSERT INTO O_RATTR
	VALUES (11010068,
	11010056,
	11010056,
	11010051,
	1);
INSERT INTO O_ATTR
	VALUES (11010068,
	11010056,
	0,
	'idb',
	'',
	'',
	'idb',
	0,
	524296);
INSERT INTO O_NBATTR
	VALUES (11010069,
	11010056);
INSERT INTO O_BATTR
	VALUES (11010069,
	11010056);
INSERT INTO O_ATTR
	VALUES (11010069,
	11010056,
	11010068,
	'x',
	'',
	'',
	'x',
	0,
	524291);
INSERT INTO O_NBATTR
	VALUES (11010070,
	11010056);
INSERT INTO O_BATTR
	VALUES (11010070,
	11010056);
INSERT INTO O_ATTR
	VALUES (11010070,
	11010056,
	11010069,
	'current_state',
	'',
	'',
	'current_state',
	0,
	524295);
INSERT INTO O_ID
	VALUES (0,
	11010056);
INSERT INTO O_OIDA
	VALUES (11010068,
	11010056,
	0);
INSERT INTO SM_ISM
	VALUES (15204381,
	11010056);
INSERT INTO SM_SM
	VALUES (15204381,
	'',
	29);
INSERT INTO SM_MOORE
	VALUES (15204381);
INSERT INTO SM_NLEVT
	VALUES (15204353,
	15204381,
	0,
	12582914,
	12582936,
	0,
	'');
INSERT INTO SM_SEVT
	VALUES (15204353,
	15204381,
	0);
INSERT INTO SM_EVT
	VALUES (15204353,
	15204381,
	0,
	0,
	'Poly B2',
	0,
	'',
	'X_PB2*',
	'');
INSERT INTO SM_LEVT
	VALUES (15204354,
	15204381,
	0);
INSERT INTO SM_SEVT
	VALUES (15204354,
	15204381,
	0);
INSERT INTO SM_EVT
	VALUES (15204354,
	15204381,
	0,
	1,
	'Return',
	0,
	'',
	'X_BB21',
	'');
INSERT INTO SM_NLEVT
	VALUES (15204355,
	15204381,
	0,
	12582913,
	12582936,
	0,
	'');
INSERT INTO SM_SEVT
	VALUES (15204355,
	15204381,
	0);
INSERT INTO SM_EVT
	VALUES (15204355,
	15204381,
	0,
	0,
	'Poly B1',
	0,
	'',
	'X_PB1*',
	'');
INSERT INTO SM_NLEVT
	VALUES (15204356,
	15204381,
	0,
	12582916,
	12582936,
	0,
	'');
INSERT INTO SM_SEVT
	VALUES (15204356,
	15204381,
	0);
INSERT INTO SM_EVT
	VALUES (15204356,
	15204381,
	0,
	0,
	'Poly B3',
	0,
	'',
	'X_PB4*',
	'');
INSERT INTO SM_STATE
	VALUES (15204353,
	15204381,
	0,
	'Two',
	2,
	0);
INSERT INTO SM_EIGN
	VALUES (15204353,
	15204353,
	15204381,
	0,
	'');
INSERT INTO SM_SEME
	VALUES (15204353,
	15204353,
	15204381,
	0);
INSERT INTO SM_SEME
	VALUES (15204353,
	15204354,
	15204381,
	0);
INSERT INTO SM_EIGN
	VALUES (15204353,
	15204355,
	15204381,
	0,
	'');
INSERT INTO SM_SEME
	VALUES (15204353,
	15204355,
	15204381,
	0);
INSERT INTO SM_EIGN
	VALUES (15204353,
	15204356,
	15204381,
	0,
	'');
INSERT INTO SM_SEME
	VALUES (15204353,
	15204356,
	15204381,
	0);
INSERT INTO SM_MOAH
	VALUES (15204353,
	15204381,
	15204353);
INSERT INTO SM_AH
	VALUES (15204353,
	15204381);
INSERT INTO SM_ACT
	VALUES (15204353,
	15204381,
	1,
	'LOG::LogInfo(message:"X_B2.Two: Received event Poly B");

if (rcvd_evt.key == "X_BB2")
	LOG::LogSuccess(message:"X_BB2.Two: Received valid key");
else
	LOG::LogFailure(message:"X_BB2.Two: Received invalid key");
end if;

if (rcvd_evt.instance == self.x)	
	LOG::LogSuccess(message:"X_BB2.Two: Received valid instance number");
else
	LOG::LogFailure(message:"X_BB2.Two: Received invalid instance number");
end if;

generate X_BB21 to self;
',
	'');
INSERT INTO SM_STATE
	VALUES (15204354,
	15204381,
	0,
	'One',
	1,
	0);
INSERT INTO SM_SEME
	VALUES (15204354,
	15204353,
	15204381,
	0);
INSERT INTO SM_EIGN
	VALUES (15204354,
	15204354,
	15204381,
	0,
	'');
INSERT INTO SM_SEME
	VALUES (15204354,
	15204354,
	15204381,
	0);
INSERT INTO SM_EIGN
	VALUES (15204354,
	15204355,
	15204381,
	0,
	'');
INSERT INTO SM_SEME
	VALUES (15204354,
	15204355,
	15204381,
	0);
INSERT INTO SM_EIGN
	VALUES (15204354,
	15204356,
	15204381,
	0,
	'');
INSERT INTO SM_SEME
	VALUES (15204354,
	15204356,
	15204381,
	0);
INSERT INTO SM_MOAH
	VALUES (15204354,
	15204381,
	15204354);
INSERT INTO SM_AH
	VALUES (15204354,
	15204381);
INSERT INTO SM_ACT
	VALUES (15204354,
	15204381,
	1,
	'LOG::LogInfo(message:"X_BB2.One:  Waiting for events");

select any driver from instances of X_D; 
generate X_D1:''ACK success'' to driver;
',
	'');
INSERT INTO SM_NSTXN
	VALUES (15204353,
	15204381,
	15204353,
	15204354,
	0);
INSERT INTO SM_TXN
	VALUES (15204353,
	15204381,
	15204354,
	0);
INSERT INTO SM_NSTXN
	VALUES (15204354,
	15204381,
	15204354,
	15204353,
	0);
INSERT INTO SM_TXN
	VALUES (15204354,
	15204381,
	15204353,
	0);
INSERT INTO GD_MD
	VALUES (15204353,
	8,
	15204381,
	40,
	1,
	0,
	1,
	1,
	0,
	12,
	1740,
	4178,
	1.000000,
	0);
INSERT INTO GD_GE
	VALUES (15204354,
	15204353,
	15204353,
	41);
INSERT INTO GD_SHP
	VALUES (15204354,
	1916,
	1415,
	2396,
	1703);
INSERT INTO GD_GE
	VALUES (15204355,
	15204353,
	15204354,
	41);
INSERT INTO GD_SHP
	VALUES (15204355,
	1908,
	1231,
	2396,
	1351);
INSERT INTO GD_GE
	VALUES (15204356,
	15204353,
	15204354,
	42);
INSERT INTO GD_CON
	VALUES (15204356,
	15204355,
	15204354,
	0);
INSERT INTO GD_CTXT
	VALUES (15204356,
	0,
	0,
	0,
	0,
	0,
	0,
	1962,
	1366,
	2073,
	1398,
	10,
	-17,
	0,
	0,
	0,
	0,
	0,
	0);
INSERT INTO GD_LS
	VALUES (15204357,
	15204356,
	1952,
	1351,
	1952,
	1415,
	0);
INSERT INTO GD_GE
	VALUES (15204358,
	15204353,
	15204353,
	42);
INSERT INTO GD_CON
	VALUES (15204358,
	15204354,
	15204355,
	0);
INSERT INTO GD_CTXT
	VALUES (15204358,
	0,
	0,
	0,
	0,
	0,
	0,
	2153,
	1367,
	2250,
	1385,
	9,
	-16,
	0,
	0,
	0,
	0,
	0,
	0);
INSERT INTO GD_LS
	VALUES (15204359,
	15204358,
	2144,
	1415,
	2144,
	1351,
	0);
INSERT INTO R_SUBSUP
	VALUES (11010049);
INSERT INTO R_REL
	VALUES (11010049,
	200,
	'',
	11010069);
INSERT INTO R_SUPER
	VALUES (11010050,
	11010049,
	11010049);
INSERT INTO R_RTO
	VALUES (11010050,
	11010049,
	11010049,
	0);
INSERT INTO R_OIR
	VALUES (11010050,
	11010049,
	11010049,
	0);
INSERT INTO R_SUB
	VALUES (11010053,
	11010049,
	11010050);
INSERT INTO R_RGO
	VALUES (11010053,
	11010049,
	11010050);
INSERT INTO R_OIR
	VALUES (11010053,
	11010049,
	11010050,
	0);
INSERT INTO R_SUB
	VALUES (11010049,
	11010049,
	11010051);
INSERT INTO R_RGO
	VALUES (11010049,
	11010049,
	11010051);
INSERT INTO R_OIR
	VALUES (11010049,
	11010049,
	11010051,
	0);
INSERT INTO R_SUBSUP
	VALUES (11010050);
INSERT INTO R_REL
	VALUES (11010050,
	201,
	'',
	11010069);
INSERT INTO R_SUPER
	VALUES (11010051,
	11010050,
	11010052);
INSERT INTO R_RTO
	VALUES (11010051,
	11010050,
	11010052,
	0);
INSERT INTO R_OIR
	VALUES (11010051,
	11010050,
	11010052,
	0);
INSERT INTO R_SUB
	VALUES (11010049,
	11010050,
	11010053);
INSERT INTO R_RGO
	VALUES (11010049,
	11010050,
	11010053);
INSERT INTO R_OIR
	VALUES (11010049,
	11010050,
	11010053,
	0);
INSERT INTO R_SUB
	VALUES (11010052,
	11010050,
	11010054);
INSERT INTO R_RGO
	VALUES (11010052,
	11010050,
	11010054);
INSERT INTO R_OIR
	VALUES (11010052,
	11010050,
	11010054,
	0);
INSERT INTO R_SUBSUP
	VALUES (11010051);
INSERT INTO R_REL
	VALUES (11010051,
	202,
	'',
	11010069);
INSERT INTO R_SUPER
	VALUES (11010051,
	11010051,
	11010055);
INSERT INTO R_RTO
	VALUES (11010051,
	11010051,
	11010055,
	0);
INSERT INTO R_OIR
	VALUES (11010051,
	11010051,
	11010055,
	0);
INSERT INTO R_SUB
	VALUES (11010056,
	11010051,
	11010056);
INSERT INTO R_RGO
	VALUES (11010056,
	11010051,
	11010056);
INSERT INTO R_OIR
	VALUES (11010056,
	11010051,
	11010056,
	0);
INSERT INTO GD_MD
	VALUES (11010111,
	5,
	11010069,
	11,
	1,
	0,
	1,
	1,
	0,
	12,
	1610,
	4262,
	0.713461,
	0);
INSERT INTO GD_GE
	VALUES (11010114,
	11010111,
	11010049,
	21);
INSERT INTO GD_SHP
	VALUES (11010114,
	1888,
	1440,
	2112,
	1600);
INSERT INTO GD_GE
	VALUES (11010115,
	11010111,
	11010050,
	21);
INSERT INTO GD_SHP
	VALUES (11010115,
	1744,
	1200,
	1968,
	1344);
INSERT INTO GD_GE
	VALUES (11010116,
	11010111,
	11010051,
	21);
INSERT INTO GD_SHP
	VALUES (11010116,
	2032,
	1200,
	2256,
	1344);
INSERT INTO GD_GE
	VALUES (11010117,
	11010111,
	11010052,
	21);
INSERT INTO GD_SHP
	VALUES (11010117,
	2144,
	1440,
	2368,
	1600);
INSERT INTO GD_GE
	VALUES (11010118,
	11010111,
	11010053,
	21);
INSERT INTO GD_SHP
	VALUES (11010118,
	1632,
	1440,
	1856,
	1600);
INSERT INTO GD_GE
	VALUES (11010119,
	11010111,
	11010054,
	21);
INSERT INTO GD_SHP
	VALUES (11010119,
	1744,
	1008,
	1968,
	1136);
INSERT INTO GD_GE
	VALUES (11010120,
	11010111,
	11010055,
	21);
INSERT INTO GD_SHP
	VALUES (11010120,
	2031,
	1007,
	2255,
	1135);
INSERT INTO GD_GE
	VALUES (11010121,
	11010111,
	11010056,
	21);
INSERT INTO GD_SHP
	VALUES (11010121,
	2352,
	1200,
	2560,
	1344);
INSERT INTO GD_GE
	VALUES (11010187,
	11010111,
	11010049,
	24);
INSERT INTO GD_CON
	VALUES (11010187,
	11010115,
	0,
	0);
INSERT INTO GD_CTXT
	VALUES (11010187,
	1896,
	1348,
	2005,
	1352,
	21,
	-1,
	0,
	0,
	0,
	0,
	0,
	0,
	1852,
	1396,
	1891,
	1414,
	-23,
	4);
INSERT INTO GD_LS
	VALUES (11010188,
	11010187,
	1872,
	1344,
	1872,
	1392,
	0);
INSERT INTO GD_GE
	VALUES (11010189,
	11010111,
	11010050,
	24);
INSERT INTO GD_CON
	VALUES (11010189,
	11010116,
	0,
	0);
INSERT INTO GD_CTXT
	VALUES (11010189,
	2145,
	1354,
	2254,
	1358,
	14,
	5,
	0,
	0,
	0,
	0,
	0,
	0,
	2114,
	1399,
	2152,
	1417,
	2114,
	1399);
INSERT INTO GD_LS
	VALUES (11010190,
	11010189,
	2128,
	1344,
	2128,
	1392,
	0);
INSERT INTO GD_LS
	VALUES (11010191,
	11010189,
	2128,
	1392,
	2128,
	1392,
	11010190);
INSERT INTO GD_GE
	VALUES (11010192,
	11010111,
	0,
	-1);
INSERT INTO GD_CON
	VALUES (11010192,
	11010118,
	11010187,
	0);
INSERT INTO GD_CTXT
	VALUES (11010192,
	0,
	0,
	0,
	0,
	0,
	0,
	0,
	0,
	0,
	0,
	0,
	0,
	0,
	0,
	0,
	0,
	0,
	0);
INSERT INTO GD_LS
	VALUES (11010193,
	11010192,
	1744,
	1440,
	1744,
	1392,
	0);
INSERT INTO GD_LS
	VALUES (11010194,
	11010192,
	1744,
	1392,
	1872,
	1392,
	11010193);
INSERT INTO GD_GE
	VALUES (11010195,
	11010111,
	0,
	-1);
INSERT INTO GD_CON
	VALUES (11010195,
	11010114,
	11010187,
	0);
INSERT INTO GD_CTXT
	VALUES (11010195,
	0,
	0,
	0,
	0,
	0,
	0,
	0,
	0,
	0,
	0,
	0,
	0,
	0,
	0,
	0,
	0,
	0,
	0);
INSERT INTO GD_LS
	VALUES (11010196,
	11010195,
	1968,
	1440,
	1968,
	1392,
	0);
INSERT INTO GD_LS
	VALUES (11010197,
	11010195,
	1968,
	1392,
	1872,
	1392,
	11010196);
INSERT INTO GD_GE
	VALUES (11010198,
	11010111,
	0,
	-1);
INSERT INTO GD_CON
	VALUES (11010198,
	11010114,
	11010189,
	0);
INSERT INTO GD_CTXT
	VALUES (11010198,
	0,
	0,
	0,
	0,
	0,
	0,
	0,
	0,
	0,
	0,
	0,
	0,
	0,
	0,
	0,
	0,
	0,
	0);
INSERT INTO GD_LS
	VALUES (11010199,
	11010198,
	2032,
	1440,
	2032,
	1392,
	0);
INSERT INTO GD_LS
	VALUES (11010200,
	11010198,
	2032,
	1392,
	2128,
	1392,
	11010199);
INSERT INTO GD_GE
	VALUES (11010201,
	11010111,
	0,
	-1);
INSERT INTO GD_CON
	VALUES (11010201,
	11010117,
	11010189,
	0);
INSERT INTO GD_CTXT
	VALUES (11010201,
	0,
	0,
	0,
	0,
	0,
	0,
	0,
	0,
	0,
	0,
	0,
	0,
	0,
	0,
	0,
	0,
	0,
	0);
INSERT INTO GD_LS
	VALUES (11010202,
	11010201,
	2256,
	1440,
	2256,
	1392,
	0);
INSERT INTO GD_LS
	VALUES (11010203,
	11010201,
	2256,
	1392,
	2128,
	1392,
	11010202);
INSERT INTO GD_GE
	VALUES (11010204,
	11010111,
	11010051,
	24);
INSERT INTO GD_CON
	VALUES (11010204,
	11010116,
	0,
	0);
INSERT INTO GD_CTXT
	VALUES (11010204,
	0,
	0,
	0,
	0,
	0,
	0,
	0,
	0,
	0,
	0,
	0,
	0,
	2300,
	1268,
	2339,
	1286,
	-20,
	3);
INSERT INTO GD_LS
	VALUES (11010205,
	11010204,
	2256,
	1264,
	2320,
	1264,
	0);
INSERT INTO GD_GE
	VALUES (11010206,
	11010111,
	0,
	-1);
INSERT INTO GD_CON
	VALUES (11010206,
	11010121,
	11010204,
	0);
INSERT INTO GD_CTXT
	VALUES (11010206,
	0,
	0,
	0,
	0,
	0,
	0,
	0,
	0,
	0,
	0,
	0,
	0,
	0,
	0,
	0,
	0,
	0,
	0);
INSERT INTO GD_LS
	VALUES (11010207,
	11010206,
	2352,
	1264,
	2320,
	1264,
	0);
INSERT INTO S_SS
	VALUES (15728670,
	'Mission Control',
	'',
	'MC',
	300,
	88977,
	15728670);
INSERT INTO O_OBJ
	VALUES (15728641,
	'MC',
	300,
	'MC_MC',
	'',
	15728670);
INSERT INTO O_NBATTR
	VALUES (15728642,
	15728641);
INSERT INTO O_BATTR
	VALUES (15728642,
	15728641);
INSERT INTO O_ATTR
	VALUES (15728642,
	15728641,
	0,
	'ID',
	'',
	'',
	'ID',
	0,
	524291);
INSERT INTO O_NBATTR
	VALUES (15728643,
	15728641);
INSERT INTO O_BATTR
	VALUES (15728643,
	15728641);
INSERT INTO O_ATTR
	VALUES (15728643,
	15728641,
	15728642,
	'num_tests',
	'',
	'',
	'num_tests',
	0,
	524291);
INSERT INTO O_NBATTR
	VALUES (15728644,
	15728641);
INSERT INTO O_BATTR
	VALUES (15728644,
	15728641);
INSERT INTO O_ATTR
	VALUES (15728644,
	15728641,
	15728643,
	'done_tests',
	'',
	'',
	'done_tests',
	0,
	524291);
INSERT INTO O_NBATTR
	VALUES (15728641,
	15728641);
INSERT INTO O_BATTR
	VALUES (15728641,
	15728641);
INSERT INTO O_ATTR
	VALUES (15728641,
	15728641,
	15728644,
	'current_state',
	'',
	'',
	'current_state',
	0,
	524295);
INSERT INTO O_ID
	VALUES (0,
	15728641);
INSERT INTO O_OIDA
	VALUES (15728642,
	15728641,
	0);
INSERT INTO SM_ISM
	VALUES (16252959,
	15728641);
INSERT INTO SM_SM
	VALUES (16252959,
	'',
	31);
INSERT INTO SM_MOORE
	VALUES (16252959);
INSERT INTO SM_LEVT
	VALUES (16252929,
	16252959,
	0);
INSERT INTO SM_SEVT
	VALUES (16252929,
	16252959,
	0);
INSERT INTO SM_EVT
	VALUES (16252929,
	16252959,
	0,
	1,
	'test_complete',
	0,
	'',
	'MC_MC1',
	'');
INSERT INTO SM_STATE
	VALUES (16252929,
	16252959,
	0,
	'Test Finished',
	1,
	0);
INSERT INTO SM_SEME
	VALUES (16252929,
	16252929,
	16252959,
	0);
INSERT INTO SM_MOAH
	VALUES (16252929,
	16252959,
	16252929);
INSERT INTO SM_AH
	VALUES (16252929,
	16252959);
INSERT INTO SM_ACT
	VALUES (16252929,
	16252959,
	1,
	'self.done_tests = self.done_tests + 1;

if ( self.done_tests == self.num_tests )
  ARCH::shutdown();
end if;',
	'');
INSERT INTO SM_NSTXN
	VALUES (16252929,
	16252959,
	16252929,
	16252929,
	0);
INSERT INTO SM_TXN
	VALUES (16252929,
	16252959,
	16252929,
	0);
INSERT INTO GD_MD
	VALUES (16252929,
	8,
	16252959,
	40,
	1,
	0,
	1,
	1,
	0,
	12,
	1600,
	4199,
	1.000000,
	0);
INSERT INTO GD_GE
	VALUES (16252930,
	16252929,
	16252929,
	41);
INSERT INTO GD_SHP
	VALUES (16252930,
	1888,
	1392,
	2096,
	1568);
INSERT INTO GD_GE
	VALUES (16252932,
	16252929,
	16252929,
	42);
INSERT INTO GD_CON
	VALUES (16252932,
	16252930,
	16252930,
	0);
INSERT INTO GD_CTXT
	VALUES (16252932,
	0,
	0,
	0,
	0,
	0,
	0,
	2003,
	1273,
	2190,
	1326,
	0,
	11,
	0,
	0,
	0,
	0,
	0,
	0);
INSERT INTO GD_LS
	VALUES (16252933,
	16252932,
	1984,
	1392,
	1984,
	1312,
	0);
INSERT INTO GD_LS
	VALUES (16252934,
	16252932,
	1984,
	1312,
	2144,
	1312,
	16252933);
INSERT INTO GD_LS
	VALUES (16252935,
	16252932,
	2144,
	1312,
	2144,
	1440,
	16252934);
INSERT INTO GD_LS
	VALUES (16252936,
	16252932,
	2144,
	1440,
	2096,
	1440,
	16252935);
INSERT INTO O_OBJ
	VALUES (15728642,
	'Init',
	301,
	'MC_INIT',
	'',
	15728670);
INSERT INTO O_NBATTR
	VALUES (15728645,
	15728642);
INSERT INTO O_BATTR
	VALUES (15728645,
	15728642);
INSERT INTO O_ATTR
	VALUES (15728645,
	15728642,
	0,
	'current_state',
	'',
	'',
	'current_state',
	0,
	524295);
INSERT INTO SM_ISM
	VALUES (16777248,
	15728642);
INSERT INTO SM_SM
	VALUES (16777248,
	'',
	32);
INSERT INTO SM_MOORE
	VALUES (16777248);
INSERT INTO SM_LEVT
	VALUES (16777217,
	16777248,
	0);
INSERT INTO SM_SEVT
	VALUES (16777217,
	16777248,
	0);
INSERT INTO SM_EVT
	VALUES (16777217,
	16777248,
	0,
	1,
	'init',
	0,
	'',
	'MC_INIT1',
	'');
INSERT INTO SM_STATE
	VALUES (16777217,
	16777248,
	0,
	'Init',
	1,
	0);
INSERT INTO SM_EIGN
	VALUES (16777217,
	16777217,
	16777248,
	0,
	'');
INSERT INTO SM_SEME
	VALUES (16777217,
	16777217,
	16777248,
	0);
INSERT INTO SM_MOAH
	VALUES (16777217,
	16777248,
	16777217);
INSERT INTO SM_AH
	VALUES (16777217,
	16777248);
INSERT INTO SM_ACT
	VALUES (16777217,
	16777248,
	1,
	'// define the number of tests here

create object instance mc of MC_MC;
mc.ID = 1;
mc.num_tests = 3;
mc.done_tests = 0;
',
	'');
INSERT INTO SM_CRTXN
	VALUES (16777217,
	16777248,
	16777217,
	16777217);
INSERT INTO SM_TXN
	VALUES (16777217,
	16777248,
	16777217,
	0);
INSERT INTO GD_MD
	VALUES (16777217,
	8,
	16777248,
	40,
	1,
	0,
	1,
	1,
	0,
	12,
	1503,
	4247,
	1.000000,
	0);
INSERT INTO GD_GE
	VALUES (16777218,
	16777217,
	16777217,
	41);
INSERT INTO GD_SHP
	VALUES (16777218,
	1776,
	1328,
	2000,
	1504);
INSERT INTO GD_GE
	VALUES (16777219,
	16777217,
	16777217,
	42);
INSERT INTO GD_CON
	VALUES (16777219,
	16777218,
	0,
	0);
INSERT INTO GD_CTXT
	VALUES (16777219,
	0,
	0,
	0,
	0,
	0,
	0,
	1742,
	1253,
	1881,
	1277,
	-1,
	-9,
	0,
	0,
	0,
	0,
	0,
	0);
INSERT INTO GD_LS
	VALUES (16777223,
	16777219,
	1888,
	1328,
	1888,
	1216,
	0);
INSERT INTO GD_MD
	VALUES (15728801,
	5,
	15728670,
	11,
	1,
	0,
	1,
	1,
	0,
	12,
	1600,
	4199,
	1.000000,
	0);
INSERT INTO GD_GE
	VALUES (15728808,
	15728801,
	15728641,
	21);
INSERT INTO GD_SHP
	VALUES (15728808,
	1712,
	1344,
	1904,
	1504);
INSERT INTO GD_GE
	VALUES (15728811,
	15728801,
	15728642,
	21);
INSERT INTO GD_SHP
	VALUES (15728811,
	2048,
	1344,
	2240,
	1504);
