-- BP 6.1D content: domain syschar: 3

INSERT INTO S_DOM
	VALUES (5067814,
	'sm',
	'This test deals with sending events.  The following are contained in the test:
	- creation events 
	    - with supplemental data
	    - without supplemental data
	- local events 
	    - to self
	        - with supplemental data 
	        - without supplemental data
	    - to a selected instance which is itself
	        - with supplemental data 
	        - without supplemental data
	    - to a selected instance
	        - with supplemental data 
	        - without supplemental data
	- transition to a final deletion state
	- events to assigner statecharts
	- events to associative classes',
	0,
	1);
INSERT INTO S_CDT
	VALUES (524289,
	0);
INSERT INTO S_DT
	VALUES (524289,
	5067814,
	'void',
	'');
INSERT INTO S_CDT
	VALUES (524290,
	1);
INSERT INTO S_DT
	VALUES (524290,
	5067814,
	'boolean',
	'');
INSERT INTO S_CDT
	VALUES (524291,
	2);
INSERT INTO S_DT
	VALUES (524291,
	5067814,
	'integer',
	'');
INSERT INTO S_CDT
	VALUES (524292,
	3);
INSERT INTO S_DT
	VALUES (524292,
	5067814,
	'real',
	'');
INSERT INTO S_CDT
	VALUES (524293,
	4);
INSERT INTO S_DT
	VALUES (524293,
	5067814,
	'string',
	'');
INSERT INTO S_CDT
	VALUES (524294,
	5);
INSERT INTO S_DT
	VALUES (524294,
	5067814,
	'unique_id',
	'');
INSERT INTO S_CDT
	VALUES (524295,
	6);
INSERT INTO S_DT
	VALUES (524295,
	5067814,
	'state<State_Model>',
	'');
INSERT INTO S_CDT
	VALUES (524296,
	7);
INSERT INTO S_DT
	VALUES (524296,
	5067814,
	'same_as<Base_Attribute>',
	'');
INSERT INTO S_CDT
	VALUES (524297,
	8);
INSERT INTO S_DT
	VALUES (524297,
	5067814,
	'inst_ref<Object>',
	'');
INSERT INTO S_CDT
	VALUES (524298,
	9);
INSERT INTO S_DT
	VALUES (524298,
	5067814,
	'inst_ref_set<Object>',
	'');
INSERT INTO S_CDT
	VALUES (524299,
	10);
INSERT INTO S_DT
	VALUES (524299,
	5067814,
	'inst<Event>',
	'');
INSERT INTO S_CDT
	VALUES (524300,
	11);
INSERT INTO S_DT
	VALUES (524300,
	5067814,
	'inst<Mapping>',
	'');
INSERT INTO S_CDT
	VALUES (524301,
	12);
INSERT INTO S_DT
	VALUES (524301,
	5067814,
	'inst_ref<Mapping>',
	'');
INSERT INTO S_UDT
	VALUES (524302,
	524300,
	1);
INSERT INTO S_DT
	VALUES (524302,
	5067814,
	'date',
	'');
INSERT INTO S_UDT
	VALUES (524303,
	524300,
	2);
INSERT INTO S_DT
	VALUES (524303,
	5067814,
	'timestamp',
	'');
INSERT INTO S_UDT
	VALUES (524304,
	524301,
	3);
INSERT INTO S_DT
	VALUES (524304,
	5067814,
	'inst_ref<Timer>',
	'');
INSERT INTO S_EE
	VALUES (524290,
	'Logging',
	'',
	'LOG',
	5067814);
INSERT INTO S_BRG
	VALUES (524304,
	524290,
	'LogSuccess',
	'',
	0,
	524289,
	'',
	1);
INSERT INTO S_BPARM
	VALUES (524311,
	524304,
	'message',
	524293,
	0);
INSERT INTO S_BRG
	VALUES (524305,
	524290,
	'LogFailure',
	'',
	0,
	524289,
	'',
	1);
INSERT INTO S_BPARM
	VALUES (524312,
	524305,
	'message',
	524293,
	0);
INSERT INTO S_BRG
	VALUES (524306,
	524290,
	'LogInfo',
	'',
	0,
	524289,
	'',
	1);
INSERT INTO S_BPARM
	VALUES (524313,
	524306,
	'message',
	524293,
	0);
INSERT INTO S_EE
	VALUES (524291,
	'Time',
	'',
	'TIM',
	5067814);
INSERT INTO S_BRG
	VALUES (524307,
	524291,
	'current_date',
	'',
	1,
	524302,
	'',
	0);
INSERT INTO S_BRG
	VALUES (524308,
	524291,
	'create_date',
	'',
	1,
	524302,
	'',
	0);
INSERT INTO S_BPARM
	VALUES (524314,
	524308,
	'second',
	524291,
	0);
INSERT INTO S_BPARM
	VALUES (524315,
	524308,
	'minute',
	524291,
	0);
INSERT INTO S_BPARM
	VALUES (524316,
	524308,
	'hour',
	524291,
	0);
INSERT INTO S_BPARM
	VALUES (524317,
	524308,
	'day',
	524291,
	0);
INSERT INTO S_BPARM
	VALUES (524318,
	524308,
	'month',
	524291,
	0);
INSERT INTO S_BPARM
	VALUES (524319,
	524308,
	'year',
	524291,
	0);
INSERT INTO S_BRG
	VALUES (524309,
	524291,
	'get_second',
	'',
	1,
	524291,
	'',
	0);
INSERT INTO S_BPARM
	VALUES (524320,
	524309,
	'date',
	524302,
	0);
INSERT INTO S_BRG
	VALUES (524310,
	524291,
	'get_minute',
	'',
	1,
	524291,
	'',
	0);
INSERT INTO S_BPARM
	VALUES (524321,
	524310,
	'date',
	524302,
	0);
INSERT INTO S_BRG
	VALUES (524311,
	524291,
	'get_hour',
	'',
	1,
	524291,
	'',
	0);
INSERT INTO S_BPARM
	VALUES (524322,
	524311,
	'date',
	524302,
	0);
INSERT INTO S_BRG
	VALUES (524312,
	524291,
	'get_day',
	'',
	1,
	524291,
	'',
	0);
INSERT INTO S_BPARM
	VALUES (524323,
	524312,
	'date',
	524302,
	0);
INSERT INTO S_BRG
	VALUES (524313,
	524291,
	'get_month',
	'',
	1,
	524291,
	'',
	0);
INSERT INTO S_BPARM
	VALUES (524324,
	524313,
	'date',
	524302,
	0);
INSERT INTO S_BRG
	VALUES (524314,
	524291,
	'get_year',
	'',
	1,
	524291,
	'',
	0);
INSERT INTO S_BPARM
	VALUES (524325,
	524314,
	'date',
	524302,
	0);
INSERT INTO S_BRG
	VALUES (524315,
	524291,
	'current_clock',
	'',
	1,
	524303,
	'',
	0);
INSERT INTO S_BRG
	VALUES (524316,
	524291,
	'timer_start',
	'',
	1,
	524304,
	'',
	0);
INSERT INTO S_BPARM
	VALUES (524326,
	524316,
	'microseconds',
	524291,
	0);
INSERT INTO S_BPARM
	VALUES (524327,
	524316,
	'event_inst',
	524299,
	0);
INSERT INTO S_BRG
	VALUES (524317,
	524291,
	'timer_start_recurring',
	'',
	1,
	524304,
	'',
	0);
INSERT INTO S_BPARM
	VALUES (524328,
	524317,
	'microseconds',
	524291,
	0);
INSERT INTO S_BPARM
	VALUES (524329,
	524317,
	'event_inst',
	524299,
	0);
INSERT INTO S_BRG
	VALUES (524318,
	524291,
	'timer_remaining_time',
	'',
	1,
	524291,
	'',
	0);
INSERT INTO S_BPARM
	VALUES (524330,
	524318,
	'timer_inst_ref',
	524304,
	0);
INSERT INTO S_BRG
	VALUES (524319,
	524291,
	'timer_reset_time',
	'',
	1,
	524290,
	'',
	0);
INSERT INTO S_BPARM
	VALUES (524331,
	524319,
	'timer_inst_ref',
	524304,
	0);
INSERT INTO S_BPARM
	VALUES (524332,
	524319,
	'microseconds',
	524291,
	0);
INSERT INTO S_BRG
	VALUES (524320,
	524291,
	'timer_add_time',
	'',
	1,
	524290,
	'',
	0);
INSERT INTO S_BPARM
	VALUES (524333,
	524320,
	'timer_inst_ref',
	524304,
	0);
INSERT INTO S_BPARM
	VALUES (524334,
	524320,
	'microseconds',
	524291,
	0);
INSERT INTO S_BRG
	VALUES (524321,
	524291,
	'timer_cancel',
	'',
	1,
	524290,
	'',
	0);
INSERT INTO S_BPARM
	VALUES (524335,
	524321,
	'timer_inst_ref',
	524304,
	0);
INSERT INTO S_EE
	VALUES (524292,
	'Architecture',
	'',
	'ARCH',
	5067814);
INSERT INTO S_BRG
	VALUES (524322,
	524292,
	'shutdown',
	'',
	0,
	524289,
	'control stop;',
	1);
INSERT INTO GD_MD
	VALUES (524289,
	1,
	5067814,
	1,
	1,
	0,
	1,
	1,
	0,
	12,
	1600,
	4199,
	1.000000,
	0);
INSERT INTO GD_GE
	VALUES (524332,
	524289,
	6291468,
	11);
INSERT INTO GD_SHP
	VALUES (524332,
	1904,
	1392,
	2064,
	1488);
INSERT INTO GD_GE
	VALUES (524301,
	524289,
	524290,
	12);
INSERT INTO GD_SHP
	VALUES (524301,
	2080,
	1504,
	2240,
	1600);
INSERT INTO GD_GE
	VALUES (524333,
	524289,
	524291,
	12);
INSERT INTO GD_SHP
	VALUES (524333,
	1904,
	1504,
	2064,
	1600);
INSERT INTO GD_GE
	VALUES (524334,
	524289,
	524292,
	12);
INSERT INTO GD_SHP
	VALUES (524334,
	1728,
	1504,
	1888,
	1600);
INSERT INTO S_SS
	VALUES (6291468,
	'sm',
	'',
	'',
	1,
	5067814,
	6291468);
INSERT INTO O_OBJ
	VALUES (6291457,
	'SC Object A',
	1,
	'SCOA',
	'',
	6291468);
INSERT INTO O_NBATTR
	VALUES (6291457,
	6291457);
INSERT INTO O_BATTR
	VALUES (6291457,
	6291457);
INSERT INTO O_ATTR
	VALUES (6291457,
	6291457,
	0,
	'scoa_id',
	'',
	'',
	'scoa_id',
	0,
	524294);
INSERT INTO O_NBATTR
	VALUES (6291458,
	6291457);
INSERT INTO O_BATTR
	VALUES (6291458,
	6291457);
INSERT INTO O_ATTR
	VALUES (6291458,
	6291457,
	6291457,
	'current_state',
	'',
	'',
	'current_state',
	0,
	524295);
INSERT INTO O_NBATTR
	VALUES (6291459,
	6291457);
INSERT INTO O_BATTR
	VALUES (6291459,
	6291457);
INSERT INTO O_ATTR
	VALUES (6291459,
	6291457,
	6291458,
	'i',
	'',
	'',
	'i',
	0,
	524291);
INSERT INTO O_NBATTR
	VALUES (6291460,
	6291457);
INSERT INTO O_BATTR
	VALUES (6291460,
	6291457);
INSERT INTO O_ATTR
	VALUES (6291460,
	6291457,
	6291459,
	'b',
	'',
	'',
	'b',
	0,
	524290);
INSERT INTO O_NBATTR
	VALUES (6291461,
	6291457);
INSERT INTO O_BATTR
	VALUES (6291461,
	6291457);
INSERT INTO O_ATTR
	VALUES (6291461,
	6291457,
	6291460,
	'r',
	'',
	'',
	'r',
	0,
	524292);
INSERT INTO O_NBATTR
	VALUES (6291462,
	6291457);
INSERT INTO O_BATTR
	VALUES (6291462,
	6291457);
INSERT INTO O_ATTR
	VALUES (6291462,
	6291457,
	6291461,
	's',
	'',
	'',
	's',
	0,
	524293);
INSERT INTO O_NBATTR
	VALUES (6291463,
	6291457);
INSERT INTO O_BATTR
	VALUES (6291463,
	6291457);
INSERT INTO O_ATTR
	VALUES (6291463,
	6291457,
	6291462,
	'u',
	'',
	'',
	'u',
	0,
	524294);
INSERT INTO O_ID
	VALUES (0,
	6291457);
INSERT INTO O_OIDA
	VALUES (6291457,
	6291457,
	0);
INSERT INTO SM_ISM
	VALUES (1048578,
	6291457);
INSERT INTO SM_SM
	VALUES (1048578,
	'',
	2);
INSERT INTO SM_MOORE
	VALUES (1048578);
INSERT INTO SM_EVTDI
	VALUES (1048577,
	1048578,
	'i',
	'',
	524291);
INSERT INTO SM_EVTDI
	VALUES (1048578,
	1048578,
	'b',
	'',
	524290);
INSERT INTO SM_EVTDI
	VALUES (1048579,
	1048578,
	's',
	'',
	524293);
INSERT INTO SM_EVTDI
	VALUES (1048580,
	1048578,
	'r',
	'',
	524292);
INSERT INTO SM_EVTDI
	VALUES (1048581,
	1048578,
	'u',
	'',
	524294);
INSERT INTO SM_EVTDI
	VALUES (47159550,
	1048578,
	'i',
	'',
	524291);
INSERT INTO SM_EVTDI
	VALUES (152754715,
	1048578,
	'i',
	'',
	524291);
INSERT INTO SM_EVTDI
	VALUES (104387055,
	1048578,
	'i',
	'',
	524291);
INSERT INTO SM_EVTDI
	VALUES (126489741,
	1048578,
	'i',
	'',
	524291);
INSERT INTO SM_EVTDI
	VALUES (8365926,
	1048578,
	'i',
	'',
	524291);
INSERT INTO SM_EVTDI
	VALUES (161783755,
	1048578,
	'i',
	'',
	524291);
INSERT INTO SM_EVTDI
	VALUES (84065949,
	1048578,
	'i',
	'',
	524291);
INSERT INTO SM_EVTDI
	VALUES (161433050,
	1048578,
	'i',
	'',
	524291);
INSERT INTO SM_EVTDI
	VALUES (77493256,
	1048578,
	'b',
	'',
	524290);
INSERT INTO SM_EVTDI
	VALUES (6685570,
	1048578,
	'b',
	'',
	524290);
INSERT INTO SM_EVTDI
	VALUES (267403253,
	1048578,
	'b',
	'',
	524290);
INSERT INTO SM_EVTDI
	VALUES (140009902,
	1048578,
	'b',
	'',
	524290);
INSERT INTO SM_EVTDI
	VALUES (100043820,
	1048578,
	'b',
	'',
	524290);
INSERT INTO SM_EVTDI
	VALUES (402420,
	1048578,
	'b',
	'',
	524290);
INSERT INTO SM_EVTDI
	VALUES (49432235,
	1048578,
	'b',
	'',
	524290);
INSERT INTO SM_EVTDI
	VALUES (99610893,
	1048578,
	'b',
	'',
	524290);
INSERT INTO SM_EVTDI
	VALUES (75344680,
	1048578,
	's',
	'',
	524293);
INSERT INTO SM_EVTDI
	VALUES (13621086,
	1048578,
	's',
	'',
	524293);
INSERT INTO SM_EVTDI
	VALUES (108446244,
	1048578,
	's',
	'',
	524293);
INSERT INTO SM_EVTDI
	VALUES (41085682,
	1048578,
	's',
	'',
	524293);
INSERT INTO SM_EVTDI
	VALUES (180417454,
	1048578,
	's',
	'',
	524293);
INSERT INTO SM_EVTDI
	VALUES (3964578,
	1048578,
	's',
	'',
	524293);
INSERT INTO SM_EVTDI
	VALUES (3174918,
	1048578,
	's',
	'',
	524293);
INSERT INTO SM_EVTDI
	VALUES (238379804,
	1048578,
	's',
	'',
	524293);
INSERT INTO SM_EVTDI
	VALUES (184037109,
	1048578,
	'r',
	'',
	524292);
INSERT INTO SM_EVTDI
	VALUES (197186199,
	1048578,
	'r',
	'',
	524292);
INSERT INTO SM_EVTDI
	VALUES (158605651,
	1048578,
	'r',
	'',
	524292);
INSERT INTO SM_EVTDI
	VALUES (49389676,
	1048578,
	'r',
	'',
	524292);
INSERT INTO SM_EVTDI
	VALUES (5169457,
	1048578,
	'r',
	'',
	524292);
INSERT INTO SM_EVTDI
	VALUES (83327184,
	1048578,
	'r',
	'',
	524292);
INSERT INTO SM_EVTDI
	VALUES (26991224,
	1048578,
	'r',
	'',
	524292);
INSERT INTO SM_EVTDI
	VALUES (252075341,
	1048578,
	'r',
	'',
	524292);
INSERT INTO SM_EVTDI
	VALUES (6473662,
	1048578,
	'u',
	'',
	524294);
INSERT INTO SM_EVTDI
	VALUES (36758808,
	1048578,
	'u',
	'',
	524294);
INSERT INTO SM_EVTDI
	VALUES (179222,
	1048578,
	'u',
	'',
	524294);
INSERT INTO SM_EVTDI
	VALUES (144939104,
	1048578,
	'u',
	'',
	524294);
INSERT INTO SM_EVTDI
	VALUES (173225009,
	1048578,
	'u',
	'',
	524294);
INSERT INTO SM_EVTDI
	VALUES (14232612,
	1048578,
	'u',
	'',
	524294);
INSERT INTO SM_EVTDI
	VALUES (100151751,
	1048578,
	'u',
	'',
	524294);
INSERT INTO SM_EVTDI
	VALUES (130282447,
	1048578,
	'u',
	'',
	524294);
INSERT INTO SM_LEVT
	VALUES (1048577,
	1048578,
	0);
INSERT INTO SM_SEVT
	VALUES (1048577,
	1048578,
	0);
INSERT INTO SM_EVT
	VALUES (1048577,
	1048578,
	0,
	1,
	'Create_with_Custom_KL_and_meaning_no_data',
	1,
	'CREAT',
	'CREAT1',
	'');
INSERT INTO SM_LEVT
	VALUES (1048578,
	1048578,
	0);
INSERT INTO SM_SEVT
	VALUES (1048578,
	1048578,
	0);
INSERT INTO SM_EVT
	VALUES (1048578,
	1048578,
	0,
	2,
	'Create',
	1,
	'CREAT',
	'CREAT2',
	'');
INSERT INTO SM_LEVT
	VALUES (1048579,
	1048578,
	0);
INSERT INTO SM_SEVT
	VALUES (1048579,
	1048578,
	0);
INSERT INTO SM_EVT
	VALUES (1048579,
	1048578,
	0,
	3,
	'Create_with_custom_KL_meaning_and_data',
	1,
	'CREAT',
	'CREAT3',
	'');
INSERT INTO SM_LEVT
	VALUES (1048580,
	1048578,
	0);
INSERT INTO SM_SEVT
	VALUES (1048580,
	1048578,
	0);
INSERT INTO SM_EVT
	VALUES (1048580,
	1048578,
	0,
	4,
	'Create with object KL meaning and no data',
	0,
	'',
	'SCOA4',
	'');
INSERT INTO SM_LEVT
	VALUES (1048581,
	1048578,
	0);
INSERT INTO SM_SEVT
	VALUES (1048581,
	1048578,
	0);
INSERT INTO SM_EVT
	VALUES (1048581,
	1048578,
	0,
	5,
	'Simple_event',
	0,
	'',
	'SCOA5',
	'');
INSERT INTO SM_LEVT
	VALUES (1048582,
	1048578,
	0);
INSERT INTO SM_SEVT
	VALUES (1048582,
	1048578,
	0);
INSERT INTO SM_EVT
	VALUES (1048582,
	1048578,
	0,
	6,
	'Simple_event_with_data',
	0,
	'',
	'SCOA6',
	'');
INSERT INTO SM_LEVT
	VALUES (1048583,
	1048578,
	0);
INSERT INTO SM_SEVT
	VALUES (1048583,
	1048578,
	0);
INSERT INTO SM_EVT
	VALUES (1048583,
	1048578,
	0,
	7,
	'Create with object KL meaning and data',
	0,
	'',
	'SCOA7',
	'');
INSERT INTO SM_LEVT
	VALUES (1048584,
	1048578,
	0);
INSERT INTO SM_SEVT
	VALUES (1048584,
	1048578,
	0);
INSERT INTO SM_EVT
	VALUES (1048584,
	1048578,
	0,
	8,
	'Create_with_data',
	1,
	'CREAT',
	'CREAT8',
	'');
INSERT INTO SM_LEVT
	VALUES (1048585,
	1048578,
	0);
INSERT INTO SM_SEVT
	VALUES (1048585,
	1048578,
	0);
INSERT INTO SM_EVT
	VALUES (1048585,
	1048578,
	0,
	9,
	'DRV to DSA',
	1,
	'DRV_A',
	'DRV_A9',
	'');
INSERT INTO SM_LEVT
	VALUES (1048586,
	1048578,
	0);
INSERT INTO SM_SEVT
	VALUES (1048586,
	1048578,
	0);
INSERT INTO SM_EVT
	VALUES (1048586,
	1048578,
	0,
	10,
	'DRV to DSB',
	1,
	'DRV_A',
	'DRV_A10',
	'');
INSERT INTO SM_LEVT
	VALUES (1048587,
	1048578,
	0);
INSERT INTO SM_SEVT
	VALUES (1048587,
	1048578,
	0);
INSERT INTO SM_EVT
	VALUES (1048587,
	1048578,
	0,
	11,
	'DRV to DSC',
	1,
	'DRV_A',
	'DRV_A11',
	'');
INSERT INTO SM_LEVT
	VALUES (1048588,
	1048578,
	0);
INSERT INTO SM_SEVT
	VALUES (1048588,
	1048578,
	0);
INSERT INTO SM_EVT
	VALUES (1048588,
	1048578,
	0,
	12,
	'driver',
	1,
	'DRV_A',
	'DRV_A12',
	'');
INSERT INTO SM_LEVT
	VALUES (1048589,
	1048578,
	0);
INSERT INTO SM_SEVT
	VALUES (1048589,
	1048578,
	0);
INSERT INTO SM_EVT
	VALUES (1048589,
	1048578,
	0,
	13,
	'goto final quiesent state',
	0,
	'',
	'SCOA13',
	'');
INSERT INTO SM_LEVT
	VALUES (1048590,
	1048578,
	0);
INSERT INTO SM_SEVT
	VALUES (1048590,
	1048578,
	0);
INSERT INTO SM_EVT
	VALUES (1048590,
	1048578,
	0,
	14,
	'goto final delete state',
	0,
	'',
	'SCOA14',
	'');
INSERT INTO SM_LEVT
	VALUES (1048591,
	1048578,
	0);
INSERT INTO SM_SEVT
	VALUES (1048591,
	1048578,
	0);
INSERT INTO SM_EVT
	VALUES (1048591,
	1048578,
	0,
	15,
	'goto deletion state for creation states',
	0,
	'',
	'SCOA15',
	'');
INSERT INTO SM_LEVT
	VALUES (1048592,
	1048578,
	0);
INSERT INTO SM_SEVT
	VALUES (1048592,
	1048578,
	0);
INSERT INTO SM_EVT
	VALUES (1048592,
	1048578,
	0,
	16,
	'goto deletion state for creation events',
	1,
	'DEL',
	'DEL16',
	'');
INSERT INTO SM_LEVT
	VALUES (1048593,
	1048578,
	0);
INSERT INTO SM_SEVT
	VALUES (1048593,
	1048578,
	0);
INSERT INTO SM_EVT
	VALUES (1048593,
	1048578,
	0,
	17,
	'Begin Self Test',
	0,
	'',
	'SCOA17',
	'');
INSERT INTO SM_LEVT
	VALUES (1048594,
	1048578,
	0);
INSERT INTO SM_SEVT
	VALUES (1048594,
	1048578,
	0);
INSERT INTO SM_EVT
	VALUES (1048594,
	1048578,
	0,
	18,
	'goto self pep state b',
	0,
	'',
	'SCOA18',
	'');
INSERT INTO SM_LEVT
	VALUES (1048595,
	1048578,
	0);
INSERT INTO SM_SEVT
	VALUES (1048595,
	1048578,
	0);
INSERT INTO SM_EVT
	VALUES (1048595,
	1048578,
	0,
	19,
	'goto self pep state c',
	0,
	'',
	'SCOA19',
	'');
INSERT INTO SM_LEVT
	VALUES (1048596,
	1048578,
	0);
INSERT INTO SM_SEVT
	VALUES (1048596,
	1048578,
	0);
INSERT INTO SM_EVT
	VALUES (1048596,
	1048578,
	0,
	20,
	'event_with_data',
	1,
	'SPEPA',
	'SPEPA20',
	'');
INSERT INTO SM_LEVT
	VALUES (1048597,
	1048578,
	0);
INSERT INTO SM_SEVT
	VALUES (1048597,
	1048578,
	0);
INSERT INTO SM_EVT
	VALUES (1048597,
	1048578,
	0,
	21,
	'scoa_event',
	0,
	'',
	'SCOA21',
	'');
INSERT INTO SM_LEVT
	VALUES (1048598,
	1048578,
	0);
INSERT INTO SM_SEVT
	VALUES (1048598,
	1048578,
	0);
INSERT INTO SM_EVT
	VALUES (1048598,
	1048578,
	0,
	22,
	'scoa_event_no_data',
	1,
	'SCOA',
	'SCOA22',
	'');
INSERT INTO SM_LEVT
	VALUES (1048599,
	1048578,
	0);
INSERT INTO SM_SEVT
	VALUES (1048599,
	1048578,
	0);
INSERT INTO SM_EVT
	VALUES (1048599,
	1048578,
	0,
	23,
	'check received event data',
	0,
	'',
	'SCOA23',
	'');
INSERT INTO SM_LEVT
	VALUES (1048600,
	1048578,
	0);
INSERT INTO SM_SEVT
	VALUES (1048600,
	1048578,
	0);
INSERT INTO SM_EVT
	VALUES (1048600,
	1048578,
	0,
	24,
	'generate_ignore',
	1,
	'genIG',
	'genIG24',
	'');
INSERT INTO SM_LEVT
	VALUES (1048601,
	1048578,
	0);
INSERT INTO SM_SEVT
	VALUES (1048601,
	1048578,
	0);
INSERT INTO SM_EVT
	VALUES (1048601,
	1048578,
	0,
	25,
	'create event inst and gen to self_inst_ref',
	0,
	'',
	'SCOA25',
	'');
INSERT INTO SM_LEVT
	VALUES (1048602,
	1048578,
	0);
INSERT INTO SM_SEVT
	VALUES (1048602,
	1048578,
	0);
INSERT INTO SM_EVT
	VALUES (1048602,
	1048578,
	0,
	24,
	'check forwarded event data',
	0,
	'',
	'SCOA24',
	'');
INSERT INTO SM_STATE
	VALUES (1048577,
	1048578,
	0,
	'Sync creation state',
	1,
	0);
INSERT INTO SM_CH
	VALUES (1048577,
	1048577,
	1048578,
	0,
	'');
INSERT INTO SM_SEME
	VALUES (1048577,
	1048577,
	1048578,
	0);
INSERT INTO SM_CH
	VALUES (1048577,
	1048578,
	1048578,
	0,
	'');
INSERT INTO SM_SEME
	VALUES (1048577,
	1048578,
	1048578,
	0);
INSERT INTO SM_CH
	VALUES (1048577,
	1048579,
	1048578,
	0,
	'');
INSERT INTO SM_SEME
	VALUES (1048577,
	1048579,
	1048578,
	0);
INSERT INTO SM_CH
	VALUES (1048577,
	1048580,
	1048578,
	0,
	'');
INSERT INTO SM_SEME
	VALUES (1048577,
	1048580,
	1048578,
	0);
INSERT INTO SM_CH
	VALUES (1048577,
	1048581,
	1048578,
	0,
	'');
INSERT INTO SM_SEME
	VALUES (1048577,
	1048581,
	1048578,
	0);
INSERT INTO SM_CH
	VALUES (1048577,
	1048582,
	1048578,
	0,
	'');
INSERT INTO SM_SEME
	VALUES (1048577,
	1048582,
	1048578,
	0);
INSERT INTO SM_CH
	VALUES (1048577,
	1048583,
	1048578,
	0,
	'');
INSERT INTO SM_SEME
	VALUES (1048577,
	1048583,
	1048578,
	0);
INSERT INTO SM_CH
	VALUES (1048577,
	1048584,
	1048578,
	0,
	'');
INSERT INTO SM_SEME
	VALUES (1048577,
	1048584,
	1048578,
	0);
INSERT INTO SM_EIGN
	VALUES (1048577,
	1048585,
	1048578,
	0,
	'');
INSERT INTO SM_SEME
	VALUES (1048577,
	1048585,
	1048578,
	0);
INSERT INTO SM_CH
	VALUES (1048577,
	1048586,
	1048578,
	0,
	'');
INSERT INTO SM_SEME
	VALUES (1048577,
	1048586,
	1048578,
	0);
INSERT INTO SM_CH
	VALUES (1048577,
	1048587,
	1048578,
	0,
	'');
INSERT INTO SM_SEME
	VALUES (1048577,
	1048587,
	1048578,
	0);
INSERT INTO SM_SEME
	VALUES (1048577,
	1048588,
	1048578,
	0);
INSERT INTO SM_CH
	VALUES (1048577,
	1048589,
	1048578,
	0,
	'');
INSERT INTO SM_SEME
	VALUES (1048577,
	1048589,
	1048578,
	0);
INSERT INTO SM_CH
	VALUES (1048577,
	1048590,
	1048578,
	0,
	'');
INSERT INTO SM_SEME
	VALUES (1048577,
	1048590,
	1048578,
	0);
INSERT INTO SM_CH
	VALUES (1048577,
	1048591,
	1048578,
	0,
	'');
INSERT INTO SM_SEME
	VALUES (1048577,
	1048591,
	1048578,
	0);
INSERT INTO SM_CH
	VALUES (1048577,
	1048592,
	1048578,
	0,
	'');
INSERT INTO SM_SEME
	VALUES (1048577,
	1048592,
	1048578,
	0);
INSERT INTO SM_EIGN
	VALUES (1048577,
	1048593,
	1048578,
	0,
	'');
INSERT INTO SM_SEME
	VALUES (1048577,
	1048593,
	1048578,
	0);
INSERT INTO SM_CH
	VALUES (1048577,
	1048594,
	1048578,
	0,
	'');
INSERT INTO SM_SEME
	VALUES (1048577,
	1048594,
	1048578,
	0);
INSERT INTO SM_CH
	VALUES (1048577,
	1048595,
	1048578,
	0,
	'');
INSERT INTO SM_SEME
	VALUES (1048577,
	1048595,
	1048578,
	0);
INSERT INTO SM_CH
	VALUES (1048577,
	1048596,
	1048578,
	0,
	'');
INSERT INTO SM_SEME
	VALUES (1048577,
	1048596,
	1048578,
	0);
INSERT INTO SM_CH
	VALUES (1048577,
	1048597,
	1048578,
	0,
	'');
INSERT INTO SM_SEME
	VALUES (1048577,
	1048597,
	1048578,
	0);
INSERT INTO SM_CH
	VALUES (1048577,
	1048598,
	1048578,
	0,
	'');
INSERT INTO SM_SEME
	VALUES (1048577,
	1048598,
	1048578,
	0);
INSERT INTO SM_CH
	VALUES (1048577,
	1048599,
	1048578,
	0,
	'');
INSERT INTO SM_SEME
	VALUES (1048577,
	1048599,
	1048578,
	0);
INSERT INTO SM_CH
	VALUES (1048577,
	1048600,
	1048578,
	0,
	'');
INSERT INTO SM_SEME
	VALUES (1048577,
	1048600,
	1048578,
	0);
INSERT INTO SM_CH
	VALUES (1048577,
	1048601,
	1048578,
	0,
	'');
INSERT INTO SM_SEME
	VALUES (1048577,
	1048601,
	1048578,
	0);
INSERT INTO SM_CH
	VALUES (1048577,
	1048602,
	1048578,
	0,
	'');
INSERT INTO SM_SEME
	VALUES (1048577,
	1048602,
	1048578,
	0);
INSERT INTO SM_MOAH
	VALUES (1048577,
	1048578,
	1048577);
INSERT INTO SM_AH
	VALUES (1048577,
	1048578);
INSERT INTO SM_ACT
	VALUES (1048577,
	1048578,
	1,
	'LOG::LogInfo(message:"SC.1: Sync creation state") ;
',
	'');
INSERT INTO SM_STATE
	VALUES (1048578,
	1048578,
	0,
	'Creation unique KL no meaning no data',
	2,
	0);
INSERT INTO SM_CH
	VALUES (1048578,
	1048577,
	1048578,
	0,
	'');
INSERT INTO SM_SEME
	VALUES (1048578,
	1048577,
	1048578,
	0);
INSERT INTO SM_CH
	VALUES (1048578,
	1048578,
	1048578,
	0,
	'');
INSERT INTO SM_SEME
	VALUES (1048578,
	1048578,
	1048578,
	0);
INSERT INTO SM_CH
	VALUES (1048578,
	1048579,
	1048578,
	0,
	'');
INSERT INTO SM_SEME
	VALUES (1048578,
	1048579,
	1048578,
	0);
INSERT INTO SM_CH
	VALUES (1048578,
	1048580,
	1048578,
	0,
	'');
INSERT INTO SM_SEME
	VALUES (1048578,
	1048580,
	1048578,
	0);
INSERT INTO SM_CH
	VALUES (1048578,
	1048581,
	1048578,
	0,
	'');
INSERT INTO SM_SEME
	VALUES (1048578,
	1048581,
	1048578,
	0);
INSERT INTO SM_CH
	VALUES (1048578,
	1048582,
	1048578,
	0,
	'');
INSERT INTO SM_SEME
	VALUES (1048578,
	1048582,
	1048578,
	0);
INSERT INTO SM_CH
	VALUES (1048578,
	1048583,
	1048578,
	0,
	'');
INSERT INTO SM_SEME
	VALUES (1048578,
	1048583,
	1048578,
	0);
INSERT INTO SM_CH
	VALUES (1048578,
	1048584,
	1048578,
	0,
	'');
INSERT INTO SM_SEME
	VALUES (1048578,
	1048584,
	1048578,
	0);
INSERT INTO SM_EIGN
	VALUES (1048578,
	1048585,
	1048578,
	0,
	'');
INSERT INTO SM_SEME
	VALUES (1048578,
	1048585,
	1048578,
	0);
INSERT INTO SM_CH
	VALUES (1048578,
	1048586,
	1048578,
	0,
	'');
INSERT INTO SM_SEME
	VALUES (1048578,
	1048586,
	1048578,
	0);
INSERT INTO SM_CH
	VALUES (1048578,
	1048587,
	1048578,
	0,
	'');
INSERT INTO SM_SEME
	VALUES (1048578,
	1048587,
	1048578,
	0);
INSERT INTO SM_EIGN
	VALUES (1048578,
	1048588,
	1048578,
	0,
	'');
INSERT INTO SM_SEME
	VALUES (1048578,
	1048588,
	1048578,
	0);
INSERT INTO SM_CH
	VALUES (1048578,
	1048589,
	1048578,
	0,
	'');
INSERT INTO SM_SEME
	VALUES (1048578,
	1048589,
	1048578,
	0);
INSERT INTO SM_CH
	VALUES (1048578,
	1048590,
	1048578,
	0,
	'');
INSERT INTO SM_SEME
	VALUES (1048578,
	1048590,
	1048578,
	0);
INSERT INTO SM_SEME
	VALUES (1048578,
	1048591,
	1048578,
	0);
INSERT INTO SM_CH
	VALUES (1048578,
	1048592,
	1048578,
	0,
	'');
INSERT INTO SM_SEME
	VALUES (1048578,
	1048592,
	1048578,
	0);
INSERT INTO SM_CH
	VALUES (1048578,
	1048593,
	1048578,
	0,
	'');
INSERT INTO SM_SEME
	VALUES (1048578,
	1048593,
	1048578,
	0);
INSERT INTO SM_CH
	VALUES (1048578,
	1048594,
	1048578,
	0,
	'');
INSERT INTO SM_SEME
	VALUES (1048578,
	1048594,
	1048578,
	0);
INSERT INTO SM_CH
	VALUES (1048578,
	1048595,
	1048578,
	0,
	'');
INSERT INTO SM_SEME
	VALUES (1048578,
	1048595,
	1048578,
	0);
INSERT INTO SM_CH
	VALUES (1048578,
	1048596,
	1048578,
	0,
	'');
INSERT INTO SM_SEME
	VALUES (1048578,
	1048596,
	1048578,
	0);
INSERT INTO SM_CH
	VALUES (1048578,
	1048597,
	1048578,
	0,
	'');
INSERT INTO SM_SEME
	VALUES (1048578,
	1048597,
	1048578,
	0);
INSERT INTO SM_CH
	VALUES (1048578,
	1048598,
	1048578,
	0,
	'');
INSERT INTO SM_SEME
	VALUES (1048578,
	1048598,
	1048578,
	0);
INSERT INTO SM_CH
	VALUES (1048578,
	1048599,
	1048578,
	0,
	'');
INSERT INTO SM_SEME
	VALUES (1048578,
	1048599,
	1048578,
	0);
INSERT INTO SM_CH
	VALUES (1048578,
	1048600,
	1048578,
	0,
	'');
INSERT INTO SM_SEME
	VALUES (1048578,
	1048600,
	1048578,
	0);
INSERT INTO SM_CH
	VALUES (1048578,
	1048601,
	1048578,
	0,
	'');
INSERT INTO SM_SEME
	VALUES (1048578,
	1048601,
	1048578,
	0);
INSERT INTO SM_CH
	VALUES (1048578,
	1048602,
	1048578,
	0,
	'');
INSERT INTO SM_SEME
	VALUES (1048578,
	1048602,
	1048578,
	0);
INSERT INTO SM_MOAH
	VALUES (1048578,
	1048578,
	1048578);
INSERT INTO SM_AH
	VALUES (1048578,
	1048578);
INSERT INTO SM_ACT
	VALUES (1048578,
	1048578,
	1,
	'LOG::LogSuccess(message:"SC.1 Create unique KL no meaning no data") ;
generate SCOA15:''goto deletion state for creation states''() to self;',
	'');
INSERT INTO SM_STATE
	VALUES (1048579,
	1048578,
	0,
	'Driven State A',
	3,
	0);
INSERT INTO SM_CH
	VALUES (1048579,
	1048577,
	1048578,
	0,
	'');
INSERT INTO SM_SEME
	VALUES (1048579,
	1048577,
	1048578,
	0);
INSERT INTO SM_CH
	VALUES (1048579,
	1048578,
	1048578,
	0,
	'');
INSERT INTO SM_SEME
	VALUES (1048579,
	1048578,
	1048578,
	0);
INSERT INTO SM_CH
	VALUES (1048579,
	1048579,
	1048578,
	0,
	'');
INSERT INTO SM_SEME
	VALUES (1048579,
	1048579,
	1048578,
	0);
INSERT INTO SM_CH
	VALUES (1048579,
	1048580,
	1048578,
	0,
	'');
INSERT INTO SM_SEME
	VALUES (1048579,
	1048580,
	1048578,
	0);
INSERT INTO SM_CH
	VALUES (1048579,
	1048581,
	1048578,
	0,
	'');
INSERT INTO SM_SEME
	VALUES (1048579,
	1048581,
	1048578,
	0);
INSERT INTO SM_CH
	VALUES (1048579,
	1048582,
	1048578,
	0,
	'');
INSERT INTO SM_SEME
	VALUES (1048579,
	1048582,
	1048578,
	0);
INSERT INTO SM_CH
	VALUES (1048579,
	1048583,
	1048578,
	0,
	'');
INSERT INTO SM_SEME
	VALUES (1048579,
	1048583,
	1048578,
	0);
INSERT INTO SM_CH
	VALUES (1048579,
	1048584,
	1048578,
	0,
	'');
INSERT INTO SM_SEME
	VALUES (1048579,
	1048584,
	1048578,
	0);
INSERT INTO SM_CH
	VALUES (1048579,
	1048585,
	1048578,
	0,
	'');
INSERT INTO SM_SEME
	VALUES (1048579,
	1048585,
	1048578,
	0);
INSERT INTO SM_SEME
	VALUES (1048579,
	1048586,
	1048578,
	0);
INSERT INTO SM_SEME
	VALUES (1048579,
	1048587,
	1048578,
	0);
INSERT INTO SM_CH
	VALUES (1048579,
	1048588,
	1048578,
	0,
	'');
INSERT INTO SM_SEME
	VALUES (1048579,
	1048588,
	1048578,
	0);
INSERT INTO SM_EIGN
	VALUES (1048579,
	1048589,
	1048578,
	0,
	'');
INSERT INTO SM_SEME
	VALUES (1048579,
	1048589,
	1048578,
	0);
INSERT INTO SM_CH
	VALUES (1048579,
	1048590,
	1048578,
	0,
	'');
INSERT INTO SM_SEME
	VALUES (1048579,
	1048590,
	1048578,
	0);
INSERT INTO SM_CH
	VALUES (1048579,
	1048591,
	1048578,
	0,
	'');
INSERT INTO SM_SEME
	VALUES (1048579,
	1048591,
	1048578,
	0);
INSERT INTO SM_CH
	VALUES (1048579,
	1048592,
	1048578,
	0,
	'');
INSERT INTO SM_SEME
	VALUES (1048579,
	1048592,
	1048578,
	0);
INSERT INTO SM_CH
	VALUES (1048579,
	1048593,
	1048578,
	0,
	'');
INSERT INTO SM_SEME
	VALUES (1048579,
	1048593,
	1048578,
	0);
INSERT INTO SM_CH
	VALUES (1048579,
	1048594,
	1048578,
	0,
	'');
INSERT INTO SM_SEME
	VALUES (1048579,
	1048594,
	1048578,
	0);
INSERT INTO SM_CH
	VALUES (1048579,
	1048595,
	1048578,
	0,
	'');
INSERT INTO SM_SEME
	VALUES (1048579,
	1048595,
	1048578,
	0);
INSERT INTO SM_CH
	VALUES (1048579,
	1048596,
	1048578,
	0,
	'');
INSERT INTO SM_SEME
	VALUES (1048579,
	1048596,
	1048578,
	0);
INSERT INTO SM_CH
	VALUES (1048579,
	1048597,
	1048578,
	0,
	'');
INSERT INTO SM_SEME
	VALUES (1048579,
	1048597,
	1048578,
	0);
INSERT INTO SM_CH
	VALUES (1048579,
	1048598,
	1048578,
	0,
	'');
INSERT INTO SM_SEME
	VALUES (1048579,
	1048598,
	1048578,
	0);
INSERT INTO SM_CH
	VALUES (1048579,
	1048599,
	1048578,
	0,
	'');
INSERT INTO SM_SEME
	VALUES (1048579,
	1048599,
	1048578,
	0);
INSERT INTO SM_CH
	VALUES (1048579,
	1048600,
	1048578,
	0,
	'');
INSERT INTO SM_SEME
	VALUES (1048579,
	1048600,
	1048578,
	0);
INSERT INTO SM_CH
	VALUES (1048579,
	1048601,
	1048578,
	0,
	'');
INSERT INTO SM_SEME
	VALUES (1048579,
	1048601,
	1048578,
	0);
INSERT INTO SM_CH
	VALUES (1048579,
	1048602,
	1048578,
	0,
	'');
INSERT INTO SM_SEME
	VALUES (1048579,
	1048602,
	1048578,
	0);
INSERT INTO SM_MOAH
	VALUES (1048579,
	1048578,
	1048579);
INSERT INTO SM_AH
	VALUES (1048579,
	1048578);
INSERT INTO SM_ACT
	VALUES (1048579,
	1048578,
	1,
	'LOG::LogSuccess(message:"SC.1 Driven State A") ;
',
	'');
INSERT INTO SM_STATE
	VALUES (1048580,
	1048578,
	0,
	'Driven State B',
	4,
	0);
INSERT INTO SM_CH
	VALUES (1048580,
	1048577,
	1048578,
	0,
	'');
INSERT INTO SM_SEME
	VALUES (1048580,
	1048577,
	1048578,
	0);
INSERT INTO SM_CH
	VALUES (1048580,
	1048578,
	1048578,
	0,
	'');
INSERT INTO SM_SEME
	VALUES (1048580,
	1048578,
	1048578,
	0);
INSERT INTO SM_CH
	VALUES (1048580,
	1048579,
	1048578,
	0,
	'');
INSERT INTO SM_SEME
	VALUES (1048580,
	1048579,
	1048578,
	0);
INSERT INTO SM_CH
	VALUES (1048580,
	1048580,
	1048578,
	0,
	'');
INSERT INTO SM_SEME
	VALUES (1048580,
	1048580,
	1048578,
	0);
INSERT INTO SM_CH
	VALUES (1048580,
	1048581,
	1048578,
	0,
	'');
INSERT INTO SM_SEME
	VALUES (1048580,
	1048581,
	1048578,
	0);
INSERT INTO SM_CH
	VALUES (1048580,
	1048582,
	1048578,
	0,
	'');
INSERT INTO SM_SEME
	VALUES (1048580,
	1048582,
	1048578,
	0);
INSERT INTO SM_CH
	VALUES (1048580,
	1048583,
	1048578,
	0,
	'');
INSERT INTO SM_SEME
	VALUES (1048580,
	1048583,
	1048578,
	0);
INSERT INTO SM_CH
	VALUES (1048580,
	1048584,
	1048578,
	0,
	'');
INSERT INTO SM_SEME
	VALUES (1048580,
	1048584,
	1048578,
	0);
INSERT INTO SM_SEME
	VALUES (1048580,
	1048585,
	1048578,
	0);
INSERT INTO SM_CH
	VALUES (1048580,
	1048586,
	1048578,
	0,
	'');
INSERT INTO SM_SEME
	VALUES (1048580,
	1048586,
	1048578,
	0);
INSERT INTO SM_SEME
	VALUES (1048580,
	1048587,
	1048578,
	0);
INSERT INTO SM_CH
	VALUES (1048580,
	1048588,
	1048578,
	0,
	'');
INSERT INTO SM_SEME
	VALUES (1048580,
	1048588,
	1048578,
	0);
INSERT INTO SM_CH
	VALUES (1048580,
	1048589,
	1048578,
	0,
	'');
INSERT INTO SM_SEME
	VALUES (1048580,
	1048589,
	1048578,
	0);
INSERT INTO SM_EIGN
	VALUES (1048580,
	1048590,
	1048578,
	0,
	'');
INSERT INTO SM_SEME
	VALUES (1048580,
	1048590,
	1048578,
	0);
INSERT INTO SM_CH
	VALUES (1048580,
	1048591,
	1048578,
	0,
	'');
INSERT INTO SM_SEME
	VALUES (1048580,
	1048591,
	1048578,
	0);
INSERT INTO SM_CH
	VALUES (1048580,
	1048592,
	1048578,
	0,
	'');
INSERT INTO SM_SEME
	VALUES (1048580,
	1048592,
	1048578,
	0);
INSERT INTO SM_CH
	VALUES (1048580,
	1048593,
	1048578,
	0,
	'');
INSERT INTO SM_SEME
	VALUES (1048580,
	1048593,
	1048578,
	0);
INSERT INTO SM_CH
	VALUES (1048580,
	1048594,
	1048578,
	0,
	'');
INSERT INTO SM_SEME
	VALUES (1048580,
	1048594,
	1048578,
	0);
INSERT INTO SM_CH
	VALUES (1048580,
	1048595,
	1048578,
	0,
	'');
INSERT INTO SM_SEME
	VALUES (1048580,
	1048595,
	1048578,
	0);
INSERT INTO SM_CH
	VALUES (1048580,
	1048596,
	1048578,
	0,
	'');
INSERT INTO SM_SEME
	VALUES (1048580,
	1048596,
	1048578,
	0);
INSERT INTO SM_CH
	VALUES (1048580,
	1048597,
	1048578,
	0,
	'');
INSERT INTO SM_SEME
	VALUES (1048580,
	1048597,
	1048578,
	0);
INSERT INTO SM_CH
	VALUES (1048580,
	1048598,
	1048578,
	0,
	'');
INSERT INTO SM_SEME
	VALUES (1048580,
	1048598,
	1048578,
	0);
INSERT INTO SM_CH
	VALUES (1048580,
	1048599,
	1048578,
	0,
	'');
INSERT INTO SM_SEME
	VALUES (1048580,
	1048599,
	1048578,
	0);
INSERT INTO SM_EIGN
	VALUES (1048580,
	1048600,
	1048578,
	0,
	'');
INSERT INTO SM_SEME
	VALUES (1048580,
	1048600,
	1048578,
	0);
INSERT INTO SM_CH
	VALUES (1048580,
	1048601,
	1048578,
	0,
	'');
INSERT INTO SM_SEME
	VALUES (1048580,
	1048601,
	1048578,
	0);
INSERT INTO SM_CH
	VALUES (1048580,
	1048602,
	1048578,
	0,
	'');
INSERT INTO SM_SEME
	VALUES (1048580,
	1048602,
	1048578,
	0);
INSERT INTO SM_MOAH
	VALUES (1048580,
	1048578,
	1048580);
INSERT INTO SM_AH
	VALUES (1048580,
	1048578);
INSERT INTO SM_ACT
	VALUES (1048580,
	1048578,
	1,
	'LOG::LogSuccess(message:"SC.1: Driven State B") ;
',
	'');
INSERT INTO SM_STATE
	VALUES (1048581,
	1048578,
	0,
	'Driven State C',
	5,
	0);
INSERT INTO SM_CH
	VALUES (1048581,
	1048577,
	1048578,
	0,
	'');
INSERT INTO SM_SEME
	VALUES (1048581,
	1048577,
	1048578,
	0);
INSERT INTO SM_CH
	VALUES (1048581,
	1048578,
	1048578,
	0,
	'');
INSERT INTO SM_SEME
	VALUES (1048581,
	1048578,
	1048578,
	0);
INSERT INTO SM_CH
	VALUES (1048581,
	1048579,
	1048578,
	0,
	'');
INSERT INTO SM_SEME
	VALUES (1048581,
	1048579,
	1048578,
	0);
INSERT INTO SM_CH
	VALUES (1048581,
	1048580,
	1048578,
	0,
	'');
INSERT INTO SM_SEME
	VALUES (1048581,
	1048580,
	1048578,
	0);
INSERT INTO SM_CH
	VALUES (1048581,
	1048581,
	1048578,
	0,
	'');
INSERT INTO SM_SEME
	VALUES (1048581,
	1048581,
	1048578,
	0);
INSERT INTO SM_CH
	VALUES (1048581,
	1048582,
	1048578,
	0,
	'');
INSERT INTO SM_SEME
	VALUES (1048581,
	1048582,
	1048578,
	0);
INSERT INTO SM_CH
	VALUES (1048581,
	1048583,
	1048578,
	0,
	'');
INSERT INTO SM_SEME
	VALUES (1048581,
	1048583,
	1048578,
	0);
INSERT INTO SM_CH
	VALUES (1048581,
	1048584,
	1048578,
	0,
	'');
INSERT INTO SM_SEME
	VALUES (1048581,
	1048584,
	1048578,
	0);
INSERT INTO SM_CH
	VALUES (1048581,
	1048585,
	1048578,
	0,
	'');
INSERT INTO SM_SEME
	VALUES (1048581,
	1048585,
	1048578,
	0);
INSERT INTO SM_CH
	VALUES (1048581,
	1048586,
	1048578,
	0,
	'');
INSERT INTO SM_SEME
	VALUES (1048581,
	1048586,
	1048578,
	0);
INSERT INTO SM_SEME
	VALUES (1048581,
	1048587,
	1048578,
	0);
INSERT INTO SM_CH
	VALUES (1048581,
	1048588,
	1048578,
	0,
	'');
INSERT INTO SM_SEME
	VALUES (1048581,
	1048588,
	1048578,
	0);
INSERT INTO SM_CH
	VALUES (1048581,
	1048589,
	1048578,
	0,
	'');
INSERT INTO SM_SEME
	VALUES (1048581,
	1048589,
	1048578,
	0);
INSERT INTO SM_EIGN
	VALUES (1048581,
	1048590,
	1048578,
	0,
	'');
INSERT INTO SM_SEME
	VALUES (1048581,
	1048590,
	1048578,
	0);
INSERT INTO SM_CH
	VALUES (1048581,
	1048591,
	1048578,
	0,
	'');
INSERT INTO SM_SEME
	VALUES (1048581,
	1048591,
	1048578,
	0);
INSERT INTO SM_CH
	VALUES (1048581,
	1048592,
	1048578,
	0,
	'');
INSERT INTO SM_SEME
	VALUES (1048581,
	1048592,
	1048578,
	0);
INSERT INTO SM_SEME
	VALUES (1048581,
	1048593,
	1048578,
	0);
INSERT INTO SM_CH
	VALUES (1048581,
	1048594,
	1048578,
	0,
	'');
INSERT INTO SM_SEME
	VALUES (1048581,
	1048594,
	1048578,
	0);
INSERT INTO SM_CH
	VALUES (1048581,
	1048595,
	1048578,
	0,
	'');
INSERT INTO SM_SEME
	VALUES (1048581,
	1048595,
	1048578,
	0);
INSERT INTO SM_CH
	VALUES (1048581,
	1048596,
	1048578,
	0,
	'');
INSERT INTO SM_SEME
	VALUES (1048581,
	1048596,
	1048578,
	0);
INSERT INTO SM_CH
	VALUES (1048581,
	1048597,
	1048578,
	0,
	'');
INSERT INTO SM_SEME
	VALUES (1048581,
	1048597,
	1048578,
	0);
INSERT INTO SM_CH
	VALUES (1048581,
	1048598,
	1048578,
	0,
	'');
INSERT INTO SM_SEME
	VALUES (1048581,
	1048598,
	1048578,
	0);
INSERT INTO SM_CH
	VALUES (1048581,
	1048599,
	1048578,
	0,
	'');
INSERT INTO SM_SEME
	VALUES (1048581,
	1048599,
	1048578,
	0);
INSERT INTO SM_CH
	VALUES (1048581,
	1048600,
	1048578,
	0,
	'');
INSERT INTO SM_SEME
	VALUES (1048581,
	1048600,
	1048578,
	0);
INSERT INTO SM_CH
	VALUES (1048581,
	1048601,
	1048578,
	0,
	'');
INSERT INTO SM_SEME
	VALUES (1048581,
	1048601,
	1048578,
	0);
INSERT INTO SM_CH
	VALUES (1048581,
	1048602,
	1048578,
	0,
	'');
INSERT INTO SM_SEME
	VALUES (1048581,
	1048602,
	1048578,
	0);
INSERT INTO SM_MOAH
	VALUES (1048581,
	1048578,
	1048581);
INSERT INTO SM_AH
	VALUES (1048581,
	1048578);
INSERT INTO SM_ACT
	VALUES (1048581,
	1048578,
	1,
	'LOG::LogSuccess(message:"SC.1: Driven State C") ;
',
	'');
INSERT INTO SM_STATE
	VALUES (1048582,
	1048578,
	0,
	'Final State Delete',
	6,
	1);
INSERT INTO SM_CH
	VALUES (1048582,
	1048577,
	1048578,
	0,
	'');
INSERT INTO SM_SEME
	VALUES (1048582,
	1048577,
	1048578,
	0);
INSERT INTO SM_CH
	VALUES (1048582,
	1048578,
	1048578,
	0,
	'');
INSERT INTO SM_SEME
	VALUES (1048582,
	1048578,
	1048578,
	0);
INSERT INTO SM_CH
	VALUES (1048582,
	1048579,
	1048578,
	0,
	'');
INSERT INTO SM_SEME
	VALUES (1048582,
	1048579,
	1048578,
	0);
INSERT INTO SM_CH
	VALUES (1048582,
	1048580,
	1048578,
	0,
	'');
INSERT INTO SM_SEME
	VALUES (1048582,
	1048580,
	1048578,
	0);
INSERT INTO SM_CH
	VALUES (1048582,
	1048581,
	1048578,
	0,
	'');
INSERT INTO SM_SEME
	VALUES (1048582,
	1048581,
	1048578,
	0);
INSERT INTO SM_CH
	VALUES (1048582,
	1048582,
	1048578,
	0,
	'');
INSERT INTO SM_SEME
	VALUES (1048582,
	1048582,
	1048578,
	0);
INSERT INTO SM_CH
	VALUES (1048582,
	1048583,
	1048578,
	0,
	'');
INSERT INTO SM_SEME
	VALUES (1048582,
	1048583,
	1048578,
	0);
INSERT INTO SM_CH
	VALUES (1048582,
	1048584,
	1048578,
	0,
	'');
INSERT INTO SM_SEME
	VALUES (1048582,
	1048584,
	1048578,
	0);
INSERT INTO SM_CH
	VALUES (1048582,
	1048585,
	1048578,
	0,
	'');
INSERT INTO SM_SEME
	VALUES (1048582,
	1048585,
	1048578,
	0);
INSERT INTO SM_CH
	VALUES (1048582,
	1048586,
	1048578,
	0,
	'');
INSERT INTO SM_SEME
	VALUES (1048582,
	1048586,
	1048578,
	0);
INSERT INTO SM_CH
	VALUES (1048582,
	1048587,
	1048578,
	0,
	'');
INSERT INTO SM_SEME
	VALUES (1048582,
	1048587,
	1048578,
	0);
INSERT INTO SM_CH
	VALUES (1048582,
	1048588,
	1048578,
	0,
	'');
INSERT INTO SM_SEME
	VALUES (1048582,
	1048588,
	1048578,
	0);
INSERT INTO SM_CH
	VALUES (1048582,
	1048589,
	1048578,
	0,
	'');
INSERT INTO SM_SEME
	VALUES (1048582,
	1048589,
	1048578,
	0);
INSERT INTO SM_CH
	VALUES (1048582,
	1048590,
	1048578,
	0,
	'');
INSERT INTO SM_SEME
	VALUES (1048582,
	1048590,
	1048578,
	0);
INSERT INTO SM_CH
	VALUES (1048582,
	1048591,
	1048578,
	0,
	'');
INSERT INTO SM_SEME
	VALUES (1048582,
	1048591,
	1048578,
	0);
INSERT INTO SM_CH
	VALUES (1048582,
	1048592,
	1048578,
	0,
	'');
INSERT INTO SM_SEME
	VALUES (1048582,
	1048592,
	1048578,
	0);
INSERT INTO SM_CH
	VALUES (1048582,
	1048593,
	1048578,
	0,
	'');
INSERT INTO SM_SEME
	VALUES (1048582,
	1048593,
	1048578,
	0);
INSERT INTO SM_CH
	VALUES (1048582,
	1048594,
	1048578,
	0,
	'');
INSERT INTO SM_SEME
	VALUES (1048582,
	1048594,
	1048578,
	0);
INSERT INTO SM_CH
	VALUES (1048582,
	1048595,
	1048578,
	0,
	'');
INSERT INTO SM_SEME
	VALUES (1048582,
	1048595,
	1048578,
	0);
INSERT INTO SM_CH
	VALUES (1048582,
	1048596,
	1048578,
	0,
	'');
INSERT INTO SM_SEME
	VALUES (1048582,
	1048596,
	1048578,
	0);
INSERT INTO SM_CH
	VALUES (1048582,
	1048597,
	1048578,
	0,
	'');
INSERT INTO SM_SEME
	VALUES (1048582,
	1048597,
	1048578,
	0);
INSERT INTO SM_CH
	VALUES (1048582,
	1048598,
	1048578,
	0,
	'');
INSERT INTO SM_SEME
	VALUES (1048582,
	1048598,
	1048578,
	0);
INSERT INTO SM_CH
	VALUES (1048582,
	1048599,
	1048578,
	0,
	'');
INSERT INTO SM_SEME
	VALUES (1048582,
	1048599,
	1048578,
	0);
INSERT INTO SM_CH
	VALUES (1048582,
	1048600,
	1048578,
	0,
	'');
INSERT INTO SM_SEME
	VALUES (1048582,
	1048600,
	1048578,
	0);
INSERT INTO SM_CH
	VALUES (1048582,
	1048601,
	1048578,
	0,
	'');
INSERT INTO SM_SEME
	VALUES (1048582,
	1048601,
	1048578,
	0);
INSERT INTO SM_CH
	VALUES (1048582,
	1048602,
	1048578,
	0,
	'');
INSERT INTO SM_SEME
	VALUES (1048582,
	1048602,
	1048578,
	0);
INSERT INTO SM_MOAH
	VALUES (1048582,
	1048578,
	1048582);
INSERT INTO SM_AH
	VALUES (1048582,
	1048578);
INSERT INTO SM_ACT
	VALUES (1048582,
	1048578,
	1,
	'LOG::LogSuccess(message:"SC.1 Test Complete") ;
select any driver from instances of SCD;
generate SCD2:''Synch SC Object A Complete''() to driver;
',
	'');
INSERT INTO SM_STATE
	VALUES (1048583,
	1048578,
	0,
	'Creation unique KL meaning data',
	8,
	0);
INSERT INTO SM_CH
	VALUES (1048583,
	1048577,
	1048578,
	0,
	'');
INSERT INTO SM_SEME
	VALUES (1048583,
	1048577,
	1048578,
	0);
INSERT INTO SM_CH
	VALUES (1048583,
	1048578,
	1048578,
	0,
	'');
INSERT INTO SM_SEME
	VALUES (1048583,
	1048578,
	1048578,
	0);
INSERT INTO SM_CH
	VALUES (1048583,
	1048579,
	1048578,
	0,
	'');
INSERT INTO SM_SEME
	VALUES (1048583,
	1048579,
	1048578,
	0);
INSERT INTO SM_CH
	VALUES (1048583,
	1048580,
	1048578,
	0,
	'');
INSERT INTO SM_SEME
	VALUES (1048583,
	1048580,
	1048578,
	0);
INSERT INTO SM_CH
	VALUES (1048583,
	1048581,
	1048578,
	0,
	'');
INSERT INTO SM_SEME
	VALUES (1048583,
	1048581,
	1048578,
	0);
INSERT INTO SM_CH
	VALUES (1048583,
	1048582,
	1048578,
	0,
	'');
INSERT INTO SM_SEME
	VALUES (1048583,
	1048582,
	1048578,
	0);
INSERT INTO SM_CH
	VALUES (1048583,
	1048583,
	1048578,
	0,
	'');
INSERT INTO SM_SEME
	VALUES (1048583,
	1048583,
	1048578,
	0);
INSERT INTO SM_CH
	VALUES (1048583,
	1048584,
	1048578,
	0,
	'');
INSERT INTO SM_SEME
	VALUES (1048583,
	1048584,
	1048578,
	0);
INSERT INTO SM_EIGN
	VALUES (1048583,
	1048585,
	1048578,
	0,
	'');
INSERT INTO SM_SEME
	VALUES (1048583,
	1048585,
	1048578,
	0);
INSERT INTO SM_CH
	VALUES (1048583,
	1048586,
	1048578,
	0,
	'');
INSERT INTO SM_SEME
	VALUES (1048583,
	1048586,
	1048578,
	0);
INSERT INTO SM_CH
	VALUES (1048583,
	1048587,
	1048578,
	0,
	'');
INSERT INTO SM_SEME
	VALUES (1048583,
	1048587,
	1048578,
	0);
INSERT INTO SM_CH
	VALUES (1048583,
	1048588,
	1048578,
	0,
	'');
INSERT INTO SM_SEME
	VALUES (1048583,
	1048588,
	1048578,
	0);
INSERT INTO SM_CH
	VALUES (1048583,
	1048589,
	1048578,
	0,
	'');
INSERT INTO SM_SEME
	VALUES (1048583,
	1048589,
	1048578,
	0);
INSERT INTO SM_CH
	VALUES (1048583,
	1048590,
	1048578,
	0,
	'');
INSERT INTO SM_SEME
	VALUES (1048583,
	1048590,
	1048578,
	0);
INSERT INTO SM_EIGN
	VALUES (1048583,
	1048591,
	1048578,
	0,
	'');
INSERT INTO SM_SEME
	VALUES (1048583,
	1048591,
	1048578,
	0);
INSERT INTO SM_SEME
	VALUES (1048583,
	1048592,
	1048578,
	0);
INSERT INTO SM_CH
	VALUES (1048583,
	1048593,
	1048578,
	0,
	'');
INSERT INTO SM_SEME
	VALUES (1048583,
	1048593,
	1048578,
	0);
INSERT INTO SM_CH
	VALUES (1048583,
	1048594,
	1048578,
	0,
	'');
INSERT INTO SM_SEME
	VALUES (1048583,
	1048594,
	1048578,
	0);
INSERT INTO SM_CH
	VALUES (1048583,
	1048595,
	1048578,
	0,
	'');
INSERT INTO SM_SEME
	VALUES (1048583,
	1048595,
	1048578,
	0);
INSERT INTO SM_CH
	VALUES (1048583,
	1048596,
	1048578,
	0,
	'');
INSERT INTO SM_SEME
	VALUES (1048583,
	1048596,
	1048578,
	0);
INSERT INTO SM_CH
	VALUES (1048583,
	1048597,
	1048578,
	0,
	'');
INSERT INTO SM_SEME
	VALUES (1048583,
	1048597,
	1048578,
	0);
INSERT INTO SM_CH
	VALUES (1048583,
	1048598,
	1048578,
	0,
	'');
INSERT INTO SM_SEME
	VALUES (1048583,
	1048598,
	1048578,
	0);
INSERT INTO SM_CH
	VALUES (1048583,
	1048599,
	1048578,
	0,
	'');
INSERT INTO SM_SEME
	VALUES (1048583,
	1048599,
	1048578,
	0);
INSERT INTO SM_CH
	VALUES (1048583,
	1048600,
	1048578,
	0,
	'');
INSERT INTO SM_SEME
	VALUES (1048583,
	1048600,
	1048578,
	0);
INSERT INTO SM_CH
	VALUES (1048583,
	1048601,
	1048578,
	0,
	'');
INSERT INTO SM_SEME
	VALUES (1048583,
	1048601,
	1048578,
	0);
INSERT INTO SM_CH
	VALUES (1048583,
	1048602,
	1048578,
	0,
	'');
INSERT INTO SM_SEME
	VALUES (1048583,
	1048602,
	1048578,
	0);
INSERT INTO SM_MOAH
	VALUES (1048583,
	1048578,
	1048583);
INSERT INTO SM_AH
	VALUES (1048583,
	1048578);
INSERT INTO SM_ACT
	VALUES (1048583,
	1048578,
	1,
	'LOG::LogSuccess(message:"SC.1 Create unique KL meaning data") ;
generate DEL16:''goto deletion state for creation events''() to self;',
	'');
INSERT INTO SM_STATE
	VALUES (1048584,
	1048578,
	0,
	'Creation unique KL no meaning data',
	9,
	0);
INSERT INTO SM_CH
	VALUES (1048584,
	1048577,
	1048578,
	0,
	'');
INSERT INTO SM_SEME
	VALUES (1048584,
	1048577,
	1048578,
	0);
INSERT INTO SM_CH
	VALUES (1048584,
	1048578,
	1048578,
	0,
	'');
INSERT INTO SM_SEME
	VALUES (1048584,
	1048578,
	1048578,
	0);
INSERT INTO SM_CH
	VALUES (1048584,
	1048579,
	1048578,
	0,
	'');
INSERT INTO SM_SEME
	VALUES (1048584,
	1048579,
	1048578,
	0);
INSERT INTO SM_CH
	VALUES (1048584,
	1048580,
	1048578,
	0,
	'');
INSERT INTO SM_SEME
	VALUES (1048584,
	1048580,
	1048578,
	0);
INSERT INTO SM_CH
	VALUES (1048584,
	1048581,
	1048578,
	0,
	'');
INSERT INTO SM_SEME
	VALUES (1048584,
	1048581,
	1048578,
	0);
INSERT INTO SM_CH
	VALUES (1048584,
	1048582,
	1048578,
	0,
	'');
INSERT INTO SM_SEME
	VALUES (1048584,
	1048582,
	1048578,
	0);
INSERT INTO SM_CH
	VALUES (1048584,
	1048583,
	1048578,
	0,
	'');
INSERT INTO SM_SEME
	VALUES (1048584,
	1048583,
	1048578,
	0);
INSERT INTO SM_CH
	VALUES (1048584,
	1048584,
	1048578,
	0,
	'');
INSERT INTO SM_SEME
	VALUES (1048584,
	1048584,
	1048578,
	0);
INSERT INTO SM_EIGN
	VALUES (1048584,
	1048585,
	1048578,
	0,
	'');
INSERT INTO SM_SEME
	VALUES (1048584,
	1048585,
	1048578,
	0);
INSERT INTO SM_CH
	VALUES (1048584,
	1048586,
	1048578,
	0,
	'');
INSERT INTO SM_SEME
	VALUES (1048584,
	1048586,
	1048578,
	0);
INSERT INTO SM_CH
	VALUES (1048584,
	1048587,
	1048578,
	0,
	'');
INSERT INTO SM_SEME
	VALUES (1048584,
	1048587,
	1048578,
	0);
INSERT INTO SM_CH
	VALUES (1048584,
	1048588,
	1048578,
	0,
	'');
INSERT INTO SM_SEME
	VALUES (1048584,
	1048588,
	1048578,
	0);
INSERT INTO SM_CH
	VALUES (1048584,
	1048589,
	1048578,
	0,
	'');
INSERT INTO SM_SEME
	VALUES (1048584,
	1048589,
	1048578,
	0);
INSERT INTO SM_CH
	VALUES (1048584,
	1048590,
	1048578,
	0,
	'');
INSERT INTO SM_SEME
	VALUES (1048584,
	1048590,
	1048578,
	0);
INSERT INTO SM_SEME
	VALUES (1048584,
	1048591,
	1048578,
	0);
INSERT INTO SM_CH
	VALUES (1048584,
	1048592,
	1048578,
	0,
	'');
INSERT INTO SM_SEME
	VALUES (1048584,
	1048592,
	1048578,
	0);
INSERT INTO SM_CH
	VALUES (1048584,
	1048593,
	1048578,
	0,
	'');
INSERT INTO SM_SEME
	VALUES (1048584,
	1048593,
	1048578,
	0);
INSERT INTO SM_CH
	VALUES (1048584,
	1048594,
	1048578,
	0,
	'');
INSERT INTO SM_SEME
	VALUES (1048584,
	1048594,
	1048578,
	0);
INSERT INTO SM_CH
	VALUES (1048584,
	1048595,
	1048578,
	0,
	'');
INSERT INTO SM_SEME
	VALUES (1048584,
	1048595,
	1048578,
	0);
INSERT INTO SM_CH
	VALUES (1048584,
	1048596,
	1048578,
	0,
	'');
INSERT INTO SM_SEME
	VALUES (1048584,
	1048596,
	1048578,
	0);
INSERT INTO SM_CH
	VALUES (1048584,
	1048597,
	1048578,
	0,
	'');
INSERT INTO SM_SEME
	VALUES (1048584,
	1048597,
	1048578,
	0);
INSERT INTO SM_CH
	VALUES (1048584,
	1048598,
	1048578,
	0,
	'');
INSERT INTO SM_SEME
	VALUES (1048584,
	1048598,
	1048578,
	0);
INSERT INTO SM_CH
	VALUES (1048584,
	1048599,
	1048578,
	0,
	'');
INSERT INTO SM_SEME
	VALUES (1048584,
	1048599,
	1048578,
	0);
INSERT INTO SM_CH
	VALUES (1048584,
	1048600,
	1048578,
	0,
	'');
INSERT INTO SM_SEME
	VALUES (1048584,
	1048600,
	1048578,
	0);
INSERT INTO SM_CH
	VALUES (1048584,
	1048601,
	1048578,
	0,
	'');
INSERT INTO SM_SEME
	VALUES (1048584,
	1048601,
	1048578,
	0);
INSERT INTO SM_CH
	VALUES (1048584,
	1048602,
	1048578,
	0,
	'');
INSERT INTO SM_SEME
	VALUES (1048584,
	1048602,
	1048578,
	0);
INSERT INTO SM_MOAH
	VALUES (1048584,
	1048578,
	1048584);
INSERT INTO SM_AH
	VALUES (1048584,
	1048578);
INSERT INTO SM_ACT
	VALUES (1048584,
	1048578,
	1,
	'LOG::LogSuccess(message:"SC.1 Create unique KL no meaning data") ;
generate SCOA15:''goto deletion state for creation states''() to self;',
	'');
INSERT INTO SM_STATE
	VALUES (1048585,
	1048578,
	0,
	'Create object KL meaning no data',
	10,
	0);
INSERT INTO SM_CH
	VALUES (1048585,
	1048577,
	1048578,
	0,
	'');
INSERT INTO SM_SEME
	VALUES (1048585,
	1048577,
	1048578,
	0);
INSERT INTO SM_CH
	VALUES (1048585,
	1048578,
	1048578,
	0,
	'');
INSERT INTO SM_SEME
	VALUES (1048585,
	1048578,
	1048578,
	0);
INSERT INTO SM_CH
	VALUES (1048585,
	1048579,
	1048578,
	0,
	'');
INSERT INTO SM_SEME
	VALUES (1048585,
	1048579,
	1048578,
	0);
INSERT INTO SM_CH
	VALUES (1048585,
	1048580,
	1048578,
	0,
	'');
INSERT INTO SM_SEME
	VALUES (1048585,
	1048580,
	1048578,
	0);
INSERT INTO SM_CH
	VALUES (1048585,
	1048581,
	1048578,
	0,
	'');
INSERT INTO SM_SEME
	VALUES (1048585,
	1048581,
	1048578,
	0);
INSERT INTO SM_CH
	VALUES (1048585,
	1048582,
	1048578,
	0,
	'');
INSERT INTO SM_SEME
	VALUES (1048585,
	1048582,
	1048578,
	0);
INSERT INTO SM_CH
	VALUES (1048585,
	1048583,
	1048578,
	0,
	'');
INSERT INTO SM_SEME
	VALUES (1048585,
	1048583,
	1048578,
	0);
INSERT INTO SM_CH
	VALUES (1048585,
	1048584,
	1048578,
	0,
	'');
INSERT INTO SM_SEME
	VALUES (1048585,
	1048584,
	1048578,
	0);
INSERT INTO SM_CH
	VALUES (1048585,
	1048585,
	1048578,
	0,
	'');
INSERT INTO SM_SEME
	VALUES (1048585,
	1048585,
	1048578,
	0);
INSERT INTO SM_EIGN
	VALUES (1048585,
	1048586,
	1048578,
	0,
	'');
INSERT INTO SM_SEME
	VALUES (1048585,
	1048586,
	1048578,
	0);
INSERT INTO SM_CH
	VALUES (1048585,
	1048587,
	1048578,
	0,
	'');
INSERT INTO SM_SEME
	VALUES (1048585,
	1048587,
	1048578,
	0);
INSERT INTO SM_CH
	VALUES (1048585,
	1048588,
	1048578,
	0,
	'');
INSERT INTO SM_SEME
	VALUES (1048585,
	1048588,
	1048578,
	0);
INSERT INTO SM_CH
	VALUES (1048585,
	1048589,
	1048578,
	0,
	'');
INSERT INTO SM_SEME
	VALUES (1048585,
	1048589,
	1048578,
	0);
INSERT INTO SM_CH
	VALUES (1048585,
	1048590,
	1048578,
	0,
	'');
INSERT INTO SM_SEME
	VALUES (1048585,
	1048590,
	1048578,
	0);
INSERT INTO SM_SEME
	VALUES (1048585,
	1048591,
	1048578,
	0);
INSERT INTO SM_CH
	VALUES (1048585,
	1048592,
	1048578,
	0,
	'');
INSERT INTO SM_SEME
	VALUES (1048585,
	1048592,
	1048578,
	0);
INSERT INTO SM_CH
	VALUES (1048585,
	1048593,
	1048578,
	0,
	'');
INSERT INTO SM_SEME
	VALUES (1048585,
	1048593,
	1048578,
	0);
INSERT INTO SM_CH
	VALUES (1048585,
	1048594,
	1048578,
	0,
	'');
INSERT INTO SM_SEME
	VALUES (1048585,
	1048594,
	1048578,
	0);
INSERT INTO SM_CH
	VALUES (1048585,
	1048595,
	1048578,
	0,
	'');
INSERT INTO SM_SEME
	VALUES (1048585,
	1048595,
	1048578,
	0);
INSERT INTO SM_CH
	VALUES (1048585,
	1048596,
	1048578,
	0,
	'');
INSERT INTO SM_SEME
	VALUES (1048585,
	1048596,
	1048578,
	0);
INSERT INTO SM_CH
	VALUES (1048585,
	1048597,
	1048578,
	0,
	'');
INSERT INTO SM_SEME
	VALUES (1048585,
	1048597,
	1048578,
	0);
INSERT INTO SM_CH
	VALUES (1048585,
	1048598,
	1048578,
	0,
	'');
INSERT INTO SM_SEME
	VALUES (1048585,
	1048598,
	1048578,
	0);
INSERT INTO SM_CH
	VALUES (1048585,
	1048599,
	1048578,
	0,
	'');
INSERT INTO SM_SEME
	VALUES (1048585,
	1048599,
	1048578,
	0);
INSERT INTO SM_CH
	VALUES (1048585,
	1048600,
	1048578,
	0,
	'');
INSERT INTO SM_SEME
	VALUES (1048585,
	1048600,
	1048578,
	0);
INSERT INTO SM_CH
	VALUES (1048585,
	1048601,
	1048578,
	0,
	'');
INSERT INTO SM_SEME
	VALUES (1048585,
	1048601,
	1048578,
	0);
INSERT INTO SM_CH
	VALUES (1048585,
	1048602,
	1048578,
	0,
	'');
INSERT INTO SM_SEME
	VALUES (1048585,
	1048602,
	1048578,
	0);
INSERT INTO SM_MOAH
	VALUES (1048585,
	1048578,
	1048585);
INSERT INTO SM_AH
	VALUES (1048585,
	1048578);
INSERT INTO SM_ACT
	VALUES (1048585,
	1048578,
	1,
	'LOG::LogSuccess(message:"SC.1 Create object KL meaning no data");
generate SCOA15:''goto deletion state for creation states''() to self;',
	'');
INSERT INTO SM_STATE
	VALUES (1048586,
	1048578,
	0,
	'Create object KL no meaning no data',
	11,
	0);
INSERT INTO SM_CH
	VALUES (1048586,
	1048577,
	1048578,
	0,
	'');
INSERT INTO SM_SEME
	VALUES (1048586,
	1048577,
	1048578,
	0);
INSERT INTO SM_CH
	VALUES (1048586,
	1048578,
	1048578,
	0,
	'');
INSERT INTO SM_SEME
	VALUES (1048586,
	1048578,
	1048578,
	0);
INSERT INTO SM_CH
	VALUES (1048586,
	1048579,
	1048578,
	0,
	'');
INSERT INTO SM_SEME
	VALUES (1048586,
	1048579,
	1048578,
	0);
INSERT INTO SM_CH
	VALUES (1048586,
	1048580,
	1048578,
	0,
	'');
INSERT INTO SM_SEME
	VALUES (1048586,
	1048580,
	1048578,
	0);
INSERT INTO SM_CH
	VALUES (1048586,
	1048581,
	1048578,
	0,
	'');
INSERT INTO SM_SEME
	VALUES (1048586,
	1048581,
	1048578,
	0);
INSERT INTO SM_CH
	VALUES (1048586,
	1048582,
	1048578,
	0,
	'');
INSERT INTO SM_SEME
	VALUES (1048586,
	1048582,
	1048578,
	0);
INSERT INTO SM_CH
	VALUES (1048586,
	1048583,
	1048578,
	0,
	'');
INSERT INTO SM_SEME
	VALUES (1048586,
	1048583,
	1048578,
	0);
INSERT INTO SM_CH
	VALUES (1048586,
	1048584,
	1048578,
	0,
	'');
INSERT INTO SM_SEME
	VALUES (1048586,
	1048584,
	1048578,
	0);
INSERT INTO SM_CH
	VALUES (1048586,
	1048585,
	1048578,
	0,
	'');
INSERT INTO SM_SEME
	VALUES (1048586,
	1048585,
	1048578,
	0);
INSERT INTO SM_EIGN
	VALUES (1048586,
	1048586,
	1048578,
	0,
	'');
INSERT INTO SM_SEME
	VALUES (1048586,
	1048586,
	1048578,
	0);
INSERT INTO SM_CH
	VALUES (1048586,
	1048587,
	1048578,
	0,
	'');
INSERT INTO SM_SEME
	VALUES (1048586,
	1048587,
	1048578,
	0);
INSERT INTO SM_CH
	VALUES (1048586,
	1048588,
	1048578,
	0,
	'');
INSERT INTO SM_SEME
	VALUES (1048586,
	1048588,
	1048578,
	0);
INSERT INTO SM_CH
	VALUES (1048586,
	1048589,
	1048578,
	0,
	'');
INSERT INTO SM_SEME
	VALUES (1048586,
	1048589,
	1048578,
	0);
INSERT INTO SM_CH
	VALUES (1048586,
	1048590,
	1048578,
	0,
	'');
INSERT INTO SM_SEME
	VALUES (1048586,
	1048590,
	1048578,
	0);
INSERT INTO SM_SEME
	VALUES (1048586,
	1048591,
	1048578,
	0);
INSERT INTO SM_CH
	VALUES (1048586,
	1048592,
	1048578,
	0,
	'');
INSERT INTO SM_SEME
	VALUES (1048586,
	1048592,
	1048578,
	0);
INSERT INTO SM_CH
	VALUES (1048586,
	1048593,
	1048578,
	0,
	'');
INSERT INTO SM_SEME
	VALUES (1048586,
	1048593,
	1048578,
	0);
INSERT INTO SM_CH
	VALUES (1048586,
	1048594,
	1048578,
	0,
	'');
INSERT INTO SM_SEME
	VALUES (1048586,
	1048594,
	1048578,
	0);
INSERT INTO SM_CH
	VALUES (1048586,
	1048595,
	1048578,
	0,
	'');
INSERT INTO SM_SEME
	VALUES (1048586,
	1048595,
	1048578,
	0);
INSERT INTO SM_CH
	VALUES (1048586,
	1048596,
	1048578,
	0,
	'');
INSERT INTO SM_SEME
	VALUES (1048586,
	1048596,
	1048578,
	0);
INSERT INTO SM_CH
	VALUES (1048586,
	1048597,
	1048578,
	0,
	'');
INSERT INTO SM_SEME
	VALUES (1048586,
	1048597,
	1048578,
	0);
INSERT INTO SM_CH
	VALUES (1048586,
	1048598,
	1048578,
	0,
	'');
INSERT INTO SM_SEME
	VALUES (1048586,
	1048598,
	1048578,
	0);
INSERT INTO SM_CH
	VALUES (1048586,
	1048599,
	1048578,
	0,
	'');
INSERT INTO SM_SEME
	VALUES (1048586,
	1048599,
	1048578,
	0);
INSERT INTO SM_CH
	VALUES (1048586,
	1048600,
	1048578,
	0,
	'');
INSERT INTO SM_SEME
	VALUES (1048586,
	1048600,
	1048578,
	0);
INSERT INTO SM_CH
	VALUES (1048586,
	1048601,
	1048578,
	0,
	'');
INSERT INTO SM_SEME
	VALUES (1048586,
	1048601,
	1048578,
	0);
INSERT INTO SM_CH
	VALUES (1048586,
	1048602,
	1048578,
	0,
	'');
INSERT INTO SM_SEME
	VALUES (1048586,
	1048602,
	1048578,
	0);
INSERT INTO SM_MOAH
	VALUES (1048586,
	1048578,
	1048586);
INSERT INTO SM_AH
	VALUES (1048586,
	1048578);
INSERT INTO SM_ACT
	VALUES (1048586,
	1048578,
	1,
	'LOG::LogSuccess(message:"SC.1 Create object KL no meaning no data");
generate SCOA15:''goto deletion state for creation states''() to self;',
	'');
INSERT INTO SM_STATE
	VALUES (1048587,
	1048578,
	0,
	'Create object KL no meaning data',
	12,
	0);
INSERT INTO SM_CH
	VALUES (1048587,
	1048577,
	1048578,
	0,
	'');
INSERT INTO SM_SEME
	VALUES (1048587,
	1048577,
	1048578,
	0);
INSERT INTO SM_CH
	VALUES (1048587,
	1048578,
	1048578,
	0,
	'');
INSERT INTO SM_SEME
	VALUES (1048587,
	1048578,
	1048578,
	0);
INSERT INTO SM_CH
	VALUES (1048587,
	1048579,
	1048578,
	0,
	'');
INSERT INTO SM_SEME
	VALUES (1048587,
	1048579,
	1048578,
	0);
INSERT INTO SM_CH
	VALUES (1048587,
	1048580,
	1048578,
	0,
	'');
INSERT INTO SM_SEME
	VALUES (1048587,
	1048580,
	1048578,
	0);
INSERT INTO SM_CH
	VALUES (1048587,
	1048581,
	1048578,
	0,
	'');
INSERT INTO SM_SEME
	VALUES (1048587,
	1048581,
	1048578,
	0);
INSERT INTO SM_CH
	VALUES (1048587,
	1048582,
	1048578,
	0,
	'');
INSERT INTO SM_SEME
	VALUES (1048587,
	1048582,
	1048578,
	0);
INSERT INTO SM_CH
	VALUES (1048587,
	1048583,
	1048578,
	0,
	'');
INSERT INTO SM_SEME
	VALUES (1048587,
	1048583,
	1048578,
	0);
INSERT INTO SM_CH
	VALUES (1048587,
	1048584,
	1048578,
	0,
	'');
INSERT INTO SM_SEME
	VALUES (1048587,
	1048584,
	1048578,
	0);
INSERT INTO SM_CH
	VALUES (1048587,
	1048585,
	1048578,
	0,
	'');
INSERT INTO SM_SEME
	VALUES (1048587,
	1048585,
	1048578,
	0);
INSERT INTO SM_EIGN
	VALUES (1048587,
	1048586,
	1048578,
	0,
	'');
INSERT INTO SM_SEME
	VALUES (1048587,
	1048586,
	1048578,
	0);
INSERT INTO SM_CH
	VALUES (1048587,
	1048587,
	1048578,
	0,
	'');
INSERT INTO SM_SEME
	VALUES (1048587,
	1048587,
	1048578,
	0);
INSERT INTO SM_CH
	VALUES (1048587,
	1048588,
	1048578,
	0,
	'');
INSERT INTO SM_SEME
	VALUES (1048587,
	1048588,
	1048578,
	0);
INSERT INTO SM_CH
	VALUES (1048587,
	1048589,
	1048578,
	0,
	'');
INSERT INTO SM_SEME
	VALUES (1048587,
	1048589,
	1048578,
	0);
INSERT INTO SM_CH
	VALUES (1048587,
	1048590,
	1048578,
	0,
	'');
INSERT INTO SM_SEME
	VALUES (1048587,
	1048590,
	1048578,
	0);
INSERT INTO SM_SEME
	VALUES (1048587,
	1048591,
	1048578,
	0);
INSERT INTO SM_CH
	VALUES (1048587,
	1048592,
	1048578,
	0,
	'');
INSERT INTO SM_SEME
	VALUES (1048587,
	1048592,
	1048578,
	0);
INSERT INTO SM_CH
	VALUES (1048587,
	1048593,
	1048578,
	0,
	'');
INSERT INTO SM_SEME
	VALUES (1048587,
	1048593,
	1048578,
	0);
INSERT INTO SM_CH
	VALUES (1048587,
	1048594,
	1048578,
	0,
	'');
INSERT INTO SM_SEME
	VALUES (1048587,
	1048594,
	1048578,
	0);
INSERT INTO SM_CH
	VALUES (1048587,
	1048595,
	1048578,
	0,
	'');
INSERT INTO SM_SEME
	VALUES (1048587,
	1048595,
	1048578,
	0);
INSERT INTO SM_CH
	VALUES (1048587,
	1048596,
	1048578,
	0,
	'');
INSERT INTO SM_SEME
	VALUES (1048587,
	1048596,
	1048578,
	0);
INSERT INTO SM_CH
	VALUES (1048587,
	1048597,
	1048578,
	0,
	'');
INSERT INTO SM_SEME
	VALUES (1048587,
	1048597,
	1048578,
	0);
INSERT INTO SM_CH
	VALUES (1048587,
	1048598,
	1048578,
	0,
	'');
INSERT INTO SM_SEME
	VALUES (1048587,
	1048598,
	1048578,
	0);
INSERT INTO SM_CH
	VALUES (1048587,
	1048599,
	1048578,
	0,
	'');
INSERT INTO SM_SEME
	VALUES (1048587,
	1048599,
	1048578,
	0);
INSERT INTO SM_CH
	VALUES (1048587,
	1048600,
	1048578,
	0,
	'');
INSERT INTO SM_SEME
	VALUES (1048587,
	1048600,
	1048578,
	0);
INSERT INTO SM_CH
	VALUES (1048587,
	1048601,
	1048578,
	0,
	'');
INSERT INTO SM_SEME
	VALUES (1048587,
	1048601,
	1048578,
	0);
INSERT INTO SM_CH
	VALUES (1048587,
	1048602,
	1048578,
	0,
	'');
INSERT INTO SM_SEME
	VALUES (1048587,
	1048602,
	1048578,
	0);
INSERT INTO SM_MOAH
	VALUES (1048587,
	1048578,
	1048587);
INSERT INTO SM_AH
	VALUES (1048587,
	1048578);
INSERT INTO SM_ACT
	VALUES (1048587,
	1048578,
	1,
	'LOG::LogSuccess(message:"SC.1 Create object KL no meaning data");
generate SCOA15:''goto deletion state for creation states''() to self;',
	'');
INSERT INTO SM_STATE
	VALUES (1048588,
	1048578,
	0,
	'Create object KL meaning data',
	13,
	0);
INSERT INTO SM_CH
	VALUES (1048588,
	1048577,
	1048578,
	0,
	'');
INSERT INTO SM_SEME
	VALUES (1048588,
	1048577,
	1048578,
	0);
INSERT INTO SM_CH
	VALUES (1048588,
	1048578,
	1048578,
	0,
	'');
INSERT INTO SM_SEME
	VALUES (1048588,
	1048578,
	1048578,
	0);
INSERT INTO SM_CH
	VALUES (1048588,
	1048579,
	1048578,
	0,
	'');
INSERT INTO SM_SEME
	VALUES (1048588,
	1048579,
	1048578,
	0);
INSERT INTO SM_CH
	VALUES (1048588,
	1048580,
	1048578,
	0,
	'');
INSERT INTO SM_SEME
	VALUES (1048588,
	1048580,
	1048578,
	0);
INSERT INTO SM_CH
	VALUES (1048588,
	1048581,
	1048578,
	0,
	'');
INSERT INTO SM_SEME
	VALUES (1048588,
	1048581,
	1048578,
	0);
INSERT INTO SM_CH
	VALUES (1048588,
	1048582,
	1048578,
	0,
	'');
INSERT INTO SM_SEME
	VALUES (1048588,
	1048582,
	1048578,
	0);
INSERT INTO SM_CH
	VALUES (1048588,
	1048583,
	1048578,
	0,
	'');
INSERT INTO SM_SEME
	VALUES (1048588,
	1048583,
	1048578,
	0);
INSERT INTO SM_CH
	VALUES (1048588,
	1048584,
	1048578,
	0,
	'');
INSERT INTO SM_SEME
	VALUES (1048588,
	1048584,
	1048578,
	0);
INSERT INTO SM_CH
	VALUES (1048588,
	1048585,
	1048578,
	0,
	'');
INSERT INTO SM_SEME
	VALUES (1048588,
	1048585,
	1048578,
	0);
INSERT INTO SM_EIGN
	VALUES (1048588,
	1048586,
	1048578,
	0,
	'');
INSERT INTO SM_SEME
	VALUES (1048588,
	1048586,
	1048578,
	0);
INSERT INTO SM_CH
	VALUES (1048588,
	1048587,
	1048578,
	0,
	'');
INSERT INTO SM_SEME
	VALUES (1048588,
	1048587,
	1048578,
	0);
INSERT INTO SM_CH
	VALUES (1048588,
	1048588,
	1048578,
	0,
	'');
INSERT INTO SM_SEME
	VALUES (1048588,
	1048588,
	1048578,
	0);
INSERT INTO SM_CH
	VALUES (1048588,
	1048589,
	1048578,
	0,
	'');
INSERT INTO SM_SEME
	VALUES (1048588,
	1048589,
	1048578,
	0);
INSERT INTO SM_CH
	VALUES (1048588,
	1048590,
	1048578,
	0,
	'');
INSERT INTO SM_SEME
	VALUES (1048588,
	1048590,
	1048578,
	0);
INSERT INTO SM_SEME
	VALUES (1048588,
	1048591,
	1048578,
	0);
INSERT INTO SM_CH
	VALUES (1048588,
	1048592,
	1048578,
	0,
	'');
INSERT INTO SM_SEME
	VALUES (1048588,
	1048592,
	1048578,
	0);
INSERT INTO SM_CH
	VALUES (1048588,
	1048593,
	1048578,
	0,
	'');
INSERT INTO SM_SEME
	VALUES (1048588,
	1048593,
	1048578,
	0);
INSERT INTO SM_CH
	VALUES (1048588,
	1048594,
	1048578,
	0,
	'');
INSERT INTO SM_SEME
	VALUES (1048588,
	1048594,
	1048578,
	0);
INSERT INTO SM_CH
	VALUES (1048588,
	1048595,
	1048578,
	0,
	'');
INSERT INTO SM_SEME
	VALUES (1048588,
	1048595,
	1048578,
	0);
INSERT INTO SM_CH
	VALUES (1048588,
	1048596,
	1048578,
	0,
	'');
INSERT INTO SM_SEME
	VALUES (1048588,
	1048596,
	1048578,
	0);
INSERT INTO SM_CH
	VALUES (1048588,
	1048597,
	1048578,
	0,
	'');
INSERT INTO SM_SEME
	VALUES (1048588,
	1048597,
	1048578,
	0);
INSERT INTO SM_CH
	VALUES (1048588,
	1048598,
	1048578,
	0,
	'');
INSERT INTO SM_SEME
	VALUES (1048588,
	1048598,
	1048578,
	0);
INSERT INTO SM_CH
	VALUES (1048588,
	1048599,
	1048578,
	0,
	'');
INSERT INTO SM_SEME
	VALUES (1048588,
	1048599,
	1048578,
	0);
INSERT INTO SM_CH
	VALUES (1048588,
	1048600,
	1048578,
	0,
	'');
INSERT INTO SM_SEME
	VALUES (1048588,
	1048600,
	1048578,
	0);
INSERT INTO SM_CH
	VALUES (1048588,
	1048601,
	1048578,
	0,
	'');
INSERT INTO SM_SEME
	VALUES (1048588,
	1048601,
	1048578,
	0);
INSERT INTO SM_CH
	VALUES (1048588,
	1048602,
	1048578,
	0,
	'');
INSERT INTO SM_SEME
	VALUES (1048588,
	1048602,
	1048578,
	0);
INSERT INTO SM_MOAH
	VALUES (1048588,
	1048578,
	1048588);
INSERT INTO SM_AH
	VALUES (1048588,
	1048578);
INSERT INTO SM_ACT
	VALUES (1048588,
	1048578,
	1,
	'LOG::LogSuccess(message:"SC.1 Create object KL meaning data") ;
generate SCOA15:''goto deletion state for creation states''() to self;',
	'');
INSERT INTO SM_STATE
	VALUES (1048589,
	1048578,
	0,
	'Creation unique KL meaning no data',
	14,
	0);
INSERT INTO SM_CH
	VALUES (1048589,
	1048577,
	1048578,
	0,
	'');
INSERT INTO SM_SEME
	VALUES (1048589,
	1048577,
	1048578,
	0);
INSERT INTO SM_CH
	VALUES (1048589,
	1048578,
	1048578,
	0,
	'');
INSERT INTO SM_SEME
	VALUES (1048589,
	1048578,
	1048578,
	0);
INSERT INTO SM_CH
	VALUES (1048589,
	1048579,
	1048578,
	0,
	'');
INSERT INTO SM_SEME
	VALUES (1048589,
	1048579,
	1048578,
	0);
INSERT INTO SM_CH
	VALUES (1048589,
	1048580,
	1048578,
	0,
	'');
INSERT INTO SM_SEME
	VALUES (1048589,
	1048580,
	1048578,
	0);
INSERT INTO SM_CH
	VALUES (1048589,
	1048581,
	1048578,
	0,
	'');
INSERT INTO SM_SEME
	VALUES (1048589,
	1048581,
	1048578,
	0);
INSERT INTO SM_CH
	VALUES (1048589,
	1048582,
	1048578,
	0,
	'');
INSERT INTO SM_SEME
	VALUES (1048589,
	1048582,
	1048578,
	0);
INSERT INTO SM_CH
	VALUES (1048589,
	1048583,
	1048578,
	0,
	'');
INSERT INTO SM_SEME
	VALUES (1048589,
	1048583,
	1048578,
	0);
INSERT INTO SM_CH
	VALUES (1048589,
	1048584,
	1048578,
	0,
	'');
INSERT INTO SM_SEME
	VALUES (1048589,
	1048584,
	1048578,
	0);
INSERT INTO SM_EIGN
	VALUES (1048589,
	1048585,
	1048578,
	0,
	'');
INSERT INTO SM_SEME
	VALUES (1048589,
	1048585,
	1048578,
	0);
INSERT INTO SM_CH
	VALUES (1048589,
	1048586,
	1048578,
	0,
	'');
INSERT INTO SM_SEME
	VALUES (1048589,
	1048586,
	1048578,
	0);
INSERT INTO SM_CH
	VALUES (1048589,
	1048587,
	1048578,
	0,
	'');
INSERT INTO SM_SEME
	VALUES (1048589,
	1048587,
	1048578,
	0);
INSERT INTO SM_EIGN
	VALUES (1048589,
	1048588,
	1048578,
	0,
	'');
INSERT INTO SM_SEME
	VALUES (1048589,
	1048588,
	1048578,
	0);
INSERT INTO SM_CH
	VALUES (1048589,
	1048589,
	1048578,
	0,
	'');
INSERT INTO SM_SEME
	VALUES (1048589,
	1048589,
	1048578,
	0);
INSERT INTO SM_CH
	VALUES (1048589,
	1048590,
	1048578,
	0,
	'');
INSERT INTO SM_SEME
	VALUES (1048589,
	1048590,
	1048578,
	0);
INSERT INTO SM_SEME
	VALUES (1048589,
	1048591,
	1048578,
	0);
INSERT INTO SM_CH
	VALUES (1048589,
	1048592,
	1048578,
	0,
	'');
INSERT INTO SM_SEME
	VALUES (1048589,
	1048592,
	1048578,
	0);
INSERT INTO SM_CH
	VALUES (1048589,
	1048593,
	1048578,
	0,
	'');
INSERT INTO SM_SEME
	VALUES (1048589,
	1048593,
	1048578,
	0);
INSERT INTO SM_CH
	VALUES (1048589,
	1048594,
	1048578,
	0,
	'');
INSERT INTO SM_SEME
	VALUES (1048589,
	1048594,
	1048578,
	0);
INSERT INTO SM_CH
	VALUES (1048589,
	1048595,
	1048578,
	0,
	'');
INSERT INTO SM_SEME
	VALUES (1048589,
	1048595,
	1048578,
	0);
INSERT INTO SM_CH
	VALUES (1048589,
	1048596,
	1048578,
	0,
	'');
INSERT INTO SM_SEME
	VALUES (1048589,
	1048596,
	1048578,
	0);
INSERT INTO SM_CH
	VALUES (1048589,
	1048597,
	1048578,
	0,
	'');
INSERT INTO SM_SEME
	VALUES (1048589,
	1048597,
	1048578,
	0);
INSERT INTO SM_CH
	VALUES (1048589,
	1048598,
	1048578,
	0,
	'');
INSERT INTO SM_SEME
	VALUES (1048589,
	1048598,
	1048578,
	0);
INSERT INTO SM_CH
	VALUES (1048589,
	1048599,
	1048578,
	0,
	'');
INSERT INTO SM_SEME
	VALUES (1048589,
	1048599,
	1048578,
	0);
INSERT INTO SM_CH
	VALUES (1048589,
	1048600,
	1048578,
	0,
	'');
INSERT INTO SM_SEME
	VALUES (1048589,
	1048600,
	1048578,
	0);
INSERT INTO SM_CH
	VALUES (1048589,
	1048601,
	1048578,
	0,
	'');
INSERT INTO SM_SEME
	VALUES (1048589,
	1048601,
	1048578,
	0);
INSERT INTO SM_CH
	VALUES (1048589,
	1048602,
	1048578,
	0,
	'');
INSERT INTO SM_SEME
	VALUES (1048589,
	1048602,
	1048578,
	0);
INSERT INTO SM_MOAH
	VALUES (1048589,
	1048578,
	1048589);
INSERT INTO SM_AH
	VALUES (1048589,
	1048578);
INSERT INTO SM_ACT
	VALUES (1048589,
	1048578,
	1,
	'LOG::LogSuccess(message:"SC.1 Create unique KL meaning no data") ;
generate SCOA15:''goto deletion state for creation states''() to self;',
	'');
INSERT INTO SM_STATE
	VALUES (1048590,
	1048578,
	0,
	'Deletion State for Creation States',
	15,
	1);
INSERT INTO SM_CH
	VALUES (1048590,
	1048577,
	1048578,
	0,
	'');
INSERT INTO SM_SEME
	VALUES (1048590,
	1048577,
	1048578,
	0);
INSERT INTO SM_CH
	VALUES (1048590,
	1048578,
	1048578,
	0,
	'');
INSERT INTO SM_SEME
	VALUES (1048590,
	1048578,
	1048578,
	0);
INSERT INTO SM_CH
	VALUES (1048590,
	1048579,
	1048578,
	0,
	'');
INSERT INTO SM_SEME
	VALUES (1048590,
	1048579,
	1048578,
	0);
INSERT INTO SM_CH
	VALUES (1048590,
	1048580,
	1048578,
	0,
	'');
INSERT INTO SM_SEME
	VALUES (1048590,
	1048580,
	1048578,
	0);
INSERT INTO SM_CH
	VALUES (1048590,
	1048581,
	1048578,
	0,
	'');
INSERT INTO SM_SEME
	VALUES (1048590,
	1048581,
	1048578,
	0);
INSERT INTO SM_CH
	VALUES (1048590,
	1048582,
	1048578,
	0,
	'');
INSERT INTO SM_SEME
	VALUES (1048590,
	1048582,
	1048578,
	0);
INSERT INTO SM_CH
	VALUES (1048590,
	1048583,
	1048578,
	0,
	'');
INSERT INTO SM_SEME
	VALUES (1048590,
	1048583,
	1048578,
	0);
INSERT INTO SM_CH
	VALUES (1048590,
	1048584,
	1048578,
	0,
	'');
INSERT INTO SM_SEME
	VALUES (1048590,
	1048584,
	1048578,
	0);
INSERT INTO SM_CH
	VALUES (1048590,
	1048585,
	1048578,
	0,
	'');
INSERT INTO SM_SEME
	VALUES (1048590,
	1048585,
	1048578,
	0);
INSERT INTO SM_CH
	VALUES (1048590,
	1048586,
	1048578,
	0,
	'');
INSERT INTO SM_SEME
	VALUES (1048590,
	1048586,
	1048578,
	0);
INSERT INTO SM_CH
	VALUES (1048590,
	1048587,
	1048578,
	0,
	'');
INSERT INTO SM_SEME
	VALUES (1048590,
	1048587,
	1048578,
	0);
INSERT INTO SM_CH
	VALUES (1048590,
	1048588,
	1048578,
	0,
	'');
INSERT INTO SM_SEME
	VALUES (1048590,
	1048588,
	1048578,
	0);
INSERT INTO SM_CH
	VALUES (1048590,
	1048589,
	1048578,
	0,
	'');
INSERT INTO SM_SEME
	VALUES (1048590,
	1048589,
	1048578,
	0);
INSERT INTO SM_CH
	VALUES (1048590,
	1048590,
	1048578,
	0,
	'');
INSERT INTO SM_SEME
	VALUES (1048590,
	1048590,
	1048578,
	0);
INSERT INTO SM_CH
	VALUES (1048590,
	1048591,
	1048578,
	0,
	'');
INSERT INTO SM_SEME
	VALUES (1048590,
	1048591,
	1048578,
	0);
INSERT INTO SM_CH
	VALUES (1048590,
	1048592,
	1048578,
	0,
	'');
INSERT INTO SM_SEME
	VALUES (1048590,
	1048592,
	1048578,
	0);
INSERT INTO SM_CH
	VALUES (1048590,
	1048593,
	1048578,
	0,
	'');
INSERT INTO SM_SEME
	VALUES (1048590,
	1048593,
	1048578,
	0);
INSERT INTO SM_CH
	VALUES (1048590,
	1048594,
	1048578,
	0,
	'');
INSERT INTO SM_SEME
	VALUES (1048590,
	1048594,
	1048578,
	0);
INSERT INTO SM_CH
	VALUES (1048590,
	1048595,
	1048578,
	0,
	'');
INSERT INTO SM_SEME
	VALUES (1048590,
	1048595,
	1048578,
	0);
INSERT INTO SM_CH
	VALUES (1048590,
	1048596,
	1048578,
	0,
	'');
INSERT INTO SM_SEME
	VALUES (1048590,
	1048596,
	1048578,
	0);
INSERT INTO SM_CH
	VALUES (1048590,
	1048597,
	1048578,
	0,
	'');
INSERT INTO SM_SEME
	VALUES (1048590,
	1048597,
	1048578,
	0);
INSERT INTO SM_CH
	VALUES (1048590,
	1048598,
	1048578,
	0,
	'');
INSERT INTO SM_SEME
	VALUES (1048590,
	1048598,
	1048578,
	0);
INSERT INTO SM_CH
	VALUES (1048590,
	1048599,
	1048578,
	0,
	'');
INSERT INTO SM_SEME
	VALUES (1048590,
	1048599,
	1048578,
	0);
INSERT INTO SM_CH
	VALUES (1048590,
	1048600,
	1048578,
	0,
	'');
INSERT INTO SM_SEME
	VALUES (1048590,
	1048600,
	1048578,
	0);
INSERT INTO SM_CH
	VALUES (1048590,
	1048601,
	1048578,
	0,
	'');
INSERT INTO SM_SEME
	VALUES (1048590,
	1048601,
	1048578,
	0);
INSERT INTO SM_CH
	VALUES (1048590,
	1048602,
	1048578,
	0,
	'');
INSERT INTO SM_SEME
	VALUES (1048590,
	1048602,
	1048578,
	0);
INSERT INTO SM_MOAH
	VALUES (1048590,
	1048578,
	1048590);
INSERT INTO SM_AH
	VALUES (1048590,
	1048578);
INSERT INTO SM_ACT
	VALUES (1048590,
	1048578,
	1,
	'LOG::LogSuccess(message:"SC.1: Deletion State for Creation States") ;
',
	'');
INSERT INTO SM_STATE
	VALUES (1048591,
	1048578,
	0,
	'generate event to self using self',
	16,
	0);
INSERT INTO SM_CH
	VALUES (1048591,
	1048577,
	1048578,
	0,
	'');
INSERT INTO SM_SEME
	VALUES (1048591,
	1048577,
	1048578,
	0);
INSERT INTO SM_CH
	VALUES (1048591,
	1048578,
	1048578,
	0,
	'');
INSERT INTO SM_SEME
	VALUES (1048591,
	1048578,
	1048578,
	0);
INSERT INTO SM_CH
	VALUES (1048591,
	1048579,
	1048578,
	0,
	'');
INSERT INTO SM_SEME
	VALUES (1048591,
	1048579,
	1048578,
	0);
INSERT INTO SM_CH
	VALUES (1048591,
	1048580,
	1048578,
	0,
	'');
INSERT INTO SM_SEME
	VALUES (1048591,
	1048580,
	1048578,
	0);
INSERT INTO SM_CH
	VALUES (1048591,
	1048581,
	1048578,
	0,
	'');
INSERT INTO SM_SEME
	VALUES (1048591,
	1048581,
	1048578,
	0);
INSERT INTO SM_CH
	VALUES (1048591,
	1048582,
	1048578,
	0,
	'');
INSERT INTO SM_SEME
	VALUES (1048591,
	1048582,
	1048578,
	0);
INSERT INTO SM_CH
	VALUES (1048591,
	1048583,
	1048578,
	0,
	'');
INSERT INTO SM_SEME
	VALUES (1048591,
	1048583,
	1048578,
	0);
INSERT INTO SM_CH
	VALUES (1048591,
	1048584,
	1048578,
	0,
	'');
INSERT INTO SM_SEME
	VALUES (1048591,
	1048584,
	1048578,
	0);
INSERT INTO SM_CH
	VALUES (1048591,
	1048585,
	1048578,
	0,
	'');
INSERT INTO SM_SEME
	VALUES (1048591,
	1048585,
	1048578,
	0);
INSERT INTO SM_CH
	VALUES (1048591,
	1048586,
	1048578,
	0,
	'');
INSERT INTO SM_SEME
	VALUES (1048591,
	1048586,
	1048578,
	0);
INSERT INTO SM_CH
	VALUES (1048591,
	1048587,
	1048578,
	0,
	'');
INSERT INTO SM_SEME
	VALUES (1048591,
	1048587,
	1048578,
	0);
INSERT INTO SM_CH
	VALUES (1048591,
	1048588,
	1048578,
	0,
	'');
INSERT INTO SM_SEME
	VALUES (1048591,
	1048588,
	1048578,
	0);
INSERT INTO SM_CH
	VALUES (1048591,
	1048589,
	1048578,
	0,
	'');
INSERT INTO SM_SEME
	VALUES (1048591,
	1048589,
	1048578,
	0);
INSERT INTO SM_CH
	VALUES (1048591,
	1048590,
	1048578,
	0,
	'');
INSERT INTO SM_SEME
	VALUES (1048591,
	1048590,
	1048578,
	0);
INSERT INTO SM_CH
	VALUES (1048591,
	1048591,
	1048578,
	0,
	'');
INSERT INTO SM_SEME
	VALUES (1048591,
	1048591,
	1048578,
	0);
INSERT INTO SM_CH
	VALUES (1048591,
	1048592,
	1048578,
	0,
	'');
INSERT INTO SM_SEME
	VALUES (1048591,
	1048592,
	1048578,
	0);
INSERT INTO SM_CH
	VALUES (1048591,
	1048593,
	1048578,
	0,
	'');
INSERT INTO SM_SEME
	VALUES (1048591,
	1048593,
	1048578,
	0);
INSERT INTO SM_EIGN
	VALUES (1048591,
	1048594,
	1048578,
	0,
	'');
INSERT INTO SM_SEME
	VALUES (1048591,
	1048594,
	1048578,
	0);
INSERT INTO SM_CH
	VALUES (1048591,
	1048595,
	1048578,
	0,
	'');
INSERT INTO SM_SEME
	VALUES (1048591,
	1048595,
	1048578,
	0);
INSERT INTO SM_CH
	VALUES (1048591,
	1048596,
	1048578,
	0,
	'');
INSERT INTO SM_SEME
	VALUES (1048591,
	1048596,
	1048578,
	0);
INSERT INTO SM_SEME
	VALUES (1048591,
	1048597,
	1048578,
	0);
INSERT INTO SM_CH
	VALUES (1048591,
	1048598,
	1048578,
	0,
	'');
INSERT INTO SM_SEME
	VALUES (1048591,
	1048598,
	1048578,
	0);
INSERT INTO SM_CH
	VALUES (1048591,
	1048599,
	1048578,
	0,
	'');
INSERT INTO SM_SEME
	VALUES (1048591,
	1048599,
	1048578,
	0);
INSERT INTO SM_CH
	VALUES (1048591,
	1048600,
	1048578,
	0,
	'');
INSERT INTO SM_SEME
	VALUES (1048591,
	1048600,
	1048578,
	0);
INSERT INTO SM_CH
	VALUES (1048591,
	1048601,
	1048578,
	0,
	'');
INSERT INTO SM_SEME
	VALUES (1048591,
	1048601,
	1048578,
	0);
INSERT INTO SM_CH
	VALUES (1048591,
	1048602,
	1048578,
	0,
	'');
INSERT INTO SM_SEME
	VALUES (1048591,
	1048602,
	1048578,
	0);
INSERT INTO SM_MOAH
	VALUES (1048591,
	1048578,
	1048591);
INSERT INTO SM_AH
	VALUES (1048591,
	1048578);
INSERT INTO SM_ACT
	VALUES (1048591,
	1048578,
	1,
	'LOG::LogSuccess(message:"generate event to self using self") ;
generate SCOA21:''scoa_event''() to self;',
	'');
INSERT INTO SM_STATE
	VALUES (1048592,
	1048578,
	0,
	'generate event to self using self_inst_ref',
	17,
	0);
INSERT INTO SM_CH
	VALUES (1048592,
	1048577,
	1048578,
	0,
	'');
INSERT INTO SM_SEME
	VALUES (1048592,
	1048577,
	1048578,
	0);
INSERT INTO SM_CH
	VALUES (1048592,
	1048578,
	1048578,
	0,
	'');
INSERT INTO SM_SEME
	VALUES (1048592,
	1048578,
	1048578,
	0);
INSERT INTO SM_CH
	VALUES (1048592,
	1048579,
	1048578,
	0,
	'');
INSERT INTO SM_SEME
	VALUES (1048592,
	1048579,
	1048578,
	0);
INSERT INTO SM_CH
	VALUES (1048592,
	1048580,
	1048578,
	0,
	'');
INSERT INTO SM_SEME
	VALUES (1048592,
	1048580,
	1048578,
	0);
INSERT INTO SM_CH
	VALUES (1048592,
	1048581,
	1048578,
	0,
	'');
INSERT INTO SM_SEME
	VALUES (1048592,
	1048581,
	1048578,
	0);
INSERT INTO SM_CH
	VALUES (1048592,
	1048582,
	1048578,
	0,
	'');
INSERT INTO SM_SEME
	VALUES (1048592,
	1048582,
	1048578,
	0);
INSERT INTO SM_CH
	VALUES (1048592,
	1048583,
	1048578,
	0,
	'');
INSERT INTO SM_SEME
	VALUES (1048592,
	1048583,
	1048578,
	0);
INSERT INTO SM_CH
	VALUES (1048592,
	1048584,
	1048578,
	0,
	'');
INSERT INTO SM_SEME
	VALUES (1048592,
	1048584,
	1048578,
	0);
INSERT INTO SM_CH
	VALUES (1048592,
	1048585,
	1048578,
	0,
	'');
INSERT INTO SM_SEME
	VALUES (1048592,
	1048585,
	1048578,
	0);
INSERT INTO SM_CH
	VALUES (1048592,
	1048586,
	1048578,
	0,
	'');
INSERT INTO SM_SEME
	VALUES (1048592,
	1048586,
	1048578,
	0);
INSERT INTO SM_CH
	VALUES (1048592,
	1048587,
	1048578,
	0,
	'');
INSERT INTO SM_SEME
	VALUES (1048592,
	1048587,
	1048578,
	0);
INSERT INTO SM_CH
	VALUES (1048592,
	1048588,
	1048578,
	0,
	'');
INSERT INTO SM_SEME
	VALUES (1048592,
	1048588,
	1048578,
	0);
INSERT INTO SM_CH
	VALUES (1048592,
	1048589,
	1048578,
	0,
	'');
INSERT INTO SM_SEME
	VALUES (1048592,
	1048589,
	1048578,
	0);
INSERT INTO SM_CH
	VALUES (1048592,
	1048590,
	1048578,
	0,
	'');
INSERT INTO SM_SEME
	VALUES (1048592,
	1048590,
	1048578,
	0);
INSERT INTO SM_CH
	VALUES (1048592,
	1048591,
	1048578,
	0,
	'');
INSERT INTO SM_SEME
	VALUES (1048592,
	1048591,
	1048578,
	0);
INSERT INTO SM_CH
	VALUES (1048592,
	1048592,
	1048578,
	0,
	'');
INSERT INTO SM_SEME
	VALUES (1048592,
	1048592,
	1048578,
	0);
INSERT INTO SM_EIGN
	VALUES (1048592,
	1048593,
	1048578,
	0,
	'');
INSERT INTO SM_SEME
	VALUES (1048592,
	1048593,
	1048578,
	0);
INSERT INTO SM_CH
	VALUES (1048592,
	1048594,
	1048578,
	0,
	'');
INSERT INTO SM_SEME
	VALUES (1048592,
	1048594,
	1048578,
	0);
INSERT INTO SM_EIGN
	VALUES (1048592,
	1048595,
	1048578,
	0,
	'');
INSERT INTO SM_SEME
	VALUES (1048592,
	1048595,
	1048578,
	0);
INSERT INTO SM_EIGN
	VALUES (1048592,
	1048596,
	1048578,
	0,
	'');
INSERT INTO SM_SEME
	VALUES (1048592,
	1048596,
	1048578,
	0);
INSERT INTO SM_CH
	VALUES (1048592,
	1048597,
	1048578,
	0,
	'');
INSERT INTO SM_SEME
	VALUES (1048592,
	1048597,
	1048578,
	0);
INSERT INTO SM_SEME
	VALUES (1048592,
	1048598,
	1048578,
	0);
INSERT INTO SM_CH
	VALUES (1048592,
	1048599,
	1048578,
	0,
	'');
INSERT INTO SM_SEME
	VALUES (1048592,
	1048599,
	1048578,
	0);
INSERT INTO SM_CH
	VALUES (1048592,
	1048600,
	1048578,
	0,
	'');
INSERT INTO SM_SEME
	VALUES (1048592,
	1048600,
	1048578,
	0);
INSERT INTO SM_CH
	VALUES (1048592,
	1048601,
	1048578,
	0,
	'');
INSERT INTO SM_SEME
	VALUES (1048592,
	1048601,
	1048578,
	0);
INSERT INTO SM_CH
	VALUES (1048592,
	1048602,
	1048578,
	0,
	'');
INSERT INTO SM_SEME
	VALUES (1048592,
	1048602,
	1048578,
	0);
INSERT INTO SM_MOAH
	VALUES (1048592,
	1048578,
	1048592);
INSERT INTO SM_AH
	VALUES (1048592,
	1048578);
INSERT INTO SM_ACT
	VALUES (1048592,
	1048578,
	1,
	'LOG::LogSuccess(message:"generate event to self using self_inst_ref") ;
select many scoas from instances of SCOA;
assign found = FALSE;
for each scoa in scoas
  if (found == FALSE)
    if (scoa.scoa_id == self.scoa_id)
      assign found = TRUE;
      generate SCOA22:''scoa_event_no_data''() to scoa;
    end if;
   end if;
end for;
',
	'');
INSERT INTO SM_STATE
	VALUES (1048593,
	1048578,
	0,
	'create event instance and gen to self',
	18,
	0);
INSERT INTO SM_CH
	VALUES (1048593,
	1048577,
	1048578,
	0,
	'');
INSERT INTO SM_SEME
	VALUES (1048593,
	1048577,
	1048578,
	0);
INSERT INTO SM_CH
	VALUES (1048593,
	1048578,
	1048578,
	0,
	'');
INSERT INTO SM_SEME
	VALUES (1048593,
	1048578,
	1048578,
	0);
INSERT INTO SM_CH
	VALUES (1048593,
	1048579,
	1048578,
	0,
	'');
INSERT INTO SM_SEME
	VALUES (1048593,
	1048579,
	1048578,
	0);
INSERT INTO SM_CH
	VALUES (1048593,
	1048580,
	1048578,
	0,
	'');
INSERT INTO SM_SEME
	VALUES (1048593,
	1048580,
	1048578,
	0);
INSERT INTO SM_CH
	VALUES (1048593,
	1048581,
	1048578,
	0,
	'');
INSERT INTO SM_SEME
	VALUES (1048593,
	1048581,
	1048578,
	0);
INSERT INTO SM_CH
	VALUES (1048593,
	1048582,
	1048578,
	0,
	'');
INSERT INTO SM_SEME
	VALUES (1048593,
	1048582,
	1048578,
	0);
INSERT INTO SM_CH
	VALUES (1048593,
	1048583,
	1048578,
	0,
	'');
INSERT INTO SM_SEME
	VALUES (1048593,
	1048583,
	1048578,
	0);
INSERT INTO SM_CH
	VALUES (1048593,
	1048584,
	1048578,
	0,
	'');
INSERT INTO SM_SEME
	VALUES (1048593,
	1048584,
	1048578,
	0);
INSERT INTO SM_CH
	VALUES (1048593,
	1048585,
	1048578,
	0,
	'');
INSERT INTO SM_SEME
	VALUES (1048593,
	1048585,
	1048578,
	0);
INSERT INTO SM_CH
	VALUES (1048593,
	1048586,
	1048578,
	0,
	'');
INSERT INTO SM_SEME
	VALUES (1048593,
	1048586,
	1048578,
	0);
INSERT INTO SM_CH
	VALUES (1048593,
	1048587,
	1048578,
	0,
	'');
INSERT INTO SM_SEME
	VALUES (1048593,
	1048587,
	1048578,
	0);
INSERT INTO SM_CH
	VALUES (1048593,
	1048588,
	1048578,
	0,
	'');
INSERT INTO SM_SEME
	VALUES (1048593,
	1048588,
	1048578,
	0);
INSERT INTO SM_CH
	VALUES (1048593,
	1048589,
	1048578,
	0,
	'');
INSERT INTO SM_SEME
	VALUES (1048593,
	1048589,
	1048578,
	0);
INSERT INTO SM_CH
	VALUES (1048593,
	1048590,
	1048578,
	0,
	'');
INSERT INTO SM_SEME
	VALUES (1048593,
	1048590,
	1048578,
	0);
INSERT INTO SM_CH
	VALUES (1048593,
	1048591,
	1048578,
	0,
	'');
INSERT INTO SM_SEME
	VALUES (1048593,
	1048591,
	1048578,
	0);
INSERT INTO SM_CH
	VALUES (1048593,
	1048592,
	1048578,
	0,
	'');
INSERT INTO SM_SEME
	VALUES (1048593,
	1048592,
	1048578,
	0);
INSERT INTO SM_CH
	VALUES (1048593,
	1048593,
	1048578,
	0,
	'');
INSERT INTO SM_SEME
	VALUES (1048593,
	1048593,
	1048578,
	0);
INSERT INTO SM_CH
	VALUES (1048593,
	1048594,
	1048578,
	0,
	'');
INSERT INTO SM_SEME
	VALUES (1048593,
	1048594,
	1048578,
	0);
INSERT INTO SM_EIGN
	VALUES (1048593,
	1048595,
	1048578,
	0,
	'');
INSERT INTO SM_SEME
	VALUES (1048593,
	1048595,
	1048578,
	0);
INSERT INTO SM_CH
	VALUES (1048593,
	1048596,
	1048578,
	0,
	'');
INSERT INTO SM_SEME
	VALUES (1048593,
	1048596,
	1048578,
	0);
INSERT INTO SM_CH
	VALUES (1048593,
	1048597,
	1048578,
	0,
	'');
INSERT INTO SM_SEME
	VALUES (1048593,
	1048597,
	1048578,
	0);
INSERT INTO SM_CH
	VALUES (1048593,
	1048598,
	1048578,
	0,
	'');
INSERT INTO SM_SEME
	VALUES (1048593,
	1048598,
	1048578,
	0);
INSERT INTO SM_SEME
	VALUES (1048593,
	1048599,
	1048578,
	0);
INSERT INTO SM_CH
	VALUES (1048593,
	1048600,
	1048578,
	0,
	'');
INSERT INTO SM_SEME
	VALUES (1048593,
	1048600,
	1048578,
	0);
INSERT INTO SM_CH
	VALUES (1048593,
	1048601,
	1048578,
	0,
	'');
INSERT INTO SM_SEME
	VALUES (1048593,
	1048601,
	1048578,
	0);
INSERT INTO SM_CH
	VALUES (1048593,
	1048602,
	1048578,
	0,
	'');
INSERT INTO SM_SEME
	VALUES (1048593,
	1048602,
	1048578,
	0);
INSERT INTO SM_MOAH
	VALUES (1048593,
	1048578,
	1048593);
INSERT INTO SM_AH
	VALUES (1048593,
	1048578);
INSERT INTO SM_ACT
	VALUES (1048593,
	1048578,
	1,
	'LOG::LogSuccess(message:"SC.1: create event instance and gen to self");
create event instance ev1  of SCOA23:''check received event data''(b:FALSE,i:10,r:13.3,s:"rah",u:self.scoa_id) to self;

generate ev1;',
	'');
INSERT INTO SM_STATE
	VALUES (1048594,
	1048578,
	0,
	'create event instance and gen to self_inst_ref',
	19,
	0);
INSERT INTO SM_CH
	VALUES (1048594,
	1048577,
	1048578,
	0,
	'');
INSERT INTO SM_SEME
	VALUES (1048594,
	1048577,
	1048578,
	0);
INSERT INTO SM_CH
	VALUES (1048594,
	1048578,
	1048578,
	0,
	'');
INSERT INTO SM_SEME
	VALUES (1048594,
	1048578,
	1048578,
	0);
INSERT INTO SM_CH
	VALUES (1048594,
	1048579,
	1048578,
	0,
	'');
INSERT INTO SM_SEME
	VALUES (1048594,
	1048579,
	1048578,
	0);
INSERT INTO SM_CH
	VALUES (1048594,
	1048580,
	1048578,
	0,
	'');
INSERT INTO SM_SEME
	VALUES (1048594,
	1048580,
	1048578,
	0);
INSERT INTO SM_CH
	VALUES (1048594,
	1048581,
	1048578,
	0,
	'');
INSERT INTO SM_SEME
	VALUES (1048594,
	1048581,
	1048578,
	0);
INSERT INTO SM_CH
	VALUES (1048594,
	1048582,
	1048578,
	0,
	'');
INSERT INTO SM_SEME
	VALUES (1048594,
	1048582,
	1048578,
	0);
INSERT INTO SM_CH
	VALUES (1048594,
	1048583,
	1048578,
	0,
	'');
INSERT INTO SM_SEME
	VALUES (1048594,
	1048583,
	1048578,
	0);
INSERT INTO SM_CH
	VALUES (1048594,
	1048584,
	1048578,
	0,
	'');
INSERT INTO SM_SEME
	VALUES (1048594,
	1048584,
	1048578,
	0);
INSERT INTO SM_CH
	VALUES (1048594,
	1048585,
	1048578,
	0,
	'');
INSERT INTO SM_SEME
	VALUES (1048594,
	1048585,
	1048578,
	0);
INSERT INTO SM_CH
	VALUES (1048594,
	1048586,
	1048578,
	0,
	'');
INSERT INTO SM_SEME
	VALUES (1048594,
	1048586,
	1048578,
	0);
INSERT INTO SM_CH
	VALUES (1048594,
	1048587,
	1048578,
	0,
	'');
INSERT INTO SM_SEME
	VALUES (1048594,
	1048587,
	1048578,
	0);
INSERT INTO SM_CH
	VALUES (1048594,
	1048588,
	1048578,
	0,
	'');
INSERT INTO SM_SEME
	VALUES (1048594,
	1048588,
	1048578,
	0);
INSERT INTO SM_CH
	VALUES (1048594,
	1048589,
	1048578,
	0,
	'');
INSERT INTO SM_SEME
	VALUES (1048594,
	1048589,
	1048578,
	0);
INSERT INTO SM_CH
	VALUES (1048594,
	1048590,
	1048578,
	0,
	'');
INSERT INTO SM_SEME
	VALUES (1048594,
	1048590,
	1048578,
	0);
INSERT INTO SM_CH
	VALUES (1048594,
	1048591,
	1048578,
	0,
	'');
INSERT INTO SM_SEME
	VALUES (1048594,
	1048591,
	1048578,
	0);
INSERT INTO SM_CH
	VALUES (1048594,
	1048592,
	1048578,
	0,
	'');
INSERT INTO SM_SEME
	VALUES (1048594,
	1048592,
	1048578,
	0);
INSERT INTO SM_CH
	VALUES (1048594,
	1048593,
	1048578,
	0,
	'');
INSERT INTO SM_SEME
	VALUES (1048594,
	1048593,
	1048578,
	0);
INSERT INTO SM_CH
	VALUES (1048594,
	1048594,
	1048578,
	0,
	'');
INSERT INTO SM_SEME
	VALUES (1048594,
	1048594,
	1048578,
	0);
INSERT INTO SM_CH
	VALUES (1048594,
	1048595,
	1048578,
	0,
	'');
INSERT INTO SM_SEME
	VALUES (1048594,
	1048595,
	1048578,
	0);
INSERT INTO SM_CH
	VALUES (1048594,
	1048596,
	1048578,
	0,
	'');
INSERT INTO SM_SEME
	VALUES (1048594,
	1048596,
	1048578,
	0);
INSERT INTO SM_CH
	VALUES (1048594,
	1048597,
	1048578,
	0,
	'');
INSERT INTO SM_SEME
	VALUES (1048594,
	1048597,
	1048578,
	0);
INSERT INTO SM_CH
	VALUES (1048594,
	1048598,
	1048578,
	0,
	'');
INSERT INTO SM_SEME
	VALUES (1048594,
	1048598,
	1048578,
	0);
INSERT INTO SM_CH
	VALUES (1048594,
	1048599,
	1048578,
	0,
	'');
INSERT INTO SM_SEME
	VALUES (1048594,
	1048599,
	1048578,
	0);
INSERT INTO SM_SEME
	VALUES (1048594,
	1048600,
	1048578,
	0);
INSERT INTO SM_CH
	VALUES (1048594,
	1048601,
	1048578,
	0,
	'');
INSERT INTO SM_SEME
	VALUES (1048594,
	1048601,
	1048578,
	0);
INSERT INTO SM_CH
	VALUES (1048594,
	1048602,
	1048578,
	0,
	'');
INSERT INTO SM_SEME
	VALUES (1048594,
	1048602,
	1048578,
	0);
INSERT INTO SM_MOAH
	VALUES (1048594,
	1048578,
	1048594);
INSERT INTO SM_AH
	VALUES (1048594,
	1048578);
INSERT INTO SM_ACT
	VALUES (1048594,
	1048578,
	1,
	'LOG::LogSuccess(message:"SC.1: create event instance and gen to self_inst_ref") ;
select many scoas from instances of SCOA;
assign found = FALSE;
for each scoa in scoas
  if (found == FALSE)
    if (scoa.scoa_id == self.scoa_id)
      assign found = TRUE;
      create event instance ev1 of genIG24:''generate_ignore''() to scoa;
      generate ev1;
    end if;
   end if;
end for;
',
	'');
INSERT INTO SM_STATE
	VALUES (1048595,
	1048578,
	0,
	'gen IG to self',
	20,
	0);
INSERT INTO SM_CH
	VALUES (1048595,
	1048577,
	1048578,
	0,
	'');
INSERT INTO SM_SEME
	VALUES (1048595,
	1048577,
	1048578,
	0);
INSERT INTO SM_CH
	VALUES (1048595,
	1048578,
	1048578,
	0,
	'');
INSERT INTO SM_SEME
	VALUES (1048595,
	1048578,
	1048578,
	0);
INSERT INTO SM_CH
	VALUES (1048595,
	1048579,
	1048578,
	0,
	'');
INSERT INTO SM_SEME
	VALUES (1048595,
	1048579,
	1048578,
	0);
INSERT INTO SM_CH
	VALUES (1048595,
	1048580,
	1048578,
	0,
	'');
INSERT INTO SM_SEME
	VALUES (1048595,
	1048580,
	1048578,
	0);
INSERT INTO SM_CH
	VALUES (1048595,
	1048581,
	1048578,
	0,
	'');
INSERT INTO SM_SEME
	VALUES (1048595,
	1048581,
	1048578,
	0);
INSERT INTO SM_CH
	VALUES (1048595,
	1048582,
	1048578,
	0,
	'');
INSERT INTO SM_SEME
	VALUES (1048595,
	1048582,
	1048578,
	0);
INSERT INTO SM_CH
	VALUES (1048595,
	1048583,
	1048578,
	0,
	'');
INSERT INTO SM_SEME
	VALUES (1048595,
	1048583,
	1048578,
	0);
INSERT INTO SM_CH
	VALUES (1048595,
	1048584,
	1048578,
	0,
	'');
INSERT INTO SM_SEME
	VALUES (1048595,
	1048584,
	1048578,
	0);
INSERT INTO SM_CH
	VALUES (1048595,
	1048585,
	1048578,
	0,
	'');
INSERT INTO SM_SEME
	VALUES (1048595,
	1048585,
	1048578,
	0);
INSERT INTO SM_CH
	VALUES (1048595,
	1048586,
	1048578,
	0,
	'');
INSERT INTO SM_SEME
	VALUES (1048595,
	1048586,
	1048578,
	0);
INSERT INTO SM_CH
	VALUES (1048595,
	1048587,
	1048578,
	0,
	'');
INSERT INTO SM_SEME
	VALUES (1048595,
	1048587,
	1048578,
	0);
INSERT INTO SM_CH
	VALUES (1048595,
	1048588,
	1048578,
	0,
	'');
INSERT INTO SM_SEME
	VALUES (1048595,
	1048588,
	1048578,
	0);
INSERT INTO SM_CH
	VALUES (1048595,
	1048589,
	1048578,
	0,
	'');
INSERT INTO SM_SEME
	VALUES (1048595,
	1048589,
	1048578,
	0);
INSERT INTO SM_SEME
	VALUES (1048595,
	1048590,
	1048578,
	0);
INSERT INTO SM_CH
	VALUES (1048595,
	1048591,
	1048578,
	0,
	'');
INSERT INTO SM_SEME
	VALUES (1048595,
	1048591,
	1048578,
	0);
INSERT INTO SM_CH
	VALUES (1048595,
	1048592,
	1048578,
	0,
	'');
INSERT INTO SM_SEME
	VALUES (1048595,
	1048592,
	1048578,
	0);
INSERT INTO SM_CH
	VALUES (1048595,
	1048593,
	1048578,
	0,
	'');
INSERT INTO SM_SEME
	VALUES (1048595,
	1048593,
	1048578,
	0);
INSERT INTO SM_CH
	VALUES (1048595,
	1048594,
	1048578,
	0,
	'');
INSERT INTO SM_SEME
	VALUES (1048595,
	1048594,
	1048578,
	0);
INSERT INTO SM_CH
	VALUES (1048595,
	1048595,
	1048578,
	0,
	'');
INSERT INTO SM_SEME
	VALUES (1048595,
	1048595,
	1048578,
	0);
INSERT INTO SM_CH
	VALUES (1048595,
	1048596,
	1048578,
	0,
	'');
INSERT INTO SM_SEME
	VALUES (1048595,
	1048596,
	1048578,
	0);
INSERT INTO SM_CH
	VALUES (1048595,
	1048597,
	1048578,
	0,
	'');
INSERT INTO SM_SEME
	VALUES (1048595,
	1048597,
	1048578,
	0);
INSERT INTO SM_CH
	VALUES (1048595,
	1048598,
	1048578,
	0,
	'');
INSERT INTO SM_SEME
	VALUES (1048595,
	1048598,
	1048578,
	0);
INSERT INTO SM_CH
	VALUES (1048595,
	1048599,
	1048578,
	0,
	'');
INSERT INTO SM_SEME
	VALUES (1048595,
	1048599,
	1048578,
	0);
INSERT INTO SM_EIGN
	VALUES (1048595,
	1048600,
	1048578,
	0,
	'');
INSERT INTO SM_SEME
	VALUES (1048595,
	1048600,
	1048578,
	0);
INSERT INTO SM_CH
	VALUES (1048595,
	1048601,
	1048578,
	0,
	'');
INSERT INTO SM_SEME
	VALUES (1048595,
	1048601,
	1048578,
	0);
INSERT INTO SM_CH
	VALUES (1048595,
	1048602,
	1048578,
	0,
	'');
INSERT INTO SM_SEME
	VALUES (1048595,
	1048602,
	1048578,
	0);
INSERT INTO SM_MOAH
	VALUES (1048595,
	1048578,
	1048595);
INSERT INTO SM_AH
	VALUES (1048595,
	1048578);
INSERT INTO SM_ACT
	VALUES (1048595,
	1048578,
	1,
	'LOG::LogSuccess(message:"SC.1: gen CH and IG to self") ;
generate genIG24:''generate_ignore''() to self;
generate SCOA14:''goto final delete state''() to self;',
	'');
INSERT INTO SM_STATE
	VALUES (1048596,
	1048578,
	0,
	'check received event data',
	21,
	0);
INSERT INTO SM_CH
	VALUES (1048596,
	1048577,
	1048578,
	0,
	'');
INSERT INTO SM_SEME
	VALUES (1048596,
	1048577,
	1048578,
	0);
INSERT INTO SM_CH
	VALUES (1048596,
	1048578,
	1048578,
	0,
	'');
INSERT INTO SM_SEME
	VALUES (1048596,
	1048578,
	1048578,
	0);
INSERT INTO SM_CH
	VALUES (1048596,
	1048579,
	1048578,
	0,
	'');
INSERT INTO SM_SEME
	VALUES (1048596,
	1048579,
	1048578,
	0);
INSERT INTO SM_CH
	VALUES (1048596,
	1048580,
	1048578,
	0,
	'');
INSERT INTO SM_SEME
	VALUES (1048596,
	1048580,
	1048578,
	0);
INSERT INTO SM_CH
	VALUES (1048596,
	1048581,
	1048578,
	0,
	'');
INSERT INTO SM_SEME
	VALUES (1048596,
	1048581,
	1048578,
	0);
INSERT INTO SM_CH
	VALUES (1048596,
	1048582,
	1048578,
	0,
	'');
INSERT INTO SM_SEME
	VALUES (1048596,
	1048582,
	1048578,
	0);
INSERT INTO SM_CH
	VALUES (1048596,
	1048583,
	1048578,
	0,
	'');
INSERT INTO SM_SEME
	VALUES (1048596,
	1048583,
	1048578,
	0);
INSERT INTO SM_CH
	VALUES (1048596,
	1048584,
	1048578,
	0,
	'');
INSERT INTO SM_SEME
	VALUES (1048596,
	1048584,
	1048578,
	0);
INSERT INTO SM_CH
	VALUES (1048596,
	1048585,
	1048578,
	0,
	'');
INSERT INTO SM_SEME
	VALUES (1048596,
	1048585,
	1048578,
	0);
INSERT INTO SM_CH
	VALUES (1048596,
	1048586,
	1048578,
	0,
	'');
INSERT INTO SM_SEME
	VALUES (1048596,
	1048586,
	1048578,
	0);
INSERT INTO SM_CH
	VALUES (1048596,
	1048587,
	1048578,
	0,
	'');
INSERT INTO SM_SEME
	VALUES (1048596,
	1048587,
	1048578,
	0);
INSERT INTO SM_CH
	VALUES (1048596,
	1048588,
	1048578,
	0,
	'');
INSERT INTO SM_SEME
	VALUES (1048596,
	1048588,
	1048578,
	0);
INSERT INTO SM_CH
	VALUES (1048596,
	1048589,
	1048578,
	0,
	'');
INSERT INTO SM_SEME
	VALUES (1048596,
	1048589,
	1048578,
	0);
INSERT INTO SM_CH
	VALUES (1048596,
	1048590,
	1048578,
	0,
	'');
INSERT INTO SM_SEME
	VALUES (1048596,
	1048590,
	1048578,
	0);
INSERT INTO SM_CH
	VALUES (1048596,
	1048591,
	1048578,
	0,
	'');
INSERT INTO SM_SEME
	VALUES (1048596,
	1048591,
	1048578,
	0);
INSERT INTO SM_CH
	VALUES (1048596,
	1048592,
	1048578,
	0,
	'');
INSERT INTO SM_SEME
	VALUES (1048596,
	1048592,
	1048578,
	0);
INSERT INTO SM_CH
	VALUES (1048596,
	1048593,
	1048578,
	0,
	'');
INSERT INTO SM_SEME
	VALUES (1048596,
	1048593,
	1048578,
	0);
INSERT INTO SM_CH
	VALUES (1048596,
	1048594,
	1048578,
	0,
	'');
INSERT INTO SM_SEME
	VALUES (1048596,
	1048594,
	1048578,
	0);
INSERT INTO SM_CH
	VALUES (1048596,
	1048595,
	1048578,
	0,
	'');
INSERT INTO SM_SEME
	VALUES (1048596,
	1048595,
	1048578,
	0);
INSERT INTO SM_CH
	VALUES (1048596,
	1048596,
	1048578,
	0,
	'');
INSERT INTO SM_SEME
	VALUES (1048596,
	1048596,
	1048578,
	0);
INSERT INTO SM_CH
	VALUES (1048596,
	1048597,
	1048578,
	0,
	'');
INSERT INTO SM_SEME
	VALUES (1048596,
	1048597,
	1048578,
	0);
INSERT INTO SM_CH
	VALUES (1048596,
	1048598,
	1048578,
	0,
	'');
INSERT INTO SM_SEME
	VALUES (1048596,
	1048598,
	1048578,
	0);
INSERT INTO SM_CH
	VALUES (1048596,
	1048599,
	1048578,
	0,
	'');
INSERT INTO SM_SEME
	VALUES (1048596,
	1048599,
	1048578,
	0);
INSERT INTO SM_CH
	VALUES (1048596,
	1048600,
	1048578,
	0,
	'');
INSERT INTO SM_SEME
	VALUES (1048596,
	1048600,
	1048578,
	0);
INSERT INTO SM_EIGN
	VALUES (1048596,
	1048601,
	1048578,
	0,
	'');
INSERT INTO SM_SEME
	VALUES (1048596,
	1048601,
	1048578,
	0);
INSERT INTO SM_SEME
	VALUES (1048596,
	1048602,
	1048578,
	0);
INSERT INTO SM_MOAH
	VALUES (1048596,
	1048578,
	1048596);
INSERT INTO SM_AH
	VALUES (1048596,
	1048578);
INSERT INTO SM_ACT
	VALUES (1048596,
	1048578,
	1,
	'LOG::LogInfo(message:"SC.1: check received event data");

//check received event data

if (rcvd_evt.b == FALSE)
  LOG::LogSuccess(message:"SC.1: rcvd_event.b") ;
else 
  LOG::LogFailure(message:"SC.1: rcvd_event.b") ;
end if;

if (rcvd_evt.i == 10)
  LOG::LogSuccess(message:"SC.1: rcvd_event.i") ;
else 
  LOG::LogFailure(message:"SC.1: rcvd_event.i") ;
end if;

if ((rcvd_evt.r - 13.3) < 0.0001)
  LOG::LogSuccess(message:"SC.1: rcvd_event.r") ;
else 
  LOG::LogFailure(message:"SC.1: rcvd_event.r") ;
end if;

if (rcvd_evt.s == "rah")
  LOG::LogSuccess(message:"SC.1: rcvd_event.s") ;
else 
  LOG::LogFailure(message:"SC.1: rcvd_event.s") ;
end if;

if (rcvd_evt.u == self.scoa_id)
  LOG::LogSuccess(message:"SC.1: rcvd_event.u") ;
else 
  LOG::LogFailure(message:"SC.1: rcvd_event.u") ;
end if;

generate SCOA24:''check forwarded event data''(b:rcvd_evt.b, i:rcvd_evt.i, r:rcvd_evt.r, s:rcvd_evt.s, u:rcvd_evt.u) to self;',
	'');
INSERT INTO SM_STATE
	VALUES (1048597,
	1048578,
	0,
	'check forwarded event data',
	22,
	0);
INSERT INTO SM_CH
	VALUES (1048597,
	1048577,
	1048578,
	0,
	'');
INSERT INTO SM_SEME
	VALUES (1048597,
	1048577,
	1048578,
	0);
INSERT INTO SM_CH
	VALUES (1048597,
	1048578,
	1048578,
	0,
	'');
INSERT INTO SM_SEME
	VALUES (1048597,
	1048578,
	1048578,
	0);
INSERT INTO SM_CH
	VALUES (1048597,
	1048579,
	1048578,
	0,
	'');
INSERT INTO SM_SEME
	VALUES (1048597,
	1048579,
	1048578,
	0);
INSERT INTO SM_CH
	VALUES (1048597,
	1048580,
	1048578,
	0,
	'');
INSERT INTO SM_SEME
	VALUES (1048597,
	1048580,
	1048578,
	0);
INSERT INTO SM_CH
	VALUES (1048597,
	1048581,
	1048578,
	0,
	'');
INSERT INTO SM_SEME
	VALUES (1048597,
	1048581,
	1048578,
	0);
INSERT INTO SM_CH
	VALUES (1048597,
	1048582,
	1048578,
	0,
	'');
INSERT INTO SM_SEME
	VALUES (1048597,
	1048582,
	1048578,
	0);
INSERT INTO SM_CH
	VALUES (1048597,
	1048583,
	1048578,
	0,
	'');
INSERT INTO SM_SEME
	VALUES (1048597,
	1048583,
	1048578,
	0);
INSERT INTO SM_CH
	VALUES (1048597,
	1048584,
	1048578,
	0,
	'');
INSERT INTO SM_SEME
	VALUES (1048597,
	1048584,
	1048578,
	0);
INSERT INTO SM_CH
	VALUES (1048597,
	1048585,
	1048578,
	0,
	'');
INSERT INTO SM_SEME
	VALUES (1048597,
	1048585,
	1048578,
	0);
INSERT INTO SM_CH
	VALUES (1048597,
	1048586,
	1048578,
	0,
	'');
INSERT INTO SM_SEME
	VALUES (1048597,
	1048586,
	1048578,
	0);
INSERT INTO SM_CH
	VALUES (1048597,
	1048587,
	1048578,
	0,
	'');
INSERT INTO SM_SEME
	VALUES (1048597,
	1048587,
	1048578,
	0);
INSERT INTO SM_CH
	VALUES (1048597,
	1048588,
	1048578,
	0,
	'');
INSERT INTO SM_SEME
	VALUES (1048597,
	1048588,
	1048578,
	0);
INSERT INTO SM_CH
	VALUES (1048597,
	1048589,
	1048578,
	0,
	'');
INSERT INTO SM_SEME
	VALUES (1048597,
	1048589,
	1048578,
	0);
INSERT INTO SM_CH
	VALUES (1048597,
	1048590,
	1048578,
	0,
	'');
INSERT INTO SM_SEME
	VALUES (1048597,
	1048590,
	1048578,
	0);
INSERT INTO SM_CH
	VALUES (1048597,
	1048591,
	1048578,
	0,
	'');
INSERT INTO SM_SEME
	VALUES (1048597,
	1048591,
	1048578,
	0);
INSERT INTO SM_CH
	VALUES (1048597,
	1048592,
	1048578,
	0,
	'');
INSERT INTO SM_SEME
	VALUES (1048597,
	1048592,
	1048578,
	0);
INSERT INTO SM_CH
	VALUES (1048597,
	1048593,
	1048578,
	0,
	'');
INSERT INTO SM_SEME
	VALUES (1048597,
	1048593,
	1048578,
	0);
INSERT INTO SM_CH
	VALUES (1048597,
	1048594,
	1048578,
	0,
	'');
INSERT INTO SM_SEME
	VALUES (1048597,
	1048594,
	1048578,
	0);
INSERT INTO SM_CH
	VALUES (1048597,
	1048595,
	1048578,
	0,
	'');
INSERT INTO SM_SEME
	VALUES (1048597,
	1048595,
	1048578,
	0);
INSERT INTO SM_CH
	VALUES (1048597,
	1048596,
	1048578,
	0,
	'');
INSERT INTO SM_SEME
	VALUES (1048597,
	1048596,
	1048578,
	0);
INSERT INTO SM_CH
	VALUES (1048597,
	1048597,
	1048578,
	0,
	'');
INSERT INTO SM_SEME
	VALUES (1048597,
	1048597,
	1048578,
	0);
INSERT INTO SM_CH
	VALUES (1048597,
	1048598,
	1048578,
	0,
	'');
INSERT INTO SM_SEME
	VALUES (1048597,
	1048598,
	1048578,
	0);
INSERT INTO SM_CH
	VALUES (1048597,
	1048599,
	1048578,
	0,
	'');
INSERT INTO SM_SEME
	VALUES (1048597,
	1048599,
	1048578,
	0);
INSERT INTO SM_CH
	VALUES (1048597,
	1048600,
	1048578,
	0,
	'');
INSERT INTO SM_SEME
	VALUES (1048597,
	1048600,
	1048578,
	0);
INSERT INTO SM_SEME
	VALUES (1048597,
	1048601,
	1048578,
	0);
INSERT INTO SM_CH
	VALUES (1048597,
	1048602,
	1048578,
	0,
	'');
INSERT INTO SM_SEME
	VALUES (1048597,
	1048602,
	1048578,
	0);
INSERT INTO SM_MOAH
	VALUES (1048597,
	1048578,
	1048597);
INSERT INTO SM_AH
	VALUES (1048597,
	1048578);
INSERT INTO SM_ACT
	VALUES (1048597,
	1048578,
	1,
	'LOG::LogInfo(message:"SC.2: check received event data");

//check received event data

if (rcvd_evt.b == FALSE)
  LOG::LogSuccess(message:"SC.2: rcvd_event.b") ;
else 
  LOG::LogFailure(message:"SC.2: rcvd_event.b") ;
end if;

if (rcvd_evt.i == 10)
  LOG::LogSuccess(message:"SC.2: rcvd_event.i") ;
else 
  LOG::LogFailure(message:"SC.2: rcvd_event.i") ;
end if;

if ((rcvd_evt.r - 13.3) < 0.0001)
  LOG::LogSuccess(message:"SC.2: rcvd_event.r") ;
else 
  LOG::LogFailure(message:"SC.2: rcvd_event.r") ;
end if;

if (rcvd_evt.s == "rah")
  LOG::LogSuccess(message:"SC.2: rcvd_event.s") ;
else 
  LOG::LogFailure(message:"SC.2: rcvd_event.s") ;
end if;

if (rcvd_evt.u == self.scoa_id)
  LOG::LogSuccess(message:"SC.2: rcvd_event.u") ;
else 
  LOG::LogFailure(message:"SC.2: rcvd_event.u") ;
end if;

generate SCOA25:''create event inst and gen to self_inst_ref''() to self;',
	'');
INSERT INTO SM_CRTXN
	VALUES (1048577,
	1048578,
	1048579,
	1048578);
INSERT INTO SM_TXN
	VALUES (1048577,
	1048578,
	1048583,
	0);
INSERT INTO SM_CRTXN
	VALUES (1048578,
	1048578,
	1048578,
	1048577);
INSERT INTO SM_TXN
	VALUES (1048578,
	1048578,
	1048578,
	0);
INSERT INTO SM_CRTXN
	VALUES (1048579,
	1048578,
	1048584,
	1048578);
INSERT INTO SM_TXN
	VALUES (1048579,
	1048578,
	1048584,
	0);
INSERT INTO SM_CRTXN
	VALUES (1048580,
	1048578,
	1048580,
	1048577);
INSERT INTO SM_TXN
	VALUES (1048580,
	1048578,
	1048585,
	0);
INSERT INTO SM_CRTXN
	VALUES (1048581,
	1048578,
	1048581,
	1048577);
INSERT INTO SM_TXN
	VALUES (1048581,
	1048578,
	1048586,
	0);
INSERT INTO SM_CRTXN
	VALUES (1048582,
	1048578,
	1048582,
	1048578);
INSERT INTO SM_TXN
	VALUES (1048582,
	1048578,
	1048587,
	0);
INSERT INTO SM_CRTXN
	VALUES (1048583,
	1048578,
	1048583,
	1048578);
INSERT INTO SM_TXN
	VALUES (1048583,
	1048578,
	1048588,
	0);
INSERT INTO SM_NSTXN
	VALUES (1048584,
	1048578,
	1048579,
	1048586,
	0);
INSERT INTO SM_TXN
	VALUES (1048584,
	1048578,
	1048580,
	0);
INSERT INTO SM_NSTXN
	VALUES (1048585,
	1048578,
	1048580,
	1048585,
	0);
INSERT INTO SM_TXN
	VALUES (1048585,
	1048578,
	1048579,
	0);
INSERT INTO SM_NSTXN
	VALUES (1048586,
	1048578,
	1048580,
	1048587,
	0);
INSERT INTO SM_TXN
	VALUES (1048586,
	1048578,
	1048581,
	0);
INSERT INTO SM_NSTXN
	VALUES (1048587,
	1048578,
	1048579,
	1048587,
	0);
INSERT INTO SM_TXN
	VALUES (1048587,
	1048578,
	1048581,
	0);
INSERT INTO SM_NSTXN
	VALUES (1048588,
	1048578,
	1048581,
	1048587,
	0);
INSERT INTO SM_TXN
	VALUES (1048588,
	1048578,
	1048581,
	0);
INSERT INTO SM_CRTXN
	VALUES (1048589,
	1048578,
	1048577,
	1048577);
INSERT INTO SM_TXN
	VALUES (1048589,
	1048578,
	1048589,
	0);
INSERT INTO SM_NSTXN
	VALUES (1048590,
	1048578,
	1048578,
	1048591,
	0);
INSERT INTO SM_TXN
	VALUES (1048590,
	1048578,
	1048590,
	0);
INSERT INTO SM_NSTXN
	VALUES (1048591,
	1048578,
	1048584,
	1048591,
	0);
INSERT INTO SM_TXN
	VALUES (1048591,
	1048578,
	1048590,
	0);
INSERT INTO SM_NSTXN
	VALUES (1048592,
	1048578,
	1048589,
	1048591,
	0);
INSERT INTO SM_TXN
	VALUES (1048592,
	1048578,
	1048590,
	0);
INSERT INTO SM_NSTXN
	VALUES (1048593,
	1048578,
	1048585,
	1048591,
	0);
INSERT INTO SM_TXN
	VALUES (1048593,
	1048578,
	1048590,
	0);
INSERT INTO SM_NSTXN
	VALUES (1048594,
	1048578,
	1048586,
	1048591,
	0);
INSERT INTO SM_TXN
	VALUES (1048594,
	1048578,
	1048590,
	0);
INSERT INTO SM_NSTXN
	VALUES (1048595,
	1048578,
	1048587,
	1048591,
	0);
INSERT INTO SM_TXN
	VALUES (1048595,
	1048578,
	1048590,
	0);
INSERT INTO SM_NSTXN
	VALUES (1048596,
	1048578,
	1048588,
	1048591,
	0);
INSERT INTO SM_TXN
	VALUES (1048596,
	1048578,
	1048590,
	0);
INSERT INTO SM_NSTXN
	VALUES (1048597,
	1048578,
	1048577,
	1048588,
	0);
INSERT INTO SM_TXN
	VALUES (1048597,
	1048578,
	1048579,
	0);
INSERT INTO SM_NSTXN
	VALUES (1048598,
	1048578,
	1048583,
	1048592,
	0);
INSERT INTO SM_TXN
	VALUES (1048598,
	1048578,
	1048590,
	0);
INSERT INTO SM_NSTXN
	VALUES (1048599,
	1048578,
	1048581,
	1048593,
	0);
INSERT INTO SM_TXN
	VALUES (1048599,
	1048578,
	1048591,
	0);
INSERT INTO SM_NSTXN
	VALUES (1048600,
	1048578,
	1048595,
	1048590,
	0);
INSERT INTO SM_TXN
	VALUES (1048600,
	1048578,
	1048582,
	0);
INSERT INTO SM_NSTXN
	VALUES (1048601,
	1048578,
	1048591,
	1048597,
	0);
INSERT INTO SM_TXN
	VALUES (1048601,
	1048578,
	1048592,
	0);
INSERT INTO SM_NSTXN
	VALUES (1048602,
	1048578,
	1048592,
	1048598,
	0);
INSERT INTO SM_TXN
	VALUES (1048602,
	1048578,
	1048593,
	0);
INSERT INTO SM_NSTXN
	VALUES (1048603,
	1048578,
	1048594,
	1048600,
	0);
INSERT INTO SM_TXN
	VALUES (1048603,
	1048578,
	1048595,
	0);
INSERT INTO SM_NSTXN
	VALUES (1048604,
	1048578,
	1048593,
	1048599,
	0);
INSERT INTO SM_TXN
	VALUES (1048604,
	1048578,
	1048596,
	0);
INSERT INTO SM_NSTXN
	VALUES (1048605,
	1048578,
	1048596,
	1048602,
	0);
INSERT INTO SM_TXN
	VALUES (1048605,
	1048578,
	1048597,
	0);
INSERT INTO SM_NSTXN
	VALUES (1048606,
	1048578,
	1048597,
	1048601,
	0);
INSERT INTO SM_TXN
	VALUES (1048606,
	1048578,
	1048594,
	0);
INSERT INTO GD_MD
	VALUES (1048577,
	8,
	1048578,
	40,
	1,
	0,
	1,
	1,
	0,
	12,
	1192,
	4041,
	0.382524,
	0);
INSERT INTO GD_GE
	VALUES (1048578,
	1048577,
	1048577,
	41);
INSERT INTO GD_SHP
	VALUES (1048578,
	2272,
	976,
	2560,
	1056);
INSERT INTO GD_GE
	VALUES (1048579,
	1048577,
	1048578,
	41);
INSERT INTO GD_SHP
	VALUES (1048579,
	1456,
	976,
	1664,
	1040);
INSERT INTO GD_GE
	VALUES (1048580,
	1048577,
	1048579,
	41);
INSERT INTO GD_SHP
	VALUES (1048580,
	2272,
	1136,
	2560,
	1216);
INSERT INTO GD_GE
	VALUES (1048581,
	1048577,
	1048580,
	41);
INSERT INTO GD_SHP
	VALUES (1048581,
	2272,
	1312,
	2560,
	1392);
INSERT INTO GD_GE
	VALUES (1048582,
	1048577,
	1048581,
	41);
INSERT INTO GD_SHP
	VALUES (1048582,
	2272,
	1488,
	2560,
	1568);
INSERT INTO GD_GE
	VALUES (1048583,
	1048577,
	1048582,
	41);
INSERT INTO GD_SHP
	VALUES (1048583,
	2704,
	656,
	2976,
	736);
INSERT INTO GD_GE
	VALUES (1048584,
	1048577,
	1048583,
	41);
INSERT INTO GD_SHP
	VALUES (1048584,
	1456,
	1056,
	1664,
	1120);
INSERT INTO GD_GE
	VALUES (1048585,
	1048577,
	1048584,
	41);
INSERT INTO GD_SHP
	VALUES (1048585,
	1456,
	1136,
	1664,
	1200);
INSERT INTO GD_GE
	VALUES (1048586,
	1048577,
	1048585,
	41);
INSERT INTO GD_SHP
	VALUES (1048586,
	1456,
	1296,
	1664,
	1360);
INSERT INTO GD_GE
	VALUES (1048587,
	1048577,
	1048586,
	41);
INSERT INTO GD_SHP
	VALUES (1048587,
	1456,
	1376,
	1664,
	1440);
INSERT INTO GD_GE
	VALUES (1048588,
	1048577,
	1048587,
	41);
INSERT INTO GD_SHP
	VALUES (1048588,
	1456,
	1456,
	1664,
	1520);
INSERT INTO GD_GE
	VALUES (1048589,
	1048577,
	1048588,
	41);
INSERT INTO GD_SHP
	VALUES (1048589,
	1456,
	1536,
	1664,
	1600);
INSERT INTO GD_GE
	VALUES (1048590,
	1048577,
	1048589,
	41);
INSERT INTO GD_SHP
	VALUES (1048590,
	1456,
	1216,
	1664,
	1280);
INSERT INTO GD_GE
	VALUES (1048591,
	1048577,
	1048590,
	41);
INSERT INTO GD_SHP
	VALUES (1048591,
	1920,
	1184,
	2144,
	1264);
INSERT INTO GD_GE
	VALUES (1048592,
	1048577,
	1048591,
	41);
INSERT INTO GD_SHP
	VALUES (1048592,
	2704,
	1488,
	2960,
	1568);
INSERT INTO GD_GE
	VALUES (1048593,
	1048577,
	1048592,
	41);
INSERT INTO GD_SHP
	VALUES (1048593,
	2704,
	1376,
	2960,
	1456);
INSERT INTO GD_GE
	VALUES (1048594,
	1048577,
	1048593,
	41);
INSERT INTO GD_SHP
	VALUES (1048594,
	2704,
	1248,
	2960,
	1328);
INSERT INTO GD_GE
	VALUES (1048595,
	1048577,
	1048594,
	41);
INSERT INTO GD_SHP
	VALUES (1048595,
	2704,
	912,
	2960,
	992);
INSERT INTO GD_GE
	VALUES (1048596,
	1048577,
	1048595,
	41);
INSERT INTO GD_SHP
	VALUES (1048596,
	2704,
	800,
	2960,
	880);
INSERT INTO GD_GE
	VALUES (1048597,
	1048577,
	1048596,
	41);
INSERT INTO GD_SHP
	VALUES (1048597,
	2704,
	1136,
	2960,
	1216);
INSERT INTO GD_GE
	VALUES (1048598,
	1048577,
	1048597,
	41);
INSERT INTO GD_SHP
	VALUES (1048598,
	2704,
	1024,
	2960,
	1104);
INSERT INTO GD_GE
	VALUES (1048599,
	1048577,
	1048585,
	42);
INSERT INTO GD_CON
	VALUES (1048599,
	1048581,
	1048580,
	0);
INSERT INTO GD_CTXT
	VALUES (1048599,
	0,
	0,
	0,
	0,
	0,
	0,
	2468,
	1258,
	2596,
	1310,
	-108,
	9,
	0,
	0,
	0,
	0,
	0,
	0);
INSERT INTO GD_LS
	VALUES (1048600,
	1048599,
	2560,
	1328,
	2592,
	1328,
	0);
INSERT INTO GD_LS
	VALUES (1048601,
	1048599,
	2592,
	1328,
	2592,
	1200,
	1048600);
INSERT INTO GD_LS
	VALUES (1048602,
	1048599,
	2592,
	1200,
	2560,
	1200,
	1048601);
INSERT INTO GD_GE
	VALUES (1048603,
	1048577,
	1048587,
	42);
INSERT INTO GD_CON
	VALUES (1048603,
	1048580,
	1048582,
	0);
INSERT INTO GD_CTXT
	VALUES (1048603,
	0,
	0,
	0,
	0,
	0,
	0,
	2470,
	1408,
	2616,
	1466,
	-138,
	79,
	0,
	0,
	0,
	0,
	0,
	0);
INSERT INTO GD_LS
	VALUES (1048604,
	1048603,
	2560,
	1184,
	2624,
	1184,
	0);
INSERT INTO GD_LS
	VALUES (1048605,
	1048603,
	2624,
	1184,
	2624,
	1504,
	1048604);
INSERT INTO GD_LS
	VALUES (1048606,
	1048603,
	2624,
	1504,
	2560,
	1504,
	1048605);
INSERT INTO GD_GE
	VALUES (1048607,
	1048577,
	1048577,
	42);
INSERT INTO GD_CON
	VALUES (1048607,
	1048584,
	0,
	0);
INSERT INTO GD_CTXT
	VALUES (1048607,
	0,
	0,
	0,
	0,
	0,
	0,
	1247,
	1036,
	1451,
	1107,
	-96,
	-27,
	0,
	0,
	0,
	0,
	0,
	0);
INSERT INTO GD_LS
	VALUES (1048608,
	1048607,
	1456,
	1088,
	1280,
	1088,
	0);
INSERT INTO GD_GE
	VALUES (1048609,
	1048577,
	1048578,
	42);
INSERT INTO GD_CON
	VALUES (1048609,
	1048579,
	0,
	0);
INSERT INTO GD_CTXT
	VALUES (1048609,
	0,
	0,
	0,
	0,
	0,
	0,
	1325,
	967,
	1423,
	1002,
	-42,
	-16,
	0,
	0,
	0,
	0,
	0,
	0);
INSERT INTO GD_LS
	VALUES (1048610,
	1048609,
	1456,
	1008,
	1328,
	1008,
	0);
INSERT INTO GD_GE
	VALUES (1048611,
	1048577,
	1048579,
	42);
INSERT INTO GD_CON
	VALUES (1048611,
	1048585,
	0,
	0);
INSERT INTO GD_CTXT
	VALUES (1048611,
	0,
	0,
	0,
	0,
	0,
	0,
	1293,
	1133,
	1444,
	1183,
	-82,
	-26,
	0,
	0,
	0,
	0,
	0,
	0);
INSERT INTO GD_LS
	VALUES (1048612,
	1048611,
	1456,
	1184,
	1344,
	1184,
	0);
INSERT INTO GD_GE
	VALUES (1048613,
	1048577,
	1048584,
	42);
INSERT INTO GD_CON
	VALUES (1048613,
	1048580,
	1048581,
	0);
INSERT INTO GD_CTXT
	VALUES (1048613,
	0,
	0,
	0,
	0,
	0,
	0,
	2283,
	1240,
	2417,
	1282,
	-133,
	-9,
	0,
	0,
	0,
	0,
	0,
	0);
INSERT INTO GD_LS
	VALUES (1048614,
	1048613,
	2432,
	1216,
	2432,
	1312,
	0);
INSERT INTO GD_GE
	VALUES (1048615,
	1048577,
	1048586,
	42);
INSERT INTO GD_CON
	VALUES (1048615,
	1048581,
	1048582,
	0);
INSERT INTO GD_CTXT
	VALUES (1048615,
	0,
	0,
	0,
	0,
	0,
	0,
	2257,
	1410,
	2396,
	1460,
	-143,
	-15,
	0,
	0,
	0,
	0,
	0,
	0);
INSERT INTO GD_LS
	VALUES (1048616,
	1048615,
	2416,
	1392,
	2416,
	1488,
	0);
INSERT INTO GD_GE
	VALUES (1048617,
	1048577,
	1048580,
	42);
INSERT INTO GD_CON
	VALUES (1048617,
	1048586,
	0,
	0);
INSERT INTO GD_CTXT
	VALUES (1048617,
	0,
	0,
	0,
	0,
	0,
	0,
	1245,
	1297,
	1427,
	1352,
	-146,
	-22,
	0,
	0,
	0,
	0,
	0,
	0);
INSERT INTO GD_LS
	VALUES (1048618,
	1048617,
	1456,
	1344,
	1376,
	1344,
	0);
INSERT INTO GD_GE
	VALUES (1048619,
	1048577,
	1048581,
	42);
INSERT INTO GD_CON
	VALUES (1048619,
	1048587,
	0,
	0);
INSERT INTO GD_CTXT
	VALUES (1048619,
	0,
	0,
	0,
	0,
	0,
	0,
	1292,
	1392,
	1442,
	1441,
	-99,
	-7,
	0,
	0,
	0,
	0,
	0,
	0);
INSERT INTO GD_LS
	VALUES (1048620,
	1048619,
	1456,
	1424,
	1376,
	1424,
	0);
INSERT INTO GD_GE
	VALUES (1048621,
	1048577,
	1048582,
	42);
INSERT INTO GD_CON
	VALUES (1048621,
	1048588,
	0,
	0);
INSERT INTO GD_CTXT
	VALUES (1048621,
	0,
	0,
	0,
	0,
	0,
	0,
	1274,
	1472,
	1442,
	1524,
	-117,
	-7,
	0,
	0,
	0,
	0,
	0,
	0);
INSERT INTO GD_LS
	VALUES (1048622,
	1048621,
	1456,
	1504,
	1376,
	1504,
	0);
INSERT INTO GD_GE
	VALUES (1048623,
	1048577,
	1048583,
	42);
INSERT INTO GD_CON
	VALUES (1048623,
	1048589,
	0,
	0);
INSERT INTO GD_CTXT
	VALUES (1048623,
	0,
	0,
	0,
	0,
	0,
	0,
	1212,
	1551,
	1434,
	1609,
	-179,
	-24,
	0,
	0,
	0,
	0,
	0,
	0);
INSERT INTO GD_LS
	VALUES (1048624,
	1048623,
	1456,
	1600,
	1376,
	1600,
	0);
INSERT INTO GD_GE
	VALUES (1048625,
	1048577,
	1048588,
	42);
INSERT INTO GD_CON
	VALUES (1048625,
	1048582,
	1048582,
	0);
INSERT INTO GD_CTXT
	VALUES (1048625,
	0,
	0,
	0,
	0,
	0,
	0,
	2094,
	1528,
	2251,
	1634,
	-130,
	-65,
	0,
	0,
	0,
	0,
	0,
	0);
INSERT INTO GD_LS
	VALUES (1048626,
	1048625,
	2304,
	1568,
	2304,
	1616,
	0);
INSERT INTO GD_LS
	VALUES (1048627,
	1048625,
	2304,
	1616,
	2240,
	1616,
	1048626);
INSERT INTO GD_LS
	VALUES (1048628,
	1048625,
	2240,
	1616,
	2240,
	1520,
	1048627);
INSERT INTO GD_LS
	VALUES (1048629,
	1048625,
	2240,
	1520,
	2272,
	1520,
	1048628);
INSERT INTO GD_GE
	VALUES (1048630,
	1048577,
	1048589,
	42);
INSERT INTO GD_CON
	VALUES (1048630,
	1048590,
	0,
	0);
INSERT INTO GD_CTXT
	VALUES (1048630,
	0,
	0,
	0,
	0,
	0,
	0,
	1230,
	1274,
	1417,
	1311,
	-145,
	35,
	0,
	0,
	0,
	0,
	0,
	0);
INSERT INTO GD_LS
	VALUES (1048631,
	1048630,
	1456,
	1264,
	1344,
	1264,
	0);
INSERT INTO GD_GE
	VALUES (1048632,
	1048577,
	1048596,
	42);
INSERT INTO GD_CON
	VALUES (1048632,
	1048589,
	1048591,
	0);
INSERT INTO GD_CTXT
	VALUES (1048632,
	0,
	0,
	0,
	0,
	0,
	0,
	1798,
	1544,
	1964,
	1584,
	15,
	6,
	0,
	0,
	0,
	0,
	0,
	0);
INSERT INTO GD_LS
	VALUES (1048773,
	1048632,
	1664,
	1584,
	2064,
	1584,
	0);
INSERT INTO GD_LS
	VALUES (1048774,
	1048632,
	2064,
	1584,
	2128,
	1264,
	1048773);
INSERT INTO GD_GE
	VALUES (1048635,
	1048577,
	1048595,
	42);
INSERT INTO GD_CON
	VALUES (1048635,
	1048588,
	1048591,
	0);
INSERT INTO GD_CTXT
	VALUES (1048635,
	0,
	0,
	0,
	0,
	0,
	0,
	1786,
	1472,
	1952,
	1512,
	27,
	14,
	0,
	0,
	0,
	0,
	0,
	0);
INSERT INTO GD_LS
	VALUES (1048771,
	1048635,
	1664,
	1504,
	2016,
	1504,
	0);
INSERT INTO GD_LS
	VALUES (1048772,
	1048635,
	2016,
	1504,
	2080,
	1264,
	1048771);
INSERT INTO GD_GE
	VALUES (1048638,
	1048577,
	1048594,
	42);
INSERT INTO GD_CON
	VALUES (1048638,
	1048587,
	1048591,
	0);
INSERT INTO GD_CTXT
	VALUES (1048638,
	0,
	0,
	0,
	0,
	0,
	0,
	1708,
	1380,
	1874,
	1420,
	-27,
	2,
	0,
	0,
	0,
	0,
	0,
	0);
INSERT INTO GD_LS
	VALUES (1048769,
	1048638,
	1664,
	1424,
	1968,
	1424,
	0);
INSERT INTO GD_LS
	VALUES (1048770,
	1048638,
	1968,
	1424,
	2032,
	1264,
	1048769);
INSERT INTO GD_GE
	VALUES (1048641,
	1048577,
	1048593,
	42);
INSERT INTO GD_CON
	VALUES (1048641,
	1048586,
	1048591,
	0);
INSERT INTO GD_CTXT
	VALUES (1048641,
	0,
	0,
	0,
	0,
	0,
	0,
	1697,
	1281,
	1859,
	1339,
	-24,
	17,
	0,
	0,
	0,
	0,
	0,
	0);
INSERT INTO GD_LS
	VALUES (1048767,
	1048641,
	1664,
	1328,
	1936,
	1328,
	0);
INSERT INTO GD_LS
	VALUES (1048768,
	1048641,
	1936,
	1328,
	2000,
	1264,
	1048767);
INSERT INTO GD_GE
	VALUES (1048644,
	1048577,
	1048592,
	42);
INSERT INTO GD_CON
	VALUES (1048644,
	1048590,
	1048591,
	0);
INSERT INTO GD_CTXT
	VALUES (1048644,
	0,
	0,
	0,
	0,
	0,
	0,
	1709,
	1187,
	1832,
	1245,
	-24,
	19,
	0,
	0,
	0,
	0,
	0,
	0);
INSERT INTO GD_LS
	VALUES (1048766,
	1048644,
	1664,
	1232,
	1920,
	1232,
	0);
INSERT INTO GD_GE
	VALUES (1048646,
	1048577,
	1048591,
	42);
INSERT INTO GD_CON
	VALUES (1048646,
	1048585,
	1048591,
	0);
INSERT INTO GD_CTXT
	VALUES (1048646,
	0,
	0,
	0,
	0,
	0,
	0,
	1710,
	1126,
	1876,
	1166,
	15,
	4,
	0,
	0,
	0,
	0,
	0,
	0);
INSERT INTO GD_LS
	VALUES (1048764,
	1048646,
	1664,
	1168,
	1888,
	1168,
	0);
INSERT INTO GD_LS
	VALUES (1048765,
	1048646,
	1888,
	1168,
	1952,
	1184,
	1048764);
INSERT INTO GD_GE
	VALUES (1048649,
	1048577,
	1048598,
	42);
INSERT INTO GD_CON
	VALUES (1048649,
	1048584,
	1048591,
	0);
INSERT INTO GD_CTXT
	VALUES (1048649,
	0,
	0,
	0,
	0,
	0,
	0,
	1750,
	1038,
	1902,
	1096,
	32,
	14,
	0,
	0,
	0,
	0,
	0,
	0);
INSERT INTO GD_LS
	VALUES (1048762,
	1048649,
	1664,
	1088,
	1920,
	1088,
	0);
INSERT INTO GD_LS
	VALUES (1048763,
	1048649,
	1920,
	1088,
	1984,
	1184,
	1048762);
INSERT INTO GD_GE
	VALUES (1048652,
	1048577,
	1048590,
	42);
INSERT INTO GD_CON
	VALUES (1048652,
	1048579,
	1048591,
	0);
INSERT INTO GD_CTXT
	VALUES (1048652,
	0,
	0,
	0,
	0,
	0,
	0,
	1686,
	962,
	1912,
	1002,
	-43,
	0,
	0,
	0,
	0,
	0,
	0,
	0);
INSERT INTO GD_LS
	VALUES (1048760,
	1048652,
	1664,
	1008,
	2016,
	1008,
	0);
INSERT INTO GD_LS
	VALUES (1048761,
	1048652,
	2016,
	1008,
	2080,
	1184,
	1048760);
INSERT INTO GD_GE
	VALUES (1048655,
	1048577,
	1048597,
	42);
INSERT INTO GD_CON
	VALUES (1048655,
	1048578,
	1048580,
	0);
INSERT INTO GD_CTXT
	VALUES (1048655,
	0,
	0,
	0,
	0,
	0,
	0,
	2265,
	1085,
	2415,
	1121,
	-151,
	4,
	0,
	0,
	0,
	0,
	0,
	0);
INSERT INTO GD_LS
	VALUES (1048656,
	1048655,
	2432,
	1056,
	2432,
	1136,
	0);
INSERT INTO GD_GE
	VALUES (1048657,
	1048577,
	1048599,
	42);
INSERT INTO GD_CON
	VALUES (1048657,
	1048582,
	1048592,
	0);
INSERT INTO GD_CTXT
	VALUES (1048657,
	0,
	0,
	0,
	0,
	0,
	0,
	2564,
	1552,
	2699,
	1605,
	-43,
	41,
	0,
	0,
	0,
	0,
	0,
	0);
INSERT INTO GD_LS
	VALUES (1048658,
	1048657,
	2560,
	1536,
	2704,
	1536,
	0);
INSERT INTO GD_GE
	VALUES (1048659,
	1048577,
	1048601,
	42);
INSERT INTO GD_CON
	VALUES (1048659,
	1048592,
	1048593,
	0);
INSERT INTO GD_CTXT
	VALUES (1048659,
	0,
	0,
	0,
	0,
	0,
	0,
	2994,
	1429,
	3084,
	1486,
	2,
	-28,
	0,
	0,
	0,
	0,
	0,
	0);
INSERT INTO GD_LS
	VALUES (1048660,
	1048659,
	2960,
	1536,
	3008,
	1536,
	0);
INSERT INTO GD_LS
	VALUES (1048661,
	1048659,
	3008,
	1536,
	3008,
	1408,
	1048660);
INSERT INTO GD_LS
	VALUES (1048662,
	1048659,
	3008,
	1408,
	2960,
	1408,
	1048661);
INSERT INTO GD_GE
	VALUES (1048663,
	1048577,
	1048602,
	42);
INSERT INTO GD_CON
	VALUES (1048663,
	1048593,
	1048594,
	0);
INSERT INTO GD_CTXT
	VALUES (1048663,
	0,
	0,
	0,
	0,
	0,
	0,
	3002,
	1309,
	3077,
	1365,
	10,
	-12,
	0,
	0,
	0,
	0,
	0,
	0);
INSERT INTO GD_LS
	VALUES (1048664,
	1048663,
	2960,
	1392,
	3008,
	1392,
	0);
INSERT INTO GD_LS
	VALUES (1048665,
	1048663,
	3008,
	1392,
	3008,
	1280,
	1048664);
INSERT INTO GD_LS
	VALUES (1048666,
	1048663,
	3008,
	1280,
	2960,
	1280,
	1048665);
INSERT INTO GD_GE
	VALUES (1048667,
	1048577,
	1048603,
	42);
INSERT INTO GD_CON
	VALUES (1048667,
	1048595,
	1048596,
	0);
INSERT INTO GD_CTXT
	VALUES (1048667,
	0,
	0,
	0,
	0,
	0,
	0,
	2996,
	864,
	3121,
	920,
	4,
	-9,
	0,
	0,
	0,
	0,
	0,
	0);
INSERT INTO GD_LS
	VALUES (1048668,
	1048667,
	2960,
	928,
	3008,
	928,
	0);
INSERT INTO GD_LS
	VALUES (1048669,
	1048667,
	3008,
	928,
	3008,
	848,
	1048668);
INSERT INTO GD_LS
	VALUES (1048670,
	1048667,
	3008,
	848,
	2960,
	848,
	1048669);
INSERT INTO GD_GE
	VALUES (1048671,
	1048577,
	1048600,
	42);
INSERT INTO GD_CON
	VALUES (1048671,
	1048596,
	1048583,
	0);
INSERT INTO GD_CTXT
	VALUES (1048671,
	0,
	0,
	0,
	0,
	0,
	0,
	2816,
	752,
	2962,
	789,
	0,
	-1,
	0,
	0,
	0,
	0,
	0,
	0);
INSERT INTO GD_LS
	VALUES (1048672,
	1048671,
	2832,
	800,
	2832,
	736,
	0);
INSERT INTO GD_GE
	VALUES (1048673,
	1048577,
	1048604,
	42);
INSERT INTO GD_CON
	VALUES (1048673,
	1048594,
	1048597,
	0);
INSERT INTO GD_CTXT
	VALUES (1048673,
	0,
	0,
	0,
	0,
	0,
	0,
	3012,
	1216,
	3272,
	1256,
	20,
	-1,
	0,
	0,
	0,
	0,
	0,
	0);
INSERT INTO GD_LS
	VALUES (1048674,
	1048673,
	2960,
	1264,
	3008,
	1264,
	0);
INSERT INTO GD_LS
	VALUES (1048675,
	1048673,
	3008,
	1264,
	3008,
	1200,
	1048674);
INSERT INTO GD_LS
	VALUES (1048676,
	1048673,
	3008,
	1200,
	2960,
	1200,
	1048675);
INSERT INTO GD_GE
	VALUES (1048677,
	1048577,
	1048605,
	42);
INSERT INTO GD_CON
	VALUES (1048677,
	1048597,
	1048598,
	0);
INSERT INTO GD_CTXT
	VALUES (1048677,
	0,
	0,
	0,
	0,
	0,
	0,
	3013,
	1103,
	3199,
	1144,
	21,
	-2,
	0,
	0,
	0,
	0,
	0,
	0);
INSERT INTO GD_LS
	VALUES (1048678,
	1048677,
	2960,
	1152,
	3008,
	1152,
	0);
INSERT INTO GD_LS
	VALUES (1048679,
	1048677,
	3008,
	1152,
	3008,
	1088,
	1048678);
INSERT INTO GD_LS
	VALUES (1048680,
	1048677,
	3008,
	1088,
	2960,
	1088,
	1048679);
INSERT INTO GD_GE
	VALUES (1048681,
	1048577,
	1048606,
	42);
INSERT INTO GD_CON
	VALUES (1048681,
	1048598,
	1048595,
	0);
INSERT INTO GD_CTXT
	VALUES (1048681,
	0,
	0,
	0,
	0,
	0,
	0,
	3016,
	981,
	3199,
	1022,
	24,
	5,
	0,
	0,
	0,
	0,
	0,
	0);
INSERT INTO GD_LS
	VALUES (1048682,
	1048681,
	2960,
	1040,
	3008,
	1040,
	0);
INSERT INTO GD_LS
	VALUES (1048683,
	1048681,
	3008,
	1040,
	3008,
	960,
	1048682);
INSERT INTO GD_LS
	VALUES (1048684,
	1048681,
	3008,
	960,
	2960,
	960,
	1048683);
INSERT INTO O_OBJ
	VALUES (6291459,
	'sm init',
	3,
	'INIT',
	'',
	6291468);
INSERT INTO O_NBATTR
	VALUES (6291466,
	6291459);
INSERT INTO O_BATTR
	VALUES (6291466,
	6291459);
INSERT INTO O_ATTR
	VALUES (6291466,
	6291459,
	0,
	'id',
	'',
	'',
	'id',
	0,
	524294);
INSERT INTO O_NBATTR
	VALUES (6291467,
	6291459);
INSERT INTO O_BATTR
	VALUES (6291467,
	6291459);
INSERT INTO O_ATTR
	VALUES (6291467,
	6291459,
	6291466,
	'current_state',
	'',
	'',
	'current_state',
	0,
	524295);
INSERT INTO O_ID
	VALUES (0,
	6291459);
INSERT INTO O_OIDA
	VALUES (6291466,
	6291459,
	0);
INSERT INTO SM_ISM
	VALUES (2097156,
	6291459);
INSERT INTO SM_SM
	VALUES (2097156,
	'',
	4);
INSERT INTO SM_MOORE
	VALUES (2097156);
INSERT INTO SM_LEVT
	VALUES (2097153,
	2097156,
	0);
INSERT INTO SM_SEVT
	VALUES (2097153,
	2097156,
	0);
INSERT INTO SM_EVT
	VALUES (2097153,
	2097156,
	0,
	1,
	'start test',
	0,
	'',
	'INIT1',
	'');
INSERT INTO SM_STATE
	VALUES (2097153,
	2097156,
	0,
	'INIT',
	1,
	0);
INSERT INTO SM_SEME
	VALUES (2097153,
	2097153,
	2097156,
	0);
INSERT INTO SM_MOAH
	VALUES (2097153,
	2097156,
	2097153);
INSERT INTO SM_AH
	VALUES (2097153,
	2097156);
INSERT INTO SM_ACT
	VALUES (2097153,
	2097156,
	1,
	'LOG::LogInfo(message:"Init for SM Test creating test driver");
generate SCD4:''Create Driver''() to SCD creator;
generate SCOE_A1:''Event from other Assigner''(val:23) to SCOE assigner;',
	'');
INSERT INTO SM_NSTXN
	VALUES (2097153,
	2097156,
	2097153,
	2097153,
	0);
INSERT INTO SM_TXN
	VALUES (2097153,
	2097156,
	2097153,
	0);
INSERT INTO GD_MD
	VALUES (2097153,
	8,
	2097156,
	40,
	1,
	0,
	1,
	1,
	0,
	12,
	1600,
	4200,
	1.000000,
	0);
INSERT INTO GD_GE
	VALUES (2097154,
	2097153,
	2097153,
	41);
INSERT INTO GD_SHP
	VALUES (2097154,
	1776,
	1312,
	2112,
	1456);
INSERT INTO GD_GE
	VALUES (2097155,
	2097153,
	2097153,
	42);
INSERT INTO GD_CON
	VALUES (2097155,
	2097154,
	2097154,
	0);
INSERT INTO GD_CTXT
	VALUES (2097155,
	0,
	0,
	0,
	0,
	0,
	0,
	1707,
	1236,
	1849,
	1270,
	4,
	-13,
	0,
	0,
	0,
	0,
	0,
	0);
INSERT INTO GD_LS
	VALUES (2097156,
	2097155,
	1776,
	1360,
	1728,
	1360,
	0);
INSERT INTO GD_LS
	VALUES (2097157,
	2097155,
	1728,
	1360,
	1728,
	1264,
	2097156);
INSERT INTO GD_LS
	VALUES (2097158,
	2097155,
	1728,
	1264,
	1824,
	1264,
	2097157);
INSERT INTO GD_LS
	VALUES (2097159,
	2097155,
	1824,
	1264,
	1824,
	1312,
	2097158);
INSERT INTO O_OBJ
	VALUES (6291460,
	'SC Driver',
	4,
	'SCD',
	'',
	6291468);
INSERT INTO O_NBATTR
	VALUES (6291468,
	6291460);
INSERT INTO O_BATTR
	VALUES (6291468,
	6291460);
INSERT INTO O_ATTR
	VALUES (6291468,
	6291460,
	0,
	'id',
	'',
	'',
	'id',
	0,
	524294);
INSERT INTO O_NBATTR
	VALUES (6291469,
	6291460);
INSERT INTO O_BATTR
	VALUES (6291469,
	6291460);
INSERT INTO O_ATTR
	VALUES (6291469,
	6291460,
	6291468,
	'current_state',
	'',
	'',
	'current_state',
	0,
	524295);
INSERT INTO O_NBATTR
	VALUES (6291470,
	6291460);
INSERT INTO O_BATTR
	VALUES (6291470,
	6291460);
INSERT INTO O_ATTR
	VALUES (6291470,
	6291460,
	6291469,
	'i',
	'',
	'',
	'i',
	0,
	524291);
INSERT INTO O_NBATTR
	VALUES (6291471,
	6291460);
INSERT INTO O_BATTR
	VALUES (6291471,
	6291460);
INSERT INTO O_ATTR
	VALUES (6291471,
	6291460,
	6291470,
	'b',
	'',
	'',
	'b',
	0,
	524290);
INSERT INTO O_NBATTR
	VALUES (6291472,
	6291460);
INSERT INTO O_BATTR
	VALUES (6291472,
	6291460);
INSERT INTO O_ATTR
	VALUES (6291472,
	6291460,
	6291471,
	'r',
	'',
	'',
	'r',
	0,
	524292);
INSERT INTO O_NBATTR
	VALUES (6291473,
	6291460);
INSERT INTO O_BATTR
	VALUES (6291473,
	6291460);
INSERT INTO O_ATTR
	VALUES (6291473,
	6291460,
	6291472,
	's',
	'',
	'',
	's',
	0,
	524293);
INSERT INTO O_NBATTR
	VALUES (6291474,
	6291460);
INSERT INTO O_BATTR
	VALUES (6291474,
	6291460);
INSERT INTO O_ATTR
	VALUES (6291474,
	6291460,
	6291473,
	'u',
	'',
	'',
	'u',
	0,
	524294);
INSERT INTO O_NBATTR
	VALUES (6291475,
	6291460);
INSERT INTO O_BATTR
	VALUES (6291475,
	6291460);
INSERT INTO O_ATTR
	VALUES (6291475,
	6291460,
	6291474,
	'ack_count',
	'',
	'',
	'ack_count',
	0,
	524291);
INSERT INTO O_ID
	VALUES (0,
	6291460);
INSERT INTO O_OIDA
	VALUES (6291468,
	6291460,
	0);
INSERT INTO SM_ISM
	VALUES (2621445,
	6291460);
INSERT INTO SM_SM
	VALUES (2621445,
	'',
	5);
INSERT INTO SM_MOORE
	VALUES (2621445);
INSERT INTO SM_LEVT
	VALUES (2621441,
	2621445,
	0);
INSERT INTO SM_SEVT
	VALUES (2621441,
	2621445,
	0);
INSERT INTO SM_EVT
	VALUES (2621441,
	2621445,
	0,
	1,
	'Drive Sync SC Object A',
	0,
	'',
	'SCD1',
	'');
INSERT INTO SM_LEVT
	VALUES (2621442,
	2621445,
	0);
INSERT INTO SM_SEVT
	VALUES (2621442,
	2621445,
	0);
INSERT INTO SM_EVT
	VALUES (2621442,
	2621445,
	0,
	2,
	'Synch SC Object A Complete',
	0,
	'',
	'SCD2',
	'');
INSERT INTO SM_LEVT
	VALUES (2621443,
	2621445,
	0);
INSERT INTO SM_SEVT
	VALUES (2621443,
	2621445,
	0);
INSERT INTO SM_EVT
	VALUES (2621443,
	2621445,
	0,
	3,
	'B or C Deleted',
	0,
	'',
	'SCD3',
	'');
INSERT INTO SM_LEVT
	VALUES (2621444,
	2621445,
	0);
INSERT INTO SM_SEVT
	VALUES (2621444,
	2621445,
	0);
INSERT INTO SM_EVT
	VALUES (2621444,
	2621445,
	0,
	4,
	'Create Driver',
	0,
	'',
	'SCD4',
	'');
INSERT INTO SM_LEVT
	VALUES (2621445,
	2621445,
	0);
INSERT INTO SM_SEVT
	VALUES (2621445,
	2621445,
	0);
INSERT INTO SM_EVT
	VALUES (2621445,
	2621445,
	0,
	5,
	'Shut Down',
	0,
	'',
	'SCD5',
	'');
INSERT INTO SM_STATE
	VALUES (2621441,
	2621445,
	0,
	'Create SC Object A asynchronously',
	1,
	0);
INSERT INTO SM_SEME
	VALUES (2621441,
	2621441,
	2621445,
	0);
INSERT INTO SM_CH
	VALUES (2621441,
	2621442,
	2621445,
	0,
	'');
INSERT INTO SM_SEME
	VALUES (2621441,
	2621442,
	2621445,
	0);
INSERT INTO SM_CH
	VALUES (2621441,
	2621443,
	2621445,
	0,
	'');
INSERT INTO SM_SEME
	VALUES (2621441,
	2621443,
	2621445,
	0);
INSERT INTO SM_CH
	VALUES (2621441,
	2621444,
	2621445,
	0,
	'');
INSERT INTO SM_SEME
	VALUES (2621441,
	2621444,
	2621445,
	0);
INSERT INTO SM_CH
	VALUES (2621441,
	2621445,
	2621445,
	0,
	'');
INSERT INTO SM_SEME
	VALUES (2621441,
	2621445,
	2621445,
	0);
INSERT INTO SM_MOAH
	VALUES (2621441,
	2621445,
	2621441);
INSERT INTO SM_AH
	VALUES (2621441,
	2621445);
INSERT INTO SM_ACT
	VALUES (2621441,
	2621445,
	1,
	'LOG::LogInfo(message:"SC.1 SCOA Driver starting ...") ;
generate CREAT2:''Create''() to SCOA creator;
generate CREAT3:''Create_with_custom_KL_meaning_and_data''(b:FALSE,i:10,r:13.3,s:"rah",u:self.u) to SCOA creator;
generate CREAT8:''Create_with_data''(b:FALSE,i:10,r:13.3,s:"rah",u:self.u) to SCOA creator;
generate CREAT1:Create_with_Custom_KL_and_meaning_no_data() to SCOA creator;

generate SCOA4:''Create with object KL meaning and no data''() to SCOA creator;

generate SCOA5:''Simple_event''() to SCOA creator;
generate SCOA6:''Simple_event_with_data''(b:FALSE,i:10,r:13.3,s:"rah",u:self.u) to SCOA creator;
generate SCOA7:''Create with object KL meaning and data''(b:FALSE,i:10,r:13.3,s:"rah",u:self.u) to SCOA creator;

generate SCD1:''Drive Sync SC Object A''() to self;',
	'');
INSERT INTO SM_STATE
	VALUES (2621442,
	2621445,
	0,
	'Create and Drive Synch SC Object A',
	2,
	0);
INSERT INTO SM_CH
	VALUES (2621442,
	2621441,
	2621445,
	0,
	'');
INSERT INTO SM_SEME
	VALUES (2621442,
	2621441,
	2621445,
	0);
INSERT INTO SM_SEME
	VALUES (2621442,
	2621442,
	2621445,
	0);
INSERT INTO SM_CH
	VALUES (2621442,
	2621443,
	2621445,
	0,
	'');
INSERT INTO SM_SEME
	VALUES (2621442,
	2621443,
	2621445,
	0);
INSERT INTO SM_CH
	VALUES (2621442,
	2621444,
	2621445,
	0,
	'');
INSERT INTO SM_SEME
	VALUES (2621442,
	2621444,
	2621445,
	0);
INSERT INTO SM_CH
	VALUES (2621442,
	2621445,
	2621445,
	0,
	'');
INSERT INTO SM_SEME
	VALUES (2621442,
	2621445,
	2621445,
	0);
INSERT INTO SM_MOAH
	VALUES (2621442,
	2621445,
	2621442);
INSERT INTO SM_AH
	VALUES (2621442,
	2621445);
INSERT INTO SM_ACT
	VALUES (2621442,
	2621445,
	1,
	'//sync creation

create object instance scoa of SCOA;
assign scoa.b = FALSE;
assign scoa.i = 10;
assign scoa.s = "rah";
assign scoa.r = 13.3;

// generate a regular event to scoa
generate DRV_A12:''driver''(b:scoa.b,i:scoa.i,s:scoa.s,r:scoa.r,u:scoa.scoa_id) to scoa;

// create an event instance and send it
create event instance ev1 of DRV_A10:''DRV to DSB''() to scoa;
generate ev1;

// go back to previous state
generate DRV_A9:''DRV to DSA''(b:scoa.b,i:scoa.i,s:scoa.s,r:scoa.r,u:scoa.scoa_id) to scoa;

generate DRV_A10:''DRV to DSB''() to scoa;

// cause an IG
generate genIG24:''generate_ignore''() to scoa;

generate DRV_A11:''DRV to DSC''() to scoa;
// cause transition to same state
generate DRV_A11:''DRV to DSC''() to scoa;

// begin self test
generate SCOA17:''Begin Self Test''() to scoa;

LOG::LogInfo(message:"SC.1 finished") ; 
',
	'');
INSERT INTO SM_STATE
	VALUES (2621443,
	2621445,
	0,
	'Drive Assigner and Active Associative Object',
	3,
	0);
INSERT INTO SM_CH
	VALUES (2621443,
	2621441,
	2621445,
	0,
	'');
INSERT INTO SM_SEME
	VALUES (2621443,
	2621441,
	2621445,
	0);
INSERT INTO SM_CH
	VALUES (2621443,
	2621442,
	2621445,
	0,
	'');
INSERT INTO SM_SEME
	VALUES (2621443,
	2621442,
	2621445,
	0);
INSERT INTO SM_SEME
	VALUES (2621443,
	2621443,
	2621445,
	0);
INSERT INTO SM_CH
	VALUES (2621443,
	2621444,
	2621445,
	0,
	'');
INSERT INTO SM_SEME
	VALUES (2621443,
	2621444,
	2621445,
	0);
INSERT INTO SM_CH
	VALUES (2621443,
	2621445,
	2621445,
	0,
	'');
INSERT INTO SM_SEME
	VALUES (2621443,
	2621445,
	2621445,
	0);
INSERT INTO SM_MOAH
	VALUES (2621443,
	2621445,
	2621443);
INSERT INTO SM_AH
	VALUES (2621443,
	2621445);
INSERT INTO SM_ACT
	VALUES (2621443,
	2621445,
	1,
	'LOG::LogInfo(message:"SC Driver - SC.2 Starting ....") ;
LOG::LogInfo(message:"creating instance of scoc") ;
LOG::LogInfo(message:"creating instance of scob") ;
generate scoc1:''Create C''() to scoc creator;
generate scob1:''Create B''() to scob creator;
assign self.ack_count = 2;',
	'');
INSERT INTO SM_STATE
	VALUES (2621444,
	2621445,
	0,
	'Waiting for Acks from B and C',
	4,
	0);
INSERT INTO SM_CH
	VALUES (2621444,
	2621441,
	2621445,
	0,
	'');
INSERT INTO SM_SEME
	VALUES (2621444,
	2621441,
	2621445,
	0);
INSERT INTO SM_CH
	VALUES (2621444,
	2621442,
	2621445,
	0,
	'');
INSERT INTO SM_SEME
	VALUES (2621444,
	2621442,
	2621445,
	0);
INSERT INTO SM_SEME
	VALUES (2621444,
	2621443,
	2621445,
	0);
INSERT INTO SM_CH
	VALUES (2621444,
	2621444,
	2621445,
	0,
	'');
INSERT INTO SM_SEME
	VALUES (2621444,
	2621444,
	2621445,
	0);
INSERT INTO SM_SEME
	VALUES (2621444,
	2621445,
	2621445,
	0);
INSERT INTO SM_MOAH
	VALUES (2621444,
	2621445,
	2621444);
INSERT INTO SM_AH
	VALUES (2621444,
	2621445);
INSERT INTO SM_ACT
	VALUES (2621444,
	2621445,
	1,
	'LOG::LogInfo(message:"SC Driver Waiting for Acks from B and C") ;
assign self.ack_count = self.ack_count - 1;
if (self.ack_count == 0 )
  LOG::LogInfo(message:"SC2 Test Complete") ;
  generate SCD5:''Shut Down''() to self;
end if;',
	'');
INSERT INTO SM_STATE
	VALUES (2621445,
	2621445,
	0,
	'Shutting Down',
	5,
	1);
INSERT INTO SM_CH
	VALUES (2621445,
	2621441,
	2621445,
	0,
	'');
INSERT INTO SM_SEME
	VALUES (2621445,
	2621441,
	2621445,
	0);
INSERT INTO SM_CH
	VALUES (2621445,
	2621442,
	2621445,
	0,
	'');
INSERT INTO SM_SEME
	VALUES (2621445,
	2621442,
	2621445,
	0);
INSERT INTO SM_CH
	VALUES (2621445,
	2621443,
	2621445,
	0,
	'');
INSERT INTO SM_SEME
	VALUES (2621445,
	2621443,
	2621445,
	0);
INSERT INTO SM_CH
	VALUES (2621445,
	2621444,
	2621445,
	0,
	'');
INSERT INTO SM_SEME
	VALUES (2621445,
	2621444,
	2621445,
	0);
INSERT INTO SM_CH
	VALUES (2621445,
	2621445,
	2621445,
	0,
	'');
INSERT INTO SM_SEME
	VALUES (2621445,
	2621445,
	2621445,
	0);
INSERT INTO SM_MOAH
	VALUES (2621445,
	2621445,
	2621445);
INSERT INTO SM_AH
	VALUES (2621445,
	2621445);
INSERT INTO SM_ACT
	VALUES (2621445,
	2621445,
	1,
	'LOG::LogInfo(message:"SC Test Driver Complete") ;

bridge ARCH::shutdown();',
	'');
INSERT INTO SM_NSTXN
	VALUES (2621441,
	2621445,
	2621441,
	2621441,
	0);
INSERT INTO SM_TXN
	VALUES (2621441,
	2621445,
	2621442,
	0);
INSERT INTO SM_NSTXN
	VALUES (2621442,
	2621445,
	2621442,
	2621442,
	0);
INSERT INTO SM_TXN
	VALUES (2621442,
	2621445,
	2621443,
	0);
INSERT INTO SM_NSTXN
	VALUES (2621443,
	2621445,
	2621443,
	2621443,
	0);
INSERT INTO SM_TXN
	VALUES (2621443,
	2621445,
	2621444,
	0);
INSERT INTO SM_NSTXN
	VALUES (2621444,
	2621445,
	2621444,
	2621443,
	0);
INSERT INTO SM_TXN
	VALUES (2621444,
	2621445,
	2621444,
	0);
INSERT INTO SM_CRTXN
	VALUES (2621445,
	2621445,
	2621444,
	2621441);
INSERT INTO SM_TXN
	VALUES (2621445,
	2621445,
	2621441,
	0);
INSERT INTO SM_NSTXN
	VALUES (2621446,
	2621445,
	2621444,
	2621445,
	0);
INSERT INTO SM_TXN
	VALUES (2621446,
	2621445,
	2621445,
	0);
INSERT INTO GD_MD
	VALUES (2621441,
	8,
	2621445,
	40,
	1,
	0,
	1,
	1,
	0,
	12,
	1600,
	4200,
	1.000000,
	0);
INSERT INTO GD_GE
	VALUES (2621442,
	2621441,
	2621441,
	41);
INSERT INTO GD_SHP
	VALUES (2621442,
	1728,
	1264,
	2192,
	1360);
INSERT INTO GD_GE
	VALUES (2621443,
	2621441,
	2621442,
	41);
INSERT INTO GD_SHP
	VALUES (2621443,
	1728,
	1424,
	2192,
	1520);
INSERT INTO GD_GE
	VALUES (2621444,
	2621441,
	2621443,
	41);
INSERT INTO GD_SHP
	VALUES (2621444,
	1728,
	1600,
	2192,
	1696);
INSERT INTO GD_GE
	VALUES (2621445,
	2621441,
	2621444,
	41);
INSERT INTO GD_SHP
	VALUES (2621445,
	1728,
	1760,
	2192,
	1920);
INSERT INTO GD_GE
	VALUES (2621446,
	2621441,
	2621445,
	41);
INSERT INTO GD_SHP
	VALUES (2621446,
	2336,
	1584,
	2800,
	1696);
INSERT INTO GD_GE
	VALUES (2621447,
	2621441,
	2621441,
	42);
INSERT INTO GD_CON
	VALUES (2621447,
	2621442,
	2621443,
	0);
INSERT INTO GD_CTXT
	VALUES (2621447,
	0,
	0,
	0,
	0,
	0,
	0,
	1922,
	1365,
	2137,
	1410,
	18,
	-4,
	0,
	0,
	0,
	0,
	0,
	0);
INSERT INTO GD_LS
	VALUES (2621448,
	2621447,
	1920,
	1360,
	1920,
	1424,
	0);
INSERT INTO GD_GE
	VALUES (2621449,
	2621441,
	2621442,
	42);
INSERT INTO GD_CON
	VALUES (2621449,
	2621443,
	2621444,
	0);
INSERT INTO GD_CTXT
	VALUES (2621449,
	0,
	0,
	0,
	0,
	0,
	0,
	1920,
	1544,
	2228,
	1577,
	0,
	-1,
	0,
	0,
	0,
	0,
	0,
	0);
INSERT INTO GD_LS
	VALUES (2621450,
	2621449,
	1936,
	1520,
	1936,
	1600,
	0);
INSERT INTO GD_GE
	VALUES (2621451,
	2621441,
	2621443,
	42);
INSERT INTO GD_CON
	VALUES (2621451,
	2621444,
	2621445,
	0);
INSERT INTO GD_CTXT
	VALUES (2621451,
	0,
	0,
	0,
	0,
	0,
	0,
	1948,
	1712,
	2078,
	1747,
	28,
	-1,
	0,
	0,
	0,
	0,
	0,
	0);
INSERT INTO GD_LS
	VALUES (2621452,
	2621451,
	1936,
	1696,
	1936,
	1760,
	0);
INSERT INTO GD_GE
	VALUES (2621453,
	2621441,
	2621444,
	42);
INSERT INTO GD_CON
	VALUES (2621453,
	2621445,
	2621445,
	0);
INSERT INTO GD_CTXT
	VALUES (2621453,
	0,
	0,
	0,
	0,
	0,
	0,
	2170,
	1731,
	2320,
	1777,
	-70,
	-54,
	0,
	0,
	0,
	0,
	0,
	0);
INSERT INTO GD_LS
	VALUES (2621454,
	2621453,
	2192,
	1824,
	2256,
	1824,
	0);
INSERT INTO GD_LS
	VALUES (2621455,
	2621453,
	2256,
	1824,
	2256,
	1776,
	2621454);
INSERT INTO GD_LS
	VALUES (2621456,
	2621453,
	2256,
	1776,
	2192,
	1776,
	2621455);
INSERT INTO GD_GE
	VALUES (2621457,
	2621441,
	2621445,
	42);
INSERT INTO GD_CON
	VALUES (2621457,
	2621442,
	0,
	0);
INSERT INTO GD_CTXT
	VALUES (2621457,
	0,
	0,
	0,
	0,
	0,
	0,
	1904,
	1216,
	2062,
	1252,
	0,
	-1,
	0,
	0,
	0,
	0,
	0,
	0);
INSERT INTO GD_LS
	VALUES (2621458,
	2621457,
	1920,
	1264,
	1920,
	1200,
	0);
INSERT INTO GD_GE
	VALUES (2621459,
	2621441,
	2621446,
	42);
INSERT INTO GD_CON
	VALUES (2621459,
	2621445,
	2621446,
	0);
INSERT INTO GD_CTXT
	VALUES (2621459,
	0,
	0,
	0,
	0,
	0,
	0,
	2326,
	1810,
	2498,
	1870,
	-121,
	-37,
	0,
	0,
	0,
	0,
	0,
	0);
INSERT INTO GD_LS
	VALUES (2621460,
	2621459,
	2192,
	1872,
	2576,
	1872,
	0);
INSERT INTO GD_LS
	VALUES (2621461,
	2621459,
	2576,
	1872,
	2576,
	1696,
	2621460);
INSERT INTO O_OBJ
	VALUES (6291461,
	'SC Object B Left Object',
	5,
	'scob',
	'',
	6291468);
INSERT INTO O_NBATTR
	VALUES (6291476,
	6291461);
INSERT INTO O_BATTR
	VALUES (6291476,
	6291461);
INSERT INTO O_ATTR
	VALUES (6291476,
	6291461,
	0,
	'scob_id',
	'',
	'',
	'scob_id',
	0,
	524294);
INSERT INTO O_NBATTR
	VALUES (6291477,
	6291461);
INSERT INTO O_BATTR
	VALUES (6291477,
	6291461);
INSERT INTO O_ATTR
	VALUES (6291477,
	6291461,
	6291476,
	'status',
	'',
	'',
	'status',
	0,
	524293);
INSERT INTO O_NBATTR
	VALUES (6291478,
	6291461);
INSERT INTO O_BATTR
	VALUES (6291478,
	6291461);
INSERT INTO O_ATTR
	VALUES (6291478,
	6291461,
	6291477,
	'current_state',
	'',
	'',
	'current_state',
	0,
	524295);
INSERT INTO O_ID
	VALUES (0,
	6291461);
INSERT INTO O_OIDA
	VALUES (6291476,
	6291461,
	0);
INSERT INTO O_RTIDA
	VALUES (6291476,
	6291461,
	0,
	6291457,
	6291457);
INSERT INTO O_RTIDA
	VALUES (6291476,
	6291461,
	0,
	6291458,
	6291460);
INSERT INTO SM_ISM
	VALUES (3145734,
	6291461);
INSERT INTO SM_SM
	VALUES (3145734,
	'',
	6);
INSERT INTO SM_MOORE
	VALUES (3145734);
INSERT INTO SM_LEVT
	VALUES (3145729,
	3145734,
	0);
INSERT INTO SM_SEVT
	VALUES (3145729,
	3145734,
	0);
INSERT INTO SM_EVT
	VALUES (3145729,
	3145734,
	0,
	1,
	'Create B',
	0,
	'',
	'scob1',
	'');
INSERT INTO SM_LEVT
	VALUES (3145730,
	3145734,
	0);
INSERT INTO SM_SEVT
	VALUES (3145730,
	3145734,
	0);
INSERT INTO SM_EVT
	VALUES (3145730,
	3145734,
	0,
	2,
	'Assigned to C',
	0,
	'',
	'scob2',
	'');
INSERT INTO SM_LEVT
	VALUES (3145731,
	3145734,
	0);
INSERT INTO SM_SEVT
	VALUES (3145731,
	3145734,
	0);
INSERT INTO SM_EVT
	VALUES (3145731,
	3145734,
	0,
	3,
	'Delete B',
	0,
	'',
	'scob3',
	'');
INSERT INTO SM_STATE
	VALUES (3145729,
	3145734,
	0,
	'Creating',
	1,
	0);
INSERT INTO SM_CH
	VALUES (3145729,
	3145729,
	3145734,
	0,
	'');
INSERT INTO SM_SEME
	VALUES (3145729,
	3145729,
	3145734,
	0);
INSERT INTO SM_SEME
	VALUES (3145729,
	3145730,
	3145734,
	0);
INSERT INTO SM_CH
	VALUES (3145729,
	3145731,
	3145734,
	0,
	'');
INSERT INTO SM_SEME
	VALUES (3145729,
	3145731,
	3145734,
	0);
INSERT INTO SM_MOAH
	VALUES (3145729,
	3145734,
	3145729);
INSERT INTO SM_AH
	VALUES (3145729,
	3145734);
INSERT INTO SM_ACT
	VALUES (3145729,
	3145734,
	1,
	'LOG::LogInfo(message:"SC Object B generate Request a C to assigner") ;
assign self.status = "Waiting for a C";
generate scod_A1:''Request a C''() to scod assigner;',
	'');
INSERT INTO SM_STATE
	VALUES (3145730,
	3145734,
	0,
	'Waiting',
	2,
	0);
INSERT INTO SM_CH
	VALUES (3145730,
	3145729,
	3145734,
	0,
	'');
INSERT INTO SM_SEME
	VALUES (3145730,
	3145729,
	3145734,
	0);
INSERT INTO SM_CH
	VALUES (3145730,
	3145730,
	3145734,
	0,
	'');
INSERT INTO SM_SEME
	VALUES (3145730,
	3145730,
	3145734,
	0);
INSERT INTO SM_SEME
	VALUES (3145730,
	3145731,
	3145734,
	0);
INSERT INTO SM_MOAH
	VALUES (3145730,
	3145734,
	3145730);
INSERT INTO SM_AH
	VALUES (3145730,
	3145734);
INSERT INTO SM_ACT
	VALUES (3145730,
	3145734,
	1,
	'LOG::LogSuccess(message:"Instance of B in state Waiting") ;
generate scob3:''Delete B''() to self;',
	'');
INSERT INTO SM_STATE
	VALUES (3145731,
	3145734,
	0,
	'Deleting',
	3,
	1);
INSERT INTO SM_CH
	VALUES (3145731,
	3145729,
	3145734,
	0,
	'');
INSERT INTO SM_SEME
	VALUES (3145731,
	3145729,
	3145734,
	0);
INSERT INTO SM_CH
	VALUES (3145731,
	3145730,
	3145734,
	0,
	'');
INSERT INTO SM_SEME
	VALUES (3145731,
	3145730,
	3145734,
	0);
INSERT INTO SM_CH
	VALUES (3145731,
	3145731,
	3145734,
	0,
	'');
INSERT INTO SM_SEME
	VALUES (3145731,
	3145731,
	3145734,
	0);
INSERT INTO SM_MOAH
	VALUES (3145731,
	3145734,
	3145731);
INSERT INTO SM_AH
	VALUES (3145731,
	3145734);
INSERT INTO SM_ACT
	VALUES (3145731,
	3145734,
	1,
	'select any driver from instances of SCD;
LOG::LogInfo(message:"Deleting instance of B") ;
generate SCD3:''B or C Deleted''() to driver;',
	'');
INSERT INTO SM_CRTXN
	VALUES (3145729,
	3145734,
	3145729,
	3145729);
INSERT INTO SM_TXN
	VALUES (3145729,
	3145734,
	3145729,
	0);
INSERT INTO SM_NSTXN
	VALUES (3145730,
	3145734,
	3145729,
	3145730,
	0);
INSERT INTO SM_TXN
	VALUES (3145730,
	3145734,
	3145730,
	0);
INSERT INTO SM_NSTXN
	VALUES (3145731,
	3145734,
	3145730,
	3145731,
	0);
INSERT INTO SM_TXN
	VALUES (3145731,
	3145734,
	3145731,
	0);
INSERT INTO GD_MD
	VALUES (3145729,
	8,
	3145734,
	40,
	1,
	0,
	1,
	1,
	0,
	12,
	1600,
	4199,
	1.000000,
	0);
INSERT INTO GD_GE
	VALUES (3145730,
	3145729,
	3145729,
	41);
INSERT INTO GD_SHP
	VALUES (3145730,
	1824,
	1280,
	2128,
	1424);
INSERT INTO GD_GE
	VALUES (3145731,
	3145729,
	3145730,
	41);
INSERT INTO GD_SHP
	VALUES (3145731,
	1824,
	1488,
	2128,
	1568);
INSERT INTO GD_GE
	VALUES (3145732,
	3145729,
	3145731,
	41);
INSERT INTO GD_SHP
	VALUES (3145732,
	1824,
	1648,
	2128,
	1728);
INSERT INTO GD_GE
	VALUES (3145733,
	3145729,
	3145729,
	42);
INSERT INTO GD_CON
	VALUES (3145733,
	3145730,
	0,
	0);
INSERT INTO GD_CTXT
	VALUES (3145733,
	0,
	0,
	0,
	0,
	0,
	0,
	1952,
	1248,
	2152,
	1282,
	0,
	-1,
	0,
	0,
	0,
	0,
	0,
	0);
INSERT INTO GD_LS
	VALUES (3145734,
	3145733,
	1968,
	1280,
	1968,
	1248,
	0);
INSERT INTO GD_GE
	VALUES (3145735,
	3145729,
	3145730,
	42);
INSERT INTO GD_CON
	VALUES (3145735,
	3145730,
	3145731,
	0);
INSERT INTO GD_CTXT
	VALUES (3145735,
	0,
	0,
	0,
	0,
	0,
	0,
	1968,
	1408,
	2138,
	1455,
	0,
	-1,
	0,
	0,
	0,
	0,
	0,
	0);
INSERT INTO GD_LS
	VALUES (3145736,
	3145735,
	1984,
	1424,
	1984,
	1488,
	0);
INSERT INTO GD_GE
	VALUES (3145737,
	3145729,
	3145731,
	42);
INSERT INTO GD_CON
	VALUES (3145737,
	3145731,
	3145732,
	0);
INSERT INTO GD_CTXT
	VALUES (3145737,
	0,
	0,
	0,
	0,
	0,
	0,
	1952,
	1598,
	2096,
	1630,
	0,
	5,
	0,
	0,
	0,
	0,
	0,
	0);
INSERT INTO GD_LS
	VALUES (3145738,
	3145737,
	1968,
	1568,
	1968,
	1648,
	0);
INSERT INTO O_OBJ
	VALUES (6291462,
	'SC Object C Right Object',
	6,
	'scoc',
	'',
	6291468);
INSERT INTO O_NBATTR
	VALUES (6291479,
	6291462);
INSERT INTO O_BATTR
	VALUES (6291479,
	6291462);
INSERT INTO O_ATTR
	VALUES (6291479,
	6291462,
	0,
	'scoc_id',
	'',
	'',
	'scoc_id',
	0,
	524294);
INSERT INTO O_NBATTR
	VALUES (6291480,
	6291462);
INSERT INTO O_BATTR
	VALUES (6291480,
	6291462);
INSERT INTO O_ATTR
	VALUES (6291480,
	6291462,
	6291479,
	'status',
	'',
	'',
	'status',
	0,
	524293);
INSERT INTO O_NBATTR
	VALUES (6291481,
	6291462);
INSERT INTO O_BATTR
	VALUES (6291481,
	6291462);
INSERT INTO O_ATTR
	VALUES (6291481,
	6291462,
	6291480,
	'current_state',
	'',
	'',
	'current_state',
	0,
	524295);
INSERT INTO O_ID
	VALUES (0,
	6291462);
INSERT INTO O_OIDA
	VALUES (6291479,
	6291462,
	0);
INSERT INTO O_RTIDA
	VALUES (6291479,
	6291462,
	0,
	6291457,
	6291458);
INSERT INTO O_RTIDA
	VALUES (6291479,
	6291462,
	0,
	6291458,
	6291461);
INSERT INTO SM_ISM
	VALUES (3670023,
	6291462);
INSERT INTO SM_SM
	VALUES (3670023,
	'',
	7);
INSERT INTO SM_MOORE
	VALUES (3670023);
INSERT INTO SM_LEVT
	VALUES (3670017,
	3670023,
	0);
INSERT INTO SM_SEVT
	VALUES (3670017,
	3670023,
	0);
INSERT INTO SM_EVT
	VALUES (3670017,
	3670023,
	0,
	1,
	'Create C',
	0,
	'',
	'scoc1',
	'');
INSERT INTO SM_LEVT
	VALUES (3670018,
	3670023,
	0);
INSERT INTO SM_SEVT
	VALUES (3670018,
	3670023,
	0);
INSERT INTO SM_EVT
	VALUES (3670018,
	3670023,
	0,
	2,
	'Assigned to B',
	0,
	'',
	'scoc2',
	'');
INSERT INTO SM_LEVT
	VALUES (3670019,
	3670023,
	0);
INSERT INTO SM_SEVT
	VALUES (3670019,
	3670023,
	0);
INSERT INTO SM_EVT
	VALUES (3670019,
	3670023,
	0,
	3,
	'Delete C',
	0,
	'',
	'scoc3',
	'');
INSERT INTO SM_STATE
	VALUES (3670017,
	3670023,
	0,
	'Creating',
	1,
	0);
INSERT INTO SM_CH
	VALUES (3670017,
	3670017,
	3670023,
	0,
	'');
INSERT INTO SM_SEME
	VALUES (3670017,
	3670017,
	3670023,
	0);
INSERT INTO SM_SEME
	VALUES (3670017,
	3670018,
	3670023,
	0);
INSERT INTO SM_CH
	VALUES (3670017,
	3670019,
	3670023,
	0,
	'');
INSERT INTO SM_SEME
	VALUES (3670017,
	3670019,
	3670023,
	0);
INSERT INTO SM_MOAH
	VALUES (3670017,
	3670023,
	3670017);
INSERT INTO SM_AH
	VALUES (3670017,
	3670023);
INSERT INTO SM_ACT
	VALUES (3670017,
	3670023,
	1,
	'LOG::LogInfo(message:"SC Object B generate Request a B to assigner") ;
assign self.status = "C is Available";
generate scod_A2:''C is Available''() to scod assigner;',
	'');
INSERT INTO SM_STATE
	VALUES (3670018,
	3670023,
	0,
	'Waiting',
	2,
	0);
INSERT INTO SM_CH
	VALUES (3670018,
	3670017,
	3670023,
	0,
	'');
INSERT INTO SM_SEME
	VALUES (3670018,
	3670017,
	3670023,
	0);
INSERT INTO SM_CH
	VALUES (3670018,
	3670018,
	3670023,
	0,
	'');
INSERT INTO SM_SEME
	VALUES (3670018,
	3670018,
	3670023,
	0);
INSERT INTO SM_SEME
	VALUES (3670018,
	3670019,
	3670023,
	0);
INSERT INTO SM_MOAH
	VALUES (3670018,
	3670023,
	3670018);
INSERT INTO SM_AH
	VALUES (3670018,
	3670023);
INSERT INTO SM_ACT
	VALUES (3670018,
	3670023,
	1,
	'LOG::LogSuccess(message:"Instance of C in state Waiting") ;
generate scoc3:''Delete C''() to self;',
	'');
INSERT INTO SM_STATE
	VALUES (3670019,
	3670023,
	0,
	'Deleting',
	3,
	1);
INSERT INTO SM_CH
	VALUES (3670019,
	3670017,
	3670023,
	0,
	'');
INSERT INTO SM_SEME
	VALUES (3670019,
	3670017,
	3670023,
	0);
INSERT INTO SM_CH
	VALUES (3670019,
	3670018,
	3670023,
	0,
	'');
INSERT INTO SM_SEME
	VALUES (3670019,
	3670018,
	3670023,
	0);
INSERT INTO SM_CH
	VALUES (3670019,
	3670019,
	3670023,
	0,
	'');
INSERT INTO SM_SEME
	VALUES (3670019,
	3670019,
	3670023,
	0);
INSERT INTO SM_MOAH
	VALUES (3670019,
	3670023,
	3670019);
INSERT INTO SM_AH
	VALUES (3670019,
	3670023);
INSERT INTO SM_ACT
	VALUES (3670019,
	3670023,
	1,
	'select any driver from instances of SCD;
LOG::LogInfo(message:"Deleting instance of C") ;
generate SCD3:''B or C Deleted''() to driver;',
	'');
INSERT INTO SM_CRTXN
	VALUES (3670017,
	3670023,
	3670017,
	3670017);
INSERT INTO SM_TXN
	VALUES (3670017,
	3670023,
	3670017,
	0);
INSERT INTO SM_NSTXN
	VALUES (3670018,
	3670023,
	3670017,
	3670018,
	0);
INSERT INTO SM_TXN
	VALUES (3670018,
	3670023,
	3670018,
	0);
INSERT INTO SM_NSTXN
	VALUES (3670019,
	3670023,
	3670018,
	3670019,
	0);
INSERT INTO SM_TXN
	VALUES (3670019,
	3670023,
	3670019,
	0);
INSERT INTO GD_MD
	VALUES (3670017,
	8,
	3670023,
	40,
	1,
	0,
	1,
	1,
	0,
	12,
	1600,
	4199,
	1.000000,
	0);
INSERT INTO GD_GE
	VALUES (3670018,
	3670017,
	3670017,
	41);
INSERT INTO GD_SHP
	VALUES (3670018,
	1808,
	1312,
	2144,
	1392);
INSERT INTO GD_GE
	VALUES (3670019,
	3670017,
	3670018,
	41);
INSERT INTO GD_SHP
	VALUES (3670019,
	1808,
	1488,
	2144,
	1568);
INSERT INTO GD_GE
	VALUES (3670020,
	3670017,
	3670019,
	41);
INSERT INTO GD_SHP
	VALUES (3670020,
	1808,
	1648,
	2144,
	1728);
INSERT INTO GD_GE
	VALUES (3670021,
	3670017,
	3670017,
	42);
INSERT INTO GD_CON
	VALUES (3670021,
	3670018,
	0,
	0);
INSERT INTO GD_CTXT
	VALUES (3670021,
	0,
	0,
	0,
	0,
	0,
	0,
	1968,
	1264,
	2119,
	1301,
	0,
	-1,
	0,
	0,
	0,
	0,
	0,
	0);
INSERT INTO GD_LS
	VALUES (3670022,
	3670021,
	1984,
	1312,
	1984,
	1248,
	0);
INSERT INTO GD_GE
	VALUES (3670023,
	3670017,
	3670018,
	42);
INSERT INTO GD_CON
	VALUES (3670023,
	3670018,
	3670019,
	0);
INSERT INTO GD_CTXT
	VALUES (3670023,
	0,
	0,
	0,
	0,
	0,
	0,
	1968,
	1424,
	2105,
	1461,
	0,
	-1,
	0,
	0,
	0,
	0,
	0,
	0);
INSERT INTO GD_LS
	VALUES (3670024,
	3670023,
	1984,
	1392,
	1984,
	1488,
	0);
INSERT INTO GD_GE
	VALUES (3670025,
	3670017,
	3670019,
	42);
INSERT INTO GD_CON
	VALUES (3670025,
	3670019,
	3670020,
	0);
INSERT INTO GD_CTXT
	VALUES (3670025,
	0,
	0,
	0,
	0,
	0,
	0,
	1968,
	1587,
	2121,
	1630,
	0,
	-6,
	0,
	0,
	0,
	0,
	0,
	0);
INSERT INTO GD_LS
	VALUES (3670026,
	3670025,
	1984,
	1568,
	1984,
	1648,
	0);
INSERT INTO O_OBJ
	VALUES (6291463,
	'SC Object D Associative Object',
	7,
	'scod',
	'',
	6291468);
INSERT INTO O_REF
	VALUES (6291463,
	6291461,
	0,
	6291476,
	6291457,
	6291459,
	6291457,
	6291482,
	6291457,
	0,
	0,
	'');
INSERT INTO O_RATTR
	VALUES (6291482,
	6291463,
	6291476,
	6291461,
	1);
INSERT INTO O_ATTR
	VALUES (6291482,
	6291463,
	0,
	'scob_id',
	'',
	'',
	'scob_id',
	0,
	524296);
INSERT INTO O_REF
	VALUES (6291463,
	6291462,
	0,
	6291479,
	6291457,
	6291459,
	6291458,
	6291483,
	6291458,
	0,
	0,
	'');
INSERT INTO O_RATTR
	VALUES (6291483,
	6291463,
	6291479,
	6291462,
	1);
INSERT INTO O_ATTR
	VALUES (6291483,
	6291463,
	6291482,
	'scoc_id',
	'',
	'',
	'scoc_id',
	0,
	524296);
INSERT INTO O_NBATTR
	VALUES (6291484,
	6291463);
INSERT INTO O_BATTR
	VALUES (6291484,
	6291463);
INSERT INTO O_ATTR
	VALUES (6291484,
	6291463,
	6291483,
	'current_state',
	'',
	'',
	'current_state',
	0,
	524295);
INSERT INTO O_ID
	VALUES (0,
	6291463);
INSERT INTO O_OIDA
	VALUES (6291482,
	6291463,
	0);
INSERT INTO O_OIDA
	VALUES (6291483,
	6291463,
	0);
INSERT INTO SM_ISM
	VALUES (4194312,
	6291463);
INSERT INTO SM_SM
	VALUES (4194312,
	'',
	8);
INSERT INTO SM_MOORE
	VALUES (4194312);
INSERT INTO SM_LEVT
	VALUES (4194305,
	4194312,
	0);
INSERT INTO SM_SEVT
	VALUES (4194305,
	4194312,
	0);
INSERT INTO SM_EVT
	VALUES (4194305,
	4194312,
	0,
	1,
	'Created',
	0,
	'',
	'scod1',
	'');
INSERT INTO SM_LEVT
	VALUES (4194306,
	4194312,
	0);
INSERT INTO SM_SEVT
	VALUES (4194306,
	4194312,
	0);
INSERT INTO SM_EVT
	VALUES (4194306,
	4194312,
	0,
	2,
	'Delete a D',
	0,
	'',
	'scod2',
	'');
INSERT INTO SM_STATE
	VALUES (4194305,
	4194312,
	0,
	'Waiting',
	1,
	0);
INSERT INTO SM_SEME
	VALUES (4194305,
	4194305,
	4194312,
	0);
INSERT INTO SM_SEME
	VALUES (4194305,
	4194306,
	4194312,
	0);
INSERT INTO SM_MOAH
	VALUES (4194305,
	4194312,
	4194305);
INSERT INTO SM_AH
	VALUES (4194305,
	4194312);
INSERT INTO SM_ACT
	VALUES (4194305,
	4194312,
	1,
	'LOG::LogSuccess(message:"Instance of D in state Waiting") ;
generate scod2:''Delete a D''() to self;',
	'');
INSERT INTO SM_STATE
	VALUES (4194306,
	4194312,
	0,
	'Deleting',
	2,
	1);
INSERT INTO SM_CH
	VALUES (4194306,
	4194305,
	4194312,
	0,
	'');
INSERT INTO SM_SEME
	VALUES (4194306,
	4194305,
	4194312,
	0);
INSERT INTO SM_CH
	VALUES (4194306,
	4194306,
	4194312,
	0,
	'');
INSERT INTO SM_SEME
	VALUES (4194306,
	4194306,
	4194312,
	0);
INSERT INTO SM_MOAH
	VALUES (4194306,
	4194312,
	4194306);
INSERT INTO SM_AH
	VALUES (4194306,
	4194312);
INSERT INTO SM_ACT
	VALUES (4194306,
	4194312,
	1,
	'LOG::LogInfo(message:"Deleting instance of D") ;',
	'');
INSERT INTO SM_NSTXN
	VALUES (4194305,
	4194312,
	4194305,
	4194306,
	0);
INSERT INTO SM_TXN
	VALUES (4194305,
	4194312,
	4194306,
	0);
INSERT INTO SM_NSTXN
	VALUES (4194306,
	4194312,
	4194305,
	4194305,
	0);
INSERT INTO SM_TXN
	VALUES (4194306,
	4194312,
	4194305,
	0);
INSERT INTO GD_MD
	VALUES (4194305,
	8,
	4194312,
	40,
	1,
	0,
	1,
	1,
	0,
	12,
	1600,
	4199,
	1.000000,
	0);
INSERT INTO GD_GE
	VALUES (4194306,
	4194305,
	4194305,
	41);
INSERT INTO GD_SHP
	VALUES (4194306,
	1840,
	1296,
	2288,
	1408);
INSERT INTO GD_GE
	VALUES (4194307,
	4194305,
	4194306,
	41);
INSERT INTO GD_SHP
	VALUES (4194307,
	1840,
	1472,
	2288,
	1584);
INSERT INTO GD_GE
	VALUES (4194308,
	4194305,
	4194305,
	42);
INSERT INTO GD_CON
	VALUES (4194308,
	4194306,
	4194307,
	0);
INSERT INTO GD_CTXT
	VALUES (4194308,
	0,
	0,
	0,
	0,
	0,
	0,
	2099,
	1429,
	2225,
	1451,
	167,
	-2,
	0,
	0,
	0,
	0,
	0,
	0);
INSERT INTO GD_LS
	VALUES (4194349,
	4194308,
	2064,
	1408,
	2064,
	1472,
	0);
INSERT INTO GD_GE
	VALUES (4194310,
	4194305,
	4194306,
	42);
INSERT INTO GD_CON
	VALUES (4194310,
	4194306,
	4194306,
	0);
INSERT INTO GD_CTXT
	VALUES (4194310,
	0,
	0,
	0,
	0,
	0,
	0,
	1812,
	1220,
	1920,
	1242,
	16,
	-16,
	0,
	0,
	0,
	0,
	0,
	0);
INSERT INTO GD_LS
	VALUES (4194330,
	4194310,
	1840,
	1328,
	1808,
	1328,
	0);
INSERT INTO GD_LS
	VALUES (4194331,
	4194310,
	1808,
	1328,
	1808,
	1264,
	4194330);
INSERT INTO GD_LS
	VALUES (4194332,
	4194310,
	1808,
	1264,
	1888,
	1264,
	4194331);
INSERT INTO GD_LS
	VALUES (4194333,
	4194310,
	1888,
	1264,
	1888,
	1296,
	4194332);
INSERT INTO SM_ASM
	VALUES (4718601,
	6291463);
INSERT INTO SM_SM
	VALUES (4718601,
	'',
	9);
INSERT INTO SM_MOORE
	VALUES (4718601);
INSERT INTO SM_LEVT
	VALUES (4718593,
	4718601,
	0);
INSERT INTO SM_SEVT
	VALUES (4718593,
	4718601,
	0);
INSERT INTO SM_EVT
	VALUES (4718593,
	4718601,
	0,
	1,
	'Request a C',
	0,
	'',
	'scod_A1',
	'');
INSERT INTO SM_LEVT
	VALUES (4718594,
	4718601,
	0);
INSERT INTO SM_SEVT
	VALUES (4718594,
	4718601,
	0);
INSERT INTO SM_EVT
	VALUES (4718594,
	4718601,
	0,
	2,
	'C is Available',
	0,
	'',
	'scod_A2',
	'');
INSERT INTO SM_LEVT
	VALUES (4718595,
	4718601,
	0);
INSERT INTO SM_SEVT
	VALUES (4718595,
	4718601,
	0);
INSERT INTO SM_EVT
	VALUES (4718595,
	4718601,
	0,
	3,
	'B Assigned to C',
	0,
	'',
	'scod_A3',
	'');
INSERT INTO SM_STATE
	VALUES (4718593,
	4718601,
	0,
	'Waiting for a B Request',
	1,
	0);
INSERT INTO SM_SEME
	VALUES (4718593,
	4718593,
	4718601,
	0);
INSERT INTO SM_EIGN
	VALUES (4718593,
	4718594,
	4718601,
	0,
	'');
INSERT INTO SM_SEME
	VALUES (4718593,
	4718594,
	4718601,
	0);
INSERT INTO SM_CH
	VALUES (4718593,
	4718595,
	4718601,
	0,
	'');
INSERT INTO SM_SEME
	VALUES (4718593,
	4718595,
	4718601,
	0);
INSERT INTO SM_MOAH
	VALUES (4718593,
	4718601,
	4718593);
INSERT INTO SM_AH
	VALUES (4718593,
	4718601);
INSERT INTO SM_ACT
	VALUES (4718593,
	4718601,
	1,
	'// If there are any B''s with status ''Waiting for C'' and do not appear as an 
// instance of SC Object  D
assign found = FALSE;
select many bs from instances of scob;
for each b in bs
if (found == FALSE)
  if (b.status == "Waiting for a C")
     select one d related by b->scod[R1];
     if (empty d)
        assign found = TRUE;
        generate scod_A1:''Request a C''() to scod assigner;
     end if;
  end if;
end if;
end for;',
	'');
INSERT INTO SM_STATE
	VALUES (4718594,
	4718601,
	0,
	'Waiting for an Available C',
	2,
	0);
INSERT INTO SM_EIGN
	VALUES (4718594,
	4718593,
	4718601,
	0,
	'');
INSERT INTO SM_SEME
	VALUES (4718594,
	4718593,
	4718601,
	0);
INSERT INTO SM_SEME
	VALUES (4718594,
	4718594,
	4718601,
	0);
INSERT INTO SM_CH
	VALUES (4718594,
	4718595,
	4718601,
	0,
	'');
INSERT INTO SM_SEME
	VALUES (4718594,
	4718595,
	4718601,
	0);
INSERT INTO SM_MOAH
	VALUES (4718594,
	4718601,
	4718594);
INSERT INTO SM_AH
	VALUES (4718594,
	4718601);
INSERT INTO SM_ACT
	VALUES (4718594,
	4718601,
	1,
	'// If there are any C''s with status ''C is Available'' and do not appear as an 
// instance of SC Object  D
assign found = FALSE;
select many cs from instances of scoc;
for each c in cs
if (found == FALSE)
  if (c.status == "C is Available")
     select one d related by c->scod[R1];
     if (empty d)
        assign found = TRUE;
        generate scod_A2:''C is Available''() to scod assigner;
     end if;
  end if;
end if;
end for;',
	'');
INSERT INTO SM_STATE
	VALUES (4718595,
	4718601,
	0,
	'Assigning B to C',
	3,
	0);
INSERT INTO SM_EIGN
	VALUES (4718595,
	4718593,
	4718601,
	0,
	'');
INSERT INTO SM_SEME
	VALUES (4718595,
	4718593,
	4718601,
	0);
INSERT INTO SM_EIGN
	VALUES (4718595,
	4718594,
	4718601,
	0,
	'');
INSERT INTO SM_SEME
	VALUES (4718595,
	4718594,
	4718601,
	0);
INSERT INTO SM_SEME
	VALUES (4718595,
	4718595,
	4718601,
	0);
INSERT INTO SM_MOAH
	VALUES (4718595,
	4718601,
	4718595);
INSERT INTO SM_AH
	VALUES (4718595,
	4718601);
INSERT INTO SM_ACT
	VALUES (4718595,
	4718601,
	1,
	'Select many bs from instances of scob;
Assign b_found = FALSE;
For each b in bs
    // Check for b waiting for C
    If (b.status == "Waiting for a C")
    Select one d related by b->scod[R1];
    If (empty d)
        If (b_found == FALSE)
            Assign b_found = TRUE;
            Assign c_found = FALSE;
            Select many cs from instances of scoc;
            For each c in cs
                If (c.status == "C is Available")
                Select one d related by c->scod[R1];
                If (empty d)
                    If (c_found == FALSE)
                        Assign c_found = TRUE;
                        Create object instance oid of scod;
                        Relate b to c across R1 using oid;
                        Generate scod1:''Created''() to oid;
                        Generate scob2:''Assigned to C''() to b;
                        Generate scoc2:''Assigned to B''() to c;
                        Generate scod_A3:''B Assigned to C''() to scod assigner;
                        Generate SCOE_A1:''Event from other Assigner''(val:10)  to SCOE assigner;
                   End if;
                End if;
                End if;
            End for;
        End if; 
    End if;
    End if;
End for;',
	'');
INSERT INTO SM_NSTXN
	VALUES (4718593,
	4718601,
	4718593,
	4718593,
	0);
INSERT INTO SM_TXN
	VALUES (4718593,
	4718601,
	4718594,
	0);
INSERT INTO SM_NSTXN
	VALUES (4718594,
	4718601,
	4718594,
	4718594,
	0);
INSERT INTO SM_TXN
	VALUES (4718594,
	4718601,
	4718595,
	0);
INSERT INTO SM_NSTXN
	VALUES (4718595,
	4718601,
	4718595,
	4718595,
	0);
INSERT INTO SM_TXN
	VALUES (4718595,
	4718601,
	4718593,
	0);
INSERT INTO GD_MD
	VALUES (4718593,
	10,
	4718601,
	40,
	1,
	0,
	1,
	1,
	0,
	12,
	1600,
	4200,
	1.000000,
	0);
INSERT INTO GD_GE
	VALUES (4718594,
	4718593,
	4718593,
	41);
INSERT INTO GD_SHP
	VALUES (4718594,
	1888,
	1280,
	2144,
	1360);
INSERT INTO GD_GE
	VALUES (4718595,
	4718593,
	4718594,
	41);
INSERT INTO GD_SHP
	VALUES (4718595,
	1888,
	1440,
	2144,
	1520);
INSERT INTO GD_GE
	VALUES (4718596,
	4718593,
	4718595,
	41);
INSERT INTO GD_SHP
	VALUES (4718596,
	1888,
	1600,
	2144,
	1680);
INSERT INTO GD_GE
	VALUES (4718597,
	4718593,
	4718593,
	42);
INSERT INTO GD_CON
	VALUES (4718597,
	4718594,
	4718595,
	0);
INSERT INTO GD_CTXT
	VALUES (4718597,
	0,
	0,
	0,
	0,
	0,
	0,
	1686,
	1382,
	1844,
	1441,
	-154,
	-3,
	0,
	0,
	0,
	0,
	0,
	0);
INSERT INTO GD_LS
	VALUES (4718598,
	4718597,
	1888,
	1328,
	1856,
	1328,
	0);
INSERT INTO GD_LS
	VALUES (4718599,
	4718597,
	1856,
	1328,
	1856,
	1472,
	4718598);
INSERT INTO GD_LS
	VALUES (4718600,
	4718597,
	1856,
	1472,
	1888,
	1472,
	4718599);
INSERT INTO GD_GE
	VALUES (4718601,
	4718593,
	4718594,
	42);
INSERT INTO GD_CON
	VALUES (4718601,
	4718595,
	4718596,
	0);
INSERT INTO GD_CTXT
	VALUES (4718601,
	0,
	0,
	0,
	0,
	0,
	0,
	1695,
	1570,
	1869,
	1614,
	-145,
	9,
	0,
	0,
	0,
	0,
	0,
	0);
INSERT INTO GD_LS
	VALUES (4718602,
	4718601,
	1888,
	1504,
	1856,
	1504,
	0);
INSERT INTO GD_LS
	VALUES (4718603,
	4718601,
	1856,
	1504,
	1856,
	1648,
	4718602);
INSERT INTO GD_LS
	VALUES (4718604,
	4718601,
	1856,
	1648,
	1888,
	1648,
	4718603);
INSERT INTO GD_GE
	VALUES (4718605,
	4718593,
	4718595,
	42);
INSERT INTO GD_CON
	VALUES (4718605,
	4718596,
	4718594,
	0);
INSERT INTO GD_CTXT
	VALUES (4718605,
	0,
	0,
	0,
	0,
	0,
	0,
	2160,
	1472,
	2271,
	1527,
	0,
	7,
	0,
	0,
	0,
	0,
	0,
	0);
INSERT INTO GD_LS
	VALUES (4718606,
	4718605,
	2144,
	1648,
	2176,
	1648,
	0);
INSERT INTO GD_LS
	VALUES (4718607,
	4718605,
	2176,
	1648,
	2176,
	1312,
	4718606);
INSERT INTO GD_LS
	VALUES (4718608,
	4718605,
	2176,
	1312,
	2144,
	1312,
	4718607);
INSERT INTO O_OBJ
	VALUES (6291464,
	'SC Object E Associative Object',
	8,
	'SCOE',
	'',
	6291468);
INSERT INTO O_NBATTR
	VALUES (6291485,
	6291464);
INSERT INTO O_BATTR
	VALUES (6291485,
	6291464);
INSERT INTO O_ATTR
	VALUES (6291485,
	6291464,
	0,
	'scoe_id',
	'',
	'',
	'scoe_id',
	0,
	524294);
INSERT INTO O_REF
	VALUES (6291464,
	6291461,
	0,
	6291476,
	6291458,
	6291462,
	6291460,
	6291486,
	6291459,
	0,
	0,
	'');
INSERT INTO O_RATTR
	VALUES (6291486,
	6291464,
	6291476,
	6291461,
	1);
INSERT INTO O_ATTR
	VALUES (6291486,
	6291464,
	6291485,
	'scob_id',
	'',
	'',
	'scob_id',
	0,
	524296);
INSERT INTO O_REF
	VALUES (6291464,
	6291462,
	0,
	6291479,
	6291458,
	6291462,
	6291461,
	6291487,
	6291460,
	0,
	0,
	'');
INSERT INTO O_RATTR
	VALUES (6291487,
	6291464,
	6291479,
	6291462,
	1);
INSERT INTO O_ATTR
	VALUES (6291487,
	6291464,
	6291486,
	'scoc_id',
	'',
	'',
	'scoc_id',
	0,
	524296);
INSERT INTO O_ID
	VALUES (0,
	6291464);
INSERT INTO O_OIDA
	VALUES (6291485,
	6291464,
	0);
INSERT INTO O_ID
	VALUES (1,
	6291464);
INSERT INTO O_OIDA
	VALUES (6291487,
	6291464,
	1);
INSERT INTO O_OIDA
	VALUES (6291486,
	6291464,
	1);
INSERT INTO SM_ASM
	VALUES (5242890,
	6291464);
INSERT INTO SM_SM
	VALUES (5242890,
	'',
	10);
INSERT INTO SM_MOORE
	VALUES (5242890);
INSERT INTO SM_EVTDI
	VALUES (5242881,
	5242890,
	'val',
	'',
	524291);
INSERT INTO SM_LEVT
	VALUES (5242881,
	5242890,
	0);
INSERT INTO SM_SEVT
	VALUES (5242881,
	5242890,
	0);
INSERT INTO SM_EVT
	VALUES (5242881,
	5242890,
	0,
	1,
	'Event from other Assigner',
	0,
	'',
	'SCOE_A1',
	'');
INSERT INTO SM_STATE
	VALUES (5242881,
	5242890,
	0,
	'Idling',
	4,
	0);
INSERT INTO SM_SEME
	VALUES (5242881,
	5242881,
	5242890,
	0);
INSERT INTO SM_MOAH
	VALUES (5242881,
	5242890,
	5242881);
INSERT INTO SM_AH
	VALUES (5242881,
	5242890);
INSERT INTO SM_ACT
	VALUES (5242881,
	5242890,
	1,
	'LOG::LogSuccess(message:"Event received from other Assigner");',
	'');
INSERT INTO SM_STATE
	VALUES (5242882,
	5242890,
	0,
	'Other_Idling',
	2,
	0);
INSERT INTO SM_SEME
	VALUES (5242882,
	5242881,
	5242890,
	0);
INSERT INTO SM_MOAH
	VALUES (5242882,
	5242890,
	5242882);
INSERT INTO SM_AH
	VALUES (5242882,
	5242890);
INSERT INTO SM_ACT
	VALUES (5242882,
	5242890,
	1,
	'LOG::LogSuccess(message:"Event received from other Assigner") ;',
	'');
INSERT INTO SM_NSTXN
	VALUES (5242881,
	5242890,
	5242882,
	5242881,
	0);
INSERT INTO SM_TXN
	VALUES (5242881,
	5242890,
	5242881,
	0);
INSERT INTO SM_NSTXN
	VALUES (5242882,
	5242890,
	5242881,
	5242881,
	0);
INSERT INTO SM_TXN
	VALUES (5242882,
	5242890,
	5242882,
	0);
INSERT INTO GD_MD
	VALUES (5242881,
	10,
	5242890,
	40,
	1,
	0,
	1,
	1,
	0,
	12,
	1564,
	4199,
	0.982873,
	0);
INSERT INTO GD_GE
	VALUES (5242882,
	5242881,
	5242881,
	41);
INSERT INTO GD_SHP
	VALUES (5242882,
	1856,
	1312,
	2112,
	1440);
INSERT INTO GD_GE
	VALUES (5242883,
	5242881,
	5242882,
	41);
INSERT INTO GD_SHP
	VALUES (5242883,
	1856,
	1520,
	2112,
	1648);
INSERT INTO GD_GE
	VALUES (5242884,
	5242881,
	5242881,
	42);
INSERT INTO GD_CON
	VALUES (5242884,
	5242883,
	5242882,
	0);
INSERT INTO GD_CTXT
	VALUES (5242884,
	0,
	0,
	0,
	0,
	0,
	0,
	2063,
	1473,
	2360,
	1495,
	318,
	2,
	0,
	0,
	0,
	0,
	0,
	0);
INSERT INTO GD_LS
	VALUES (5242885,
	5242884,
	2048,
	1520,
	2048,
	1440,
	0);
INSERT INTO GD_GE
	VALUES (5242886,
	5242881,
	5242882,
	42);
INSERT INTO GD_CON
	VALUES (5242886,
	5242882,
	5242883,
	0);
INSERT INTO GD_CTXT
	VALUES (5242886,
	0,
	0,
	0,
	0,
	0,
	0,
	1586,
	1474,
	1883,
	1496,
	-15,
	3,
	0,
	0,
	0,
	0,
	0,
	0);
INSERT INTO GD_LS
	VALUES (5242887,
	5242886,
	1904,
	1440,
	1904,
	1520,
	0);
INSERT INTO R_ASSOC
	VALUES (6291457);
INSERT INTO R_REL
	VALUES (6291457,
	1,
	'',
	6291468);
INSERT INTO R_AONE
	VALUES (6291461,
	6291457,
	6291457,
	0,
	0,
	'');
INSERT INTO R_RTO
	VALUES (6291461,
	6291457,
	6291457,
	0);
INSERT INTO R_OIR
	VALUES (6291461,
	6291457,
	6291457,
	0);
INSERT INTO R_AOTH
	VALUES (6291462,
	6291457,
	6291458,
	0,
	0,
	'');
INSERT INTO R_RTO
	VALUES (6291462,
	6291457,
	6291458,
	0);
INSERT INTO R_OIR
	VALUES (6291462,
	6291457,
	6291458,
	0);
INSERT INTO R_ASSR
	VALUES (6291463,
	6291457,
	6291459,
	0);
INSERT INTO R_RGO
	VALUES (6291463,
	6291457,
	6291459);
INSERT INTO R_OIR
	VALUES (6291463,
	6291457,
	6291459,
	0);
INSERT INTO R_ASSOC
	VALUES (6291458);
INSERT INTO R_REL
	VALUES (6291458,
	2,
	'',
	6291468);
INSERT INTO R_AONE
	VALUES (6291461,
	6291458,
	6291460,
	0,
	0,
	'');
INSERT INTO R_RTO
	VALUES (6291461,
	6291458,
	6291460,
	0);
INSERT INTO R_OIR
	VALUES (6291461,
	6291458,
	6291460,
	0);
INSERT INTO R_AOTH
	VALUES (6291462,
	6291458,
	6291461,
	0,
	0,
	'');
INSERT INTO R_RTO
	VALUES (6291462,
	6291458,
	6291461,
	0);
INSERT INTO R_OIR
	VALUES (6291462,
	6291458,
	6291461,
	0);
INSERT INTO R_ASSR
	VALUES (6291464,
	6291458,
	6291462,
	0);
INSERT INTO R_RGO
	VALUES (6291464,
	6291458,
	6291462);
INSERT INTO R_OIR
	VALUES (6291464,
	6291458,
	6291462,
	0);
INSERT INTO GD_MD
	VALUES (6291470,
	5,
	6291468,
	11,
	1,
	0,
	1,
	1,
	0,
	12,
	1594,
	3896,
	0.788435,
	0);
INSERT INTO GD_GE
	VALUES (6291473,
	6291470,
	6291457,
	21);
INSERT INTO GD_SHP
	VALUES (6291473,
	2336,
	1776,
	2592,
	1968);
INSERT INTO GD_GE
	VALUES (6291475,
	6291470,
	6291459,
	21);
INSERT INTO GD_SHP
	VALUES (6291475,
	2336,
	1440,
	2592,
	1552);
INSERT INTO GD_GE
	VALUES (6291476,
	6291470,
	6291460,
	21);
INSERT INTO GD_SHP
	VALUES (6291476,
	2336,
	1568,
	2592,
	1760);
INSERT INTO GD_GE
	VALUES (6291477,
	6291470,
	6291461,
	21);
INSERT INTO GD_SHP
	VALUES (6291477,
	1616,
	1664,
	1872,
	1792);
INSERT INTO GD_GE
	VALUES (6291478,
	6291470,
	6291462,
	21);
INSERT INTO GD_SHP
	VALUES (6291478,
	2048,
	1664,
	2304,
	1792);
INSERT INTO GD_GE
	VALUES (6291479,
	6291470,
	6291463,
	21);
INSERT INTO GD_SHP
	VALUES (6291479,
	1824,
	1840,
	2080,
	1968);
INSERT INTO GD_GE
	VALUES (6291480,
	6291470,
	6291464,
	21);
INSERT INTO GD_SHP
	VALUES (6291480,
	1856,
	1472,
	2064,
	1616);
INSERT INTO GD_GE
	VALUES (6291506,
	6291470,
	6291457,
	24);
INSERT INTO GD_CON
	VALUES (6291506,
	6291477,
	6291478,
	0);
INSERT INTO GD_CTXT
	VALUES (6291506,
	0,
	0,
	0,
	0,
	0,
	0,
	1891,
	1715,
	1915,
	1737,
	-59,
	-17,
	0,
	0,
	0,
	0,
	0,
	0);
INSERT INTO GD_LS
	VALUES (6291664,
	6291506,
	1872,
	1760,
	2048,
	1760,
	0);
INSERT INTO GD_GE
	VALUES (6291508,
	6291470,
	0,
	-1);
INSERT INTO GD_CON
	VALUES (6291508,
	6291479,
	6291506,
	0);
INSERT INTO GD_CTXT
	VALUES (6291508,
	0,
	0,
	0,
	0,
	0,
	0,
	0,
	0,
	0,
	0,
	0,
	0,
	0,
	0,
	0,
	0,
	0,
	0);
INSERT INTO GD_LS
	VALUES (6291671,
	6291508,
	1952,
	1840,
	1952,
	1760,
	0);
INSERT INTO GD_GE
	VALUES (6291510,
	6291470,
	6291458,
	24);
INSERT INTO GD_CON
	VALUES (6291510,
	6291477,
	6291478,
	0);
INSERT INTO GD_CTXT
	VALUES (6291510,
	0,
	0,
	0,
	0,
	0,
	0,
	1948,
	1649,
	1972,
	1671,
	-2,
	-3,
	0,
	0,
	0,
	0,
	0,
	0);
INSERT INTO GD_LS
	VALUES (6291589,
	6291510,
	1872,
	1680,
	2048,
	1680,
	0);
INSERT INTO GD_GE
	VALUES (6291512,
	6291470,
	0,
	-1);
INSERT INTO GD_CON
	VALUES (6291512,
	6291480,
	6291510,
	0);
INSERT INTO GD_CTXT
	VALUES (6291512,
	0,
	0,
	0,
	0,
	0,
	0,
	0,
	0,
	0,
	0,
	0,
	0,
	0,
	0,
	0,
	0,
	0,
	0);
INSERT INTO GD_LS
	VALUES (6291608,
	6291512,
	1952,
	1616,
	1952,
	1680,
	0);
