-- BP 6.1D content: domain syschar: 3

INSERT INTO S_DOM
	VALUES (105001,
	'ims2',
	'This test deals with creating, relating, and then navigating to instances of classes by using the form:

select any(many or one) <instance> related by <instance handle>-><relationship 1>->...<relationship n>.

',
	0,
	1);
INSERT INTO S_CDT
	VALUES (524289,
	0);
INSERT INTO S_DT
	VALUES (524289,
	105001,
	'void',
	'');
INSERT INTO S_CDT
	VALUES (524290,
	1);
INSERT INTO S_DT
	VALUES (524290,
	105001,
	'boolean',
	'');
INSERT INTO S_CDT
	VALUES (524291,
	2);
INSERT INTO S_DT
	VALUES (524291,
	105001,
	'integer',
	'');
INSERT INTO S_CDT
	VALUES (524292,
	3);
INSERT INTO S_DT
	VALUES (524292,
	105001,
	'real',
	'');
INSERT INTO S_CDT
	VALUES (524293,
	4);
INSERT INTO S_DT
	VALUES (524293,
	105001,
	'string',
	'');
INSERT INTO S_CDT
	VALUES (524294,
	5);
INSERT INTO S_DT
	VALUES (524294,
	105001,
	'unique_id',
	'');
INSERT INTO S_CDT
	VALUES (524295,
	6);
INSERT INTO S_DT
	VALUES (524295,
	105001,
	'state<State_Model>',
	'');
INSERT INTO S_CDT
	VALUES (524296,
	7);
INSERT INTO S_DT
	VALUES (524296,
	105001,
	'same_as<Base_Attribute>',
	'');
INSERT INTO S_CDT
	VALUES (524297,
	8);
INSERT INTO S_DT
	VALUES (524297,
	105001,
	'inst_ref<Object>',
	'');
INSERT INTO S_CDT
	VALUES (524298,
	9);
INSERT INTO S_DT
	VALUES (524298,
	105001,
	'inst_ref_set<Object>',
	'');
INSERT INTO S_CDT
	VALUES (524299,
	10);
INSERT INTO S_DT
	VALUES (524299,
	105001,
	'inst<Event>',
	'');
INSERT INTO S_CDT
	VALUES (524300,
	11);
INSERT INTO S_DT
	VALUES (524300,
	105001,
	'inst<Mapping>',
	'');
INSERT INTO S_CDT
	VALUES (524301,
	12);
INSERT INTO S_DT
	VALUES (524301,
	105001,
	'inst_ref<Mapping>',
	'');
INSERT INTO S_UDT
	VALUES (524302,
	524300,
	1);
INSERT INTO S_DT
	VALUES (524302,
	105001,
	'date',
	'');
INSERT INTO S_UDT
	VALUES (524303,
	524300,
	2);
INSERT INTO S_DT
	VALUES (524303,
	105001,
	'timestamp',
	'');
INSERT INTO S_UDT
	VALUES (524304,
	524301,
	3);
INSERT INTO S_DT
	VALUES (524304,
	105001,
	'inst_ref<Timer>',
	'');
INSERT INTO S_EE
	VALUES (524290,
	'Logging',
	'',
	'LOG',
	105001);
INSERT INTO S_BRG
	VALUES (524304,
	524290,
	'LogSuccess',
	'',
	0,
	524289,
	'',
	1);
INSERT INTO S_BPARM
	VALUES (524311,
	524304,
	'message',
	524293,
	0);
INSERT INTO S_BRG
	VALUES (524305,
	524290,
	'LogFailure',
	'',
	0,
	524289,
	'',
	1);
INSERT INTO S_BPARM
	VALUES (524312,
	524305,
	'message',
	524293,
	0);
INSERT INTO S_BRG
	VALUES (524306,
	524290,
	'LogInfo',
	'',
	0,
	524289,
	'',
	1);
INSERT INTO S_BPARM
	VALUES (524313,
	524306,
	'message',
	524293,
	0);
INSERT INTO S_EE
	VALUES (524291,
	'Time',
	'',
	'TIM',
	105001);
INSERT INTO S_BRG
	VALUES (524307,
	524291,
	'current_date',
	'',
	1,
	524302,
	'',
	0);
INSERT INTO S_BRG
	VALUES (524308,
	524291,
	'create_date',
	'',
	1,
	524302,
	'',
	0);
INSERT INTO S_BPARM
	VALUES (524314,
	524308,
	'second',
	524291,
	0);
INSERT INTO S_BPARM
	VALUES (524315,
	524308,
	'minute',
	524291,
	0);
INSERT INTO S_BPARM
	VALUES (524316,
	524308,
	'hour',
	524291,
	0);
INSERT INTO S_BPARM
	VALUES (524317,
	524308,
	'day',
	524291,
	0);
INSERT INTO S_BPARM
	VALUES (524318,
	524308,
	'month',
	524291,
	0);
INSERT INTO S_BPARM
	VALUES (524319,
	524308,
	'year',
	524291,
	0);
INSERT INTO S_BRG
	VALUES (524309,
	524291,
	'get_second',
	'',
	1,
	524291,
	'',
	0);
INSERT INTO S_BPARM
	VALUES (524320,
	524309,
	'date',
	524302,
	0);
INSERT INTO S_BRG
	VALUES (524310,
	524291,
	'get_minute',
	'',
	1,
	524291,
	'',
	0);
INSERT INTO S_BPARM
	VALUES (524321,
	524310,
	'date',
	524302,
	0);
INSERT INTO S_BRG
	VALUES (524311,
	524291,
	'get_hour',
	'',
	1,
	524291,
	'',
	0);
INSERT INTO S_BPARM
	VALUES (524322,
	524311,
	'date',
	524302,
	0);
INSERT INTO S_BRG
	VALUES (524312,
	524291,
	'get_day',
	'',
	1,
	524291,
	'',
	0);
INSERT INTO S_BPARM
	VALUES (524323,
	524312,
	'date',
	524302,
	0);
INSERT INTO S_BRG
	VALUES (524313,
	524291,
	'get_month',
	'',
	1,
	524291,
	'',
	0);
INSERT INTO S_BPARM
	VALUES (524324,
	524313,
	'date',
	524302,
	0);
INSERT INTO S_BRG
	VALUES (524314,
	524291,
	'get_year',
	'',
	1,
	524291,
	'',
	0);
INSERT INTO S_BPARM
	VALUES (524325,
	524314,
	'date',
	524302,
	0);
INSERT INTO S_BRG
	VALUES (524315,
	524291,
	'current_clock',
	'',
	1,
	524303,
	'',
	0);
INSERT INTO S_BRG
	VALUES (524316,
	524291,
	'timer_start',
	'',
	1,
	524304,
	'',
	0);
INSERT INTO S_BPARM
	VALUES (524326,
	524316,
	'microseconds',
	524291,
	0);
INSERT INTO S_BPARM
	VALUES (524327,
	524316,
	'event_inst',
	524299,
	0);
INSERT INTO S_BRG
	VALUES (524317,
	524291,
	'timer_start_recurring',
	'',
	1,
	524304,
	'',
	0);
INSERT INTO S_BPARM
	VALUES (524328,
	524317,
	'microseconds',
	524291,
	0);
INSERT INTO S_BPARM
	VALUES (524329,
	524317,
	'event_inst',
	524299,
	0);
INSERT INTO S_BRG
	VALUES (524318,
	524291,
	'timer_remaining_time',
	'',
	1,
	524291,
	'',
	0);
INSERT INTO S_BPARM
	VALUES (524330,
	524318,
	'timer_inst_ref',
	524304,
	0);
INSERT INTO S_BRG
	VALUES (524319,
	524291,
	'timer_reset_time',
	'',
	1,
	524290,
	'',
	0);
INSERT INTO S_BPARM
	VALUES (524331,
	524319,
	'timer_inst_ref',
	524304,
	0);
INSERT INTO S_BPARM
	VALUES (524332,
	524319,
	'microseconds',
	524291,
	0);
INSERT INTO S_BRG
	VALUES (524320,
	524291,
	'timer_add_time',
	'',
	1,
	524290,
	'',
	0);
INSERT INTO S_BPARM
	VALUES (524333,
	524320,
	'timer_inst_ref',
	524304,
	0);
INSERT INTO S_BPARM
	VALUES (524334,
	524320,
	'microseconds',
	524291,
	0);
INSERT INTO S_BRG
	VALUES (524321,
	524291,
	'timer_cancel',
	'',
	1,
	524290,
	'',
	0);
INSERT INTO S_BPARM
	VALUES (524335,
	524321,
	'timer_inst_ref',
	524304,
	0);
INSERT INTO S_EE
	VALUES (524292,
	'Architecture',
	'',
	'ARCH',
	105001);
INSERT INTO S_BRG
	VALUES (524322,
	524292,
	'shutdown',
	'',
	0,
	524289,
	'control stop;',
	1);
INSERT INTO GD_MD
	VALUES (524289,
	1,
	105001,
	1,
	1,
	0,
	1,
	1,
	0,
	12,
	1600,
	4199,
	1.000000,
	0);
INSERT INTO GD_GE
	VALUES (524375,
	524289,
	3145734,
	11);
INSERT INTO GD_SHP
	VALUES (524375,
	1808,
	1344,
	1968,
	1440);
INSERT INTO GD_GE
	VALUES (524378,
	524289,
	3670023,
	11);
INSERT INTO GD_SHP
	VALUES (524378,
	2032,
	1344,
	2192,
	1440);
INSERT INTO GD_GE
	VALUES (524301,
	524289,
	524290,
	12);
INSERT INTO GD_SHP
	VALUES (524301,
	1808,
	1600,
	1968,
	1696);
INSERT INTO GD_GE
	VALUES (524376,
	524289,
	524291,
	12);
INSERT INTO GD_SHP
	VALUES (524376,
	1808,
	1472,
	1968,
	1568);
INSERT INTO GD_GE
	VALUES (524377,
	524289,
	524292,
	12);
INSERT INTO GD_SHP
	VALUES (524377,
	2032,
	1472,
	2192,
	1568);
INSERT INTO S_SS
	VALUES (3145734,
	'ims2',
	'',
	'',
	1,
	105001,
	3145734);
INSERT INTO O_OBJ
	VALUES (3145729,
	'A',
	1,
	'A',
	'',
	3145734);
INSERT INTO O_NBATTR
	VALUES (3145729,
	3145729);
INSERT INTO O_BATTR
	VALUES (3145729,
	3145729);
INSERT INTO O_ATTR
	VALUES (3145729,
	3145729,
	0,
	'a_id',
	'',
	'',
	'a_id',
	0,
	524294);
INSERT INTO O_ID
	VALUES (0,
	3145729);
INSERT INTO O_OIDA
	VALUES (3145729,
	3145729,
	0);
INSERT INTO O_RTIDA
	VALUES (3145729,
	3145729,
	0,
	3145729,
	3145729);
INSERT INTO O_OBJ
	VALUES (3145730,
	'B',
	2,
	'B',
	'',
	3145734);
INSERT INTO O_NBATTR
	VALUES (3145730,
	3145730);
INSERT INTO O_BATTR
	VALUES (3145730,
	3145730);
INSERT INTO O_ATTR
	VALUES (3145730,
	3145730,
	0,
	'b_id',
	'',
	'',
	'b_id',
	0,
	524294);
INSERT INTO O_REF
	VALUES (3145730,
	3145729,
	0,
	3145729,
	3145729,
	3145730,
	3145729,
	3145731,
	3145729,
	0,
	0,
	'');
INSERT INTO O_RATTR
	VALUES (3145731,
	3145730,
	3145729,
	3145729,
	1);
INSERT INTO O_ATTR
	VALUES (3145731,
	3145730,
	3145730,
	'a_id',
	'',
	'',
	'a_id',
	0,
	524296);
INSERT INTO O_ID
	VALUES (0,
	3145730);
INSERT INTO O_OIDA
	VALUES (3145730,
	3145730,
	0);
INSERT INTO O_RTIDA
	VALUES (3145730,
	3145730,
	0,
	3145730,
	3145731);
INSERT INTO O_OBJ
	VALUES (3145731,
	'C',
	3,
	'C',
	'',
	3145734);
INSERT INTO O_NBATTR
	VALUES (3145732,
	3145731);
INSERT INTO O_BATTR
	VALUES (3145732,
	3145731);
INSERT INTO O_ATTR
	VALUES (3145732,
	3145731,
	0,
	'c_id',
	'',
	'',
	'c_id',
	0,
	524293);
INSERT INTO O_REF
	VALUES (3145731,
	3145730,
	0,
	3145730,
	3145730,
	3145732,
	3145731,
	3145733,
	3145730,
	0,
	0,
	'');
INSERT INTO O_RATTR
	VALUES (3145733,
	3145731,
	3145730,
	3145730,
	1);
INSERT INTO O_ATTR
	VALUES (3145733,
	3145731,
	3145732,
	'b_id',
	'',
	'',
	'b_id',
	0,
	524296);
INSERT INTO O_ID
	VALUES (0,
	3145731);
INSERT INTO O_OIDA
	VALUES (3145732,
	3145731,
	0);
INSERT INTO O_OBJ
	VALUES (3145732,
	'D',
	4,
	'D',
	'',
	3145734);
INSERT INTO O_NBATTR
	VALUES (3145734,
	3145732);
INSERT INTO O_BATTR
	VALUES (3145734,
	3145732);
INSERT INTO O_ATTR
	VALUES (3145734,
	3145732,
	0,
	'd_id',
	'',
	'',
	'd_id',
	0,
	524294);
INSERT INTO O_ID
	VALUES (0,
	3145732);
INSERT INTO O_OIDA
	VALUES (3145734,
	3145732,
	0);
INSERT INTO O_RTIDA
	VALUES (3145734,
	3145732,
	0,
	3145731,
	3145733);
INSERT INTO O_OBJ
	VALUES (3145733,
	'E',
	5,
	'E',
	'',
	3145734);
INSERT INTO O_NBATTR
	VALUES (3145735,
	3145733);
INSERT INTO O_BATTR
	VALUES (3145735,
	3145733);
INSERT INTO O_ATTR
	VALUES (3145735,
	3145733,
	0,
	'e_id',
	'',
	'',
	'e_id',
	0,
	524294);
INSERT INTO O_REF
	VALUES (3145733,
	3145732,
	0,
	3145734,
	3145731,
	3145734,
	3145733,
	3145736,
	3145731,
	0,
	0,
	'');
INSERT INTO O_RATTR
	VALUES (3145736,
	3145733,
	3145734,
	3145732,
	1);
INSERT INTO O_ATTR
	VALUES (3145736,
	3145733,
	3145735,
	'd_id',
	'',
	'',
	'd_id',
	0,
	524296);
INSERT INTO O_ID
	VALUES (0,
	3145733);
INSERT INTO O_OIDA
	VALUES (3145735,
	3145733,
	0);
INSERT INTO O_RTIDA
	VALUES (3145735,
	3145733,
	0,
	3145732,
	3145735);
INSERT INTO O_OBJ
	VALUES (3145734,
	'F',
	6,
	'F',
	'',
	3145734);
INSERT INTO O_NBATTR
	VALUES (3145737,
	3145734);
INSERT INTO O_BATTR
	VALUES (3145737,
	3145734);
INSERT INTO O_ATTR
	VALUES (3145737,
	3145734,
	0,
	'f_id',
	'',
	'',
	'f_id',
	0,
	524293);
INSERT INTO O_REF
	VALUES (3145734,
	3145733,
	0,
	3145735,
	3145732,
	3145736,
	3145735,
	3145738,
	3145732,
	0,
	0,
	'');
INSERT INTO O_RATTR
	VALUES (3145738,
	3145734,
	3145735,
	3145733,
	1);
INSERT INTO O_ATTR
	VALUES (3145738,
	3145734,
	3145737,
	'e_id',
	'',
	'',
	'e_id',
	0,
	524296);
INSERT INTO O_ID
	VALUES (0,
	3145734);
INSERT INTO O_OIDA
	VALUES (3145737,
	3145734,
	0);
INSERT INTO O_OBJ
	VALUES (3145735,
	'G',
	7,
	'G',
	'',
	3145734);
INSERT INTO O_NBATTR
	VALUES (3145739,
	3145735);
INSERT INTO O_BATTR
	VALUES (3145739,
	3145735);
INSERT INTO O_ATTR
	VALUES (3145739,
	3145735,
	0,
	'g_id',
	'',
	'',
	'g_id',
	0,
	524294);
INSERT INTO O_ID
	VALUES (0,
	3145735);
INSERT INTO O_OIDA
	VALUES (3145739,
	3145735,
	0);
INSERT INTO O_RTIDA
	VALUES (3145739,
	3145735,
	0,
	3145733,
	3145737);
INSERT INTO O_OBJ
	VALUES (3145736,
	'H',
	8,
	'H',
	'',
	3145734);
INSERT INTO O_NBATTR
	VALUES (3145740,
	3145736);
INSERT INTO O_BATTR
	VALUES (3145740,
	3145736);
INSERT INTO O_ATTR
	VALUES (3145740,
	3145736,
	0,
	'h_id',
	'',
	'',
	'h_id',
	0,
	524294);
INSERT INTO O_REF
	VALUES (3145736,
	3145735,
	0,
	3145739,
	3145733,
	3145738,
	3145737,
	3145741,
	3145733,
	0,
	0,
	'');
INSERT INTO O_RATTR
	VALUES (3145741,
	3145736,
	3145739,
	3145735,
	1);
INSERT INTO O_ATTR
	VALUES (3145741,
	3145736,
	3145740,
	'g_id',
	'',
	'',
	'g_id',
	0,
	524296);
INSERT INTO O_REF
	VALUES (3145736,
	3145737,
	0,
	3145743,
	3145734,
	3145739,
	3145740,
	3145742,
	3145741,
	0,
	0,
	'');
INSERT INTO O_RATTR
	VALUES (3145742,
	3145736,
	3145743,
	3145737,
	1);
INSERT INTO O_ATTR
	VALUES (3145742,
	3145736,
	3145741,
	'i_id',
	'',
	'',
	'i_id',
	0,
	524296);
INSERT INTO O_ID
	VALUES (0,
	3145736);
INSERT INTO O_OIDA
	VALUES (3145740,
	3145736,
	0);
INSERT INTO O_OBJ
	VALUES (3145737,
	'I',
	9,
	'I',
	'',
	3145734);
INSERT INTO O_NBATTR
	VALUES (3145743,
	3145737);
INSERT INTO O_BATTR
	VALUES (3145743,
	3145737);
INSERT INTO O_ATTR
	VALUES (3145743,
	3145737,
	0,
	'i_id',
	'',
	'',
	'i_id',
	0,
	524293);
INSERT INTO O_ID
	VALUES (0,
	3145737);
INSERT INTO O_OIDA
	VALUES (3145743,
	3145737,
	0);
INSERT INTO O_RTIDA
	VALUES (3145743,
	3145737,
	0,
	3145734,
	3145740);
INSERT INTO O_OBJ
	VALUES (3145738,
	'J',
	10,
	'J',
	'',
	3145734);
INSERT INTO O_NBATTR
	VALUES (3145744,
	3145738);
INSERT INTO O_BATTR
	VALUES (3145744,
	3145738);
INSERT INTO O_ATTR
	VALUES (3145744,
	3145738,
	0,
	'j_id',
	'',
	'',
	'j_id',
	0,
	524294);
INSERT INTO O_ID
	VALUES (0,
	3145738);
INSERT INTO O_OIDA
	VALUES (3145744,
	3145738,
	0);
INSERT INTO O_RTIDA
	VALUES (3145744,
	3145738,
	0,
	3145735,
	3145741);
INSERT INTO O_OBJ
	VALUES (3145739,
	'K',
	11,
	'K',
	'',
	3145734);
INSERT INTO O_NBATTR
	VALUES (3145745,
	3145739);
INSERT INTO O_BATTR
	VALUES (3145745,
	3145739);
INSERT INTO O_ATTR
	VALUES (3145745,
	3145739,
	0,
	'k_id',
	'',
	'',
	'k_id',
	0,
	524294);
INSERT INTO O_REF
	VALUES (3145739,
	3145738,
	0,
	3145744,
	3145735,
	3145742,
	3145741,
	3145746,
	3145734,
	0,
	0,
	'');
INSERT INTO O_RATTR
	VALUES (3145746,
	3145739,
	3145744,
	3145738,
	1);
INSERT INTO O_ATTR
	VALUES (3145746,
	3145739,
	3145745,
	'j_id',
	'',
	'',
	'j_id',
	0,
	524296);
INSERT INTO O_ID
	VALUES (0,
	3145739);
INSERT INTO O_OIDA
	VALUES (3145745,
	3145739,
	0);
INSERT INTO O_RTIDA
	VALUES (3145745,
	3145739,
	0,
	3145736,
	3145743);
INSERT INTO O_OBJ
	VALUES (3145740,
	'L',
	12,
	'L',
	'',
	3145734);
INSERT INTO O_NBATTR
	VALUES (3145747,
	3145740);
INSERT INTO O_BATTR
	VALUES (3145747,
	3145740);
INSERT INTO O_ATTR
	VALUES (3145747,
	3145740,
	0,
	'l_id',
	'',
	'',
	'l_id',
	0,
	524293);
INSERT INTO O_REF
	VALUES (3145740,
	3145739,
	0,
	3145745,
	3145736,
	3145744,
	3145743,
	3145748,
	3145735,
	0,
	0,
	'');
INSERT INTO O_RATTR
	VALUES (3145748,
	3145740,
	3145745,
	3145739,
	1);
INSERT INTO O_ATTR
	VALUES (3145748,
	3145740,
	3145747,
	'k_id',
	'',
	'',
	'k_id',
	0,
	524296);
INSERT INTO O_ID
	VALUES (0,
	3145740);
INSERT INTO O_OIDA
	VALUES (3145747,
	3145740,
	0);
INSERT INTO O_OBJ
	VALUES (3145741,
	'M',
	13,
	'M',
	'',
	3145734);
INSERT INTO O_NBATTR
	VALUES (3145749,
	3145741);
INSERT INTO O_BATTR
	VALUES (3145749,
	3145741);
INSERT INTO O_ATTR
	VALUES (3145749,
	3145741,
	0,
	'm_id',
	'',
	'',
	'm_id',
	0,
	524294);
INSERT INTO O_ID
	VALUES (0,
	3145741);
INSERT INTO O_OIDA
	VALUES (3145749,
	3145741,
	0);
INSERT INTO O_RTIDA
	VALUES (3145749,
	3145741,
	0,
	3145737,
	3145745);
INSERT INTO O_OBJ
	VALUES (3145742,
	'N',
	14,
	'N',
	'',
	3145734);
INSERT INTO O_NBATTR
	VALUES (3145750,
	3145742);
INSERT INTO O_BATTR
	VALUES (3145750,
	3145742);
INSERT INTO O_ATTR
	VALUES (3145750,
	3145742,
	0,
	'n_id',
	'',
	'',
	'n_id',
	0,
	524294);
INSERT INTO O_REF
	VALUES (3145742,
	3145741,
	0,
	3145749,
	3145737,
	3145746,
	3145745,
	3145751,
	3145736,
	0,
	0,
	'');
INSERT INTO O_RATTR
	VALUES (3145751,
	3145742,
	3145749,
	3145741,
	1);
INSERT INTO O_ATTR
	VALUES (3145751,
	3145742,
	3145750,
	'm_id',
	'',
	'',
	'm_id',
	0,
	524296);
INSERT INTO O_ID
	VALUES (0,
	3145742);
INSERT INTO O_OIDA
	VALUES (3145750,
	3145742,
	0);
INSERT INTO O_RTIDA
	VALUES (3145750,
	3145742,
	0,
	3145738,
	3145747);
INSERT INTO O_OBJ
	VALUES (3145743,
	'O',
	15,
	'O',
	'',
	3145734);
INSERT INTO O_NBATTR
	VALUES (3145752,
	3145743);
INSERT INTO O_BATTR
	VALUES (3145752,
	3145743);
INSERT INTO O_ATTR
	VALUES (3145752,
	3145743,
	0,
	'o_id',
	'',
	'',
	'o_id',
	0,
	524293);
INSERT INTO O_REF
	VALUES (3145743,
	3145742,
	0,
	3145750,
	3145738,
	3145748,
	3145747,
	3145753,
	3145737,
	0,
	0,
	'');
INSERT INTO O_RATTR
	VALUES (3145753,
	3145743,
	3145750,
	3145742,
	1);
INSERT INTO O_ATTR
	VALUES (3145753,
	3145743,
	3145752,
	'n_id',
	'',
	'',
	'n_id',
	0,
	524296);
INSERT INTO O_ID
	VALUES (0,
	3145743);
INSERT INTO O_OIDA
	VALUES (3145752,
	3145743,
	0);
INSERT INTO O_OBJ
	VALUES (3145744,
	'P',
	16,
	'P',
	'',
	3145734);
INSERT INTO O_NBATTR
	VALUES (3145754,
	3145744);
INSERT INTO O_BATTR
	VALUES (3145754,
	3145744);
INSERT INTO O_ATTR
	VALUES (3145754,
	3145744,
	0,
	'p_id',
	'',
	'',
	'p_id',
	0,
	524294);
INSERT INTO O_ID
	VALUES (0,
	3145744);
INSERT INTO O_OIDA
	VALUES (3145754,
	3145744,
	0);
INSERT INTO O_RTIDA
	VALUES (3145754,
	3145744,
	0,
	3145739,
	3145749);
INSERT INTO O_OBJ
	VALUES (3145745,
	'Q',
	17,
	'Q',
	'',
	3145734);
INSERT INTO O_NBATTR
	VALUES (3145755,
	3145745);
INSERT INTO O_BATTR
	VALUES (3145755,
	3145745);
INSERT INTO O_ATTR
	VALUES (3145755,
	3145745,
	0,
	'q_id',
	'',
	'',
	'q_id',
	0,
	524294);
INSERT INTO O_REF
	VALUES (3145745,
	3145744,
	0,
	3145754,
	3145739,
	3145750,
	3145749,
	3145756,
	3145738,
	0,
	0,
	'');
INSERT INTO O_RATTR
	VALUES (3145756,
	3145745,
	3145754,
	3145744,
	1);
INSERT INTO O_ATTR
	VALUES (3145756,
	3145745,
	3145755,
	'p_id',
	'',
	'',
	'p_id',
	0,
	524296);
INSERT INTO O_REF
	VALUES (3145745,
	3145746,
	0,
	3145758,
	3145740,
	3145751,
	3145752,
	3145757,
	3145742,
	0,
	0,
	'');
INSERT INTO O_RATTR
	VALUES (3145757,
	3145745,
	3145758,
	3145746,
	1);
INSERT INTO O_ATTR
	VALUES (3145757,
	3145745,
	3145756,
	'r_id',
	'',
	'',
	'r_id',
	0,
	524296);
INSERT INTO O_ID
	VALUES (0,
	3145745);
INSERT INTO O_OIDA
	VALUES (3145755,
	3145745,
	0);
INSERT INTO O_OBJ
	VALUES (3145746,
	'R',
	18,
	'R',
	'',
	3145734);
INSERT INTO O_NBATTR
	VALUES (3145758,
	3145746);
INSERT INTO O_BATTR
	VALUES (3145758,
	3145746);
INSERT INTO O_ATTR
	VALUES (3145758,
	3145746,
	0,
	'r_id',
	'',
	'',
	'r_id',
	0,
	524293);
INSERT INTO O_ID
	VALUES (0,
	3145746);
INSERT INTO O_OIDA
	VALUES (3145758,
	3145746,
	0);
INSERT INTO O_RTIDA
	VALUES (3145758,
	3145746,
	0,
	3145740,
	3145752);
INSERT INTO O_OBJ
	VALUES (3145747,
	'S',
	19,
	'S',
	'',
	3145734);
INSERT INTO O_NBATTR
	VALUES (3145759,
	3145747);
INSERT INTO O_BATTR
	VALUES (3145759,
	3145747);
INSERT INTO O_ATTR
	VALUES (3145759,
	3145747,
	0,
	's_id',
	'',
	'',
	's_id',
	0,
	524294);
INSERT INTO O_REF
	VALUES (3145747,
	3145748,
	0,
	3145761,
	3145741,
	3145753,
	3145754,
	3145760,
	3145743,
	0,
	0,
	'');
INSERT INTO O_RATTR
	VALUES (3145760,
	3145747,
	3145761,
	3145748,
	1);
INSERT INTO O_ATTR
	VALUES (3145760,
	3145747,
	3145759,
	't_id',
	'',
	'',
	't_id',
	0,
	524296);
INSERT INTO O_ID
	VALUES (0,
	3145747);
INSERT INTO O_OIDA
	VALUES (3145759,
	3145747,
	0);
INSERT INTO O_OBJ
	VALUES (3145748,
	'T',
	20,
	'T',
	'',
	3145734);
INSERT INTO O_NBATTR
	VALUES (3145761,
	3145748);
INSERT INTO O_BATTR
	VALUES (3145761,
	3145748);
INSERT INTO O_ATTR
	VALUES (3145761,
	3145748,
	0,
	't_id',
	'',
	'',
	't_id',
	0,
	524294);
INSERT INTO O_ID
	VALUES (0,
	3145748);
INSERT INTO O_OIDA
	VALUES (3145761,
	3145748,
	0);
INSERT INTO O_RTIDA
	VALUES (3145761,
	3145748,
	0,
	3145741,
	3145754);
INSERT INTO O_RTIDA
	VALUES (3145761,
	3145748,
	0,
	3145742,
	3145755);
INSERT INTO O_OBJ
	VALUES (3145749,
	'U',
	21,
	'U',
	'',
	3145734);
INSERT INTO O_NBATTR
	VALUES (3145762,
	3145749);
INSERT INTO O_BATTR
	VALUES (3145762,
	3145749);
INSERT INTO O_ATTR
	VALUES (3145762,
	3145749,
	0,
	'u_id',
	'',
	'',
	'u_id',
	0,
	524293);
INSERT INTO O_REF
	VALUES (3145749,
	3145748,
	0,
	3145761,
	3145742,
	3145756,
	3145755,
	3145763,
	3145739,
	0,
	0,
	'');
INSERT INTO O_RATTR
	VALUES (3145763,
	3145749,
	3145761,
	3145748,
	1);
INSERT INTO O_ATTR
	VALUES (3145763,
	3145749,
	3145762,
	't_id',
	'',
	'',
	't_id',
	0,
	524296);
INSERT INTO O_ID
	VALUES (0,
	3145749);
INSERT INTO O_OIDA
	VALUES (3145762,
	3145749,
	0);
INSERT INTO O_OBJ
	VALUES (3145750,
	'V',
	22,
	'V',
	'',
	3145734);
INSERT INTO O_NBATTR
	VALUES (3145764,
	3145750);
INSERT INTO O_BATTR
	VALUES (3145764,
	3145750);
INSERT INTO O_ATTR
	VALUES (3145764,
	3145750,
	0,
	'v_id',
	'',
	'',
	'v_id',
	0,
	524294);
INSERT INTO O_REF
	VALUES (3145750,
	3145751,
	0,
	3145766,
	3145743,
	3145757,
	3145758,
	3145765,
	3145744,
	0,
	0,
	'');
INSERT INTO O_RATTR
	VALUES (3145765,
	3145750,
	3145766,
	3145751,
	1);
INSERT INTO O_ATTR
	VALUES (3145765,
	3145750,
	3145764,
	'w_id',
	'',
	'',
	'w_id',
	0,
	524296);
INSERT INTO O_ID
	VALUES (0,
	3145750);
INSERT INTO O_OIDA
	VALUES (3145764,
	3145750,
	0);
INSERT INTO O_OBJ
	VALUES (3145751,
	'W',
	23,
	'W',
	'',
	3145734);
INSERT INTO O_NBATTR
	VALUES (3145766,
	3145751);
INSERT INTO O_BATTR
	VALUES (3145766,
	3145751);
INSERT INTO O_ATTR
	VALUES (3145766,
	3145751,
	0,
	'w_id',
	'',
	'',
	'w_id',
	0,
	524294);
INSERT INTO O_ID
	VALUES (0,
	3145751);
INSERT INTO O_OIDA
	VALUES (3145766,
	3145751,
	0);
INSERT INTO O_RTIDA
	VALUES (3145766,
	3145751,
	0,
	3145743,
	3145758);
INSERT INTO O_RTIDA
	VALUES (3145766,
	3145751,
	0,
	3145744,
	3145759);
INSERT INTO O_OBJ
	VALUES (3145752,
	'X',
	24,
	'X',
	'',
	3145734);
INSERT INTO O_NBATTR
	VALUES (3145767,
	3145752);
INSERT INTO O_BATTR
	VALUES (3145767,
	3145752);
INSERT INTO O_ATTR
	VALUES (3145767,
	3145752,
	0,
	'x_id',
	'',
	'',
	'x_id',
	0,
	524293);
INSERT INTO O_REF
	VALUES (3145752,
	3145751,
	0,
	3145766,
	3145744,
	3145760,
	3145759,
	3145768,
	3145740,
	0,
	0,
	'');
INSERT INTO O_RATTR
	VALUES (3145768,
	3145752,
	3145766,
	3145751,
	1);
INSERT INTO O_ATTR
	VALUES (3145768,
	3145752,
	3145767,
	'w_id',
	'',
	'',
	'w_id',
	0,
	524296);
INSERT INTO O_ID
	VALUES (0,
	3145752);
INSERT INTO O_OIDA
	VALUES (3145767,
	3145752,
	0);
INSERT INTO O_OBJ
	VALUES (3145753,
	'Y',
	25,
	'Y',
	'',
	3145734);
INSERT INTO O_NBATTR
	VALUES (3145769,
	3145753);
INSERT INTO O_BATTR
	VALUES (3145769,
	3145753);
INSERT INTO O_ATTR
	VALUES (3145769,
	3145753,
	0,
	'y_id',
	'',
	'',
	'y_id',
	0,
	524294);
INSERT INTO O_REF
	VALUES (3145753,
	3145754,
	0,
	3145771,
	3145745,
	3145761,
	3145762,
	3145770,
	3145745,
	0,
	0,
	'');
INSERT INTO O_RATTR
	VALUES (3145770,
	3145753,
	3145771,
	3145754,
	1);
INSERT INTO O_ATTR
	VALUES (3145770,
	3145753,
	3145769,
	'z_id',
	'',
	'',
	'z_id',
	0,
	524296);
INSERT INTO O_ID
	VALUES (0,
	3145753);
INSERT INTO O_OIDA
	VALUES (3145769,
	3145753,
	0);
INSERT INTO O_OBJ
	VALUES (3145754,
	'Z',
	26,
	'Z',
	'',
	3145734);
INSERT INTO O_NBATTR
	VALUES (3145771,
	3145754);
INSERT INTO O_BATTR
	VALUES (3145771,
	3145754);
INSERT INTO O_ATTR
	VALUES (3145771,
	3145754,
	0,
	'z_id',
	'',
	'',
	'z_id',
	0,
	524294);
INSERT INTO O_REF
	VALUES (3145754,
	3145755,
	0,
	3145773,
	3145746,
	3145763,
	3145764,
	3145772,
	3145746,
	0,
	0,
	'');
INSERT INTO O_RATTR
	VALUES (3145772,
	3145754,
	3145773,
	3145755,
	1);
INSERT INTO O_ATTR
	VALUES (3145772,
	3145754,
	3145771,
	'aa_id',
	'',
	'',
	'aa_id',
	0,
	524296);
INSERT INTO O_ID
	VALUES (0,
	3145754);
INSERT INTO O_OIDA
	VALUES (3145771,
	3145754,
	0);
INSERT INTO O_RTIDA
	VALUES (3145771,
	3145754,
	0,
	3145745,
	3145762);
INSERT INTO O_OBJ
	VALUES (3145755,
	'AA',
	27,
	'AA',
	'',
	3145734);
INSERT INTO O_NBATTR
	VALUES (3145773,
	3145755);
INSERT INTO O_BATTR
	VALUES (3145773,
	3145755);
INSERT INTO O_ATTR
	VALUES (3145773,
	3145755,
	0,
	'aa_id',
	'',
	'',
	'aa_id',
	0,
	524293);
INSERT INTO O_ID
	VALUES (0,
	3145755);
INSERT INTO O_OIDA
	VALUES (3145773,
	3145755,
	0);
INSERT INTO O_RTIDA
	VALUES (3145773,
	3145755,
	0,
	3145746,
	3145764);
INSERT INTO O_OBJ
	VALUES (3145756,
	'BB',
	28,
	'BB',
	'',
	3145734);
INSERT INTO O_NBATTR
	VALUES (3145774,
	3145756);
INSERT INTO O_BATTR
	VALUES (3145774,
	3145756);
INSERT INTO O_ATTR
	VALUES (3145774,
	3145756,
	0,
	'aa_id',
	'',
	'',
	'aa_id',
	0,
	524294);
INSERT INTO O_REF
	VALUES (3145756,
	3145757,
	0,
	3145776,
	3145747,
	3145765,
	3145766,
	3145775,
	3145747,
	0,
	0,
	'');
INSERT INTO O_RATTR
	VALUES (3145775,
	3145756,
	3145776,
	3145757,
	1);
INSERT INTO O_ATTR
	VALUES (3145775,
	3145756,
	3145774,
	'cc_id',
	'',
	'',
	'cc_id',
	0,
	524296);
INSERT INTO O_ID
	VALUES (0,
	3145756);
INSERT INTO O_OIDA
	VALUES (3145774,
	3145756,
	0);
INSERT INTO O_OBJ
	VALUES (3145757,
	'CC',
	29,
	'CC',
	'',
	3145734);
INSERT INTO O_NBATTR
	VALUES (3145776,
	3145757);
INSERT INTO O_BATTR
	VALUES (3145776,
	3145757);
INSERT INTO O_ATTR
	VALUES (3145776,
	3145757,
	0,
	'cc_id',
	'',
	'',
	'cc_id',
	0,
	524293);
INSERT INTO O_ID
	VALUES (0,
	3145757);
INSERT INTO O_OIDA
	VALUES (3145776,
	3145757,
	0);
INSERT INTO O_RTIDA
	VALUES (3145776,
	3145757,
	0,
	3145747,
	3145766);
INSERT INTO R_SIMP
	VALUES (3145729);
INSERT INTO R_REL
	VALUES (3145729,
	1,
	'',
	3145734);
INSERT INTO R_PART
	VALUES (3145729,
	3145729,
	3145729,
	0,
	0,
	'');
INSERT INTO R_RTO
	VALUES (3145729,
	3145729,
	3145729,
	0);
INSERT INTO R_OIR
	VALUES (3145729,
	3145729,
	3145729,
	0);
INSERT INTO R_FORM
	VALUES (3145730,
	3145729,
	3145730,
	0,
	0,
	'');
INSERT INTO R_RGO
	VALUES (3145730,
	3145729,
	3145730);
INSERT INTO R_OIR
	VALUES (3145730,
	3145729,
	3145730,
	0);
INSERT INTO R_SIMP
	VALUES (3145730);
INSERT INTO R_REL
	VALUES (3145730,
	2,
	'',
	3145734);
INSERT INTO R_PART
	VALUES (3145730,
	3145730,
	3145731,
	0,
	0,
	'');
INSERT INTO R_RTO
	VALUES (3145730,
	3145730,
	3145731,
	0);
INSERT INTO R_OIR
	VALUES (3145730,
	3145730,
	3145731,
	0);
INSERT INTO R_FORM
	VALUES (3145731,
	3145730,
	3145732,
	0,
	0,
	'');
INSERT INTO R_RGO
	VALUES (3145731,
	3145730,
	3145732);
INSERT INTO R_OIR
	VALUES (3145731,
	3145730,
	3145732,
	0);
INSERT INTO R_SIMP
	VALUES (3145731);
INSERT INTO R_REL
	VALUES (3145731,
	3,
	'',
	3145734);
INSERT INTO R_PART
	VALUES (3145732,
	3145731,
	3145733,
	0,
	0,
	'');
INSERT INTO R_RTO
	VALUES (3145732,
	3145731,
	3145733,
	0);
INSERT INTO R_OIR
	VALUES (3145732,
	3145731,
	3145733,
	0);
INSERT INTO R_FORM
	VALUES (3145733,
	3145731,
	3145734,
	0,
	0,
	'');
INSERT INTO R_RGO
	VALUES (3145733,
	3145731,
	3145734);
INSERT INTO R_OIR
	VALUES (3145733,
	3145731,
	3145734,
	0);
INSERT INTO R_SIMP
	VALUES (3145732);
INSERT INTO R_REL
	VALUES (3145732,
	4,
	'',
	3145734);
INSERT INTO R_PART
	VALUES (3145733,
	3145732,
	3145735,
	0,
	0,
	'');
INSERT INTO R_RTO
	VALUES (3145733,
	3145732,
	3145735,
	0);
INSERT INTO R_OIR
	VALUES (3145733,
	3145732,
	3145735,
	0);
INSERT INTO R_FORM
	VALUES (3145734,
	3145732,
	3145736,
	1,
	0,
	'');
INSERT INTO R_RGO
	VALUES (3145734,
	3145732,
	3145736);
INSERT INTO R_OIR
	VALUES (3145734,
	3145732,
	3145736,
	0);
INSERT INTO R_SIMP
	VALUES (3145733);
INSERT INTO R_REL
	VALUES (3145733,
	5,
	'',
	3145734);
INSERT INTO R_PART
	VALUES (3145735,
	3145733,
	3145737,
	0,
	0,
	'');
INSERT INTO R_RTO
	VALUES (3145735,
	3145733,
	3145737,
	0);
INSERT INTO R_OIR
	VALUES (3145735,
	3145733,
	3145737,
	0);
INSERT INTO R_FORM
	VALUES (3145736,
	3145733,
	3145738,
	0,
	0,
	'');
INSERT INTO R_RGO
	VALUES (3145736,
	3145733,
	3145738);
INSERT INTO R_OIR
	VALUES (3145736,
	3145733,
	3145738,
	0);
INSERT INTO R_SIMP
	VALUES (3145734);
INSERT INTO R_REL
	VALUES (3145734,
	6,
	'',
	3145734);
INSERT INTO R_FORM
	VALUES (3145736,
	3145734,
	3145739,
	1,
	0,
	'');
INSERT INTO R_RGO
	VALUES (3145736,
	3145734,
	3145739);
INSERT INTO R_OIR
	VALUES (3145736,
	3145734,
	3145739,
	0);
INSERT INTO R_PART
	VALUES (3145737,
	3145734,
	3145740,
	0,
	0,
	'');
INSERT INTO R_RTO
	VALUES (3145737,
	3145734,
	3145740,
	0);
INSERT INTO R_OIR
	VALUES (3145737,
	3145734,
	3145740,
	0);
INSERT INTO R_SIMP
	VALUES (3145735);
INSERT INTO R_REL
	VALUES (3145735,
	7,
	'',
	3145734);
INSERT INTO R_PART
	VALUES (3145738,
	3145735,
	3145741,
	0,
	0,
	'');
INSERT INTO R_RTO
	VALUES (3145738,
	3145735,
	3145741,
	0);
INSERT INTO R_OIR
	VALUES (3145738,
	3145735,
	3145741,
	0);
INSERT INTO R_FORM
	VALUES (3145739,
	3145735,
	3145742,
	1,
	0,
	'');
INSERT INTO R_RGO
	VALUES (3145739,
	3145735,
	3145742);
INSERT INTO R_OIR
	VALUES (3145739,
	3145735,
	3145742,
	0);
INSERT INTO R_SIMP
	VALUES (3145736);
INSERT INTO R_REL
	VALUES (3145736,
	8,
	'',
	3145734);
INSERT INTO R_PART
	VALUES (3145739,
	3145736,
	3145743,
	0,
	0,
	'');
INSERT INTO R_RTO
	VALUES (3145739,
	3145736,
	3145743,
	0);
INSERT INTO R_OIR
	VALUES (3145739,
	3145736,
	3145743,
	0);
INSERT INTO R_FORM
	VALUES (3145740,
	3145736,
	3145744,
	0,
	0,
	'');
INSERT INTO R_RGO
	VALUES (3145740,
	3145736,
	3145744);
INSERT INTO R_OIR
	VALUES (3145740,
	3145736,
	3145744,
	0);
INSERT INTO R_SIMP
	VALUES (3145737);
INSERT INTO R_REL
	VALUES (3145737,
	9,
	'',
	3145734);
INSERT INTO R_PART
	VALUES (3145741,
	3145737,
	3145745,
	0,
	0,
	'');
INSERT INTO R_RTO
	VALUES (3145741,
	3145737,
	3145745,
	0);
INSERT INTO R_OIR
	VALUES (3145741,
	3145737,
	3145745,
	0);
INSERT INTO R_FORM
	VALUES (3145742,
	3145737,
	3145746,
	1,
	0,
	'');
INSERT INTO R_RGO
	VALUES (3145742,
	3145737,
	3145746);
INSERT INTO R_OIR
	VALUES (3145742,
	3145737,
	3145746,
	0);
INSERT INTO R_SIMP
	VALUES (3145738);
INSERT INTO R_REL
	VALUES (3145738,
	10,
	'',
	3145734);
INSERT INTO R_PART
	VALUES (3145742,
	3145738,
	3145747,
	0,
	0,
	'');
INSERT INTO R_RTO
	VALUES (3145742,
	3145738,
	3145747,
	0);
INSERT INTO R_OIR
	VALUES (3145742,
	3145738,
	3145747,
	0);
INSERT INTO R_FORM
	VALUES (3145743,
	3145738,
	3145748,
	1,
	0,
	'');
INSERT INTO R_RGO
	VALUES (3145743,
	3145738,
	3145748);
INSERT INTO R_OIR
	VALUES (3145743,
	3145738,
	3145748,
	0);
INSERT INTO R_SIMP
	VALUES (3145739);
INSERT INTO R_REL
	VALUES (3145739,
	11,
	'',
	3145734);
INSERT INTO R_PART
	VALUES (3145744,
	3145739,
	3145749,
	0,
	0,
	'');
INSERT INTO R_RTO
	VALUES (3145744,
	3145739,
	3145749,
	0);
INSERT INTO R_OIR
	VALUES (3145744,
	3145739,
	3145749,
	0);
INSERT INTO R_FORM
	VALUES (3145745,
	3145739,
	3145750,
	1,
	0,
	'');
INSERT INTO R_RGO
	VALUES (3145745,
	3145739,
	3145750);
INSERT INTO R_OIR
	VALUES (3145745,
	3145739,
	3145750,
	0);
INSERT INTO R_SIMP
	VALUES (3145740);
INSERT INTO R_REL
	VALUES (3145740,
	12,
	'',
	3145734);
INSERT INTO R_FORM
	VALUES (3145745,
	3145740,
	3145751,
	1,
	0,
	'');
INSERT INTO R_RGO
	VALUES (3145745,
	3145740,
	3145751);
INSERT INTO R_OIR
	VALUES (3145745,
	3145740,
	3145751,
	0);
INSERT INTO R_PART
	VALUES (3145746,
	3145740,
	3145752,
	0,
	0,
	'');
INSERT INTO R_RTO
	VALUES (3145746,
	3145740,
	3145752,
	0);
INSERT INTO R_OIR
	VALUES (3145746,
	3145740,
	3145752,
	0);
INSERT INTO R_SIMP
	VALUES (3145741);
INSERT INTO R_REL
	VALUES (3145741,
	13,
	'',
	3145734);
INSERT INTO R_FORM
	VALUES (3145747,
	3145741,
	3145753,
	1,
	0,
	'');
INSERT INTO R_RGO
	VALUES (3145747,
	3145741,
	3145753);
INSERT INTO R_OIR
	VALUES (3145747,
	3145741,
	3145753,
	0);
INSERT INTO R_PART
	VALUES (3145748,
	3145741,
	3145754,
	0,
	0,
	'');
INSERT INTO R_RTO
	VALUES (3145748,
	3145741,
	3145754,
	0);
INSERT INTO R_OIR
	VALUES (3145748,
	3145741,
	3145754,
	0);
INSERT INTO R_SIMP
	VALUES (3145742);
INSERT INTO R_REL
	VALUES (3145742,
	14,
	'',
	3145734);
INSERT INTO R_PART
	VALUES (3145748,
	3145742,
	3145755,
	0,
	0,
	'');
INSERT INTO R_RTO
	VALUES (3145748,
	3145742,
	3145755,
	0);
INSERT INTO R_OIR
	VALUES (3145748,
	3145742,
	3145755,
	0);
INSERT INTO R_FORM
	VALUES (3145749,
	3145742,
	3145756,
	0,
	0,
	'');
INSERT INTO R_RGO
	VALUES (3145749,
	3145742,
	3145756);
INSERT INTO R_OIR
	VALUES (3145749,
	3145742,
	3145756,
	0);
INSERT INTO R_SIMP
	VALUES (3145743);
INSERT INTO R_REL
	VALUES (3145743,
	15,
	'',
	3145734);
INSERT INTO R_FORM
	VALUES (3145750,
	3145743,
	3145757,
	1,
	0,
	'');
INSERT INTO R_RGO
	VALUES (3145750,
	3145743,
	3145757);
INSERT INTO R_OIR
	VALUES (3145750,
	3145743,
	3145757,
	0);
INSERT INTO R_PART
	VALUES (3145751,
	3145743,
	3145758,
	0,
	0,
	'');
INSERT INTO R_RTO
	VALUES (3145751,
	3145743,
	3145758,
	0);
INSERT INTO R_OIR
	VALUES (3145751,
	3145743,
	3145758,
	0);
INSERT INTO R_SIMP
	VALUES (3145744);
INSERT INTO R_REL
	VALUES (3145744,
	16,
	'',
	3145734);
INSERT INTO R_PART
	VALUES (3145751,
	3145744,
	3145759,
	0,
	0,
	'');
INSERT INTO R_RTO
	VALUES (3145751,
	3145744,
	3145759,
	0);
INSERT INTO R_OIR
	VALUES (3145751,
	3145744,
	3145759,
	0);
INSERT INTO R_FORM
	VALUES (3145752,
	3145744,
	3145760,
	1,
	0,
	'');
INSERT INTO R_RGO
	VALUES (3145752,
	3145744,
	3145760);
INSERT INTO R_OIR
	VALUES (3145752,
	3145744,
	3145760,
	0);
INSERT INTO R_SIMP
	VALUES (3145745);
INSERT INTO R_REL
	VALUES (3145745,
	17,
	'',
	3145734);
INSERT INTO R_FORM
	VALUES (3145753,
	3145745,
	3145761,
	1,
	0,
	'');
INSERT INTO R_RGO
	VALUES (3145753,
	3145745,
	3145761);
INSERT INTO R_OIR
	VALUES (3145753,
	3145745,
	3145761,
	0);
INSERT INTO R_PART
	VALUES (3145754,
	3145745,
	3145762,
	0,
	0,
	'');
INSERT INTO R_RTO
	VALUES (3145754,
	3145745,
	3145762,
	0);
INSERT INTO R_OIR
	VALUES (3145754,
	3145745,
	3145762,
	0);
INSERT INTO R_SIMP
	VALUES (3145746);
INSERT INTO R_REL
	VALUES (3145746,
	18,
	'',
	3145734);
INSERT INTO R_FORM
	VALUES (3145754,
	3145746,
	3145763,
	1,
	0,
	'');
INSERT INTO R_RGO
	VALUES (3145754,
	3145746,
	3145763);
INSERT INTO R_OIR
	VALUES (3145754,
	3145746,
	3145763,
	0);
INSERT INTO R_PART
	VALUES (3145755,
	3145746,
	3145764,
	0,
	0,
	'');
INSERT INTO R_RTO
	VALUES (3145755,
	3145746,
	3145764,
	0);
INSERT INTO R_OIR
	VALUES (3145755,
	3145746,
	3145764,
	0);
INSERT INTO R_SIMP
	VALUES (3145747);
INSERT INTO R_REL
	VALUES (3145747,
	19,
	'',
	3145734);
INSERT INTO R_FORM
	VALUES (3145756,
	3145747,
	3145765,
	1,
	0,
	'');
INSERT INTO R_RGO
	VALUES (3145756,
	3145747,
	3145765);
INSERT INTO R_OIR
	VALUES (3145756,
	3145747,
	3145765,
	0);
INSERT INTO R_PART
	VALUES (3145757,
	3145747,
	3145766,
	0,
	0,
	'');
INSERT INTO R_RTO
	VALUES (3145757,
	3145747,
	3145766,
	0);
INSERT INTO R_OIR
	VALUES (3145757,
	3145747,
	3145766,
	0);
INSERT INTO GD_MD
	VALUES (3145742,
	5,
	3145734,
	11,
	1,
	0,
	1,
	1,
	0,
	12,
	1600,
	4200,
	1.000000,
	0);
INSERT INTO GD_GE
	VALUES (3145745,
	3145742,
	3145729,
	21);
INSERT INTO GD_SHP
	VALUES (3145745,
	1728,
	1248,
	1856,
	1328);
INSERT INTO GD_GE
	VALUES (3145746,
	3145742,
	3145730,
	21);
INSERT INTO GD_SHP
	VALUES (3145746,
	1936,
	1248,
	2064,
	1328);
INSERT INTO GD_GE
	VALUES (3145747,
	3145742,
	3145731,
	21);
INSERT INTO GD_SHP
	VALUES (3145747,
	2144,
	1248,
	2272,
	1328);
INSERT INTO GD_GE
	VALUES (3145748,
	3145742,
	3145732,
	21);
INSERT INTO GD_SHP
	VALUES (3145748,
	1728,
	1360,
	1856,
	1440);
INSERT INTO GD_GE
	VALUES (3145749,
	3145742,
	3145733,
	21);
INSERT INTO GD_SHP
	VALUES (3145749,
	1936,
	1360,
	2064,
	1440);
INSERT INTO GD_GE
	VALUES (3145750,
	3145742,
	3145734,
	21);
INSERT INTO GD_SHP
	VALUES (3145750,
	2144,
	1360,
	2272,
	1440);
INSERT INTO GD_GE
	VALUES (3145751,
	3145742,
	3145735,
	21);
INSERT INTO GD_SHP
	VALUES (3145751,
	1728,
	1472,
	1856,
	1552);
INSERT INTO GD_GE
	VALUES (3145752,
	3145742,
	3145736,
	21);
INSERT INTO GD_SHP
	VALUES (3145752,
	1936,
	1472,
	2064,
	1568);
INSERT INTO GD_GE
	VALUES (3145753,
	3145742,
	3145737,
	21);
INSERT INTO GD_SHP
	VALUES (3145753,
	2144,
	1472,
	2272,
	1552);
INSERT INTO GD_GE
	VALUES (3145754,
	3145742,
	3145738,
	21);
INSERT INTO GD_SHP
	VALUES (3145754,
	1728,
	1584,
	1856,
	1664);
INSERT INTO GD_GE
	VALUES (3145755,
	3145742,
	3145739,
	21);
INSERT INTO GD_SHP
	VALUES (3145755,
	1936,
	1584,
	2064,
	1664);
INSERT INTO GD_GE
	VALUES (3145756,
	3145742,
	3145740,
	21);
INSERT INTO GD_SHP
	VALUES (3145756,
	2144,
	1584,
	2272,
	1664);
INSERT INTO GD_GE
	VALUES (3145757,
	3145742,
	3145741,
	21);
INSERT INTO GD_SHP
	VALUES (3145757,
	1728,
	1696,
	1856,
	1776);
INSERT INTO GD_GE
	VALUES (3145758,
	3145742,
	3145742,
	21);
INSERT INTO GD_SHP
	VALUES (3145758,
	1936,
	1696,
	2064,
	1776);
INSERT INTO GD_GE
	VALUES (3145759,
	3145742,
	3145743,
	21);
INSERT INTO GD_SHP
	VALUES (3145759,
	2144,
	1696,
	2272,
	1776);
INSERT INTO GD_GE
	VALUES (3145760,
	3145742,
	3145744,
	21);
INSERT INTO GD_SHP
	VALUES (3145760,
	1728,
	1808,
	1856,
	1888);
INSERT INTO GD_GE
	VALUES (3145761,
	3145742,
	3145745,
	21);
INSERT INTO GD_SHP
	VALUES (3145761,
	1936,
	1808,
	2064,
	1904);
INSERT INTO GD_GE
	VALUES (3145762,
	3145742,
	3145746,
	21);
INSERT INTO GD_SHP
	VALUES (3145762,
	2144,
	1808,
	2272,
	1888);
INSERT INTO GD_GE
	VALUES (3145763,
	3145742,
	3145747,
	21);
INSERT INTO GD_SHP
	VALUES (3145763,
	1728,
	1920,
	1856,
	2000);
INSERT INTO GD_GE
	VALUES (3145764,
	3145742,
	3145748,
	21);
INSERT INTO GD_SHP
	VALUES (3145764,
	1936,
	1920,
	2064,
	2000);
INSERT INTO GD_GE
	VALUES (3145765,
	3145742,
	3145749,
	21);
INSERT INTO GD_SHP
	VALUES (3145765,
	2144,
	1920,
	2272,
	2000);
INSERT INTO GD_GE
	VALUES (3145766,
	3145742,
	3145750,
	21);
INSERT INTO GD_SHP
	VALUES (3145766,
	1728,
	2032,
	1856,
	2112);
INSERT INTO GD_GE
	VALUES (3145767,
	3145742,
	3145751,
	21);
INSERT INTO GD_SHP
	VALUES (3145767,
	1936,
	2032,
	2064,
	2112);
INSERT INTO GD_GE
	VALUES (3145768,
	3145742,
	3145752,
	21);
INSERT INTO GD_SHP
	VALUES (3145768,
	2144,
	2032,
	2272,
	2112);
INSERT INTO GD_GE
	VALUES (3145769,
	3145742,
	3145753,
	21);
INSERT INTO GD_SHP
	VALUES (3145769,
	1728,
	2144,
	1856,
	2224);
INSERT INTO GD_GE
	VALUES (3145770,
	3145742,
	3145754,
	21);
INSERT INTO GD_SHP
	VALUES (3145770,
	1936,
	2144,
	2064,
	2224);
INSERT INTO GD_GE
	VALUES (3145771,
	3145742,
	3145755,
	21);
INSERT INTO GD_SHP
	VALUES (3145771,
	2144,
	2144,
	2272,
	2224);
INSERT INTO GD_GE
	VALUES (3145772,
	3145742,
	3145756,
	21);
INSERT INTO GD_SHP
	VALUES (3145772,
	1728,
	2256,
	1856,
	2336);
INSERT INTO GD_GE
	VALUES (3145773,
	3145742,
	3145757,
	21);
INSERT INTO GD_SHP
	VALUES (3145773,
	1936,
	2256,
	2064,
	2336);
INSERT INTO GD_GE
	VALUES (3145825,
	3145742,
	3145729,
	24);
INSERT INTO GD_CON
	VALUES (3145825,
	3145745,
	3145746,
	0);
INSERT INTO GD_CTXT
	VALUES (3145825,
	0,
	0,
	0,
	0,
	0,
	0,
	1872,
	1248,
	1922,
	1278,
	1,
	-7,
	0,
	0,
	0,
	0,
	0,
	0);
INSERT INTO GD_LS
	VALUES (3145826,
	3145825,
	1856,
	1280,
	1936,
	1280,
	0);
INSERT INTO GD_GE
	VALUES (3145827,
	3145742,
	3145730,
	24);
INSERT INTO GD_CON
	VALUES (3145827,
	3145746,
	3145747,
	0);
INSERT INTO GD_CTXT
	VALUES (3145827,
	0,
	0,
	0,
	0,
	0,
	0,
	2080,
	1248,
	2130,
	1278,
	1,
	-7,
	0,
	0,
	0,
	0,
	0,
	0);
INSERT INTO GD_LS
	VALUES (3145828,
	3145827,
	2064,
	1280,
	2144,
	1280,
	0);
INSERT INTO GD_GE
	VALUES (3145829,
	3145742,
	3145731,
	24);
INSERT INTO GD_CON
	VALUES (3145829,
	3145748,
	3145749,
	0);
INSERT INTO GD_CTXT
	VALUES (3145829,
	0,
	0,
	0,
	0,
	0,
	0,
	1872,
	1360,
	1922,
	1390,
	1,
	-7,
	0,
	0,
	0,
	0,
	0,
	0);
INSERT INTO GD_LS
	VALUES (3145830,
	3145829,
	1856,
	1392,
	1936,
	1392,
	0);
INSERT INTO GD_GE
	VALUES (3145831,
	3145742,
	3145732,
	24);
INSERT INTO GD_CON
	VALUES (3145831,
	3145749,
	3145750,
	0);
INSERT INTO GD_CTXT
	VALUES (3145831,
	0,
	0,
	0,
	0,
	0,
	0,
	2080,
	1360,
	2130,
	1390,
	1,
	-7,
	0,
	0,
	0,
	0,
	0,
	0);
INSERT INTO GD_LS
	VALUES (3145832,
	3145831,
	2064,
	1392,
	2144,
	1392,
	0);
INSERT INTO GD_GE
	VALUES (3145833,
	3145742,
	3145733,
	24);
INSERT INTO GD_CON
	VALUES (3145833,
	3145751,
	3145752,
	0);
INSERT INTO GD_CTXT
	VALUES (3145833,
	0,
	0,
	0,
	0,
	0,
	0,
	1872,
	1472,
	1922,
	1502,
	1,
	-7,
	0,
	0,
	0,
	0,
	0,
	0);
INSERT INTO GD_LS
	VALUES (3145834,
	3145833,
	1856,
	1504,
	1936,
	1504,
	0);
INSERT INTO GD_GE
	VALUES (3145835,
	3145742,
	3145734,
	24);
INSERT INTO GD_CON
	VALUES (3145835,
	3145752,
	3145753,
	0);
INSERT INTO GD_CTXT
	VALUES (3145835,
	0,
	0,
	0,
	0,
	0,
	0,
	2080,
	1472,
	2130,
	1502,
	1,
	-7,
	0,
	0,
	0,
	0,
	0,
	0);
INSERT INTO GD_LS
	VALUES (3145836,
	3145835,
	2064,
	1504,
	2144,
	1504,
	0);
INSERT INTO GD_GE
	VALUES (3145837,
	3145742,
	3145735,
	24);
INSERT INTO GD_CON
	VALUES (3145837,
	3145754,
	3145755,
	0);
INSERT INTO GD_CTXT
	VALUES (3145837,
	0,
	0,
	0,
	0,
	0,
	0,
	0,
	0,
	0,
	0,
	0,
	0,
	0,
	0,
	0,
	0,
	0,
	0);
INSERT INTO GD_LS
	VALUES (3145838,
	3145837,
	1856,
	1616,
	1936,
	1616,
	0);
INSERT INTO GD_GE
	VALUES (3145839,
	3145742,
	3145736,
	24);
INSERT INTO GD_CON
	VALUES (3145839,
	3145755,
	3145756,
	0);
INSERT INTO GD_CTXT
	VALUES (3145839,
	0,
	0,
	0,
	0,
	0,
	0,
	0,
	0,
	0,
	0,
	0,
	0,
	0,
	0,
	0,
	0,
	0,
	0);
INSERT INTO GD_LS
	VALUES (3145840,
	3145839,
	2064,
	1616,
	2144,
	1616,
	0);
INSERT INTO GD_GE
	VALUES (3145841,
	3145742,
	3145737,
	24);
INSERT INTO GD_CON
	VALUES (3145841,
	3145757,
	3145758,
	0);
INSERT INTO GD_CTXT
	VALUES (3145841,
	0,
	0,
	0,
	0,
	0,
	0,
	1872,
	1696,
	1922,
	1726,
	1,
	-7,
	0,
	0,
	0,
	0,
	0,
	0);
INSERT INTO GD_LS
	VALUES (3145842,
	3145841,
	1856,
	1728,
	1936,
	1728,
	0);
INSERT INTO GD_GE
	VALUES (3145843,
	3145742,
	3145738,
	24);
INSERT INTO GD_CON
	VALUES (3145843,
	3145758,
	3145759,
	0);
INSERT INTO GD_CTXT
	VALUES (3145843,
	0,
	0,
	0,
	0,
	0,
	0,
	2080,
	1696,
	2130,
	1726,
	1,
	-7,
	0,
	0,
	0,
	0,
	0,
	0);
INSERT INTO GD_LS
	VALUES (3145844,
	3145843,
	2064,
	1728,
	2144,
	1728,
	0);
INSERT INTO GD_GE
	VALUES (3145845,
	3145742,
	3145739,
	24);
INSERT INTO GD_CON
	VALUES (3145845,
	3145760,
	3145761,
	0);
INSERT INTO GD_CTXT
	VALUES (3145845,
	0,
	0,
	0,
	0,
	0,
	0,
	1872,
	1808,
	1922,
	1838,
	1,
	-7,
	0,
	0,
	0,
	0,
	0,
	0);
INSERT INTO GD_LS
	VALUES (3145846,
	3145845,
	1856,
	1840,
	1936,
	1840,
	0);
INSERT INTO GD_GE
	VALUES (3145847,
	3145742,
	3145740,
	24);
INSERT INTO GD_CON
	VALUES (3145847,
	3145761,
	3145762,
	0);
INSERT INTO GD_CTXT
	VALUES (3145847,
	0,
	0,
	0,
	0,
	0,
	0,
	2080,
	1808,
	2130,
	1838,
	1,
	-7,
	0,
	0,
	0,
	0,
	0,
	0);
INSERT INTO GD_LS
	VALUES (3145848,
	3145847,
	2064,
	1840,
	2144,
	1840,
	0);
INSERT INTO GD_GE
	VALUES (3145849,
	3145742,
	3145741,
	24);
INSERT INTO GD_CON
	VALUES (3145849,
	3145763,
	3145764,
	0);
INSERT INTO GD_CTXT
	VALUES (3145849,
	0,
	0,
	0,
	0,
	0,
	0,
	1872,
	1920,
	1922,
	1950,
	1,
	-7,
	0,
	0,
	0,
	0,
	0,
	0);
INSERT INTO GD_LS
	VALUES (3145850,
	3145849,
	1856,
	1952,
	1936,
	1952,
	0);
INSERT INTO GD_GE
	VALUES (3145851,
	3145742,
	3145742,
	24);
INSERT INTO GD_CON
	VALUES (3145851,
	3145764,
	3145765,
	0);
INSERT INTO GD_CTXT
	VALUES (3145851,
	0,
	0,
	0,
	0,
	0,
	0,
	2080,
	1920,
	2130,
	1950,
	1,
	-7,
	0,
	0,
	0,
	0,
	0,
	0);
INSERT INTO GD_LS
	VALUES (3145852,
	3145851,
	2064,
	1952,
	2144,
	1952,
	0);
INSERT INTO GD_GE
	VALUES (3145853,
	3145742,
	3145743,
	24);
INSERT INTO GD_CON
	VALUES (3145853,
	3145766,
	3145767,
	0);
INSERT INTO GD_CTXT
	VALUES (3145853,
	0,
	0,
	0,
	0,
	0,
	0,
	1872,
	2032,
	1922,
	2062,
	1,
	-7,
	0,
	0,
	0,
	0,
	0,
	0);
INSERT INTO GD_LS
	VALUES (3145854,
	3145853,
	1856,
	2064,
	1936,
	2064,
	0);
INSERT INTO GD_GE
	VALUES (3145855,
	3145742,
	3145744,
	24);
INSERT INTO GD_CON
	VALUES (3145855,
	3145767,
	3145768,
	0);
INSERT INTO GD_CTXT
	VALUES (3145855,
	0,
	0,
	0,
	0,
	0,
	0,
	2080,
	2032,
	2130,
	2062,
	1,
	-7,
	0,
	0,
	0,
	0,
	0,
	0);
INSERT INTO GD_LS
	VALUES (3145856,
	3145855,
	2064,
	2064,
	2144,
	2064,
	0);
INSERT INTO GD_GE
	VALUES (3145857,
	3145742,
	3145745,
	24);
INSERT INTO GD_CON
	VALUES (3145857,
	3145769,
	3145770,
	0);
INSERT INTO GD_CTXT
	VALUES (3145857,
	0,
	0,
	0,
	0,
	0,
	0,
	1872,
	2144,
	1922,
	2174,
	1,
	-7,
	0,
	0,
	0,
	0,
	0,
	0);
INSERT INTO GD_LS
	VALUES (3145858,
	3145857,
	1856,
	2176,
	1936,
	2176,
	0);
INSERT INTO GD_GE
	VALUES (3145859,
	3145742,
	3145746,
	24);
INSERT INTO GD_CON
	VALUES (3145859,
	3145770,
	3145771,
	0);
INSERT INTO GD_CTXT
	VALUES (3145859,
	0,
	0,
	0,
	0,
	0,
	0,
	2080,
	2144,
	2130,
	2174,
	1,
	-7,
	0,
	0,
	0,
	0,
	0,
	0);
INSERT INTO GD_LS
	VALUES (3145860,
	3145859,
	2064,
	2176,
	2144,
	2176,
	0);
INSERT INTO GD_GE
	VALUES (3145861,
	3145742,
	3145747,
	24);
INSERT INTO GD_CON
	VALUES (3145861,
	3145772,
	3145773,
	0);
INSERT INTO GD_CTXT
	VALUES (3145861,
	0,
	0,
	0,
	0,
	0,
	0,
	0,
	0,
	0,
	0,
	0,
	0,
	0,
	0,
	0,
	0,
	0,
	0);
INSERT INTO GD_LS
	VALUES (3145862,
	3145861,
	1856,
	2288,
	1936,
	2288,
	0);
INSERT INTO S_SS
	VALUES (3670023,
	'Driver',
	'',
	'',
	100,
	105001,
	3670023);
INSERT INTO O_OBJ
	VALUES (3670046,
	'Driver',
	100,
	'DR',
	'',
	3670023);
INSERT INTO O_NBATTR
	VALUES (3670065,
	3670046);
INSERT INTO O_BATTR
	VALUES (3670065,
	3670046);
INSERT INTO O_ATTR
	VALUES (3670065,
	3670046,
	0,
	'DRId',
	'',
	'',
	'DRId',
	0,
	524294);
INSERT INTO O_NBATTR
	VALUES (3670066,
	3670046);
INSERT INTO O_BATTR
	VALUES (3670066,
	3670046);
INSERT INTO O_ATTR
	VALUES (3670066,
	3670046,
	3670065,
	'current_state',
	'',
	'',
	'current_state',
	0,
	524295);
INSERT INTO O_ID
	VALUES (0,
	3670046);
INSERT INTO O_OIDA
	VALUES (3670065,
	3670046,
	0);
INSERT INTO SM_ISM
	VALUES (1048578,
	3670046);
INSERT INTO SM_SM
	VALUES (1048578,
	'',
	2);
INSERT INTO SM_MOORE
	VALUES (1048578);
INSERT INTO SM_LEVT
	VALUES (1048577,
	1048578,
	0);
INSERT INTO SM_SEVT
	VALUES (1048577,
	1048578,
	0);
INSERT INTO SM_EVT
	VALUES (1048577,
	1048578,
	0,
	1,
	'Next Test',
	0,
	'',
	'DR1',
	'');
INSERT INTO SM_LEVT
	VALUES (1048578,
	1048578,
	0);
INSERT INTO SM_SEVT
	VALUES (1048578,
	1048578,
	0);
INSERT INTO SM_EVT
	VALUES (1048578,
	1048578,
	0,
	2,
	'Start',
	0,
	'',
	'DR2',
	'');
INSERT INTO SM_STATE
	VALUES (1048577,
	1048578,
	0,
	'Test 1_1 1_1',
	1,
	0);
INSERT INTO SM_SEME
	VALUES (1048577,
	1048577,
	1048578,
	0);
INSERT INTO SM_CH
	VALUES (1048577,
	1048578,
	1048578,
	0,
	'');
INSERT INTO SM_SEME
	VALUES (1048577,
	1048578,
	1048578,
	0);
INSERT INTO SM_MOAH
	VALUES (1048577,
	1048578,
	1048577);
INSERT INTO SM_AH
	VALUES (1048577,
	1048578);
INSERT INTO SM_ACT
	VALUES (1048577,
	1048578,
	1,
	'// Create objects to be related
create object instance a1 of A;
create object instance b1 of B;
create object instance c1 of C;

assign c1.c_id = "c1";
relate a1 to b1 across R1;
relate b1 to c1 across R2;

// Create objects to be related
create object instance a2 of A;
create object instance b2 of B;
create object instance c2 of C;

assign c2.c_id = "c2";
relate a2 to b2 across R1;
relate b2 to c2 across R2;

// Create and id extra C objects to make test more interesting
create object instance c3 of C;
create object instance c4 of C;
assign c3.c_id = "c3";
assign c4.c_id = "c4";
// Get the log object to use for logging results
LOG::LogInfo(message:"Starting ABC Test") ;


// Select one C related to a1
select one c related by a1->B[R1]->C[R2];

// Make sure that the object returned has correct id
if ( c.c_id != "c1" )
  LOG::LogInfo(message:"Failure in Selecting c1 for a1->B[R1]->C[R2]");
end if;


// Select one C related to any in an inst_ref_set of A
select many as from instances of A;

select any c related by as->B[R1]->C[R2];

// Make sure that the object returned has c_id of either c1 or c2.
if ( c.c_id != "c1" )
  if ( c.c_id != "c2" ) 
    LOG::LogInfo(message:"Failure Selecting any c for as->B[R1]->C[R2]");
  end if;
end if;

// Select many cs related to any in  an inst_ref_set of A

select many cs related by as->B[R1]->C[R2];

for each c in cs
  if ( c.c_id != "c1" )
    if ( c.c_id != "c2" )
      LOG::LogInfo(message:"Failure Selecting many cs for as->B[R1]->C[R2}") ;
    end if;
  end if;
end for;

// do all the unrelates
unrelate a1 from b1 across R1;
unrelate b1 from c1 across R2;
unrelate a2 from b2 across R1;
unrelate b2 from c2 across R2;

// Destroy all the objects created for this test
delete object instance a1;
delete object instance a2;
delete object instance b1;
delete object instance b2;
delete object instance c1;
delete object instance c2;
delete object instance c3;
delete object instance c4;

// Start the next test
generate DR1:''Next Test''() to self;
',
	'');
INSERT INTO SM_STATE
	VALUES (1048578,
	1048578,
	0,
	'Test 1_1 1_M',
	2,
	0);
INSERT INTO SM_SEME
	VALUES (1048578,
	1048577,
	1048578,
	0);
INSERT INTO SM_CH
	VALUES (1048578,
	1048578,
	1048578,
	0,
	'');
INSERT INTO SM_SEME
	VALUES (1048578,
	1048578,
	1048578,
	0);
INSERT INTO SM_MOAH
	VALUES (1048578,
	1048578,
	1048578);
INSERT INTO SM_AH
	VALUES (1048578,
	1048578);
INSERT INTO SM_ACT
	VALUES (1048578,
	1048578,
	1,
	'// Create objects to be related
create object instance d1 of D;
create object instance e1 of E;
create object instance f1a of F;
create object instance f1b of F;
create object instance f1c of F;

assign f1a.f_id = "f1a";
assign f1b.f_id = "f1b";
assign f1c.f_id = "f1c";
relate d1 to e1 across R3;
relate e1 to f1a across R4;
relate e1 to f1b across R4;
relate e1 to f1c across R4;

// Create objects to be related
create object instance d2 of D;
create object instance e2 of E;
create object instance f2a of F;
create object instance f2b of F;
create object instance f2c of F;

assign f2a.f_id = "f2a";
assign f2b.f_id = "f2b";
assign f2c.f_id = "f2c";
relate d2 to e2 across R3;
relate e2 to f2a across R4;
relate e2 to f2b across R4;
relate e2 to f2c across R4;

// Create and id extra F objects to make test more interesting
create object instance f3 of F;
create object instance f4 of F;
assign f3.f_id = "f3";
assign f4.f_id = "f4";

LOG::LogInfo(message:"Starting DEF Test");

// Select one F related to any in an inst_ref_set of D
select many ds from instances of D;
select any f related by ds->E[R3]->F[R4];

//Make sure that the object returned has a valid value for f_id.

if ( f.f_id != "f1a" )
  if ( f.f_id != "f1b" )
    if ( f.f_id != "f1c" )
      if ( f.f_id != "f2a" )
        if ( f.f_id != "f2b" )
          if ( f.f_id != "f2c" )
            LOG::LogInfo(message:"Failure in Selecting any f for ds->E[R3]->F[R4]") ;
          end if;
        end if;
      end if;
    end if;
  end if;
end if;

// Select many fs related to any in an inst_ref_set of D
select many fs related by ds->E[R3]->F[R4];

//Make sure that the object returned has a valid value for f_id.

for each f in fs
  if ( f.f_id != "f1a" )
    if ( f.f_id != "f1b" )
      if ( f.f_id != "f1c" )
        if ( f.f_id != "f2a" )
          if ( f.f_id != "f2b" )
            if ( f.f_id != "f2c" )
              LOG::LogInfo(message:"Failure in Selecting many fs for ds->E[R3]->F[R4]");
            end if;
          end if;
        end if;
      end if;
    end if;
  end if;
end for;

// Do all of the unrelates
unrelate d1 from e1 across R3;
unrelate e1 from f1a across R4;
unrelate e1 from f1b across R4;
unrelate e1 from f1c across R4;
unrelate d2 from e2 across R3;
unrelate e2 from f2a across R4;
unrelate e2 from f2b across R4;
unrelate e2 from f2c across R4;

// Destroy all the objects created for this test
delete object instance d1;
delete object instance d2;
delete object instance e1;
delete object instance e2;
delete object instance f1a;
delete object instance f1b;
delete object instance f1c;
delete object instance f2a;
delete object instance f2b;
delete object instance f2c;
delete object instance f3;
delete object instance f4;

// Start the next test
generate DR1:''Next Test''() to self;
',
	'');
INSERT INTO SM_STATE
	VALUES (1048579,
	1048578,
	0,
	'Test 1_1 M_1',
	3,
	0);
INSERT INTO SM_SEME
	VALUES (1048579,
	1048577,
	1048578,
	0);
INSERT INTO SM_CH
	VALUES (1048579,
	1048578,
	1048578,
	0,
	'');
INSERT INTO SM_SEME
	VALUES (1048579,
	1048578,
	1048578,
	0);
INSERT INTO SM_MOAH
	VALUES (1048579,
	1048578,
	1048579);
INSERT INTO SM_AH
	VALUES (1048579,
	1048578);
INSERT INTO SM_ACT
	VALUES (1048579,
	1048578,
	1,
	'// Create objects to be related
create object instance g1a of G;
create object instance g1b of G;
create object instance h1a of H;
create object instance h1b of H;
create object instance i1 of I;

assign i1.i_id = "i1";
relate g1a to h1a across R5;
relate h1a to i1 across R6;
relate g1b to h1b across R5;
relate h1b to i1 across R6;

// Create objects to be related
create object instance g2a of G;
create object instance g2b of G;
create object instance h2a of H;
create object instance h2b of H;
create object instance i2 of I;

assign i2.i_id = "i2";
relate g2a to h2a across R5;
relate h2a to i2 across R6;
relate g2b to h2b across R5;
relate h2b to i2 across R6;


// Create and id extra I objects to make test more interesting
create object instance i3 of I;
create object instance i4 of I;
assign i3.i_id = "i3";
assign i4.i_id = "i4";

LOG::LogInfo(message:"Starting GHI Test");

// Select one I related to g1a
select one i related by g1a->H[R5]->I[R6];

if ( i.i_id != "i1" )
  LOG::LogInfo(message:"Failure in Selecting i1 for g1a->H[R5]->I[R6]");
end if;

// Select one I related to any in an inst_ref_set of G
select many gs from instances of G;
select any i related by gs->H[R5]->I[R6];

//Make sure that the object returned has an i_id of i1, or i2.
if ( i.i_id != "i1" )
  if ( i.i_id != "i2" )
    LOG::LogInfo(message:"Failure in Selecting any i for gs->H[R5]->I[R6]");
  end if;
end if;

// Select many is related to any in an inst_ref_set of G
select many is related by gs->H[R5]->I[R6];

//Make sure that the object returned has an i_id of i1, or i2.
for each i in is 
  if ( i.i_id != "i1" )
    if ( i.i_id != "i2" ) 
      LOG::LogInfo(message:"Failure in Selecting many is for gs->H[R5]->I[R6]") ;
    end if; 
  end if; 
end for;

// do all the unrelates
unrelate g1a from h1a across R5;
unrelate h1a from i1 across R6;
unrelate g1b from h1b across R5;
unrelate h1b from i1 across R6;
unrelate g2a from h2a across R5;
unrelate h2a from i2 across R6;
unrelate g2b from h2b across R5;
unrelate h2b from i2 across R6;

// Destroy all the objects created for this test
delete object instance g1a;
delete object instance g1b;
delete object instance h1a;
delete object instance h1b;
delete object instance i1;

delete object instance g2a;
delete object instance g2b;
delete object instance h2a;
delete object instance h2b;
delete object instance i2;

delete object instance i3;
delete object instance i4;

// Start the next test 
generate DR1:''Next Test''() to self;
',
	'');
INSERT INTO SM_STATE
	VALUES (1048580,
	1048578,
	0,
	'Test 1_M 1_1',
	4,
	0);
INSERT INTO SM_SEME
	VALUES (1048580,
	1048577,
	1048578,
	0);
INSERT INTO SM_CH
	VALUES (1048580,
	1048578,
	1048578,
	0,
	'');
INSERT INTO SM_SEME
	VALUES (1048580,
	1048578,
	1048578,
	0);
INSERT INTO SM_MOAH
	VALUES (1048580,
	1048578,
	1048580);
INSERT INTO SM_AH
	VALUES (1048580,
	1048578);
INSERT INTO SM_ACT
	VALUES (1048580,
	1048578,
	1,
	'// Create objects to be related
create object instance j1 of J;
create object instance k1a of K;
create object instance k1b of K;
create object instance l1a of L;
create object instance l1b of L;

assign l1a.l_id = "l1a";
assign l1b.l_id = "l1b";
relate j1 to k1a across R7;
relate j1 to k1b across R7;
relate k1a to l1a across R8;
relate k1b to l1b across R8;

// Create objects to be related
create object instance j2 of J;
create object instance k2a of K;
create object instance k2b of K;
create object instance l2a of L;
create object instance l2b of L;

assign l2a.l_id = "l2a";
assign l2b.l_id = "l2b";
relate j2 to k2a across R7;
relate j2 to k2b across R7;
relate k2a to l2a across R8;
relate k2b to l2b across R8;

// Create and id extra L objects to make test more interesting
create object instance l3 of L;
create object instance l4 of L;
assign l3.l_id = "l3";
assign l4.l_id = "l4";

LOG::LogInfo(message:"Starting JKL Test");

//
// Select one L related to any in an inst_ref_set of J
//
select many js from instances of J;
select any l related by js->K[R7]->L[R8];

//Make sure that the object returned has a valid value for l_id.
if ( l.l_id != "l1a" )
  if ( l.l_id != "l1b" )
    if ( l.l_id != "l2a" )
      if ( l.l_id != "l2b" )
        LOG::LogInfo(message:"Failure in Selecting any l for js->K[R7]->L[R8]") ;
      end if;
    end if;
  end if;
end if;

//
// Select many is related to any in an inst_ref_set of J
//
select many ls related by js->K[R7]->L[R8];

//Make sure that the objects returned have valid values for l_id.
for each l in ls 
  if ( l.l_id != "l1a" )
    if ( l.l_id != "l1b" ) 
      if ( l.l_id != "l2a" )
        if ( l.l_id != "l2b" )
          LOG::LogInfo(message:"Failure in Selecting many ls for js->K[R7]->L[R8]") ;
        end if;
      end if;
    end if; 
  end if; 
end for;

// unrelates
unrelate j1 from k1a across R7;
unrelate j1 from k1b across R7;
unrelate k1a from l1a across R8;
unrelate k1b from l1b across R8;
unrelate j2 from k2a across R7;
unrelate j2 from k2b across R7;
unrelate k2a from l2a across R8;
unrelate k2b from l2b across R8;

// Destroy all the objects created for this test
delete object instance j1;
delete object instance k1a;
delete object instance k1b;
delete object instance l1a;
delete object instance l1b;

delete object instance j2;
delete object instance k2a;
delete object instance k2b;
delete object instance l2a;
delete object instance l2b;

delete object instance l3;
delete object instance l4;

// Start the next test 
generate DR1:''Next Test''() to self;
',
	'');
INSERT INTO SM_STATE
	VALUES (1048581,
	1048578,
	0,
	'Test 1_M 1_M',
	5,
	0);
INSERT INTO SM_SEME
	VALUES (1048581,
	1048577,
	1048578,
	0);
INSERT INTO SM_CH
	VALUES (1048581,
	1048578,
	1048578,
	0,
	'');
INSERT INTO SM_SEME
	VALUES (1048581,
	1048578,
	1048578,
	0);
INSERT INTO SM_MOAH
	VALUES (1048581,
	1048578,
	1048581);
INSERT INTO SM_AH
	VALUES (1048581,
	1048578);
INSERT INTO SM_ACT
	VALUES (1048581,
	1048578,
	1,
	'// Create objects to be related
create object instance m1 of M;
create object instance n1a of N;
create object instance n1b of N;
create object instance o1a of O;
create object instance o1b of O;
create object instance o1c of O;
create object instance o1d of O;

assign o1a.o_id = "o1a";
assign o1b.o_id = "o1b";
assign o1c.o_id = "o1c";
assign o1d.o_id = "o1d";

relate m1 to n1a across R9;
relate m1 to n1b across R9;
relate n1a to o1a across R10;
relate n1a to o1b across R10;
relate n1b to o1c across R10;
relate n1b to o1d across R10;

// Create objects to be related
create object instance m2 of M;
create object instance n2a of N;
create object instance n2b of N;
create object instance o2a of O;
create object instance o2b of O;
create object instance o2c of O;
create object instance o2d of O;

assign o2a.o_id = "o2a";
assign o2b.o_id = "o2b";
assign o2c.o_id = "o2c";
assign o2d.o_id = "o2d";

relate m2 to n2a across R9;
relate m2 to n2b across R9;
relate n2a to o2a across R10;
relate n2a to o2b across R10;
relate n2b to o2c across R10;
relate n2b to o2d across R10;


// Create and id extra O objects to make test more interesting
create object instance o3 of O;
create object instance o4 of O;
assign o3.o_id = "o3";
assign o4.o_id = "o4";

LOG::LogInfo(message:"Starting MNO Test");

// Select one O related to any in an inst_ref_set of M
select many ms from instances of M;
select any o related by ms->N[R9]->O[R10];

//Make sure that the object returned has a valid value for o_id.

if (( o.o_id != "o1a" ) AND ( o.o_id != "o1b" ) AND ( o.o_id != "o1c" ) AND 
	( o.o_id != "o1d" ) AND ( o.o_id != "o2a" ) AND ( o.o_id != "o2b" )
	AND ( o.o_id != "o2c" ) AND ( o.o_id != "o2d" ))
                LOG::LogInfo(message:"Failure in Selecting any f for ds->N[R9]->O[R10]") ;
end if;

// Select many os related to any in an inst_ref_set of M
 select many os related by ms->N[R9]->O[R10];

//Make sure that the object returned has a valid value for o_id.

for each o in os
  if (( o.o_id != "o1a" ) AND ( o.o_id != "o1b" ) AND ( o.o_id != "o1c" ) AND 
	( o.o_id != "o1d" ) AND ( o.o_id != "o2a" ) AND ( o.o_id != "o2b" )
	AND ( o.o_id != "o2c" ) AND ( o.o_id != "o2d" ))
    LOG::LogInfo(message:"Failure in Selecting many fs for ds->N[R9]->O[R10]") ;
  end if;
end for;

// do unrelates
unrelate m1 from n1a across R9;
unrelate m1 from n1b across R9;
unrelate n1a from o1a across R10;
unrelate n1a from o1b across R10;
unrelate n1b from o1c across R10;
unrelate n1b from o1d across R10;

unrelate m2 from n2a across R9;
unrelate m2 from n2b across R9;
unrelate n2a from o2a across R10;
unrelate n2a from o2b across R10;
unrelate n2b from o2c across R10;
unrelate n2b from o2d across R10;

// Destroy all the objects created for this test
delete object instance m1;
delete object instance m2;
delete object instance n1a;
delete object instance n1b;
delete object instance n2a;
delete object instance n2b;
delete object instance o1a;
delete object instance o1b;
delete object instance o1c;
delete object instance o1d;
delete object instance o2a;
delete object instance o2b;
delete object instance o2c;
delete object instance o2d;
delete object instance o3;
delete object instance o4;

// Start the next test
generate DR1:''Next Test''() to self;
',
	'');
INSERT INTO SM_STATE
	VALUES (1048582,
	1048578,
	0,
	'Test 1_M M_1',
	6,
	0);
INSERT INTO SM_SEME
	VALUES (1048582,
	1048577,
	1048578,
	0);
INSERT INTO SM_CH
	VALUES (1048582,
	1048578,
	1048578,
	0,
	'');
INSERT INTO SM_SEME
	VALUES (1048582,
	1048578,
	1048578,
	0);
INSERT INTO SM_MOAH
	VALUES (1048582,
	1048578,
	1048582);
INSERT INTO SM_AH
	VALUES (1048582,
	1048578);
INSERT INTO SM_ACT
	VALUES (1048582,
	1048578,
	1,
	'// Create objects to be related
create object instance p1 of P;
create object instance q1a of Q;
create object instance q1b of Q;
create object instance r1 of R;

assign r1.r_id = "r1";
relate p1 to q1a across R11;
relate p1 to q1b across R11;
relate q1a to r1 across R12;
relate q1b to r1 across R12;

// Create objects to be related
create object instance p2 of P;
create object instance q2a of Q;
create object instance q2b of Q;
create object instance r2 of R;

assign r2.r_id = "r2";
relate p2 to q2a across R11;
relate p2 to q2b across R11;
relate q2a to r2 across R12;
relate q2b to r2 across R12;

// Create and id extra R objects to make test more interesting
create object instance r3 of R;
create object instance r4 of R;
assign r3.r_id = "r3";
assign r4.r_id = "r4";

// Get the log object to use for logging results
LOG::LogInfo(message:"Starting PQR Test") ;


// Select one R related to any in an inst_ref_set of P
select many ps from instances of P;
select any r related by ps->Q[R11]->R[R12];

// Make sure that the object returned has r_id of either r1 or r2.
if ( r.r_id != "r1" )
  if ( r.r_id != "r2" ) 
    LOG::LogInfo(message:"Failure Selecting any r for ps->Q[R11]->R[R12]") ;
  end if;
end if;

// Select many rs related to any in an inst_ref_set of P
select many rs related by ps->Q[R11]->R[R12];

for each r in rs
  if ( r.r_id != "r1" )
    if ( r.r_id != "r2" )
      LOG::LogInfo(message:"Failure Selecting many rs for ps->Q[R11]->R[R12}") ;
    end if;
  end if;
end for;

// do unrelates
unrelate p1 from q1a across R11;
unrelate p1 from q1b across R11;
unrelate q1a from r1 across R12;
unrelate q1b from r1 across R12;
unrelate p2 from q2a across R11;
unrelate p2 from q2b across R11;
unrelate q2a from r2 across R12;
unrelate q2b from r2 across R12;

// Destroy all the objects created for this test
delete object instance p1;
delete object instance p2;
delete object instance q1a;
delete object instance q1b;
delete object instance q2a;
delete object instance q2b;
delete object instance r1;
delete object instance r2;
delete object instance r3;
delete object instance r4;

// Start the next test
generate DR1:''Next Test''() to self;
',
	'');
INSERT INTO SM_STATE
	VALUES (1048583,
	1048578,
	0,
	'Test M_1 1_1',
	7,
	0);
INSERT INTO SM_SEME
	VALUES (1048583,
	1048577,
	1048578,
	0);
INSERT INTO SM_CH
	VALUES (1048583,
	1048578,
	1048578,
	0,
	'');
INSERT INTO SM_SEME
	VALUES (1048583,
	1048578,
	1048578,
	0);
INSERT INTO SM_MOAH
	VALUES (1048583,
	1048578,
	1048583);
INSERT INTO SM_AH
	VALUES (1048583,
	1048578);
INSERT INTO SM_ACT
	VALUES (1048583,
	1048578,
	1,
	'// Create objects to be related
create object instance s1a of S;
create object instance s1b of S;
create object instance t1 of T;
create object instance u1 of U;

assign u1.u_id = "u1";
relate s1a to t1 across R13;
relate s1b to t1 across R13;
relate t1 to u1 across R14;

// Create objects to be related
create object instance s2a of S;
create object instance s2b of S;
create object instance t2 of T;
create object instance u2 of U;

assign u2.u_id = "u2";
relate s2a to t2 across R13;
relate s2b to t2 across R13;
relate t2 to u2 across R14;

// Create and id extra U objects to make test more interesting
create object instance u3 of U;
create object instance u4 of U;
assign u3.u_id = "u3";
assign u4.u_id = "u4";


// Get the log object to use for logging results
LOG::LogInfo(message:"Starting STU Test") ;

// Select one U related to any in an inst_ref_set of S
select many ss from instances of S;
select any u related by ss->T[R13]->U[R14];

// Make sure that the object returned has u_id of either u1 or u2.
if ( u.u_id != "u1" )
  if ( u.u_id != "u2" ) 
    LOG::LogInfo(message:"Failure Selecting any u for ss->T[R13]->U[R14]") ;
  end if;
end if;

// Select many us related to any in an inst_ref_set of S
select many us related by ss->T[R13]->U[R14];

for each u in us
  if ( u.u_id != "u1" )
    if ( u.u_id != "u2" )
      LOG::LogInfo(message:"Failure Selecting many us for ss->T[R13]->U[R14}") ;
    end if;
  end if;
end for;

// unrelates
unrelate s1a from t1 across R13;
unrelate s1b from t1 across R13;
unrelate t1 from u1 across R14;
unrelate s2a from t2 across R13;
unrelate s2b from t2 across R13;
unrelate t2 from u2 across R14;

// Destroy all the objects created for this test
delete object instance s1a;
delete object instance s1b;
delete object instance s2a;
delete object instance s2b;
delete object instance t1;
delete object instance t2;
delete object instance u1;
delete object instance u2;
delete object instance u3;
delete object instance u4;

// Start the next test
generate DR1:''Next Test''() to self;
',
	'');
INSERT INTO SM_STATE
	VALUES (1048584,
	1048578,
	0,
	'Test M_1 1_M',
	8,
	0);
INSERT INTO SM_SEME
	VALUES (1048584,
	1048577,
	1048578,
	0);
INSERT INTO SM_CH
	VALUES (1048584,
	1048578,
	1048578,
	0,
	'');
INSERT INTO SM_SEME
	VALUES (1048584,
	1048578,
	1048578,
	0);
INSERT INTO SM_MOAH
	VALUES (1048584,
	1048578,
	1048584);
INSERT INTO SM_AH
	VALUES (1048584,
	1048578);
INSERT INTO SM_ACT
	VALUES (1048584,
	1048578,
	1,
	'// Create objects to be related
create object instance v1a of V;
create object instance v1b of V;
create object instance w1 of W;
create object instance x1a of X;
create object instance x1b of X;

assign x1a.x_id = "x1a";
assign x1b.x_id = "x1b";
relate v1a to w1 across R15;
relate v1b to w1 across R15;
relate w1 to x1a across R16;
relate w1 to x1b across R16;

// Create objects to be related
create object instance v2a of V;
create object instance v2b of V;
create object instance w2 of W;
create object instance x2a of X;
create object instance x2b of X;

assign x2a.x_id = "x2a";
assign x2b.x_id = "x2b";
relate v2a to w2 across R15;
relate v2b to w2 across R15;
relate w2 to x2a across R16;
relate w2 to x2b across R16;

// Create and id extra X objects to make test more interesting
create object instance x3 of X;
create object instance x4 of X;
assign x3.x_id = "x3";
assign x4.x_id = "x4";


// Get the log object to use for logging results
LOG::LogInfo(message:"Starting VWX Test") ;

// Select one X related to any in an inst_ref_set of V
select many vs from instances of V;
select any x related by vs->W[R15]->X[R16];

// Make sure that the object returned has x_id of either x1 or x2.
if ( x.x_id != "x1a" )
  if ( x.x_id != "x1b" )
    if ( x.x_id != "x2a" ) 
      if ( x.x_id != "x2b" ) 
        LOG::LogInfo(message:"Failure Selecting any x for vs->W[R15]->X[R16]") ;
      end if;
    end if;
  end if;
end if;

// Select many xs related to any in an inst_ref_set of V
select many xs related by vs->W[R15]->X[R16];

for each x in xs
  if ( x.x_id != "x1a" )
    if ( x.x_id != "x1b" )
      if ( x.x_id != "x2a" ) 
        if ( x.x_id != "x2b" ) 
          LOG::LogInfo(message:"Failure Selecting many xs for vs->w[R15]->X[R16}") ;
        end if;
      end if;
    end if;
  end if;
end for;

// unrelates
unrelate v1a from w1 across R15;
unrelate v1b from w1 across R15;
unrelate w1 from x1a across R16;
unrelate w1 from x1b across R16;
unrelate v2a from w2 across R15;
unrelate v2b from w2 across R15;
unrelate w2 from x2a across R16;
unrelate w2 from x2b across R16;


// Destroy all the objects created for this test
delete object instance v1a;
delete object instance v1b;
delete object instance v2a;
delete object instance v2b;
delete object instance w1;
delete object instance w2;
delete object instance x1a;
delete object instance x1b;
delete object instance x2a;
delete object instance x2b;
delete object instance x3;
delete object instance x4;

// Start the next test
generate DR1:''Next Test''() to self;
',
	'');
INSERT INTO SM_STATE
	VALUES (1048585,
	1048578,
	0,
	'Test M_1 M_1',
	9,
	0);
INSERT INTO SM_CH
	VALUES (1048585,
	1048577,
	1048578,
	0,
	'');
INSERT INTO SM_SEME
	VALUES (1048585,
	1048577,
	1048578,
	0);
INSERT INTO SM_CH
	VALUES (1048585,
	1048578,
	1048578,
	0,
	'');
INSERT INTO SM_SEME
	VALUES (1048585,
	1048578,
	1048578,
	0);
INSERT INTO SM_MOAH
	VALUES (1048585,
	1048578,
	1048585);
INSERT INTO SM_AH
	VALUES (1048585,
	1048578);
INSERT INTO SM_ACT
	VALUES (1048585,
	1048578,
	1,
	'// Create objects to be related
create object instance y1a of Y;
create object instance y1b of Y;
create object instance y1c of Y;
create object instance y1d of Y;
create object instance z1a of Z;
create object instance z1b of Z;
create object instance aa1 of AA;

assign aa1.aa_id = "aa1";
relate y1a to z1a across R17;
relate y1b to z1a across R17;
relate y1c to z1b across R17;
relate y1d to z1b across R17;
relate z1a to aa1 across R18;
relate z1b to aa1 across R18;

// Create objects to be related
create object instance y2a of Y;
create object instance y2b of Y;
create object instance y2c of Y;
create object instance y2d of Y;
create object instance z2a of Z;
create object instance z2b of Z;
create object instance aa2 of AA;

assign aa2.aa_id = "aa2";
relate y2a to z2a across R17;
relate y2b to z2a across R17;
relate y2c to z2b across R17;
relate y2d to z2b across R17;
relate z2a to aa2 across R18;
relate z2b to aa2 across R18;

// Create and id extra AA objects to make test more interesting
create object instance aa3 of AA;
create object instance aa4 of AA;
assign aa3.aa_id = "aa3";
assign aa4.aa_id = "aa4";


// Get the log object to use for logging results
LOG::LogInfo(message:"Starting YZAA Test") ;

// Select one AA related to any in an inst_ref_set of Y
select many ys from instances of Y;
select any aa related by ys->Z[R17]->AA[R18];

// Make sure that the object returned has aa_id of either aa1 or aa2.
if ( aa.aa_id != "aa1" )
  if ( aa.aa_id != "aa2" )
    LOG::LogInfo(message:"Failure Selecting any aa for ys->Z[R17]->AA[R18]") ;
  end if;
end if;

// Select many aas related to any in an inst_ref_set of Y
select many aas related by ys->Z[R17]->AA[R18];

for each aa in aas
  if ( aa.aa_id != "aa1" )
    if ( aa.aa_id != "aa2" )
      LOG::LogInfo(message:"Failure Selecting many us for ss->T[R17]->U[R18}") ;
    end if;
  end if;
end for;

// unrelates
unrelate y1a from z1a across R17;
unrelate y1b from z1a across R17;
unrelate y1c from z1b across R17;
unrelate y1d from z1b across R17;
unrelate z1a from aa1 across R18;
unrelate z1b from aa1 across R18;
unrelate y2a from z2a across R17;
unrelate y2b from z2a across R17;
unrelate y2c from z2b across R17;
unrelate y2d from z2b across R17;
unrelate z2a from aa2 across R18;
unrelate z2b from aa2 across R18;

// Destroy all the objects created for this test

delete object instance y1a;
delete object instance y1b;
delete object instance y1c;
delete object instance y1d;
delete object instance z1a;
delete object instance z1b;
delete object instance aa1;

delete object instance y2a;
delete object instance y2b;
delete object instance y2c;
delete object instance y2d;
delete object instance z2a;
delete object instance z2b;
delete object instance aa2;

delete object instance aa3;
delete object instance aa4;

// Shutdown
LOG::LogInfo(message:"Quitting ... ") ;
bridge ARCH::shutdown();
',
	'');
INSERT INTO SM_STATE
	VALUES (1048586,
	1048578,
	0,
	'Test M_1',
	10,
	0);
INSERT INTO SM_SEME
	VALUES (1048586,
	1048577,
	1048578,
	0);
INSERT INTO SM_EIGN
	VALUES (1048586,
	1048578,
	1048578,
	0,
	'');
INSERT INTO SM_SEME
	VALUES (1048586,
	1048578,
	1048578,
	0);
INSERT INTO SM_MOAH
	VALUES (1048586,
	1048578,
	1048586);
INSERT INTO SM_AH
	VALUES (1048586,
	1048578);
INSERT INTO SM_ACT
	VALUES (1048586,
	1048578,
	1,
	'// Create objects to be related
create object instance b1 of BB;
create object instance b2 of BB;
create object instance c1 of CC;

assign c1.cc_id = "c1";
relate b1 to c1 across R19;
relate b2 to c1 across R19;

// Create and id extra C objects to make test more interesting
create object instance c2 of CC;
create object instance c3 of CC;
create object instance c4 of CC;
assign c2.cc_id = "c2";
assign c3.cc_id = "c3";
assign c4.cc_id = "c4";


// Get the log object to use for logging results
LOG::LogInfo(message:"Starting BBCC Test") ;

// Select one CC related to any in an inst_ref_set of BB
select many bs from instances of BB;

select any c related by bs->CC[R19];

// Make sure that the object returned has correct id.
if ( c.cc_id != "c1" )
  LOG::LogInfo(message:"Failure Selecting any c for bs->CC[R19]") ;
end if;

// Select many cs related to any in an inst_ref_set of BB
select many cs related by bs->CC[R19];

// Make sure that the object(s) returned has correct id.
for each c in cs
  if ( c.cc_id != "c1" )
    LOG::LogInfo(message:"Failure Selecting many cs for bs->CC[R19]") ;
  end if;
end for;

// do unrelates
unrelate b1 from c1 across R19;
unrelate b2 from c1 across R19;

// Destroy all the objects created for this test
delete object instance b1;
delete object instance b2;
delete object instance c1;
delete object instance c2;
delete object instance c3;
delete object instance c4;

// Start the next test
generate DR1:''Next Test''() to self;
',
	'');
INSERT INTO SM_NSTXN
	VALUES (1048577,
	1048578,
	1048577,
	1048577,
	0);
INSERT INTO SM_TXN
	VALUES (1048577,
	1048578,
	1048578,
	0);
INSERT INTO SM_NSTXN
	VALUES (1048578,
	1048578,
	1048578,
	1048577,
	0);
INSERT INTO SM_TXN
	VALUES (1048578,
	1048578,
	1048579,
	0);
INSERT INTO SM_NSTXN
	VALUES (1048579,
	1048578,
	1048579,
	1048577,
	0);
INSERT INTO SM_TXN
	VALUES (1048579,
	1048578,
	1048580,
	0);
INSERT INTO SM_NSTXN
	VALUES (1048580,
	1048578,
	1048580,
	1048577,
	0);
INSERT INTO SM_TXN
	VALUES (1048580,
	1048578,
	1048581,
	0);
INSERT INTO SM_NSTXN
	VALUES (1048581,
	1048578,
	1048581,
	1048577,
	0);
INSERT INTO SM_TXN
	VALUES (1048581,
	1048578,
	1048582,
	0);
INSERT INTO SM_NSTXN
	VALUES (1048582,
	1048578,
	1048582,
	1048577,
	0);
INSERT INTO SM_TXN
	VALUES (1048582,
	1048578,
	1048583,
	0);
INSERT INTO SM_NSTXN
	VALUES (1048583,
	1048578,
	1048583,
	1048577,
	0);
INSERT INTO SM_TXN
	VALUES (1048583,
	1048578,
	1048584,
	0);
INSERT INTO SM_NSTXN
	VALUES (1048584,
	1048578,
	1048584,
	1048577,
	0);
INSERT INTO SM_TXN
	VALUES (1048584,
	1048578,
	1048585,
	0);
INSERT INTO SM_CRTXN
	VALUES (1048585,
	1048578,
	1048578,
	1048577);
INSERT INTO SM_TXN
	VALUES (1048585,
	1048578,
	1048586,
	0);
INSERT INTO SM_NSTXN
	VALUES (1048586,
	1048578,
	1048586,
	1048577,
	0);
INSERT INTO SM_TXN
	VALUES (1048586,
	1048578,
	1048577,
	0);
INSERT INTO GD_MD
	VALUES (1048577,
	8,
	1048578,
	40,
	1,
	0,
	1,
	1,
	0,
	12,
	1600,
	4200,
	1.000000,
	0);
INSERT INTO GD_GE
	VALUES (1048578,
	1048577,
	1048577,
	41);
INSERT INTO GD_SHP
	VALUES (1048578,
	1696,
	1344,
	1920,
	1456);
INSERT INTO GD_GE
	VALUES (1048579,
	1048577,
	1048578,
	41);
INSERT INTO GD_SHP
	VALUES (1048579,
	1696,
	1520,
	1920,
	1632);
INSERT INTO GD_GE
	VALUES (1048580,
	1048577,
	1048579,
	41);
INSERT INTO GD_SHP
	VALUES (1048580,
	1696,
	1696,
	1920,
	1808);
INSERT INTO GD_GE
	VALUES (1048581,
	1048577,
	1048580,
	41);
INSERT INTO GD_SHP
	VALUES (1048581,
	2032,
	1696,
	2256,
	1808);
INSERT INTO GD_GE
	VALUES (1048582,
	1048577,
	1048581,
	41);
INSERT INTO GD_SHP
	VALUES (1048582,
	2032,
	1520,
	2256,
	1632);
INSERT INTO GD_GE
	VALUES (1048583,
	1048577,
	1048582,
	41);
INSERT INTO GD_SHP
	VALUES (1048583,
	2032,
	1344,
	2256,
	1456);
INSERT INTO GD_GE
	VALUES (1048584,
	1048577,
	1048583,
	41);
INSERT INTO GD_SHP
	VALUES (1048584,
	2368,
	1344,
	2592,
	1456);
INSERT INTO GD_GE
	VALUES (1048585,
	1048577,
	1048584,
	41);
INSERT INTO GD_SHP
	VALUES (1048585,
	2368,
	1520,
	2592,
	1632);
INSERT INTO GD_GE
	VALUES (1048586,
	1048577,
	1048585,
	41);
INSERT INTO GD_SHP
	VALUES (1048586,
	2368,
	1696,
	2592,
	1808);
INSERT INTO GD_GE
	VALUES (1048587,
	1048577,
	1048586,
	41);
INSERT INTO GD_SHP
	VALUES (1048587,
	1696,
	1168,
	1920,
	1280);
INSERT INTO GD_GE
	VALUES (1048588,
	1048577,
	1048577,
	42);
INSERT INTO GD_CON
	VALUES (1048588,
	1048578,
	1048579,
	0);
INSERT INTO GD_CTXT
	VALUES (1048588,
	0,
	0,
	0,
	0,
	0,
	0,
	1817,
	1475,
	1912,
	1510,
	25,
	2,
	0,
	0,
	0,
	0,
	0,
	0);
INSERT INTO GD_LS
	VALUES (1048589,
	1048588,
	1808,
	1456,
	1808,
	1520,
	0);
INSERT INTO GD_GE
	VALUES (1048590,
	1048577,
	1048578,
	42);
INSERT INTO GD_CON
	VALUES (1048590,
	1048579,
	1048580,
	0);
INSERT INTO GD_CTXT
	VALUES (1048590,
	0,
	0,
	0,
	0,
	0,
	0,
	1813,
	1655,
	1910,
	1689,
	21,
	6,
	0,
	0,
	0,
	0,
	0,
	0);
INSERT INTO GD_LS
	VALUES (1048591,
	1048590,
	1808,
	1632,
	1808,
	1696,
	0);
INSERT INTO GD_GE
	VALUES (1048592,
	1048577,
	1048579,
	42);
INSERT INTO GD_CON
	VALUES (1048592,
	1048580,
	1048581,
	0);
INSERT INTO GD_CTXT
	VALUES (1048592,
	0,
	0,
	0,
	0,
	0,
	0,
	1931,
	1712,
	2025,
	1747,
	-20,
	-23,
	0,
	0,
	0,
	0,
	0,
	0);
INSERT INTO GD_LS
	VALUES (1048593,
	1048592,
	1920,
	1760,
	2032,
	1760,
	0);
INSERT INTO GD_GE
	VALUES (1048594,
	1048577,
	1048580,
	42);
INSERT INTO GD_CON
	VALUES (1048594,
	1048581,
	1048582,
	0);
INSERT INTO GD_CTXT
	VALUES (1048594,
	0,
	0,
	0,
	0,
	0,
	0,
	2147,
	1655,
	2249,
	1689,
	19,
	6,
	0,
	0,
	0,
	0,
	0,
	0);
INSERT INTO GD_LS
	VALUES (1048595,
	1048594,
	2144,
	1696,
	2144,
	1632,
	0);
INSERT INTO GD_GE
	VALUES (1048596,
	1048577,
	1048581,
	42);
INSERT INTO GD_CON
	VALUES (1048596,
	1048582,
	1048583,
	0);
INSERT INTO GD_CTXT
	VALUES (1048596,
	0,
	0,
	0,
	0,
	0,
	0,
	2148,
	1476,
	2244,
	1510,
	20,
	3,
	0,
	0,
	0,
	0,
	0,
	0);
INSERT INTO GD_LS
	VALUES (1048597,
	1048596,
	2144,
	1520,
	2144,
	1456,
	0);
INSERT INTO GD_GE
	VALUES (1048598,
	1048577,
	1048582,
	42);
INSERT INTO GD_CON
	VALUES (1048598,
	1048583,
	1048584,
	0);
INSERT INTO GD_CTXT
	VALUES (1048598,
	0,
	0,
	0,
	0,
	0,
	0,
	2256,
	1372,
	2360,
	1407,
	-31,
	-11,
	0,
	0,
	0,
	0,
	0,
	0);
INSERT INTO GD_LS
	VALUES (1048599,
	1048598,
	2256,
	1408,
	2368,
	1408,
	0);
INSERT INTO GD_GE
	VALUES (1048600,
	1048577,
	1048583,
	42);
INSERT INTO GD_CON
	VALUES (1048600,
	1048584,
	1048585,
	0);
INSERT INTO GD_CTXT
	VALUES (1048600,
	0,
	0,
	0,
	0,
	0,
	0,
	2486,
	1474,
	2580,
	1508,
	22,
	1,
	0,
	0,
	0,
	0,
	0,
	0);
INSERT INTO GD_LS
	VALUES (1048601,
	1048600,
	2480,
	1456,
	2480,
	1520,
	0);
INSERT INTO GD_GE
	VALUES (1048602,
	1048577,
	1048584,
	42);
INSERT INTO GD_CON
	VALUES (1048602,
	1048585,
	1048586,
	0);
INSERT INTO GD_CTXT
	VALUES (1048602,
	0,
	0,
	0,
	0,
	0,
	0,
	2485,
	1651,
	2583,
	1685,
	21,
	2,
	0,
	0,
	0,
	0,
	0,
	0);
INSERT INTO GD_LS
	VALUES (1048603,
	1048602,
	2480,
	1632,
	2480,
	1696,
	0);
INSERT INTO GD_GE
	VALUES (1048604,
	1048577,
	1048585,
	42);
INSERT INTO GD_CON
	VALUES (1048604,
	1048587,
	0,
	0);
INSERT INTO GD_CTXT
	VALUES (1048604,
	0,
	0,
	0,
	0,
	0,
	0,
	1809,
	1127,
	1896,
	1162,
	17,
	6,
	0,
	0,
	0,
	0,
	0,
	0);
INSERT INTO GD_LS
	VALUES (1048605,
	1048604,
	1808,
	1168,
	1808,
	1104,
	0);
INSERT INTO GD_GE
	VALUES (1048606,
	1048577,
	1048586,
	42);
INSERT INTO GD_CON
	VALUES (1048606,
	1048587,
	1048578,
	0);
INSERT INTO GD_CTXT
	VALUES (1048606,
	0,
	0,
	0,
	0,
	0,
	0,
	1813,
	1299,
	1915,
	1331,
	21,
	2,
	0,
	0,
	0,
	0,
	0,
	0);
INSERT INTO GD_LS
	VALUES (1048607,
	1048606,
	1808,
	1280,
	1808,
	1344,
	0);
INSERT INTO O_OBJ
	VALUES (3670047,
	'Driver init',
	102,
	'INIT',
	'',
	3670023);
INSERT INTO O_NBATTR
	VALUES (3670067,
	3670047);
INSERT INTO O_BATTR
	VALUES (3670067,
	3670047);
INSERT INTO O_ATTR
	VALUES (3670067,
	3670047,
	0,
	'dr_id',
	'',
	'',
	'dr_id',
	0,
	524294);
INSERT INTO O_NBATTR
	VALUES (3670068,
	3670047);
INSERT INTO O_BATTR
	VALUES (3670068,
	3670047);
INSERT INTO O_ATTR
	VALUES (3670068,
	3670047,
	3670067,
	'current_state',
	'',
	'',
	'current_state',
	0,
	524295);
INSERT INTO O_ID
	VALUES (0,
	3670047);
INSERT INTO O_OIDA
	VALUES (3670067,
	3670047,
	0);
INSERT INTO SM_ISM
	VALUES (1572867,
	3670047);
INSERT INTO SM_SM
	VALUES (1572867,
	'',
	3);
INSERT INTO SM_MOORE
	VALUES (1572867);
INSERT INTO SM_LEVT
	VALUES (1572865,
	1572867,
	0);
INSERT INTO SM_SEVT
	VALUES (1572865,
	1572867,
	0);
INSERT INTO SM_EVT
	VALUES (1572865,
	1572867,
	0,
	1,
	'Initialize',
	0,
	'',
	'INIT1',
	'');
INSERT INTO SM_STATE
	VALUES (1572865,
	1572867,
	0,
	'Driver Initialization',
	1,
	0);
INSERT INTO SM_SEME
	VALUES (1572865,
	1572865,
	1572867,
	0);
INSERT INTO SM_MOAH
	VALUES (1572865,
	1572867,
	1572865);
INSERT INTO SM_AH
	VALUES (1572865,
	1572867);
INSERT INTO SM_ACT
	VALUES (1572865,
	1572867,
	1,
	'generate DR2:''Start''() to DR creator;',
	'');
INSERT INTO SM_NSTXN
	VALUES (1572865,
	1572867,
	1572865,
	1572865,
	0);
INSERT INTO SM_TXN
	VALUES (1572865,
	1572867,
	1572865,
	0);
INSERT INTO GD_MD
	VALUES (1572865,
	8,
	1572867,
	40,
	1,
	0,
	1,
	1,
	0,
	12,
	1600,
	4200,
	1.000000,
	0);
INSERT INTO GD_GE
	VALUES (1572866,
	1572865,
	1572865,
	41);
INSERT INTO GD_SHP
	VALUES (1572866,
	1712,
	1456,
	2080,
	1648);
INSERT INTO GD_GE
	VALUES (1572867,
	1572865,
	1572865,
	42);
INSERT INTO GD_CON
	VALUES (1572867,
	1572866,
	1572866,
	0);
INSERT INTO GD_CTXT
	VALUES (1572867,
	0,
	0,
	0,
	0,
	0,
	0,
	1872,
	1360,
	1976,
	1398,
	1,
	-7,
	0,
	0,
	0,
	0,
	0,
	0);
INSERT INTO GD_LS
	VALUES (1572868,
	1572867,
	1760,
	1456,
	1760,
	1392,
	0);
INSERT INTO GD_LS
	VALUES (1572869,
	1572867,
	1760,
	1392,
	2032,
	1392,
	1572868);
INSERT INTO GD_LS
	VALUES (1572870,
	1572867,
	2032,
	1392,
	2032,
	1456,
	1572869);
INSERT INTO GD_MD
	VALUES (3670091,
	5,
	3670023,
	11,
	1,
	0,
	1,
	1,
	0,
	12,
	1600,
	4199,
	1.000000,
	0);
INSERT INTO GD_GE
	VALUES (3670094,
	3670091,
	3670046,
	21);
INSERT INTO GD_SHP
	VALUES (3670094,
	1728,
	1280,
	1936,
	1392);
INSERT INTO GD_GE
	VALUES (3670095,
	3670091,
	3670047,
	21);
INSERT INTO GD_SHP
	VALUES (3670095,
	2000,
	1280,
	2192,
	1392);
