-- Read a.xtuml on the UserPostOoaInitializationCalloutf command line.
INSERT INTO MSG_M VALUES ( 79,80,78,0 );
INSERT INTO MSG_M VALUES ( 82,80,80,0 );
INSERT INTO MSG_M VALUES ( 83,80,80,0 );
INSERT INTO MSG_M VALUES ( 90,80,89,0 );
INSERT INTO MSG_M VALUES ( 92,80,91,0 );
INSERT INTO MSG_M VALUES ( 124,0,0,1 );
INSERT INTO MSG_M VALUES ( 126,0,0,1 );
INSERT INTO MSG_M VALUES ( 127,0,0,1 );
INSERT INTO MSG_A VALUES ( 125,124,0,'current_temp = 37.84','37.84','current_temp','',0 );
INSERT INTO MSG_SM VALUES ( 90,'Informal Message','','','lastTemp','37.84',0,'Informal Message','' );
INSERT INTO MSG_SM VALUES ( 92,'Informal Message','','','lastRate','35',0,'Informal Message','' );
INSERT INTO MSG_SM VALUES ( 126,'getCurrentRate','The getCurrentRate operation is used to retrieve the current respiratory rate in
breaths per minute.','','lastRate','35',0,'getCurrentRate','2' );
INSERT INTO MSG_SM VALUES ( 127,'getCurrentTemp','The getCurrentTemp operation is used to retrieve the latest temperature reading
in celcius.','','lastTemp','37.84',0,'getCurrentTemp','1' );
INSERT INTO MSG_AM VALUES ( 79,'Informal Message','','blood_temp > 37.5 or respiratory_rate > 18','','',0,'Informal Message','' );
INSERT INTO MSG_AM VALUES ( 82,'Informal Message','','','','',0,'Informal Message','' );
INSERT INTO MSG_AM VALUES ( 83,'Informal Message','','','','',0,'Informal Message','' );
INSERT INTO MSG_AM VALUES ( 124,'increasedTemperature','The increased_activity message asynchronously notifies the Pacer of an event
where the Host''s temperature and respiratory rate have exceeded normal activity
levels.','blood_temp > 37.5 or resipiratory_rate > 18','','',0,'increasedTemperature','3' );
INSERT INTO MSG_ISM VALUES ( 90 );
INSERT INTO MSG_ISM VALUES ( 92 );
INSERT INTO MSG_ISM VALUES ( 126 );
INSERT INTO MSG_ISM VALUES ( 127 );
INSERT INTO MSG_IAM VALUES ( 79 );
INSERT INTO MSG_IAM VALUES ( 82 );
INSERT INTO MSG_IAM VALUES ( 83 );
INSERT INTO MSG_IAM VALUES ( 124 );
INSERT INTO MSG_IA VALUES ( 125 );
INSERT INTO O_OBJ VALUES ( 254,'heart',1,'HEART','',0 );
INSERT INTO O_OBJ VALUES ( 257,'sinus node',2,'SINUS_NODE','',0 );
INSERT INTO O_OBJ VALUES ( 115,'Host Monitor',2,'HM','',0 );
INSERT INTO O_OBJ VALUES ( 111,'Respiratory Monitor',4,'RM','',0 );
INSERT INTO O_OBJ VALUES ( 106,'Temperature Monitor',3,'TM','',0 );
INSERT INTO O_OBJ VALUES ( 63,'pacer',1,'PACER','',0 );
INSERT INTO O_ATTR VALUES ( 311,254,0,'current_state','','','current_state',0,312,'','' );
INSERT INTO O_ATTR VALUES ( 277,257,0,'systolic_period','The systolic period is the duration of time between diastolic and systolic pulses.','','systolic_period',0,170,'','' );
INSERT INTO O_ATTR VALUES ( 279,257,277,'diastolic_period','The diastolic period is the duration of time between systolic and diastolic pulses.','','diastolic_period',0,170,'','' );
INSERT INTO O_ATTR VALUES ( 456,257,281,'current_state','','','current_state',0,312,'','' );
INSERT INTO O_ATTR VALUES ( 281,257,279,'decrement','This is the value that we reduce the periods each cycle.','','decrement',0,170,'','' );
INSERT INTO O_ATTR VALUES ( 119,115,0,'lastTemp','','','lastTemp',0,170,'','' );
INSERT INTO O_ATTR VALUES ( 121,115,119,'lastRate','','','lastRate',0,170,'','' );
INSERT INTO O_ATTR VALUES ( 123,115,121,'current_state','','','current_state',0,312,'','' );
INSERT INTO O_ATTR VALUES ( 65,63,0,'systolic_tolerance','','','systolic_tolerance',0,170,'','' );
INSERT INTO O_ATTR VALUES ( 67,63,65,'diastolic_tolerance','','','diastolic_tolerance',0,170,'','' );
INSERT INTO O_ATTR VALUES ( 69,63,71,'current_state','','','current_state',0,312,'','' );
INSERT INTO O_ATTR VALUES ( 71,63,67,'cycle_count','','','cycle_count',0,170,'','' );
INSERT INTO O_ATTR VALUES ( 73,63,69,'timeout_timer','','','timeout_timer',0,191,'','' );
INSERT INTO O_ATTR VALUES ( 75,63,73,'systolic_timeout','Duration of wait time before we decide that the expected systolic pulse has been missed.','','systolic_timeout',0,170,'','' );
INSERT INTO O_ATTR VALUES ( 77,63,75,'diastolic_timeout','Duration of wait time before we decide that the expected diastolic pulse has been missed.','','diastolic_timeout',0,170,'','' );
INSERT INTO O_ID VALUES ( 0,254 );
INSERT INTO O_ID VALUES ( 1,254 );
INSERT INTO O_ID VALUES ( 2,254 );
INSERT INTO O_ID VALUES ( 0,257 );
INSERT INTO O_ID VALUES ( 1,257 );
INSERT INTO O_ID VALUES ( 2,257 );
INSERT INTO O_ID VALUES ( 0,115 );
INSERT INTO O_ID VALUES ( 1,115 );
INSERT INTO O_ID VALUES ( 2,115 );
INSERT INTO O_ID VALUES ( 0,111 );
INSERT INTO O_ID VALUES ( 1,111 );
INSERT INTO O_ID VALUES ( 2,111 );
INSERT INTO O_ID VALUES ( 0,106 );
INSERT INTO O_ID VALUES ( 1,106 );
INSERT INTO O_ID VALUES ( 2,106 );
INSERT INTO O_ID VALUES ( 0,63 );
INSERT INTO O_ID VALUES ( 1,63 );
INSERT INTO O_ID VALUES ( 2,63 );
INSERT INTO O_BATTR VALUES ( 311,254 );
INSERT INTO O_BATTR VALUES ( 277,257 );
INSERT INTO O_BATTR VALUES ( 279,257 );
INSERT INTO O_BATTR VALUES ( 456,257 );
INSERT INTO O_BATTR VALUES ( 281,257 );
INSERT INTO O_BATTR VALUES ( 119,115 );
INSERT INTO O_BATTR VALUES ( 121,115 );
INSERT INTO O_BATTR VALUES ( 123,115 );
INSERT INTO O_BATTR VALUES ( 65,63 );
INSERT INTO O_BATTR VALUES ( 67,63 );
INSERT INTO O_BATTR VALUES ( 69,63 );
INSERT INTO O_BATTR VALUES ( 71,63 );
INSERT INTO O_BATTR VALUES ( 73,63 );
INSERT INTO O_BATTR VALUES ( 75,63 );
INSERT INTO O_BATTR VALUES ( 77,63 );
INSERT INTO O_NBATTR VALUES ( 311,254 );
INSERT INTO O_NBATTR VALUES ( 277,257 );
INSERT INTO O_NBATTR VALUES ( 279,257 );
INSERT INTO O_NBATTR VALUES ( 456,257 );
INSERT INTO O_NBATTR VALUES ( 281,257 );
INSERT INTO O_NBATTR VALUES ( 119,115 );
INSERT INTO O_NBATTR VALUES ( 121,115 );
INSERT INTO O_NBATTR VALUES ( 123,115 );
INSERT INTO O_NBATTR VALUES ( 65,63 );
INSERT INTO O_NBATTR VALUES ( 67,63 );
INSERT INTO O_NBATTR VALUES ( 69,63 );
INSERT INTO O_NBATTR VALUES ( 71,63 );
INSERT INTO O_NBATTR VALUES ( 73,63 );
INSERT INTO O_NBATTR VALUES ( 75,63 );
INSERT INTO O_NBATTR VALUES ( 77,63 );
INSERT INTO S_CDT VALUES ( 211,0 );
INSERT INTO S_CDT VALUES ( 201,1 );
INSERT INTO S_CDT VALUES ( 170,2 );
INSERT INTO S_CDT VALUES ( 241,3 );
INSERT INTO S_CDT VALUES ( 218,4 );
INSERT INTO S_CDT VALUES ( 1007,5 );
INSERT INTO S_CDT VALUES ( 312,6 );
INSERT INTO S_CDT VALUES ( 1008,7 );
INSERT INTO S_CDT VALUES ( 276,8 );
INSERT INTO S_CDT VALUES ( 1009,9 );
INSERT INTO S_CDT VALUES ( 194,10 );
INSERT INTO S_CDT VALUES ( 1010,11 );
INSERT INTO S_CDT VALUES ( 1011,12 );
INSERT INTO S_CDT VALUES ( 1012,13 );
INSERT INTO A_N VALUES ( 4,0 );
INSERT INTO A_N VALUES ( 5,0 );
INSERT INTO A_N VALUES ( 6,0 );
INSERT INTO A_N VALUES ( 7,0 );
INSERT INTO A_N VALUES ( 8,0 );
INSERT INTO A_N VALUES ( 9,0 );
INSERT INTO A_N VALUES ( 10,0 );
INSERT INTO A_N VALUES ( 11,0 );
INSERT INTO A_N VALUES ( 12,0 );
INSERT INTO A_N VALUES ( 13,0 );
INSERT INTO A_N VALUES ( 14,0 );
INSERT INTO A_N VALUES ( 15,0 );
INSERT INTO A_N VALUES ( 16,0 );
INSERT INTO A_N VALUES ( 17,0 );
INSERT INTO A_N VALUES ( 18,0 );
INSERT INTO A_N VALUES ( 19,0 );
INSERT INTO A_N VALUES ( 20,0 );
INSERT INTO A_N VALUES ( 21,0 );
INSERT INTO A_N VALUES ( 22,0 );
INSERT INTO A_N VALUES ( 23,0 );
INSERT INTO A_N VALUES ( 24,0 );
INSERT INTO A_N VALUES ( 25,0 );
INSERT INTO A_N VALUES ( 26,0 );
INSERT INTO A_E VALUES ( 31,0,'','',8,7 );
INSERT INTO A_E VALUES ( 32,0,'increased activity','',10,8 );
INSERT INTO A_E VALUES ( 33,0,'','',14,11 );
INSERT INTO A_E VALUES ( 34,0,'','',15,12 );
INSERT INTO A_E VALUES ( 35,0,'increased activity','',17,16 );
INSERT INTO A_E VALUES ( 36,0,'','',16,13 );
INSERT INTO A_E VALUES ( 37,0,'','',19,17 );
INSERT INTO A_E VALUES ( 38,0,'','',18,19 );
INSERT INTO A_E VALUES ( 39,0,'','',21,10 );
INSERT INTO A_E VALUES ( 40,0,'','',9,21 );
INSERT INTO A_E VALUES ( 41,0,'','',22,18 );
INSERT INTO A_E VALUES ( 42,0,'','',20,22 );
INSERT INTO A_E VALUES ( 43,0,'','',23,5 );
INSERT INTO A_E VALUES ( 44,0,'','',13,23 );
INSERT INTO A_E VALUES ( 45,0,'','',23,9 );
INSERT INTO A_E VALUES ( 46,0,'','',23,22 );
INSERT INTO A_E VALUES ( 47,0,'','',23,15 );
INSERT INTO A_E VALUES ( 48,0,'','',23,14 );
INSERT INTO A_E VALUES ( 49,0,'','',24,4 );
INSERT INTO A_E VALUES ( 50,0,'','',7,24 );
INSERT INTO A_E VALUES ( 51,0,'','',24,21 );
INSERT INTO A_E VALUES ( 52,0,'normal activity','',24,8 );
INSERT INTO A_E VALUES ( 53,0,'','',25,14 );
INSERT INTO A_E VALUES ( 54,0,'','',12,25 );
INSERT INTO A_E VALUES ( 55,0,'systole','',25,20 );
INSERT INTO A_E VALUES ( 56,0,'','',26,6 );
INSERT INTO A_E VALUES ( 57,0,'','',11,26 );
INSERT INTO A_E VALUES ( 58,0,'diastole','',26,20 );
INSERT INTO A_E VALUES ( 59,0,'','',26,15 );
INSERT INTO A_E VALUES ( 60,0,'normal activity','',19,16 );
INSERT INTO A_ACT VALUES ( 7 );
INSERT INTO A_ACT VALUES ( 9 );
INSERT INTO A_ACT VALUES ( 10 );
INSERT INTO A_ACT VALUES ( 11 );
INSERT INTO A_ACT VALUES ( 12 );
INSERT INTO A_ACT VALUES ( 13 );
INSERT INTO A_ACT VALUES ( 17 );
INSERT INTO A_ACT VALUES ( 18 );
INSERT INTO A_OBJ VALUES ( 4,'Monitor','' );
INSERT INTO A_OBJ VALUES ( 5,'Pacer','' );
INSERT INTO A_OBJ VALUES ( 6,'Host','' );
INSERT INTO A_CTL VALUES ( 8 );
INSERT INTO A_CTL VALUES ( 14 );
INSERT INTO A_CTL VALUES ( 15 );
INSERT INTO A_CTL VALUES ( 16 );
INSERT INTO A_CTL VALUES ( 19 );
INSERT INTO A_CTL VALUES ( 20 );
INSERT INTO A_CTL VALUES ( 21 );
INSERT INTO A_CTL VALUES ( 22 );
INSERT INTO A_CTL VALUES ( 23 );
INSERT INTO A_CTL VALUES ( 24 );
INSERT INTO A_CTL VALUES ( 25 );
INSERT INTO A_CTL VALUES ( 26 );
INSERT INTO A_DM VALUES ( 8,'increased activity?','' );
INSERT INTO A_DM VALUES ( 16,'recevied increased activity notification?','' );
INSERT INTO A_DM VALUES ( 19,'','' );
INSERT INTO A_DM VALUES ( 20,'Diastole or Systole?','' );
INSERT INTO A_DM VALUES ( 23,'','' );
INSERT INTO A_DM VALUES ( 24,'','' );
INSERT INTO A_DM VALUES ( 25,'','' );
INSERT INTO A_DM VALUES ( 26,'','' );
INSERT INTO A_FJ VALUES ( 14,'','' );
INSERT INTO A_FJ VALUES ( 15,'','' );
INSERT INTO A_FJ VALUES ( 21,'','' );
INSERT INTO A_FJ VALUES ( 22,'','' );
INSERT INTO A_GA VALUES ( 7,'Check activity levels','This action asks the associated low level monitor elements for the current
readings to determing the current activity level.' );
INSERT INTO A_GA VALUES ( 11,'Diastole','' );
INSERT INTO A_GA VALUES ( 12,'Systole','' );
INSERT INTO A_GA VALUES ( 13,'Synchronize with host','' );
INSERT INTO A_GA VALUES ( 17,'Increase pulse frequency','' );
INSERT INTO A_GA VALUES ( 18,'Generate pulse','' );
INSERT INTO A_AE VALUES ( 9 );
INSERT INTO A_SS VALUES ( 10,'Notify of increased activity','' );
INSERT INTO COMM_LNK VALUES ( 103,0,'','The R1 link allows for a Host Monitor to help control a Pacer when certain
environmental values have changed.','notifies of increased activity','',0,0,0,94,104 );
INSERT INTO COMM_LNK VALUES ( 108,109,'2','The R2 Link allows for the HostMonitor to communicate with a temperature
monitor.  Allowing for readings of the hots''s current temperature.','','provides temperature monitoring',1,0,0,105,104 );
INSERT INTO COMM_LNK VALUES ( 113,114,'3','The R3 Link allows for a HostMonitor to have access to a continually measured
respiratory value.  The Respiratory Monitor measures the value in breaths per
minute.','','provides respiratory monitoring',1,0,0,110,104 );
INSERT INTO O_TFR VALUES ( 402,257,'log_and_adjust','',211,1,'// Now log the periods, decrement them and continue.
LOG::LogInfo( message:"systolic period, diastolic period" );
LOG::LogInteger( message:self.systolic_period );
LOG::LogInteger( message:self.diastolic_period );
if ( self.decrement < self.systolic_period )
  self.systolic_period = self.systolic_period - self.decrement;
end if;
if ( self.decrement < self.diastolic_period )
  self.diastolic_period = self.diastolic_period - self.decrement;
end if;
',1,'',0 );
INSERT INTO O_TFR VALUES ( 574,111,'getCurrentRate','',170,1,'return 0;',1,'',0 );
INSERT INTO O_TFR VALUES ( 572,106,'getCurrentTemp','',170,1,'return 0;',1,'',0 );
INSERT INTO S_UDT VALUES ( 167,1010,1 );
INSERT INTO S_UDT VALUES ( 191,1011,3 );
INSERT INTO S_UDT VALUES ( 189,1010,2 );
INSERT INTO S_BRG VALUES ( 166,165,'current_date','',1,167,'',0,'' );
INSERT INTO S_BRG VALUES ( 168,165,'create_date','',1,167,'',0,'' );
INSERT INTO S_BRG VALUES ( 176,165,'get_second','',1,170,'',0,'' );
INSERT INTO S_BRG VALUES ( 178,165,'get_minute','',1,170,'',0,'' );
INSERT INTO S_BRG VALUES ( 180,165,'get_hour','',1,170,'',0,'' );
INSERT INTO S_BRG VALUES ( 182,165,'get_day','',1,170,'',0,'' );
INSERT INTO S_BRG VALUES ( 184,165,'get_month','',1,170,'',0,'' );
INSERT INTO S_BRG VALUES ( 186,165,'get_year','',1,170,'',0,'' );
INSERT INTO S_BRG VALUES ( 188,165,'current_clock','',1,189,'',0,'' );
INSERT INTO S_BRG VALUES ( 190,165,'timer_start','This bridge operation starts a timer set to expire in the specified number of
microseconds, generating the passed event upon expiration. Returns the instance
handle of the timer.',1,191,'',0,'' );
INSERT INTO S_BRG VALUES ( 195,165,'timer_start_recurring','This bridge operation starts a timer set to expire in the specified number of
microseconds, generating the passed event upon expiration. Upon expiration, the
timer will be restarted and fire again in the specified number of microseconds
generating the passed event. This bridge operation returns the instance handle
of the timer.',1,191,'',0,'' );
INSERT INTO S_BRG VALUES ( 198,165,'timer_remaining_time','Returns the time remaining (in microseconds) for the passed timer instance. If
the timer has expired, a zero value is returned.',1,170,'',0,'' );
INSERT INTO S_BRG VALUES ( 200,165,'timer_reset_time','This bridge operation attempts to set the passed existing timer to expire in
the specified number of microseconds. If the timer exists (that is, it has not
expired), a TRUE value is returned. If the timer no longer exists, a FALSE value
is returned.',1,201,'',0,'' );
INSERT INTO S_BRG VALUES ( 204,165,'timer_add_time','This bridge operation attempts to add the specified number of microseconds to a
passed existing timer. If the timer exists (that is, it has not expired), a TRUE
value is returned. If the timer no longer exists, a FALSE value is returned.',1,201,'',0,'' );
INSERT INTO S_BRG VALUES ( 207,165,'timer_cancel','This bridge operation cancels and deletes the passed timer instance. If the 
timer exists (that is, it had not expired), a TRUE value is returned. If the
timer no longer exists, a FALSE value is returned.',1,201,'',0,'' );
INSERT INTO S_BRG VALUES ( 210,209,'shutdown','',0,211,'control stop;',1,'' );
INSERT INTO S_BRG VALUES ( 216,215,'LogSuccess','',0,211,'',1,'' );
INSERT INTO S_BRG VALUES ( 221,215,'LogFailure','',0,211,'',1,'' );
INSERT INTO S_BRG VALUES ( 225,215,'LogInfo','',0,211,'',1,'' );
INSERT INTO S_BRG VALUES ( 229,215,'LogDate','',0,211,'',1,'' );
INSERT INTO S_BRG VALUES ( 234,215,'LogTime','',0,211,'',1,'' );
INSERT INTO S_BRG VALUES ( 239,215,'LogReal','',0,211,'',1,'' );
INSERT INTO S_BRG VALUES ( 245,215,'LogInteger','',0,211,'',0,'' );
INSERT INTO S_BRG VALUES ( 717,716,'LogInteger','',0,211,'',0,'' );
INSERT INTO S_BRG VALUES ( 719,716,'LogReal','',0,211,'',1,'' );
INSERT INTO S_BRG VALUES ( 724,716,'LogTime','',0,211,'',1,'' );
INSERT INTO S_BRG VALUES ( 729,716,'LogDate','',0,211,'',1,'' );
INSERT INTO S_BRG VALUES ( 734,716,'LogInfo','',0,211,'',1,'' );
INSERT INTO S_BRG VALUES ( 738,716,'LogFailure','',0,211,'',1,'' );
INSERT INTO S_BRG VALUES ( 742,716,'LogSuccess','',0,211,'',1,'' );
INSERT INTO S_BRG VALUES ( 747,746,'shutdown','',0,211,'control stop;',1,'' );
INSERT INTO S_BRG VALUES ( 752,751,'timer_cancel','This bridge operation cancels and deletes the passed timer instance. If the 
timer exists (that is, it had not expired), a TRUE value is returned. If the
timer no longer exists, a FALSE value is returned.',1,201,'',0,'' );
INSERT INTO S_BRG VALUES ( 754,751,'timer_add_time','This bridge operation attempts to add the specified number of microseconds to a
passed existing timer. If the timer exists (that is, it has not expired), a TRUE
value is returned. If the timer no longer exists, a FALSE value is returned.',1,201,'',0,'' );
INSERT INTO S_BRG VALUES ( 757,751,'timer_reset_time','This bridge operation attempts to set the passed existing timer to expire in
the specified number of microseconds. If the timer exists (that is, it has not
expired), a TRUE value is returned. If the timer no longer exists, a FALSE value
is returned.',1,201,'',0,'' );
INSERT INTO S_BRG VALUES ( 760,751,'timer_remaining_time','Returns the time remaining (in microseconds) for the passed timer instance. If
the timer has expired, a zero value is returned.',1,170,'',0,'' );
INSERT INTO S_BRG VALUES ( 762,751,'timer_start_recurring','This bridge operation starts a timer set to expire in the specified number of
microseconds, generating the passed event upon expiration. Upon expiration, the
timer will be restarted and fire again in the specified number of microseconds
generating the passed event. This bridge operation returns the instance handle
of the timer.',1,191,'',0,'' );
INSERT INTO S_BRG VALUES ( 765,751,'timer_start','This bridge operation starts a timer set to expire in the specified number of
microseconds, generating the passed event upon expiration. Returns the instance
handle of the timer.',1,191,'',0,'' );
INSERT INTO S_BRG VALUES ( 768,751,'current_clock','',1,189,'',0,'' );
INSERT INTO S_BRG VALUES ( 769,751,'get_year','',1,170,'',0,'' );
INSERT INTO S_BRG VALUES ( 771,751,'get_month','',1,170,'',0,'' );
INSERT INTO S_BRG VALUES ( 773,751,'get_day','',1,170,'',0,'' );
INSERT INTO S_BRG VALUES ( 775,751,'get_hour','',1,170,'',0,'' );
INSERT INTO S_BRG VALUES ( 777,751,'get_minute','',1,170,'',0,'' );
INSERT INTO S_BRG VALUES ( 779,751,'get_second','',1,170,'',0,'' );
INSERT INTO S_BRG VALUES ( 781,751,'create_date','',1,167,'',0,'' );
INSERT INTO S_BRG VALUES ( 788,751,'current_date','',1,167,'',0,'' );
INSERT INTO A_AP VALUES ( 27,0,'','' );
INSERT INTO A_AP VALUES ( 28,0,'','' );
INSERT INTO A_AP VALUES ( 29,0,'','' );
INSERT INTO A_AP VALUES ( 30,0,'','' );
INSERT INTO A_AEA VALUES ( 9,'Accept increased activity','' );
INSERT INTO S_BPARM VALUES ( 169,168,'second',170,0,'',171,'' );
INSERT INTO S_BPARM VALUES ( 172,168,'minute',170,0,'',173,'' );
INSERT INTO S_BPARM VALUES ( 173,168,'hour',170,0,'',174,'' );
INSERT INTO S_BPARM VALUES ( 174,168,'day',170,0,'',0,'' );
INSERT INTO S_BPARM VALUES ( 171,168,'month',170,0,'',172,'' );
INSERT INTO S_BPARM VALUES ( 175,168,'year',170,0,'',169,'' );
INSERT INTO S_BPARM VALUES ( 177,176,'date',167,0,'',0,'' );
INSERT INTO S_BPARM VALUES ( 179,178,'date',167,0,'',0,'' );
INSERT INTO S_BPARM VALUES ( 181,180,'date',167,0,'',0,'' );
INSERT INTO S_BPARM VALUES ( 183,182,'date',167,0,'',0,'' );
INSERT INTO S_BPARM VALUES ( 185,184,'date',167,0,'',0,'' );
INSERT INTO S_BPARM VALUES ( 187,186,'date',167,0,'',0,'' );
INSERT INTO S_BPARM VALUES ( 192,190,'microseconds',170,0,'',193,'' );
INSERT INTO S_BPARM VALUES ( 193,190,'event_inst',194,0,'',0,'' );
INSERT INTO S_BPARM VALUES ( 196,195,'microseconds',170,0,'',197,'' );
INSERT INTO S_BPARM VALUES ( 197,195,'event_inst',194,0,'',0,'' );
INSERT INTO S_BPARM VALUES ( 199,198,'timer_inst_ref',191,0,'',0,'' );
INSERT INTO S_BPARM VALUES ( 202,200,'timer_inst_ref',191,0,'',203,'' );
INSERT INTO S_BPARM VALUES ( 203,200,'microseconds',170,0,'',0,'' );
INSERT INTO S_BPARM VALUES ( 205,204,'timer_inst_ref',191,0,'',206,'' );
INSERT INTO S_BPARM VALUES ( 206,204,'microseconds',170,0,'',0,'' );
INSERT INTO S_BPARM VALUES ( 208,207,'timer_inst_ref',191,0,'',0,'' );
INSERT INTO S_BPARM VALUES ( 217,216,'message',218,0,'',0,'' );
INSERT INTO S_BPARM VALUES ( 222,221,'message',218,0,'',0,'' );
INSERT INTO S_BPARM VALUES ( 226,225,'message',218,0,'',0,'' );
INSERT INTO S_BPARM VALUES ( 230,229,'d',167,0,'',0,'' );
INSERT INTO S_BPARM VALUES ( 231,229,'message',218,0,'',230,'' );
INSERT INTO S_BPARM VALUES ( 235,234,'t',189,0,'',236,'' );
INSERT INTO S_BPARM VALUES ( 236,234,'message',218,0,'',0,'' );
INSERT INTO S_BPARM VALUES ( 240,239,'r',241,0,'',242,'' );
INSERT INTO S_BPARM VALUES ( 242,239,'message',218,0,'',0,'' );
INSERT INTO S_BPARM VALUES ( 246,245,'message',170,0,'',0,'' );
INSERT INTO S_BPARM VALUES ( 718,717,'message',170,0,'',0,'' );
INSERT INTO S_BPARM VALUES ( 720,719,'message',218,0,'',0,'' );
INSERT INTO S_BPARM VALUES ( 721,719,'r',241,0,'',720,'' );
INSERT INTO S_BPARM VALUES ( 725,724,'message',218,0,'',0,'' );
INSERT INTO S_BPARM VALUES ( 726,724,'t',189,0,'',725,'' );
INSERT INTO S_BPARM VALUES ( 730,729,'message',218,0,'',731,'' );
INSERT INTO S_BPARM VALUES ( 731,729,'d',167,0,'',0,'' );
INSERT INTO S_BPARM VALUES ( 735,734,'message',218,0,'',0,'' );
INSERT INTO S_BPARM VALUES ( 739,738,'message',218,0,'',0,'' );
INSERT INTO S_BPARM VALUES ( 743,742,'message',218,0,'',0,'' );
INSERT INTO S_BPARM VALUES ( 753,752,'timer_inst_ref',191,0,'',0,'' );
INSERT INTO S_BPARM VALUES ( 755,754,'microseconds',170,0,'',0,'' );
INSERT INTO S_BPARM VALUES ( 756,754,'timer_inst_ref',191,0,'',755,'' );
INSERT INTO S_BPARM VALUES ( 758,757,'microseconds',170,0,'',0,'' );
INSERT INTO S_BPARM VALUES ( 759,757,'timer_inst_ref',191,0,'',758,'' );
INSERT INTO S_BPARM VALUES ( 761,760,'timer_inst_ref',191,0,'',0,'' );
INSERT INTO S_BPARM VALUES ( 763,762,'event_inst',194,0,'',0,'' );
INSERT INTO S_BPARM VALUES ( 764,762,'microseconds',170,0,'',763,'' );
INSERT INTO S_BPARM VALUES ( 766,765,'event_inst',194,0,'',0,'' );
INSERT INTO S_BPARM VALUES ( 767,765,'microseconds',170,0,'',766,'' );
INSERT INTO S_BPARM VALUES ( 770,769,'date',167,0,'',0,'' );
INSERT INTO S_BPARM VALUES ( 772,771,'date',167,0,'',0,'' );
INSERT INTO S_BPARM VALUES ( 774,773,'date',167,0,'',0,'' );
INSERT INTO S_BPARM VALUES ( 776,775,'date',167,0,'',0,'' );
INSERT INTO S_BPARM VALUES ( 778,777,'date',167,0,'',0,'' );
INSERT INTO S_BPARM VALUES ( 780,779,'date',167,0,'',0,'' );
INSERT INTO S_BPARM VALUES ( 782,781,'year',170,0,'',783,'' );
INSERT INTO S_BPARM VALUES ( 784,781,'month',170,0,'',785,'' );
INSERT INTO S_BPARM VALUES ( 786,781,'day',170,0,'',0,'' );
INSERT INTO S_BPARM VALUES ( 787,781,'hour',170,0,'',786,'' );
INSERT INTO S_BPARM VALUES ( 785,781,'minute',170,0,'',787,'' );
INSERT INTO S_BPARM VALUES ( 783,781,'second',170,0,'',784,'' );
INSERT INTO EP_PKG VALUES ( 2,1,1,'analysis','',0 );
INSERT INTO EP_PKG VALUES ( 3,0,1,'Increased Activity activity','',0 );
INSERT INTO EP_PKG VALUES ( 61,0,1,'Increased Activity sd','',0 );
INSERT INTO EP_PKG VALUES ( 93,0,1,'Increased Activity comm','',0 );
INSERT INTO EP_PKG VALUES ( 128,1,1,'library','',0 );
INSERT INTO EP_PKG VALUES ( 164,0,1,'External Entities','',0 );
INSERT INTO EP_PKG VALUES ( 247,0,1,'functions','',0 );
INSERT INTO EP_PKG VALUES ( 308,0,1,'heart','',0 );
INSERT INTO EP_PKG VALUES ( 540,0,1,'hostmonitor','',0 );
INSERT INTO EP_PKG VALUES ( 715,0,1,'External Entities','',0 );
INSERT INTO EP_PKG VALUES ( 789,0,1,'pacemaker','',0 );
INSERT INTO EP_PKG VALUES ( 996,1,1,'interfaces','',0 );
INSERT INTO EP_PKG VALUES ( 999,1,1,'system','',0 );
INSERT INTO S_SYNC VALUES ( 248,0,'init','','// Create the instances of heart and nervous system.
// Relate them together.
// Initialize the nervous system with (half) periods for the pulsing.
// Send message out to the body (pacer) to initialize.
// Kick off the simulation by sending an event to the nervous system.
create object instance heart of HEART;
create object instance snode of SINUS_NODE;
relate heart to snode across R1;
snode.systolic_period = 500000;
snode.diastolic_period = 500000;
snode.decrement = 0;
send out_to_body::init(systolic_period:snode.systolic_period, diastolic_period:snode.diastolic_period);
// Set a timer for the diastolic period to start things going.
create event instance e of SINUS_NODE2:period() to snode;
//t = TIM::timer_start_recurring( microseconds:snode.systolic_period + snode.diastolic_period, event_inst:e );
t = TIM::timer_start( microseconds:snode.systolic_period + snode.diastolic_period, event_inst:e );

',211,1,'' );
INSERT INTO S_SYS VALUES ( 1,'avpace',1 );
INSERT INTO TE_CI VALUES ( 5141184,'pacer','ipacer','',5138688,1004 );
INSERT INTO TE_CI VALUES ( 5141224,'pacemaker','ipacemaker','',5138896,989 );
INSERT INTO TE_CI VALUES ( 5141264,'hostmonitor','ihostmonitor','',5139104,993 );
INSERT INTO TE_CI VALUES ( 5141304,'heart','iheart','',5139312,1000 );
INSERT INTO TE_OIR VALUES ( 'RM_R3','form','','',0,1,544,111,114 );
INSERT INTO TE_OIR VALUES ( 'HM_R3_provides_respiratory_monitoring','part','','provides_respiratory_monitoring',0,0,543,115,114 );
INSERT INTO TE_OIR VALUES ( 'TM_R2','form','','',0,1,542,106,109 );
INSERT INTO TE_OIR VALUES ( 'HM_R2_provides_temperature_monitoring','part','','provides_temperature_monitoring',0,0,541,115,109 );
INSERT INTO TE_OIR VALUES ( 'SINUS_NODE_R1_is_triggered_by','form','','is_triggered_by',0,0,310,257,259 );
INSERT INTO TE_OIR VALUES ( 'HEART_R1_triggers','part','','triggers',0,1,309,254,259 );
INSERT INTO TE_SYS VALUES ( 1,'','',32,0,0,0,0,0,0,0,0,0,0,0,0,0,128,128,0,0,'','avpace',0,0,'sc_interface',0,'',1 );
INSERT INTO TE_DISP VALUES ( 1,1,'main','dispatcher' );
INSERT INTO TE_QUEUE VALUES ( 1,1,1,'Self Queue',0,0 );
INSERT INTO TE_QUEUE VALUES ( 2,1,2,'NonSelf Queue',0,0 );
INSERT INTO TE_ABA VALUES ( 5133248,'TE_MACT',5139312,0,0,' const i_t, const i_t ',' const i_t p_diastolic_period, const i_t p_systolic_period ','i_t p_diastolic_period;
i_t p_systolic_period;
',', p_diastolic_period, p_systolic_period','%d,%d',' p_diastolic_period, p_systolic_period','    e->p_diastolic_period = p_diastolic_period;    e->p_systolic_period = p_systolic_period;','    e->p_diastolic_period = p_diastolic_period;    e->p_systolic_period = p_systolic_period;','','heart_out_to_body_init','void',0,0,'','' );
INSERT INTO TE_ABA VALUES ( 5133356,'TE_MACT',5139104,0,0,' const i_t, const i_t ',' const i_t p_current_rate, const i_t p_current_temp ','i_t p_current_rate;
i_t p_current_temp;
',', p_current_rate, p_current_temp','%d,%d',' p_current_rate, p_current_temp','    e->p_current_rate = p_current_rate;    e->p_current_temp = p_current_temp;','    e->p_current_rate = p_current_rate;    e->p_current_temp = p_current_temp;','','hostmonitor_monitor_increased_activty','void',0,0,'','' );
INSERT INTO TE_ABA VALUES ( 5133464,'TE_MACT',5139312,0,0,' void ','','','','','','','','','heart_host_current_temp','void',0,0,'','' );
INSERT INTO TE_ABA VALUES ( 5133572,'TE_MACT',5139312,0,0,' void ','','','','','','','','','heart_host_breath_taken','void',0,0,'','' );
INSERT INTO TE_ABA VALUES ( 5133680,'TE_MACT',5139312,0,0,' void ','','','','','','','','','heart_out_to_body_diastolic_pace','void',0,0,'','' );
INSERT INTO TE_ABA VALUES ( 5133788,'TE_MACT',5139312,0,0,' void ','','','','','','','','','heart_out_to_body_systolic_pace','void',0,0,'','' );
INSERT INTO TE_ABA VALUES ( 5133896,'TE_MACT',5139312,0,0,' void ','','','','','','','','','heart_out_to_body_diastolic_pulse','void',0,0,'','' );
INSERT INTO TE_ABA VALUES ( 5134004,'TE_MACT',5139312,0,0,' void ','','','','','','','','','heart_out_to_body_systolic_pulse','void',0,0,'','' );
INSERT INTO TE_ABA VALUES ( 5134112,'TE_MACT',5138688,0,0,' const i_t, const i_t ',' const i_t p_diastolic_period, const i_t p_systolic_period ','i_t p_diastolic_period;
i_t p_systolic_period;
',', p_diastolic_period, p_systolic_period','%d,%d',' p_diastolic_period, p_systolic_period','    e->p_diastolic_period = p_diastolic_period;    e->p_systolic_period = p_systolic_period;','    e->p_diastolic_period = p_diastolic_period;    e->p_systolic_period = p_systolic_period;','','pacer_to_heart_init','void',0,0,'','' );
INSERT INTO TE_ABA VALUES ( 5134220,'TE_MACT',5138896,0,0,' const i_t, const i_t ',' const i_t p_diastolic_period, const i_t p_systolic_period ','i_t p_diastolic_period;
i_t p_systolic_period;
',', p_diastolic_period, p_systolic_period','%d,%d',' p_diastolic_period, p_systolic_period','    e->p_diastolic_period = p_diastolic_period;    e->p_systolic_period = p_systolic_period;','    e->p_diastolic_period = p_diastolic_period;    e->p_systolic_period = p_systolic_period;','','pacemaker_to_heart_init','void',0,0,'','  pacemaker_PACER * pacer;
  /* CREATE OBJECT INSTANCE pacer OF PACER */
  XTUML_OAL_STMT_TRACE( 1, "CREATE OBJECT INSTANCE pacer OF PACER" );
  pacer = (pacemaker_PACER *) Escher_CreateInstance( pacemaker_DOMAIN_ID, pacemaker_PACER_CLASS_NUMBER );
  /* ASSIGN pacer.systolic_tolerance = 25 */
  XTUML_OAL_STMT_TRACE( 1, "ASSIGN pacer.systolic_tolerance = 25" );
  pacer->systolic_tolerance = 25;
  /* ASSIGN pacer.diastolic_tolerance = 25 */
  XTUML_OAL_STMT_TRACE( 1, "ASSIGN pacer.diastolic_tolerance = 25" );
  pacer->diastolic_tolerance = 25;
  /* ASSIGN pacer.cycle_count = 0 */
  XTUML_OAL_STMT_TRACE( 1, "ASSIGN pacer.cycle_count = 0" );
  pacer->cycle_count = 0;
  /* ASSIGN pacer.systolic_timeout = ( PARAM.systolic_period + ( ( PARAM.systolic_period * pacer.systolic_tolerance ) / 100 ) ) */
  XTUML_OAL_STMT_TRACE( 1, "ASSIGN pacer.systolic_timeout = ( PARAM.systolic_period + ( ( PARAM.systolic_period * pacer.systolic_tolerance ) / 100 ) )" );
  pacer->systolic_timeout = ( p_systolic_period + ( ( p_systolic_period * pacer->systolic_tolerance ) / 100 ) );
  /* ASSIGN pacer.diastolic_timeout = ( PARAM.diastolic_period + ( ( PARAM.diastolic_period * pacer.diastolic_tolerance ) / 100 ) ) */
  XTUML_OAL_STMT_TRACE( 1, "ASSIGN pacer.diastolic_timeout = ( PARAM.diastolic_period + ( ( PARAM.diastolic_period * pacer.diastolic_tolerance ) / 100 ) )" );
  pacer->diastolic_timeout = ( p_diastolic_period + ( ( p_diastolic_period * pacer->diastolic_tolerance ) / 100 ) );
' );
INSERT INTO TE_ABA VALUES ( 31989352,'TE_MACT',5138688,0,0,' void ','','','','','','','','','pacer_host_current_temp','void',0,0,'','' );
INSERT INTO TE_ABA VALUES ( 31989460,'TE_MACT',5138688,0,0,' void ','','','','','','','','','pacer_host_breath_taken','void',0,0,'','' );
INSERT INTO TE_ABA VALUES ( 31989568,'TE_MACT',5138688,0,0,' void ','','','','','','','','','pacer_to_heart_diastolic_pace','void',0,0,'','' );
INSERT INTO TE_ABA VALUES ( 31989676,'TE_MACT',5138688,0,0,' void ','','','','','','','','','pacer_to_heart_systolic_pace','void',0,0,'','' );
INSERT INTO TE_ABA VALUES ( 31989784,'TE_MACT',5138688,0,0,' void ','','','','','','','','','pacer_to_heart_diastolic_pulse','void',0,0,'','' );
INSERT INTO TE_ABA VALUES ( 31989892,'TE_MACT',5138688,0,0,' void ','','','','','','','','','pacer_to_heart_systolic_pulse','void',0,0,'','' );
INSERT INTO TE_ABA VALUES ( 31990000,'TE_MACT',5138896,0,0,' const i_t, const i_t ',' const i_t p_current_rate, const i_t p_current_temp ','i_t p_current_rate;
i_t p_current_temp;
',', p_current_rate, p_current_temp','%d,%d',' p_current_rate, p_current_temp','    e->p_current_rate = p_current_rate;    e->p_current_temp = p_current_temp;','    e->p_current_rate = p_current_rate;    e->p_current_temp = p_current_temp;','','pacemaker_monitor_increased_activty','void',0,0,'','' );
INSERT INTO TE_ABA VALUES ( 31990108,'TE_MACT',5138896,0,0,' void ','','','','','','','','','pacemaker_to_heart_diastolic_pace','void',0,0,'','' );
INSERT INTO TE_ABA VALUES ( 31990216,'TE_MACT',5138896,0,0,' void ','','','','','','','','','pacemaker_to_heart_systolic_pace','void',0,0,'','' );
INSERT INTO TE_ABA VALUES ( 31990324,'TE_MACT',5138896,0,0,' void ','','','','','','','','','pacemaker_to_heart_diastolic_pulse','void',0,0,'','' );
INSERT INTO TE_ABA VALUES ( 32000152,'TE_MACT',5138896,0,0,' void ','','','','','','','','','pacemaker_to_heart_systolic_pulse','void',0,0,'','' );
INSERT INTO TE_ABA VALUES ( 32000260,'TE_MACT',5139104,0,0,' void ','','','','','','','','','hostmonitor_host_current_temp','void',0,0,'','' );
INSERT INTO TE_ABA VALUES ( 32000368,'TE_MACT',5139104,0,0,' void ','','','','','','','','','hostmonitor_host_breath_taken','void',0,0,'','' );
INSERT INTO TE_ABA VALUES ( 32000476,'S_SYNC',5139312,0,1,' void ','','','','','','','','','heart_init','void',0,0,'','  Escher_Timer_t * t;heart_SINUS_NODE * snode;heart_HEART * heart;Escher_xtUMLEvent_t * e;
  /* CREATE OBJECT INSTANCE heart OF HEART */
  XTUML_OAL_STMT_TRACE( 1, "CREATE OBJECT INSTANCE heart OF HEART" );
  heart = (heart_HEART *) Escher_CreateInstance( heart_DOMAIN_ID, heart_HEART_CLASS_NUMBER );
  /* CREATE OBJECT INSTANCE snode OF SINUS_NODE */
  XTUML_OAL_STMT_TRACE( 1, "CREATE OBJECT INSTANCE snode OF SINUS_NODE" );
  snode = (heart_SINUS_NODE *) Escher_CreateInstance( heart_DOMAIN_ID, heart_SINUS_NODE_CLASS_NUMBER );
  /* RELATE heart TO snode ACROSS R1 */
  XTUML_OAL_STMT_TRACE( 1, "RELATE heart TO snode ACROSS R1" );
  heart_SINUS_NODE_R1_Link_is_triggered_by( heart, snode );
  /* ASSIGN snode.systolic_period = 500000 */
  XTUML_OAL_STMT_TRACE( 1, "ASSIGN snode.systolic_period = 500000" );
  snode->systolic_period = 500000;
  /* ASSIGN snode.diastolic_period = 500000 */
  XTUML_OAL_STMT_TRACE( 1, "ASSIGN snode.diastolic_period = 500000" );
  snode->diastolic_period = 500000;
  /* ASSIGN snode.decrement = 0 */
  XTUML_OAL_STMT_TRACE( 1, "ASSIGN snode.decrement = 0" );
  snode->decrement = 0;
  /* out_to_body::init(diastolic_period:snode.diastolic_period, systolic_period:snode.systolic_period) */
  XTUML_OAL_STMT_TRACE( 1, "out_to_body::init(diastolic_period:snode.diastolic_period, systolic_period:snode.systolic_period)" );
  heart_out_to_body_init( snode->diastolic_period, snode->systolic_period );
  /* CREATE EVENT INSTANCE e(  ) TO snode */
  XTUML_OAL_STMT_TRACE( 1, "CREATE EVENT INSTANCE e(  ) TO snode" );
  e = Escher_NewxtUMLEvent( (void *) snode, &heart_SINUS_NODEevent2c );
  /* ASSIGN t = TIM::timer_start(event_inst:e, microseconds:( snode.systolic_period + snode.diastolic_period )) */
  XTUML_OAL_STMT_TRACE( 1, "ASSIGN t = TIM::timer_start(event_inst:e, microseconds:( snode.systolic_period + snode.diastolic_period ))" );
  t = TIM_timer_start( (Escher_xtUMLEvent_t *)e, ( snode->systolic_period + snode->diastolic_period ) );
' );
INSERT INTO TE_ABA VALUES ( 32000584,'S_BRG',5139312,0,0,' c_t[ESCHER_SYS_MAX_STRING_LEN] ',' c_t p_message[ESCHER_SYS_MAX_STRING_LEN] ','c_t p_message[ESCHER_SYS_MAX_STRING_LEN];
','','[]',' p_message','    Escher_strcpy( e->p_message, p_message );','    Escher_strcpy( e->p_message, p_message );','','heart_LOG_LogSuccess','void',0,0,'','' );
INSERT INTO TE_ABA VALUES ( 32000692,'S_BRG',5139312,0,0,' c_t[ESCHER_SYS_MAX_STRING_LEN] ',' c_t p_message[ESCHER_SYS_MAX_STRING_LEN] ','c_t p_message[ESCHER_SYS_MAX_STRING_LEN];
','','[]',' p_message','    Escher_strcpy( e->p_message, p_message );','    Escher_strcpy( e->p_message, p_message );','','heart_LOG_LogFailure','void',0,0,'','' );
INSERT INTO TE_ABA VALUES ( 32000800,'S_BRG',5139312,0,0,' c_t[ESCHER_SYS_MAX_STRING_LEN] ',' c_t p_message[ESCHER_SYS_MAX_STRING_LEN] ','c_t p_message[ESCHER_SYS_MAX_STRING_LEN];
','','[]',' p_message','    Escher_strcpy( e->p_message, p_message );','    Escher_strcpy( e->p_message, p_message );','','heart_LOG_LogInfo','void',0,0,'','' );
INSERT INTO TE_ABA VALUES ( 32000908,'S_BRG',5139312,0,0,' Escher_Date_t, c_t[ESCHER_SYS_MAX_STRING_LEN] ',' Escher_Date_t p_d, c_t p_message[ESCHER_SYS_MAX_STRING_LEN] ','Escher_Date_t p_d;
c_t p_message[ESCHER_SYS_MAX_STRING_LEN];
',', p_d','%d,[]',' p_d, p_message','    e->p_d = p_d;    Escher_strcpy( e->p_message, p_message );','    e->p_d = p_d;    Escher_strcpy( e->p_message, p_message );','','heart_LOG_LogDate','void',0,0,'','' );
INSERT INTO TE_ABA VALUES ( 32001016,'S_BRG',5139312,0,0,' c_t[ESCHER_SYS_MAX_STRING_LEN], Escher_TimeStamp_t ',' c_t p_message[ESCHER_SYS_MAX_STRING_LEN], Escher_TimeStamp_t p_t ','c_t p_message[ESCHER_SYS_MAX_STRING_LEN];
Escher_TimeStamp_t p_t;
',', p_t','[],%d',' p_message, p_t','    Escher_strcpy( e->p_message, p_message );    e->p_t = p_t;','    Escher_strcpy( e->p_message, p_message );    e->p_t = p_t;','','heart_LOG_LogTime','void',0,0,'','' );
INSERT INTO TE_ABA VALUES ( 32001124,'S_BRG',5139312,0,0,' c_t[ESCHER_SYS_MAX_STRING_LEN], const r_t ',' c_t p_message[ESCHER_SYS_MAX_STRING_LEN], const r_t p_r ','c_t p_message[ESCHER_SYS_MAX_STRING_LEN];
r_t p_r;
',', p_r','[],%f',' p_message, p_r','    Escher_strcpy( e->p_message, p_message );    e->p_r = p_r;','    Escher_strcpy( e->p_message, p_message );    e->p_r = p_r;','','heart_LOG_LogReal','void',0,0,'','' );
INSERT INTO TE_ABA VALUES ( 32060832,'S_BRG',5139312,0,0,' const i_t ',' const i_t p_message ','i_t p_message;
',', p_message','%d',' p_message','    e->p_message = p_message;','    e->p_message = p_message;','','heart_LOG_LogInteger','void',0,0,'','
  /* WARNING!  Skipping unsuccessful or unparsed action.  */
' );
INSERT INTO TE_ABA VALUES ( 32060940,'S_BRG',5139312,0,0,' void ','','','','','','','','','heart_ARCH_shutdown','void',0,0,'','  /* CONTROL */
  XTUML_OAL_STMT_TRACE( 1, "CONTROL" );
  ARCH_shutdown();
' );
INSERT INTO TE_ABA VALUES ( 32061048,'S_BRG',5139312,0,0,' void ','','','','','','','','','TIM_current_date','Escher_Date_t',0,0,'','
  /* WARNING!  Skipping unsuccessful or unparsed action.  */
' );
INSERT INTO TE_ABA VALUES ( 32061156,'S_BRG',5139312,0,0,' const i_t, const i_t, const i_t, const i_t, const i_t, const i_t ',' const i_t p_day, const i_t p_hour, const i_t p_minute, const i_t p_month, const i_t p_second, const i_t p_year ','i_t p_day;
i_t p_hour;
i_t p_minute;
i_t p_month;
i_t p_second;
i_t p_year;
',', p_day, p_hour, p_minute, p_month, p_second, p_year','%d,%d,%d,%d,%d,%d',' p_day, p_hour, p_minute, p_month, p_second, p_year','    e->p_day = p_day;    e->p_hour = p_hour;    e->p_minute = p_minute;    e->p_month = p_month;    e->p_second = p_second;    e->p_year = p_year;','    e->p_day = p_day;    e->p_hour = p_hour;    e->p_minute = p_minute;    e->p_month = p_month;    e->p_second = p_second;    e->p_year = p_year;','','TIM_create_date','Escher_Date_t',0,0,'','
  /* WARNING!  Skipping unsuccessful or unparsed action.  */
' );
INSERT INTO TE_ABA VALUES ( 32061264,'S_BRG',5139312,0,0,' Escher_Date_t ',' Escher_Date_t p_date ','Escher_Date_t p_date;
',', p_date','%d',' p_date','    e->p_date = p_date;','    e->p_date = p_date;','','TIM_get_second','i_t',0,0,'','
  /* WARNING!  Skipping unsuccessful or unparsed action.  */
' );
INSERT INTO TE_ABA VALUES ( 32061372,'S_BRG',5139312,0,0,' Escher_Date_t ',' Escher_Date_t p_date ','Escher_Date_t p_date;
',', p_date','%d',' p_date','    e->p_date = p_date;','    e->p_date = p_date;','','TIM_get_minute','i_t',0,0,'','
  /* WARNING!  Skipping unsuccessful or unparsed action.  */
' );
INSERT INTO TE_ABA VALUES ( 32061480,'S_BRG',5139312,0,0,' Escher_Date_t ',' Escher_Date_t p_date ','Escher_Date_t p_date;
',', p_date','%d',' p_date','    e->p_date = p_date;','    e->p_date = p_date;','','TIM_get_hour','i_t',0,0,'','
  /* WARNING!  Skipping unsuccessful or unparsed action.  */
' );
INSERT INTO TE_ABA VALUES ( 32061588,'S_BRG',5139312,0,0,' Escher_Date_t ',' Escher_Date_t p_date ','Escher_Date_t p_date;
',', p_date','%d',' p_date','    e->p_date = p_date;','    e->p_date = p_date;','','TIM_get_day','i_t',0,0,'','
  /* WARNING!  Skipping unsuccessful or unparsed action.  */
' );
INSERT INTO TE_ABA VALUES ( 32061696,'S_BRG',5139312,0,0,' Escher_Date_t ',' Escher_Date_t p_date ','Escher_Date_t p_date;
',', p_date','%d',' p_date','    e->p_date = p_date;','    e->p_date = p_date;','','TIM_get_month','i_t',0,0,'','
  /* WARNING!  Skipping unsuccessful or unparsed action.  */
' );
INSERT INTO TE_ABA VALUES ( 32061804,'S_BRG',5139312,0,0,' Escher_Date_t ',' Escher_Date_t p_date ','Escher_Date_t p_date;
',', p_date','%d',' p_date','    e->p_date = p_date;','    e->p_date = p_date;','','TIM_get_year','i_t',0,0,'','
  /* WARNING!  Skipping unsuccessful or unparsed action.  */
' );
INSERT INTO TE_ABA VALUES ( 32092144,'S_BRG',5139312,0,0,' void ','','','','','','','','','TIM_current_clock','Escher_TimeStamp_t',0,0,'','
  /* WARNING!  Skipping unsuccessful or unparsed action.  */
' );
INSERT INTO TE_ABA VALUES ( 32092252,'S_BRG',5139312,0,0,' Escher_xtUMLEvent_t *, const i_t ',' Escher_xtUMLEvent_t * p_event_inst, const i_t p_microseconds ','Escher_xtUMLEvent_t * p_event_inst;
i_t p_microseconds;
',', p_event_inst, p_microseconds','%p,%d',' p_event_inst, p_microseconds','    e->p_event_inst = p_event_inst;    e->p_microseconds = p_microseconds;','    e->p_event_inst = p_event_inst;    e->p_microseconds = p_microseconds;','','TIM_timer_start','Escher_Timer_t *',0,0,'','
  /* WARNING!  Skipping unsuccessful or unparsed action.  */
' );
INSERT INTO TE_ABA VALUES ( 32092360,'S_BRG',5139312,0,0,' Escher_xtUMLEvent_t *, const i_t ',' Escher_xtUMLEvent_t * p_event_inst, const i_t p_microseconds ','Escher_xtUMLEvent_t * p_event_inst;
i_t p_microseconds;
',', p_event_inst, p_microseconds','%p,%d',' p_event_inst, p_microseconds','    e->p_event_inst = p_event_inst;    e->p_microseconds = p_microseconds;','    e->p_event_inst = p_event_inst;    e->p_microseconds = p_microseconds;','','TIM_timer_start_recurring','Escher_Timer_t *',0,0,'','
  /* WARNING!  Skipping unsuccessful or unparsed action.  */
' );
INSERT INTO TE_ABA VALUES ( 32092468,'S_BRG',5139312,0,0,' Escher_Timer_t * ',' Escher_Timer_t * p_timer_inst_ref ','Escher_Timer_t * p_timer_inst_ref;
',', p_timer_inst_ref','%d',' p_timer_inst_ref','    e->p_timer_inst_ref = p_timer_inst_ref;','    e->p_timer_inst_ref = p_timer_inst_ref;','','TIM_timer_remaining_time','i_t',0,0,'','
  /* WARNING!  Skipping unsuccessful or unparsed action.  */
' );
INSERT INTO TE_ABA VALUES ( 32092576,'S_BRG',5139312,0,0,' const i_t, Escher_Timer_t * ',' const i_t p_microseconds, Escher_Timer_t * p_timer_inst_ref ','i_t p_microseconds;
Escher_Timer_t * p_timer_inst_ref;
',', p_microseconds, p_timer_inst_ref','%d,%d',' p_microseconds, p_timer_inst_ref','    e->p_microseconds = p_microseconds;    e->p_timer_inst_ref = p_timer_inst_ref;','    e->p_microseconds = p_microseconds;    e->p_timer_inst_ref = p_timer_inst_ref;','','TIM_timer_reset_time','bool',0,0,'','
  /* WARNING!  Skipping unsuccessful or unparsed action.  */
' );
INSERT INTO TE_ABA VALUES ( 32092684,'S_BRG',5139312,0,0,' const i_t, Escher_Timer_t * ',' const i_t p_microseconds, Escher_Timer_t * p_timer_inst_ref ','i_t p_microseconds;
Escher_Timer_t * p_timer_inst_ref;
',', p_microseconds, p_timer_inst_ref','%d,%d',' p_microseconds, p_timer_inst_ref','    e->p_microseconds = p_microseconds;    e->p_timer_inst_ref = p_timer_inst_ref;','    e->p_microseconds = p_microseconds;    e->p_timer_inst_ref = p_timer_inst_ref;','','TIM_timer_add_time','bool',0,0,'','
  /* WARNING!  Skipping unsuccessful or unparsed action.  */
' );
INSERT INTO TE_ABA VALUES ( 32092792,'S_BRG',5139312,0,0,' Escher_Timer_t * ',' Escher_Timer_t * p_timer_inst_ref ','Escher_Timer_t * p_timer_inst_ref;
',', p_timer_inst_ref','%d',' p_timer_inst_ref','    e->p_timer_inst_ref = p_timer_inst_ref;','    e->p_timer_inst_ref = p_timer_inst_ref;','','TIM_timer_cancel','bool',0,0,'','
  /* WARNING!  Skipping unsuccessful or unparsed action.  */
' );
INSERT INTO TE_ABA VALUES ( 32092900,'SM_ACT',5139312,0,0,' void ','','','','','','','','','heart_SINUS_NODE_act3','void',0,0,'','  Escher_Timer_t * t;Escher_xtUMLEvent_t * e;heart_HEART * heart=0;
  /* SELECT one heart RELATED BY self->HEART[R1] */
  XTUML_OAL_STMT_TRACE( 1, "SELECT one heart RELATED BY self->HEART[R1]" );
  heart = ( 0 != self ) ? self->HEART_R1_triggers : 0;
  /* GENERATE HEART5:systolic_pulse() TO heart */
  XTUML_OAL_STMT_TRACE( 1, "GENERATE HEART5:systolic_pulse() TO heart" );
  { Escher_xtUMLEvent_t * e = Escher_NewxtUMLEvent( heart, &heart_HEARTevent5c );
    Escher_SendEvent( e );
  }
  /* SEND out_to_body::systolic_pulse() */
  XTUML_OAL_STMT_TRACE( 1, "SEND out_to_body::systolic_pulse()" );
  heart_out_to_body_systolic_pulse();
  /* CREATE EVENT INSTANCE e(  ) TO self */
  XTUML_OAL_STMT_TRACE( 1, "CREATE EVENT INSTANCE e(  ) TO self" );
  e = Escher_NewxtUMLEvent( (void *) self, &heart_SINUS_NODEevent1c );
  /* ASSIGN t = TIM::timer_start(event_inst:e, microseconds:self.diastolic_period) */
  XTUML_OAL_STMT_TRACE( 1, "ASSIGN t = TIM::timer_start(event_inst:e, microseconds:self.diastolic_period)" );
  t = TIM_timer_start( (Escher_xtUMLEvent_t *)e, self->diastolic_period );
  /* self.log_and_adjust() */
  XTUML_OAL_STMT_TRACE( 1, "self.log_and_adjust()" );
  heart_SINUS_NODE_op_log_and_adjust( self );
' );
INSERT INTO TE_ABA VALUES ( 32093008,'SM_ACT',5139312,0,0,' void ','','','','','','','','','heart_SINUS_NODE_act1','void',0,0,'','  Escher_Timer_t * t;Escher_xtUMLEvent_t * e;heart_HEART * heart=0;
  /* SELECT one heart RELATED BY self->HEART[R1] */
  XTUML_OAL_STMT_TRACE( 1, "SELECT one heart RELATED BY self->HEART[R1]" );
  heart = ( 0 != self ) ? self->HEART_R1_triggers : 0;
  /* GENERATE HEART4:diastolic_pulse() TO heart */
  XTUML_OAL_STMT_TRACE( 1, "GENERATE HEART4:diastolic_pulse() TO heart" );
  { Escher_xtUMLEvent_t * e = Escher_NewxtUMLEvent( heart, &heart_HEARTevent4c );
    Escher_SendEvent( e );
  }
  /* SEND out_to_body::diastolic_pulse() */
  XTUML_OAL_STMT_TRACE( 1, "SEND out_to_body::diastolic_pulse()" );
  heart_out_to_body_diastolic_pulse();
  /* CREATE EVENT INSTANCE e(  ) TO self */
  XTUML_OAL_STMT_TRACE( 1, "CREATE EVENT INSTANCE e(  ) TO self" );
  e = Escher_NewxtUMLEvent( (void *) self, &heart_SINUS_NODEevent2c );
  /* ASSIGN t = TIM::timer_start(event_inst:e, microseconds:self.systolic_period) */
  XTUML_OAL_STMT_TRACE( 1, "ASSIGN t = TIM::timer_start(event_inst:e, microseconds:self.systolic_period)" );
  t = TIM_timer_start( (Escher_xtUMLEvent_t *)e, self->systolic_period );
' );
INSERT INTO TE_ABA VALUES ( 32093116,'O_TFR',5139312,0,0,' void ','','','','','','','','','heart_SINUS_NODE_op_log_and_adjust','void',0,0,'','  /* LOG::LogInfo( message:systolic period, diastolic period ) */
  XTUML_OAL_STMT_TRACE( 1, "LOG::LogInfo( message:systolic period, diastolic period )" );
  heart_LOG_LogInfo( "systolic period, diastolic period" );
  /* LOG::LogInteger( message:self.systolic_period ) */
  XTUML_OAL_STMT_TRACE( 1, "LOG::LogInteger( message:self.systolic_period )" );
  heart_LOG_LogInteger( self->systolic_period );
  /* LOG::LogInteger( message:self.diastolic_period ) */
  XTUML_OAL_STMT_TRACE( 1, "LOG::LogInteger( message:self.diastolic_period )" );
  heart_LOG_LogInteger( self->diastolic_period );
  /* IF ( ( self.decrement < self.systolic_period ) ) */
  XTUML_OAL_STMT_TRACE( 1, "IF ( ( self.decrement < self.systolic_period ) )" );
  if ( ( self->decrement < self->systolic_period ) ) {
    /* ASSIGN self.systolic_period = ( self.systolic_period - self.decrement ) */
    XTUML_OAL_STMT_TRACE( 2, "ASSIGN self.systolic_period = ( self.systolic_period - self.decrement )" );
    self->systolic_period = ( self->systolic_period - self->decrement );
  }
  /* IF ( ( self.decrement < self.diastolic_period ) ) */
  XTUML_OAL_STMT_TRACE( 1, "IF ( ( self.decrement < self.diastolic_period ) )" );
  if ( ( self->decrement < self->diastolic_period ) ) {
    /* ASSIGN self.diastolic_period = ( self.diastolic_period - self.decrement ) */
    XTUML_OAL_STMT_TRACE( 2, "ASSIGN self.diastolic_period = ( self.diastolic_period - self.decrement )" );
    self->diastolic_period = ( self->diastolic_period - self->decrement );
  }
' );
INSERT INTO TE_ABA VALUES ( 32109824,'SM_ACT',5139312,0,0,' void ','','','','','','','','','heart_HEART_act5','void',0,0,'','  /* GENERATE HEART1:done() TO self */
  XTUML_OAL_STMT_TRACE( 1, "GENERATE HEART1:done() TO self" );
  { Escher_xtUMLEvent_t * e = Escher_NewxtUMLEvent( self, &heart_HEARTevent1c );
    Escher_SendSelfEvent( e );
  }
' );
INSERT INTO TE_ABA VALUES ( 32109932,'SM_ACT',5139312,0,0,' void ','','','','','','','','','heart_HEART_act2','void',0,0,'','' );
INSERT INTO TE_ABA VALUES ( 32110040,'SM_ACT',5139312,0,0,' void ','','','','','','','','','heart_HEART_act3','void',0,0,'','  /* GENERATE HEART1:done() TO self */
  XTUML_OAL_STMT_TRACE( 1, "GENERATE HEART1:done() TO self" );
  { Escher_xtUMLEvent_t * e = Escher_NewxtUMLEvent( self, &heart_HEARTevent1c );
    Escher_SendSelfEvent( e );
  }
' );
INSERT INTO TE_ABA VALUES ( 32110148,'SM_ACT',5139312,0,0,' void ','','','','','','','','','heart_HEART_act4','void',0,0,'','' );
INSERT INTO TE_ABA VALUES ( 32110256,'SM_ACT',5139312,0,0,' void ','','','','','','','','','heart_HEART_act1','void',0,0,'','' );
INSERT INTO TE_ABA VALUES ( 32110364,'SM_ACT',5139312,0,0,' void ','','','','','','','','','heart_HEART_CB_act1','void',0,0,'','' );
INSERT INTO TE_ABA VALUES ( 32110472,'SM_ACT',5139312,0,0,' void ','','','','','','','','','heart_HEART_CB_xact1','void',0,0,'','  heart_HEART * heart=0;
  /* SELECT any heart FROM INSTANCES OF HEART */
  XTUML_OAL_STMT_TRACE( 1, "SELECT any heart FROM INSTANCES OF HEART" );
  heart = (heart_HEART *) Escher_SetGetAny( &pG_heart_HEART_extent.active );
  /* GENERATE HEART2:diastolic_pace() TO heart */
  XTUML_OAL_STMT_TRACE( 1, "GENERATE HEART2:diastolic_pace() TO heart" );
  { Escher_xtUMLEvent_t * e = Escher_NewxtUMLEvent( heart, &heart_HEARTevent2c );
    Escher_SendEvent( e );
  }
' );
INSERT INTO TE_ABA VALUES ( 32110580,'SM_ACT',5139312,0,0,' void ','','','','','','','','','heart_HEART_CB_xact2','void',0,0,'','  heart_HEART * heart=0;
  /* SELECT any heart FROM INSTANCES OF HEART */
  XTUML_OAL_STMT_TRACE( 1, "SELECT any heart FROM INSTANCES OF HEART" );
  heart = (heart_HEART *) Escher_SetGetAny( &pG_heart_HEART_extent.active );
  /* GENERATE HEART3:systolic_pace() TO heart */
  XTUML_OAL_STMT_TRACE( 1, "GENERATE HEART3:systolic_pace() TO heart" );
  { Escher_xtUMLEvent_t * e = Escher_NewxtUMLEvent( heart, &heart_HEARTevent3c );
    Escher_SendEvent( e );
  }
' );
INSERT INTO TE_ABA VALUES ( 32110688,'O_TFR',5139104,0,0,' void ','','','','','','','','','hostmonitor_TM_op_getCurrentTemp','i_t',0,0,'','  /* RETURN 0 */
  XTUML_OAL_STMT_TRACE( 1, "RETURN 0" );
  return 0;' );
INSERT INTO TE_ABA VALUES ( 32110796,'O_TFR',5139104,0,0,' void ','','','','','','','','','hostmonitor_RM_op_getCurrentRate','i_t',0,0,'','  /* RETURN 0 */
  XTUML_OAL_STMT_TRACE( 1, "RETURN 0" );
  return 0;' );
INSERT INTO TE_ABA VALUES ( 32123776,'SM_ACT',5139104,0,0,' void ','','','','','','','','','hostmonitor_HM_act1','void',0,0,'','  hostmonitor_RM * rm=0;hostmonitor_TM * tm=0;
  /* SELECT one tm RELATED BY self->TM[R2] */
  XTUML_OAL_STMT_TRACE( 1, "SELECT one tm RELATED BY self->TM[R2]" );
  tm = ( 0 != self ) ? self->TM_R2 : 0;
  /* ASSIGN self.lastTemp = tm.getCurrentTemp() */
  XTUML_OAL_STMT_TRACE( 1, "ASSIGN self.lastTemp = tm.getCurrentTemp()" );
  self->lastTemp = hostmonitor_TM_op_getCurrentTemp(tm);
  /* SELECT one rm RELATED BY self->RM[R3] */
  XTUML_OAL_STMT_TRACE( 1, "SELECT one rm RELATED BY self->RM[R3]" );
  rm = ( 0 != self ) ? self->RM_R3 : 0;
  /* ASSIGN self.lastRate = rm.getCurrentRate() */
  XTUML_OAL_STMT_TRACE( 1, "ASSIGN self.lastRate = rm.getCurrentRate()" );
  self->lastRate = hostmonitor_RM_op_getCurrentRate(rm);
  /* IF ( ( ( self.lastTemp > 37.5 ) or ( self.lastRate > 18 ) ) ) */
  XTUML_OAL_STMT_TRACE( 1, "IF ( ( ( self.lastTemp > 37.5 ) or ( self.lastRate > 18 ) ) )" );
  if ( ( ( self->lastTemp > 37.5 ) || ( self->lastRate > 18 ) ) ) {
    /* GENERATE HM2:increasedActivity() TO self */
    XTUML_OAL_STMT_TRACE( 2, "GENERATE HM2:increasedActivity() TO self" );
    { Escher_xtUMLEvent_t * e = Escher_NewxtUMLEvent( self, &hostmonitor_HMevent2c );
      Escher_SendSelfEvent( e );
    }
  }
  /* GENERATE HM1:poll() TO self */
  XTUML_OAL_STMT_TRACE( 1, "GENERATE HM1:poll() TO self" );
  { Escher_xtUMLEvent_t * e = Escher_NewxtUMLEvent( self, &hostmonitor_HMevent1c );
    Escher_SendSelfEvent( e );
  }
' );
INSERT INTO TE_ABA VALUES ( 32123884,'SM_ACT',5139104,0,0,' void ','','','','','','','','','hostmonitor_HM_act2','void',0,0,'','  /* SEND monitor::increased_activty(current_rate:self.lastRate, current_temp:self.lastTemp) */
  XTUML_OAL_STMT_TRACE( 1, "SEND monitor::increased_activty(current_rate:self.lastRate, current_temp:self.lastTemp)" );
  hostmonitor_monitor_increased_activty( self->lastRate, self->lastTemp );
  /* GENERATE HM1:poll() TO self */
  XTUML_OAL_STMT_TRACE( 1, "GENERATE HM1:poll() TO self" );
  { Escher_xtUMLEvent_t * e = Escher_NewxtUMLEvent( self, &hostmonitor_HMevent1c );
    Escher_SendSelfEvent( e );
  }
' );
INSERT INTO TE_ABA VALUES ( 32123992,'SM_ACT',5139104,0,0,' void ','','','','','','','','','hostmonitor_HM_CB_act1','void',0,0,'','' );
INSERT INTO TE_ABA VALUES ( 32124100,'S_BRG',5138896,0,0,' Escher_Timer_t * ',' Escher_Timer_t * p_timer_inst_ref ','Escher_Timer_t * p_timer_inst_ref;
',', p_timer_inst_ref','%d',' p_timer_inst_ref','    e->p_timer_inst_ref = p_timer_inst_ref;','    e->p_timer_inst_ref = p_timer_inst_ref;','','TIM_timer_cancel','bool',0,0,'','
  /* WARNING!  Skipping unsuccessful or unparsed action.  */
' );
INSERT INTO TE_ABA VALUES ( 32124208,'S_BRG',5138896,0,0,' const i_t, Escher_Timer_t * ',' const i_t p_microseconds, Escher_Timer_t * p_timer_inst_ref ','i_t p_microseconds;
Escher_Timer_t * p_timer_inst_ref;
',', p_microseconds, p_timer_inst_ref','%d,%d',' p_microseconds, p_timer_inst_ref','    e->p_microseconds = p_microseconds;    e->p_timer_inst_ref = p_timer_inst_ref;','    e->p_microseconds = p_microseconds;    e->p_timer_inst_ref = p_timer_inst_ref;','','TIM_timer_add_time','bool',0,0,'','
  /* WARNING!  Skipping unsuccessful or unparsed action.  */
' );
INSERT INTO TE_ABA VALUES ( 32124316,'S_BRG',5138896,0,0,' const i_t, Escher_Timer_t * ',' const i_t p_microseconds, Escher_Timer_t * p_timer_inst_ref ','i_t p_microseconds;
Escher_Timer_t * p_timer_inst_ref;
',', p_microseconds, p_timer_inst_ref','%d,%d',' p_microseconds, p_timer_inst_ref','    e->p_microseconds = p_microseconds;    e->p_timer_inst_ref = p_timer_inst_ref;','    e->p_microseconds = p_microseconds;    e->p_timer_inst_ref = p_timer_inst_ref;','','TIM_timer_reset_time','bool',0,0,'','
  /* WARNING!  Skipping unsuccessful or unparsed action.  */
' );
INSERT INTO TE_ABA VALUES ( 32124424,'S_BRG',5138896,0,0,' Escher_Timer_t * ',' Escher_Timer_t * p_timer_inst_ref ','Escher_Timer_t * p_timer_inst_ref;
',', p_timer_inst_ref','%d',' p_timer_inst_ref','    e->p_timer_inst_ref = p_timer_inst_ref;','    e->p_timer_inst_ref = p_timer_inst_ref;','','TIM_timer_remaining_time','i_t',0,0,'','
  /* WARNING!  Skipping unsuccessful or unparsed action.  */
' );
INSERT INTO TE_ABA VALUES ( 32124532,'S_BRG',5138896,0,0,' Escher_xtUMLEvent_t *, const i_t ',' Escher_xtUMLEvent_t * p_event_inst, const i_t p_microseconds ','Escher_xtUMLEvent_t * p_event_inst;
i_t p_microseconds;
',', p_event_inst, p_microseconds','%p,%d',' p_event_inst, p_microseconds','    e->p_event_inst = p_event_inst;    e->p_microseconds = p_microseconds;','    e->p_event_inst = p_event_inst;    e->p_microseconds = p_microseconds;','','TIM_timer_start_recurring','Escher_Timer_t *',0,0,'','
  /* WARNING!  Skipping unsuccessful or unparsed action.  */
' );
INSERT INTO TE_ABA VALUES ( 32124640,'S_BRG',5138896,0,0,' Escher_xtUMLEvent_t *, const i_t ',' Escher_xtUMLEvent_t * p_event_inst, const i_t p_microseconds ','Escher_xtUMLEvent_t * p_event_inst;
i_t p_microseconds;
',', p_event_inst, p_microseconds','%p,%d',' p_event_inst, p_microseconds','    e->p_event_inst = p_event_inst;    e->p_microseconds = p_microseconds;','    e->p_event_inst = p_event_inst;    e->p_microseconds = p_microseconds;','','TIM_timer_start','Escher_Timer_t *',0,0,'','
  /* WARNING!  Skipping unsuccessful or unparsed action.  */
' );
INSERT INTO TE_ABA VALUES ( 32124748,'S_BRG',5138896,0,0,' void ','','','','','','','','','TIM_current_clock','Escher_TimeStamp_t',0,0,'','
  /* WARNING!  Skipping unsuccessful or unparsed action.  */
' );
INSERT INTO TE_ABA VALUES ( 32139152,'S_BRG',5138896,0,0,' Escher_Date_t ',' Escher_Date_t p_date ','Escher_Date_t p_date;
',', p_date','%d',' p_date','    e->p_date = p_date;','    e->p_date = p_date;','','TIM_get_year','i_t',0,0,'','
  /* WARNING!  Skipping unsuccessful or unparsed action.  */
' );
INSERT INTO TE_ABA VALUES ( 32139260,'S_BRG',5138896,0,0,' Escher_Date_t ',' Escher_Date_t p_date ','Escher_Date_t p_date;
',', p_date','%d',' p_date','    e->p_date = p_date;','    e->p_date = p_date;','','TIM_get_month','i_t',0,0,'','
  /* WARNING!  Skipping unsuccessful or unparsed action.  */
' );
INSERT INTO TE_ABA VALUES ( 32139368,'S_BRG',5138896,0,0,' Escher_Date_t ',' Escher_Date_t p_date ','Escher_Date_t p_date;
',', p_date','%d',' p_date','    e->p_date = p_date;','    e->p_date = p_date;','','TIM_get_day','i_t',0,0,'','
  /* WARNING!  Skipping unsuccessful or unparsed action.  */
' );
INSERT INTO TE_ABA VALUES ( 32139476,'S_BRG',5138896,0,0,' Escher_Date_t ',' Escher_Date_t p_date ','Escher_Date_t p_date;
',', p_date','%d',' p_date','    e->p_date = p_date;','    e->p_date = p_date;','','TIM_get_hour','i_t',0,0,'','
  /* WARNING!  Skipping unsuccessful or unparsed action.  */
' );
INSERT INTO TE_ABA VALUES ( 32139584,'S_BRG',5138896,0,0,' Escher_Date_t ',' Escher_Date_t p_date ','Escher_Date_t p_date;
',', p_date','%d',' p_date','    e->p_date = p_date;','    e->p_date = p_date;','','TIM_get_minute','i_t',0,0,'','
  /* WARNING!  Skipping unsuccessful or unparsed action.  */
' );
INSERT INTO TE_ABA VALUES ( 32139692,'S_BRG',5138896,0,0,' Escher_Date_t ',' Escher_Date_t p_date ','Escher_Date_t p_date;
',', p_date','%d',' p_date','    e->p_date = p_date;','    e->p_date = p_date;','','TIM_get_second','i_t',0,0,'','
  /* WARNING!  Skipping unsuccessful or unparsed action.  */
' );
INSERT INTO TE_ABA VALUES ( 32139800,'S_BRG',5138896,0,0,' const i_t, const i_t, const i_t, const i_t, const i_t, const i_t ',' const i_t p_day, const i_t p_hour, const i_t p_minute, const i_t p_month, const i_t p_second, const i_t p_year ','i_t p_day;
i_t p_hour;
i_t p_minute;
i_t p_month;
i_t p_second;
i_t p_year;
',', p_day, p_hour, p_minute, p_month, p_second, p_year','%d,%d,%d,%d,%d,%d',' p_day, p_hour, p_minute, p_month, p_second, p_year','    e->p_day = p_day;    e->p_hour = p_hour;    e->p_minute = p_minute;    e->p_month = p_month;    e->p_second = p_second;    e->p_year = p_year;','    e->p_day = p_day;    e->p_hour = p_hour;    e->p_minute = p_minute;    e->p_month = p_month;    e->p_second = p_second;    e->p_year = p_year;','','TIM_create_date','Escher_Date_t',0,0,'','
  /* WARNING!  Skipping unsuccessful or unparsed action.  */
' );
INSERT INTO TE_ABA VALUES ( 32139908,'S_BRG',5138896,0,0,' void ','','','','','','','','','TIM_current_date','Escher_Date_t',0,0,'','
  /* WARNING!  Skipping unsuccessful or unparsed action.  */
' );
INSERT INTO TE_ABA VALUES ( 32140016,'S_BRG',5138896,0,0,' void ','','','','','','','','','pacemaker_ARCH_shutdown','void',0,0,'','  /* CONTROL */
  XTUML_OAL_STMT_TRACE( 1, "CONTROL" );
  ARCH_shutdown();
' );
INSERT INTO TE_ABA VALUES ( 32140124,'S_BRG',5138896,0,0,' const i_t ',' const i_t p_message ','i_t p_message;
',', p_message','%d',' p_message','    e->p_message = p_message;','    e->p_message = p_message;','','pacemaker_LOG_LogInteger','void',0,0,'','
  /* WARNING!  Skipping unsuccessful or unparsed action.  */
' );
INSERT INTO TE_ABA VALUES ( 32150456,'S_BRG',5138896,0,0,' c_t[ESCHER_SYS_MAX_STRING_LEN], const r_t ',' c_t p_message[ESCHER_SYS_MAX_STRING_LEN], const r_t p_r ','c_t p_message[ESCHER_SYS_MAX_STRING_LEN];
r_t p_r;
',', p_r','[],%f',' p_message, p_r','    Escher_strcpy( e->p_message, p_message );    e->p_r = p_r;','    Escher_strcpy( e->p_message, p_message );    e->p_r = p_r;','','pacemaker_LOG_LogReal','void',0,0,'','' );
INSERT INTO TE_ABA VALUES ( 32150564,'S_BRG',5138896,0,0,' c_t[ESCHER_SYS_MAX_STRING_LEN], Escher_TimeStamp_t ',' c_t p_message[ESCHER_SYS_MAX_STRING_LEN], Escher_TimeStamp_t p_t ','c_t p_message[ESCHER_SYS_MAX_STRING_LEN];
Escher_TimeStamp_t p_t;
',', p_t','[],%d',' p_message, p_t','    Escher_strcpy( e->p_message, p_message );    e->p_t = p_t;','    Escher_strcpy( e->p_message, p_message );    e->p_t = p_t;','','pacemaker_LOG_LogTime','void',0,0,'','' );
INSERT INTO TE_ABA VALUES ( 32150672,'S_BRG',5138896,0,0,' Escher_Date_t, c_t[ESCHER_SYS_MAX_STRING_LEN] ',' Escher_Date_t p_d, c_t p_message[ESCHER_SYS_MAX_STRING_LEN] ','Escher_Date_t p_d;
c_t p_message[ESCHER_SYS_MAX_STRING_LEN];
',', p_d','%d,[]',' p_d, p_message','    e->p_d = p_d;    Escher_strcpy( e->p_message, p_message );','    e->p_d = p_d;    Escher_strcpy( e->p_message, p_message );','','pacemaker_LOG_LogDate','void',0,0,'','' );
INSERT INTO TE_ABA VALUES ( 32150780,'S_BRG',5138896,0,0,' c_t[ESCHER_SYS_MAX_STRING_LEN] ',' c_t p_message[ESCHER_SYS_MAX_STRING_LEN] ','c_t p_message[ESCHER_SYS_MAX_STRING_LEN];
','','[]',' p_message','    Escher_strcpy( e->p_message, p_message );','    Escher_strcpy( e->p_message, p_message );','','pacemaker_LOG_LogInfo','void',0,0,'','' );
INSERT INTO TE_ABA VALUES ( 32150888,'S_BRG',5138896,0,0,' c_t[ESCHER_SYS_MAX_STRING_LEN] ',' c_t p_message[ESCHER_SYS_MAX_STRING_LEN] ','c_t p_message[ESCHER_SYS_MAX_STRING_LEN];
','','[]',' p_message','    Escher_strcpy( e->p_message, p_message );','    Escher_strcpy( e->p_message, p_message );','','pacemaker_LOG_LogFailure','void',0,0,'','' );
INSERT INTO TE_ABA VALUES ( 32150996,'S_BRG',5138896,0,0,' c_t[ESCHER_SYS_MAX_STRING_LEN] ',' c_t p_message[ESCHER_SYS_MAX_STRING_LEN] ','c_t p_message[ESCHER_SYS_MAX_STRING_LEN];
','','[]',' p_message','    Escher_strcpy( e->p_message, p_message );','    Escher_strcpy( e->p_message, p_message );','','pacemaker_LOG_LogSuccess','void',0,0,'','' );
INSERT INTO TE_ABA VALUES ( 32151104,'SM_ACT',5138896,0,0,' void ','','','','','','','','','pacemaker_PACER_act1','void',0,0,'','' );
INSERT INTO TE_ABA VALUES ( 32151212,'SM_ACT',5138896,0,0,' void ','','','','','','','','','pacemaker_PACER_act2','void',0,0,'','  bool existed;Escher_xtUMLEvent_t * timeout;
  /* ASSIGN existed = TIM::timer_cancel(timer_inst_ref:self.timeout_timer) */
  XTUML_OAL_STMT_TRACE( 1, "ASSIGN existed = TIM::timer_cancel(timer_inst_ref:self.timeout_timer)" );
  existed = TIM_timer_cancel( self->timeout_timer );
  /* CREATE EVENT INSTANCE timeout(  ) TO self */
  XTUML_OAL_STMT_TRACE( 1, "CREATE EVENT INSTANCE timeout(  ) TO self" );
  timeout = Escher_NewxtUMLEvent( (void *) self, &pacemaker_PACERevent3c );
  /* ASSIGN self.timeout_timer = TIM::timer_start(event_inst:timeout, microseconds:self.systolic_timeout) */
  XTUML_OAL_STMT_TRACE( 1, "ASSIGN self.timeout_timer = TIM::timer_start(event_inst:timeout, microseconds:self.systolic_timeout)" );
  self->timeout_timer = TIM_timer_start( (Escher_xtUMLEvent_t *)timeout, self->systolic_timeout );
  /* ASSIGN self.cycle_count = ( self.cycle_count + 1 ) */
  XTUML_OAL_STMT_TRACE( 1, "ASSIGN self.cycle_count = ( self.cycle_count + 1 )" );
  self->cycle_count = ( self->cycle_count + 1 );
  /* LOG::LogInfo( message:cycle count ) */
  XTUML_OAL_STMT_TRACE( 1, "LOG::LogInfo( message:cycle count )" );
  pacemaker_LOG_LogInfo( "cycle count" );
  /* LOG::LogInteger( message:self.cycle_count ) */
  XTUML_OAL_STMT_TRACE( 1, "LOG::LogInteger( message:self.cycle_count )" );
  pacemaker_LOG_LogInteger( self->cycle_count );
' );
INSERT INTO TE_ABA VALUES ( 32151320,'SM_ACT',5138896,0,0,' void ','','','','','','','','','pacemaker_PACER_act3','void',0,0,'','  bool existed;Escher_xtUMLEvent_t * timeout;
  /* ASSIGN existed = TIM::timer_cancel(timer_inst_ref:self.timeout_timer) */
  XTUML_OAL_STMT_TRACE( 1, "ASSIGN existed = TIM::timer_cancel(timer_inst_ref:self.timeout_timer)" );
  existed = TIM_timer_cancel( self->timeout_timer );
  /* CREATE EVENT INSTANCE timeout(  ) TO self */
  XTUML_OAL_STMT_TRACE( 1, "CREATE EVENT INSTANCE timeout(  ) TO self" );
  timeout = Escher_NewxtUMLEvent( (void *) self, &pacemaker_PACERevent3c );
  /* ASSIGN self.timeout_timer = TIM::timer_start(event_inst:timeout, microseconds:self.diastolic_timeout) */
  XTUML_OAL_STMT_TRACE( 1, "ASSIGN self.timeout_timer = TIM::timer_start(event_inst:timeout, microseconds:self.diastolic_timeout)" );
  self->timeout_timer = TIM_timer_start( (Escher_xtUMLEvent_t *)timeout, self->diastolic_timeout );
' );
INSERT INTO TE_ABA VALUES ( 32151428,'SM_ACT',5138896,0,0,' void ','','','','','','','','','pacemaker_PACER_act4','void',0,0,'','  /* ASSIGN self.systolic_timeout = ( self.systolic_timeout + 1 ) */
  XTUML_OAL_STMT_TRACE( 1, "ASSIGN self.systolic_timeout = ( self.systolic_timeout + 1 )" );
  self->systolic_timeout = ( self->systolic_timeout + 1 );
  /* ASSIGN self.diastolic_timeout = ( self.diastolic_timeout + 1 ) */
  XTUML_OAL_STMT_TRACE( 1, "ASSIGN self.diastolic_timeout = ( self.diastolic_timeout + 1 )" );
  self->diastolic_timeout = ( self->diastolic_timeout + 1 );
  /* GENERATE PACER5:rate_increased() TO self */
  XTUML_OAL_STMT_TRACE( 1, "GENERATE PACER5:rate_increased() TO self" );
  { Escher_xtUMLEvent_t * e = Escher_NewxtUMLEvent( self, &pacemaker_PACERevent5c );
    Escher_SendSelfEvent( e );
  }
' );
INSERT INTO TE_ABA VALUES ( 32175640,'SM_ACT',5138896,0,0,' void ','','','','','','','','','pacemaker_PACER_xact1','void',0,0,'','  /* SEND to_heart::diastolic_pace() */
  XTUML_OAL_STMT_TRACE( 1, "SEND to_heart::diastolic_pace()" );
  pacemaker_to_heart_diastolic_pace();
' );
INSERT INTO TE_ABA VALUES ( 32175748,'SM_ACT',5138896,0,0,' void ','','','','','','','','','pacemaker_PACER_xact2','void',0,0,'','  /* SEND to_heart::systolic_pace() */
  XTUML_OAL_STMT_TRACE( 1, "SEND to_heart::systolic_pace()" );
  pacemaker_to_heart_systolic_pace();
' );
INSERT INTO TE_ABA VALUES ( 32175856,'SM_ACT',5138896,0,0,' void ','','','','','','','','','pacemaker_PACER_CB_act1','void',0,0,'','' );
INSERT INTO TE_ABA VALUES ( 32175964,'SM_ACT',5138896,0,0,' void ','','','','','','','','','pacemaker_PACER_CB_xact1','void',0,0,'','  pacemaker_PACER * pacer=0;
  /* SELECT any pacer FROM INSTANCES OF PACER */
  XTUML_OAL_STMT_TRACE( 1, "SELECT any pacer FROM INSTANCES OF PACER" );
  pacer = (pacemaker_PACER *) Escher_SetGetAny( &pG_pacemaker_PACER_extent.active );
  /* GENERATE PACER2:diastolic_pulse() TO pacer */
  XTUML_OAL_STMT_TRACE( 1, "GENERATE PACER2:diastolic_pulse() TO pacer" );
  { Escher_xtUMLEvent_t * e = Escher_NewxtUMLEvent( pacer, &pacemaker_PACERevent2c );
    Escher_SendEvent( e );
  }
' );
INSERT INTO TE_ABA VALUES ( 32176072,'SM_ACT',5138896,0,0,' void ','','','','','','','','','pacemaker_PACER_CB_xact2','void',0,0,'','  pacemaker_PACER * pacer=0;
  /* SELECT any pacer FROM INSTANCES OF PACER */
  XTUML_OAL_STMT_TRACE( 1, "SELECT any pacer FROM INSTANCES OF PACER" );
  pacer = (pacemaker_PACER *) Escher_SetGetAny( &pG_pacemaker_PACER_extent.active );
  /* GENERATE PACER1:systolic_pulse() TO pacer */
  XTUML_OAL_STMT_TRACE( 1, "GENERATE PACER1:systolic_pulse() TO pacer" );
  { Escher_xtUMLEvent_t * e = Escher_NewxtUMLEvent( pacer, &pacemaker_PACERevent1c );
    Escher_SendEvent( e );
  }
' );
INSERT INTO TE_ABA VALUES ( 32176180,'SM_ACT',5138896,0,0,' void ','','','','','','','','','pacemaker_PACER_CB_xact3','void',0,0,'','  pacemaker_PACER * pacer=0;
  /* SELECT any pacer FROM INSTANCES OF PACER */
  XTUML_OAL_STMT_TRACE( 1, "SELECT any pacer FROM INSTANCES OF PACER" );
  pacer = (pacemaker_PACER *) Escher_SetGetAny( &pG_pacemaker_PACER_extent.active );
  /* GENERATE PACER5:rate_increased() TO pacer */
  XTUML_OAL_STMT_TRACE( 1, "GENERATE PACER5:rate_increased() TO pacer" );
  { Escher_xtUMLEvent_t * e = Escher_NewxtUMLEvent( pacer, &pacemaker_PACERevent5c );
    Escher_SendEvent( e );
  }
' );
INSERT INTO TE_C VALUES ( 5138688,'pacer','The pacer component listens to the host''s heartbeat and sends signals to
increase the rate depending on the host''s current rate.  It consists of two
internal components, one that handles generating a beat and the other that
listens for increased activity.',0,1,1,1,0,0,1,0,'pacer_classes','',0,0,0,2,1,0,5,0,0,0,'pacer','pacer','',1,0,0,1,0,965,0,0 );
INSERT INTO TE_C VALUES ( 5138896,'pacemaker','',0,1,1,1,0,0,1,0,'pacemaker_classes','',10,0,0,2,1,0,5,0,0,0,'pacemaker','pacemaker','',1,1,0,1,0,645,5148684,0 );
INSERT INTO TE_C VALUES ( 5139104,'hostmonitor','',0,1,1,1,0,0,1,0,'hostmonitor_classes','',30,0,0,2,1,0,5,0,0,0,'hostmonitor','hostmonitor','',1,1,0,1,0,523,0,0 );
INSERT INTO TE_C VALUES ( 5139312,'heart','',0,1,1,1,0,0,1,0,'heart_classes','',20,0,0,2,1,0,5,0,0,0,'heart','heart','',1,1,0,1,0,129,5148912,5177728 );
INSERT INTO TE_EE VALUES ( 'Time','TIM','TIM','The Time external entity provides date, timestamp, and timer related operations.',1,'pacemaker_TIM_bridge','TIM_bridge.h',0,5138896,751,5148608,0 );
INSERT INTO TE_EE VALUES ( 'Architecture','pacemaker_ARCH','ARCH','',0,'pacemaker_ARCH_bridge','pacemaker_ARCH_bridge.h',0,5138896,746,5148684,5148760 );
INSERT INTO TE_EE VALUES ( 'Logging','pacemaker_LOG','LOG','',1,'pacemaker_LOG_bridge','pacemaker_LOG_bridge.h',0,5138896,716,5148760,5148608 );
INSERT INTO TE_EE VALUES ( 'Logging','heart_LOG','LOG','',1,'heart_LOG_bridge','heart_LOG_bridge.h',0,5139312,215,5148836,5148988 );
INSERT INTO TE_EE VALUES ( 'Architecture','heart_ARCH','ARCH','',0,'heart_ARCH_bridge','heart_ARCH_bridge.h',0,5139312,209,5148912,5148836 );
INSERT INTO TE_EE VALUES ( 'Time','TIM','TIM','The Time external entity provides date, timestamp, and timer related operations.',1,'heart_TIM_bridge','TIM_bridge.h',0,5139312,165,5148988,0 );
INSERT INTO TE_DT VALUES ( 5147744,'timestamp',11,1,'Escher_TimeStamp_t','avpace_sys_types.h','CTOR','',0,'avpace','%d',0,0,189 );
INSERT INTO TE_DT VALUES ( 5147820,'inst_ref<Timer>',12,1,'Escher_Timer_t *','avpace_sys_types.h','0','',0,'avpace','%d',0,0,191 );
INSERT INTO TE_DT VALUES ( 5147896,'date',11,1,'Escher_Date_t','avpace_sys_types.h','CTOR','',0,'avpace','%d',0,0,167 );
INSERT INTO TE_DT VALUES ( 5147972,'component_ref',13,0,'','avpace_sys_types.h','','',0,'avpace','%x',0,0,1012 );
INSERT INTO TE_DT VALUES ( 5148048,'inst_ref<Mapping>',12,0,'i_t','avpace_sys_types.h','0','',0,'avpace','%d',0,0,1011 );
INSERT INTO TE_DT VALUES ( 5148124,'inst<Mapping>',11,0,'','avpace_sys_types.h','','',0,'avpace','%d',0,0,1010 );
INSERT INTO TE_DT VALUES ( 5148200,'inst<Event>',10,1,'Escher_xtUMLEvent_t *','avpace_sys_types.h','0','',0,'avpace','%p',0,0,194 );
INSERT INTO TE_DT VALUES ( 5148276,'inst_ref_set<Object>',9,0,'Escher_ObjectSet_s *','avpace_sys_types.h','','',0,'avpace','%p',0,0,1009 );
INSERT INTO TE_DT VALUES ( 5148352,'inst_ref<Object>',8,0,'void *','avpace_sys_types.h','','',0,'avpace','%p',0,0,276 );
INSERT INTO TE_DT VALUES ( 5148428,'same_as<Base_Attribute>',7,0,'','avpace_sys_types.h','','',0,'avpace','%p',0,0,1008 );
INSERT INTO TE_DT VALUES ( 31922504,'state<State_Model>',6,0,'','avpace_sys_types.h','','',0,'avpace','%d',0,0,312 );
INSERT INTO TE_DT VALUES ( 31922580,'unique_id',5,0,'Escher_UniqueID_t','avpace_sys_types.h','0','',0,'avpace','%p',0,0,1007 );
INSERT INTO TE_DT VALUES ( 31922656,'string',4,1,'c_t','avpace_sys_types.h','CTOR','',0,'avpace','%s',0,0,218 );
INSERT INTO TE_DT VALUES ( 31922732,'real',3,1,'r_t','avpace_sys_types.h','0.0','',0,'avpace','%f',0,0,241 );
INSERT INTO TE_DT VALUES ( 31922808,'integer',2,1,'i_t','avpace_sys_types.h','0','',0,'avpace','%d',0,0,170 );
INSERT INTO TE_DT VALUES ( 31922884,'boolean',1,0,'bool','avpace_sys_types.h','false','',0,'avpace','%d',0,0,201 );
INSERT INTO TE_DT VALUES ( 31922960,'void',0,0,'void','avpace_sys_types.h','0','',0,'avpace','',0,0,211 );
INSERT INTO TE_ACT VALUES ( 32092900,'heart_SINUS_NODE_act3',0,457,460 );
INSERT INTO TE_ACT VALUES ( 32093008,'heart_SINUS_NODE_act1',0,457,489 );
INSERT INTO TE_ACT VALUES ( 32109824,'heart_HEART_act5',0,313,320 );
INSERT INTO TE_ACT VALUES ( 32109932,'heart_HEART_act2',0,313,327 );
INSERT INTO TE_ACT VALUES ( 32110040,'heart_HEART_act3',0,313,331 );
INSERT INTO TE_ACT VALUES ( 32110148,'heart_HEART_act4',0,313,338 );
INSERT INTO TE_ACT VALUES ( 32110256,'heart_HEART_act1',0,313,342 );
INSERT INTO TE_ACT VALUES ( 32110364,'heart_HEART_CB_act1',0,377,381 );
INSERT INTO TE_ACT VALUES ( 32110472,'heart_HEART_CB_xact1',1,377,385 );
INSERT INTO TE_ACT VALUES ( 32110580,'heart_HEART_CB_xact2',2,377,394 );
INSERT INTO TE_ACT VALUES ( 32123776,'hostmonitor_HM_act1',0,545,549 );
INSERT INTO TE_ACT VALUES ( 32123884,'hostmonitor_HM_act2',0,545,595 );
INSERT INTO TE_ACT VALUES ( 32123992,'hostmonitor_HM_CB_act1',0,620,626 );
INSERT INTO TE_ACT VALUES ( 32151104,'pacemaker_PACER_act1',0,790,799 );
INSERT INTO TE_ACT VALUES ( 32151212,'pacemaker_PACER_act2',0,790,803 );
INSERT INTO TE_ACT VALUES ( 32151320,'pacemaker_PACER_act3',0,790,845 );
INSERT INTO TE_ACT VALUES ( 32151428,'pacemaker_PACER_act4',0,790,872 );
INSERT INTO TE_ACT VALUES ( 32175640,'pacemaker_PACER_xact1',1,790,913 );
INSERT INTO TE_ACT VALUES ( 32175748,'pacemaker_PACER_xact2',2,790,918 );
INSERT INTO TE_ACT VALUES ( 32175856,'pacemaker_PACER_CB_act1',0,930,935 );
INSERT INTO TE_ACT VALUES ( 32175964,'pacemaker_PACER_CB_xact1',1,930,939 );
INSERT INTO TE_ACT VALUES ( 32176072,'pacemaker_PACER_CB_xact2',2,930,948 );
INSERT INTO TE_ACT VALUES ( 32176180,'pacemaker_PACER_CB_xact3',3,930,957 );
INSERT INTO TE_SYNC VALUES ( 'init',0,1,0,1,0,32000476,'heart_init','heart_init','heart_init_deferred',5139312,248,5177728,0 );
INSERT INTO TE_TFR VALUES ( 0,1,1,'SINUS_NODE','log_and_adjust','heart_SINUS_NODE_op_log_and_adjust',32093116,402 );
INSERT INTO TE_TFR VALUES ( 0,1,1,'TM','getCurrentTemp','hostmonitor_TM_op_getCurrentTemp',32110688,572 );
INSERT INTO TE_TFR VALUES ( 0,1,1,'RM','getCurrentRate','hostmonitor_RM_op_getCurrentRate',32110796,574 );
INSERT INTO R_REL VALUES ( 259,1,'',0 );
INSERT INTO R_REL VALUES ( 109,2,'',0 );
INSERT INTO R_REL VALUES ( 114,3,'',0 );
INSERT INTO TE_BRG VALUES ( 'Logging','LOG','LogSuccess','heart_LOG_LogSuccess',32000584,216,215 );
INSERT INTO TE_BRG VALUES ( 'Logging','LOG','LogFailure','heart_LOG_LogFailure',32000692,221,215 );
INSERT INTO TE_BRG VALUES ( 'Logging','LOG','LogInfo','heart_LOG_LogInfo',32000800,225,215 );
INSERT INTO TE_BRG VALUES ( 'Logging','LOG','LogDate','heart_LOG_LogDate',32000908,229,215 );
INSERT INTO TE_BRG VALUES ( 'Logging','LOG','LogTime','heart_LOG_LogTime',32001016,234,215 );
INSERT INTO TE_BRG VALUES ( 'Logging','LOG','LogReal','heart_LOG_LogReal',32001124,239,215 );
INSERT INTO TE_BRG VALUES ( 'Logging','LOG','LogInteger','heart_LOG_LogInteger',32060832,245,215 );
INSERT INTO TE_BRG VALUES ( 'Architecture','ARCH','shutdown','heart_ARCH_shutdown',32060940,210,209 );
INSERT INTO TE_BRG VALUES ( 'Time','TIM','current_date','TIM_current_date',32061048,166,165 );
INSERT INTO TE_BRG VALUES ( 'Time','TIM','create_date','TIM_create_date',32061156,168,165 );
INSERT INTO TE_BRG VALUES ( 'Time','TIM','get_second','TIM_get_second',32061264,176,165 );
INSERT INTO TE_BRG VALUES ( 'Time','TIM','get_minute','TIM_get_minute',32061372,178,165 );
INSERT INTO TE_BRG VALUES ( 'Time','TIM','get_hour','TIM_get_hour',32061480,180,165 );
INSERT INTO TE_BRG VALUES ( 'Time','TIM','get_day','TIM_get_day',32061588,182,165 );
INSERT INTO TE_BRG VALUES ( 'Time','TIM','get_month','TIM_get_month',32061696,184,165 );
INSERT INTO TE_BRG VALUES ( 'Time','TIM','get_year','TIM_get_year',32061804,186,165 );
INSERT INTO TE_BRG VALUES ( 'Time','TIM','current_clock','TIM_current_clock',32092144,188,165 );
INSERT INTO TE_BRG VALUES ( 'Time','TIM','timer_start','TIM_timer_start',32092252,190,165 );
INSERT INTO TE_BRG VALUES ( 'Time','TIM','timer_start_recurring','TIM_timer_start_recurring',32092360,195,165 );
INSERT INTO TE_BRG VALUES ( 'Time','TIM','timer_remaining_time','TIM_timer_remaining_time',32092468,198,165 );
INSERT INTO TE_BRG VALUES ( 'Time','TIM','timer_reset_time','TIM_timer_reset_time',32092576,200,165 );
INSERT INTO TE_BRG VALUES ( 'Time','TIM','timer_add_time','TIM_timer_add_time',32092684,204,165 );
INSERT INTO TE_BRG VALUES ( 'Time','TIM','timer_cancel','TIM_timer_cancel',32092792,207,165 );
INSERT INTO TE_BRG VALUES ( 'Time','TIM','timer_cancel','TIM_timer_cancel',32124100,752,751 );
INSERT INTO TE_BRG VALUES ( 'Time','TIM','timer_add_time','TIM_timer_add_time',32124208,754,751 );
INSERT INTO TE_BRG VALUES ( 'Time','TIM','timer_reset_time','TIM_timer_reset_time',32124316,757,751 );
INSERT INTO TE_BRG VALUES ( 'Time','TIM','timer_remaining_time','TIM_timer_remaining_time',32124424,760,751 );
INSERT INTO TE_BRG VALUES ( 'Time','TIM','timer_start_recurring','TIM_timer_start_recurring',32124532,762,751 );
INSERT INTO TE_BRG VALUES ( 'Time','TIM','timer_start','TIM_timer_start',32124640,765,751 );
INSERT INTO TE_BRG VALUES ( 'Time','TIM','current_clock','TIM_current_clock',32124748,768,751 );
INSERT INTO TE_BRG VALUES ( 'Time','TIM','get_year','TIM_get_year',32139152,769,751 );
INSERT INTO TE_BRG VALUES ( 'Time','TIM','get_month','TIM_get_month',32139260,771,751 );
INSERT INTO TE_BRG VALUES ( 'Time','TIM','get_day','TIM_get_day',32139368,773,751 );
INSERT INTO TE_BRG VALUES ( 'Time','TIM','get_hour','TIM_get_hour',32139476,775,751 );
INSERT INTO TE_BRG VALUES ( 'Time','TIM','get_minute','TIM_get_minute',32139584,777,751 );
INSERT INTO TE_BRG VALUES ( 'Time','TIM','get_second','TIM_get_second',32139692,779,751 );
INSERT INTO TE_BRG VALUES ( 'Time','TIM','create_date','TIM_create_date',32139800,781,751 );
INSERT INTO TE_BRG VALUES ( 'Time','TIM','current_date','TIM_current_date',32139908,788,751 );
INSERT INTO TE_BRG VALUES ( 'Architecture','ARCH','shutdown','pacemaker_ARCH_shutdown',32140016,747,746 );
INSERT INTO TE_BRG VALUES ( 'Logging','LOG','LogInteger','pacemaker_LOG_LogInteger',32140124,717,716 );
INSERT INTO TE_BRG VALUES ( 'Logging','LOG','LogReal','pacemaker_LOG_LogReal',32150456,719,716 );
INSERT INTO TE_BRG VALUES ( 'Logging','LOG','LogTime','pacemaker_LOG_LogTime',32150564,724,716 );
INSERT INTO TE_BRG VALUES ( 'Logging','LOG','LogDate','pacemaker_LOG_LogDate',32150672,729,716 );
INSERT INTO TE_BRG VALUES ( 'Logging','LOG','LogInfo','pacemaker_LOG_LogInfo',32150780,734,716 );
INSERT INTO TE_BRG VALUES ( 'Logging','LOG','LogFailure','pacemaker_LOG_LogFailure',32150888,738,716 );
INSERT INTO TE_BRG VALUES ( 'Logging','LOG','LogSuccess','pacemaker_LOG_LogSuccess',32150996,742,716 );
INSERT INTO TE_PARM VALUES ( 'second','',4,'','',5163872,5164512,'p_second',0,31922808,0,0,'',32139800,0,0,0,0,0,783 );
INSERT INTO TE_PARM VALUES ( 'minute','',2,'','',5164000,5164384,'p_minute',0,31922808,0,0,'',32139800,0,0,0,0,0,785 );
INSERT INTO TE_PARM VALUES ( 'hour','',1,'','',5164128,5164000,'p_hour',0,31922808,0,0,'',32139800,0,0,0,0,0,787 );
INSERT INTO TE_PARM VALUES ( 'day','',0,'','',5164256,5164128,'p_day',0,31922808,0,0,'',32139800,0,0,0,0,0,786 );
INSERT INTO TE_PARM VALUES ( 'month','',3,'','',5164384,5163872,'p_month',0,31922808,0,0,'',32139800,0,0,0,0,0,784 );
INSERT INTO TE_PARM VALUES ( 'year','',5,'','',5164512,0,'p_year',0,31922808,0,0,'',32139800,0,0,0,0,0,782 );
INSERT INTO TE_PARM VALUES ( 'date','',0,'','',5164640,0,'p_date',0,5147896,0,0,'',32139692,0,0,0,0,0,780 );
INSERT INTO TE_PARM VALUES ( 'date','',0,'','',5164768,0,'p_date',0,5147896,0,0,'',32139584,0,0,0,0,0,778 );
INSERT INTO TE_PARM VALUES ( 'date','',0,'','',5164896,0,'p_date',0,5147896,0,0,'',32139476,0,0,0,0,0,776 );
INSERT INTO TE_PARM VALUES ( 'date','',0,'','',5165024,0,'p_date',0,5147896,0,0,'',32139368,0,0,0,0,0,774 );
INSERT INTO TE_PARM VALUES ( 'date','',0,'','',31949712,0,'p_date',0,5147896,0,0,'',32139260,0,0,0,0,0,772 );
INSERT INTO TE_PARM VALUES ( 'date','',0,'','',31949840,0,'p_date',0,5147896,0,0,'',32139152,0,0,0,0,0,770 );
INSERT INTO TE_PARM VALUES ( 'microseconds','',1,'','',31949968,0,'p_microseconds',0,31922808,0,0,'',32124640,0,0,0,0,0,767 );
INSERT INTO TE_PARM VALUES ( 'event_inst','',0,'(Escher_xtUMLEvent_t *)timeout, self->systolic_timeout','event_inst:timeout, microseconds:self.systolic_timeout',31950096,31949968,'p_event_inst',0,5148200,0,0,'',32124640,0,0,0,0,0,766 );
INSERT INTO TE_PARM VALUES ( 'microseconds','',1,'','',31950224,0,'p_microseconds',0,31922808,0,0,'',32124532,0,0,0,0,0,764 );
INSERT INTO TE_PARM VALUES ( 'event_inst','',0,'','',31950352,31950224,'p_event_inst',0,5148200,0,0,'',32124532,0,0,0,0,0,763 );
INSERT INTO TE_PARM VALUES ( 'timer_inst_ref','',0,'','',31950480,0,'p_timer_inst_ref',0,5147820,0,0,'',32124424,0,0,0,0,0,761 );
INSERT INTO TE_PARM VALUES ( 'timer_inst_ref','',1,'','',31950608,0,'p_timer_inst_ref',0,5147820,0,0,'',32124316,0,0,0,0,0,759 );
INSERT INTO TE_PARM VALUES ( 'microseconds','',0,'','',31950736,31950608,'p_microseconds',0,31922808,0,0,'',32124316,0,0,0,0,0,758 );
INSERT INTO TE_PARM VALUES ( 'timer_inst_ref','',1,'','',31950864,0,'p_timer_inst_ref',0,5147820,0,0,'',32124208,0,0,0,0,0,756 );
INSERT INTO TE_PARM VALUES ( 'microseconds','',0,'','',31954072,31950864,'p_microseconds',0,31922808,0,0,'',32124208,0,0,0,0,0,755 );
INSERT INTO TE_PARM VALUES ( 'timer_inst_ref','',0,'self->timeout_timer','timer_inst_ref:self.timeout_timer',31954200,0,'p_timer_inst_ref',0,5147820,0,0,'',32124100,0,0,0,0,0,753 );
INSERT INTO TE_PARM VALUES ( 'message','',0,'','',31954328,0,'p_message',0,31922656,1,0,'[ESCHER_SYS_MAX_STRING_LEN]',32150996,0,0,0,0,0,743 );
INSERT INTO TE_PARM VALUES ( 'message','',0,'','',31954456,0,'p_message',0,31922656,1,0,'[ESCHER_SYS_MAX_STRING_LEN]',32150888,0,0,0,0,0,739 );
INSERT INTO TE_PARM VALUES ( 'message','',0,'"cycle count"','message:cycle count',31954584,0,'p_message',0,31922656,1,0,'[ESCHER_SYS_MAX_STRING_LEN]',32150780,0,0,0,0,0,735 );
INSERT INTO TE_PARM VALUES ( 'd','',0,'','',31954712,31954840,'p_d',0,5147896,0,0,'',32150672,0,0,0,0,0,731 );
INSERT INTO TE_PARM VALUES ( 'message','',1,'','',31954840,0,'p_message',0,31922656,1,0,'[ESCHER_SYS_MAX_STRING_LEN]',32150672,0,0,0,0,0,730 );
INSERT INTO TE_PARM VALUES ( 't','',1,'','',31954968,0,'p_t',0,5147744,0,0,'',32150564,0,0,0,0,0,726 );
INSERT INTO TE_PARM VALUES ( 'message','',0,'','',31955096,31954968,'p_message',0,31922656,1,0,'[ESCHER_SYS_MAX_STRING_LEN]',32150564,0,0,0,0,0,725 );
INSERT INTO TE_PARM VALUES ( 'r','',1,'','',31955224,0,'p_r',0,31922732,0,0,'',32150456,0,0,0,0,0,721 );
INSERT INTO TE_PARM VALUES ( 'message','',0,'','',31955360,31955224,'p_message',0,31922656,1,0,'[ESCHER_SYS_MAX_STRING_LEN]',32150456,0,0,0,0,0,720 );
INSERT INTO TE_PARM VALUES ( 'message','',0,'self->cycle_count','message:self.cycle_count',31955488,0,'p_message',0,31922808,0,0,'',32140124,0,0,0,0,0,718 );
INSERT INTO TE_PARM VALUES ( 'message','',0,'self->systolic_period','message:self.systolic_period',31955616,0,'p_message',0,31922808,0,0,'',32060832,0,0,0,0,0,246 );
INSERT INTO TE_PARM VALUES ( 'message','',0,'','',31955744,31955872,'p_message',0,31922656,1,0,'[ESCHER_SYS_MAX_STRING_LEN]',32001124,0,0,0,0,0,242 );
INSERT INTO TE_PARM VALUES ( 'r','',1,'','',31955872,0,'p_r',0,31922732,0,0,'',32001124,0,0,0,0,0,240 );
INSERT INTO TE_PARM VALUES ( 'message','',0,'','',31956000,31956128,'p_message',0,31922656,1,0,'[ESCHER_SYS_MAX_STRING_LEN]',32001016,0,0,0,0,0,236 );
INSERT INTO TE_PARM VALUES ( 't','',1,'','',31956128,0,'p_t',0,5147744,0,0,'',32001016,0,0,0,0,0,235 );
INSERT INTO TE_PARM VALUES ( 'message','',1,'','',31956256,0,'p_message',0,31922656,1,0,'[ESCHER_SYS_MAX_STRING_LEN]',32000908,0,0,0,0,0,231 );
INSERT INTO TE_PARM VALUES ( 'd','',0,'','',31956384,31956256,'p_d',0,5147896,0,0,'',32000908,0,0,0,0,0,230 );
INSERT INTO TE_PARM VALUES ( 'message','',0,'"systolic period, diastolic period"','message:systolic period, diastolic period',31956512,0,'p_message',0,31922656,1,0,'[ESCHER_SYS_MAX_STRING_LEN]',32000800,0,0,0,0,0,226 );
INSERT INTO TE_PARM VALUES ( 'message','',0,'','',31960744,0,'p_message',0,31922656,1,0,'[ESCHER_SYS_MAX_STRING_LEN]',32000692,0,0,0,0,0,222 );
INSERT INTO TE_PARM VALUES ( 'message','',0,'','',31960872,0,'p_message',0,31922656,1,0,'[ESCHER_SYS_MAX_STRING_LEN]',32000584,0,0,0,0,0,217 );
INSERT INTO TE_PARM VALUES ( 'timer_inst_ref','',0,'','',31961000,0,'p_timer_inst_ref',0,5147820,0,0,'',32092792,0,0,0,0,0,208 );
INSERT INTO TE_PARM VALUES ( 'microseconds','',0,'','',31961128,31961256,'p_microseconds',0,31922808,0,0,'',32092684,0,0,0,0,0,206 );
INSERT INTO TE_PARM VALUES ( 'timer_inst_ref','',1,'','',31961256,0,'p_timer_inst_ref',0,5147820,0,0,'',32092684,0,0,0,0,0,205 );
INSERT INTO TE_PARM VALUES ( 'microseconds','',0,'','',31961384,31961512,'p_microseconds',0,31922808,0,0,'',32092576,0,0,0,0,0,203 );
INSERT INTO TE_PARM VALUES ( 'timer_inst_ref','',1,'','',31961512,0,'p_timer_inst_ref',0,5147820,0,0,'',32092576,0,0,0,0,0,202 );
INSERT INTO TE_PARM VALUES ( 'timer_inst_ref','',0,'','',31961640,0,'p_timer_inst_ref',0,5147820,0,0,'',32092468,0,0,0,0,0,199 );
INSERT INTO TE_PARM VALUES ( 'event_inst','',0,'','',31961768,31961896,'p_event_inst',0,5148200,0,0,'',32092360,0,0,0,0,0,197 );
INSERT INTO TE_PARM VALUES ( 'microseconds','',1,'','',31961896,0,'p_microseconds',0,31922808,0,0,'',32092360,0,0,0,0,0,196 );
INSERT INTO TE_PARM VALUES ( 'event_inst','',0,'(Escher_xtUMLEvent_t *)e, ( snode->systolic_period + snode->diastolic_period )','event_inst:e, microseconds:( snode.systolic_period + snode.diastolic_period )',31965104,31965232,'p_event_inst',0,5148200,0,0,'',32092252,0,0,0,0,0,193 );
INSERT INTO TE_PARM VALUES ( 'microseconds','',1,'','',31965232,0,'p_microseconds',0,31922808,0,0,'',32092252,0,0,0,0,0,192 );
INSERT INTO TE_PARM VALUES ( 'date','',0,'','',31965360,0,'p_date',0,5147896,0,0,'',32061804,0,0,0,0,0,187 );
INSERT INTO TE_PARM VALUES ( 'date','',0,'','',31965488,0,'p_date',0,5147896,0,0,'',32061696,0,0,0,0,0,185 );
INSERT INTO TE_PARM VALUES ( 'date','',0,'','',31965616,0,'p_date',0,5147896,0,0,'',32061588,0,0,0,0,0,183 );
INSERT INTO TE_PARM VALUES ( 'date','',0,'','',31965744,0,'p_date',0,5147896,0,0,'',32061480,0,0,0,0,0,181 );
INSERT INTO TE_PARM VALUES ( 'date','',0,'','',31965872,0,'p_date',0,5147896,0,0,'',32061372,0,0,0,0,0,179 );
INSERT INTO TE_PARM VALUES ( 'date','',0,'','',31966000,0,'p_date',0,5147896,0,0,'',32061264,0,0,0,0,0,177 );
INSERT INTO TE_PARM VALUES ( 'year','',5,'','',31966128,0,'p_year',0,31922808,0,0,'',32061156,0,0,0,0,0,175 );
INSERT INTO TE_PARM VALUES ( 'month','',3,'','',31966256,31966776,'p_month',0,31922808,0,0,'',32061156,0,0,0,0,0,171 );
INSERT INTO TE_PARM VALUES ( 'day','',0,'','',31966392,31966520,'p_day',0,31922808,0,0,'',32061156,0,0,0,0,0,174 );
INSERT INTO TE_PARM VALUES ( 'hour','',1,'','',31966520,31966648,'p_hour',0,31922808,0,0,'',32061156,0,0,0,0,0,173 );
INSERT INTO TE_PARM VALUES ( 'minute','',2,'','',31966648,31966256,'p_minute',0,31922808,0,0,'',32061156,0,0,0,0,0,172 );
INSERT INTO TE_PARM VALUES ( 'second','',4,'','',31966776,31966128,'p_second',0,31922808,0,0,'',32061156,0,0,0,0,0,169 );
INSERT INTO TE_PARM VALUES ( 'respiratory_rate','',0,'','',31966904,0,'p_respiratory_rate',0,31922808,0,0,'',0,790,793,0,0,0,0 );
INSERT INTO TE_PARM VALUES ( 'blood_temp','',0,'','',31967032,31966904,'p_blood_temp',0,31922808,0,0,'',0,790,791,0,0,0,0 );
INSERT INTO TE_PARM VALUES ( 'diastolic_period','The diastolic period is the duration of time between systolic and diastolic pulses.',0,'','',31967160,31967288,'p_diastolic_period',0,31922808,0,0,'',5133248,0,0,0,0,695,0 );
INSERT INTO TE_PARM VALUES ( 'systolic_period','The systolic period is the duration of time between diastolic and systolic pulses.',1,'snode->diastolic_period, snode->systolic_period','diastolic_period:snode.diastolic_period, systolic_period:snode.systolic_period',31967288,0,'p_systolic_period',0,31922808,0,0,'',5133248,0,0,0,0,686,0 );
INSERT INTO TE_PARM VALUES ( 'current_rate','',0,'','',31967416,31967544,'p_current_rate',0,31922808,0,0,'',5133356,0,0,0,0,998,0 );
INSERT INTO TE_PARM VALUES ( 'current_temp','',1,'self->lastRate, self->lastTemp','current_rate:self.lastRate, current_temp:self.lastTemp',31967544,0,'p_current_temp',0,31922808,0,0,'',5133356,0,0,0,0,997,0 );
INSERT INTO TE_PARM VALUES ( 'diastolic_period','The diastolic period is the duration of time between systolic and diastolic pulses.',0,'','',31979968,31980096,'p_diastolic_period',0,31922808,0,0,'',5134112,0,0,0,0,0,0 );
INSERT INTO TE_PARM VALUES ( 'systolic_period','The systolic period is the duration of time between diastolic and systolic pulses.',1,'','',31980096,0,'p_systolic_period',0,31922808,0,0,'',5134112,0,0,0,0,0,0 );
INSERT INTO TE_PARM VALUES ( 'diastolic_period','The diastolic period is the duration of time between systolic and diastolic pulses.',0,'','',31980224,31980352,'p_diastolic_period',0,31922808,0,0,'',5134220,0,0,0,0,0,0 );
INSERT INTO TE_PARM VALUES ( 'systolic_period','The systolic period is the duration of time between diastolic and systolic pulses.',1,'','',31980352,0,'p_systolic_period',0,31922808,0,0,'',5134220,0,0,0,0,0,0 );
INSERT INTO TE_PARM VALUES ( 'current_rate','',0,'','',31980480,31980608,'p_current_rate',0,31922808,0,0,'',31990000,0,0,0,0,0,0 );
INSERT INTO TE_PARM VALUES ( 'current_temp','',1,'','',31980608,0,'p_current_temp',0,31922808,0,0,'',31990000,0,0,0,0,0,0 );
INSERT INTO TE_WHERE VALUES ( 0,'heart_SINUS_NODE_AnyWhere1',0,257 );
INSERT INTO TE_WHERE VALUES ( 0,'heart_SINUS_NODE_AnyWhere2',1,257 );
INSERT INTO TE_WHERE VALUES ( 0,'heart_SINUS_NODE_AnyWhere3',2,257 );
INSERT INTO TE_WHERE VALUES ( 0,'heart_HEART_AnyWhere1',0,254 );
INSERT INTO TE_WHERE VALUES ( 0,'heart_HEART_AnyWhere2',1,254 );
INSERT INTO TE_WHERE VALUES ( 0,'heart_HEART_AnyWhere3',2,254 );
INSERT INTO TE_WHERE VALUES ( 0,'hostmonitor_TM_AnyWhere1',0,106 );
INSERT INTO TE_WHERE VALUES ( 0,'hostmonitor_TM_AnyWhere2',1,106 );
INSERT INTO TE_WHERE VALUES ( 0,'hostmonitor_TM_AnyWhere3',2,106 );
INSERT INTO TE_WHERE VALUES ( 0,'hostmonitor_RM_AnyWhere1',0,111 );
INSERT INTO TE_WHERE VALUES ( 0,'hostmonitor_RM_AnyWhere2',1,111 );
INSERT INTO TE_WHERE VALUES ( 0,'hostmonitor_RM_AnyWhere3',2,111 );
INSERT INTO TE_WHERE VALUES ( 0,'hostmonitor_HM_AnyWhere1',0,115 );
INSERT INTO TE_WHERE VALUES ( 0,'hostmonitor_HM_AnyWhere2',1,115 );
INSERT INTO TE_WHERE VALUES ( 0,'hostmonitor_HM_AnyWhere3',2,115 );
INSERT INTO TE_WHERE VALUES ( 0,'pacemaker_PACER_AnyWhere1',0,63 );
INSERT INTO TE_WHERE VALUES ( 0,'pacemaker_PACER_AnyWhere2',1,63 );
INSERT INTO TE_WHERE VALUES ( 0,'pacemaker_PACER_AnyWhere3',2,63 );
INSERT INTO TE_ATTR VALUES ( 5135328,1,1,1,0,0,'','systolic_period','systolic_period','',1,0,0,'','heart_SINUS_NODE','i_t',0,277,257 );
INSERT INTO TE_ATTR VALUES ( 5135412,1,1,1,0,0,'','diastolic_period','diastolic_period','',1,0,0,'','heart_SINUS_NODE','i_t',5135328,279,257 );
INSERT INTO TE_ATTR VALUES ( 5135496,1,1,1,0,0,'','decrement','decrement','',1,0,0,'','heart_SINUS_NODE','i_t',5135412,281,257 );
INSERT INTO TE_ATTR VALUES ( 5135580,0,0,0,0,0,'','current_state','current_state','',1,0,0,'','heart_SINUS_NODE','',5135496,456,257 );
INSERT INTO TE_ATTR VALUES ( 5135664,0,0,0,0,0,'','current_state','current_state','',1,0,0,'','heart_HEART','',0,311,254 );
INSERT INTO TE_ATTR VALUES ( 5135748,1,1,1,0,0,'','lastTemp','lastTemp','',1,0,0,'','hostmonitor_HM','i_t',0,119,115 );
INSERT INTO TE_ATTR VALUES ( 5135832,1,1,1,0,0,'','lastRate','lastRate','',1,0,0,'','hostmonitor_HM','i_t',5135748,121,115 );
INSERT INTO TE_ATTR VALUES ( 5135916,0,0,0,0,0,'','current_state','current_state','',1,0,0,'','hostmonitor_HM','',5135832,123,115 );
INSERT INTO TE_ATTR VALUES ( 5136000,1,1,1,0,0,'','systolic_tolerance','systolic_tolerance','',1,0,0,'','pacemaker_PACER','i_t',0,65,63 );
INSERT INTO TE_ATTR VALUES ( 5136084,1,1,1,0,0,'','diastolic_tolerance','diastolic_tolerance','',1,0,0,'','pacemaker_PACER','i_t',5136000,67,63 );
INSERT INTO TE_ATTR VALUES ( 32174152,1,1,1,0,0,'','cycle_count','cycle_count','',1,0,0,'','pacemaker_PACER','i_t',5136084,71,63 );
INSERT INTO TE_ATTR VALUES ( 32174236,0,0,0,0,0,'','current_state','current_state','',1,0,0,'','pacemaker_PACER','',32174152,69,63 );
INSERT INTO TE_ATTR VALUES ( 32174320,1,1,1,0,0,'','timeout_timer','timeout_timer','',1,0,0,'','pacemaker_PACER','Escher_Timer_t *',32174236,73,63 );
INSERT INTO TE_ATTR VALUES ( 32174404,1,1,1,0,0,'','systolic_timeout','systolic_timeout','',1,0,0,'','pacemaker_PACER','i_t',32174320,75,63 );
INSERT INTO TE_ATTR VALUES ( 32174488,1,1,1,0,0,'','diastolic_timeout','diastolic_timeout','',1,0,0,'','pacemaker_PACER','i_t',32174404,77,63 );
INSERT INTO TE_REL VALUES ( 3,0,0,1,0,0,114 );
INSERT INTO TE_REL VALUES ( 2,0,0,1,0,0,109 );
INSERT INTO TE_REL VALUES ( 1,1,0,1,0,0,259 );
INSERT INTO TE_EVT VALUES ( 5151488,'pop',1,'heart_SINUS_NODEevent1','HEART_SINUS_NODEEVENT1NUM',0,1,1,0,0,458,5174752 );
INSERT INTO TE_EVT VALUES ( 5151552,'period',2,'heart_SINUS_NODEevent2','HEART_SINUS_NODEEVENT2NUM',1,1,1,0,0,272,5174752 );
INSERT INTO TE_EVT VALUES ( 5151616,'done',1,'heart_HEARTevent1','HEART_HEARTEVENT1NUM',0,1,1,0,0,314,5174824 );
INSERT INTO TE_EVT VALUES ( 5151680,'diastolic_pace',2,'heart_HEARTevent2','HEART_HEARTEVENT2NUM',1,1,1,0,0,315,5174824 );
INSERT INTO TE_EVT VALUES ( 5151744,'systolic_pace',3,'heart_HEARTevent3','HEART_HEARTEVENT3NUM',2,1,1,0,0,316,5174824 );
INSERT INTO TE_EVT VALUES ( 5151808,'diastolic_pulse',4,'heart_HEARTevent4','HEART_HEARTEVENT4NUM',3,1,1,0,0,317,5174824 );
INSERT INTO TE_EVT VALUES ( 5151872,'systolic_pulse',5,'heart_HEARTevent5','HEART_HEARTEVENT5NUM',4,1,1,0,0,318,5174824 );
INSERT INTO TE_EVT VALUES ( 5151936,'diastolic_pace',1,'heart_HEART_CBevent1','HEART_HEART_CBEVENT1NUM',1,1,2,0,0,378,5174896 );
INSERT INTO TE_EVT VALUES ( 5152000,'systolic_pace',2,'heart_HEART_CBevent2','HEART_HEART_CBEVENT2NUM',0,1,2,0,0,379,5174896 );
INSERT INTO TE_EVT VALUES ( 5152064,'poll',1,'hostmonitor_HMevent1','HOSTMONITOR_HMEVENT1NUM',0,1,1,0,0,546,5174968 );
INSERT INTO TE_EVT VALUES ( 32124864,'increasedActivity',2,'hostmonitor_HMevent2','HOSTMONITOR_HMEVENT2NUM',1,1,1,0,0,547,5174968 );
INSERT INTO TE_EVT VALUES ( 32124928,'breath_taken',1,'hostmonitor_HM_CBevent1','HOSTMONITOR_HM_CBEVENT1NUM',1,1,2,0,0,621,5175040 );
INSERT INTO TE_EVT VALUES ( 32124992,'current_temp',2,'hostmonitor_HM_CBevent2','HOSTMONITOR_HM_CBEVENT2NUM',0,1,2,0,0,623,5175040 );
INSERT INTO TE_EVT VALUES ( 32125056,'systolic_pulse',1,'pacemaker_PACERevent1','PACEMAKER_PACEREVENT1NUM',0,1,1,0,0,794,5175112 );
INSERT INTO TE_EVT VALUES ( 32125120,'diastolic_pulse',2,'pacemaker_PACERevent2','PACEMAKER_PACEREVENT2NUM',1,1,1,0,0,795,5175112 );
INSERT INTO TE_EVT VALUES ( 32125184,'timeout',3,'pacemaker_PACERevent3','PACEMAKER_PACEREVENT3NUM',2,1,1,0,0,796,5175112 );
INSERT INTO TE_EVT VALUES ( 32125248,'increased_activity',4,'pacemaker_PACERevent4','PACEMAKER_PACEREVENT4NUM',3,0,0,0,0,792,5175112 );
INSERT INTO TE_EVT VALUES ( 32125312,'rate_increased',5,'pacemaker_PACERevent5','PACEMAKER_PACEREVENT5NUM',4,1,1,0,0,797,5175112 );
INSERT INTO TE_EVT VALUES ( 32125376,'diastolic_pulse',3,'pacemaker_PACER_CBevent3','PACEMAKER_PACER_CBEVENT3NUM',2,1,2,0,0,931,5175184 );
INSERT INTO TE_EVT VALUES ( 32125440,'systolic_pulse',4,'pacemaker_PACER_CBevent4','PACEMAKER_PACER_CBEVENT4NUM',1,1,2,0,0,932,5175184 );
INSERT INTO TE_EVT VALUES ( 32177016,'increased_activty',5,'pacemaker_PACER_CBevent5','PACEMAKER_PACER_CBEVENT5NUM',0,1,2,0,0,933,5175184 );
INSERT INTO TE_STATE VALUES ( 'pulsing systolic','heart_SINUS_NODE_STATE_3',3,2,1,457,459 );
INSERT INTO TE_STATE VALUES ( 'pulsing diastolic','heart_SINUS_NODE_STATE_1',1,1,0,457,488 );
INSERT INTO TE_STATE VALUES ( 'atrial systole','heart_HEART_STATE_5',5,5,4,313,319 );
INSERT INTO TE_STATE VALUES ( 'ventricular systole','heart_HEART_STATE_2',2,2,1,313,326 );
INSERT INTO TE_STATE VALUES ( 'atrial diastole','heart_HEART_STATE_3',3,3,2,313,330 );
INSERT INTO TE_STATE VALUES ( 'ventricular diastole','heart_HEART_STATE_4',4,4,3,313,337 );
INSERT INTO TE_STATE VALUES ( 'born','heart_HEART_STATE_1',1,1,0,313,341 );
INSERT INTO TE_STATE VALUES ( 'receiving paces','heart_HEART_CB_STATE_1',1,1,0,377,380 );
INSERT INTO TE_STATE VALUES ( 'Polling monitors','hostmonitor_HM_STATE_1',1,1,0,545,548 );
INSERT INTO TE_STATE VALUES ( 'Notifying of increased activity','hostmonitor_HM_STATE_2',2,2,1,545,594 );
INSERT INTO TE_STATE VALUES ( 'listening to host events','hostmonitor_HM_CB_STATE_1',1,1,0,620,625 );
INSERT INTO TE_STATE VALUES ( 'syncing','pacemaker_PACER_STATE_1',1,1,0,790,798 );
INSERT INTO TE_STATE VALUES ( 'listening for systolic pulse','pacemaker_PACER_STATE_2',2,2,1,790,802 );
INSERT INTO TE_STATE VALUES ( 'listening for diastolic pulse','pacemaker_PACER_STATE_3',3,3,2,790,844 );
INSERT INTO TE_STATE VALUES ( 'Increasing rate','pacemaker_PACER_STATE_4',4,4,3,790,871 );
INSERT INTO TE_STATE VALUES ( 'monitoring host','pacemaker_PACER_CB_STATE_1',1,1,0,930,934 );
INSERT INTO R_OIR VALUES ( 254,259,309,0 );
INSERT INTO R_OIR VALUES ( 257,259,310,0 );
INSERT INTO R_OIR VALUES ( 115,109,541,0 );
INSERT INTO R_OIR VALUES ( 106,109,542,0 );
INSERT INTO R_OIR VALUES ( 115,114,543,0 );
INSERT INTO R_OIR VALUES ( 111,114,544,0 );
INSERT INTO TE_PO VALUES ( 5166304,'to_heart','to_heart','synchronization','',1,0,0,0,5138688,132,966 );
INSERT INTO TE_PO VALUES ( 5166376,'host','host','host','',1,0,0,1,5138688,155,983 );
INSERT INTO TE_PO VALUES ( 5166448,'to_heart','to_heart','synchronization','',1,0,0,0,5138896,132,646 );
INSERT INTO TE_PO VALUES ( 5166520,'monitor','monitor','monitor','',1,0,0,1,5138896,526,710 );
INSERT INTO TE_PO VALUES ( 5166592,'monitor','monitor','monitor','',0,0,0,0,5139104,526,524 );
INSERT INTO TE_PO VALUES ( 5166664,'host','host','host','',1,0,0,1,5139104,155,531 );
INSERT INTO TE_PO VALUES ( 5166736,'out_to_body','out_to_body','synchronization','',0,0,0,0,5139312,132,130 );
INSERT INTO TE_PO VALUES ( 5166808,'host','host','host','',0,0,0,1,5139312,155,153 );
INSERT INTO TE_SM VALUES ( 5174752,1,'heart_SINUS_NODE_STATE_1','heart_SINUS_NODE_StateEventMatrix','heart_SINUS_NODE_acts','StateAction_t','heart_SINUS_NODE_Events_u','heart_SINUS_NODE_xacts',0,'state_name_strings',2,2,457,'heart_SINUS_NODE' );
INSERT INTO TE_SM VALUES ( 5174824,1,'heart_HEART_STATE_1','heart_HEART_StateEventMatrix','heart_HEART_acts','StateAction_t','heart_HEART_Events_u','heart_HEART_xacts',0,'state_name_strings',5,5,313,'heart_HEART' );
INSERT INTO TE_SM VALUES ( 5174896,1,'heart_HEART_CB_STATE_1','heart_HEART_CB_StateEventMatrix','heart_HEART_CB_acts','StateAction_t','heart_HEART_CB_Events_u','heart_HEART_CB_xacts',2,'state_name_strings_CB',1,2,377,'heart_HEART' );
INSERT INTO TE_SM VALUES ( 5174968,1,'hostmonitor_HM_STATE_1','hostmonitor_HM_StateEventMatrix','hostmonitor_HM_acts','StateAction_t','hostmonitor_HM_Events_u','hostmonitor_HM_xacts',0,'state_name_strings',2,2,545,'hostmonitor_HM' );
INSERT INTO TE_SM VALUES ( 5175040,1,'hostmonitor_HM_CB_STATE_1','hostmonitor_HM_CB_StateEventMatrix','hostmonitor_HM_CB_acts','StateAction_t','hostmonitor_HM_CB_Events_u','hostmonitor_HM_CB_xacts',0,'state_name_strings_CB',1,2,620,'hostmonitor_HM' );
INSERT INTO TE_SM VALUES ( 5175112,1,'pacemaker_PACER_STATE_1','pacemaker_PACER_StateEventMatrix','pacemaker_PACER_acts','StateAction_t','pacemaker_PACER_Events_u','pacemaker_PACER_xacts',2,'state_name_strings',4,5,790,'pacemaker_PACER' );
INSERT INTO TE_SM VALUES ( 5175184,1,'pacemaker_PACER_CB_STATE_1','pacemaker_PACER_CB_StateEventMatrix','pacemaker_PACER_CB_acts','StateAction_t','pacemaker_PACER_CB_Events_u','pacemaker_PACER_CB_xacts',3,'state_name_strings_CB',1,3,930,'pacemaker_PACER' );
INSERT INTO TE_CLASS VALUES ( 5141696,'pacer',1,'PACER','','pacemaker_PACER','pacemaker_PACER_CB',1,0,0,0,0,10,0,1,0,0,1,0,0,'pacemaker_PACER_class','pacemaker_PACER_CLASS_NUMBER','pacemaker_PACER_CLASS_NUMBER_CB','pacemaker_PACER_LinkCentral','pacemaker_PACER_Dispatch','pacemaker_PACER_CBDispatch','%d,%d,%d,%d,%d,%d,%d',',
    self->systolic_tolerance,
    self->diastolic_tolerance,
    self->cycle_count,
    self->current_state,
    self->timeout_timer,
    self->systolic_timeout,
    self->diastolic_timeout',5138896,63,0 );
INSERT INTO TE_CLASS VALUES ( 5141852,'Temperature Monitor',3,'TM','','hostmonitor_TM','hostmonitor_TM_CB',0,0,0,0,0,10,0,0,0,0,1,0,0,'hostmonitor_TM_class','hostmonitor_TM_CLASS_NUMBER','hostmonitor_TM_CLASS_NUMBER_CB','hostmonitor_TM_LinkCentral','','','','',5139104,106,5142008 );
INSERT INTO TE_CLASS VALUES ( 5142008,'Respiratory Monitor',4,'RM','','hostmonitor_RM','hostmonitor_RM_CB',0,0,0,0,0,10,0,0,0,0,1,0,0,'hostmonitor_RM_class','hostmonitor_RM_CLASS_NUMBER','hostmonitor_RM_CLASS_NUMBER_CB','hostmonitor_RM_LinkCentral','','','','',5139104,111,0 );
INSERT INTO TE_CLASS VALUES ( 5142164,'Host Monitor',2,'HM','','hostmonitor_HM','hostmonitor_HM_CB',1,0,0,0,0,10,0,0,0,0,1,0,0,'hostmonitor_HM_class','hostmonitor_HM_CLASS_NUMBER','hostmonitor_HM_CLASS_NUMBER_CB','hostmonitor_HM_LinkCentral','hostmonitor_HM_Dispatch','hostmonitor_HM_CBDispatch','%d,%d,%d',',
    self->lastTemp,
    self->lastRate,
    self->current_state',5139104,115,5141852 );
INSERT INTO TE_CLASS VALUES ( 5142320,'sinus node',2,'SINUS_NODE','','heart_SINUS_NODE','heart_SINUS_NODE_CB',0,0,0,0,0,10,0,1,0,0,1,0,1,'heart_SINUS_NODE_class','heart_SINUS_NODE_CLASS_NUMBER','heart_SINUS_NODE_CLASS_NUMBER_CB','heart_SINUS_NODE_LinkCentral','heart_SINUS_NODE_Dispatch','','%d,%d,%d,%d',',
    self->systolic_period,
    self->diastolic_period,
    self->decrement,
    self->current_state',5139312,257,0 );
INSERT INTO TE_CLASS VALUES ( 5142476,'heart',1,'HEART','','heart_HEART','heart_HEART_CB',1,0,0,0,0,10,0,1,0,0,1,0,1,'heart_HEART_class','heart_HEART_CLASS_NUMBER','heart_HEART_CLASS_NUMBER_CB','heart_HEART_LinkCentral','heart_HEART_Dispatch','heart_HEART_CBDispatch','%d',',
    self->current_state',5139312,254,5142320 );
INSERT INTO TE_PREFIX VALUES ( 'Escher_','','Escher_','','ESCHER_','Escher_','','','','Escher_','pport_','rport_','channel_' );
INSERT INTO TE_SET VALUES ( 'SYS_MAX_CONTAINERS','Escher_Iterator_s','Escher_SetFactoryInit','Escher_InitSet','Escher_CopySet','Escher_ClearSet','Escher_SetInsertElement','Escher_SetInsertInstance','Escher_SetInsertBlock','Escher_SetRemoveElement','Escher_SetRemoveInstance','Escher_SetCardinality','Escher_SetContains','Escher_SetEquality','Escher_SetIsEmpty','Escher_SetGetAny','Escher_IteratorReset','Escher_IteratorNext','Escher_ObjectSet_s','Escher_SetElement_s','','' );
INSERT INTO TE_PERSIST VALUES ( 'sys_persist','','ESCHER_PERSIST_INST_CACHE_DEPTH','ESCHER_PERSIST_LINK_CACHE_DEPTH','check_mark_post','','Escher_link_t','','Escher_PersistFactoryInit','Escher_PersistenceCommit','Escher_PersistenceRestore','Escher_PersistDelete','domainnum','Escher_DomainNumber_t','classnum','Escher_ClassNumber_t','index','Escher_InstanceIndex_t','InstanceIdentifier_t','instance_identifier','s1_t','persist_dirty',1,0 );
INSERT INTO R_RTO VALUES ( 254,259,309,-1 );
INSERT INTO R_RTO VALUES ( 115,109,541,-1 );
INSERT INTO R_RTO VALUES ( 115,114,543,-1 );
INSERT INTO TE_EQ VALUES ( 'EVENT_IS_IGNORED','EVENT_CANT_HAPPEN','Escher_systemxtUMLevents','Escher_xtUML_event_pool','Escher_xtUMLEventConstant_t','Escher_xtUMLEvent_t','mc_event_base','ESCHER_SYS_MAX_XTUML_EVENTS','ESCHER_SYS_MAX_SELF_EVENTS','ESCHER_SYS_MAX_NONSELF_EVENTS','Escher_NewxtUMLEvent','Escher_AllocatextUMLEvent','Escher_DeletextUMLEvent','Escher_ModifyxtUMLEvent','Escher_SendSelfEvent','Escher_SendEvent','Escher_EventSearchAndDestroy','Escher_run_flag','e','' );
INSERT INTO TE_ILB VALUES ( 'sys_ilb','ESCHER_SYS_MAX_INTERLEAVED_BRIDGES','ESCHER_SYS_MAX_INTERLEAVED_BRIDGE_DATA','InterleaveBridge','InterleaveBridgeDone','GetILBData','DispatchInterleaveBridge' );
INSERT INTO TE_THREAD VALUES ( 'sys_thread','Escher_thread_create','Escher_mutex_lock','Escher_mutex_unlock','Escher_nonbusy_wait','Escher_nonbusy_wake','Escher_thread_shutdown',0,'POSIX',0,1,'','AUTOSAR_ENABLED' );
INSERT INTO TE_FILE VALUES ( 'h','c','o','avpace_sys_main','sys_xtuml','sys_events','sys_nvs','NVS_bridge','sys_sets','avpace_sys_types','sys_thread','sys_trace','TIM_bridge','sys_user_co','sys_ilb','sys_persist','sys_xtumlload','sysc_interfaces','RegDefs','.','_ch','_ch','_ch','_ch','.','bridge.mark','system.mark','datatype.mark','event.mark','class.mark','domain.mark','sys_functions.arc','mc3020/arc','.' );
INSERT INTO TE_CALLOUT VALUES ( 'sys_user_co','UserInitializationCallout','UserPreOoaInitializationCallout','UserPostOoaInitializationCallout','UserBackgroundProcessingCallout','UserEventCantHappenCallout','UserPreShutdownCallout','UserPostShutdownCallout','UserEventNoInstanceCallout','UserEventFreeListEmptyCallout','UserEmptyHandleDetectedCallout','UserObjectPoolEmptyCallout','UserNodeListEmptyCallout','UserInterleavedBridgeOverflowCallout','UserSelfEventQueueEmptyCallout','UserNonSelfEventQueueEmptyCallout','UserPersistenceErrorCallout' );
INSERT INTO TE_STRING VALUES ( 'Escher_memset','Escher_memmove','Escher_strcpy','Escher_stradd','Escher_strlen','Escher_strcmp','Escher_strget','Escher_itoa','Escher_atoi','ESCHER_SYS_MAX_STRING_LEN','ESCHER_DEBUG_BUFFER_DEPTH' );
INSERT INTO TE_TRACE VALUES ( 'COMP_MSG_START_TRACE','COMP_MSG_END_TRACE','STATE_TXN_START_TRACE','STATE_TXN_END_TRACE','STATE_TXN_IG_TRACE','STATE_TXN_CH_TRACE','OAL_ACTION_TRACE' );
INSERT INTO TE_COPYRIGHT VALUES ( 'your copyright statement can go here (from te_copyright.body)' );
INSERT INTO TE_DMA VALUES ( 'sys_memory','Escher_malloc','Escher_free',0 );
INSERT INTO TE_CONTAINER VALUES ( '' );
INSERT INTO R_RGO VALUES ( 111,114,544 );
INSERT INTO R_RGO VALUES ( 106,109,542 );
INSERT INTO R_RGO VALUES ( 257,259,310 );
INSERT INTO TE_DLIST VALUES ( '','Escher_SetRemoveDlistNode' );
INSERT INTO TE_SLIST VALUES ( '','Escher_SetRemoveNode' );
INSERT INTO TE_TARGET VALUES ( 'C','#ifdef	__cplusplus
extern	"C"	{
#endif','#ifdef	__cplusplus
}
#endif','main' );
INSERT INTO R_SIMP VALUES ( 259 );
INSERT INTO R_SIMP VALUES ( 109 );
INSERT INTO R_SIMP VALUES ( 114 );
INSERT INTO TE_RELINFO VALUES ( 0,0,0,0,0,0,0,0,'',0,0,0,0 );
INSERT INTO TE_RELSTORE VALUES ( '','','',0,'','self' );
INSERT INTO TE_INSTANCE VALUES ( 'Escher_CreateInstance','Escher_CreatePersistent','Escher_DeleteInstance','Escher_DeletePersistent','self','Escher_GetSelf','Escher_InstanceBase_t','Escher_iHandle_t','Escher_ClassFactoryInit','Escher_Object_s','ESCHER_SYS_MAX_OBJECT_EXTENT','ESCHER_SYS_MAX_ASSOCIATION_EXTENT','ESCHER_SYS_MAX_TRANSIENT_EXTENT','current_state','','Escher_GetDCI','Escher_GetEventDispatcher','Escher_GetThreadAssignment','' );
INSERT INTO TE_TIM VALUES ( 'ESCHER_SYS_MAX_XTUML_TIMERS',0,1,0,'ETimer_t','','' );
INSERT INTO TE_TYPEMAP VALUES ( 'Escher_InstanceIndex_t','u2_t','Escher_ClassSize_t','u2_t','Escher_ClassNumber_t','u2_t','Escher_StateNumber_t','u1_t','Escher_DomainNumber_t','u1_t','Escher_EventNumber_t','u1_t','Escher_EventPriority_t','u1_t','Escher_EventFlags_t','u1_t','Escher_PolyEventRC_t','u1_t','Escher_SEMcell_t','u2_t','','','' );
INSERT INTO TE_EXTENT VALUES ( 'Escher_ObjectSet_s','Escher_Extent_t','active','inactive','','Escher_ClassSize_t','size','Escher_StateNumber_t','initial_state','Escher_SetElement_s*','container','Escher_iHandle_t','pool','Escher_InstanceIndex_t','population','Escher_ClassSize_t','size_no_rel','link_function' );
INSERT INTO TE_PAR VALUES ( 'event_inst',0,'',0,863,31950096 );
INSERT INTO TE_PAR VALUES ( 'microseconds',0,'',1,862,31949968 );
INSERT INTO TE_PAR VALUES ( 'timer_inst_ref',0,'',0,859,31954200 );
INSERT INTO TE_PAR VALUES ( 'message',0,'',0,833,31955488 );
INSERT INTO TE_PAR VALUES ( 'message',0,'',0,831,31954584 );
INSERT INTO TE_PAR VALUES ( 'event_inst',0,'',0,826,31950096 );
INSERT INTO TE_PAR VALUES ( 'microseconds',0,'',1,825,31949968 );
INSERT INTO TE_PAR VALUES ( 'timer_inst_ref',0,'',0,822,31954200 );
INSERT INTO TE_PAR VALUES ( 'current_rate',0,'',0,603,31967416 );
INSERT INTO TE_PAR VALUES ( 'current_temp',0,'',1,602,31967544 );
INSERT INTO TE_PAR VALUES ( 'event_inst',0,'',0,507,31965104 );
INSERT INTO TE_PAR VALUES ( 'microseconds',0,'',1,506,31965232 );
INSERT INTO TE_PAR VALUES ( 'event_inst',0,'',0,479,31965104 );
INSERT INTO TE_PAR VALUES ( 'microseconds',0,'',1,478,31965232 );
INSERT INTO TE_PAR VALUES ( 'message',0,'',0,419,31955616 );
INSERT INTO TE_PAR VALUES ( 'message',0,'',0,417,31955616 );
INSERT INTO TE_PAR VALUES ( 'message',0,'',0,414,31956512 );
INSERT INTO TE_PAR VALUES ( 'event_inst',0,'',0,291,31965104 );
INSERT INTO TE_PAR VALUES ( 'microseconds',0,'',1,289,31965232 );
INSERT INTO TE_PAR VALUES ( 'diastolic_period',0,'',0,284,31967160 );
INSERT INTO TE_PAR VALUES ( 'systolic_period',0,'',1,283,31967288 );
INSERT INTO TE_MACT VALUES ( 5133248,5160192,'heart_out_to_body_init','','heart_out_to_body_init','heart','diastolic_period:snode.diastolic_period, systolic_period:snode.systolic_period','out_to_body','synchronization','init',0,0,'SPR_RO',0,0,2,0,0,149,0,5139312,5166736,0,5160852 );
INSERT INTO TE_MACT VALUES ( 5133356,5160324,'hostmonitor_monitor_increased_activty','','hostmonitor_monitor_increased_activty','hostmonitor','current_rate:self.lastRate, current_temp:self.lastTemp','monitor','monitor','increased_activty',0,0,'SPR_RS',0,0,0,0,0,0,527,5139104,5166592,0,0 );
INSERT INTO TE_MACT VALUES ( 5133464,5160456,'heart_host_current_temp','','heart_host_current_temp','heart','','host','host','current_temp',0,0,'SPR_RS',0,0,1,0,0,0,160,5139312,5166808,0,0 );
INSERT INTO TE_MACT VALUES ( 5133572,5160588,'heart_host_breath_taken','','heart_host_breath_taken','heart','','host','host','breath_taken',0,0,'SPR_RS',0,0,0,0,0,0,156,5139312,5166808,0,5160456 );
INSERT INTO TE_MACT VALUES ( 5133680,5160720,'heart_out_to_body_diastolic_pace','','heart_out_to_body_diastolic_pace','heart','','out_to_body','synchronization','diastolic_pace',1,0,'SPR_RS',0,0,0,0,0,0,145,5139312,5166736,5151936,5160984 );
INSERT INTO TE_MACT VALUES ( 5133788,5160852,'heart_out_to_body_systolic_pace','','heart_out_to_body_systolic_pace','heart','','out_to_body','synchronization','systolic_pace',1,0,'SPR_RS',0,0,3,0,0,0,141,5139312,5166736,5152000,5161116 );
INSERT INTO TE_MACT VALUES ( 5133896,5160984,'heart_out_to_body_diastolic_pulse','','heart_out_to_body_diastolic_pulse','heart','','out_to_body','synchronization','diastolic_pulse',0,0,'SPR_RS',0,0,1,0,0,0,137,5139312,5166736,0,5160192 );
INSERT INTO TE_MACT VALUES ( 5134004,5161116,'heart_out_to_body_systolic_pulse','','heart_out_to_body_systolic_pulse','heart','','out_to_body','synchronization','systolic_pulse',0,0,'SPR_RS',0,0,4,0,0,0,133,5139312,5166736,0,0 );
INSERT INTO TE_MACT VALUES ( 5134112,5161248,'pacer_to_heart_init','','pacer_to_heart_init','pacer','','to_heart','synchronization','init',0,1,'SPR_PO',0,0,2,980,0,0,0,5138688,5166304,0,31988420 );
INSERT INTO TE_MACT VALUES ( 5134220,5161380,'pacemaker_to_heart_init','','pacemaker_to_heart_init','pacemaker','','to_heart','synchronization','init',0,1,'SPR_PO',0,0,2,661,0,0,0,5138896,5166448,0,31989080 );
INSERT INTO TE_MACT VALUES ( 31989352,31988024,'pacer_host_current_temp','','pacer_host_current_temp','pacer','','host','host','current_temp',0,1,'SPR_PS',0,0,1,0,624,0,0,5138688,5166376,32124992,0 );
INSERT INTO TE_MACT VALUES ( 31989460,31988156,'pacer_host_breath_taken','','pacer_host_breath_taken','pacer','','host','host','breath_taken',0,1,'SPR_PS',0,0,0,0,622,0,0,5138688,5166376,32124928,31988024 );
INSERT INTO TE_MACT VALUES ( 31989568,31988288,'pacer_to_heart_diastolic_pace','','pacer_to_heart_diastolic_pace','pacer','','to_heart','synchronization','diastolic_pace',1,1,'SPR_PS',0,0,0,0,977,0,0,5138688,5166304,0,31988552 );
INSERT INTO TE_MACT VALUES ( 31989676,31988420,'pacer_to_heart_systolic_pace','','pacer_to_heart_systolic_pace','pacer','','to_heart','synchronization','systolic_pace',1,1,'SPR_PS',0,0,3,0,974,0,0,5138688,5166304,0,31988684 );
INSERT INTO TE_MACT VALUES ( 31989784,31988552,'pacer_to_heart_diastolic_pulse','','pacer_to_heart_diastolic_pulse','pacer','','to_heart','synchronization','diastolic_pulse',0,1,'SPR_PS',0,0,1,0,971,0,0,5138688,5166304,0,5161248 );
INSERT INTO TE_MACT VALUES ( 31989892,31988684,'pacer_to_heart_systolic_pulse','','pacer_to_heart_systolic_pulse','pacer','','to_heart','synchronization','systolic_pulse',0,1,'SPR_PS',0,0,4,0,968,0,0,5138688,5166304,0,0 );
INSERT INTO TE_MACT VALUES ( 31990000,31988816,'pacemaker_monitor_increased_activty','','pacemaker_monitor_increased_activty','pacemaker','','monitor','monitor','increased_activty',0,1,'SPR_PS',0,0,0,0,712,0,0,5138896,5166520,32177016,0 );
INSERT INTO TE_MACT VALUES ( 31990108,31988948,'pacemaker_to_heart_diastolic_pace','','pacemaker_to_heart_diastolic_pace','pacemaker','','to_heart','synchronization','diastolic_pace',1,1,'SPR_PS',0,0,0,0,658,0,0,5138896,5166448,0,31989212 );
INSERT INTO TE_MACT VALUES ( 31990216,31989080,'pacemaker_to_heart_systolic_pace','','pacemaker_to_heart_systolic_pace','pacemaker','','to_heart','synchronization','systolic_pace',1,1,'SPR_PS',0,0,3,0,655,0,0,5138896,5166448,0,31996776 );
INSERT INTO TE_MACT VALUES ( 31990324,31989212,'pacemaker_to_heart_diastolic_pulse','','pacemaker_to_heart_diastolic_pulse','pacemaker','','to_heart','synchronization','diastolic_pulse',0,1,'SPR_PS',0,0,1,0,652,0,0,5138896,5166448,32125376,5161380 );
INSERT INTO TE_MACT VALUES ( 32000152,31996776,'pacemaker_to_heart_systolic_pulse','','pacemaker_to_heart_systolic_pulse','pacemaker','','to_heart','synchronization','systolic_pulse',0,1,'SPR_PS',0,0,4,0,649,0,0,5138896,5166448,32125440,0 );
INSERT INTO TE_MACT VALUES ( 32000260,31996908,'hostmonitor_host_current_temp','','hostmonitor_host_current_temp','hostmonitor','','host','host','current_temp',0,1,'SPR_PS',0,0,1,0,537,0,0,5139104,5166664,0,0 );
INSERT INTO TE_MACT VALUES ( 32000368,31997040,'hostmonitor_host_breath_taken','','hostmonitor_host_breath_taken','hostmonitor','','host','host','breath_taken',0,1,'SPR_PS',0,0,0,0,534,0,0,5139104,5166664,0,31996908 );
INSERT INTO R_PART VALUES ( 254,259,309,0,0,'triggers' );
INSERT INTO R_PART VALUES ( 115,109,541,0,0,'provides temperature monitoring' );
INSERT INTO R_PART VALUES ( 115,114,543,0,0,'provides respiratory monitoring' );
INSERT INTO TE_IIR VALUES ( 5156928,'pacer','to_heart','synchronization',0,'','',0,967,5166304,0 );
INSERT INTO TE_IIR VALUES ( 5157004,'','to_heart','synchronization',0,'','',1005,0,5166304,0 );
INSERT INTO TE_IIR VALUES ( 5157080,'pacer','host','host',0,'','',0,984,5166376,0 );
INSERT INTO TE_IIR VALUES ( 5157156,'','host','host',0,'','',1006,0,5166376,0 );
INSERT INTO TE_IIR VALUES ( 5157232,'pacemaker','to_heart','synchronization',0,'','',0,647,5166448,0 );
INSERT INTO TE_IIR VALUES ( 5157308,'','to_heart','synchronization',0,'','',990,0,5166448,0 );
INSERT INTO TE_IIR VALUES ( 5157384,'pacemaker','monitor','monitor',0,'','',0,711,5166520,0 );
INSERT INTO TE_IIR VALUES ( 5157460,'','monitor','monitor',0,'','',991,0,5166520,0 );
INSERT INTO TE_IIR VALUES ( 5157536,'hostmonitor','monitor','monitor',0,'','',0,525,5166592,5157384 );
INSERT INTO TE_IIR VALUES ( 5157612,'','monitor','monitor',0,'','',994,0,5166592,5157460 );
INSERT INTO TE_IIR VALUES ( 31916608,'hostmonitor','host','host',0,'','',0,532,5166664,0 );
INSERT INTO TE_IIR VALUES ( 31916684,'','host','host',0,'','',995,0,5166664,0 );
INSERT INTO TE_IIR VALUES ( 31916760,'heart','out_to_body','synchronization',0,'','',0,131,5166736,5156928 );
INSERT INTO TE_IIR VALUES ( 31916836,'','out_to_body','synchronization',0,'','',1001,0,5166736,5157004 );
INSERT INTO TE_IIR VALUES ( 31916912,'heart','host','host',0,'','',0,154,5166808,0 );
INSERT INTO TE_IIR VALUES ( 31916988,'','host','host',0,'','',1003,0,5166808,0 );
INSERT INTO TE_DCI VALUES ( 5138688,'pacer_CLASS_NUMBERS','pacer_CLASS_U','pacer_task_numbers','pacer_TASK_NUMBERS','pacer_MAX_CLASS_NUMBERS','pacer_STATE_MODELS','pacer_CLASS_INFO_INIT','pacer_class_info' );
INSERT INTO TE_DCI VALUES ( 5138896,'pacemaker_CLASS_NUMBERS','pacemaker_CLASS_U','pacemaker_task_numbers','pacemaker_TASK_NUMBERS','pacemaker_MAX_CLASS_NUMBERS','pacemaker_STATE_MODELS','pacemaker_CLASS_INFO_INIT','pacemaker_class_info' );
INSERT INTO TE_DCI VALUES ( 5139104,'hostmonitor_CLASS_NUMBERS','hostmonitor_CLASS_U','hostmonitor_task_numbers','hostmonitor_TASK_NUMBERS','hostmonitor_MAX_CLASS_NUMBERS','hostmonitor_STATE_MODELS','hostmonitor_CLASS_INFO_INIT','hostmonitor_class_info' );
INSERT INTO TE_DCI VALUES ( 5139312,'heart_CLASS_NUMBERS','heart_CLASS_U','heart_task_numbers','heart_TASK_NUMBERS','heart_MAX_CLASS_NUMBERS','heart_STATE_MODELS','heart_CLASS_INFO_INIT','heart_class_info' );
INSERT INTO TE_CIA VALUES ( 'domain_class_info','Escher_Extent_t','active_count','domain_class_count','Escher_ClassNumber_t' );
INSERT INTO R_FORM VALUES ( 111,114,544,0,1,'' );
INSERT INTO R_FORM VALUES ( 106,109,542,0,0,'' );
INSERT INTO R_FORM VALUES ( 257,259,310,0,0,'is triggered by' );
INSERT INTO TE_BLK VALUES ( 988,0,'','',1,'  ',0 );
INSERT INTO TE_BLK VALUES ( 986,0,'','',1,'  ',0 );
INSERT INTO TE_BLK VALUES ( 982,0,'','',1,'  ',0 );
INSERT INTO TE_BLK VALUES ( 979,0,'','',1,'  ',0 );
INSERT INTO TE_BLK VALUES ( 976,0,'','',1,'  ',0 );
INSERT INTO TE_BLK VALUES ( 973,0,'','',1,'  ',0 );
INSERT INTO TE_BLK VALUES ( 970,0,'','',1,'  ',0 );
INSERT INTO TE_BLK VALUES ( 959,960,'pacemaker_PACER * pacer=0;','',1,'  ',0 );
INSERT INTO TE_BLK VALUES ( 950,951,'pacemaker_PACER * pacer=0;','',1,'  ',0 );
INSERT INTO TE_BLK VALUES ( 941,942,'pacemaker_PACER * pacer=0;','',1,'  ',0 );
INSERT INTO TE_BLK VALUES ( 937,0,'','',1,'  ',0 );
INSERT INTO TE_BLK VALUES ( 929,0,'','',1,'  ',0 );
INSERT INTO TE_BLK VALUES ( 925,0,'','',1,'  ',0 );
INSERT INTO TE_BLK VALUES ( 920,921,'','',1,'  ',0 );
INSERT INTO TE_BLK VALUES ( 915,916,'','',1,'  ',0 );
INSERT INTO TE_BLK VALUES ( 911,0,'','',1,'  ',0 );
INSERT INTO TE_BLK VALUES ( 907,0,'','',1,'  ',0 );
INSERT INTO TE_BLK VALUES ( 903,0,'','',1,'  ',0 );
INSERT INTO TE_BLK VALUES ( 899,0,'','',1,'  ',0 );
INSERT INTO TE_BLK VALUES ( 874,875,'','',1,'  ',0 );
INSERT INTO TE_BLK VALUES ( 847,848,'bool existed;Escher_xtUMLEvent_t * timeout;','',1,'  ',0 );
INSERT INTO TE_BLK VALUES ( 805,806,'bool existed;Escher_xtUMLEvent_t * timeout;','',1,'  ',0 );
INSERT INTO TE_BLK VALUES ( 801,0,'','',1,'  ',0 );
INSERT INTO TE_BLK VALUES ( 749,750,'','',1,'  ',0 );
INSERT INTO TE_BLK VALUES ( 745,0,'','',1,'  ',0 );
INSERT INTO TE_BLK VALUES ( 741,0,'','',1,'  ',0 );
INSERT INTO TE_BLK VALUES ( 737,0,'','',1,'  ',0 );
INSERT INTO TE_BLK VALUES ( 733,0,'','',1,'  ',0 );
INSERT INTO TE_BLK VALUES ( 728,0,'','',1,'  ',0 );
INSERT INTO TE_BLK VALUES ( 723,0,'','',1,'  ',0 );
INSERT INTO TE_BLK VALUES ( 714,0,'','',1,'  ',0 );
INSERT INTO TE_BLK VALUES ( 663,664,'pacemaker_PACER * pacer;','',1,'  ',0 );
INSERT INTO TE_BLK VALUES ( 660,0,'','',1,'  ',0 );
INSERT INTO TE_BLK VALUES ( 657,0,'','',1,'  ',0 );
INSERT INTO TE_BLK VALUES ( 654,0,'','',1,'  ',0 );
INSERT INTO TE_BLK VALUES ( 651,0,'','',1,'  ',0 );
INSERT INTO TE_BLK VALUES ( 642,643,'','',1,'  ',0 );
INSERT INTO TE_BLK VALUES ( 638,639,'','',1,'  ',0 );
INSERT INTO TE_BLK VALUES ( 636,0,'','',1,'  ',0 );
INSERT INTO TE_BLK VALUES ( 632,0,'','',1,'  ',0 );
INSERT INTO TE_BLK VALUES ( 628,0,'','',1,'  ',0 );
INSERT INTO TE_BLK VALUES ( 619,0,'','',1,'  ',0 );
INSERT INTO TE_BLK VALUES ( 615,0,'','',1,'  ',0 );
INSERT INTO TE_BLK VALUES ( 611,0,'','',1,'  ',0 );
INSERT INTO TE_BLK VALUES ( 597,598,'','',1,'  ',0 );
INSERT INTO TE_BLK VALUES ( 568,593,'','',2,'    ',0 );
INSERT INTO TE_BLK VALUES ( 551,552,'hostmonitor_RM * rm=0;hostmonitor_TM * tm=0;','',1,'  ',0 );
INSERT INTO TE_BLK VALUES ( 539,0,'','',1,'  ',0 );
INSERT INTO TE_BLK VALUES ( 536,0,'','',1,'  ',0 );
INSERT INTO TE_BLK VALUES ( 530,0,'','',1,'  ',0 );
INSERT INTO TE_BLK VALUES ( 522,0,'','',1,'  ',0 );
INSERT INTO TE_BLK VALUES ( 518,0,'','',1,'  ',0 );
INSERT INTO TE_BLK VALUES ( 491,492,'Escher_Timer_t * t;Escher_xtUMLEvent_t * e;heart_HEART * heart=0;','',1,'  ',0 );
INSERT INTO TE_BLK VALUES ( 462,463,'Escher_Timer_t * t;Escher_xtUMLEvent_t * e;heart_HEART * heart=0;','',1,'  ',0 );
INSERT INTO TE_BLK VALUES ( 412,448,'','',2,'    ',0 );
INSERT INTO TE_BLK VALUES ( 410,440,'','',2,'    ',0 );
INSERT INTO TE_BLK VALUES ( 404,405,'','',1,'  ',0 );
INSERT INTO TE_BLK VALUES ( 396,397,'heart_HEART * heart=0;','',1,'  ',0 );
INSERT INTO TE_BLK VALUES ( 387,388,'heart_HEART * heart=0;','',1,'  ',0 );
INSERT INTO TE_BLK VALUES ( 383,0,'','',1,'  ',0 );
INSERT INTO TE_BLK VALUES ( 376,0,'','',1,'  ',0 );
INSERT INTO TE_BLK VALUES ( 372,0,'','',1,'  ',0 );
INSERT INTO TE_BLK VALUES ( 368,0,'','',1,'  ',0 );
INSERT INTO TE_BLK VALUES ( 364,0,'','',1,'  ',0 );
INSERT INTO TE_BLK VALUES ( 360,0,'','',1,'  ',0 );
INSERT INTO TE_BLK VALUES ( 356,0,'','',1,'  ',0 );
INSERT INTO TE_BLK VALUES ( 352,0,'','',1,'  ',0 );
INSERT INTO TE_BLK VALUES ( 348,0,'','',1,'  ',0 );
INSERT INTO TE_BLK VALUES ( 344,0,'','',1,'  ',0 );
INSERT INTO TE_BLK VALUES ( 340,0,'','',1,'  ',0 );
INSERT INTO TE_BLK VALUES ( 333,334,'','',1,'  ',0 );
INSERT INTO TE_BLK VALUES ( 329,0,'','',1,'  ',0 );
INSERT INTO TE_BLK VALUES ( 322,323,'','',1,'  ',0 );
INSERT INTO TE_BLK VALUES ( 250,251,'Escher_Timer_t * t;heart_SINUS_NODE * snode;heart_HEART * heart;Escher_xtUMLEvent_t * e;','',1,'  ',0 );
INSERT INTO TE_BLK VALUES ( 244,0,'','',1,'  ',0 );
INSERT INTO TE_BLK VALUES ( 238,0,'','',1,'  ',0 );
INSERT INTO TE_BLK VALUES ( 233,0,'','',1,'  ',0 );
INSERT INTO TE_BLK VALUES ( 228,0,'','',1,'  ',0 );
INSERT INTO TE_BLK VALUES ( 224,0,'','',1,'  ',0 );
INSERT INTO TE_BLK VALUES ( 220,0,'','',1,'  ',0 );
INSERT INTO TE_BLK VALUES ( 213,214,'','',1,'  ',0 );
INSERT INTO TE_BLK VALUES ( 163,0,'','',1,'  ',0 );
INSERT INTO TE_BLK VALUES ( 159,0,'','',1,'  ',0 );
INSERT INTO TE_BLK VALUES ( 152,0,'','',1,'  ',0 );
INSERT INTO TE_BLK VALUES ( 148,0,'','',1,'  ',0 );
INSERT INTO TE_BLK VALUES ( 144,0,'','',1,'  ',0 );
INSERT INTO TE_BLK VALUES ( 140,0,'','',1,'  ',0 );
INSERT INTO TE_BLK VALUES ( 136,0,'','',1,'  ',0 );
INSERT INTO TE_LNK VALUES ( 5159328,0,'',3,'->RM[R3]','',0,563,'RM_R3','iRM_R3','self','hostmonitor_RM',1,1,'form' );
INSERT INTO TE_LNK VALUES ( 5159404,0,'',2,'->TM[R2]','',0,556,'TM_R2','iTM_R2','self','hostmonitor_TM',1,1,'form' );
INSERT INTO TE_LNK VALUES ( 5159480,0,'',1,'->HEART[R1]','',0,496,'HEART_R1_triggers','iHEART_R1_triggers','self','heart_HEART',1,1,'part' );
INSERT INTO TE_LNK VALUES ( 5159556,0,'',1,'->HEART[R1]','',0,467,'HEART_R1_triggers','iHEART_R1_triggers','self','heart_HEART',1,1,'part' );
INSERT INTO TE_ASSIGN VALUES ( 0,0,'','',2,'snode->systolic_period','500000',5134816,0 );
INSERT INTO TE_BRIDGE VALUES ( '','',5137632 );
INSERT INTO TE_CREATE_EVENT VALUES ( 0,0,'','','','','','',5144128 );
INSERT INTO TE_CREATE_INSTANCE VALUES ( 0,0,'','',5144640 );
INSERT INTO TE_DELETE_INSTANCE VALUES ( 0,'',0,5145888 );
INSERT INTO TE_ELIF VALUES ( '',5149472 );
INSERT INTO TE_EVENT_PARAMETERS VALUES ( '','','','',5151136 );
INSERT INTO TE_FOR VALUES ( 0,'','','',5154592 );
INSERT INTO TE_FUNCTION VALUES ( '','',5154944 );
INSERT INTO TE_GENERATE VALUES ( 0,0,'','','','',5155200 );
INSERT INTO TE_GENERATE_CREATOR_EVENT VALUES ( 0,0,'','','','',5155616 );
INSERT INTO TE_GENERATE_PRECREATED_EVENT VALUES ( 0,'',5156032 );
INSERT INTO TE_GENERATE_TO_CLASS VALUES ( 0,0,'','','','',5156288 );
INSERT INTO TE_IF VALUES ( '',5156704 );
INSERT INTO TE_IOP VALUES ( '','',5159072 );
INSERT INTO TE_OPERATION VALUES ( 0,'','','',5162848 );
INSERT INTO TE_RELATE VALUES ( 0,0,0,0,0,'','','',5168160 );
INSERT INTO TE_RELATE_USING VALUES ( 0,0,0,0,0,0,'','','','','','',5168672 );
INSERT INTO TE_RETURN VALUES ( '','','',5170560 );
INSERT INTO TE_SELECT VALUES ( 0,1,'heart_HEART','heart','','any','heart',5170880 );
INSERT INTO TE_SELECT_RELATED VALUES ( 557,5159328,562,0,570,0,0,'','','one',1,'rm','rm',0,'self','self','hostmonitor_HM' );
INSERT INTO TE_SELECT_RELATED VALUES ( 552,5159404,555,0,570,0,0,'','','one',1,'tm','tm',0,'self','self','hostmonitor_HM' );
INSERT INTO TE_SELECT_RELATED VALUES ( 492,5159480,495,0,501,0,0,'','','one',1,'heart','heart',0,'self','self','heart_SINUS_NODE' );
INSERT INTO TE_SELECT_RELATED VALUES ( 463,5159556,466,0,472,0,0,'','','one',1,'heart','heart',0,'self','self','heart_SINUS_NODE' );
INSERT INTO TE_SELECT_WHERE VALUES ( 0,0,'','','','','','','',0,0,5172416 );
INSERT INTO TE_SGN VALUES ( 0,0,'','','','',5174112 );
INSERT INTO TE_UNRELATE VALUES ( 0,0,0,0,0,'','','',5183072 );
INSERT INTO TE_UNRELATE_USING VALUES ( 0,0,0,0,0,0,'','','','','','',5183584 );
INSERT INTO TE_WHILE VALUES ( '',5185600 );
INSERT INTO TM_BUILD VALUES ( 'system','system_sys','system_top' );
INSERT INTO S_EE VALUES ( 165,'Time','The Time external entity provides date, timestamp, and timer related operations.','TIM',0,'','Time' );
INSERT INTO S_EE VALUES ( 209,'Architecture','','ARCH',0,'','Architecture' );
INSERT INTO S_EE VALUES ( 215,'Logging','','LOG',0,'','Logging' );
INSERT INTO S_EE VALUES ( 716,'Logging','','LOG',0,'','Logging' );
INSERT INTO S_EE VALUES ( 746,'Architecture','','ARCH',0,'','Architecture' );
INSERT INTO S_EE VALUES ( 751,'Time','The Time external entity provides date, timestamp, and timer related operations.','TIM',0,'','Time' );
INSERT INTO C_C VALUES ( 129,0,0,'heart','',0,0,0,'' );
INSERT INTO C_C VALUES ( 523,0,0,'hostmonitor','',0,0,0,'' );
INSERT INTO C_C VALUES ( 645,0,0,'pacemaker','',0,0,0,'' );
INSERT INTO C_C VALUES ( 965,0,0,'pacer','The pacer component listens to the host''s heartbeat and sends signals to
increase the rate depending on the host''s current rate.  It consists of two
internal components, one that handles generating a beat and the other that
listens for increased activity.',0,0,0,'' );
INSERT INTO C_I VALUES ( 155,0,'host','' );
INSERT INTO C_I VALUES ( 526,0,'monitor','' );
INSERT INTO C_I VALUES ( 132,0,'synchronization','' );
INSERT INTO C_P VALUES ( 532,'host','Unnamed Interface','','hostmonitor::host::host' );
INSERT INTO C_P VALUES ( 647,'synchronization','Unnamed Interface','','pacemaker::to_heart::synchronization' );
INSERT INTO C_P VALUES ( 711,'monitor','Unnamed Interface','','pacemaker::monitor::monitor' );
INSERT INTO C_P VALUES ( 967,'synchronization','Unnamed Interface','','pacer::to_heart::synchronization' );
INSERT INTO C_P VALUES ( 984,'host','Unnamed Interface','','pacer::host::host' );
INSERT INTO C_R VALUES ( 131,'synchronization','','Unnamed Interface','heart::out_to_body::synchronization' );
INSERT INTO C_R VALUES ( 154,'host','','Unnamed Interface','heart::host::host' );
INSERT INTO C_R VALUES ( 525,'monitor','','Unnamed Interface','hostmonitor::monitor::monitor' );
INSERT INTO C_EP VALUES ( 157,155,-1,'breath_taken','' );
INSERT INTO C_EP VALUES ( 161,155,-1,'current_temp','' );
INSERT INTO C_EP VALUES ( 528,526,-1,'increased_activty','' );
INSERT INTO C_EP VALUES ( 134,132,-1,'systolic_pulse','' );
INSERT INTO C_EP VALUES ( 138,132,-1,'diastolic_pulse','' );
INSERT INTO C_EP VALUES ( 142,132,-1,'systolic_pace','' );
INSERT INTO C_EP VALUES ( 146,132,-1,'diastolic_pace','' );
INSERT INTO C_EP VALUES ( 150,132,-1,'init','' );
INSERT INTO C_AS VALUES ( 157,'breath_taken','',0,0 );
INSERT INTO C_AS VALUES ( 161,'current_temp','',0,157 );
INSERT INTO C_AS VALUES ( 528,'increased_activty','',0,0 );
INSERT INTO C_AS VALUES ( 134,'systolic_pulse','',0,0 );
INSERT INTO C_AS VALUES ( 138,'diastolic_pulse','',0,134 );
INSERT INTO C_AS VALUES ( 142,'systolic_pace','',1,138 );
INSERT INTO C_AS VALUES ( 146,'diastolic_pace','',1,142 );
INSERT INTO C_IO VALUES ( 150,211,'init','',0,'',0 );
INSERT INTO C_SF VALUES ( 992,525,711,'','pacemaker::monitor::monitor -o)- hostmonitor::monitor::monitor' );
INSERT INTO C_SF VALUES ( 1002,131,967,'','pacer::to_heart::synchronization -o)- heart::out_to_body::synchronization' );
INSERT INTO C_PP VALUES ( 997,528,170,'current_temp','',0,'',998 );
INSERT INTO C_PP VALUES ( 998,528,170,'current_rate','',0,'',0 );
INSERT INTO C_PP VALUES ( 686,150,170,'systolic_period','The systolic period is the duration of time between diastolic and systolic pulses.',0,'',695 );
INSERT INTO C_PP VALUES ( 695,150,170,'diastolic_period','The diastolic period is the duration of time between systolic and diastolic pulses.',0,'',0 );
INSERT INTO C_IR VALUES ( 131,132,0,130 );
INSERT INTO C_IR VALUES ( 154,155,0,153 );
INSERT INTO C_IR VALUES ( 525,526,0,524 );
INSERT INTO C_IR VALUES ( 532,155,533,531 );
INSERT INTO C_IR VALUES ( 647,132,648,646 );
INSERT INTO C_IR VALUES ( 711,526,0,710 );
INSERT INTO C_IR VALUES ( 967,132,0,966 );
INSERT INTO C_IR VALUES ( 984,155,0,983 );
INSERT INTO C_DG VALUES ( 648,'-> pacemaker::to_heart::synchronization' );
INSERT INTO C_DG VALUES ( 533,'-> hostmonitor::host::host' );
INSERT INTO C_PO VALUES ( 130,129,'out_to_body',0,0 );
INSERT INTO C_PO VALUES ( 153,129,'host',0,0 );
INSERT INTO C_PO VALUES ( 524,523,'monitor',0,0 );
INSERT INTO C_PO VALUES ( 531,523,'host',0,0 );
INSERT INTO C_PO VALUES ( 646,645,'to_heart',0,0 );
INSERT INTO C_PO VALUES ( 710,645,'monitor',0,0 );
INSERT INTO C_PO VALUES ( 966,965,'to_heart',0,0 );
INSERT INTO C_PO VALUES ( 983,965,'host',0,0 );
INSERT INTO C_RID VALUES ( 967,648 );
INSERT INTO C_RID VALUES ( 984,533 );
INSERT INTO SPR_REP VALUES ( 133,134,131 );
INSERT INTO SPR_REP VALUES ( 137,138,131 );
INSERT INTO SPR_REP VALUES ( 141,142,131 );
INSERT INTO SPR_REP VALUES ( 145,146,131 );
INSERT INTO SPR_REP VALUES ( 149,150,131 );
INSERT INTO SPR_REP VALUES ( 156,157,154 );
INSERT INTO SPR_REP VALUES ( 160,161,154 );
INSERT INTO SPR_REP VALUES ( 527,528,525 );
INSERT INTO SPR_PEP VALUES ( 534,157,532 );
INSERT INTO SPR_PEP VALUES ( 537,161,532 );
INSERT INTO SPR_PEP VALUES ( 649,134,647 );
INSERT INTO SPR_PEP VALUES ( 652,138,647 );
INSERT INTO SPR_PEP VALUES ( 655,142,647 );
INSERT INTO SPR_PEP VALUES ( 658,146,647 );
INSERT INTO SPR_PEP VALUES ( 661,150,647 );
INSERT INTO SPR_PEP VALUES ( 712,528,711 );
INSERT INTO SPR_PEP VALUES ( 968,134,967 );
INSERT INTO SPR_PEP VALUES ( 971,138,967 );
INSERT INTO SPR_PEP VALUES ( 974,142,967 );
INSERT INTO SPR_PEP VALUES ( 977,146,967 );
INSERT INTO SPR_PEP VALUES ( 980,150,967 );
INSERT INTO SPR_PEP VALUES ( 622,157,984 );
INSERT INTO SPR_PEP VALUES ( 624,161,984 );
INSERT INTO SPR_RO VALUES ( 149,'init','','',1 );
INSERT INTO SPR_RS VALUES ( 133,'systolic_pulse','','',1 );
INSERT INTO SPR_RS VALUES ( 137,'diastolic_pulse','','',1 );
INSERT INTO SPR_RS VALUES ( 141,'systolic_pace','','',1 );
INSERT INTO SPR_RS VALUES ( 145,'diastolic_pace','','',1 );
INSERT INTO SPR_RS VALUES ( 156,'breath_taken','','',1 );
INSERT INTO SPR_RS VALUES ( 160,'current_temp','','',1 );
INSERT INTO SPR_RS VALUES ( 527,'increased_activty','','',1 );
INSERT INTO SPR_PO VALUES ( 661,'init','','// Initialize by creating the pacer instance and setting its attribute values.
create object instance pacer of PACER;
pacer.systolic_tolerance = 25;   // percent
pacer.diastolic_tolerance = 25;  // percent
pacer.cycle_count = 0;

// Compute the timeouts using the period and tolerance
pacer.systolic_timeout = param.systolic_period + (param.systolic_period * pacer.systolic_tolerance/100);
pacer.diastolic_timeout = param.diastolic_period + (param.diastolic_period * pacer.diastolic_tolerance/100);',1 );
INSERT INTO SPR_PO VALUES ( 980,'init','','',1 );
INSERT INTO SPR_PS VALUES ( 534,'breath_taken','','',1 );
INSERT INTO SPR_PS VALUES ( 537,'current_temp','','',1 );
INSERT INTO SPR_PS VALUES ( 649,'systolic_pulse','','',1 );
INSERT INTO SPR_PS VALUES ( 652,'diastolic_pulse','','',1 );
INSERT INTO SPR_PS VALUES ( 655,'systolic_pace','','',1 );
INSERT INTO SPR_PS VALUES ( 658,'diastolic_pace','','',1 );
INSERT INTO SPR_PS VALUES ( 712,'increased_activty','','',1 );
INSERT INTO SPR_PS VALUES ( 968,'systolic_pulse','','',1 );
INSERT INTO SPR_PS VALUES ( 971,'diastolic_pulse','','',1 );
INSERT INTO SPR_PS VALUES ( 974,'systolic_pace','','',1 );
INSERT INTO SPR_PS VALUES ( 977,'diastolic_pace','','',1 );
INSERT INTO SPR_PS VALUES ( 622,'breath_taken','','',1 );
INSERT INTO SPR_PS VALUES ( 624,'current_temp','','',1 );
INSERT INTO CL_IPINS VALUES ( 992,991 );
INSERT INTO CL_IPINS VALUES ( 1002,1005 );
INSERT INTO CL_IP VALUES ( 990,'synchronization','' );
INSERT INTO CL_IP VALUES ( 991,'monitor','' );
INSERT INTO CL_IP VALUES ( 995,'host','' );
INSERT INTO CL_IP VALUES ( 1005,'synchronization','' );
INSERT INTO CL_IP VALUES ( 1006,'host','' );
INSERT INTO CL_IR VALUES ( 994,992,'monitor','' );
INSERT INTO CL_IR VALUES ( 1001,1002,'synchronization','' );
INSERT INTO CL_IR VALUES ( 1003,0,'host','' );
INSERT INTO CL_IIR VALUES ( 990,647,989,648,'synchronization','' );
INSERT INTO CL_IIR VALUES ( 991,711,989,0,'monitor','' );
INSERT INTO CL_IIR VALUES ( 994,525,993,0,'monitor','' );
INSERT INTO CL_IIR VALUES ( 995,532,993,533,'host','' );
INSERT INTO CL_IIR VALUES ( 1001,131,1000,0,'synchronization','' );
INSERT INTO CL_IIR VALUES ( 1003,154,1000,0,'host','' );
INSERT INTO CL_IIR VALUES ( 1005,967,1004,0,'synchronization','' );
INSERT INTO CL_IIR VALUES ( 1006,984,1004,0,'host','' );
INSERT INTO CL_IC VALUES ( 989,645,0,0,0,'','avpace::library::pacemaker','' );
INSERT INTO CL_IC VALUES ( 993,523,0,0,0,'','avpace::library::hostmonitor','' );
INSERT INTO CL_IC VALUES ( 1000,129,0,0,0,'','avpace::library::heart','' );
INSERT INTO CL_IC VALUES ( 1004,965,0,0,0,'','avpace::library::pacer','' );
INSERT INTO SM_SM VALUES ( 313,'',0 );
INSERT INTO SM_SM VALUES ( 377,'',0 );
INSERT INTO SM_SM VALUES ( 457,'',0 );
INSERT INTO SM_SM VALUES ( 545,'',0 );
INSERT INTO SM_SM VALUES ( 620,'',0 );
INSERT INTO SM_SM VALUES ( 790,'',0 );
INSERT INTO SM_SM VALUES ( 930,'',0 );
INSERT INTO SM_STATE VALUES ( 319,313,0,'atrial systole',5,0 );
INSERT INTO SM_STATE VALUES ( 326,313,0,'ventricular systole',2,0 );
INSERT INTO SM_STATE VALUES ( 330,313,0,'atrial diastole',3,0 );
INSERT INTO SM_STATE VALUES ( 337,313,0,'ventricular diastole',4,0 );
INSERT INTO SM_STATE VALUES ( 341,313,0,'born',1,0 );
INSERT INTO SM_STATE VALUES ( 380,377,0,'receiving paces',1,0 );
INSERT INTO SM_STATE VALUES ( 459,457,0,'pulsing systolic',3,0 );
INSERT INTO SM_STATE VALUES ( 488,457,0,'pulsing diastolic',1,0 );
INSERT INTO SM_STATE VALUES ( 548,545,0,'Polling monitors',1,0 );
INSERT INTO SM_STATE VALUES ( 594,545,0,'Notifying of increased activity',2,0 );
INSERT INTO SM_STATE VALUES ( 625,620,0,'listening to host events',1,0 );
INSERT INTO SM_STATE VALUES ( 798,790,0,'syncing',1,0 );
INSERT INTO SM_STATE VALUES ( 802,790,0,'listening for systolic pulse',2,0 );
INSERT INTO SM_STATE VALUES ( 844,790,0,'listening for diastolic pulse',3,0 );
INSERT INTO SM_STATE VALUES ( 871,790,0,'Increasing rate',4,0 );
INSERT INTO SM_STATE VALUES ( 934,930,0,'monitoring host',1,0 );
INSERT INTO SM_EVT VALUES ( 314,313,0,1,'done',0,'','HEART1','' );
INSERT INTO SM_EVT VALUES ( 315,313,0,2,'diastolic_pace',0,'','HEART2','' );
INSERT INTO SM_EVT VALUES ( 316,313,0,3,'systolic_pace',0,'','HEART3','' );
INSERT INTO SM_EVT VALUES ( 317,313,0,4,'diastolic_pulse',0,'','HEART4','' );
INSERT INTO SM_EVT VALUES ( 318,313,0,5,'systolic_pulse',0,'','HEART5','' );
INSERT INTO SM_EVT VALUES ( 378,377,0,1,'diastolic_pace',0,'','out_to_body::diastolic_pace','' );
INSERT INTO SM_EVT VALUES ( 379,377,0,2,'systolic_pace',0,'','out_to_body::systolic_pace','' );
INSERT INTO SM_EVT VALUES ( 458,457,0,1,'pop',0,'','SINUS_NODE1','' );
INSERT INTO SM_EVT VALUES ( 272,457,0,2,'period',0,'','SINUS_NODE2','' );
INSERT INTO SM_EVT VALUES ( 546,545,0,1,'poll',0,'','HM1','' );
INSERT INTO SM_EVT VALUES ( 547,545,0,2,'increasedActivity',0,'','HM2','' );
INSERT INTO SM_EVT VALUES ( 621,620,0,1,'breath_taken',0,'','host::breath_taken','' );
INSERT INTO SM_EVT VALUES ( 623,620,0,2,'current_temp',0,'','host::current_temp','' );
INSERT INTO SM_EVT VALUES ( 794,790,0,1,'systolic_pulse',0,'','PACER1','' );
INSERT INTO SM_EVT VALUES ( 795,790,0,2,'diastolic_pulse',0,'','PACER2','' );
INSERT INTO SM_EVT VALUES ( 796,790,0,3,'timeout',0,'','PACER3','' );
INSERT INTO SM_EVT VALUES ( 792,790,0,4,'increased_activity',0,'','PACER4','' );
INSERT INTO SM_EVT VALUES ( 797,790,0,5,'rate_increased',0,'','PACER5','' );
INSERT INTO SM_EVT VALUES ( 931,930,0,3,'diastolic_pulse',0,'','to_heart::diastolic_pulse','' );
INSERT INTO SM_EVT VALUES ( 932,930,0,4,'systolic_pulse',0,'','to_heart::systolic_pulse','' );
INSERT INTO SM_EVT VALUES ( 933,930,0,5,'increased_activty',0,'','monitor::increased_activty','' );
INSERT INTO SM_SEME VALUES ( 319,314,313,0 );
INSERT INTO SM_SEME VALUES ( 319,315,313,0 );
INSERT INTO SM_SEME VALUES ( 319,316,313,0 );
INSERT INTO SM_SEME VALUES ( 319,317,313,0 );
INSERT INTO SM_SEME VALUES ( 319,318,313,0 );
INSERT INTO SM_SEME VALUES ( 326,314,313,0 );
INSERT INTO SM_SEME VALUES ( 326,315,313,0 );
INSERT INTO SM_SEME VALUES ( 326,316,313,0 );
INSERT INTO SM_SEME VALUES ( 326,317,313,0 );
INSERT INTO SM_SEME VALUES ( 326,318,313,0 );
INSERT INTO SM_SEME VALUES ( 330,314,313,0 );
INSERT INTO SM_SEME VALUES ( 330,315,313,0 );
INSERT INTO SM_SEME VALUES ( 330,316,313,0 );
INSERT INTO SM_SEME VALUES ( 330,317,313,0 );
INSERT INTO SM_SEME VALUES ( 330,318,313,0 );
INSERT INTO SM_SEME VALUES ( 337,314,313,0 );
INSERT INTO SM_SEME VALUES ( 337,315,313,0 );
INSERT INTO SM_SEME VALUES ( 337,316,313,0 );
INSERT INTO SM_SEME VALUES ( 337,317,313,0 );
INSERT INTO SM_SEME VALUES ( 337,318,313,0 );
INSERT INTO SM_SEME VALUES ( 341,314,313,0 );
INSERT INTO SM_SEME VALUES ( 341,315,313,0 );
INSERT INTO SM_SEME VALUES ( 341,316,313,0 );
INSERT INTO SM_SEME VALUES ( 341,317,313,0 );
INSERT INTO SM_SEME VALUES ( 341,318,313,0 );
INSERT INTO SM_SEME VALUES ( 380,378,377,0 );
INSERT INTO SM_SEME VALUES ( 380,379,377,0 );
INSERT INTO SM_SEME VALUES ( 459,458,457,0 );
INSERT INTO SM_SEME VALUES ( 459,272,457,0 );
INSERT INTO SM_SEME VALUES ( 488,458,457,0 );
INSERT INTO SM_SEME VALUES ( 488,272,457,0 );
INSERT INTO SM_SEME VALUES ( 548,546,545,0 );
INSERT INTO SM_SEME VALUES ( 548,547,545,0 );
INSERT INTO SM_SEME VALUES ( 594,546,545,0 );
INSERT INTO SM_SEME VALUES ( 594,547,545,0 );
INSERT INTO SM_SEME VALUES ( 625,621,620,0 );
INSERT INTO SM_SEME VALUES ( 625,623,620,0 );
INSERT INTO SM_SEME VALUES ( 798,794,790,0 );
INSERT INTO SM_SEME VALUES ( 798,795,790,0 );
INSERT INTO SM_SEME VALUES ( 798,796,790,0 );
INSERT INTO SM_SEME VALUES ( 798,792,790,0 );
INSERT INTO SM_SEME VALUES ( 798,797,790,0 );
INSERT INTO SM_SEME VALUES ( 802,794,790,0 );
INSERT INTO SM_SEME VALUES ( 802,795,790,0 );
INSERT INTO SM_SEME VALUES ( 802,796,790,0 );
INSERT INTO SM_SEME VALUES ( 802,792,790,0 );
INSERT INTO SM_SEME VALUES ( 802,797,790,0 );
INSERT INTO SM_SEME VALUES ( 844,794,790,0 );
INSERT INTO SM_SEME VALUES ( 844,795,790,0 );
INSERT INTO SM_SEME VALUES ( 844,796,790,0 );
INSERT INTO SM_SEME VALUES ( 844,792,790,0 );
INSERT INTO SM_SEME VALUES ( 844,797,790,0 );
INSERT INTO SM_SEME VALUES ( 871,794,790,0 );
INSERT INTO SM_SEME VALUES ( 871,795,790,0 );
INSERT INTO SM_SEME VALUES ( 871,796,790,0 );
INSERT INTO SM_SEME VALUES ( 871,792,790,0 );
INSERT INTO SM_SEME VALUES ( 871,797,790,0 );
INSERT INTO SM_SEME VALUES ( 934,931,930,0 );
INSERT INTO SM_SEME VALUES ( 934,932,930,0 );
INSERT INTO SM_SEME VALUES ( 934,933,930,0 );
INSERT INTO SM_NSTXN VALUES ( 345,313,319,314,0 );
INSERT INTO SM_NSTXN VALUES ( 349,313,326,317,0 );
INSERT INTO SM_NSTXN VALUES ( 353,313,330,314,0 );
INSERT INTO SM_NSTXN VALUES ( 357,313,337,318,0 );
INSERT INTO SM_NSTXN VALUES ( 361,313,337,316,0 );
INSERT INTO SM_NSTXN VALUES ( 365,313,326,315,0 );
INSERT INTO SM_NSTXN VALUES ( 369,313,341,318,0 );
INSERT INTO SM_NSTXN VALUES ( 373,313,341,317,0 );
INSERT INTO SM_NSTXN VALUES ( 384,377,380,378,0 );
INSERT INTO SM_NSTXN VALUES ( 393,377,380,379,0 );
INSERT INTO SM_NSTXN VALUES ( 515,457,459,458,0 );
INSERT INTO SM_NSTXN VALUES ( 519,457,488,272,0 );
INSERT INTO SM_NSTXN VALUES ( 608,545,548,546,0 );
INSERT INTO SM_NSTXN VALUES ( 612,545,548,547,0 );
INSERT INTO SM_NSTXN VALUES ( 616,545,594,546,0 );
INSERT INTO SM_NSTXN VALUES ( 629,620,625,621,0 );
INSERT INTO SM_NSTXN VALUES ( 633,620,625,623,0 );
INSERT INTO SM_NSTXN VALUES ( 896,790,802,794,0 );
INSERT INTO SM_NSTXN VALUES ( 900,790,844,795,0 );
INSERT INTO SM_NSTXN VALUES ( 904,790,798,795,0 );
INSERT INTO SM_NSTXN VALUES ( 908,790,798,794,0 );
INSERT INTO SM_NSTXN VALUES ( 912,790,844,796,0 );
INSERT INTO SM_NSTXN VALUES ( 917,790,802,796,0 );
INSERT INTO SM_NSTXN VALUES ( 922,790,871,797,0 );
INSERT INTO SM_NSTXN VALUES ( 926,790,798,792,0 );
INSERT INTO SM_NSTXN VALUES ( 938,930,934,931,0 );
INSERT INTO SM_NSTXN VALUES ( 947,930,934,932,0 );
INSERT INTO SM_NSTXN VALUES ( 956,930,934,933,0 );
INSERT INTO SM_EIGN VALUES ( 326,314,313,0,'' );
INSERT INTO SM_CH VALUES ( 319,315,313,0,'' );
INSERT INTO SM_CH VALUES ( 319,316,313,0,'' );
INSERT INTO SM_CH VALUES ( 319,317,313,0,'' );
INSERT INTO SM_CH VALUES ( 319,318,313,0,'' );
INSERT INTO SM_CH VALUES ( 326,316,313,0,'' );
INSERT INTO SM_CH VALUES ( 326,318,313,0,'' );
INSERT INTO SM_CH VALUES ( 330,315,313,0,'' );
INSERT INTO SM_CH VALUES ( 330,316,313,0,'' );
INSERT INTO SM_CH VALUES ( 330,317,313,0,'' );
INSERT INTO SM_CH VALUES ( 330,318,313,0,'' );
INSERT INTO SM_CH VALUES ( 337,314,313,0,'' );
INSERT INTO SM_CH VALUES ( 337,315,313,0,'' );
INSERT INTO SM_CH VALUES ( 337,317,313,0,'' );
INSERT INTO SM_CH VALUES ( 341,314,313,0,'' );
INSERT INTO SM_CH VALUES ( 341,315,313,0,'' );
INSERT INTO SM_CH VALUES ( 341,316,313,0,'' );
INSERT INTO SM_CH VALUES ( 459,272,457,0,'' );
INSERT INTO SM_CH VALUES ( 488,458,457,0,'' );
INSERT INTO SM_CH VALUES ( 594,547,545,0,'' );
INSERT INTO SM_CH VALUES ( 798,796,790,0,'' );
INSERT INTO SM_CH VALUES ( 798,797,790,0,'' );
INSERT INTO SM_CH VALUES ( 802,795,790,0,'' );
INSERT INTO SM_CH VALUES ( 802,792,790,0,'' );
INSERT INTO SM_CH VALUES ( 802,797,790,0,'' );
INSERT INTO SM_CH VALUES ( 844,794,790,0,'' );
INSERT INTO SM_CH VALUES ( 844,792,790,0,'' );
INSERT INTO SM_CH VALUES ( 844,797,790,0,'' );
INSERT INTO SM_CH VALUES ( 871,794,790,0,'' );
INSERT INTO SM_CH VALUES ( 871,795,790,0,'' );
INSERT INTO SM_CH VALUES ( 871,796,790,0,'' );
INSERT INTO SM_CH VALUES ( 871,792,790,0,'' );
INSERT INTO SM_TXN VALUES ( 345,313,326,0 );
INSERT INTO SM_TXN VALUES ( 349,313,330,0 );
INSERT INTO SM_TXN VALUES ( 353,313,337,0 );
INSERT INTO SM_TXN VALUES ( 357,313,319,0 );
INSERT INTO SM_TXN VALUES ( 361,313,319,0 );
INSERT INTO SM_TXN VALUES ( 365,313,330,0 );
INSERT INTO SM_TXN VALUES ( 369,313,319,0 );
INSERT INTO SM_TXN VALUES ( 373,313,330,0 );
INSERT INTO SM_TXN VALUES ( 384,377,380,0 );
INSERT INTO SM_TXN VALUES ( 393,377,380,0 );
INSERT INTO SM_TXN VALUES ( 515,457,488,0 );
INSERT INTO SM_TXN VALUES ( 519,457,459,0 );
INSERT INTO SM_TXN VALUES ( 608,545,548,0 );
INSERT INTO SM_TXN VALUES ( 612,545,594,0 );
INSERT INTO SM_TXN VALUES ( 616,545,548,0 );
INSERT INTO SM_TXN VALUES ( 629,620,625,0 );
INSERT INTO SM_TXN VALUES ( 633,620,625,0 );
INSERT INTO SM_TXN VALUES ( 896,790,844,0 );
INSERT INTO SM_TXN VALUES ( 900,790,802,0 );
INSERT INTO SM_TXN VALUES ( 904,790,802,0 );
INSERT INTO SM_TXN VALUES ( 908,790,844,0 );
INSERT INTO SM_TXN VALUES ( 912,790,798,0 );
INSERT INTO SM_TXN VALUES ( 917,790,798,0 );
INSERT INTO SM_TXN VALUES ( 922,790,798,0 );
INSERT INTO SM_TXN VALUES ( 926,790,871,0 );
INSERT INTO SM_TXN VALUES ( 938,930,934,0 );
INSERT INTO SM_TXN VALUES ( 947,930,934,0 );
INSERT INTO SM_TXN VALUES ( 956,930,934,0 );
INSERT INTO SM_MOORE VALUES ( 313 );
INSERT INTO SM_MOORE VALUES ( 377 );
INSERT INTO SM_MOORE VALUES ( 457 );
INSERT INTO SM_MOORE VALUES ( 545 );
INSERT INTO SM_MOORE VALUES ( 620 );
INSERT INTO SM_MOORE VALUES ( 790 );
INSERT INTO SM_MOORE VALUES ( 930 );
INSERT INTO SM_MOAH VALUES ( 320,313,319 );
INSERT INTO SM_MOAH VALUES ( 327,313,326 );
INSERT INTO SM_MOAH VALUES ( 331,313,330 );
INSERT INTO SM_MOAH VALUES ( 338,313,337 );
INSERT INTO SM_MOAH VALUES ( 342,313,341 );
INSERT INTO SM_MOAH VALUES ( 381,377,380 );
INSERT INTO SM_MOAH VALUES ( 460,457,459 );
INSERT INTO SM_MOAH VALUES ( 489,457,488 );
INSERT INTO SM_MOAH VALUES ( 549,545,548 );
INSERT INTO SM_MOAH VALUES ( 595,545,594 );
INSERT INTO SM_MOAH VALUES ( 626,620,625 );
INSERT INTO SM_MOAH VALUES ( 799,790,798 );
INSERT INTO SM_MOAH VALUES ( 803,790,802 );
INSERT INTO SM_MOAH VALUES ( 845,790,844 );
INSERT INTO SM_MOAH VALUES ( 872,790,871 );
INSERT INTO SM_MOAH VALUES ( 935,930,934 );
INSERT INTO SM_AH VALUES ( 320,313 );
INSERT INTO SM_AH VALUES ( 327,313 );
INSERT INTO SM_AH VALUES ( 331,313 );
INSERT INTO SM_AH VALUES ( 338,313 );
INSERT INTO SM_AH VALUES ( 342,313 );
INSERT INTO SM_AH VALUES ( 346,313 );
INSERT INTO SM_AH VALUES ( 350,313 );
INSERT INTO SM_AH VALUES ( 354,313 );
INSERT INTO SM_AH VALUES ( 358,313 );
INSERT INTO SM_AH VALUES ( 362,313 );
INSERT INTO SM_AH VALUES ( 366,313 );
INSERT INTO SM_AH VALUES ( 370,313 );
INSERT INTO SM_AH VALUES ( 374,313 );
INSERT INTO SM_AH VALUES ( 381,377 );
INSERT INTO SM_AH VALUES ( 385,377 );
INSERT INTO SM_AH VALUES ( 394,377 );
INSERT INTO SM_AH VALUES ( 460,457 );
INSERT INTO SM_AH VALUES ( 489,457 );
INSERT INTO SM_AH VALUES ( 516,457 );
INSERT INTO SM_AH VALUES ( 520,457 );
INSERT INTO SM_AH VALUES ( 549,545 );
INSERT INTO SM_AH VALUES ( 595,545 );
INSERT INTO SM_AH VALUES ( 609,545 );
INSERT INTO SM_AH VALUES ( 613,545 );
INSERT INTO SM_AH VALUES ( 617,545 );
INSERT INTO SM_AH VALUES ( 626,620 );
INSERT INTO SM_AH VALUES ( 630,620 );
INSERT INTO SM_AH VALUES ( 634,620 );
INSERT INTO SM_AH VALUES ( 799,790 );
INSERT INTO SM_AH VALUES ( 803,790 );
INSERT INTO SM_AH VALUES ( 845,790 );
INSERT INTO SM_AH VALUES ( 872,790 );
INSERT INTO SM_AH VALUES ( 897,790 );
INSERT INTO SM_AH VALUES ( 901,790 );
INSERT INTO SM_AH VALUES ( 905,790 );
INSERT INTO SM_AH VALUES ( 909,790 );
INSERT INTO SM_AH VALUES ( 913,790 );
INSERT INTO SM_AH VALUES ( 918,790 );
INSERT INTO SM_AH VALUES ( 923,790 );
INSERT INTO SM_AH VALUES ( 927,790 );
INSERT INTO SM_AH VALUES ( 935,930 );
INSERT INTO SM_AH VALUES ( 939,930 );
INSERT INTO SM_AH VALUES ( 948,930 );
INSERT INTO SM_AH VALUES ( 957,930 );
INSERT INTO SM_ACT VALUES ( 320,313,1,'generate HEART1:done() to self;','' );
INSERT INTO SM_ACT VALUES ( 327,313,1,'','' );
INSERT INTO SM_ACT VALUES ( 331,313,1,'generate HEART1:done() to self;','' );
INSERT INTO SM_ACT VALUES ( 338,313,1,'','' );
INSERT INTO SM_ACT VALUES ( 342,313,1,'','' );
INSERT INTO SM_ACT VALUES ( 346,313,1,'','' );
INSERT INTO SM_ACT VALUES ( 350,313,1,'','' );
INSERT INTO SM_ACT VALUES ( 354,313,1,'','' );
INSERT INTO SM_ACT VALUES ( 358,313,1,'','' );
INSERT INTO SM_ACT VALUES ( 362,313,1,'','' );
INSERT INTO SM_ACT VALUES ( 366,313,1,'','' );
INSERT INTO SM_ACT VALUES ( 370,313,1,'','' );
INSERT INTO SM_ACT VALUES ( 374,313,1,'','' );
INSERT INTO SM_ACT VALUES ( 381,377,1,'','' );
INSERT INTO SM_ACT VALUES ( 385,377,1,'select any heart from instances of HEART;
generate HEART2:diastolic_pace() to heart;','' );
INSERT INTO SM_ACT VALUES ( 394,377,1,'select any heart from instances of HEART;
generate HEART3:systolic_pace() to heart;','' );
INSERT INTO SM_ACT VALUES ( 460,457,1,'// Tell the upper heart to pulse.
select one heart related by self->HEART[R1];
generate HEART5:systolic_pulse() to heart;
// Let the rest of the body "hear" the pulse.
send out_to_body::systolic_pulse();
// Set a timer for the systolic period.
create event instance e of SINUS_NODE1:pop() to self;
t = TIM::timer_start( microseconds:self.diastolic_period, event_inst:e );

self.log_and_adjust();
','' );
INSERT INTO SM_ACT VALUES ( 489,457,1,'// Pulse the heart to relax.
select one heart related by self->HEART[R1];
generate HEART4:diastolic_pulse() to heart;
// Let the rest of the body "hear" the pulse.
send out_to_body::diastolic_pulse();
// Set a timer for the diastolic period.
create event instance e of SINUS_NODE2:period() to self;
t = TIM::timer_start( microseconds:self.systolic_period, event_inst:e );
','' );
INSERT INTO SM_ACT VALUES ( 516,457,1,'','' );
INSERT INTO SM_ACT VALUES ( 520,457,1,'','' );
INSERT INTO SM_ACT VALUES ( 549,545,1,'select one tm related by self->TM[R2];
self.lastTemp = tm.getCurrentTemp();
select one rm related by self->RM[R3];
self.lastRate = rm.getCurrentRate();
if(self.lastTemp > 37.5 or self.lastRate > 18)
  generate HM2 to self;
end if;
generate HM1 to self;','' );
INSERT INTO SM_ACT VALUES ( 595,545,1,'send monitor::increased_activty(current_temp:self.lastTemp,
                                                    current_rate:self.lastRate);
generate HM1 to self;','' );
INSERT INTO SM_ACT VALUES ( 609,545,1,'','' );
INSERT INTO SM_ACT VALUES ( 613,545,1,'','' );
INSERT INTO SM_ACT VALUES ( 617,545,1,'','' );
INSERT INTO SM_ACT VALUES ( 626,620,1,'','' );
INSERT INTO SM_ACT VALUES ( 630,620,1,'','' );
INSERT INTO SM_ACT VALUES ( 634,620,1,'','' );
INSERT INTO SM_ACT VALUES ( 799,790,1,'','' );
INSERT INTO SM_ACT VALUES ( 803,790,1,'// Cancel existing timeout timer
existed = TIM::timer_cancel(timer_inst_ref:self.timeout_timer);

// Set up the timeout timer
create event instance timeout of PACER3:''timeout'' to self;
self.timeout_timer = TIM::timer_start(microseconds:self.systolic_timeout,
                                                            event_inst:timeout);

self.cycle_count = self.cycle_count + 1;
LOG::LogInfo( message:"cycle count" );
LOG::LogInteger( message:self.cycle_count );
','' );
INSERT INTO SM_ACT VALUES ( 845,790,1,'// Cancel existing timeout timer
existed = TIM::timer_cancel(timer_inst_ref:self.timeout_timer);

// Set up the timeout timer
create event instance timeout of PACER3:''timeout'' to self;
self.timeout_timer=TIM::timer_start(microseconds:self.diastolic_timeout,
                                                            event_inst:timeout);
','' );
INSERT INTO SM_ACT VALUES ( 872,790,1,'// calculate an increased rate based on the blood temperature
// and the current respiratory rate
self.systolic_timeout = self.systolic_timeout + 1;
self.diastolic_timeout = self.diastolic_timeout + 1;
generate PACER5 to self;','' );
INSERT INTO SM_ACT VALUES ( 897,790,1,'','' );
INSERT INTO SM_ACT VALUES ( 901,790,1,'','' );
INSERT INTO SM_ACT VALUES ( 905,790,1,'','' );
INSERT INTO SM_ACT VALUES ( 909,790,1,'','' );
INSERT INTO SM_ACT VALUES ( 913,790,1,'send to_heart::diastolic_pace();','' );
INSERT INTO SM_ACT VALUES ( 918,790,1,'send to_heart::systolic_pace();','' );
INSERT INTO SM_ACT VALUES ( 923,790,1,'','' );
INSERT INTO SM_ACT VALUES ( 927,790,1,'','' );
INSERT INTO SM_ACT VALUES ( 935,930,1,'','' );
INSERT INTO SM_ACT VALUES ( 939,930,1,'// Redirect signal from heart to become event to pacer.
select any pacer from instances of PACER;
generate PACER2:diastolic_pulse() to pacer;
','' );
INSERT INTO SM_ACT VALUES ( 948,930,1,'// Redirect signal from heart to become event to pacer.
select any pacer from instances of PACER;
generate PACER1:systolic_pulse() to pacer;
','' );
INSERT INTO SM_ACT VALUES ( 957,930,1,'// Redirect signal from monitor to become event to pacer.
select any pacer from instances of PACER;
generate PACER5:rate_increased() to pacer;
','' );
INSERT INTO SM_EVTDI VALUES ( 791,790,'blood_temp','',170,'',792,0 );
INSERT INTO SM_EVTDI VALUES ( 793,790,'respiratory_rate','',170,'',792,791 );
INSERT INTO SM_ISM VALUES ( 313,254 );
INSERT INTO SM_ISM VALUES ( 457,257 );
INSERT INTO SM_ISM VALUES ( 545,115 );
INSERT INTO SM_ISM VALUES ( 790,63 );
INSERT INTO SM_ASM VALUES ( 377,254 );
INSERT INTO SM_ASM VALUES ( 620,115 );
INSERT INTO SM_ASM VALUES ( 930,63 );
INSERT INTO SM_SEVT VALUES ( 314,313,0 );
INSERT INTO SM_SEVT VALUES ( 315,313,0 );
INSERT INTO SM_SEVT VALUES ( 316,313,0 );
INSERT INTO SM_SEVT VALUES ( 317,313,0 );
INSERT INTO SM_SEVT VALUES ( 318,313,0 );
INSERT INTO SM_SEVT VALUES ( 378,377,0 );
INSERT INTO SM_SEVT VALUES ( 379,377,0 );
INSERT INTO SM_SEVT VALUES ( 458,457,0 );
INSERT INTO SM_SEVT VALUES ( 272,457,0 );
INSERT INTO SM_SEVT VALUES ( 546,545,0 );
INSERT INTO SM_SEVT VALUES ( 547,545,0 );
INSERT INTO SM_SEVT VALUES ( 621,620,0 );
INSERT INTO SM_SEVT VALUES ( 623,620,0 );
INSERT INTO SM_SEVT VALUES ( 794,790,0 );
INSERT INTO SM_SEVT VALUES ( 795,790,0 );
INSERT INTO SM_SEVT VALUES ( 796,790,0 );
INSERT INTO SM_SEVT VALUES ( 792,790,0 );
INSERT INTO SM_SEVT VALUES ( 797,790,0 );
INSERT INTO SM_SEVT VALUES ( 931,930,0 );
INSERT INTO SM_SEVT VALUES ( 932,930,0 );
INSERT INTO SM_SEVT VALUES ( 933,930,0 );
INSERT INTO SM_LEVT VALUES ( 314,313,0 );
INSERT INTO SM_LEVT VALUES ( 315,313,0 );
INSERT INTO SM_LEVT VALUES ( 316,313,0 );
INSERT INTO SM_LEVT VALUES ( 317,313,0 );
INSERT INTO SM_LEVT VALUES ( 318,313,0 );
INSERT INTO SM_LEVT VALUES ( 458,457,0 );
INSERT INTO SM_LEVT VALUES ( 272,457,0 );
INSERT INTO SM_LEVT VALUES ( 546,545,0 );
INSERT INTO SM_LEVT VALUES ( 547,545,0 );
INSERT INTO SM_LEVT VALUES ( 794,790,0 );
INSERT INTO SM_LEVT VALUES ( 795,790,0 );
INSERT INTO SM_LEVT VALUES ( 796,790,0 );
INSERT INTO SM_LEVT VALUES ( 792,790,0 );
INSERT INTO SM_LEVT VALUES ( 797,790,0 );
INSERT INTO SM_SGEVT VALUES ( 378,377,0,0,145,'out_to_body::diastolic_pace' );
INSERT INTO SM_SGEVT VALUES ( 379,377,0,0,141,'out_to_body::systolic_pace' );
INSERT INTO SM_SGEVT VALUES ( 621,620,0,622,0,'host::breath_taken' );
INSERT INTO SM_SGEVT VALUES ( 623,620,0,624,0,'host::current_temp' );
INSERT INTO SM_SGEVT VALUES ( 931,930,0,652,0,'to_heart::diastolic_pulse' );
INSERT INTO SM_SGEVT VALUES ( 932,930,0,649,0,'to_heart::systolic_pulse' );
INSERT INTO SM_SGEVT VALUES ( 933,930,0,712,0,'monitor::increased_activty' );
INSERT INTO SM_TAH VALUES ( 346,313,345 );
INSERT INTO SM_TAH VALUES ( 350,313,349 );
INSERT INTO SM_TAH VALUES ( 354,313,353 );
INSERT INTO SM_TAH VALUES ( 358,313,357 );
INSERT INTO SM_TAH VALUES ( 362,313,361 );
INSERT INTO SM_TAH VALUES ( 366,313,365 );
INSERT INTO SM_TAH VALUES ( 370,313,369 );
INSERT INTO SM_TAH VALUES ( 374,313,373 );
INSERT INTO SM_TAH VALUES ( 385,377,384 );
INSERT INTO SM_TAH VALUES ( 394,377,393 );
INSERT INTO SM_TAH VALUES ( 516,457,515 );
INSERT INTO SM_TAH VALUES ( 520,457,519 );
INSERT INTO SM_TAH VALUES ( 609,545,608 );
INSERT INTO SM_TAH VALUES ( 613,545,612 );
INSERT INTO SM_TAH VALUES ( 617,545,616 );
INSERT INTO SM_TAH VALUES ( 630,620,629 );
INSERT INTO SM_TAH VALUES ( 634,620,633 );
INSERT INTO SM_TAH VALUES ( 897,790,896 );
INSERT INTO SM_TAH VALUES ( 901,790,900 );
INSERT INTO SM_TAH VALUES ( 905,790,904 );
INSERT INTO SM_TAH VALUES ( 909,790,908 );
INSERT INTO SM_TAH VALUES ( 913,790,912 );
INSERT INTO SM_TAH VALUES ( 918,790,917 );
INSERT INTO SM_TAH VALUES ( 923,790,922 );
INSERT INTO SM_TAH VALUES ( 927,790,926 );
INSERT INTO SM_TAH VALUES ( 939,930,938 );
INSERT INTO SM_TAH VALUES ( 948,930,947 );
INSERT INTO SM_TAH VALUES ( 957,930,956 );
INSERT INTO ACT_BLK VALUES ( 136,0,0,0,'','','',0,0,0,0,0,0,0,0,0,0,0,0,0,135,0 );
INSERT INTO ACT_BLK VALUES ( 140,0,0,0,'','','',0,0,0,0,0,0,0,0,0,0,0,0,0,139,0 );
INSERT INTO ACT_BLK VALUES ( 144,0,0,0,'','','',0,0,0,0,0,0,0,0,0,0,0,0,0,143,0 );
INSERT INTO ACT_BLK VALUES ( 148,0,0,0,'','','',0,0,0,0,0,0,0,0,0,0,0,0,0,147,0 );
INSERT INTO ACT_BLK VALUES ( 152,0,0,0,'','','',0,0,0,0,0,0,0,0,0,0,0,0,0,151,0 );
INSERT INTO ACT_BLK VALUES ( 159,0,0,0,'','','',0,0,0,0,0,0,0,0,0,0,0,0,0,158,0 );
INSERT INTO ACT_BLK VALUES ( 163,0,0,0,'','','',0,0,0,0,0,0,0,0,0,0,0,0,0,162,0 );
INSERT INTO ACT_BLK VALUES ( 213,0,0,0,'','','',1,1,0,0,0,0,0,0,0,0,0,0,0,212,0 );
INSERT INTO ACT_BLK VALUES ( 220,0,0,0,'','','',0,0,0,0,0,0,0,0,0,0,0,0,0,219,0 );
INSERT INTO ACT_BLK VALUES ( 224,0,0,0,'','','',0,0,0,0,0,0,0,0,0,0,0,0,0,223,0 );
INSERT INTO ACT_BLK VALUES ( 228,0,0,0,'','','',0,0,0,0,0,0,0,0,0,0,0,0,0,227,0 );
INSERT INTO ACT_BLK VALUES ( 233,0,0,0,'','','',0,0,0,0,0,0,0,0,0,0,0,0,0,232,0 );
INSERT INTO ACT_BLK VALUES ( 238,0,0,0,'','','',0,0,0,0,0,0,0,0,0,0,0,0,0,237,0 );
INSERT INTO ACT_BLK VALUES ( 244,0,0,0,'','','',0,0,0,0,0,0,0,0,0,0,0,0,0,243,0 );
INSERT INTO ACT_BLK VALUES ( 250,0,0,0,'TIM','','',16,1,16,5,0,0,8,30,0,0,0,0,0,249,0 );
INSERT INTO ACT_BLK VALUES ( 322,0,0,0,'V_VAR.Var_ID','','',1,1,0,0,0,0,0,0,0,0,0,0,0,321,0 );
INSERT INTO ACT_BLK VALUES ( 329,0,0,0,'','','',0,0,0,0,0,0,0,0,0,0,0,0,0,328,0 );
INSERT INTO ACT_BLK VALUES ( 333,0,0,0,'V_VAR.Var_ID','','',1,1,0,0,0,0,0,0,0,0,0,0,0,332,0 );
INSERT INTO ACT_BLK VALUES ( 340,0,0,0,'','','',0,0,0,0,0,0,0,0,0,0,0,0,0,339,0 );
INSERT INTO ACT_BLK VALUES ( 344,0,0,0,'','','',0,0,0,0,0,0,0,0,0,0,0,0,0,343,0 );
INSERT INTO ACT_BLK VALUES ( 348,0,0,0,'','','',0,0,0,0,0,0,0,0,0,0,0,0,0,347,0 );
INSERT INTO ACT_BLK VALUES ( 352,0,0,0,'','','',0,0,0,0,0,0,0,0,0,0,0,0,0,351,0 );
INSERT INTO ACT_BLK VALUES ( 356,0,0,0,'','','',0,0,0,0,0,0,0,0,0,0,0,0,0,355,0 );
INSERT INTO ACT_BLK VALUES ( 360,0,0,0,'','','',0,0,0,0,0,0,0,0,0,0,0,0,0,359,0 );
INSERT INTO ACT_BLK VALUES ( 364,0,0,0,'','','',0,0,0,0,0,0,0,0,0,0,0,0,0,363,0 );
INSERT INTO ACT_BLK VALUES ( 368,0,0,0,'','','',0,0,0,0,0,0,0,0,0,0,0,0,0,367,0 );
INSERT INTO ACT_BLK VALUES ( 372,0,0,0,'','','',0,0,0,0,0,0,0,0,0,0,0,0,0,371,0 );
INSERT INTO ACT_BLK VALUES ( 376,0,0,0,'','','',0,0,0,0,0,0,0,0,0,0,0,0,0,375,0 );
INSERT INTO ACT_BLK VALUES ( 383,0,0,0,'','','',0,0,0,0,0,0,0,0,0,0,0,0,0,382,0 );
INSERT INTO ACT_BLK VALUES ( 387,1,0,0,'V_VAR.Var_ID','','',2,1,1,36,0,0,0,0,0,0,0,0,0,386,0 );
INSERT INTO ACT_BLK VALUES ( 396,1,0,0,'V_VAR.Var_ID','','',2,1,1,36,0,0,0,0,0,0,0,0,0,395,0 );
INSERT INTO ACT_BLK VALUES ( 404,0,0,0,'LOG','','',8,1,4,1,0,0,0,0,0,0,0,0,0,403,0 );
INSERT INTO ACT_BLK VALUES ( 410,0,0,0,'','','',6,3,0,0,0,0,0,0,0,0,0,0,0,403,0 );
INSERT INTO ACT_BLK VALUES ( 412,0,0,0,'','','',9,3,0,0,0,0,0,0,0,0,0,0,0,403,0 );
INSERT INTO ACT_BLK VALUES ( 462,1,0,0,'TIM','','',10,1,8,5,0,0,2,41,0,0,0,0,0,461,0 );
INSERT INTO ACT_BLK VALUES ( 491,1,0,0,'TIM','','',8,1,8,5,0,0,2,41,0,0,0,0,0,490,0 );
INSERT INTO ACT_BLK VALUES ( 518,0,0,0,'','','',0,0,0,0,0,0,0,0,0,0,0,0,0,517,0 );
INSERT INTO ACT_BLK VALUES ( 522,0,0,0,'','','',0,0,0,0,0,0,0,0,0,0,0,0,0,521,0 );
INSERT INTO ACT_BLK VALUES ( 530,0,0,0,'','','',0,0,0,0,0,0,0,0,0,0,0,0,0,529,0 );
INSERT INTO ACT_BLK VALUES ( 536,0,0,0,'','','',0,0,0,0,0,0,0,0,0,0,0,0,0,535,0 );
INSERT INTO ACT_BLK VALUES ( 539,0,0,0,'','','',0,0,0,0,0,0,0,0,0,0,0,0,0,538,0 );
INSERT INTO ACT_BLK VALUES ( 551,1,0,0,'V_VAR.Var_ID','','',8,1,3,32,0,0,3,35,0,0,0,0,0,550,0 );
INSERT INTO ACT_BLK VALUES ( 568,0,0,0,'V_VAR.Var_ID','','',6,3,0,0,0,0,0,0,0,0,0,0,0,550,0 );
INSERT INTO ACT_BLK VALUES ( 597,0,0,0,'V_VAR.Var_ID','','',3,1,1,6,0,0,0,0,0,0,0,0,0,596,0 );
INSERT INTO ACT_BLK VALUES ( 611,0,0,0,'','','',0,0,0,0,0,0,0,0,0,0,0,0,0,610,0 );
INSERT INTO ACT_BLK VALUES ( 615,0,0,0,'','','',0,0,0,0,0,0,0,0,0,0,0,0,0,614,0 );
INSERT INTO ACT_BLK VALUES ( 619,0,0,0,'','','',0,0,0,0,0,0,0,0,0,0,0,0,0,618,0 );
INSERT INTO ACT_BLK VALUES ( 628,0,0,0,'','','',0,0,0,0,0,0,0,0,0,0,0,0,0,627,0 );
INSERT INTO ACT_BLK VALUES ( 632,0,0,0,'','','',0,0,0,0,0,0,0,0,0,0,0,0,0,631,0 );
INSERT INTO ACT_BLK VALUES ( 636,0,0,0,'','','',0,0,0,0,0,0,0,0,0,0,0,0,0,635,0 );
INSERT INTO ACT_BLK VALUES ( 638,0,0,0,'','','',1,1,0,0,0,0,0,0,0,0,0,0,0,637,0 );
INSERT INTO ACT_BLK VALUES ( 642,0,0,0,'','','',1,1,0,0,0,0,0,0,0,0,0,0,0,641,0 );
INSERT INTO ACT_BLK VALUES ( 651,0,0,0,'','','',0,0,0,0,0,0,0,0,0,0,0,0,0,650,0 );
INSERT INTO ACT_BLK VALUES ( 654,0,0,0,'','','',0,0,0,0,0,0,0,0,0,0,0,0,0,653,0 );
INSERT INTO ACT_BLK VALUES ( 657,0,0,0,'','','',0,0,0,0,0,0,0,0,0,0,0,0,0,656,0 );
INSERT INTO ACT_BLK VALUES ( 660,0,0,0,'','','',0,0,0,0,0,0,0,0,0,0,0,0,0,659,0 );
INSERT INTO ACT_BLK VALUES ( 663,0,0,0,'','','',9,1,2,33,0,0,0,0,0,0,0,0,0,662,0 );
INSERT INTO ACT_BLK VALUES ( 714,0,0,0,'','','',0,0,0,0,0,0,0,0,0,0,0,0,0,713,0 );
INSERT INTO ACT_BLK VALUES ( 723,0,0,0,'','','',0,0,0,0,0,0,0,0,0,0,0,0,0,722,0 );
INSERT INTO ACT_BLK VALUES ( 728,0,0,0,'','','',0,0,0,0,0,0,0,0,0,0,0,0,0,727,0 );
INSERT INTO ACT_BLK VALUES ( 733,0,0,0,'','','',0,0,0,0,0,0,0,0,0,0,0,0,0,732,0 );
INSERT INTO ACT_BLK VALUES ( 737,0,0,0,'','','',0,0,0,0,0,0,0,0,0,0,0,0,0,736,0 );
INSERT INTO ACT_BLK VALUES ( 741,0,0,0,'','','',0,0,0,0,0,0,0,0,0,0,0,0,0,740,0 );
INSERT INTO ACT_BLK VALUES ( 745,0,0,0,'','','',0,0,0,0,0,0,0,0,0,0,0,0,0,744,0 );
INSERT INTO ACT_BLK VALUES ( 749,0,0,0,'','','',1,1,0,0,0,0,0,0,0,0,0,0,0,748,0 );
INSERT INTO ACT_BLK VALUES ( 801,0,0,0,'','','',0,0,0,0,0,0,0,0,0,0,0,0,0,800,0 );
INSERT INTO ACT_BLK VALUES ( 805,0,0,0,'LOG','','',11,1,11,1,0,0,0,0,0,0,0,0,0,804,0 );
INSERT INTO ACT_BLK VALUES ( 847,0,0,0,'TIM','','',6,1,6,20,0,0,0,0,0,0,0,0,0,846,0 );
INSERT INTO ACT_BLK VALUES ( 874,0,0,0,'V_VAR.Var_ID','','',5,1,0,0,0,0,0,0,0,0,0,0,0,873,0 );
INSERT INTO ACT_BLK VALUES ( 899,0,0,0,'','','',0,0,0,0,0,0,0,0,0,0,0,0,0,898,0 );
INSERT INTO ACT_BLK VALUES ( 903,0,0,0,'','','',0,0,0,0,0,0,0,0,0,0,0,0,0,902,0 );
INSERT INTO ACT_BLK VALUES ( 907,0,0,0,'','','',0,0,0,0,0,0,0,0,0,0,0,0,0,906,0 );
INSERT INTO ACT_BLK VALUES ( 911,0,0,0,'','','',0,0,0,0,0,0,0,0,0,0,0,0,0,910,0 );
INSERT INTO ACT_BLK VALUES ( 915,0,0,0,'to_heart','','',1,1,1,6,0,0,0,0,0,0,0,0,0,914,0 );
INSERT INTO ACT_BLK VALUES ( 920,0,0,0,'to_heart','','',1,1,1,6,0,0,0,0,0,0,0,0,0,919,0 );
INSERT INTO ACT_BLK VALUES ( 925,0,0,0,'','','',0,0,0,0,0,0,0,0,0,0,0,0,0,924,0 );
INSERT INTO ACT_BLK VALUES ( 929,0,0,0,'','','',0,0,0,0,0,0,0,0,0,0,0,0,0,928,0 );
INSERT INTO ACT_BLK VALUES ( 937,0,0,0,'','','',0,0,0,0,0,0,0,0,0,0,0,0,0,936,0 );
INSERT INTO ACT_BLK VALUES ( 941,1,0,0,'V_VAR.Var_ID','','',3,1,2,36,0,0,0,0,0,0,0,0,0,940,0 );
INSERT INTO ACT_BLK VALUES ( 950,1,0,0,'V_VAR.Var_ID','','',3,1,2,36,0,0,0,0,0,0,0,0,0,949,0 );
INSERT INTO ACT_BLK VALUES ( 959,1,0,0,'V_VAR.Var_ID','','',3,1,2,36,0,0,0,0,0,0,0,0,0,958,0 );
INSERT INTO ACT_BLK VALUES ( 970,0,0,0,'','','',0,0,0,0,0,0,0,0,0,0,0,0,0,969,0 );
INSERT INTO ACT_BLK VALUES ( 973,0,0,0,'','','',0,0,0,0,0,0,0,0,0,0,0,0,0,972,0 );
INSERT INTO ACT_BLK VALUES ( 976,0,0,0,'','','',0,0,0,0,0,0,0,0,0,0,0,0,0,975,0 );
INSERT INTO ACT_BLK VALUES ( 979,0,0,0,'','','',0,0,0,0,0,0,0,0,0,0,0,0,0,978,0 );
INSERT INTO ACT_BLK VALUES ( 982,0,0,0,'','','',0,0,0,0,0,0,0,0,0,0,0,0,0,981,0 );
INSERT INTO ACT_BLK VALUES ( 986,0,0,0,'','','',0,0,0,0,0,0,0,0,0,0,0,0,0,985,0 );
INSERT INTO ACT_BLK VALUES ( 988,0,0,0,'','','',0,0,0,0,0,0,0,0,0,0,0,0,0,987,0 );
INSERT INTO ACT_ACT VALUES ( 135,'signal',0,136,0,0,'out_to_body::synchronization::systolic_pulse',0 );
INSERT INTO ACT_ACT VALUES ( 139,'signal',0,140,0,0,'out_to_body::synchronization::diastolic_pulse',0 );
INSERT INTO ACT_ACT VALUES ( 143,'signal',0,144,0,0,'out_to_body::synchronization::systolic_pace',0 );
INSERT INTO ACT_ACT VALUES ( 147,'signal',0,148,0,0,'out_to_body::synchronization::diastolic_pace',0 );
INSERT INTO ACT_ACT VALUES ( 151,'interface operation',0,152,0,0,'out_to_body::synchronization::init',0 );
INSERT INTO ACT_ACT VALUES ( 158,'signal',0,159,0,0,'host::host::breath_taken',0 );
INSERT INTO ACT_ACT VALUES ( 162,'signal',0,163,0,0,'host::host::current_temp',0 );
INSERT INTO ACT_ACT VALUES ( 212,'bridge',0,213,0,0,'Architecture::shutdown',0 );
INSERT INTO ACT_ACT VALUES ( 219,'bridge',0,220,0,0,'Logging::LogSuccess',0 );
INSERT INTO ACT_ACT VALUES ( 223,'bridge',0,224,0,0,'Logging::LogFailure',0 );
INSERT INTO ACT_ACT VALUES ( 227,'bridge',0,228,0,0,'Logging::LogInfo',0 );
INSERT INTO ACT_ACT VALUES ( 232,'bridge',0,233,0,0,'Logging::LogDate',0 );
INSERT INTO ACT_ACT VALUES ( 237,'bridge',0,238,0,0,'Logging::LogTime',0 );
INSERT INTO ACT_ACT VALUES ( 243,'bridge',0,244,0,0,'Logging::LogReal',0 );
INSERT INTO ACT_ACT VALUES ( 249,'function',0,250,0,0,'init',0 );
INSERT INTO ACT_ACT VALUES ( 321,'state',0,322,0,0,'heart::atrial systole',0 );
INSERT INTO ACT_ACT VALUES ( 328,'state',0,329,0,0,'heart::ventricular systole',0 );
INSERT INTO ACT_ACT VALUES ( 332,'state',0,333,0,0,'heart::atrial diastole',0 );
INSERT INTO ACT_ACT VALUES ( 339,'state',0,340,0,0,'heart::ventricular diastole',0 );
INSERT INTO ACT_ACT VALUES ( 343,'state',0,344,0,0,'heart::born',0 );
INSERT INTO ACT_ACT VALUES ( 347,'transition',0,348,0,0,'HEART1: done',0 );
INSERT INTO ACT_ACT VALUES ( 351,'transition',0,352,0,0,'HEART4: diastolic_pulse',0 );
INSERT INTO ACT_ACT VALUES ( 355,'transition',0,356,0,0,'HEART1: done',0 );
INSERT INTO ACT_ACT VALUES ( 359,'transition',0,360,0,0,'HEART5: systolic_pulse',0 );
INSERT INTO ACT_ACT VALUES ( 363,'transition',0,364,0,0,'HEART3: systolic_pace',0 );
INSERT INTO ACT_ACT VALUES ( 367,'transition',0,368,0,0,'HEART2: diastolic_pace',0 );
INSERT INTO ACT_ACT VALUES ( 371,'transition',0,372,0,0,'HEART5: systolic_pulse',0 );
INSERT INTO ACT_ACT VALUES ( 375,'transition',0,376,0,0,'HEART4: diastolic_pulse',0 );
INSERT INTO ACT_ACT VALUES ( 382,'class state',0,383,0,0,'heart::receiving paces',0 );
INSERT INTO ACT_ACT VALUES ( 386,'class transition',0,387,0,0,'out_to_body::diastolic_pace',0 );
INSERT INTO ACT_ACT VALUES ( 395,'class transition',0,396,0,0,'out_to_body::systolic_pace',0 );
INSERT INTO ACT_ACT VALUES ( 403,'operation',0,404,0,0,'sinus node::log_and_adjust',0 );
INSERT INTO ACT_ACT VALUES ( 461,'state',0,462,0,0,'sinus node::pulsing systolic',0 );
INSERT INTO ACT_ACT VALUES ( 490,'state',0,491,0,0,'sinus node::pulsing diastolic',0 );
INSERT INTO ACT_ACT VALUES ( 517,'transition',0,518,0,0,'SINUS_NODE1: pop',0 );
INSERT INTO ACT_ACT VALUES ( 521,'transition',0,522,0,0,'SINUS_NODE2: period',0 );
INSERT INTO ACT_ACT VALUES ( 529,'signal',0,530,0,0,'monitor::monitor::increased_activty',0 );
INSERT INTO ACT_ACT VALUES ( 535,'signal',0,536,0,0,'host::host::breath_taken',0 );
INSERT INTO ACT_ACT VALUES ( 538,'signal',0,539,0,0,'host::host::current_temp',0 );
INSERT INTO ACT_ACT VALUES ( 550,'state',0,551,0,0,'Host Monitor::Polling monitors',0 );
INSERT INTO ACT_ACT VALUES ( 596,'state',0,597,0,0,'Host Monitor::Notifying of increased activity',0 );
INSERT INTO ACT_ACT VALUES ( 610,'transition',0,611,0,0,'HM1: poll',0 );
INSERT INTO ACT_ACT VALUES ( 614,'transition',0,615,0,0,'HM2: increasedActivity',0 );
INSERT INTO ACT_ACT VALUES ( 618,'transition',0,619,0,0,'HM1: poll',0 );
INSERT INTO ACT_ACT VALUES ( 627,'class state',0,628,0,0,'Host Monitor::listening to host events',0 );
INSERT INTO ACT_ACT VALUES ( 631,'class transition',0,632,0,0,'host::breath_taken',0 );
INSERT INTO ACT_ACT VALUES ( 635,'class transition',0,636,0,0,'host::current_temp',0 );
INSERT INTO ACT_ACT VALUES ( 637,'operation',0,638,0,0,'Respiratory Monitor::getCurrentRate',0 );
INSERT INTO ACT_ACT VALUES ( 641,'operation',0,642,0,0,'Temperature Monitor::getCurrentTemp',0 );
INSERT INTO ACT_ACT VALUES ( 650,'signal',0,651,0,0,'to_heart::synchronization::systolic_pulse',0 );
INSERT INTO ACT_ACT VALUES ( 653,'signal',0,654,0,0,'to_heart::synchronization::diastolic_pulse',0 );
INSERT INTO ACT_ACT VALUES ( 656,'signal',0,657,0,0,'to_heart::synchronization::systolic_pace',0 );
INSERT INTO ACT_ACT VALUES ( 659,'signal',0,660,0,0,'to_heart::synchronization::diastolic_pace',0 );
INSERT INTO ACT_ACT VALUES ( 662,'interface operation',0,663,0,0,'to_heart::synchronization::init',0 );
INSERT INTO ACT_ACT VALUES ( 713,'signal',0,714,0,0,'monitor::monitor::increased_activty',0 );
INSERT INTO ACT_ACT VALUES ( 722,'bridge',0,723,0,0,'Logging::LogReal',0 );
INSERT INTO ACT_ACT VALUES ( 727,'bridge',0,728,0,0,'Logging::LogTime',0 );
INSERT INTO ACT_ACT VALUES ( 732,'bridge',0,733,0,0,'Logging::LogDate',0 );
INSERT INTO ACT_ACT VALUES ( 736,'bridge',0,737,0,0,'Logging::LogInfo',0 );
INSERT INTO ACT_ACT VALUES ( 740,'bridge',0,741,0,0,'Logging::LogFailure',0 );
INSERT INTO ACT_ACT VALUES ( 744,'bridge',0,745,0,0,'Logging::LogSuccess',0 );
INSERT INTO ACT_ACT VALUES ( 748,'bridge',0,749,0,0,'Architecture::shutdown',0 );
INSERT INTO ACT_ACT VALUES ( 800,'state',0,801,0,0,'pacer::syncing',0 );
INSERT INTO ACT_ACT VALUES ( 804,'state',0,805,0,0,'pacer::listening for systolic pulse',0 );
INSERT INTO ACT_ACT VALUES ( 846,'state',0,847,0,0,'pacer::listening for diastolic pulse',0 );
INSERT INTO ACT_ACT VALUES ( 873,'state',0,874,0,0,'pacer::Increasing rate',0 );
INSERT INTO ACT_ACT VALUES ( 898,'transition',0,899,0,0,'PACER1: systolic_pulse',0 );
INSERT INTO ACT_ACT VALUES ( 902,'transition',0,903,0,0,'PACER2: diastolic_pulse',0 );
INSERT INTO ACT_ACT VALUES ( 906,'transition',0,907,0,0,'PACER2: diastolic_pulse',0 );
INSERT INTO ACT_ACT VALUES ( 910,'transition',0,911,0,0,'PACER1: systolic_pulse',0 );
INSERT INTO ACT_ACT VALUES ( 914,'transition',0,915,0,0,'PACER3: timeout',0 );
INSERT INTO ACT_ACT VALUES ( 919,'transition',0,920,0,0,'PACER3: timeout',0 );
INSERT INTO ACT_ACT VALUES ( 924,'transition',0,925,0,0,'PACER5: rate_increased',0 );
INSERT INTO ACT_ACT VALUES ( 928,'transition',0,929,0,0,'PACER4: increased_activity',0 );
INSERT INTO ACT_ACT VALUES ( 936,'class state',0,937,0,0,'pacer::monitoring host',0 );
INSERT INTO ACT_ACT VALUES ( 940,'class transition',0,941,0,0,'to_heart::diastolic_pulse',0 );
INSERT INTO ACT_ACT VALUES ( 949,'class transition',0,950,0,0,'to_heart::systolic_pulse',0 );
INSERT INTO ACT_ACT VALUES ( 958,'class transition',0,959,0,0,'monitor::increased_activty',0 );
INSERT INTO ACT_ACT VALUES ( 969,'signal',0,970,0,0,'to_heart::synchronization::systolic_pulse',0 );
INSERT INTO ACT_ACT VALUES ( 972,'signal',0,973,0,0,'to_heart::synchronization::diastolic_pulse',0 );
INSERT INTO ACT_ACT VALUES ( 975,'signal',0,976,0,0,'to_heart::synchronization::systolic_pace',0 );
INSERT INTO ACT_ACT VALUES ( 978,'signal',0,979,0,0,'to_heart::synchronization::diastolic_pace',0 );
INSERT INTO ACT_ACT VALUES ( 981,'interface operation',0,982,0,0,'to_heart::synchronization::init',0 );
INSERT INTO ACT_ACT VALUES ( 985,'signal',0,986,0,0,'host::host::breath_taken',0 );
INSERT INTO ACT_ACT VALUES ( 987,'signal',0,988,0,0,'host::host::current_temp',0 );
INSERT INTO ACT_AI VALUES ( 258,261,262,0,0 );
INSERT INTO ACT_AI VALUES ( 260,264,265,0,0 );
INSERT INTO ACT_AI VALUES ( 263,267,268,0,0 );
INSERT INTO ACT_AI VALUES ( 270,273,274,0,0 );
INSERT INTO ACT_AI VALUES ( 440,441,442,0,0 );
INSERT INTO ACT_AI VALUES ( 448,449,450,0,0 );
INSERT INTO ACT_AI VALUES ( 470,474,475,0,0 );
INSERT INTO ACT_AI VALUES ( 499,502,503,0,0 );
INSERT INTO ACT_AI VALUES ( 553,558,559,0,0 );
INSERT INTO ACT_AI VALUES ( 560,565,566,0,0 );
INSERT INTO ACT_AI VALUES ( 665,668,669,0,0 );
INSERT INTO ACT_AI VALUES ( 667,671,672,0,0 );
INSERT INTO ACT_AI VALUES ( 670,674,675,0,0 );
INSERT INTO ACT_AI VALUES ( 673,677,678,0,0 );
INSERT INTO ACT_AI VALUES ( 676,679,680,0,0 );
INSERT INTO ACT_AI VALUES ( 806,808,809,0,0 );
INSERT INTO ACT_AI VALUES ( 810,814,815,0,0 );
INSERT INTO ACT_AI VALUES ( 813,817,818,0,0 );
INSERT INTO ACT_AI VALUES ( 848,850,851,0,0 );
INSERT INTO ACT_AI VALUES ( 852,855,856,0,0 );
INSERT INTO ACT_AI VALUES ( 875,877,878,0,0 );
INSERT INTO ACT_AI VALUES ( 876,880,881,0,0 );
INSERT INTO ACT_SEL VALUES ( 463,465,1,'one',466 );
INSERT INTO ACT_SEL VALUES ( 492,494,1,'one',495 );
INSERT INTO ACT_SEL VALUES ( 552,554,1,'one',555 );
INSERT INTO ACT_SEL VALUES ( 557,561,1,'one',562 );
INSERT INTO ACT_REL VALUES ( 255,253,256,'',259,8,30,0,0 );
INSERT INTO ACT_FIO VALUES ( 388,390,1,'any',254,1,36 );
INSERT INTO ACT_FIO VALUES ( 397,399,1,'any',254,1,36 );
INSERT INTO ACT_FIO VALUES ( 942,944,1,'any',63,2,36 );
INSERT INTO ACT_FIO VALUES ( 951,953,1,'any',63,2,36 );
INSERT INTO ACT_FIO VALUES ( 960,962,1,'any',63,2,36 );
INSERT INTO ACT_CR VALUES ( 251,253,1,254,6,33 );
INSERT INTO ACT_CR VALUES ( 252,256,1,257,7,33 );
INSERT INTO ACT_CR VALUES ( 664,666,1,63,2,33 );
INSERT INTO ACT_IF VALUES ( 408,410,411,0,0 );
INSERT INTO ACT_IF VALUES ( 409,412,413,0,0 );
INSERT INTO ACT_IF VALUES ( 564,568,569,0,0 );
INSERT INTO ACT_TFM VALUES ( 473,402,472,10,6,0,0 );
INSERT INTO ACT_BRG VALUES ( 405,225,2,6,2,1 );
INSERT INTO ACT_BRG VALUES ( 406,245,3,6,3,1 );
INSERT INTO ACT_BRG VALUES ( 407,245,4,6,4,1 );
INSERT INTO ACT_BRG VALUES ( 816,734,10,6,10,1 );
INSERT INTO ACT_BRG VALUES ( 819,717,11,6,11,1 );
INSERT INTO ACT_SR VALUES ( 463 );
INSERT INTO ACT_SR VALUES ( 492 );
INSERT INTO ACT_SR VALUES ( 552 );
INSERT INTO ACT_SR VALUES ( 557 );
INSERT INTO ACT_RET VALUES ( 639,640 );
INSERT INTO ACT_RET VALUES ( 643,644 );
INSERT INTO ACT_IOP VALUES ( 266,12,19,12,6,0,149,0 );
INSERT INTO ACT_LNK VALUES ( 467,'',463,259,0,2,254,2,35,2,41,0,0 );
INSERT INTO ACT_LNK VALUES ( 496,'',492,259,0,2,254,2,35,2,41,0,0 );
INSERT INTO ACT_LNK VALUES ( 556,'',552,109,0,2,106,1,32,1,35,0,0 );
INSERT INTO ACT_LNK VALUES ( 563,'',557,114,0,2,111,3,32,3,35,0,0 );
INSERT INTO ACT_SGN VALUES ( 468,5,19,5,6,0,133,0 );
INSERT INTO ACT_SGN VALUES ( 497,5,19,5,6,0,137,0 );
INSERT INTO ACT_SGN VALUES ( 598,1,15,1,6,0,527,0 );
INSERT INTO ACT_SGN VALUES ( 916,1,16,1,6,658,0,0 );
INSERT INTO ACT_SGN VALUES ( 921,1,16,1,6,655,0,0 );
INSERT INTO ACT_CTL VALUES ( 214 );
INSERT INTO ACT_CTL VALUES ( 750 );
INSERT INTO ACT_SAB VALUES ( 321,313,320 );
INSERT INTO ACT_SAB VALUES ( 328,313,327 );
INSERT INTO ACT_SAB VALUES ( 332,313,331 );
INSERT INTO ACT_SAB VALUES ( 339,313,338 );
INSERT INTO ACT_SAB VALUES ( 343,313,342 );
INSERT INTO ACT_SAB VALUES ( 382,377,381 );
INSERT INTO ACT_SAB VALUES ( 461,457,460 );
INSERT INTO ACT_SAB VALUES ( 490,457,489 );
INSERT INTO ACT_SAB VALUES ( 550,545,549 );
INSERT INTO ACT_SAB VALUES ( 596,545,595 );
INSERT INTO ACT_SAB VALUES ( 627,620,626 );
INSERT INTO ACT_SAB VALUES ( 800,790,799 );
INSERT INTO ACT_SAB VALUES ( 804,790,803 );
INSERT INTO ACT_SAB VALUES ( 846,790,845 );
INSERT INTO ACT_SAB VALUES ( 873,790,872 );
INSERT INTO ACT_SAB VALUES ( 936,930,935 );
INSERT INTO ACT_FNB VALUES ( 249,248 );
INSERT INTO ACT_OPB VALUES ( 403,402 );
INSERT INTO ACT_OPB VALUES ( 637,574 );
INSERT INTO ACT_OPB VALUES ( 641,572 );
INSERT INTO ACT_BRB VALUES ( 212,210 );
INSERT INTO ACT_BRB VALUES ( 219,216 );
INSERT INTO ACT_BRB VALUES ( 223,221 );
INSERT INTO ACT_BRB VALUES ( 227,225 );
INSERT INTO ACT_BRB VALUES ( 232,229 );
INSERT INTO ACT_BRB VALUES ( 237,234 );
INSERT INTO ACT_BRB VALUES ( 243,239 );
INSERT INTO ACT_BRB VALUES ( 722,719 );
INSERT INTO ACT_BRB VALUES ( 727,724 );
INSERT INTO ACT_BRB VALUES ( 732,729 );
INSERT INTO ACT_BRB VALUES ( 736,734 );
INSERT INTO ACT_BRB VALUES ( 740,738 );
INSERT INTO ACT_BRB VALUES ( 744,742 );
INSERT INTO ACT_BRB VALUES ( 748,747 );
INSERT INTO ACT_POB VALUES ( 662,661 );
INSERT INTO ACT_POB VALUES ( 981,980 );
INSERT INTO ACT_PSB VALUES ( 535,534 );
INSERT INTO ACT_PSB VALUES ( 538,537 );
INSERT INTO ACT_PSB VALUES ( 650,649 );
INSERT INTO ACT_PSB VALUES ( 653,652 );
INSERT INTO ACT_PSB VALUES ( 656,655 );
INSERT INTO ACT_PSB VALUES ( 659,658 );
INSERT INTO ACT_PSB VALUES ( 713,712 );
INSERT INTO ACT_PSB VALUES ( 969,968 );
INSERT INTO ACT_PSB VALUES ( 972,971 );
INSERT INTO ACT_PSB VALUES ( 975,974 );
INSERT INTO ACT_PSB VALUES ( 978,977 );
INSERT INTO ACT_PSB VALUES ( 985,622 );
INSERT INTO ACT_PSB VALUES ( 987,624 );
INSERT INTO ACT_ROB VALUES ( 151,149 );
INSERT INTO ACT_RSB VALUES ( 135,133 );
INSERT INTO ACT_RSB VALUES ( 139,137 );
INSERT INTO ACT_RSB VALUES ( 143,141 );
INSERT INTO ACT_RSB VALUES ( 147,145 );
INSERT INTO ACT_RSB VALUES ( 158,156 );
INSERT INTO ACT_RSB VALUES ( 162,160 );
INSERT INTO ACT_RSB VALUES ( 529,527 );
INSERT INTO ACT_TAB VALUES ( 347,313,346 );
INSERT INTO ACT_TAB VALUES ( 351,313,350 );
INSERT INTO ACT_TAB VALUES ( 355,313,354 );
INSERT INTO ACT_TAB VALUES ( 359,313,358 );
INSERT INTO ACT_TAB VALUES ( 363,313,362 );
INSERT INTO ACT_TAB VALUES ( 367,313,366 );
INSERT INTO ACT_TAB VALUES ( 371,313,370 );
INSERT INTO ACT_TAB VALUES ( 375,313,374 );
INSERT INTO ACT_TAB VALUES ( 386,377,385 );
INSERT INTO ACT_TAB VALUES ( 395,377,394 );
INSERT INTO ACT_TAB VALUES ( 517,457,516 );
INSERT INTO ACT_TAB VALUES ( 521,457,520 );
INSERT INTO ACT_TAB VALUES ( 610,545,609 );
INSERT INTO ACT_TAB VALUES ( 614,545,613 );
INSERT INTO ACT_TAB VALUES ( 618,545,617 );
INSERT INTO ACT_TAB VALUES ( 631,620,630 );
INSERT INTO ACT_TAB VALUES ( 635,620,634 );
INSERT INTO ACT_TAB VALUES ( 898,790,897 );
INSERT INTO ACT_TAB VALUES ( 902,790,901 );
INSERT INTO ACT_TAB VALUES ( 906,790,905 );
INSERT INTO ACT_TAB VALUES ( 910,790,909 );
INSERT INTO ACT_TAB VALUES ( 914,790,913 );
INSERT INTO ACT_TAB VALUES ( 919,790,918 );
INSERT INTO ACT_TAB VALUES ( 924,790,923 );
INSERT INTO ACT_TAB VALUES ( 928,790,927 );
INSERT INTO ACT_TAB VALUES ( 940,930,939 );
INSERT INTO ACT_TAB VALUES ( 949,930,948 );
INSERT INTO ACT_TAB VALUES ( 958,930,957 );
INSERT INTO E_CEI VALUES ( 269,256 );
INSERT INTO E_CEI VALUES ( 469,472 );
INSERT INTO E_CEI VALUES ( 498,501 );
INSERT INTO E_CEI VALUES ( 807,812 );
INSERT INTO E_CEI VALUES ( 849,854 );
INSERT INTO E_GEN VALUES ( 323,324 );
INSERT INTO E_GEN VALUES ( 334,335 );
INSERT INTO E_GEN VALUES ( 389,390 );
INSERT INTO E_GEN VALUES ( 398,399 );
INSERT INTO E_GEN VALUES ( 464,465 );
INSERT INTO E_GEN VALUES ( 493,494 );
INSERT INTO E_GEN VALUES ( 567,570 );
INSERT INTO E_GEN VALUES ( 593,570 );
INSERT INTO E_GEN VALUES ( 599,600 );
INSERT INTO E_GEN VALUES ( 879,882 );
INSERT INTO E_GEN VALUES ( 943,944 );
INSERT INTO E_GEN VALUES ( 952,953 );
INSERT INTO E_GEN VALUES ( 961,962 );
INSERT INTO E_ESS VALUES ( 269,1,0,14,28,14,40,12,6,0,0,0,0 );
INSERT INTO E_ESS VALUES ( 323,1,0,1,10,1,17,0,0,0,0,0,0 );
INSERT INTO E_ESS VALUES ( 334,1,0,1,10,1,17,0,0,0,0,0,0 );
INSERT INTO E_ESS VALUES ( 389,1,0,2,10,2,17,1,36,0,0,0,0 );
INSERT INTO E_ESS VALUES ( 398,1,0,2,10,2,17,1,36,0,0,0,0 );
INSERT INTO E_ESS VALUES ( 464,1,0,3,10,3,17,2,35,0,0,0,0 );
INSERT INTO E_ESS VALUES ( 469,1,0,7,28,7,40,5,6,0,0,0,0 );
INSERT INTO E_ESS VALUES ( 493,1,0,3,10,3,17,2,35,0,0,0,0 );
INSERT INTO E_ESS VALUES ( 498,1,0,7,28,7,40,5,6,0,0,0,0 );
INSERT INTO E_ESS VALUES ( 567,1,0,8,10,0,0,3,32,0,0,0,0 );
INSERT INTO E_ESS VALUES ( 593,1,0,6,12,0,0,0,0,0,0,0,0 );
INSERT INTO E_ESS VALUES ( 599,1,0,3,10,0,0,1,6,0,0,0,0 );
INSERT INTO E_ESS VALUES ( 807,1,0,5,34,5,41,2,11,0,0,0,0 );
INSERT INTO E_ESS VALUES ( 849,1,0,5,34,5,41,2,11,0,0,0,0 );
INSERT INTO E_ESS VALUES ( 879,1,0,5,10,0,0,0,0,0,0,0,0 );
INSERT INTO E_ESS VALUES ( 943,1,0,3,10,3,17,2,36,0,0,0,0 );
INSERT INTO E_ESS VALUES ( 952,1,0,3,10,3,17,2,36,0,0,0,0 );
INSERT INTO E_ESS VALUES ( 961,1,0,3,10,3,17,2,36,0,0,0,0 );
INSERT INTO E_CES VALUES ( 269,1,271 );
INSERT INTO E_CES VALUES ( 469,1,471 );
INSERT INTO E_CES VALUES ( 498,1,500 );
INSERT INTO E_CES VALUES ( 807,1,811 );
INSERT INTO E_CES VALUES ( 849,1,853 );
INSERT INTO E_GES VALUES ( 323 );
INSERT INTO E_GES VALUES ( 334 );
INSERT INTO E_GES VALUES ( 389 );
INSERT INTO E_GES VALUES ( 398 );
INSERT INTO E_GES VALUES ( 464 );
INSERT INTO E_GES VALUES ( 493 );
INSERT INTO E_GES VALUES ( 567 );
INSERT INTO E_GES VALUES ( 593 );
INSERT INTO E_GES VALUES ( 599 );
INSERT INTO E_GES VALUES ( 879 );
INSERT INTO E_GES VALUES ( 943 );
INSERT INTO E_GES VALUES ( 952 );
INSERT INTO E_GES VALUES ( 961 );
INSERT INTO E_CSME VALUES ( 269,272 );
INSERT INTO E_CSME VALUES ( 469,458 );
INSERT INTO E_CSME VALUES ( 498,272 );
INSERT INTO E_CSME VALUES ( 807,796 );
INSERT INTO E_CSME VALUES ( 849,796 );
INSERT INTO E_GSME VALUES ( 323,314 );
INSERT INTO E_GSME VALUES ( 334,314 );
INSERT INTO E_GSME VALUES ( 389,315 );
INSERT INTO E_GSME VALUES ( 398,316 );
INSERT INTO E_GSME VALUES ( 464,318 );
INSERT INTO E_GSME VALUES ( 493,317 );
INSERT INTO E_GSME VALUES ( 567,546 );
INSERT INTO E_GSME VALUES ( 593,547 );
INSERT INTO E_GSME VALUES ( 599,546 );
INSERT INTO E_GSME VALUES ( 879,797 );
INSERT INTO E_GSME VALUES ( 943,795 );
INSERT INTO E_GSME VALUES ( 952,794 );
INSERT INTO E_GSME VALUES ( 961,797 );
INSERT INTO PE_PE VALUES ( 3,1,2,0,7 );
INSERT INTO PE_PE VALUES ( 4,1,3,0,18 );
INSERT INTO PE_PE VALUES ( 5,1,3,0,18 );
INSERT INTO PE_PE VALUES ( 6,1,3,0,18 );
INSERT INTO PE_PE VALUES ( 7,1,3,0,18 );
INSERT INTO PE_PE VALUES ( 8,1,3,0,18 );
INSERT INTO PE_PE VALUES ( 9,1,3,0,18 );
INSERT INTO PE_PE VALUES ( 10,1,3,0,18 );
INSERT INTO PE_PE VALUES ( 11,1,3,0,18 );
INSERT INTO PE_PE VALUES ( 12,1,3,0,18 );
INSERT INTO PE_PE VALUES ( 13,1,3,0,18 );
INSERT INTO PE_PE VALUES ( 14,1,3,0,18 );
INSERT INTO PE_PE VALUES ( 15,1,3,0,18 );
INSERT INTO PE_PE VALUES ( 16,1,3,0,18 );
INSERT INTO PE_PE VALUES ( 17,1,3,0,18 );
INSERT INTO PE_PE VALUES ( 18,1,3,0,18 );
INSERT INTO PE_PE VALUES ( 19,1,3,0,18 );
INSERT INTO PE_PE VALUES ( 20,1,3,0,18 );
INSERT INTO PE_PE VALUES ( 21,1,3,0,18 );
INSERT INTO PE_PE VALUES ( 22,1,3,0,18 );
INSERT INTO PE_PE VALUES ( 23,1,3,0,18 );
INSERT INTO PE_PE VALUES ( 24,1,3,0,18 );
INSERT INTO PE_PE VALUES ( 25,1,3,0,18 );
INSERT INTO PE_PE VALUES ( 26,1,3,0,18 );
INSERT INTO PE_PE VALUES ( 27,1,3,0,11 );
INSERT INTO PE_PE VALUES ( 28,1,3,0,11 );
INSERT INTO PE_PE VALUES ( 29,1,3,0,11 );
INSERT INTO PE_PE VALUES ( 30,1,3,0,11 );
INSERT INTO PE_PE VALUES ( 31,1,3,0,12 );
INSERT INTO PE_PE VALUES ( 32,1,3,0,12 );
INSERT INTO PE_PE VALUES ( 33,1,3,0,12 );
INSERT INTO PE_PE VALUES ( 34,1,3,0,12 );
INSERT INTO PE_PE VALUES ( 35,1,3,0,12 );
INSERT INTO PE_PE VALUES ( 36,1,3,0,12 );
INSERT INTO PE_PE VALUES ( 37,1,3,0,12 );
INSERT INTO PE_PE VALUES ( 38,1,3,0,12 );
INSERT INTO PE_PE VALUES ( 39,1,3,0,12 );
INSERT INTO PE_PE VALUES ( 40,1,3,0,12 );
INSERT INTO PE_PE VALUES ( 41,1,3,0,12 );
INSERT INTO PE_PE VALUES ( 42,1,3,0,12 );
INSERT INTO PE_PE VALUES ( 43,1,3,0,12 );
INSERT INTO PE_PE VALUES ( 44,1,3,0,12 );
INSERT INTO PE_PE VALUES ( 45,1,3,0,12 );
INSERT INTO PE_PE VALUES ( 46,1,3,0,12 );
INSERT INTO PE_PE VALUES ( 47,1,3,0,12 );
INSERT INTO PE_PE VALUES ( 48,1,3,0,12 );
INSERT INTO PE_PE VALUES ( 49,1,3,0,12 );
INSERT INTO PE_PE VALUES ( 50,1,3,0,12 );
INSERT INTO PE_PE VALUES ( 51,1,3,0,12 );
INSERT INTO PE_PE VALUES ( 52,1,3,0,12 );
INSERT INTO PE_PE VALUES ( 53,1,3,0,12 );
INSERT INTO PE_PE VALUES ( 54,1,3,0,12 );
INSERT INTO PE_PE VALUES ( 55,1,3,0,12 );
INSERT INTO PE_PE VALUES ( 56,1,3,0,12 );
INSERT INTO PE_PE VALUES ( 57,1,3,0,12 );
INSERT INTO PE_PE VALUES ( 58,1,3,0,12 );
INSERT INTO PE_PE VALUES ( 59,1,3,0,12 );
INSERT INTO PE_PE VALUES ( 60,1,3,0,12 );
INSERT INTO PE_PE VALUES ( 61,1,2,0,7 );
INSERT INTO PE_PE VALUES ( 62,1,61,0,14 );
INSERT INTO PE_PE VALUES ( 78,1,61,0,14 );
INSERT INTO PE_PE VALUES ( 81,1,61,0,14 );
INSERT INTO PE_PE VALUES ( 80,1,61,0,14 );
INSERT INTO PE_PE VALUES ( 87,1,61,0,14 );
INSERT INTO PE_PE VALUES ( 88,1,61,0,14 );
INSERT INTO PE_PE VALUES ( 89,1,61,0,14 );
INSERT INTO PE_PE VALUES ( 91,1,61,0,14 );
INSERT INTO PE_PE VALUES ( 90,1,61,0,17 );
INSERT INTO PE_PE VALUES ( 92,1,61,0,17 );
INSERT INTO PE_PE VALUES ( 79,1,61,0,17 );
INSERT INTO PE_PE VALUES ( 82,1,61,0,17 );
INSERT INTO PE_PE VALUES ( 83,1,61,0,17 );
INSERT INTO PE_PE VALUES ( 93,1,2,0,7 );
INSERT INTO PE_PE VALUES ( 94,1,93,0,14 );
INSERT INTO PE_PE VALUES ( 105,1,93,0,14 );
INSERT INTO PE_PE VALUES ( 110,1,93,0,14 );
INSERT INTO PE_PE VALUES ( 104,1,93,0,14 );
INSERT INTO PE_PE VALUES ( 124,1,93,0,17 );
INSERT INTO PE_PE VALUES ( 126,1,93,0,17 );
INSERT INTO PE_PE VALUES ( 127,1,93,0,17 );
INSERT INTO PE_PE VALUES ( 129,1,128,0,2 );
INSERT INTO PE_PE VALUES ( 164,1,0,129,7 );
INSERT INTO PE_PE VALUES ( 165,1,164,0,5 );
INSERT INTO PE_PE VALUES ( 209,1,164,0,5 );
INSERT INTO PE_PE VALUES ( 215,1,164,0,5 );
INSERT INTO PE_PE VALUES ( 247,1,0,129,7 );
INSERT INTO PE_PE VALUES ( 248,1,247,0,1 );
INSERT INTO PE_PE VALUES ( 308,1,0,129,7 );
INSERT INTO PE_PE VALUES ( 259,1,308,0,9 );
INSERT INTO PE_PE VALUES ( 254,1,308,0,4 );
INSERT INTO PE_PE VALUES ( 257,1,308,0,4 );
INSERT INTO PE_PE VALUES ( 523,1,128,0,2 );
INSERT INTO PE_PE VALUES ( 540,1,0,523,7 );
INSERT INTO PE_PE VALUES ( 109,1,540,0,9 );
INSERT INTO PE_PE VALUES ( 114,1,540,0,9 );
INSERT INTO PE_PE VALUES ( 115,1,540,0,4 );
INSERT INTO PE_PE VALUES ( 111,1,540,0,4 );
INSERT INTO PE_PE VALUES ( 106,1,540,0,4 );
INSERT INTO PE_PE VALUES ( 645,1,128,0,2 );
INSERT INTO PE_PE VALUES ( 715,1,0,645,7 );
INSERT INTO PE_PE VALUES ( 716,1,715,0,5 );
INSERT INTO PE_PE VALUES ( 746,1,715,0,5 );
INSERT INTO PE_PE VALUES ( 751,1,715,0,5 );
INSERT INTO PE_PE VALUES ( 789,1,0,645,7 );
INSERT INTO PE_PE VALUES ( 63,1,789,0,4 );
INSERT INTO PE_PE VALUES ( 965,1,128,0,2 );
INSERT INTO PE_PE VALUES ( 989,-1,0,965,-1 );
INSERT INTO PE_PE VALUES ( 993,-1,0,965,-1 );
INSERT INTO PE_PE VALUES ( 992,1,0,965,22 );
INSERT INTO PE_PE VALUES ( 155,1,996,0,6 );
INSERT INTO PE_PE VALUES ( 526,1,996,0,6 );
INSERT INTO PE_PE VALUES ( 132,1,996,0,6 );
INSERT INTO PE_PE VALUES ( 1000,1,999,0,21 );
INSERT INTO PE_PE VALUES ( 1004,1,999,0,21 );
INSERT INTO PE_PE VALUES ( 1002,1,999,0,22 );
INSERT INTO PE_PE VALUES ( 211,1,0,0,3 );
INSERT INTO PE_PE VALUES ( 201,1,0,0,3 );
INSERT INTO PE_PE VALUES ( 170,1,0,0,3 );
INSERT INTO PE_PE VALUES ( 241,1,0,0,3 );
INSERT INTO PE_PE VALUES ( 218,1,0,0,3 );
INSERT INTO PE_PE VALUES ( 1007,1,0,0,3 );
INSERT INTO PE_PE VALUES ( 312,1,0,0,3 );
INSERT INTO PE_PE VALUES ( 1008,1,0,0,3 );
INSERT INTO PE_PE VALUES ( 276,1,0,0,3 );
INSERT INTO PE_PE VALUES ( 1009,1,0,0,3 );
INSERT INTO PE_PE VALUES ( 194,1,0,0,3 );
INSERT INTO PE_PE VALUES ( 1010,1,0,0,3 );
INSERT INTO PE_PE VALUES ( 1011,1,0,0,3 );
INSERT INTO PE_PE VALUES ( 1012,1,0,0,3 );
INSERT INTO PE_PE VALUES ( 167,1,0,0,3 );
INSERT INTO PE_PE VALUES ( 191,1,0,0,3 );
INSERT INTO PE_PE VALUES ( 189,1,0,0,3 );
INSERT INTO PA_DIC VALUES ( 965,648 );
INSERT INTO PA_DIC VALUES ( 965,533 );
INSERT INTO SQ_LS VALUES ( 78,62,'',0 );
INSERT INTO SQ_LS VALUES ( 80,81,'',0 );
INSERT INTO SQ_LS VALUES ( 89,87,'',0 );
INSERT INTO SQ_LS VALUES ( 91,88,'',0 );
INSERT INTO SQ_CIP VALUES ( 62,63,'Pacer1','Informal Class','Pacer1 : pacer','',1 );
INSERT INTO SQ_CIP VALUES ( 81,0,'HostMonitor1','Informal Class','HostMonitor1 : Informal Class','',0 );
INSERT INTO SQ_CIP VALUES ( 87,0,'TemperatureMonitor1','Informal Class','TemperatureMonitor1 : Informal Class','',0 );
INSERT INTO SQ_CIP VALUES ( 88,0,'Respiratory Monitor','Informal Class','Respiratory Monitor : Informal Class','',0 );
INSERT INTO SQ_CIP VALUES ( 94,63,'Pacer1','Pacer','Pacer1 : pacer','The pacer instance has an increased amount of signals delivered during Increased
Activity.  This allows the Pacer to deliver the appropriate number of beats to
accomodate the heart under the increased activity.',1 );
INSERT INTO SQ_CIP VALUES ( 105,106,'TemperatureMonitor1','TemperatureMonitor','TemperatureMonitor1 : Temperature Monitor','The TemperatureMonitor monitors the current temperature of the host''s blood.',1 );
INSERT INTO SQ_CIP VALUES ( 110,111,'RespiratoryMonitor1','RespiratoryMonitor','RespiratoryMonitor1 : Respiratory Monitor','The RespiratoryMonitor continually measures the host''s breaths per minute.',1 );
INSERT INTO SQ_CIP VALUES ( 104,115,'HostMonitor1','HostMonitor','HostMonitor1 : Host Monitor','The HostMonitor instance watches lower level monitors for values that exceed
normal activity levels.',1 );
INSERT INTO SQ_TM VALUES ( 84,'increased activity detection',80,'' );
INSERT INTO SQ_TM VALUES ( 86,'notification sent',80,'' );
INSERT INTO SQ_TS VALUES ( 85,86,84,'< 10ms','' );
INSERT INTO SQ_P VALUES ( 62,0 );
INSERT INTO SQ_P VALUES ( 78,0 );
INSERT INTO SQ_P VALUES ( 81,0 );
INSERT INTO SQ_P VALUES ( 80,0 );
INSERT INTO SQ_P VALUES ( 87,0 );
INSERT INTO SQ_P VALUES ( 88,0 );
INSERT INTO SQ_P VALUES ( 89,0 );
INSERT INTO SQ_P VALUES ( 91,0 );
INSERT INTO SQ_P VALUES ( 94,0 );
INSERT INTO SQ_P VALUES ( 105,0 );
INSERT INTO SQ_P VALUES ( 110,0 );
INSERT INTO SQ_P VALUES ( 104,0 );
INSERT INTO SQ_AV VALUES ( 64,63,65,'systolic_tolerance','','',0,62,'',1 );
INSERT INTO SQ_AV VALUES ( 66,63,67,'diastolic_tolerance','','',0,62,'',1 );
INSERT INTO SQ_AV VALUES ( 68,63,69,'current_state','','',0,62,'',1 );
INSERT INTO SQ_AV VALUES ( 70,63,71,'cycle_count','','',0,62,'',1 );
INSERT INTO SQ_AV VALUES ( 72,63,73,'timeout_timer','','',0,62,'',1 );
INSERT INTO SQ_AV VALUES ( 74,63,75,'systolic_timeout','','',0,62,'',1 );
INSERT INTO SQ_AV VALUES ( 76,63,77,'diastolic_timeout','','',0,62,'',1 );
INSERT INTO SQ_AV VALUES ( 95,0,0,'Informal Attribute','','Informal Attribute',94,0,'',0 );
INSERT INTO SQ_AV VALUES ( 96,63,65,'systolic_tolerance','','',0,94,'',1 );
INSERT INTO SQ_AV VALUES ( 97,63,67,'diastolic_tolerance','','',0,94,'',1 );
INSERT INTO SQ_AV VALUES ( 98,63,69,'current_state','','',0,94,'',1 );
INSERT INTO SQ_AV VALUES ( 99,63,71,'cycle_count','','',0,94,'',1 );
INSERT INTO SQ_AV VALUES ( 100,63,73,'timeout_timer','','',0,94,'',1 );
INSERT INTO SQ_AV VALUES ( 101,63,75,'systolic_timeout','','',0,94,'',1 );
INSERT INTO SQ_AV VALUES ( 102,63,77,'diastolic_timeout','','',0,94,'',1 );
INSERT INTO SQ_AV VALUES ( 107,0,0,'current_temp = 37.84','37.84','current_temp',105,0,'',0 );
INSERT INTO SQ_AV VALUES ( 112,0,0,'current_rate = 35 bpms','35 bpms','current_rate',110,0,'',0 );
INSERT INTO SQ_AV VALUES ( 116,0,0,'lastTemp = 37.84','37.84','lastTemp',104,0,'',0 );
INSERT INTO SQ_AV VALUES ( 117,0,0,'lastRate = 35','35','lastRate',104,0,'',0 );
INSERT INTO SQ_AV VALUES ( 118,115,119,'lastTemp','','',0,104,'',1 );
INSERT INTO SQ_AV VALUES ( 120,115,121,'lastRate','','',0,104,'',1 );
INSERT INTO SQ_AV VALUES ( 122,115,123,'current_state','','',0,104,'',1 );
INSERT INTO SQ_FAV VALUES ( 64 );
INSERT INTO SQ_FAV VALUES ( 66 );
INSERT INTO SQ_FAV VALUES ( 68 );
INSERT INTO SQ_FAV VALUES ( 70 );
INSERT INTO SQ_FAV VALUES ( 72 );
INSERT INTO SQ_FAV VALUES ( 74 );
INSERT INTO SQ_FAV VALUES ( 76 );
INSERT INTO SQ_FAV VALUES ( 96 );
INSERT INTO SQ_FAV VALUES ( 97 );
INSERT INTO SQ_FAV VALUES ( 98 );
INSERT INTO SQ_FAV VALUES ( 99 );
INSERT INTO SQ_FAV VALUES ( 100 );
INSERT INTO SQ_FAV VALUES ( 101 );
INSERT INTO SQ_FAV VALUES ( 102 );
INSERT INTO SQ_FAV VALUES ( 118 );
INSERT INTO SQ_FAV VALUES ( 120 );
INSERT INTO SQ_FAV VALUES ( 122 );
INSERT INTO S_DT VALUES ( 211,0,'void','','' );
INSERT INTO S_DT VALUES ( 201,0,'boolean','','' );
INSERT INTO S_DT VALUES ( 170,0,'integer','','' );
INSERT INTO S_DT VALUES ( 241,0,'real','','' );
INSERT INTO S_DT VALUES ( 218,0,'string','','' );
INSERT INTO S_DT VALUES ( 1007,0,'unique_id','','' );
INSERT INTO S_DT VALUES ( 312,0,'state<State_Model>','','' );
INSERT INTO S_DT VALUES ( 1008,0,'same_as<Base_Attribute>','','' );
INSERT INTO S_DT VALUES ( 276,0,'inst_ref<Object>','','' );
INSERT INTO S_DT VALUES ( 1009,0,'inst_ref_set<Object>','','' );
INSERT INTO S_DT VALUES ( 194,0,'inst<Event>','','' );
INSERT INTO S_DT VALUES ( 1010,0,'inst<Mapping>','','' );
INSERT INTO S_DT VALUES ( 1011,0,'inst_ref<Mapping>','','' );
INSERT INTO S_DT VALUES ( 1012,0,'component_ref','','' );
INSERT INTO S_DT VALUES ( 167,0,'date','','' );
INSERT INTO S_DT VALUES ( 191,0,'inst_ref<Timer>','','' );
INSERT INTO S_DT VALUES ( 189,0,'timestamp','','' );
