-- root-types-contained: SystemModel_c,PackageableElement_c,DataType_c,CoreDataType_c,UserDataType_c
-- BP 7.1 content: StreamData syschar: 3 persistence-version: 7.1.6

INSERT INTO S_SYS
	VALUES ("15b2a15d-7110-4efa-b644-89bd96e12c0e",
	'avpace',
	1);
INSERT INTO EP_PKG
	VALUES ("bf32fd17-70ff-4d73-a190-478f0511ee82",
	"15b2a15d-7110-4efa-b644-89bd96e12c0e",
	"15b2a15d-7110-4efa-b644-89bd96e12c0e",
	'analysis',
	'',
	0);
INSERT INTO PE_PE
	VALUES ("bec4a9e9-d0c2-4e51-ab16-1ee16f93dd4a",
	1,
	"bf32fd17-70ff-4d73-a190-478f0511ee82",
	"00000000-0000-0000-0000-000000000000",
	7);
INSERT INTO EP_PKG
	VALUES ("bec4a9e9-d0c2-4e51-ab16-1ee16f93dd4a",
	"00000000-0000-0000-0000-000000000000",
	"15b2a15d-7110-4efa-b644-89bd96e12c0e",
	'Increased Activity activity',
	'',
	0);
INSERT INTO PE_PE
	VALUES ("5ce95177-5ce3-4281-9c68-f3f479fea713",
	1,
	"bec4a9e9-d0c2-4e51-ab16-1ee16f93dd4a",
	"00000000-0000-0000-0000-000000000000",
	18);
INSERT INTO A_N
	VALUES ("5ce95177-5ce3-4281-9c68-f3f479fea713",
	"00000000-0000-0000-0000-000000000000");
INSERT INTO A_OBJ
	VALUES ("5ce95177-5ce3-4281-9c68-f3f479fea713",
	'Monitor',
	'');
INSERT INTO PE_PE
	VALUES ("a7c1d5b1-2fd5-48dd-8bfd-019f88f5ea29",
	1,
	"bec4a9e9-d0c2-4e51-ab16-1ee16f93dd4a",
	"00000000-0000-0000-0000-000000000000",
	18);
INSERT INTO A_N
	VALUES ("a7c1d5b1-2fd5-48dd-8bfd-019f88f5ea29",
	"00000000-0000-0000-0000-000000000000");
INSERT INTO A_OBJ
	VALUES ("a7c1d5b1-2fd5-48dd-8bfd-019f88f5ea29",
	'Pacer',
	'');
INSERT INTO PE_PE
	VALUES ("5b5e9aa9-6034-414d-afe3-3843a86d9ddd",
	1,
	"bec4a9e9-d0c2-4e51-ab16-1ee16f93dd4a",
	"00000000-0000-0000-0000-000000000000",
	18);
INSERT INTO A_N
	VALUES ("5b5e9aa9-6034-414d-afe3-3843a86d9ddd",
	"00000000-0000-0000-0000-000000000000");
INSERT INTO A_OBJ
	VALUES ("5b5e9aa9-6034-414d-afe3-3843a86d9ddd",
	'Host',
	'');
INSERT INTO PE_PE
	VALUES ("daad8e92-407a-484e-9c52-055631656a17",
	1,
	"bec4a9e9-d0c2-4e51-ab16-1ee16f93dd4a",
	"00000000-0000-0000-0000-000000000000",
	18);
INSERT INTO A_N
	VALUES ("daad8e92-407a-484e-9c52-055631656a17",
	"00000000-0000-0000-0000-000000000000");
INSERT INTO A_ACT
	VALUES ("daad8e92-407a-484e-9c52-055631656a17");
INSERT INTO A_GA
	VALUES ("daad8e92-407a-484e-9c52-055631656a17",
	'Check activity levels',
	'This action asks the associated low level monitor elements for the current
readings to determing the current activity level.');
INSERT INTO PE_PE
	VALUES ("2ba96415-ca8b-4131-ad46-08172165ee81",
	1,
	"bec4a9e9-d0c2-4e51-ab16-1ee16f93dd4a",
	"00000000-0000-0000-0000-000000000000",
	18);
INSERT INTO A_N
	VALUES ("2ba96415-ca8b-4131-ad46-08172165ee81",
	"00000000-0000-0000-0000-000000000000");
INSERT INTO A_CTL
	VALUES ("2ba96415-ca8b-4131-ad46-08172165ee81");
INSERT INTO A_DM
	VALUES ("2ba96415-ca8b-4131-ad46-08172165ee81",
	'increased activity?',
	'');
INSERT INTO PE_PE
	VALUES ("270fe796-2b93-40b5-95ab-ffd81cd6da72",
	1,
	"bec4a9e9-d0c2-4e51-ab16-1ee16f93dd4a",
	"00000000-0000-0000-0000-000000000000",
	18);
INSERT INTO A_N
	VALUES ("270fe796-2b93-40b5-95ab-ffd81cd6da72",
	"00000000-0000-0000-0000-000000000000");
INSERT INTO A_ACT
	VALUES ("270fe796-2b93-40b5-95ab-ffd81cd6da72");
INSERT INTO A_AE
	VALUES ("270fe796-2b93-40b5-95ab-ffd81cd6da72");
INSERT INTO A_AEA
	VALUES ("270fe796-2b93-40b5-95ab-ffd81cd6da72",
	'Accept increased activity',
	'');
INSERT INTO PE_PE
	VALUES ("6542ba5f-27c5-4658-9ce3-ffd3266cc008",
	1,
	"bec4a9e9-d0c2-4e51-ab16-1ee16f93dd4a",
	"00000000-0000-0000-0000-000000000000",
	18);
INSERT INTO A_N
	VALUES ("6542ba5f-27c5-4658-9ce3-ffd3266cc008",
	"00000000-0000-0000-0000-000000000000");
INSERT INTO A_ACT
	VALUES ("6542ba5f-27c5-4658-9ce3-ffd3266cc008");
INSERT INTO A_SS
	VALUES ("6542ba5f-27c5-4658-9ce3-ffd3266cc008",
	'Notify of increased activity',
	'');
INSERT INTO PE_PE
	VALUES ("2834e961-d563-4f5a-b570-01d82b844105",
	1,
	"bec4a9e9-d0c2-4e51-ab16-1ee16f93dd4a",
	"00000000-0000-0000-0000-000000000000",
	18);
INSERT INTO A_N
	VALUES ("2834e961-d563-4f5a-b570-01d82b844105",
	"00000000-0000-0000-0000-000000000000");
INSERT INTO A_ACT
	VALUES ("2834e961-d563-4f5a-b570-01d82b844105");
INSERT INTO A_GA
	VALUES ("2834e961-d563-4f5a-b570-01d82b844105",
	'Diastole',
	'');
INSERT INTO PE_PE
	VALUES ("9ddfb82d-1739-43a2-8a6a-2a223e1518c7",
	1,
	"bec4a9e9-d0c2-4e51-ab16-1ee16f93dd4a",
	"00000000-0000-0000-0000-000000000000",
	18);
INSERT INTO A_N
	VALUES ("9ddfb82d-1739-43a2-8a6a-2a223e1518c7",
	"00000000-0000-0000-0000-000000000000");
INSERT INTO A_ACT
	VALUES ("9ddfb82d-1739-43a2-8a6a-2a223e1518c7");
INSERT INTO A_GA
	VALUES ("9ddfb82d-1739-43a2-8a6a-2a223e1518c7",
	'Systole',
	'');
INSERT INTO PE_PE
	VALUES ("9e516589-d453-46a6-a543-50a5001a802e",
	1,
	"bec4a9e9-d0c2-4e51-ab16-1ee16f93dd4a",
	"00000000-0000-0000-0000-000000000000",
	18);
INSERT INTO A_N
	VALUES ("9e516589-d453-46a6-a543-50a5001a802e",
	"00000000-0000-0000-0000-000000000000");
INSERT INTO A_ACT
	VALUES ("9e516589-d453-46a6-a543-50a5001a802e");
INSERT INTO A_GA
	VALUES ("9e516589-d453-46a6-a543-50a5001a802e",
	'Synchronize with host',
	'');
INSERT INTO PE_PE
	VALUES ("cd101674-dc75-415e-a162-8e44ad3cf94e",
	1,
	"bec4a9e9-d0c2-4e51-ab16-1ee16f93dd4a",
	"00000000-0000-0000-0000-000000000000",
	18);
INSERT INTO A_N
	VALUES ("cd101674-dc75-415e-a162-8e44ad3cf94e",
	"00000000-0000-0000-0000-000000000000");
INSERT INTO A_CTL
	VALUES ("cd101674-dc75-415e-a162-8e44ad3cf94e");
INSERT INTO A_FJ
	VALUES ("cd101674-dc75-415e-a162-8e44ad3cf94e",
	'',
	'');
INSERT INTO PE_PE
	VALUES ("cd12cfb5-7ba2-4f0b-8306-cc20a27c3e40",
	1,
	"bec4a9e9-d0c2-4e51-ab16-1ee16f93dd4a",
	"00000000-0000-0000-0000-000000000000",
	18);
INSERT INTO A_N
	VALUES ("cd12cfb5-7ba2-4f0b-8306-cc20a27c3e40",
	"00000000-0000-0000-0000-000000000000");
INSERT INTO A_CTL
	VALUES ("cd12cfb5-7ba2-4f0b-8306-cc20a27c3e40");
INSERT INTO A_FJ
	VALUES ("cd12cfb5-7ba2-4f0b-8306-cc20a27c3e40",
	'',
	'');
INSERT INTO PE_PE
	VALUES ("568c519d-407e-4e77-be23-9b1d12803679",
	1,
	"bec4a9e9-d0c2-4e51-ab16-1ee16f93dd4a",
	"00000000-0000-0000-0000-000000000000",
	18);
INSERT INTO A_N
	VALUES ("568c519d-407e-4e77-be23-9b1d12803679",
	"00000000-0000-0000-0000-000000000000");
INSERT INTO A_CTL
	VALUES ("568c519d-407e-4e77-be23-9b1d12803679");
INSERT INTO A_DM
	VALUES ("568c519d-407e-4e77-be23-9b1d12803679",
	'recevied increased activity notification?',
	'');
INSERT INTO PE_PE
	VALUES ("41b43fdc-d619-43c2-bb7f-fedc9f0adfda",
	1,
	"bec4a9e9-d0c2-4e51-ab16-1ee16f93dd4a",
	"00000000-0000-0000-0000-000000000000",
	18);
INSERT INTO A_N
	VALUES ("41b43fdc-d619-43c2-bb7f-fedc9f0adfda",
	"00000000-0000-0000-0000-000000000000");
INSERT INTO A_ACT
	VALUES ("41b43fdc-d619-43c2-bb7f-fedc9f0adfda");
INSERT INTO A_GA
	VALUES ("41b43fdc-d619-43c2-bb7f-fedc9f0adfda",
	'Increase pulse frequency',
	'');
INSERT INTO PE_PE
	VALUES ("53e6916e-c482-47f8-93be-78085ed140b9",
	1,
	"bec4a9e9-d0c2-4e51-ab16-1ee16f93dd4a",
	"00000000-0000-0000-0000-000000000000",
	18);
INSERT INTO A_N
	VALUES ("53e6916e-c482-47f8-93be-78085ed140b9",
	"00000000-0000-0000-0000-000000000000");
INSERT INTO A_ACT
	VALUES ("53e6916e-c482-47f8-93be-78085ed140b9");
INSERT INTO A_GA
	VALUES ("53e6916e-c482-47f8-93be-78085ed140b9",
	'Generate pulse',
	'');
INSERT INTO PE_PE
	VALUES ("a48e4dc3-9322-4558-bdce-005bb2be35e9",
	1,
	"bec4a9e9-d0c2-4e51-ab16-1ee16f93dd4a",
	"00000000-0000-0000-0000-000000000000",
	18);
INSERT INTO A_N
	VALUES ("a48e4dc3-9322-4558-bdce-005bb2be35e9",
	"00000000-0000-0000-0000-000000000000");
INSERT INTO A_CTL
	VALUES ("a48e4dc3-9322-4558-bdce-005bb2be35e9");
INSERT INTO A_DM
	VALUES ("a48e4dc3-9322-4558-bdce-005bb2be35e9",
	'',
	'');
INSERT INTO PE_PE
	VALUES ("10dcf055-46cf-4d66-ba95-eaa6f69bb8ef",
	1,
	"bec4a9e9-d0c2-4e51-ab16-1ee16f93dd4a",
	"00000000-0000-0000-0000-000000000000",
	18);
INSERT INTO A_N
	VALUES ("10dcf055-46cf-4d66-ba95-eaa6f69bb8ef",
	"00000000-0000-0000-0000-000000000000");
INSERT INTO A_CTL
	VALUES ("10dcf055-46cf-4d66-ba95-eaa6f69bb8ef");
INSERT INTO A_DM
	VALUES ("10dcf055-46cf-4d66-ba95-eaa6f69bb8ef",
	'Diastole or Systole?',
	'');
INSERT INTO PE_PE
	VALUES ("a033a1a3-4316-4f20-bd2f-536d383d872d",
	1,
	"bec4a9e9-d0c2-4e51-ab16-1ee16f93dd4a",
	"00000000-0000-0000-0000-000000000000",
	18);
INSERT INTO A_N
	VALUES ("a033a1a3-4316-4f20-bd2f-536d383d872d",
	"00000000-0000-0000-0000-000000000000");
INSERT INTO A_CTL
	VALUES ("a033a1a3-4316-4f20-bd2f-536d383d872d");
INSERT INTO A_FJ
	VALUES ("a033a1a3-4316-4f20-bd2f-536d383d872d",
	'',
	'');
INSERT INTO PE_PE
	VALUES ("69e53cb3-2310-474a-9bca-29cfbb443e1f",
	1,
	"bec4a9e9-d0c2-4e51-ab16-1ee16f93dd4a",
	"00000000-0000-0000-0000-000000000000",
	18);
INSERT INTO A_N
	VALUES ("69e53cb3-2310-474a-9bca-29cfbb443e1f",
	"00000000-0000-0000-0000-000000000000");
INSERT INTO A_CTL
	VALUES ("69e53cb3-2310-474a-9bca-29cfbb443e1f");
INSERT INTO A_FJ
	VALUES ("69e53cb3-2310-474a-9bca-29cfbb443e1f",
	'',
	'');
INSERT INTO PE_PE
	VALUES ("4c96542c-dfcb-4293-9a74-71407335857a",
	1,
	"bec4a9e9-d0c2-4e51-ab16-1ee16f93dd4a",
	"00000000-0000-0000-0000-000000000000",
	18);
INSERT INTO A_N
	VALUES ("4c96542c-dfcb-4293-9a74-71407335857a",
	"00000000-0000-0000-0000-000000000000");
INSERT INTO A_CTL
	VALUES ("4c96542c-dfcb-4293-9a74-71407335857a");
INSERT INTO A_DM
	VALUES ("4c96542c-dfcb-4293-9a74-71407335857a",
	'',
	'');
INSERT INTO PE_PE
	VALUES ("d5ac842c-0e94-4cf1-ada9-cdaa020debbb",
	1,
	"bec4a9e9-d0c2-4e51-ab16-1ee16f93dd4a",
	"00000000-0000-0000-0000-000000000000",
	18);
INSERT INTO A_N
	VALUES ("d5ac842c-0e94-4cf1-ada9-cdaa020debbb",
	"00000000-0000-0000-0000-000000000000");
INSERT INTO A_CTL
	VALUES ("d5ac842c-0e94-4cf1-ada9-cdaa020debbb");
INSERT INTO A_DM
	VALUES ("d5ac842c-0e94-4cf1-ada9-cdaa020debbb",
	'',
	'');
INSERT INTO PE_PE
	VALUES ("92487def-0f6c-4ece-ba02-6196071cf3bf",
	1,
	"bec4a9e9-d0c2-4e51-ab16-1ee16f93dd4a",
	"00000000-0000-0000-0000-000000000000",
	18);
INSERT INTO A_N
	VALUES ("92487def-0f6c-4ece-ba02-6196071cf3bf",
	"00000000-0000-0000-0000-000000000000");
INSERT INTO A_CTL
	VALUES ("92487def-0f6c-4ece-ba02-6196071cf3bf");
INSERT INTO A_DM
	VALUES ("92487def-0f6c-4ece-ba02-6196071cf3bf",
	'',
	'');
INSERT INTO PE_PE
	VALUES ("1d749e0d-5435-4b1f-8ee4-b37295223890",
	1,
	"bec4a9e9-d0c2-4e51-ab16-1ee16f93dd4a",
	"00000000-0000-0000-0000-000000000000",
	18);
INSERT INTO A_N
	VALUES ("1d749e0d-5435-4b1f-8ee4-b37295223890",
	"00000000-0000-0000-0000-000000000000");
INSERT INTO A_CTL
	VALUES ("1d749e0d-5435-4b1f-8ee4-b37295223890");
INSERT INTO A_DM
	VALUES ("1d749e0d-5435-4b1f-8ee4-b37295223890",
	'',
	'');
INSERT INTO PE_PE
	VALUES ("b9b68334-fbde-4df3-8765-974890733593",
	1,
	"bec4a9e9-d0c2-4e51-ab16-1ee16f93dd4a",
	"00000000-0000-0000-0000-000000000000",
	11);
INSERT INTO A_AP
	VALUES ("b9b68334-fbde-4df3-8765-974890733593",
	"00000000-0000-0000-0000-000000000000",
	'',
	'');
INSERT INTO PE_PE
	VALUES ("fd86deb2-8d2e-4f21-86e1-2517ab92d6fa",
	1,
	"bec4a9e9-d0c2-4e51-ab16-1ee16f93dd4a",
	"00000000-0000-0000-0000-000000000000",
	11);
INSERT INTO A_AP
	VALUES ("fd86deb2-8d2e-4f21-86e1-2517ab92d6fa",
	"00000000-0000-0000-0000-000000000000",
	'',
	'');
INSERT INTO PE_PE
	VALUES ("adf4336b-7d2d-4cea-8516-f7bf2d3d5091",
	1,
	"bec4a9e9-d0c2-4e51-ab16-1ee16f93dd4a",
	"00000000-0000-0000-0000-000000000000",
	11);
INSERT INTO A_AP
	VALUES ("adf4336b-7d2d-4cea-8516-f7bf2d3d5091",
	"00000000-0000-0000-0000-000000000000",
	'',
	'');
INSERT INTO PE_PE
	VALUES ("5e253501-ae0d-4866-96fc-c9c0e9fb40ef",
	1,
	"bec4a9e9-d0c2-4e51-ab16-1ee16f93dd4a",
	"00000000-0000-0000-0000-000000000000",
	11);
INSERT INTO A_AP
	VALUES ("5e253501-ae0d-4866-96fc-c9c0e9fb40ef",
	"00000000-0000-0000-0000-000000000000",
	'',
	'');
INSERT INTO PE_PE
	VALUES ("6ff953ea-17ae-42b9-881f-0479131b3004",
	1,
	"bec4a9e9-d0c2-4e51-ab16-1ee16f93dd4a",
	"00000000-0000-0000-0000-000000000000",
	12);
INSERT INTO A_E
	VALUES ("6ff953ea-17ae-42b9-881f-0479131b3004",
	"00000000-0000-0000-0000-000000000000",
	'',
	'',
	"2ba96415-ca8b-4131-ad46-08172165ee81",
	"daad8e92-407a-484e-9c52-055631656a17");
INSERT INTO PE_PE
	VALUES ("9709f03f-8eba-49c7-b890-5e084cdfb2c4",
	1,
	"bec4a9e9-d0c2-4e51-ab16-1ee16f93dd4a",
	"00000000-0000-0000-0000-000000000000",
	12);
INSERT INTO A_E
	VALUES ("9709f03f-8eba-49c7-b890-5e084cdfb2c4",
	"00000000-0000-0000-0000-000000000000",
	'increased activity',
	'',
	"6542ba5f-27c5-4658-9ce3-ffd3266cc008",
	"2ba96415-ca8b-4131-ad46-08172165ee81");
INSERT INTO PE_PE
	VALUES ("c3e6ac7f-9c57-4c04-b857-c571aa0f89d3",
	1,
	"bec4a9e9-d0c2-4e51-ab16-1ee16f93dd4a",
	"00000000-0000-0000-0000-000000000000",
	12);
INSERT INTO A_E
	VALUES ("c3e6ac7f-9c57-4c04-b857-c571aa0f89d3",
	"00000000-0000-0000-0000-000000000000",
	'',
	'',
	"cd101674-dc75-415e-a162-8e44ad3cf94e",
	"2834e961-d563-4f5a-b570-01d82b844105");
INSERT INTO PE_PE
	VALUES ("7cc78350-7517-4f8b-91f5-0fa5ae5f075d",
	1,
	"bec4a9e9-d0c2-4e51-ab16-1ee16f93dd4a",
	"00000000-0000-0000-0000-000000000000",
	12);
INSERT INTO A_E
	VALUES ("7cc78350-7517-4f8b-91f5-0fa5ae5f075d",
	"00000000-0000-0000-0000-000000000000",
	'',
	'',
	"cd12cfb5-7ba2-4f0b-8306-cc20a27c3e40",
	"9ddfb82d-1739-43a2-8a6a-2a223e1518c7");
INSERT INTO PE_PE
	VALUES ("9573c2fe-63c5-433d-9d85-2a15d7241831",
	1,
	"bec4a9e9-d0c2-4e51-ab16-1ee16f93dd4a",
	"00000000-0000-0000-0000-000000000000",
	12);
INSERT INTO A_E
	VALUES ("9573c2fe-63c5-433d-9d85-2a15d7241831",
	"00000000-0000-0000-0000-000000000000",
	'increased activity',
	'',
	"41b43fdc-d619-43c2-bb7f-fedc9f0adfda",
	"568c519d-407e-4e77-be23-9b1d12803679");
INSERT INTO PE_PE
	VALUES ("38c7f449-4d42-4727-8adb-f526a3931dcf",
	1,
	"bec4a9e9-d0c2-4e51-ab16-1ee16f93dd4a",
	"00000000-0000-0000-0000-000000000000",
	12);
INSERT INTO A_E
	VALUES ("38c7f449-4d42-4727-8adb-f526a3931dcf",
	"00000000-0000-0000-0000-000000000000",
	'',
	'',
	"568c519d-407e-4e77-be23-9b1d12803679",
	"9e516589-d453-46a6-a543-50a5001a802e");
INSERT INTO PE_PE
	VALUES ("7008db3d-a10b-4d80-956f-38a0cd6d13c7",
	1,
	"bec4a9e9-d0c2-4e51-ab16-1ee16f93dd4a",
	"00000000-0000-0000-0000-000000000000",
	12);
INSERT INTO A_E
	VALUES ("7008db3d-a10b-4d80-956f-38a0cd6d13c7",
	"00000000-0000-0000-0000-000000000000",
	'',
	'',
	"a48e4dc3-9322-4558-bdce-005bb2be35e9",
	"41b43fdc-d619-43c2-bb7f-fedc9f0adfda");
INSERT INTO PE_PE
	VALUES ("9ad977ec-14ba-4412-afb5-63ec517902a8",
	1,
	"bec4a9e9-d0c2-4e51-ab16-1ee16f93dd4a",
	"00000000-0000-0000-0000-000000000000",
	12);
INSERT INTO A_E
	VALUES ("9ad977ec-14ba-4412-afb5-63ec517902a8",
	"00000000-0000-0000-0000-000000000000",
	'',
	'',
	"53e6916e-c482-47f8-93be-78085ed140b9",
	"a48e4dc3-9322-4558-bdce-005bb2be35e9");
INSERT INTO PE_PE
	VALUES ("1a8a0de4-e93d-44bd-a637-8f6cc9a9219d",
	1,
	"bec4a9e9-d0c2-4e51-ab16-1ee16f93dd4a",
	"00000000-0000-0000-0000-000000000000",
	12);
INSERT INTO A_E
	VALUES ("1a8a0de4-e93d-44bd-a637-8f6cc9a9219d",
	"00000000-0000-0000-0000-000000000000",
	'',
	'',
	"a033a1a3-4316-4f20-bd2f-536d383d872d",
	"6542ba5f-27c5-4658-9ce3-ffd3266cc008");
INSERT INTO PE_PE
	VALUES ("477126e0-1250-4774-8e15-ab3513bfa713",
	1,
	"bec4a9e9-d0c2-4e51-ab16-1ee16f93dd4a",
	"00000000-0000-0000-0000-000000000000",
	12);
INSERT INTO A_E
	VALUES ("477126e0-1250-4774-8e15-ab3513bfa713",
	"00000000-0000-0000-0000-000000000000",
	'',
	'',
	"270fe796-2b93-40b5-95ab-ffd81cd6da72",
	"a033a1a3-4316-4f20-bd2f-536d383d872d");
INSERT INTO PE_PE
	VALUES ("222396ff-3400-4aaa-a024-4ea9660d219a",
	1,
	"bec4a9e9-d0c2-4e51-ab16-1ee16f93dd4a",
	"00000000-0000-0000-0000-000000000000",
	12);
INSERT INTO A_E
	VALUES ("222396ff-3400-4aaa-a024-4ea9660d219a",
	"00000000-0000-0000-0000-000000000000",
	'',
	'',
	"69e53cb3-2310-474a-9bca-29cfbb443e1f",
	"53e6916e-c482-47f8-93be-78085ed140b9");
INSERT INTO PE_PE
	VALUES ("260c080c-cc6d-423a-8c8b-53dc1ca7a8e6",
	1,
	"bec4a9e9-d0c2-4e51-ab16-1ee16f93dd4a",
	"00000000-0000-0000-0000-000000000000",
	12);
INSERT INTO A_E
	VALUES ("260c080c-cc6d-423a-8c8b-53dc1ca7a8e6",
	"00000000-0000-0000-0000-000000000000",
	'',
	'',
	"10dcf055-46cf-4d66-ba95-eaa6f69bb8ef",
	"69e53cb3-2310-474a-9bca-29cfbb443e1f");
INSERT INTO PE_PE
	VALUES ("5678e4f3-e3ee-4b01-9cc2-1ac8e7ab4b17",
	1,
	"bec4a9e9-d0c2-4e51-ab16-1ee16f93dd4a",
	"00000000-0000-0000-0000-000000000000",
	12);
INSERT INTO A_E
	VALUES ("5678e4f3-e3ee-4b01-9cc2-1ac8e7ab4b17",
	"00000000-0000-0000-0000-000000000000",
	'',
	'',
	"4c96542c-dfcb-4293-9a74-71407335857a",
	"a7c1d5b1-2fd5-48dd-8bfd-019f88f5ea29");
INSERT INTO PE_PE
	VALUES ("670f9635-eb27-4ba2-a137-c6dd91f4ec8b",
	1,
	"bec4a9e9-d0c2-4e51-ab16-1ee16f93dd4a",
	"00000000-0000-0000-0000-000000000000",
	12);
INSERT INTO A_E
	VALUES ("670f9635-eb27-4ba2-a137-c6dd91f4ec8b",
	"00000000-0000-0000-0000-000000000000",
	'',
	'',
	"9e516589-d453-46a6-a543-50a5001a802e",
	"4c96542c-dfcb-4293-9a74-71407335857a");
INSERT INTO PE_PE
	VALUES ("e474fa07-66ad-4bb4-b2b3-b550108e756a",
	1,
	"bec4a9e9-d0c2-4e51-ab16-1ee16f93dd4a",
	"00000000-0000-0000-0000-000000000000",
	12);
INSERT INTO A_E
	VALUES ("e474fa07-66ad-4bb4-b2b3-b550108e756a",
	"00000000-0000-0000-0000-000000000000",
	'',
	'',
	"4c96542c-dfcb-4293-9a74-71407335857a",
	"270fe796-2b93-40b5-95ab-ffd81cd6da72");
INSERT INTO PE_PE
	VALUES ("71a3f0b6-01dd-406d-b312-081a23a055af",
	1,
	"bec4a9e9-d0c2-4e51-ab16-1ee16f93dd4a",
	"00000000-0000-0000-0000-000000000000",
	12);
INSERT INTO A_E
	VALUES ("71a3f0b6-01dd-406d-b312-081a23a055af",
	"00000000-0000-0000-0000-000000000000",
	'',
	'',
	"4c96542c-dfcb-4293-9a74-71407335857a",
	"69e53cb3-2310-474a-9bca-29cfbb443e1f");
INSERT INTO PE_PE
	VALUES ("9ce55f02-e77c-4ba3-82e7-b7aab3ba32ee",
	1,
	"bec4a9e9-d0c2-4e51-ab16-1ee16f93dd4a",
	"00000000-0000-0000-0000-000000000000",
	12);
INSERT INTO A_E
	VALUES ("9ce55f02-e77c-4ba3-82e7-b7aab3ba32ee",
	"00000000-0000-0000-0000-000000000000",
	'',
	'',
	"4c96542c-dfcb-4293-9a74-71407335857a",
	"cd12cfb5-7ba2-4f0b-8306-cc20a27c3e40");
INSERT INTO PE_PE
	VALUES ("17b1d52a-60da-4b64-89dc-b7addc7b3644",
	1,
	"bec4a9e9-d0c2-4e51-ab16-1ee16f93dd4a",
	"00000000-0000-0000-0000-000000000000",
	12);
INSERT INTO A_E
	VALUES ("17b1d52a-60da-4b64-89dc-b7addc7b3644",
	"00000000-0000-0000-0000-000000000000",
	'',
	'',
	"4c96542c-dfcb-4293-9a74-71407335857a",
	"cd101674-dc75-415e-a162-8e44ad3cf94e");
INSERT INTO PE_PE
	VALUES ("ceba46b3-a317-47d2-a24e-f5ba7a2027c1",
	1,
	"bec4a9e9-d0c2-4e51-ab16-1ee16f93dd4a",
	"00000000-0000-0000-0000-000000000000",
	12);
INSERT INTO A_E
	VALUES ("ceba46b3-a317-47d2-a24e-f5ba7a2027c1",
	"00000000-0000-0000-0000-000000000000",
	'',
	'',
	"d5ac842c-0e94-4cf1-ada9-cdaa020debbb",
	"5ce95177-5ce3-4281-9c68-f3f479fea713");
INSERT INTO PE_PE
	VALUES ("93f9f510-b7b3-4e88-9ee8-8121b28eb013",
	1,
	"bec4a9e9-d0c2-4e51-ab16-1ee16f93dd4a",
	"00000000-0000-0000-0000-000000000000",
	12);
INSERT INTO A_E
	VALUES ("93f9f510-b7b3-4e88-9ee8-8121b28eb013",
	"00000000-0000-0000-0000-000000000000",
	'',
	'',
	"daad8e92-407a-484e-9c52-055631656a17",
	"d5ac842c-0e94-4cf1-ada9-cdaa020debbb");
INSERT INTO PE_PE
	VALUES ("7f098d9b-bc59-421d-8028-8720a7331067",
	1,
	"bec4a9e9-d0c2-4e51-ab16-1ee16f93dd4a",
	"00000000-0000-0000-0000-000000000000",
	12);
INSERT INTO A_E
	VALUES ("7f098d9b-bc59-421d-8028-8720a7331067",
	"00000000-0000-0000-0000-000000000000",
	'',
	'',
	"d5ac842c-0e94-4cf1-ada9-cdaa020debbb",
	"a033a1a3-4316-4f20-bd2f-536d383d872d");
INSERT INTO PE_PE
	VALUES ("e714a69e-be7c-4e01-870d-e7bbf45cad83",
	1,
	"bec4a9e9-d0c2-4e51-ab16-1ee16f93dd4a",
	"00000000-0000-0000-0000-000000000000",
	12);
INSERT INTO A_E
	VALUES ("e714a69e-be7c-4e01-870d-e7bbf45cad83",
	"00000000-0000-0000-0000-000000000000",
	'normal activity',
	'',
	"d5ac842c-0e94-4cf1-ada9-cdaa020debbb",
	"2ba96415-ca8b-4131-ad46-08172165ee81");
INSERT INTO PE_PE
	VALUES ("1982c741-fb3d-470b-95fa-413dc7970d30",
	1,
	"bec4a9e9-d0c2-4e51-ab16-1ee16f93dd4a",
	"00000000-0000-0000-0000-000000000000",
	12);
INSERT INTO A_E
	VALUES ("1982c741-fb3d-470b-95fa-413dc7970d30",
	"00000000-0000-0000-0000-000000000000",
	'',
	'',
	"92487def-0f6c-4ece-ba02-6196071cf3bf",
	"cd101674-dc75-415e-a162-8e44ad3cf94e");
INSERT INTO PE_PE
	VALUES ("844cb22f-3ff1-4b7d-bf3b-31dd7121f7bb",
	1,
	"bec4a9e9-d0c2-4e51-ab16-1ee16f93dd4a",
	"00000000-0000-0000-0000-000000000000",
	12);
INSERT INTO A_E
	VALUES ("844cb22f-3ff1-4b7d-bf3b-31dd7121f7bb",
	"00000000-0000-0000-0000-000000000000",
	'',
	'',
	"9ddfb82d-1739-43a2-8a6a-2a223e1518c7",
	"92487def-0f6c-4ece-ba02-6196071cf3bf");
INSERT INTO PE_PE
	VALUES ("45d017a4-9ad8-48f0-a6d1-65b6cf09bd79",
	1,
	"bec4a9e9-d0c2-4e51-ab16-1ee16f93dd4a",
	"00000000-0000-0000-0000-000000000000",
	12);
INSERT INTO A_E
	VALUES ("45d017a4-9ad8-48f0-a6d1-65b6cf09bd79",
	"00000000-0000-0000-0000-000000000000",
	'systole',
	'',
	"92487def-0f6c-4ece-ba02-6196071cf3bf",
	"10dcf055-46cf-4d66-ba95-eaa6f69bb8ef");
INSERT INTO PE_PE
	VALUES ("20821e38-4cee-4639-a809-1ab6dfb21dc6",
	1,
	"bec4a9e9-d0c2-4e51-ab16-1ee16f93dd4a",
	"00000000-0000-0000-0000-000000000000",
	12);
INSERT INTO A_E
	VALUES ("20821e38-4cee-4639-a809-1ab6dfb21dc6",
	"00000000-0000-0000-0000-000000000000",
	'',
	'',
	"1d749e0d-5435-4b1f-8ee4-b37295223890",
	"5b5e9aa9-6034-414d-afe3-3843a86d9ddd");
INSERT INTO PE_PE
	VALUES ("45f116d9-26f5-4a00-b9ff-fb671e672cb0",
	1,
	"bec4a9e9-d0c2-4e51-ab16-1ee16f93dd4a",
	"00000000-0000-0000-0000-000000000000",
	12);
INSERT INTO A_E
	VALUES ("45f116d9-26f5-4a00-b9ff-fb671e672cb0",
	"00000000-0000-0000-0000-000000000000",
	'',
	'',
	"2834e961-d563-4f5a-b570-01d82b844105",
	"1d749e0d-5435-4b1f-8ee4-b37295223890");
INSERT INTO PE_PE
	VALUES ("6cb61536-d2a3-4fe7-95e9-489ea482b7da",
	1,
	"bec4a9e9-d0c2-4e51-ab16-1ee16f93dd4a",
	"00000000-0000-0000-0000-000000000000",
	12);
INSERT INTO A_E
	VALUES ("6cb61536-d2a3-4fe7-95e9-489ea482b7da",
	"00000000-0000-0000-0000-000000000000",
	'diastole',
	'',
	"1d749e0d-5435-4b1f-8ee4-b37295223890",
	"10dcf055-46cf-4d66-ba95-eaa6f69bb8ef");
INSERT INTO PE_PE
	VALUES ("3c366600-3645-4273-a7bd-36c013c4842a",
	1,
	"bec4a9e9-d0c2-4e51-ab16-1ee16f93dd4a",
	"00000000-0000-0000-0000-000000000000",
	12);
INSERT INTO A_E
	VALUES ("3c366600-3645-4273-a7bd-36c013c4842a",
	"00000000-0000-0000-0000-000000000000",
	'',
	'',
	"1d749e0d-5435-4b1f-8ee4-b37295223890",
	"cd12cfb5-7ba2-4f0b-8306-cc20a27c3e40");
INSERT INTO PE_PE
	VALUES ("805abddd-63f4-4e90-a3be-6cb8825d24cd",
	1,
	"bec4a9e9-d0c2-4e51-ab16-1ee16f93dd4a",
	"00000000-0000-0000-0000-000000000000",
	12);
INSERT INTO A_E
	VALUES ("805abddd-63f4-4e90-a3be-6cb8825d24cd",
	"00000000-0000-0000-0000-000000000000",
	'normal activity',
	'',
	"a48e4dc3-9322-4558-bdce-005bb2be35e9",
	"568c519d-407e-4e77-be23-9b1d12803679");
INSERT INTO PE_PE
	VALUES ("97973cef-d3f8-499d-a9fe-12bcdae29193",
	1,
	"bf32fd17-70ff-4d73-a190-478f0511ee82",
	"00000000-0000-0000-0000-000000000000",
	7);
INSERT INTO EP_PKG
	VALUES ("97973cef-d3f8-499d-a9fe-12bcdae29193",
	"00000000-0000-0000-0000-000000000000",
	"15b2a15d-7110-4efa-b644-89bd96e12c0e",
	'Increased Activity sd',
	'',
	0);
INSERT INTO PE_PE
	VALUES ("17b7b86e-9b2d-466e-8122-3d91ebe94993",
	1,
	"97973cef-d3f8-499d-a9fe-12bcdae29193",
	"00000000-0000-0000-0000-000000000000",
	14);
INSERT INTO SQ_P
	VALUES ("17b7b86e-9b2d-466e-8122-3d91ebe94993",
	"00000000-0000-0000-0000-000000000000");
INSERT INTO SQ_CIP
	VALUES ("17b7b86e-9b2d-466e-8122-3d91ebe94993",
	"37df0e10-44eb-42cf-a2b2-562eaeaa8b91",
	'Pacer1',
	'Informal Class',
	'Pacer1 : pacer',
	'',
	1);
INSERT INTO SQ_AV
	VALUES ("cd82f171-eb1a-4c5b-9d13-05119020b7bb",
	"37df0e10-44eb-42cf-a2b2-562eaeaa8b91",
	"1f8fb69b-ff69-4d22-a435-be104c488376",
	'systolic_tolerance',
	'',
	'',
	"00000000-0000-0000-0000-000000000000",
	"17b7b86e-9b2d-466e-8122-3d91ebe94993",
	'',
	1);
INSERT INTO SQ_FAV
	VALUES ("cd82f171-eb1a-4c5b-9d13-05119020b7bb");
INSERT INTO SQ_AV
	VALUES ("63626cb2-beb2-4e42-9193-7a745bf31573",
	"37df0e10-44eb-42cf-a2b2-562eaeaa8b91",
	"243b5417-e7e1-4d36-94fa-03e3b6159880",
	'diastolic_tolerance',
	'',
	'',
	"00000000-0000-0000-0000-000000000000",
	"17b7b86e-9b2d-466e-8122-3d91ebe94993",
	'',
	1);
INSERT INTO SQ_FAV
	VALUES ("63626cb2-beb2-4e42-9193-7a745bf31573");
INSERT INTO SQ_AV
	VALUES ("adf8b1e6-cf58-4512-9e5c-2d0d164f6416",
	"37df0e10-44eb-42cf-a2b2-562eaeaa8b91",
	"f4962745-a2d2-499c-8574-3f3c18e95ff1",
	'current_state',
	'',
	'',
	"00000000-0000-0000-0000-000000000000",
	"17b7b86e-9b2d-466e-8122-3d91ebe94993",
	'',
	1);
INSERT INTO SQ_FAV
	VALUES ("adf8b1e6-cf58-4512-9e5c-2d0d164f6416");
INSERT INTO SQ_AV
	VALUES ("b5a7b182-48c4-4248-8f51-63108daf9148",
	"37df0e10-44eb-42cf-a2b2-562eaeaa8b91",
	"30acaacb-b85a-4399-bdda-a483e946d98e",
	'cycle_count',
	'',
	'',
	"00000000-0000-0000-0000-000000000000",
	"17b7b86e-9b2d-466e-8122-3d91ebe94993",
	'',
	1);
INSERT INTO SQ_FAV
	VALUES ("b5a7b182-48c4-4248-8f51-63108daf9148");
INSERT INTO SQ_AV
	VALUES ("2438a087-a928-46f5-a436-bd1f93da5ab2",
	"37df0e10-44eb-42cf-a2b2-562eaeaa8b91",
	"40761c35-6334-4d6b-b757-b55282ee4019",
	'timeout_timer',
	'',
	'',
	"00000000-0000-0000-0000-000000000000",
	"17b7b86e-9b2d-466e-8122-3d91ebe94993",
	'',
	1);
INSERT INTO SQ_FAV
	VALUES ("2438a087-a928-46f5-a436-bd1f93da5ab2");
INSERT INTO SQ_AV
	VALUES ("ba1091df-b384-48d3-919b-c112ef16091f",
	"37df0e10-44eb-42cf-a2b2-562eaeaa8b91",
	"de3bd1ca-a337-4d2b-bf0e-cd900d7cf312",
	'systolic_timeout',
	'',
	'',
	"00000000-0000-0000-0000-000000000000",
	"17b7b86e-9b2d-466e-8122-3d91ebe94993",
	'',
	1);
INSERT INTO SQ_FAV
	VALUES ("ba1091df-b384-48d3-919b-c112ef16091f");
INSERT INTO SQ_AV
	VALUES ("3c28dcda-f310-469e-96d3-b421bbf8ec46",
	"37df0e10-44eb-42cf-a2b2-562eaeaa8b91",
	"012e9d7d-a08d-4a55-94c5-e3a1e9c6ea02",
	'diastolic_timeout',
	'',
	'',
	"00000000-0000-0000-0000-000000000000",
	"17b7b86e-9b2d-466e-8122-3d91ebe94993",
	'',
	1);
INSERT INTO SQ_FAV
	VALUES ("3c28dcda-f310-469e-96d3-b421bbf8ec46");
INSERT INTO PE_PE
	VALUES ("0125b240-17d3-4939-bfc2-fae93644beae",
	1,
	"97973cef-d3f8-499d-a9fe-12bcdae29193",
	"00000000-0000-0000-0000-000000000000",
	14);
INSERT INTO SQ_P
	VALUES ("0125b240-17d3-4939-bfc2-fae93644beae",
	"00000000-0000-0000-0000-000000000000");
INSERT INTO MSG_M
	VALUES ("540a12ed-2724-4539-b98d-536147e0c855",
	"045acd3b-e32a-4e2f-990a-5ff7d0fbc181",
	"0125b240-17d3-4939-bfc2-fae93644beae",
	0);
INSERT INTO MSG_AM
	VALUES ("540a12ed-2724-4539-b98d-536147e0c855",
	'Informal Message',
	'',
	'blood_temp > 37.5 or respiratory_rate > 18',
	'',
	'',
	0,
	'Informal Message',
	'');
INSERT INTO MSG_IAM
	VALUES ("540a12ed-2724-4539-b98d-536147e0c855");
INSERT INTO SQ_LS
	VALUES ("0125b240-17d3-4939-bfc2-fae93644beae",
	"17b7b86e-9b2d-466e-8122-3d91ebe94993",
	'',
	0);
INSERT INTO PE_PE
	VALUES ("091fd87a-2aba-446f-a1a7-b24e0b70f99b",
	1,
	"97973cef-d3f8-499d-a9fe-12bcdae29193",
	"00000000-0000-0000-0000-000000000000",
	14);
INSERT INTO SQ_P
	VALUES ("091fd87a-2aba-446f-a1a7-b24e0b70f99b",
	"00000000-0000-0000-0000-000000000000");
INSERT INTO SQ_CIP
	VALUES ("091fd87a-2aba-446f-a1a7-b24e0b70f99b",
	"00000000-0000-0000-0000-000000000000",
	'HostMonitor1',
	'Informal Class',
	'HostMonitor1 : Informal Class',
	'',
	0);
INSERT INTO PE_PE
	VALUES ("045acd3b-e32a-4e2f-990a-5ff7d0fbc181",
	1,
	"97973cef-d3f8-499d-a9fe-12bcdae29193",
	"00000000-0000-0000-0000-000000000000",
	14);
INSERT INTO SQ_P
	VALUES ("045acd3b-e32a-4e2f-990a-5ff7d0fbc181",
	"00000000-0000-0000-0000-000000000000");
INSERT INTO MSG_M
	VALUES ("68ab4ba3-6c5d-4280-bb2b-da52b69b7772",
	"045acd3b-e32a-4e2f-990a-5ff7d0fbc181",
	"045acd3b-e32a-4e2f-990a-5ff7d0fbc181",
	0);
INSERT INTO MSG_AM
	VALUES ("68ab4ba3-6c5d-4280-bb2b-da52b69b7772",
	'Informal Message',
	'',
	'',
	'',
	'',
	0,
	'Informal Message',
	'');
INSERT INTO MSG_IAM
	VALUES ("68ab4ba3-6c5d-4280-bb2b-da52b69b7772");
INSERT INTO MSG_M
	VALUES ("b61f7ae4-0974-46dd-b478-0f0ad048ca73",
	"045acd3b-e32a-4e2f-990a-5ff7d0fbc181",
	"045acd3b-e32a-4e2f-990a-5ff7d0fbc181",
	0);
INSERT INTO MSG_AM
	VALUES ("b61f7ae4-0974-46dd-b478-0f0ad048ca73",
	'Informal Message',
	'',
	'',
	'',
	'',
	0,
	'Informal Message',
	'');
INSERT INTO MSG_IAM
	VALUES ("b61f7ae4-0974-46dd-b478-0f0ad048ca73");
INSERT INTO SQ_LS
	VALUES ("045acd3b-e32a-4e2f-990a-5ff7d0fbc181",
	"091fd87a-2aba-446f-a1a7-b24e0b70f99b",
	'',
	0);
INSERT INTO SQ_TM
	VALUES ("4da532f3-f037-4871-a3a2-0b08870ffab7",
	'increased activity detection',
	"045acd3b-e32a-4e2f-990a-5ff7d0fbc181",
	'');
INSERT INTO SQ_TS
	VALUES ("8b65591c-ad6f-4648-8dab-319cfbb9d023",
	"bd0f8dd4-e69d-453a-b3b0-a1794e09fc41",
	"4da532f3-f037-4871-a3a2-0b08870ffab7",
	'< 10ms',
	'');
INSERT INTO SQ_TM
	VALUES ("bd0f8dd4-e69d-453a-b3b0-a1794e09fc41",
	'notification sent',
	"045acd3b-e32a-4e2f-990a-5ff7d0fbc181",
	'');
INSERT INTO PE_PE
	VALUES ("68deb326-80d3-42b3-9747-4717b93e3cf3",
	1,
	"97973cef-d3f8-499d-a9fe-12bcdae29193",
	"00000000-0000-0000-0000-000000000000",
	14);
INSERT INTO SQ_P
	VALUES ("68deb326-80d3-42b3-9747-4717b93e3cf3",
	"00000000-0000-0000-0000-000000000000");
INSERT INTO SQ_CIP
	VALUES ("68deb326-80d3-42b3-9747-4717b93e3cf3",
	"00000000-0000-0000-0000-000000000000",
	'TemperatureMonitor1',
	'Informal Class',
	'TemperatureMonitor1 : Informal Class',
	'',
	0);
INSERT INTO PE_PE
	VALUES ("f513ff79-f4ee-49ff-86e4-19e18ba3a8de",
	1,
	"97973cef-d3f8-499d-a9fe-12bcdae29193",
	"00000000-0000-0000-0000-000000000000",
	14);
INSERT INTO SQ_P
	VALUES ("f513ff79-f4ee-49ff-86e4-19e18ba3a8de",
	"00000000-0000-0000-0000-000000000000");
INSERT INTO SQ_CIP
	VALUES ("f513ff79-f4ee-49ff-86e4-19e18ba3a8de",
	"00000000-0000-0000-0000-000000000000",
	'Respiratory Monitor',
	'Informal Class',
	'Respiratory Monitor : Informal Class',
	'',
	0);
INSERT INTO PE_PE
	VALUES ("d6cc1993-aba8-45a5-bc42-3ff466bc3f3e",
	1,
	"97973cef-d3f8-499d-a9fe-12bcdae29193",
	"00000000-0000-0000-0000-000000000000",
	14);
INSERT INTO SQ_P
	VALUES ("d6cc1993-aba8-45a5-bc42-3ff466bc3f3e",
	"00000000-0000-0000-0000-000000000000");
INSERT INTO MSG_M
	VALUES ("09a6ec69-9074-40c6-b1a4-674e26bd8c4b",
	"045acd3b-e32a-4e2f-990a-5ff7d0fbc181",
	"d6cc1993-aba8-45a5-bc42-3ff466bc3f3e",
	0);
INSERT INTO MSG_SM
	VALUES ("09a6ec69-9074-40c6-b1a4-674e26bd8c4b",
	'Informal Message',
	'',
	'',
	'lastTemp',
	'37.84',
	0,
	'Informal Message',
	'');
INSERT INTO MSG_ISM
	VALUES ("09a6ec69-9074-40c6-b1a4-674e26bd8c4b");
INSERT INTO SQ_LS
	VALUES ("d6cc1993-aba8-45a5-bc42-3ff466bc3f3e",
	"68deb326-80d3-42b3-9747-4717b93e3cf3",
	'',
	0);
INSERT INTO PE_PE
	VALUES ("5487f304-45d3-4625-971c-7a22c0b8db74",
	1,
	"97973cef-d3f8-499d-a9fe-12bcdae29193",
	"00000000-0000-0000-0000-000000000000",
	14);
INSERT INTO SQ_P
	VALUES ("5487f304-45d3-4625-971c-7a22c0b8db74",
	"00000000-0000-0000-0000-000000000000");
INSERT INTO MSG_M
	VALUES ("ac1fe6f6-11c7-40d5-90cc-bb257ed4631a",
	"045acd3b-e32a-4e2f-990a-5ff7d0fbc181",
	"5487f304-45d3-4625-971c-7a22c0b8db74",
	0);
INSERT INTO MSG_SM
	VALUES ("ac1fe6f6-11c7-40d5-90cc-bb257ed4631a",
	'Informal Message',
	'',
	'',
	'lastRate',
	'35',
	0,
	'Informal Message',
	'');
INSERT INTO MSG_ISM
	VALUES ("ac1fe6f6-11c7-40d5-90cc-bb257ed4631a");
INSERT INTO SQ_LS
	VALUES ("5487f304-45d3-4625-971c-7a22c0b8db74",
	"f513ff79-f4ee-49ff-86e4-19e18ba3a8de",
	'',
	0);
INSERT INTO PE_PE
	VALUES ("09a6ec69-9074-40c6-b1a4-674e26bd8c4b",
	1,
	"97973cef-d3f8-499d-a9fe-12bcdae29193",
	"00000000-0000-0000-0000-000000000000",
	17);
INSERT INTO PE_PE
	VALUES ("ac1fe6f6-11c7-40d5-90cc-bb257ed4631a",
	1,
	"97973cef-d3f8-499d-a9fe-12bcdae29193",
	"00000000-0000-0000-0000-000000000000",
	17);
INSERT INTO PE_PE
	VALUES ("540a12ed-2724-4539-b98d-536147e0c855",
	1,
	"97973cef-d3f8-499d-a9fe-12bcdae29193",
	"00000000-0000-0000-0000-000000000000",
	17);
INSERT INTO PE_PE
	VALUES ("68ab4ba3-6c5d-4280-bb2b-da52b69b7772",
	1,
	"97973cef-d3f8-499d-a9fe-12bcdae29193",
	"00000000-0000-0000-0000-000000000000",
	17);
INSERT INTO PE_PE
	VALUES ("b61f7ae4-0974-46dd-b478-0f0ad048ca73",
	1,
	"97973cef-d3f8-499d-a9fe-12bcdae29193",
	"00000000-0000-0000-0000-000000000000",
	17);
INSERT INTO PE_PE
	VALUES ("43ef2b15-ca85-4abd-9687-17baabee71d7",
	1,
	"bf32fd17-70ff-4d73-a190-478f0511ee82",
	"00000000-0000-0000-0000-000000000000",
	7);
INSERT INTO EP_PKG
	VALUES ("43ef2b15-ca85-4abd-9687-17baabee71d7",
	"00000000-0000-0000-0000-000000000000",
	"15b2a15d-7110-4efa-b644-89bd96e12c0e",
	'Increased Activity comm',
	'',
	0);
INSERT INTO PE_PE
	VALUES ("b4d5fe72-30fc-4b2f-b2cc-a11ac9340459",
	1,
	"43ef2b15-ca85-4abd-9687-17baabee71d7",
	"00000000-0000-0000-0000-000000000000",
	14);
INSERT INTO SQ_P
	VALUES ("b4d5fe72-30fc-4b2f-b2cc-a11ac9340459",
	"00000000-0000-0000-0000-000000000000");
INSERT INTO SQ_CIP
	VALUES ("b4d5fe72-30fc-4b2f-b2cc-a11ac9340459",
	"37df0e10-44eb-42cf-a2b2-562eaeaa8b91",
	'Pacer1',
	'Pacer',
	'Pacer1 : pacer',
	'The pacer instance has an increased amount of signals delivered during Increased
Activity.  This allows the Pacer to deliver the appropriate number of beats to
accomodate the heart under the increased activity.',
	1);
INSERT INTO SQ_AV
	VALUES ("75fe9897-5a5c-46f1-864a-55c82d68f4d2",
	"00000000-0000-0000-0000-000000000000",
	"00000000-0000-0000-0000-000000000000",
	'Informal Attribute',
	'',
	'Informal Attribute',
	"b4d5fe72-30fc-4b2f-b2cc-a11ac9340459",
	"00000000-0000-0000-0000-000000000000",
	'',
	0);
INSERT INTO SQ_AV
	VALUES ("5cd54a3c-9c33-4104-b396-a6100a12d4bb",
	"37df0e10-44eb-42cf-a2b2-562eaeaa8b91",
	"1f8fb69b-ff69-4d22-a435-be104c488376",
	'systolic_tolerance',
	'',
	'',
	"00000000-0000-0000-0000-000000000000",
	"b4d5fe72-30fc-4b2f-b2cc-a11ac9340459",
	'',
	1);
INSERT INTO SQ_FAV
	VALUES ("5cd54a3c-9c33-4104-b396-a6100a12d4bb");
INSERT INTO SQ_AV
	VALUES ("d04aa1fd-6f36-4822-8677-206e65cf7c58",
	"37df0e10-44eb-42cf-a2b2-562eaeaa8b91",
	"243b5417-e7e1-4d36-94fa-03e3b6159880",
	'diastolic_tolerance',
	'',
	'',
	"00000000-0000-0000-0000-000000000000",
	"b4d5fe72-30fc-4b2f-b2cc-a11ac9340459",
	'',
	1);
INSERT INTO SQ_FAV
	VALUES ("d04aa1fd-6f36-4822-8677-206e65cf7c58");
INSERT INTO SQ_AV
	VALUES ("5531b176-a963-4304-873e-1ae15bd4853c",
	"37df0e10-44eb-42cf-a2b2-562eaeaa8b91",
	"f4962745-a2d2-499c-8574-3f3c18e95ff1",
	'current_state',
	'',
	'',
	"00000000-0000-0000-0000-000000000000",
	"b4d5fe72-30fc-4b2f-b2cc-a11ac9340459",
	'',
	1);
INSERT INTO SQ_FAV
	VALUES ("5531b176-a963-4304-873e-1ae15bd4853c");
INSERT INTO SQ_AV
	VALUES ("aaedd880-8fd8-40f2-9ef0-2a3ccd17d152",
	"37df0e10-44eb-42cf-a2b2-562eaeaa8b91",
	"30acaacb-b85a-4399-bdda-a483e946d98e",
	'cycle_count',
	'',
	'',
	"00000000-0000-0000-0000-000000000000",
	"b4d5fe72-30fc-4b2f-b2cc-a11ac9340459",
	'',
	1);
INSERT INTO SQ_FAV
	VALUES ("aaedd880-8fd8-40f2-9ef0-2a3ccd17d152");
INSERT INTO SQ_AV
	VALUES ("22179a7b-6dad-42f8-895e-41fef928e676",
	"37df0e10-44eb-42cf-a2b2-562eaeaa8b91",
	"40761c35-6334-4d6b-b757-b55282ee4019",
	'timeout_timer',
	'',
	'',
	"00000000-0000-0000-0000-000000000000",
	"b4d5fe72-30fc-4b2f-b2cc-a11ac9340459",
	'',
	1);
INSERT INTO SQ_FAV
	VALUES ("22179a7b-6dad-42f8-895e-41fef928e676");
INSERT INTO SQ_AV
	VALUES ("6612f351-6394-4d45-a070-bf7c70cb6884",
	"37df0e10-44eb-42cf-a2b2-562eaeaa8b91",
	"de3bd1ca-a337-4d2b-bf0e-cd900d7cf312",
	'systolic_timeout',
	'',
	'',
	"00000000-0000-0000-0000-000000000000",
	"b4d5fe72-30fc-4b2f-b2cc-a11ac9340459",
	'',
	1);
INSERT INTO SQ_FAV
	VALUES ("6612f351-6394-4d45-a070-bf7c70cb6884");
INSERT INTO SQ_AV
	VALUES ("466cc2f4-42b1-4c9b-90df-d5605e197c5e",
	"37df0e10-44eb-42cf-a2b2-562eaeaa8b91",
	"012e9d7d-a08d-4a55-94c5-e3a1e9c6ea02",
	'diastolic_timeout',
	'',
	'',
	"00000000-0000-0000-0000-000000000000",
	"b4d5fe72-30fc-4b2f-b2cc-a11ac9340459",
	'',
	1);
INSERT INTO SQ_FAV
	VALUES ("466cc2f4-42b1-4c9b-90df-d5605e197c5e");
INSERT INTO COMM_LNK
	VALUES ("93db3196-6776-4630-ae3f-185bbcf367fa",
	"00000000-0000-0000-0000-000000000000",
	'',
	'The R1 link allows for a Host Monitor to help control a Pacer when certain
environmental values have changed.',
	'notifies of increased activity',
	'',
	0,
	0,
	0,
	"b4d5fe72-30fc-4b2f-b2cc-a11ac9340459",
	"5bafe46a-78f1-41a3-b136-54ea0fe9d0e9");
INSERT INTO PE_PE
	VALUES ("5bbc61b0-b12a-4852-b020-6d678a1ad0c1",
	1,
	"43ef2b15-ca85-4abd-9687-17baabee71d7",
	"00000000-0000-0000-0000-000000000000",
	14);
INSERT INTO SQ_P
	VALUES ("5bbc61b0-b12a-4852-b020-6d678a1ad0c1",
	"00000000-0000-0000-0000-000000000000");
INSERT INTO SQ_CIP
	VALUES ("5bbc61b0-b12a-4852-b020-6d678a1ad0c1",
	"39bf89fb-5ccd-41c6-9947-87aba6c1c824",
	'TemperatureMonitor1',
	'TemperatureMonitor',
	'TemperatureMonitor1 : Temperature Monitor',
	'The TemperatureMonitor monitors the current temperature of the host''s blood.',
	1);
INSERT INTO SQ_AV
	VALUES ("b5161b32-07b2-4aae-a41e-e2f5f678d1aa",
	"00000000-0000-0000-0000-000000000000",
	"00000000-0000-0000-0000-000000000000",
	'current_temp = 37.84',
	'37.84',
	'current_temp',
	"5bbc61b0-b12a-4852-b020-6d678a1ad0c1",
	"00000000-0000-0000-0000-000000000000",
	'',
	0);
INSERT INTO COMM_LNK
	VALUES ("96767e7b-ce2f-4b4f-abb4-ed8cce7e9e36",
	"d645fe2e-8801-4e24-8a41-d568dfba3317",
	'2',
	'The R2 Link allows for the HostMonitor to communicate with a temperature
monitor.  Allowing for readings of the hots''s current temperature.',
	'',
	'provides temperature monitoring',
	1,
	0,
	0,
	"5bbc61b0-b12a-4852-b020-6d678a1ad0c1",
	"5bafe46a-78f1-41a3-b136-54ea0fe9d0e9");
INSERT INTO PE_PE
	VALUES ("e716b809-5690-4349-9924-45d07d119120",
	1,
	"43ef2b15-ca85-4abd-9687-17baabee71d7",
	"00000000-0000-0000-0000-000000000000",
	14);
INSERT INTO SQ_P
	VALUES ("e716b809-5690-4349-9924-45d07d119120",
	"00000000-0000-0000-0000-000000000000");
INSERT INTO SQ_CIP
	VALUES ("e716b809-5690-4349-9924-45d07d119120",
	"2ee04072-4080-4ee3-98be-dcbda7b06c6d",
	'RespiratoryMonitor1',
	'RespiratoryMonitor',
	'RespiratoryMonitor1 : Respiratory Monitor',
	'The RespiratoryMonitor continually measures the host''s breaths per minute.',
	1);
INSERT INTO SQ_AV
	VALUES ("c89156e3-b184-4eb8-87e9-235bcd414dc3",
	"00000000-0000-0000-0000-000000000000",
	"00000000-0000-0000-0000-000000000000",
	'current_rate = 35 bpms',
	'35 bpms',
	'current_rate',
	"e716b809-5690-4349-9924-45d07d119120",
	"00000000-0000-0000-0000-000000000000",
	'',
	0);
INSERT INTO COMM_LNK
	VALUES ("6442b060-99fa-42dc-ac68-cbb2490905ea",
	"4a3af8fc-5a0f-431b-b1a8-ae27e75f53bf",
	'3',
	'The R3 Link allows for a HostMonitor to have access to a continually measured
respiratory value.  The Respiratory Monitor measures the value in breaths per
minute.',
	'',
	'provides respiratory monitoring',
	1,
	0,
	0,
	"e716b809-5690-4349-9924-45d07d119120",
	"5bafe46a-78f1-41a3-b136-54ea0fe9d0e9");
INSERT INTO PE_PE
	VALUES ("5bafe46a-78f1-41a3-b136-54ea0fe9d0e9",
	1,
	"43ef2b15-ca85-4abd-9687-17baabee71d7",
	"00000000-0000-0000-0000-000000000000",
	14);
INSERT INTO SQ_P
	VALUES ("5bafe46a-78f1-41a3-b136-54ea0fe9d0e9",
	"00000000-0000-0000-0000-000000000000");
INSERT INTO SQ_CIP
	VALUES ("5bafe46a-78f1-41a3-b136-54ea0fe9d0e9",
	"efb4a3a2-4774-40e3-ab8b-4c2da59a10f4",
	'HostMonitor1',
	'HostMonitor',
	'HostMonitor1 : Host Monitor',
	'The HostMonitor instance watches lower level monitors for values that exceed
normal activity levels.',
	1);
INSERT INTO SQ_AV
	VALUES ("5e4997b6-37e2-4a9b-8329-334eebfd55b9",
	"00000000-0000-0000-0000-000000000000",
	"00000000-0000-0000-0000-000000000000",
	'lastTemp = 37.84',
	'37.84',
	'lastTemp',
	"5bafe46a-78f1-41a3-b136-54ea0fe9d0e9",
	"00000000-0000-0000-0000-000000000000",
	'',
	0);
INSERT INTO SQ_AV
	VALUES ("0d7dd9ce-973a-45a3-9cf6-22de62aeddce",
	"00000000-0000-0000-0000-000000000000",
	"00000000-0000-0000-0000-000000000000",
	'lastRate = 35',
	'35',
	'lastRate',
	"5bafe46a-78f1-41a3-b136-54ea0fe9d0e9",
	"00000000-0000-0000-0000-000000000000",
	'',
	0);
INSERT INTO SQ_AV
	VALUES ("70e47a6a-7967-4244-8778-df945a9ec9b1",
	"efb4a3a2-4774-40e3-ab8b-4c2da59a10f4",
	"23f63b34-fd23-4934-a37b-805aabda9642",
	'lastTemp',
	'',
	'',
	"00000000-0000-0000-0000-000000000000",
	"5bafe46a-78f1-41a3-b136-54ea0fe9d0e9",
	'',
	1);
INSERT INTO SQ_FAV
	VALUES ("70e47a6a-7967-4244-8778-df945a9ec9b1");
INSERT INTO SQ_AV
	VALUES ("393724e9-83ce-4b19-aac1-5daae9ccf462",
	"efb4a3a2-4774-40e3-ab8b-4c2da59a10f4",
	"700b2269-494c-42b3-b6ed-a1d9131434a1",
	'lastRate',
	'',
	'',
	"00000000-0000-0000-0000-000000000000",
	"5bafe46a-78f1-41a3-b136-54ea0fe9d0e9",
	'',
	1);
INSERT INTO SQ_FAV
	VALUES ("393724e9-83ce-4b19-aac1-5daae9ccf462");
INSERT INTO SQ_AV
	VALUES ("b31b48a3-e1bb-424d-b894-88bd422b07a1",
	"efb4a3a2-4774-40e3-ab8b-4c2da59a10f4",
	"8640b6f4-bf85-487c-87ec-f679abd08313",
	'current_state',
	'',
	'',
	"00000000-0000-0000-0000-000000000000",
	"5bafe46a-78f1-41a3-b136-54ea0fe9d0e9",
	'',
	1);
INSERT INTO SQ_FAV
	VALUES ("b31b48a3-e1bb-424d-b894-88bd422b07a1");
INSERT INTO PE_PE
	VALUES ("146e5fcd-c199-44fe-b52e-22163b42fc8f",
	1,
	"43ef2b15-ca85-4abd-9687-17baabee71d7",
	"00000000-0000-0000-0000-000000000000",
	17);
INSERT INTO MSG_M
	VALUES ("146e5fcd-c199-44fe-b52e-22163b42fc8f",
	"00000000-0000-0000-0000-000000000000",
	"00000000-0000-0000-0000-000000000000",
	1);
INSERT INTO MSG_AM
	VALUES ("146e5fcd-c199-44fe-b52e-22163b42fc8f",
	'increasedTemperature',
	'The increased_activity message asynchronously notifies the Pacer of an event
where the Host''s temperature and respiratory rate have exceeded normal activity
levels.',
	'blood_temp > 37.5 or resipiratory_rate > 18',
	'',
	'',
	0,
	'increasedTemperature',
	'3');
INSERT INTO MSG_IAM
	VALUES ("146e5fcd-c199-44fe-b52e-22163b42fc8f");
INSERT INTO MSG_A
	VALUES ("507d44db-7221-4c13-b018-2e31015f7a0d",
	"146e5fcd-c199-44fe-b52e-22163b42fc8f",
	"00000000-0000-0000-0000-000000000000",
	'current_temp = 37.84',
	'37.84',
	'current_temp',
	'',
	0);
INSERT INTO MSG_IA
	VALUES ("507d44db-7221-4c13-b018-2e31015f7a0d");
INSERT INTO PE_PE
	VALUES ("68e2ed1c-44b5-486b-b8d6-868059ff5c3c",
	1,
	"43ef2b15-ca85-4abd-9687-17baabee71d7",
	"00000000-0000-0000-0000-000000000000",
	17);
INSERT INTO MSG_M
	VALUES ("68e2ed1c-44b5-486b-b8d6-868059ff5c3c",
	"00000000-0000-0000-0000-000000000000",
	"00000000-0000-0000-0000-000000000000",
	1);
INSERT INTO MSG_SM
	VALUES ("68e2ed1c-44b5-486b-b8d6-868059ff5c3c",
	'getCurrentRate',
	'The getCurrentRate operation is used to retrieve the current respiratory rate in
breaths per minute.',
	'',
	'lastRate',
	'35',
	0,
	'getCurrentRate',
	'2');
INSERT INTO MSG_ISM
	VALUES ("68e2ed1c-44b5-486b-b8d6-868059ff5c3c");
INSERT INTO PE_PE
	VALUES ("0a07e7f2-b77c-47aa-bbb3-adf149d2b430",
	1,
	"43ef2b15-ca85-4abd-9687-17baabee71d7",
	"00000000-0000-0000-0000-000000000000",
	17);
INSERT INTO MSG_M
	VALUES ("0a07e7f2-b77c-47aa-bbb3-adf149d2b430",
	"00000000-0000-0000-0000-000000000000",
	"00000000-0000-0000-0000-000000000000",
	1);
INSERT INTO MSG_SM
	VALUES ("0a07e7f2-b77c-47aa-bbb3-adf149d2b430",
	'getCurrentTemp',
	'The getCurrentTemp operation is used to retrieve the latest temperature reading
in celcius.',
	'',
	'lastTemp',
	'37.84',
	0,
	'getCurrentTemp',
	'1');
INSERT INTO MSG_ISM
	VALUES ("0a07e7f2-b77c-47aa-bbb3-adf149d2b430");
INSERT INTO EP_PKG
	VALUES ("61a575fd-fcfc-433c-a24d-97ab5f20738a",
	"15b2a15d-7110-4efa-b644-89bd96e12c0e",
	"15b2a15d-7110-4efa-b644-89bd96e12c0e",
	'library',
	'',
	0);
INSERT INTO PE_PE
	VALUES ("ba87c6eb-2533-4e97-ad6a-c00c71348da9",
	1,
	"61a575fd-fcfc-433c-a24d-97ab5f20738a",
	"00000000-0000-0000-0000-000000000000",
	2);
INSERT INTO C_C
	VALUES ("ba87c6eb-2533-4e97-ad6a-c00c71348da9",
	"00000000-0000-0000-0000-000000000000",
	"00000000-0000-0000-0000-000000000000",
	'heart',
	'',
	0,
	"00000000-0000-0000-0000-000000000000",
	0,
	'');
INSERT INTO C_PO
	VALUES ("018c628b-2af1-49b9-9a2a-816396332181",
	"ba87c6eb-2533-4e97-ad6a-c00c71348da9",
	'out_to_body',
	0,
	0);
INSERT INTO C_IR
	VALUES ("f91727a5-250f-4333-9975-1bf60c569d24",
	"0bd9915b-76d2-4a1e-897b-8e05cbe04e89",
	"00000000-0000-0000-0000-000000000000",
	"018c628b-2af1-49b9-9a2a-816396332181");
INSERT INTO C_R
	VALUES ("f91727a5-250f-4333-9975-1bf60c569d24",
	'synchronization',
	'',
	'Unnamed Interface',
	'heart::out_to_body::synchronization');
INSERT INTO SPR_REP
	VALUES ("152739bc-29d4-4e3e-866d-44c2110260b0",
	"0f2056aa-552d-47ee-863f-1112ca801894",
	"f91727a5-250f-4333-9975-1bf60c569d24");
INSERT INTO SPR_RS
	VALUES ("152739bc-29d4-4e3e-866d-44c2110260b0",
	'systolic_pulse',
	'',
	'',
	1);
INSERT INTO ACT_RSB
	VALUES ("1d7f7bf3-ff75-4225-827d-d8a1b5345b41",
	"152739bc-29d4-4e3e-866d-44c2110260b0");
INSERT INTO ACT_ACT
	VALUES ("1d7f7bf3-ff75-4225-827d-d8a1b5345b41",
	'signal',
	0,
	"5b00e739-68fb-47ac-ac1c-167b339b6697",
	"00000000-0000-0000-0000-000000000000",
	0,
	'out_to_body::synchronization::systolic_pulse',
	"00000000-0000-0000-0000-000000000000");
INSERT INTO ACT_BLK
	VALUES ("5b00e739-68fb-47ac-ac1c-167b339b6697",
	0,
	0,
	0,
	'',
	'',
	'',
	0,
	0,
	0,
	0,
	0,
	0,
	0,
	0,
	0,
	0,
	0,
	0,
	0,
	"1d7f7bf3-ff75-4225-827d-d8a1b5345b41",
	"00000000-0000-0000-0000-000000000000");
INSERT INTO SPR_REP
	VALUES ("4e5aa703-1285-4229-961c-d4a6f220ed9c",
	"538342c3-6d25-4d02-8645-befa35b9427f",
	"f91727a5-250f-4333-9975-1bf60c569d24");
INSERT INTO SPR_RS
	VALUES ("4e5aa703-1285-4229-961c-d4a6f220ed9c",
	'diastolic_pulse',
	'',
	'',
	1);
INSERT INTO ACT_RSB
	VALUES ("62dd7789-4108-4b2e-ab3a-f48380708efc",
	"4e5aa703-1285-4229-961c-d4a6f220ed9c");
INSERT INTO ACT_ACT
	VALUES ("62dd7789-4108-4b2e-ab3a-f48380708efc",
	'signal',
	0,
	"03b6e6ba-e796-47a4-8f98-14ad68e9ef29",
	"00000000-0000-0000-0000-000000000000",
	0,
	'out_to_body::synchronization::diastolic_pulse',
	"00000000-0000-0000-0000-000000000000");
INSERT INTO ACT_BLK
	VALUES ("03b6e6ba-e796-47a4-8f98-14ad68e9ef29",
	0,
	0,
	0,
	'',
	'',
	'',
	0,
	0,
	0,
	0,
	0,
	0,
	0,
	0,
	0,
	0,
	0,
	0,
	0,
	"62dd7789-4108-4b2e-ab3a-f48380708efc",
	"00000000-0000-0000-0000-000000000000");
INSERT INTO SPR_REP
	VALUES ("72503faf-492e-4e86-8512-f6a3a0aa2abe",
	"2a89dc7f-4e1b-4de6-82a1-88786929e624",
	"f91727a5-250f-4333-9975-1bf60c569d24");
INSERT INTO SPR_RS
	VALUES ("72503faf-492e-4e86-8512-f6a3a0aa2abe",
	'systolic_pace',
	'',
	'',
	1);
INSERT INTO ACT_RSB
	VALUES ("ad67da42-e8cc-40e7-84e5-8cfd1d2fdd4a",
	"72503faf-492e-4e86-8512-f6a3a0aa2abe");
INSERT INTO ACT_ACT
	VALUES ("ad67da42-e8cc-40e7-84e5-8cfd1d2fdd4a",
	'signal',
	0,
	"2ff85b1d-0cf7-48e4-93ad-d79255f3d414",
	"00000000-0000-0000-0000-000000000000",
	0,
	'out_to_body::synchronization::systolic_pace',
	"00000000-0000-0000-0000-000000000000");
INSERT INTO ACT_BLK
	VALUES ("2ff85b1d-0cf7-48e4-93ad-d79255f3d414",
	0,
	0,
	0,
	'',
	'',
	'',
	0,
	0,
	0,
	0,
	0,
	0,
	0,
	0,
	0,
	0,
	0,
	0,
	0,
	"ad67da42-e8cc-40e7-84e5-8cfd1d2fdd4a",
	"00000000-0000-0000-0000-000000000000");
INSERT INTO SPR_REP
	VALUES ("0135ad38-3be7-4ced-98a4-5fc10319baef",
	"cae54907-3b8e-4378-8caf-9fcb1c8016a0",
	"f91727a5-250f-4333-9975-1bf60c569d24");
INSERT INTO SPR_RS
	VALUES ("0135ad38-3be7-4ced-98a4-5fc10319baef",
	'diastolic_pace',
	'',
	'',
	1);
INSERT INTO ACT_RSB
	VALUES ("23b18539-8a4d-4fa8-ac7a-f58f8fd959ad",
	"0135ad38-3be7-4ced-98a4-5fc10319baef");
INSERT INTO ACT_ACT
	VALUES ("23b18539-8a4d-4fa8-ac7a-f58f8fd959ad",
	'signal',
	0,
	"45c612ff-0f05-42fa-9a10-7e215d45da32",
	"00000000-0000-0000-0000-000000000000",
	0,
	'out_to_body::synchronization::diastolic_pace',
	"00000000-0000-0000-0000-000000000000");
INSERT INTO ACT_BLK
	VALUES ("45c612ff-0f05-42fa-9a10-7e215d45da32",
	0,
	0,
	0,
	'',
	'',
	'',
	0,
	0,
	0,
	0,
	0,
	0,
	0,
	0,
	0,
	0,
	0,
	0,
	0,
	"23b18539-8a4d-4fa8-ac7a-f58f8fd959ad",
	"00000000-0000-0000-0000-000000000000");
INSERT INTO SPR_REP
	VALUES ("fc400db4-7dd7-4da0-bce3-25e9851a6237",
	"66dc1146-68a1-41cb-81e5-82b26ee7682f",
	"f91727a5-250f-4333-9975-1bf60c569d24");
INSERT INTO SPR_RO
	VALUES ("fc400db4-7dd7-4da0-bce3-25e9851a6237",
	'init',
	'',
	'',
	1);
INSERT INTO ACT_ROB
	VALUES ("356a07c7-c8a2-4fe7-938d-cd5d48350a24",
	"fc400db4-7dd7-4da0-bce3-25e9851a6237");
INSERT INTO ACT_ACT
	VALUES ("356a07c7-c8a2-4fe7-938d-cd5d48350a24",
	'interface operation',
	0,
	"2f6809c5-666b-4729-95b9-6adf462191ac",
	"00000000-0000-0000-0000-000000000000",
	0,
	'out_to_body::synchronization::init',
	"00000000-0000-0000-0000-000000000000");
INSERT INTO ACT_BLK
	VALUES ("2f6809c5-666b-4729-95b9-6adf462191ac",
	0,
	0,
	0,
	'',
	'',
	'',
	0,
	0,
	0,
	0,
	0,
	0,
	0,
	0,
	0,
	0,
	0,
	0,
	0,
	"356a07c7-c8a2-4fe7-938d-cd5d48350a24",
	"00000000-0000-0000-0000-000000000000");
INSERT INTO C_PO
	VALUES ("f2af2b79-2298-44b4-92be-7f1113c14118",
	"ba87c6eb-2533-4e97-ad6a-c00c71348da9",
	'host',
	0,
	0);
INSERT INTO C_IR
	VALUES ("79019045-5212-4970-a66f-a4a532cc55a1",
	"92228dbd-dd96-4df2-a320-af096975a042",
	"00000000-0000-0000-0000-000000000000",
	"f2af2b79-2298-44b4-92be-7f1113c14118");
INSERT INTO C_R
	VALUES ("79019045-5212-4970-a66f-a4a532cc55a1",
	'host',
	'',
	'Unnamed Interface',
	'heart::host::host');
INSERT INTO SPR_REP
	VALUES ("a100e50c-f421-472e-8d58-a5f74c045fb8",
	"29471dd1-27a0-4595-b0b7-467c27ce3e5a",
	"79019045-5212-4970-a66f-a4a532cc55a1");
INSERT INTO SPR_RS
	VALUES ("a100e50c-f421-472e-8d58-a5f74c045fb8",
	'breath_taken',
	'',
	'',
	1);
INSERT INTO ACT_RSB
	VALUES ("564a996a-20ad-4d36-9aac-ac2aff7b2187",
	"a100e50c-f421-472e-8d58-a5f74c045fb8");
INSERT INTO ACT_ACT
	VALUES ("564a996a-20ad-4d36-9aac-ac2aff7b2187",
	'signal',
	0,
	"7eec8d53-9049-48a6-8d2d-d20493f09ba9",
	"00000000-0000-0000-0000-000000000000",
	0,
	'host::host::breath_taken',
	"00000000-0000-0000-0000-000000000000");
INSERT INTO ACT_BLK
	VALUES ("7eec8d53-9049-48a6-8d2d-d20493f09ba9",
	0,
	0,
	0,
	'',
	'',
	'',
	0,
	0,
	0,
	0,
	0,
	0,
	0,
	0,
	0,
	0,
	0,
	0,
	0,
	"564a996a-20ad-4d36-9aac-ac2aff7b2187",
	"00000000-0000-0000-0000-000000000000");
INSERT INTO SPR_REP
	VALUES ("997170b2-5c0d-4e39-8745-d4999e8f7d7c",
	"22f9d5f3-9583-4006-a41c-976ffcfafae7",
	"79019045-5212-4970-a66f-a4a532cc55a1");
INSERT INTO SPR_RS
	VALUES ("997170b2-5c0d-4e39-8745-d4999e8f7d7c",
	'current_temp',
	'',
	'',
	1);
INSERT INTO ACT_RSB
	VALUES ("129fb7f4-bda5-4d62-90f5-a350cdbec367",
	"997170b2-5c0d-4e39-8745-d4999e8f7d7c");
INSERT INTO ACT_ACT
	VALUES ("129fb7f4-bda5-4d62-90f5-a350cdbec367",
	'signal',
	0,
	"a20b6c82-3f60-4f5d-9c9c-13de7beb90e2",
	"00000000-0000-0000-0000-000000000000",
	0,
	'host::host::current_temp',
	"00000000-0000-0000-0000-000000000000");
INSERT INTO ACT_BLK
	VALUES ("a20b6c82-3f60-4f5d-9c9c-13de7beb90e2",
	0,
	0,
	0,
	'',
	'',
	'',
	0,
	0,
	0,
	0,
	0,
	0,
	0,
	0,
	0,
	0,
	0,
	0,
	0,
	"129fb7f4-bda5-4d62-90f5-a350cdbec367",
	"00000000-0000-0000-0000-000000000000");
INSERT INTO PE_PE
	VALUES ("75347248-2950-4785-a128-35331605a614",
	1,
	"00000000-0000-0000-0000-000000000000",
	"ba87c6eb-2533-4e97-ad6a-c00c71348da9",
	7);
INSERT INTO EP_PKG
	VALUES ("75347248-2950-4785-a128-35331605a614",
	"00000000-0000-0000-0000-000000000000",
	"15b2a15d-7110-4efa-b644-89bd96e12c0e",
	'External Entities',
	'',
	0);
INSERT INTO PE_PE
	VALUES ("9c94bb69-72a7-4e93-b048-9ba4647db795",
	1,
	"75347248-2950-4785-a128-35331605a614",
	"00000000-0000-0000-0000-000000000000",
	5);
INSERT INTO S_EE
	VALUES ("9c94bb69-72a7-4e93-b048-9ba4647db795",
	'Time',
	'The Time external entity provides date, timestamp, and timer related operations.',
	'TIM',
	"00000000-0000-0000-0000-000000000000",
	'',
	'Time');
INSERT INTO S_BRG
	VALUES ("632c1a7c-96a8-4b01-97cf-1bf4a9f9a28a",
	"9c94bb69-72a7-4e93-b048-9ba4647db795",
	'current_date',
	'',
	1,
	"ba5eda7a-def5-0000-0000-00000000000e",
	'',
	0,
	'');
INSERT INTO S_BRG
	VALUES ("b912391f-2123-494c-ae88-274fac4c60bc",
	"9c94bb69-72a7-4e93-b048-9ba4647db795",
	'create_date',
	'',
	1,
	"ba5eda7a-def5-0000-0000-00000000000e",
	'',
	0,
	'');
INSERT INTO S_BPARM
	VALUES ("72534161-4271-4792-b57a-a1dd3b0ea834",
	"b912391f-2123-494c-ae88-274fac4c60bc",
	'second',
	"ba5eda7a-def5-0000-0000-000000000002",
	0,
	'',
	"834a1018-6180-419e-9f0d-df0124c579eb",
	'');
INSERT INTO S_BPARM
	VALUES ("368d8051-ca1f-4866-ac9f-5e249bf48beb",
	"b912391f-2123-494c-ae88-274fac4c60bc",
	'minute',
	"ba5eda7a-def5-0000-0000-000000000002",
	0,
	'',
	"2887b0f8-d5a3-4c11-9a2f-2d32a2c2192c",
	'');
INSERT INTO S_BPARM
	VALUES ("2887b0f8-d5a3-4c11-9a2f-2d32a2c2192c",
	"b912391f-2123-494c-ae88-274fac4c60bc",
	'hour',
	"ba5eda7a-def5-0000-0000-000000000002",
	0,
	'',
	"d1ab69e5-8551-4f82-ab23-725abec6d71c",
	'');
INSERT INTO S_BPARM
	VALUES ("d1ab69e5-8551-4f82-ab23-725abec6d71c",
	"b912391f-2123-494c-ae88-274fac4c60bc",
	'day',
	"ba5eda7a-def5-0000-0000-000000000002",
	0,
	'',
	"00000000-0000-0000-0000-000000000000",
	'');
INSERT INTO S_BPARM
	VALUES ("834a1018-6180-419e-9f0d-df0124c579eb",
	"b912391f-2123-494c-ae88-274fac4c60bc",
	'month',
	"ba5eda7a-def5-0000-0000-000000000002",
	0,
	'',
	"368d8051-ca1f-4866-ac9f-5e249bf48beb",
	'');
INSERT INTO S_BPARM
	VALUES ("cda80f1e-ab37-41de-98c9-4f83d490dcf4",
	"b912391f-2123-494c-ae88-274fac4c60bc",
	'year',
	"ba5eda7a-def5-0000-0000-000000000002",
	0,
	'',
	"72534161-4271-4792-b57a-a1dd3b0ea834",
	'');
INSERT INTO S_BRG
	VALUES ("4211ab9d-9c50-4a32-97bf-2286ac56f043",
	"9c94bb69-72a7-4e93-b048-9ba4647db795",
	'get_second',
	'',
	1,
	"ba5eda7a-def5-0000-0000-000000000002",
	'',
	0,
	'');
INSERT INTO S_BPARM
	VALUES ("34ef5bdf-9f84-4d50-a0d4-5d368ea95770",
	"4211ab9d-9c50-4a32-97bf-2286ac56f043",
	'date',
	"ba5eda7a-def5-0000-0000-00000000000e",
	0,
	'',
	"00000000-0000-0000-0000-000000000000",
	'');
INSERT INTO S_BRG
	VALUES ("b23a3061-7332-4b9c-8ea7-d2330527470d",
	"9c94bb69-72a7-4e93-b048-9ba4647db795",
	'get_minute',
	'',
	1,
	"ba5eda7a-def5-0000-0000-000000000002",
	'',
	0,
	'');
INSERT INTO S_BPARM
	VALUES ("793dc21b-abd5-4841-beda-e02ea1ff24c2",
	"b23a3061-7332-4b9c-8ea7-d2330527470d",
	'date',
	"ba5eda7a-def5-0000-0000-00000000000e",
	0,
	'',
	"00000000-0000-0000-0000-000000000000",
	'');
INSERT INTO S_BRG
	VALUES ("57535f11-d31b-490e-8455-77abdeded97e",
	"9c94bb69-72a7-4e93-b048-9ba4647db795",
	'get_hour',
	'',
	1,
	"ba5eda7a-def5-0000-0000-000000000002",
	'',
	0,
	'');
INSERT INTO S_BPARM
	VALUES ("c13d6b0c-dc10-45de-9627-f00c1bff00d5",
	"57535f11-d31b-490e-8455-77abdeded97e",
	'date',
	"ba5eda7a-def5-0000-0000-00000000000e",
	0,
	'',
	"00000000-0000-0000-0000-000000000000",
	'');
INSERT INTO S_BRG
	VALUES ("2f96752a-ad9d-4e43-8f7d-13ad0095951d",
	"9c94bb69-72a7-4e93-b048-9ba4647db795",
	'get_day',
	'',
	1,
	"ba5eda7a-def5-0000-0000-000000000002",
	'',
	0,
	'');
INSERT INTO S_BPARM
	VALUES ("37e33042-acdf-41ed-a8fc-bdd6c8c93712",
	"2f96752a-ad9d-4e43-8f7d-13ad0095951d",
	'date',
	"ba5eda7a-def5-0000-0000-00000000000e",
	0,
	'',
	"00000000-0000-0000-0000-000000000000",
	'');
INSERT INTO S_BRG
	VALUES ("8520c9a6-7cc7-402e-816e-77cb8cc04ad5",
	"9c94bb69-72a7-4e93-b048-9ba4647db795",
	'get_month',
	'',
	1,
	"ba5eda7a-def5-0000-0000-000000000002",
	'',
	0,
	'');
INSERT INTO S_BPARM
	VALUES ("ad72e52a-46c7-4a3b-b376-6a2bee4ae312",
	"8520c9a6-7cc7-402e-816e-77cb8cc04ad5",
	'date',
	"ba5eda7a-def5-0000-0000-00000000000e",
	0,
	'',
	"00000000-0000-0000-0000-000000000000",
	'');
INSERT INTO S_BRG
	VALUES ("741312dd-5bf6-416c-bf50-c4ab36c8dfb3",
	"9c94bb69-72a7-4e93-b048-9ba4647db795",
	'get_year',
	'',
	1,
	"ba5eda7a-def5-0000-0000-000000000002",
	'',
	0,
	'');
INSERT INTO S_BPARM
	VALUES ("94a71778-1ab3-495b-b0ea-3eace5948977",
	"741312dd-5bf6-416c-bf50-c4ab36c8dfb3",
	'date',
	"ba5eda7a-def5-0000-0000-00000000000e",
	0,
	'',
	"00000000-0000-0000-0000-000000000000",
	'');
INSERT INTO S_BRG
	VALUES ("04cc927e-208f-4fa9-bc5d-3a197bbbde93",
	"9c94bb69-72a7-4e93-b048-9ba4647db795",
	'current_clock',
	'',
	1,
	"ba5eda7a-def5-0000-0000-000000000010",
	'',
	0,
	'');
INSERT INTO S_BRG
	VALUES ("4237baa4-ca1f-41a7-9921-f04ba0851556",
	"9c94bb69-72a7-4e93-b048-9ba4647db795",
	'timer_start',
	'This bridge operation starts a timer set to expire in the specified number of
microseconds, generating the passed event upon expiration. Returns the instance
handle of the timer.',
	1,
	"ba5eda7a-def5-0000-0000-00000000000f",
	'',
	0,
	'');
INSERT INTO S_BPARM
	VALUES ("bdd534f2-8dba-449b-9a33-0ce0a2390973",
	"4237baa4-ca1f-41a7-9921-f04ba0851556",
	'microseconds',
	"ba5eda7a-def5-0000-0000-000000000002",
	0,
	'',
	"6d6e1bda-2a6c-44b3-8ab0-81066c154255",
	'');
INSERT INTO S_BPARM
	VALUES ("6d6e1bda-2a6c-44b3-8ab0-81066c154255",
	"4237baa4-ca1f-41a7-9921-f04ba0851556",
	'event_inst',
	"ba5eda7a-def5-0000-0000-00000000000a",
	0,
	'',
	"00000000-0000-0000-0000-000000000000",
	'');
INSERT INTO S_BRG
	VALUES ("d468807b-aa30-4d31-bd33-0ae83bc0c3bb",
	"9c94bb69-72a7-4e93-b048-9ba4647db795",
	'timer_start_recurring',
	'This bridge operation starts a timer set to expire in the specified number of
microseconds, generating the passed event upon expiration. Upon expiration, the
timer will be restarted and fire again in the specified number of microseconds
generating the passed event. This bridge operation returns the instance handle
of the timer.',
	1,
	"ba5eda7a-def5-0000-0000-00000000000f",
	'',
	0,
	'');
INSERT INTO S_BPARM
	VALUES ("fbd0965f-4791-4680-8d68-bab15f322b58",
	"d468807b-aa30-4d31-bd33-0ae83bc0c3bb",
	'microseconds',
	"ba5eda7a-def5-0000-0000-000000000002",
	0,
	'',
	"5b5d964d-960d-405d-9a2a-52d077d3b91b",
	'');
INSERT INTO S_BPARM
	VALUES ("5b5d964d-960d-405d-9a2a-52d077d3b91b",
	"d468807b-aa30-4d31-bd33-0ae83bc0c3bb",
	'event_inst',
	"ba5eda7a-def5-0000-0000-00000000000a",
	0,
	'',
	"00000000-0000-0000-0000-000000000000",
	'');
INSERT INTO S_BRG
	VALUES ("828b86cf-5816-4f54-8ba1-6c643a03081f",
	"9c94bb69-72a7-4e93-b048-9ba4647db795",
	'timer_remaining_time',
	'Returns the time remaining (in microseconds) for the passed timer instance. If
the timer has expired, a zero value is returned.',
	1,
	"ba5eda7a-def5-0000-0000-000000000002",
	'',
	0,
	'');
INSERT INTO S_BPARM
	VALUES ("b82e41d8-0048-49a1-8344-08002691cdff",
	"828b86cf-5816-4f54-8ba1-6c643a03081f",
	'timer_inst_ref',
	"ba5eda7a-def5-0000-0000-00000000000f",
	0,
	'',
	"00000000-0000-0000-0000-000000000000",
	'');
INSERT INTO S_BRG
	VALUES ("5f0dc14e-5612-49d4-8795-8f9f30fe6616",
	"9c94bb69-72a7-4e93-b048-9ba4647db795",
	'timer_reset_time',
	'This bridge operation attempts to set the passed existing timer to expire in
the specified number of microseconds. If the timer exists (that is, it has not
expired), a TRUE value is returned. If the timer no longer exists, a FALSE value
is returned.',
	1,
	"ba5eda7a-def5-0000-0000-000000000001",
	'',
	0,
	'');
INSERT INTO S_BPARM
	VALUES ("e86eedb7-23af-48c4-9b50-c3db5ec47967",
	"5f0dc14e-5612-49d4-8795-8f9f30fe6616",
	'timer_inst_ref',
	"ba5eda7a-def5-0000-0000-00000000000f",
	0,
	'',
	"518980a8-8b22-40e9-af58-47b9462f2658",
	'');
INSERT INTO S_BPARM
	VALUES ("518980a8-8b22-40e9-af58-47b9462f2658",
	"5f0dc14e-5612-49d4-8795-8f9f30fe6616",
	'microseconds',
	"ba5eda7a-def5-0000-0000-000000000002",
	0,
	'',
	"00000000-0000-0000-0000-000000000000",
	'');
INSERT INTO S_BRG
	VALUES ("fd4b79c9-1a12-41f3-9565-df122d89690f",
	"9c94bb69-72a7-4e93-b048-9ba4647db795",
	'timer_add_time',
	'This bridge operation attempts to add the specified number of microseconds to a
passed existing timer. If the timer exists (that is, it has not expired), a TRUE
value is returned. If the timer no longer exists, a FALSE value is returned.',
	1,
	"ba5eda7a-def5-0000-0000-000000000001",
	'',
	0,
	'');
INSERT INTO S_BPARM
	VALUES ("aef3d082-feef-49ae-a65c-cd82b8a26624",
	"fd4b79c9-1a12-41f3-9565-df122d89690f",
	'timer_inst_ref',
	"ba5eda7a-def5-0000-0000-00000000000f",
	0,
	'',
	"f1af168b-4561-4fc0-86ff-c573785cfc27",
	'');
INSERT INTO S_BPARM
	VALUES ("f1af168b-4561-4fc0-86ff-c573785cfc27",
	"fd4b79c9-1a12-41f3-9565-df122d89690f",
	'microseconds',
	"ba5eda7a-def5-0000-0000-000000000002",
	0,
	'',
	"00000000-0000-0000-0000-000000000000",
	'');
INSERT INTO S_BRG
	VALUES ("b2fc4a0a-8ebe-45ad-9d80-f1c1ba72f7d3",
	"9c94bb69-72a7-4e93-b048-9ba4647db795",
	'timer_cancel',
	'This bridge operation cancels and deletes the passed timer instance. If the 
timer exists (that is, it had not expired), a TRUE value is returned. If the
timer no longer exists, a FALSE value is returned.',
	1,
	"ba5eda7a-def5-0000-0000-000000000001",
	'',
	0,
	'');
INSERT INTO S_BPARM
	VALUES ("bd679418-cca1-42bd-bf96-95f3e11d19a2",
	"b2fc4a0a-8ebe-45ad-9d80-f1c1ba72f7d3",
	'timer_inst_ref',
	"ba5eda7a-def5-0000-0000-00000000000f",
	0,
	'',
	"00000000-0000-0000-0000-000000000000",
	'');
INSERT INTO PE_PE
	VALUES ("8971899f-1bdb-4d29-8296-19577d02569e",
	1,
	"75347248-2950-4785-a128-35331605a614",
	"00000000-0000-0000-0000-000000000000",
	5);
INSERT INTO S_EE
	VALUES ("8971899f-1bdb-4d29-8296-19577d02569e",
	'Architecture',
	'',
	'ARCH',
	"00000000-0000-0000-0000-000000000000",
	'',
	'Architecture');
INSERT INTO S_BRG
	VALUES ("aa4d8bad-67d0-4601-a7b2-dd2fb03d4f9a",
	"8971899f-1bdb-4d29-8296-19577d02569e",
	'shutdown',
	'',
	0,
	"ba5eda7a-def5-0000-0000-000000000000",
	'control stop;',
	1,
	'');
INSERT INTO ACT_BRB
	VALUES ("46d2ca5b-7875-4cb2-991f-b4bc253979fa",
	"aa4d8bad-67d0-4601-a7b2-dd2fb03d4f9a");
INSERT INTO ACT_ACT
	VALUES ("46d2ca5b-7875-4cb2-991f-b4bc253979fa",
	'bridge',
	0,
	"2688d0dd-905b-41e4-8f7d-5ae1a4e70e23",
	"00000000-0000-0000-0000-000000000000",
	0,
	'Architecture::shutdown',
	"00000000-0000-0000-0000-000000000000");
INSERT INTO ACT_BLK
	VALUES ("2688d0dd-905b-41e4-8f7d-5ae1a4e70e23",
	0,
	0,
	0,
	'',
	'',
	'',
	1,
	1,
	0,
	0,
	0,
	0,
	0,
	0,
	0,
	0,
	0,
	0,
	0,
	"46d2ca5b-7875-4cb2-991f-b4bc253979fa",
	"00000000-0000-0000-0000-000000000000");
INSERT INTO ACT_SMT
	VALUES ("07a6f82c-bf00-4d8e-9e2d-2182d1f649c0",
	"2688d0dd-905b-41e4-8f7d-5ae1a4e70e23",
	"00000000-0000-0000-0000-000000000000",
	1,
	1,
	'Architecture::shutdown line: 1');
INSERT INTO ACT_CTL
	VALUES ("07a6f82c-bf00-4d8e-9e2d-2182d1f649c0");
INSERT INTO PE_PE
	VALUES ("14b343c3-dace-49ef-9d44-335807736f1c",
	1,
	"75347248-2950-4785-a128-35331605a614",
	"00000000-0000-0000-0000-000000000000",
	5);
INSERT INTO S_EE
	VALUES ("14b343c3-dace-49ef-9d44-335807736f1c",
	'Logging',
	'',
	'LOG',
	"00000000-0000-0000-0000-000000000000",
	'',
	'Logging');
INSERT INTO S_BRG
	VALUES ("8017a64d-91d5-4d7a-9917-eb3d006a11de",
	"14b343c3-dace-49ef-9d44-335807736f1c",
	'LogSuccess',
	'',
	0,
	"ba5eda7a-def5-0000-0000-000000000000",
	'',
	1,
	'');
INSERT INTO S_BPARM
	VALUES ("01ddb481-dab2-4dae-9678-f8807707e1ef",
	"8017a64d-91d5-4d7a-9917-eb3d006a11de",
	'message',
	"ba5eda7a-def5-0000-0000-000000000004",
	0,
	'',
	"00000000-0000-0000-0000-000000000000",
	'');
INSERT INTO ACT_BRB
	VALUES ("2f609090-e410-4ea9-8b61-feaceb1caab9",
	"8017a64d-91d5-4d7a-9917-eb3d006a11de");
INSERT INTO ACT_ACT
	VALUES ("2f609090-e410-4ea9-8b61-feaceb1caab9",
	'bridge',
	0,
	"faf0ae4c-2aa5-418f-b18f-795f4ef70cb0",
	"00000000-0000-0000-0000-000000000000",
	0,
	'Logging::LogSuccess',
	"00000000-0000-0000-0000-000000000000");
INSERT INTO ACT_BLK
	VALUES ("faf0ae4c-2aa5-418f-b18f-795f4ef70cb0",
	0,
	0,
	0,
	'',
	'',
	'',
	0,
	0,
	0,
	0,
	0,
	0,
	0,
	0,
	0,
	0,
	0,
	0,
	0,
	"2f609090-e410-4ea9-8b61-feaceb1caab9",
	"00000000-0000-0000-0000-000000000000");
INSERT INTO S_BRG
	VALUES ("7e036ae9-fb1f-41c1-b4d9-a43c8cea077d",
	"14b343c3-dace-49ef-9d44-335807736f1c",
	'LogFailure',
	'',
	0,
	"ba5eda7a-def5-0000-0000-000000000000",
	'',
	1,
	'');
INSERT INTO S_BPARM
	VALUES ("a4c1af9c-499f-44da-9140-a53f90d1d4b2",
	"7e036ae9-fb1f-41c1-b4d9-a43c8cea077d",
	'message',
	"ba5eda7a-def5-0000-0000-000000000004",
	0,
	'',
	"00000000-0000-0000-0000-000000000000",
	'');
INSERT INTO ACT_BRB
	VALUES ("90987143-8ef8-43aa-96ef-00569afae2ae",
	"7e036ae9-fb1f-41c1-b4d9-a43c8cea077d");
INSERT INTO ACT_ACT
	VALUES ("90987143-8ef8-43aa-96ef-00569afae2ae",
	'bridge',
	0,
	"33883e96-f8d7-427f-b6db-ea28d79a6fb4",
	"00000000-0000-0000-0000-000000000000",
	0,
	'Logging::LogFailure',
	"00000000-0000-0000-0000-000000000000");
INSERT INTO ACT_BLK
	VALUES ("33883e96-f8d7-427f-b6db-ea28d79a6fb4",
	0,
	0,
	0,
	'',
	'',
	'',
	0,
	0,
	0,
	0,
	0,
	0,
	0,
	0,
	0,
	0,
	0,
	0,
	0,
	"90987143-8ef8-43aa-96ef-00569afae2ae",
	"00000000-0000-0000-0000-000000000000");
INSERT INTO S_BRG
	VALUES ("15c6811d-9f25-4385-a144-69d88d7717aa",
	"14b343c3-dace-49ef-9d44-335807736f1c",
	'LogInfo',
	'',
	0,
	"ba5eda7a-def5-0000-0000-000000000000",
	'',
	1,
	'');
INSERT INTO S_BPARM
	VALUES ("7f931a21-aaa9-4eb2-a399-2259033a0fd9",
	"15c6811d-9f25-4385-a144-69d88d7717aa",
	'message',
	"ba5eda7a-def5-0000-0000-000000000004",
	0,
	'',
	"00000000-0000-0000-0000-000000000000",
	'');
INSERT INTO ACT_BRB
	VALUES ("6ada2828-abd2-4fbd-bce1-119b39917f49",
	"15c6811d-9f25-4385-a144-69d88d7717aa");
INSERT INTO ACT_ACT
	VALUES ("6ada2828-abd2-4fbd-bce1-119b39917f49",
	'bridge',
	0,
	"5279ed33-cc12-429f-bd4e-cad5009e8e69",
	"00000000-0000-0000-0000-000000000000",
	0,
	'Logging::LogInfo',
	"00000000-0000-0000-0000-000000000000");
INSERT INTO ACT_BLK
	VALUES ("5279ed33-cc12-429f-bd4e-cad5009e8e69",
	0,
	0,
	0,
	'',
	'',
	'',
	0,
	0,
	0,
	0,
	0,
	0,
	0,
	0,
	0,
	0,
	0,
	0,
	0,
	"6ada2828-abd2-4fbd-bce1-119b39917f49",
	"00000000-0000-0000-0000-000000000000");
INSERT INTO S_BRG
	VALUES ("5e0e4e84-8cbf-4a6a-a704-4e96120b8c60",
	"14b343c3-dace-49ef-9d44-335807736f1c",
	'LogDate',
	'',
	0,
	"ba5eda7a-def5-0000-0000-000000000000",
	'',
	1,
	'');
INSERT INTO S_BPARM
	VALUES ("0824a55f-57fc-4209-9683-ba0f066c1f7e",
	"5e0e4e84-8cbf-4a6a-a704-4e96120b8c60",
	'd',
	"ba5eda7a-def5-0000-0000-00000000000e",
	0,
	'',
	"00000000-0000-0000-0000-000000000000",
	'');
INSERT INTO S_BPARM
	VALUES ("1f281958-ff56-4515-993f-835de345d4ae",
	"5e0e4e84-8cbf-4a6a-a704-4e96120b8c60",
	'message',
	"ba5eda7a-def5-0000-0000-000000000004",
	0,
	'',
	"0824a55f-57fc-4209-9683-ba0f066c1f7e",
	'');
INSERT INTO ACT_BRB
	VALUES ("2019df65-549d-412e-b2a9-95c7eef7ff9e",
	"5e0e4e84-8cbf-4a6a-a704-4e96120b8c60");
INSERT INTO ACT_ACT
	VALUES ("2019df65-549d-412e-b2a9-95c7eef7ff9e",
	'bridge',
	0,
	"de367bec-117c-4a50-a2e7-ed58774d93e2",
	"00000000-0000-0000-0000-000000000000",
	0,
	'Logging::LogDate',
	"00000000-0000-0000-0000-000000000000");
INSERT INTO ACT_BLK
	VALUES ("de367bec-117c-4a50-a2e7-ed58774d93e2",
	0,
	0,
	0,
	'',
	'',
	'',
	0,
	0,
	0,
	0,
	0,
	0,
	0,
	0,
	0,
	0,
	0,
	0,
	0,
	"2019df65-549d-412e-b2a9-95c7eef7ff9e",
	"00000000-0000-0000-0000-000000000000");
INSERT INTO S_BRG
	VALUES ("96a56486-3140-45a2-b5d4-cd30cd827e0a",
	"14b343c3-dace-49ef-9d44-335807736f1c",
	'LogTime',
	'',
	0,
	"ba5eda7a-def5-0000-0000-000000000000",
	'',
	1,
	'');
INSERT INTO S_BPARM
	VALUES ("920acfcd-dbfa-4b6c-8dab-6a598843cd31",
	"96a56486-3140-45a2-b5d4-cd30cd827e0a",
	't',
	"ba5eda7a-def5-0000-0000-000000000010",
	0,
	'',
	"6fedfa90-fd73-4792-946d-4408f7e8955f",
	'');
INSERT INTO S_BPARM
	VALUES ("6fedfa90-fd73-4792-946d-4408f7e8955f",
	"96a56486-3140-45a2-b5d4-cd30cd827e0a",
	'message',
	"ba5eda7a-def5-0000-0000-000000000004",
	0,
	'',
	"00000000-0000-0000-0000-000000000000",
	'');
INSERT INTO ACT_BRB
	VALUES ("8606dab3-4aee-4432-9419-2eba5bf6970c",
	"96a56486-3140-45a2-b5d4-cd30cd827e0a");
INSERT INTO ACT_ACT
	VALUES ("8606dab3-4aee-4432-9419-2eba5bf6970c",
	'bridge',
	0,
	"d7ff4d5d-66e6-4cb2-9bca-61964dbbb3ed",
	"00000000-0000-0000-0000-000000000000",
	0,
	'Logging::LogTime',
	"00000000-0000-0000-0000-000000000000");
INSERT INTO ACT_BLK
	VALUES ("d7ff4d5d-66e6-4cb2-9bca-61964dbbb3ed",
	0,
	0,
	0,
	'',
	'',
	'',
	0,
	0,
	0,
	0,
	0,
	0,
	0,
	0,
	0,
	0,
	0,
	0,
	0,
	"8606dab3-4aee-4432-9419-2eba5bf6970c",
	"00000000-0000-0000-0000-000000000000");
INSERT INTO S_BRG
	VALUES ("3233f427-60ae-4bdf-96f5-c8cbb636d365",
	"14b343c3-dace-49ef-9d44-335807736f1c",
	'LogReal',
	'',
	0,
	"ba5eda7a-def5-0000-0000-000000000000",
	'',
	1,
	'');
INSERT INTO S_BPARM
	VALUES ("95c57806-4dad-4edf-a647-3c9453f14dc5",
	"3233f427-60ae-4bdf-96f5-c8cbb636d365",
	'r',
	"ba5eda7a-def5-0000-0000-000000000003",
	0,
	'',
	"03b20a31-0daf-4d47-8627-bd9418868ab3",
	'');
INSERT INTO S_BPARM
	VALUES ("03b20a31-0daf-4d47-8627-bd9418868ab3",
	"3233f427-60ae-4bdf-96f5-c8cbb636d365",
	'message',
	"ba5eda7a-def5-0000-0000-000000000004",
	0,
	'',
	"00000000-0000-0000-0000-000000000000",
	'');
INSERT INTO ACT_BRB
	VALUES ("94d0b486-ffe2-4b7a-add3-391fe4d88ff7",
	"3233f427-60ae-4bdf-96f5-c8cbb636d365");
INSERT INTO ACT_ACT
	VALUES ("94d0b486-ffe2-4b7a-add3-391fe4d88ff7",
	'bridge',
	0,
	"511024b7-dcf4-4eac-bd77-1c505fc34dbd",
	"00000000-0000-0000-0000-000000000000",
	0,
	'Logging::LogReal',
	"00000000-0000-0000-0000-000000000000");
INSERT INTO ACT_BLK
	VALUES ("511024b7-dcf4-4eac-bd77-1c505fc34dbd",
	0,
	0,
	0,
	'',
	'',
	'',
	0,
	0,
	0,
	0,
	0,
	0,
	0,
	0,
	0,
	0,
	0,
	0,
	0,
	"94d0b486-ffe2-4b7a-add3-391fe4d88ff7",
	"00000000-0000-0000-0000-000000000000");
INSERT INTO S_BRG
	VALUES ("a2a10245-d8ab-4c55-95c5-acde19887386",
	"14b343c3-dace-49ef-9d44-335807736f1c",
	'LogInteger',
	'',
	0,
	"ba5eda7a-def5-0000-0000-000000000000",
	'',
	0,
	'');
INSERT INTO S_BPARM
	VALUES ("600f89d9-ce9c-4a13-a189-2ab99f9910f5",
	"a2a10245-d8ab-4c55-95c5-acde19887386",
	'message',
	"ba5eda7a-def5-0000-0000-000000000002",
	0,
	'',
	"00000000-0000-0000-0000-000000000000",
	'');
INSERT INTO PE_PE
	VALUES ("e5f54653-9393-4c20-b923-38e3392d7a58",
	1,
	"00000000-0000-0000-0000-000000000000",
	"ba87c6eb-2533-4e97-ad6a-c00c71348da9",
	7);
INSERT INTO EP_PKG
	VALUES ("e5f54653-9393-4c20-b923-38e3392d7a58",
	"00000000-0000-0000-0000-000000000000",
	"15b2a15d-7110-4efa-b644-89bd96e12c0e",
	'functions',
	'',
	0);
INSERT INTO PE_PE
	VALUES ("aac6a539-bfd4-498e-9465-803364402aab",
	1,
	"e5f54653-9393-4c20-b923-38e3392d7a58",
	"00000000-0000-0000-0000-000000000000",
	1);
INSERT INTO S_SYNC
	VALUES ("aac6a539-bfd4-498e-9465-803364402aab",
	"00000000-0000-0000-0000-000000000000",
	'init',
	'',
	'// Create the instances of heart and nervous system.
// Relate them together.
// Initialize the nervous system with (half) periods for the pulsing.
// Send message out to the body (pacer) to initialize.
// Kick off the simulation by sending an event to the nervous system.
create object instance heart of HEART;
create object instance snode of SINUS_NODE;
relate heart to snode across R1;
snode.systolic_period = 500000;
snode.diastolic_period = 500000;
snode.decrement = 0;
send out_to_body::init(systolic_period:snode.systolic_period, diastolic_period:snode.diastolic_period);
// Set a timer for the diastolic period to start things going.
create event instance e of SINUS_NODE2:period() to snode;
//t = TIM::timer_start_recurring( microseconds:snode.systolic_period + snode.diastolic_period, event_inst:e );
t = TIM::timer_start( microseconds:snode.systolic_period + snode.diastolic_period, event_inst:e );

',
	"ba5eda7a-def5-0000-0000-000000000000",
	1,
	'');
INSERT INTO ACT_FNB
	VALUES ("dde7c3ea-45fc-4caa-bc93-e4e2eb1d60c3",
	"aac6a539-bfd4-498e-9465-803364402aab");
INSERT INTO ACT_ACT
	VALUES ("dde7c3ea-45fc-4caa-bc93-e4e2eb1d60c3",
	'function',
	0,
	"c00601c6-80b5-4f8a-aeca-8c7ade62fc52",
	"00000000-0000-0000-0000-000000000000",
	0,
	'init',
	"00000000-0000-0000-0000-000000000000");
INSERT INTO ACT_BLK
	VALUES ("c00601c6-80b5-4f8a-aeca-8c7ade62fc52",
	0,
	0,
	0,
	'TIM',
	'',
	'',
	16,
	1,
	16,
	5,
	0,
	0,
	8,
	30,
	0,
	0,
	0,
	0,
	0,
	"dde7c3ea-45fc-4caa-bc93-e4e2eb1d60c3",
	"00000000-0000-0000-0000-000000000000");
INSERT INTO ACT_SMT
	VALUES ("3cc96855-9141-435b-8530-c5fd63359089",
	"c00601c6-80b5-4f8a-aeca-8c7ade62fc52",
	"c64a81b8-8f24-4ca0-b2ed-dd7c330edfca",
	6,
	1,
	'init line: 6');
INSERT INTO ACT_CR
	VALUES ("3cc96855-9141-435b-8530-c5fd63359089",
	"1e862590-20b2-49d3-9a7a-1f99ce065de0",
	1,
	"0ab92247-10bb-454c-9d00-8b34354a6cca",
	6,
	33);
INSERT INTO ACT_SMT
	VALUES ("c64a81b8-8f24-4ca0-b2ed-dd7c330edfca",
	"c00601c6-80b5-4f8a-aeca-8c7ade62fc52",
	"78e850bb-ccdd-4961-b7f7-bfb03ee0427c",
	7,
	1,
	'init line: 7');
INSERT INTO ACT_CR
	VALUES ("c64a81b8-8f24-4ca0-b2ed-dd7c330edfca",
	"f5c1eadb-a274-48fc-9f8f-a40c4d32121b",
	1,
	"2d71d04d-beb6-4ebb-8704-61a35aee894b",
	7,
	33);
INSERT INTO ACT_SMT
	VALUES ("78e850bb-ccdd-4961-b7f7-bfb03ee0427c",
	"c00601c6-80b5-4f8a-aeca-8c7ade62fc52",
	"28e0b6e8-ed49-4f85-8754-7fe3976af176",
	8,
	1,
	'init line: 8');
INSERT INTO ACT_REL
	VALUES ("78e850bb-ccdd-4961-b7f7-bfb03ee0427c",
	"1e862590-20b2-49d3-9a7a-1f99ce065de0",
	"f5c1eadb-a274-48fc-9f8f-a40c4d32121b",
	'',
	"3c1d3846-9d5c-4fc0-8953-66cc53544a58",
	8,
	30,
	0,
	0);
INSERT INTO ACT_SMT
	VALUES ("28e0b6e8-ed49-4f85-8754-7fe3976af176",
	"c00601c6-80b5-4f8a-aeca-8c7ade62fc52",
	"ce81e744-1d22-4eba-b05a-6890a8b755a6",
	9,
	1,
	'init line: 9');
INSERT INTO ACT_AI
	VALUES ("28e0b6e8-ed49-4f85-8754-7fe3976af176",
	"d0ef3251-22a9-4aca-89d3-ce0c207a3e9d",
	"9a078acd-0827-4834-9e72-da489bc06d63",
	0,
	0);
INSERT INTO ACT_SMT
	VALUES ("ce81e744-1d22-4eba-b05a-6890a8b755a6",
	"c00601c6-80b5-4f8a-aeca-8c7ade62fc52",
	"0598c8aa-db7d-421d-b66f-cac006ae8d80",
	10,
	1,
	'init line: 10');
INSERT INTO ACT_AI
	VALUES ("ce81e744-1d22-4eba-b05a-6890a8b755a6",
	"95417a2e-04b8-4541-840e-612e8d3a4520",
	"39ab2da8-fa16-49dc-8cf0-128da0d7f436",
	0,
	0);
INSERT INTO ACT_SMT
	VALUES ("0598c8aa-db7d-421d-b66f-cac006ae8d80",
	"c00601c6-80b5-4f8a-aeca-8c7ade62fc52",
	"0a5725f1-a5ed-4728-a964-3a22bad934b4",
	11,
	1,
	'init line: 11');
INSERT INTO ACT_AI
	VALUES ("0598c8aa-db7d-421d-b66f-cac006ae8d80",
	"49215a8d-d103-4b3c-ab0f-89cc18f6faa0",
	"1d8b1546-1848-4241-85ae-d209836e21c8",
	0,
	0);
INSERT INTO ACT_SMT
	VALUES ("0a5725f1-a5ed-4728-a964-3a22bad934b4",
	"c00601c6-80b5-4f8a-aeca-8c7ade62fc52",
	"1eabac23-604b-42d9-a33b-fc59a8bdc9b2",
	12,
	1,
	'init line: 12');
INSERT INTO ACT_IOP
	VALUES ("0a5725f1-a5ed-4728-a964-3a22bad934b4",
	12,
	19,
	12,
	6,
	"00000000-0000-0000-0000-000000000000",
	"fc400db4-7dd7-4da0-bce3-25e9851a6237",
	"00000000-0000-0000-0000-000000000000");
INSERT INTO ACT_SMT
	VALUES ("1eabac23-604b-42d9-a33b-fc59a8bdc9b2",
	"c00601c6-80b5-4f8a-aeca-8c7ade62fc52",
	"d594f3a6-71a9-48ad-b541-ce36836e3be7",
	14,
	1,
	'init line: 14');
INSERT INTO E_ESS
	VALUES ("1eabac23-604b-42d9-a33b-fc59a8bdc9b2",
	1,
	0,
	14,
	28,
	14,
	40,
	12,
	6,
	0,
	0,
	0,
	0);
INSERT INTO E_CES
	VALUES ("1eabac23-604b-42d9-a33b-fc59a8bdc9b2",
	1,
	"df08eced-e6dc-41eb-9d4c-88da927d4f61");
INSERT INTO E_CSME
	VALUES ("1eabac23-604b-42d9-a33b-fc59a8bdc9b2",
	"d5038b4d-974a-428f-ad11-e9a71abb4237");
INSERT INTO E_CEI
	VALUES ("1eabac23-604b-42d9-a33b-fc59a8bdc9b2",
	"f5c1eadb-a274-48fc-9f8f-a40c4d32121b");
INSERT INTO ACT_SMT
	VALUES ("d594f3a6-71a9-48ad-b541-ce36836e3be7",
	"c00601c6-80b5-4f8a-aeca-8c7ade62fc52",
	"00000000-0000-0000-0000-000000000000",
	16,
	1,
	'init line: 16');
INSERT INTO ACT_AI
	VALUES ("d594f3a6-71a9-48ad-b541-ce36836e3be7",
	"0d8c9d6a-03ed-452d-97b1-5177d6918156",
	"33057905-692b-4ce3-99c5-35f6b7eb400d",
	0,
	0);
INSERT INTO V_VAL
	VALUES ("5f24e556-011f-4fb4-8f4b-264a2b4842d5",
	1,
	0,
	9,
	1,
	5,
	0,
	0,
	0,
	0,
	"ba5eda7a-def5-0000-0000-000000000008",
	"c00601c6-80b5-4f8a-aeca-8c7ade62fc52");
INSERT INTO V_IRF
	VALUES ("5f24e556-011f-4fb4-8f4b-264a2b4842d5",
	"f5c1eadb-a274-48fc-9f8f-a40c4d32121b");
INSERT INTO V_VAL
	VALUES ("9a078acd-0827-4834-9e72-da489bc06d63",
	1,
	0,
	9,
	7,
	21,
	0,
	0,
	0,
	0,
	"ba5eda7a-def5-0000-0000-000000000002",
	"c00601c6-80b5-4f8a-aeca-8c7ade62fc52");
INSERT INTO V_AVL
	VALUES ("9a078acd-0827-4834-9e72-da489bc06d63",
	"5f24e556-011f-4fb4-8f4b-264a2b4842d5",
	"2d71d04d-beb6-4ebb-8704-61a35aee894b",
	"ed8653a7-01a2-4623-99f8-9e19340d24d4");
INSERT INTO V_VAL
	VALUES ("d0ef3251-22a9-4aca-89d3-ce0c207a3e9d",
	0,
	0,
	9,
	25,
	30,
	0,
	0,
	0,
	0,
	"ba5eda7a-def5-0000-0000-000000000002",
	"c00601c6-80b5-4f8a-aeca-8c7ade62fc52");
INSERT INTO V_LIN
	VALUES ("d0ef3251-22a9-4aca-89d3-ce0c207a3e9d",
	'500000');
INSERT INTO V_VAL
	VALUES ("1d86cdab-9483-4aef-a76e-7beaefe56de8",
	1,
	0,
	10,
	1,
	5,
	0,
	0,
	0,
	0,
	"ba5eda7a-def5-0000-0000-000000000008",
	"c00601c6-80b5-4f8a-aeca-8c7ade62fc52");
INSERT INTO V_IRF
	VALUES ("1d86cdab-9483-4aef-a76e-7beaefe56de8",
	"f5c1eadb-a274-48fc-9f8f-a40c4d32121b");
INSERT INTO V_VAL
	VALUES ("39ab2da8-fa16-49dc-8cf0-128da0d7f436",
	1,
	0,
	10,
	7,
	22,
	0,
	0,
	0,
	0,
	"ba5eda7a-def5-0000-0000-000000000002",
	"c00601c6-80b5-4f8a-aeca-8c7ade62fc52");
INSERT INTO V_AVL
	VALUES ("39ab2da8-fa16-49dc-8cf0-128da0d7f436",
	"1d86cdab-9483-4aef-a76e-7beaefe56de8",
	"2d71d04d-beb6-4ebb-8704-61a35aee894b",
	"612a0a93-86e8-4adc-9e95-9af3d8152a50");
INSERT INTO V_VAL
	VALUES ("95417a2e-04b8-4541-840e-612e8d3a4520",
	0,
	0,
	10,
	26,
	31,
	0,
	0,
	0,
	0,
	"ba5eda7a-def5-0000-0000-000000000002",
	"c00601c6-80b5-4f8a-aeca-8c7ade62fc52");
INSERT INTO V_LIN
	VALUES ("95417a2e-04b8-4541-840e-612e8d3a4520",
	'500000');
INSERT INTO V_VAL
	VALUES ("4e0b6c54-426c-4ca5-b3f2-d641b24b11c2",
	1,
	0,
	11,
	1,
	5,
	0,
	0,
	0,
	0,
	"ba5eda7a-def5-0000-0000-000000000008",
	"c00601c6-80b5-4f8a-aeca-8c7ade62fc52");
INSERT INTO V_IRF
	VALUES ("4e0b6c54-426c-4ca5-b3f2-d641b24b11c2",
	"f5c1eadb-a274-48fc-9f8f-a40c4d32121b");
INSERT INTO V_VAL
	VALUES ("1d8b1546-1848-4241-85ae-d209836e21c8",
	1,
	0,
	11,
	7,
	15,
	0,
	0,
	0,
	0,
	"ba5eda7a-def5-0000-0000-000000000002",
	"c00601c6-80b5-4f8a-aeca-8c7ade62fc52");
INSERT INTO V_AVL
	VALUES ("1d8b1546-1848-4241-85ae-d209836e21c8",
	"4e0b6c54-426c-4ca5-b3f2-d641b24b11c2",
	"2d71d04d-beb6-4ebb-8704-61a35aee894b",
	"ac822fb9-0787-4df6-9337-4b1c962f691d");
INSERT INTO V_VAL
	VALUES ("49215a8d-d103-4b3c-ab0f-89cc18f6faa0",
	0,
	0,
	11,
	19,
	19,
	0,
	0,
	0,
	0,
	"ba5eda7a-def5-0000-0000-000000000002",
	"c00601c6-80b5-4f8a-aeca-8c7ade62fc52");
INSERT INTO V_LIN
	VALUES ("49215a8d-d103-4b3c-ab0f-89cc18f6faa0",
	'0');
INSERT INTO V_VAL
	VALUES ("92729f58-f0e3-40ed-8059-5134b91a10a1",
	0,
	0,
	12,
	40,
	44,
	0,
	0,
	0,
	0,
	"ba5eda7a-def5-0000-0000-000000000008",
	"c00601c6-80b5-4f8a-aeca-8c7ade62fc52");
INSERT INTO V_IRF
	VALUES ("92729f58-f0e3-40ed-8059-5134b91a10a1",
	"f5c1eadb-a274-48fc-9f8f-a40c4d32121b");
INSERT INTO V_VAL
	VALUES ("cc271059-fbce-40de-ac39-030d0933a83b",
	0,
	0,
	12,
	46,
	60,
	0,
	0,
	0,
	0,
	"ba5eda7a-def5-0000-0000-000000000002",
	"c00601c6-80b5-4f8a-aeca-8c7ade62fc52");
INSERT INTO V_AVL
	VALUES ("cc271059-fbce-40de-ac39-030d0933a83b",
	"92729f58-f0e3-40ed-8059-5134b91a10a1",
	"2d71d04d-beb6-4ebb-8704-61a35aee894b",
	"ed8653a7-01a2-4623-99f8-9e19340d24d4");
INSERT INTO V_PAR
	VALUES ("cc271059-fbce-40de-ac39-030d0933a83b",
	"0a5725f1-a5ed-4728-a964-3a22bad934b4",
	"00000000-0000-0000-0000-000000000000",
	'systolic_period',
	"cf66bc1a-1e08-48f0-9be1-ae25108eb769",
	12,
	24);
INSERT INTO V_VAL
	VALUES ("9c8d50bc-d9ae-4486-a7e3-99dc6195525b",
	0,
	0,
	12,
	80,
	84,
	0,
	0,
	0,
	0,
	"ba5eda7a-def5-0000-0000-000000000008",
	"c00601c6-80b5-4f8a-aeca-8c7ade62fc52");
INSERT INTO V_IRF
	VALUES ("9c8d50bc-d9ae-4486-a7e3-99dc6195525b",
	"f5c1eadb-a274-48fc-9f8f-a40c4d32121b");
INSERT INTO V_VAL
	VALUES ("cf66bc1a-1e08-48f0-9be1-ae25108eb769",
	0,
	0,
	12,
	86,
	101,
	0,
	0,
	0,
	0,
	"ba5eda7a-def5-0000-0000-000000000002",
	"c00601c6-80b5-4f8a-aeca-8c7ade62fc52");
INSERT INTO V_AVL
	VALUES ("cf66bc1a-1e08-48f0-9be1-ae25108eb769",
	"9c8d50bc-d9ae-4486-a7e3-99dc6195525b",
	"2d71d04d-beb6-4ebb-8704-61a35aee894b",
	"612a0a93-86e8-4adc-9e95-9af3d8152a50");
INSERT INTO V_PAR
	VALUES ("cf66bc1a-1e08-48f0-9be1-ae25108eb769",
	"0a5725f1-a5ed-4728-a964-3a22bad934b4",
	"00000000-0000-0000-0000-000000000000",
	'diastolic_period',
	"00000000-0000-0000-0000-000000000000",
	12,
	63);
INSERT INTO V_VAL
	VALUES ("33057905-692b-4ce3-99c5-35f6b7eb400d",
	1,
	1,
	16,
	1,
	1,
	0,
	0,
	0,
	0,
	"ba5eda7a-def5-0000-0000-00000000000f",
	"c00601c6-80b5-4f8a-aeca-8c7ade62fc52");
INSERT INTO V_TVL
	VALUES ("33057905-692b-4ce3-99c5-35f6b7eb400d",
	"9e2da399-bb74-4481-92fc-40e3667634cf");
INSERT INTO V_VAL
	VALUES ("0d8c9d6a-03ed-452d-97b1-5177d6918156",
	0,
	0,
	16,
	10,
	-1,
	16,
	23,
	16,
	84,
	"ba5eda7a-def5-0000-0000-00000000000f",
	"c00601c6-80b5-4f8a-aeca-8c7ade62fc52");
INSERT INTO V_BRV
	VALUES ("0d8c9d6a-03ed-452d-97b1-5177d6918156",
	"4237baa4-ca1f-41a7-9921-f04ba0851556",
	1,
	16,
	5);
INSERT INTO V_VAL
	VALUES ("a23c9293-ca45-4b8d-b270-c17eef372390",
	0,
	0,
	16,
	36,
	40,
	0,
	0,
	0,
	0,
	"ba5eda7a-def5-0000-0000-000000000008",
	"c00601c6-80b5-4f8a-aeca-8c7ade62fc52");
INSERT INTO V_IRF
	VALUES ("a23c9293-ca45-4b8d-b270-c17eef372390",
	"f5c1eadb-a274-48fc-9f8f-a40c4d32121b");
INSERT INTO V_VAL
	VALUES ("3893872d-fde9-4f68-beaf-5652218b6077",
	0,
	0,
	16,
	42,
	56,
	0,
	0,
	0,
	0,
	"ba5eda7a-def5-0000-0000-000000000002",
	"c00601c6-80b5-4f8a-aeca-8c7ade62fc52");
INSERT INTO V_AVL
	VALUES ("3893872d-fde9-4f68-beaf-5652218b6077",
	"a23c9293-ca45-4b8d-b270-c17eef372390",
	"2d71d04d-beb6-4ebb-8704-61a35aee894b",
	"ed8653a7-01a2-4623-99f8-9e19340d24d4");
INSERT INTO V_VAL
	VALUES ("c76af39e-ea03-4bff-8c4a-69b174bacdf3",
	0,
	0,
	-1,
	-1,
	-1,
	0,
	0,
	0,
	0,
	"ba5eda7a-def5-0000-0000-000000000002",
	"c00601c6-80b5-4f8a-aeca-8c7ade62fc52");
INSERT INTO V_BIN
	VALUES ("c76af39e-ea03-4bff-8c4a-69b174bacdf3",
	"db34a516-e7b7-4d9b-8d4f-a6c07fedb8a3",
	"3893872d-fde9-4f68-beaf-5652218b6077",
	'+');
INSERT INTO V_PAR
	VALUES ("c76af39e-ea03-4bff-8c4a-69b174bacdf3",
	"00000000-0000-0000-0000-000000000000",
	"0d8c9d6a-03ed-452d-97b1-5177d6918156",
	'microseconds',
	"a16b3d64-61c5-488d-b843-642a2a4171ad",
	16,
	23);
INSERT INTO V_VAL
	VALUES ("3b6d1e10-27bf-4a3b-9849-1c9a31e67c60",
	0,
	0,
	16,
	60,
	64,
	0,
	0,
	0,
	0,
	"ba5eda7a-def5-0000-0000-000000000008",
	"c00601c6-80b5-4f8a-aeca-8c7ade62fc52");
INSERT INTO V_IRF
	VALUES ("3b6d1e10-27bf-4a3b-9849-1c9a31e67c60",
	"f5c1eadb-a274-48fc-9f8f-a40c4d32121b");
INSERT INTO V_VAL
	VALUES ("db34a516-e7b7-4d9b-8d4f-a6c07fedb8a3",
	0,
	0,
	16,
	66,
	81,
	0,
	0,
	0,
	0,
	"ba5eda7a-def5-0000-0000-000000000002",
	"c00601c6-80b5-4f8a-aeca-8c7ade62fc52");
INSERT INTO V_AVL
	VALUES ("db34a516-e7b7-4d9b-8d4f-a6c07fedb8a3",
	"3b6d1e10-27bf-4a3b-9849-1c9a31e67c60",
	"2d71d04d-beb6-4ebb-8704-61a35aee894b",
	"612a0a93-86e8-4adc-9e95-9af3d8152a50");
INSERT INTO V_VAL
	VALUES ("a16b3d64-61c5-488d-b843-642a2a4171ad",
	0,
	0,
	16,
	95,
	95,
	0,
	0,
	0,
	0,
	"ba5eda7a-def5-0000-0000-00000000000a",
	"c00601c6-80b5-4f8a-aeca-8c7ade62fc52");
INSERT INTO V_TVL
	VALUES ("a16b3d64-61c5-488d-b843-642a2a4171ad",
	"df08eced-e6dc-41eb-9d4c-88da927d4f61");
INSERT INTO V_PAR
	VALUES ("a16b3d64-61c5-488d-b843-642a2a4171ad",
	"00000000-0000-0000-0000-000000000000",
	"0d8c9d6a-03ed-452d-97b1-5177d6918156",
	'event_inst',
	"00000000-0000-0000-0000-000000000000",
	16,
	84);
INSERT INTO V_VAR
	VALUES ("1e862590-20b2-49d3-9a7a-1f99ce065de0",
	"c00601c6-80b5-4f8a-aeca-8c7ade62fc52",
	'heart',
	1,
	"ba5eda7a-def5-0000-0000-000000000008");
INSERT INTO V_INT
	VALUES ("1e862590-20b2-49d3-9a7a-1f99ce065de0",
	0,
	"0ab92247-10bb-454c-9d00-8b34354a6cca");
INSERT INTO V_LOC
	VALUES ("0763542d-a6d6-447a-88aa-01d1d055a5a2",
	6,
	24,
	28,
	"1e862590-20b2-49d3-9a7a-1f99ce065de0");
INSERT INTO V_LOC
	VALUES ("f31dbf61-1241-4678-8f9c-69aac7117923",
	8,
	8,
	12,
	"1e862590-20b2-49d3-9a7a-1f99ce065de0");
INSERT INTO V_VAR
	VALUES ("f5c1eadb-a274-48fc-9f8f-a40c4d32121b",
	"c00601c6-80b5-4f8a-aeca-8c7ade62fc52",
	'snode',
	1,
	"ba5eda7a-def5-0000-0000-000000000008");
INSERT INTO V_INT
	VALUES ("f5c1eadb-a274-48fc-9f8f-a40c4d32121b",
	0,
	"2d71d04d-beb6-4ebb-8704-61a35aee894b");
INSERT INTO V_LOC
	VALUES ("c1b2cb73-d3a1-44e5-974c-a260f4294533",
	7,
	24,
	28,
	"f5c1eadb-a274-48fc-9f8f-a40c4d32121b");
INSERT INTO V_LOC
	VALUES ("725d8964-95a2-434c-a6c3-0dd5ca12255b",
	8,
	17,
	21,
	"f5c1eadb-a274-48fc-9f8f-a40c4d32121b");
INSERT INTO V_LOC
	VALUES ("675a1579-4699-43f5-9359-6d9a5ba3e990",
	9,
	1,
	5,
	"f5c1eadb-a274-48fc-9f8f-a40c4d32121b");
INSERT INTO V_LOC
	VALUES ("4f017fd6-42f9-4082-a8ae-af8837717792",
	10,
	1,
	5,
	"f5c1eadb-a274-48fc-9f8f-a40c4d32121b");
INSERT INTO V_LOC
	VALUES ("d24b4410-a121-48b3-be37-578ba074b130",
	11,
	1,
	5,
	"f5c1eadb-a274-48fc-9f8f-a40c4d32121b");
INSERT INTO V_LOC
	VALUES ("bad5193b-a585-4447-854f-bfd009c52cf6",
	12,
	40,
	44,
	"f5c1eadb-a274-48fc-9f8f-a40c4d32121b");
INSERT INTO V_LOC
	VALUES ("c31d54f7-ad35-4bdb-81d6-58c78e40dcec",
	12,
	80,
	84,
	"f5c1eadb-a274-48fc-9f8f-a40c4d32121b");
INSERT INTO V_LOC
	VALUES ("afabc983-f793-4798-8bbd-edf70159e142",
	14,
	52,
	56,
	"f5c1eadb-a274-48fc-9f8f-a40c4d32121b");
INSERT INTO V_LOC
	VALUES ("09baf932-3ad1-4f89-8a20-1204331bd122",
	16,
	36,
	40,
	"f5c1eadb-a274-48fc-9f8f-a40c4d32121b");
INSERT INTO V_LOC
	VALUES ("38e5a24f-68e3-4dff-98b6-e9abdf683de0",
	16,
	60,
	64,
	"f5c1eadb-a274-48fc-9f8f-a40c4d32121b");
INSERT INTO V_VAR
	VALUES ("df08eced-e6dc-41eb-9d4c-88da927d4f61",
	"c00601c6-80b5-4f8a-aeca-8c7ade62fc52",
	'e',
	1,
	"ba5eda7a-def5-0000-0000-00000000000a");
INSERT INTO V_TRN
	VALUES ("df08eced-e6dc-41eb-9d4c-88da927d4f61",
	"00000000-0000-0000-0000-000000000000",
	'');
INSERT INTO V_LOC
	VALUES ("6aede526-c68a-498d-a75b-724718f43751",
	14,
	23,
	23,
	"df08eced-e6dc-41eb-9d4c-88da927d4f61");
INSERT INTO V_LOC
	VALUES ("5392597f-ab3c-4ece-a617-7ef861aa4e7c",
	16,
	95,
	95,
	"df08eced-e6dc-41eb-9d4c-88da927d4f61");
INSERT INTO V_VAR
	VALUES ("9e2da399-bb74-4481-92fc-40e3667634cf",
	"c00601c6-80b5-4f8a-aeca-8c7ade62fc52",
	't',
	1,
	"ba5eda7a-def5-0000-0000-00000000000f");
INSERT INTO V_TRN
	VALUES ("9e2da399-bb74-4481-92fc-40e3667634cf",
	"00000000-0000-0000-0000-000000000000",
	'');
INSERT INTO V_LOC
	VALUES ("69d88a00-8190-4564-a43b-8339e1697c4e",
	16,
	1,
	1,
	"9e2da399-bb74-4481-92fc-40e3667634cf");
INSERT INTO PE_PE
	VALUES ("0299068e-17bb-48bd-a584-a45dea11a6ca",
	1,
	"00000000-0000-0000-0000-000000000000",
	"ba87c6eb-2533-4e97-ad6a-c00c71348da9",
	7);
INSERT INTO EP_PKG
	VALUES ("0299068e-17bb-48bd-a584-a45dea11a6ca",
	"00000000-0000-0000-0000-000000000000",
	"15b2a15d-7110-4efa-b644-89bd96e12c0e",
	'heart',
	'',
	0);
INSERT INTO PE_PE
	VALUES ("3c1d3846-9d5c-4fc0-8953-66cc53544a58",
	1,
	"0299068e-17bb-48bd-a584-a45dea11a6ca",
	"00000000-0000-0000-0000-000000000000",
	9);
INSERT INTO R_REL
	VALUES ("3c1d3846-9d5c-4fc0-8953-66cc53544a58",
	1,
	'',
	"00000000-0000-0000-0000-000000000000");
INSERT INTO R_SIMP
	VALUES ("3c1d3846-9d5c-4fc0-8953-66cc53544a58");
INSERT INTO R_PART
	VALUES ("0ab92247-10bb-454c-9d00-8b34354a6cca",
	"3c1d3846-9d5c-4fc0-8953-66cc53544a58",
	"434c6aac-0d8d-4870-998a-96e9c102179d",
	0,
	0,
	'triggers');
INSERT INTO R_RTO
	VALUES ("0ab92247-10bb-454c-9d00-8b34354a6cca",
	"3c1d3846-9d5c-4fc0-8953-66cc53544a58",
	"434c6aac-0d8d-4870-998a-96e9c102179d",
	-1);
INSERT INTO R_OIR
	VALUES ("0ab92247-10bb-454c-9d00-8b34354a6cca",
	"3c1d3846-9d5c-4fc0-8953-66cc53544a58",
	"434c6aac-0d8d-4870-998a-96e9c102179d",
	"00000000-0000-0000-0000-000000000000");
INSERT INTO R_PART
	VALUES ("2d71d04d-beb6-4ebb-8704-61a35aee894b",
	"3c1d3846-9d5c-4fc0-8953-66cc53544a58",
	"eaaab7c6-855a-45ed-b633-ae0f1aa9da8a",
	0,
	0,
	'is triggered by');
INSERT INTO R_RTO
	VALUES ("2d71d04d-beb6-4ebb-8704-61a35aee894b",
	"3c1d3846-9d5c-4fc0-8953-66cc53544a58",
	"eaaab7c6-855a-45ed-b633-ae0f1aa9da8a",
	-1);
INSERT INTO R_OIR
	VALUES ("2d71d04d-beb6-4ebb-8704-61a35aee894b",
	"3c1d3846-9d5c-4fc0-8953-66cc53544a58",
	"eaaab7c6-855a-45ed-b633-ae0f1aa9da8a",
	"00000000-0000-0000-0000-000000000000");
INSERT INTO PE_PE
	VALUES ("0ab92247-10bb-454c-9d00-8b34354a6cca",
	1,
	"0299068e-17bb-48bd-a584-a45dea11a6ca",
	"00000000-0000-0000-0000-000000000000",
	4);
INSERT INTO O_OBJ
	VALUES ("0ab92247-10bb-454c-9d00-8b34354a6cca",
	'heart',
	1,
	'HEART',
	'',
	"00000000-0000-0000-0000-000000000000");
INSERT INTO O_NBATTR
	VALUES ("b9dbd7b7-121d-4194-9be0-2b5ed70633e7",
	"0ab92247-10bb-454c-9d00-8b34354a6cca");
INSERT INTO O_BATTR
	VALUES ("b9dbd7b7-121d-4194-9be0-2b5ed70633e7",
	"0ab92247-10bb-454c-9d00-8b34354a6cca");
INSERT INTO O_ATTR
	VALUES ("b9dbd7b7-121d-4194-9be0-2b5ed70633e7",
	"0ab92247-10bb-454c-9d00-8b34354a6cca",
	"00000000-0000-0000-0000-000000000000",
	'current_state',
	'',
	'',
	'current_state',
	0,
	"ba5eda7a-def5-0000-0000-000000000006",
	'',
	'');
INSERT INTO O_ID
	VALUES (0,
	"0ab92247-10bb-454c-9d00-8b34354a6cca");
INSERT INTO O_ID
	VALUES (1,
	"0ab92247-10bb-454c-9d00-8b34354a6cca");
INSERT INTO O_ID
	VALUES (2,
	"0ab92247-10bb-454c-9d00-8b34354a6cca");
INSERT INTO SM_ISM
	VALUES ("7be3c37f-d198-43a1-8de3-77558c9269f7",
	"0ab92247-10bb-454c-9d00-8b34354a6cca");
INSERT INTO SM_SM
	VALUES ("7be3c37f-d198-43a1-8de3-77558c9269f7",
	'',
	0);
INSERT INTO SM_MOORE
	VALUES ("7be3c37f-d198-43a1-8de3-77558c9269f7");
INSERT INTO SM_LEVT
	VALUES ("ec848a86-a99f-4778-a571-6767eb9c38ac",
	"7be3c37f-d198-43a1-8de3-77558c9269f7",
	"00000000-0000-0000-0000-000000000000");
INSERT INTO SM_SEVT
	VALUES ("ec848a86-a99f-4778-a571-6767eb9c38ac",
	"7be3c37f-d198-43a1-8de3-77558c9269f7",
	"00000000-0000-0000-0000-000000000000");
INSERT INTO SM_EVT
	VALUES ("ec848a86-a99f-4778-a571-6767eb9c38ac",
	"7be3c37f-d198-43a1-8de3-77558c9269f7",
	"00000000-0000-0000-0000-000000000000",
	1,
	'done',
	0,
	'',
	'HEART1',
	'');
INSERT INTO SM_LEVT
	VALUES ("d2453add-1fde-4a17-9f98-b5d257a8c3aa",
	"7be3c37f-d198-43a1-8de3-77558c9269f7",
	"00000000-0000-0000-0000-000000000000");
INSERT INTO SM_SEVT
	VALUES ("d2453add-1fde-4a17-9f98-b5d257a8c3aa",
	"7be3c37f-d198-43a1-8de3-77558c9269f7",
	"00000000-0000-0000-0000-000000000000");
INSERT INTO SM_EVT
	VALUES ("d2453add-1fde-4a17-9f98-b5d257a8c3aa",
	"7be3c37f-d198-43a1-8de3-77558c9269f7",
	"00000000-0000-0000-0000-000000000000",
	2,
	'diastolic_pace',
	0,
	'',
	'HEART2',
	'');
INSERT INTO SM_LEVT
	VALUES ("3f621b76-71a3-4d74-bb05-8543842a5138",
	"7be3c37f-d198-43a1-8de3-77558c9269f7",
	"00000000-0000-0000-0000-000000000000");
INSERT INTO SM_SEVT
	VALUES ("3f621b76-71a3-4d74-bb05-8543842a5138",
	"7be3c37f-d198-43a1-8de3-77558c9269f7",
	"00000000-0000-0000-0000-000000000000");
INSERT INTO SM_EVT
	VALUES ("3f621b76-71a3-4d74-bb05-8543842a5138",
	"7be3c37f-d198-43a1-8de3-77558c9269f7",
	"00000000-0000-0000-0000-000000000000",
	3,
	'systolic_pace',
	0,
	'',
	'HEART3',
	'');
INSERT INTO SM_LEVT
	VALUES ("08992814-303b-4284-a6a9-da49be327574",
	"7be3c37f-d198-43a1-8de3-77558c9269f7",
	"00000000-0000-0000-0000-000000000000");
INSERT INTO SM_SEVT
	VALUES ("08992814-303b-4284-a6a9-da49be327574",
	"7be3c37f-d198-43a1-8de3-77558c9269f7",
	"00000000-0000-0000-0000-000000000000");
INSERT INTO SM_EVT
	VALUES ("08992814-303b-4284-a6a9-da49be327574",
	"7be3c37f-d198-43a1-8de3-77558c9269f7",
	"00000000-0000-0000-0000-000000000000",
	4,
	'diastolic_pulse',
	0,
	'',
	'HEART4',
	'');
INSERT INTO SM_LEVT
	VALUES ("031a9ed1-be21-4349-8df5-ae77459b25c5",
	"7be3c37f-d198-43a1-8de3-77558c9269f7",
	"00000000-0000-0000-0000-000000000000");
INSERT INTO SM_SEVT
	VALUES ("031a9ed1-be21-4349-8df5-ae77459b25c5",
	"7be3c37f-d198-43a1-8de3-77558c9269f7",
	"00000000-0000-0000-0000-000000000000");
INSERT INTO SM_EVT
	VALUES ("031a9ed1-be21-4349-8df5-ae77459b25c5",
	"7be3c37f-d198-43a1-8de3-77558c9269f7",
	"00000000-0000-0000-0000-000000000000",
	5,
	'systolic_pulse',
	0,
	'',
	'HEART5',
	'');
INSERT INTO SM_STATE
	VALUES ("75232a46-3b40-4f36-8c5d-4489a20549be",
	"7be3c37f-d198-43a1-8de3-77558c9269f7",
	"00000000-0000-0000-0000-000000000000",
	'atrial systole',
	5,
	0);
INSERT INTO SM_SEME
	VALUES ("75232a46-3b40-4f36-8c5d-4489a20549be",
	"ec848a86-a99f-4778-a571-6767eb9c38ac",
	"7be3c37f-d198-43a1-8de3-77558c9269f7",
	"00000000-0000-0000-0000-000000000000");
INSERT INTO SM_CH
	VALUES ("75232a46-3b40-4f36-8c5d-4489a20549be",
	"d2453add-1fde-4a17-9f98-b5d257a8c3aa",
	"7be3c37f-d198-43a1-8de3-77558c9269f7",
	"00000000-0000-0000-0000-000000000000",
	'');
INSERT INTO SM_SEME
	VALUES ("75232a46-3b40-4f36-8c5d-4489a20549be",
	"d2453add-1fde-4a17-9f98-b5d257a8c3aa",
	"7be3c37f-d198-43a1-8de3-77558c9269f7",
	"00000000-0000-0000-0000-000000000000");
INSERT INTO SM_CH
	VALUES ("75232a46-3b40-4f36-8c5d-4489a20549be",
	"3f621b76-71a3-4d74-bb05-8543842a5138",
	"7be3c37f-d198-43a1-8de3-77558c9269f7",
	"00000000-0000-0000-0000-000000000000",
	'');
INSERT INTO SM_SEME
	VALUES ("75232a46-3b40-4f36-8c5d-4489a20549be",
	"3f621b76-71a3-4d74-bb05-8543842a5138",
	"7be3c37f-d198-43a1-8de3-77558c9269f7",
	"00000000-0000-0000-0000-000000000000");
INSERT INTO SM_CH
	VALUES ("75232a46-3b40-4f36-8c5d-4489a20549be",
	"08992814-303b-4284-a6a9-da49be327574",
	"7be3c37f-d198-43a1-8de3-77558c9269f7",
	"00000000-0000-0000-0000-000000000000",
	'');
INSERT INTO SM_SEME
	VALUES ("75232a46-3b40-4f36-8c5d-4489a20549be",
	"08992814-303b-4284-a6a9-da49be327574",
	"7be3c37f-d198-43a1-8de3-77558c9269f7",
	"00000000-0000-0000-0000-000000000000");
INSERT INTO SM_CH
	VALUES ("75232a46-3b40-4f36-8c5d-4489a20549be",
	"031a9ed1-be21-4349-8df5-ae77459b25c5",
	"7be3c37f-d198-43a1-8de3-77558c9269f7",
	"00000000-0000-0000-0000-000000000000",
	'');
INSERT INTO SM_SEME
	VALUES ("75232a46-3b40-4f36-8c5d-4489a20549be",
	"031a9ed1-be21-4349-8df5-ae77459b25c5",
	"7be3c37f-d198-43a1-8de3-77558c9269f7",
	"00000000-0000-0000-0000-000000000000");
INSERT INTO SM_MOAH
	VALUES ("b8557062-5f7d-48e6-acd1-dd4e65bb9bcd",
	"7be3c37f-d198-43a1-8de3-77558c9269f7",
	"75232a46-3b40-4f36-8c5d-4489a20549be");
INSERT INTO SM_AH
	VALUES ("b8557062-5f7d-48e6-acd1-dd4e65bb9bcd",
	"7be3c37f-d198-43a1-8de3-77558c9269f7");
INSERT INTO SM_ACT
	VALUES ("b8557062-5f7d-48e6-acd1-dd4e65bb9bcd",
	"7be3c37f-d198-43a1-8de3-77558c9269f7",
	1,
	'generate HEART1:done() to self;',
	'');
INSERT INTO ACT_SAB
	VALUES ("d6eb2963-9313-4170-8fe8-1a46341ea379",
	"7be3c37f-d198-43a1-8de3-77558c9269f7",
	"b8557062-5f7d-48e6-acd1-dd4e65bb9bcd");
INSERT INTO ACT_ACT
	VALUES ("d6eb2963-9313-4170-8fe8-1a46341ea379",
	'state',
	0,
	"49fa9ee2-1b0d-4e87-bba0-fb283aab368a",
	"00000000-0000-0000-0000-000000000000",
	0,
	'heart::atrial systole',
	"00000000-0000-0000-0000-000000000000");
INSERT INTO ACT_BLK
	VALUES ("49fa9ee2-1b0d-4e87-bba0-fb283aab368a",
	0,
	0,
	0,
	'V_VAR.Var_ID',
	'',
	'',
	1,
	1,
	0,
	0,
	0,
	0,
	0,
	0,
	0,
	0,
	0,
	0,
	0,
	"d6eb2963-9313-4170-8fe8-1a46341ea379",
	"00000000-0000-0000-0000-000000000000");
INSERT INTO ACT_SMT
	VALUES ("84fb72a8-e0cf-4672-ad17-eabf305def4e",
	"49fa9ee2-1b0d-4e87-bba0-fb283aab368a",
	"00000000-0000-0000-0000-000000000000",
	1,
	1,
	'heart::atrial systole line: 1');
INSERT INTO E_ESS
	VALUES ("84fb72a8-e0cf-4672-ad17-eabf305def4e",
	1,
	0,
	1,
	10,
	1,
	17,
	0,
	0,
	0,
	0,
	0,
	0);
INSERT INTO E_GES
	VALUES ("84fb72a8-e0cf-4672-ad17-eabf305def4e");
INSERT INTO E_GSME
	VALUES ("84fb72a8-e0cf-4672-ad17-eabf305def4e",
	"ec848a86-a99f-4778-a571-6767eb9c38ac");
INSERT INTO E_GEN
	VALUES ("84fb72a8-e0cf-4672-ad17-eabf305def4e",
	"d00704d4-26c0-4d88-bed2-0bd008839024");
INSERT INTO V_VAR
	VALUES ("d00704d4-26c0-4d88-bed2-0bd008839024",
	"49fa9ee2-1b0d-4e87-bba0-fb283aab368a",
	'self',
	1,
	"ba5eda7a-def5-0000-0000-000000000008");
INSERT INTO V_INT
	VALUES ("d00704d4-26c0-4d88-bed2-0bd008839024",
	0,
	"0ab92247-10bb-454c-9d00-8b34354a6cca");
INSERT INTO V_LOC
	VALUES ("a0108799-6a52-4729-b02c-a92103a36973",
	1,
	27,
	30,
	"d00704d4-26c0-4d88-bed2-0bd008839024");
INSERT INTO SM_STATE
	VALUES ("3a9c87ad-740f-4654-8292-906c35df9a04",
	"7be3c37f-d198-43a1-8de3-77558c9269f7",
	"00000000-0000-0000-0000-000000000000",
	'ventricular systole',
	2,
	0);
INSERT INTO SM_EIGN
	VALUES ("3a9c87ad-740f-4654-8292-906c35df9a04",
	"ec848a86-a99f-4778-a571-6767eb9c38ac",
	"7be3c37f-d198-43a1-8de3-77558c9269f7",
	"00000000-0000-0000-0000-000000000000",
	'');
INSERT INTO SM_SEME
	VALUES ("3a9c87ad-740f-4654-8292-906c35df9a04",
	"ec848a86-a99f-4778-a571-6767eb9c38ac",
	"7be3c37f-d198-43a1-8de3-77558c9269f7",
	"00000000-0000-0000-0000-000000000000");
INSERT INTO SM_SEME
	VALUES ("3a9c87ad-740f-4654-8292-906c35df9a04",
	"d2453add-1fde-4a17-9f98-b5d257a8c3aa",
	"7be3c37f-d198-43a1-8de3-77558c9269f7",
	"00000000-0000-0000-0000-000000000000");
INSERT INTO SM_CH
	VALUES ("3a9c87ad-740f-4654-8292-906c35df9a04",
	"3f621b76-71a3-4d74-bb05-8543842a5138",
	"7be3c37f-d198-43a1-8de3-77558c9269f7",
	"00000000-0000-0000-0000-000000000000",
	'');
INSERT INTO SM_SEME
	VALUES ("3a9c87ad-740f-4654-8292-906c35df9a04",
	"3f621b76-71a3-4d74-bb05-8543842a5138",
	"7be3c37f-d198-43a1-8de3-77558c9269f7",
	"00000000-0000-0000-0000-000000000000");
INSERT INTO SM_SEME
	VALUES ("3a9c87ad-740f-4654-8292-906c35df9a04",
	"08992814-303b-4284-a6a9-da49be327574",
	"7be3c37f-d198-43a1-8de3-77558c9269f7",
	"00000000-0000-0000-0000-000000000000");
INSERT INTO SM_CH
	VALUES ("3a9c87ad-740f-4654-8292-906c35df9a04",
	"031a9ed1-be21-4349-8df5-ae77459b25c5",
	"7be3c37f-d198-43a1-8de3-77558c9269f7",
	"00000000-0000-0000-0000-000000000000",
	'');
INSERT INTO SM_SEME
	VALUES ("3a9c87ad-740f-4654-8292-906c35df9a04",
	"031a9ed1-be21-4349-8df5-ae77459b25c5",
	"7be3c37f-d198-43a1-8de3-77558c9269f7",
	"00000000-0000-0000-0000-000000000000");
INSERT INTO SM_MOAH
	VALUES ("582277d4-da16-42a2-be7c-3248c465ce10",
	"7be3c37f-d198-43a1-8de3-77558c9269f7",
	"3a9c87ad-740f-4654-8292-906c35df9a04");
INSERT INTO SM_AH
	VALUES ("582277d4-da16-42a2-be7c-3248c465ce10",
	"7be3c37f-d198-43a1-8de3-77558c9269f7");
INSERT INTO SM_ACT
	VALUES ("582277d4-da16-42a2-be7c-3248c465ce10",
	"7be3c37f-d198-43a1-8de3-77558c9269f7",
	1,
	'',
	'');
INSERT INTO ACT_SAB
	VALUES ("c51e787c-c83b-4149-90ef-e51a4b63f08b",
	"7be3c37f-d198-43a1-8de3-77558c9269f7",
	"582277d4-da16-42a2-be7c-3248c465ce10");
INSERT INTO ACT_ACT
	VALUES ("c51e787c-c83b-4149-90ef-e51a4b63f08b",
	'state',
	0,
	"ee410f92-1637-4a88-bb68-fb4683bfedcc",
	"00000000-0000-0000-0000-000000000000",
	0,
	'heart::ventricular systole',
	"00000000-0000-0000-0000-000000000000");
INSERT INTO ACT_BLK
	VALUES ("ee410f92-1637-4a88-bb68-fb4683bfedcc",
	0,
	0,
	0,
	'',
	'',
	'',
	0,
	0,
	0,
	0,
	0,
	0,
	0,
	0,
	0,
	0,
	0,
	0,
	0,
	"c51e787c-c83b-4149-90ef-e51a4b63f08b",
	"00000000-0000-0000-0000-000000000000");
INSERT INTO SM_STATE
	VALUES ("b75b21d4-5485-4e01-9018-01cbf19de246",
	"7be3c37f-d198-43a1-8de3-77558c9269f7",
	"00000000-0000-0000-0000-000000000000",
	'atrial diastole',
	3,
	0);
INSERT INTO SM_SEME
	VALUES ("b75b21d4-5485-4e01-9018-01cbf19de246",
	"ec848a86-a99f-4778-a571-6767eb9c38ac",
	"7be3c37f-d198-43a1-8de3-77558c9269f7",
	"00000000-0000-0000-0000-000000000000");
INSERT INTO SM_CH
	VALUES ("b75b21d4-5485-4e01-9018-01cbf19de246",
	"d2453add-1fde-4a17-9f98-b5d257a8c3aa",
	"7be3c37f-d198-43a1-8de3-77558c9269f7",
	"00000000-0000-0000-0000-000000000000",
	'');
INSERT INTO SM_SEME
	VALUES ("b75b21d4-5485-4e01-9018-01cbf19de246",
	"d2453add-1fde-4a17-9f98-b5d257a8c3aa",
	"7be3c37f-d198-43a1-8de3-77558c9269f7",
	"00000000-0000-0000-0000-000000000000");
INSERT INTO SM_CH
	VALUES ("b75b21d4-5485-4e01-9018-01cbf19de246",
	"3f621b76-71a3-4d74-bb05-8543842a5138",
	"7be3c37f-d198-43a1-8de3-77558c9269f7",
	"00000000-0000-0000-0000-000000000000",
	'');
INSERT INTO SM_SEME
	VALUES ("b75b21d4-5485-4e01-9018-01cbf19de246",
	"3f621b76-71a3-4d74-bb05-8543842a5138",
	"7be3c37f-d198-43a1-8de3-77558c9269f7",
	"00000000-0000-0000-0000-000000000000");
INSERT INTO SM_CH
	VALUES ("b75b21d4-5485-4e01-9018-01cbf19de246",
	"08992814-303b-4284-a6a9-da49be327574",
	"7be3c37f-d198-43a1-8de3-77558c9269f7",
	"00000000-0000-0000-0000-000000000000",
	'');
INSERT INTO SM_SEME
	VALUES ("b75b21d4-5485-4e01-9018-01cbf19de246",
	"08992814-303b-4284-a6a9-da49be327574",
	"7be3c37f-d198-43a1-8de3-77558c9269f7",
	"00000000-0000-0000-0000-000000000000");
INSERT INTO SM_CH
	VALUES ("b75b21d4-5485-4e01-9018-01cbf19de246",
	"031a9ed1-be21-4349-8df5-ae77459b25c5",
	"7be3c37f-d198-43a1-8de3-77558c9269f7",
	"00000000-0000-0000-0000-000000000000",
	'');
INSERT INTO SM_SEME
	VALUES ("b75b21d4-5485-4e01-9018-01cbf19de246",
	"031a9ed1-be21-4349-8df5-ae77459b25c5",
	"7be3c37f-d198-43a1-8de3-77558c9269f7",
	"00000000-0000-0000-0000-000000000000");
INSERT INTO SM_MOAH
	VALUES ("79f43d31-790e-43c9-af2d-e3fbdcce3e9e",
	"7be3c37f-d198-43a1-8de3-77558c9269f7",
	"b75b21d4-5485-4e01-9018-01cbf19de246");
INSERT INTO SM_AH
	VALUES ("79f43d31-790e-43c9-af2d-e3fbdcce3e9e",
	"7be3c37f-d198-43a1-8de3-77558c9269f7");
INSERT INTO SM_ACT
	VALUES ("79f43d31-790e-43c9-af2d-e3fbdcce3e9e",
	"7be3c37f-d198-43a1-8de3-77558c9269f7",
	1,
	'generate HEART1:done() to self;',
	'');
INSERT INTO ACT_SAB
	VALUES ("8c4be6a1-db81-4c2f-8715-55cc0d9e31e9",
	"7be3c37f-d198-43a1-8de3-77558c9269f7",
	"79f43d31-790e-43c9-af2d-e3fbdcce3e9e");
INSERT INTO ACT_ACT
	VALUES ("8c4be6a1-db81-4c2f-8715-55cc0d9e31e9",
	'state',
	0,
	"8c8982f7-3958-4d30-ad60-716d85f44061",
	"00000000-0000-0000-0000-000000000000",
	0,
	'heart::atrial diastole',
	"00000000-0000-0000-0000-000000000000");
INSERT INTO ACT_BLK
	VALUES ("8c8982f7-3958-4d30-ad60-716d85f44061",
	0,
	0,
	0,
	'V_VAR.Var_ID',
	'',
	'',
	1,
	1,
	0,
	0,
	0,
	0,
	0,
	0,
	0,
	0,
	0,
	0,
	0,
	"8c4be6a1-db81-4c2f-8715-55cc0d9e31e9",
	"00000000-0000-0000-0000-000000000000");
INSERT INTO ACT_SMT
	VALUES ("8f02b836-8986-43d6-8a18-48a7dd8b91a0",
	"8c8982f7-3958-4d30-ad60-716d85f44061",
	"00000000-0000-0000-0000-000000000000",
	1,
	1,
	'heart::atrial diastole line: 1');
INSERT INTO E_ESS
	VALUES ("8f02b836-8986-43d6-8a18-48a7dd8b91a0",
	1,
	0,
	1,
	10,
	1,
	17,
	0,
	0,
	0,
	0,
	0,
	0);
INSERT INTO E_GES
	VALUES ("8f02b836-8986-43d6-8a18-48a7dd8b91a0");
INSERT INTO E_GSME
	VALUES ("8f02b836-8986-43d6-8a18-48a7dd8b91a0",
	"ec848a86-a99f-4778-a571-6767eb9c38ac");
INSERT INTO E_GEN
	VALUES ("8f02b836-8986-43d6-8a18-48a7dd8b91a0",
	"562d1cc4-34dd-444c-ae8f-02853d16a15d");
INSERT INTO V_VAR
	VALUES ("562d1cc4-34dd-444c-ae8f-02853d16a15d",
	"8c8982f7-3958-4d30-ad60-716d85f44061",
	'self',
	1,
	"ba5eda7a-def5-0000-0000-000000000008");
INSERT INTO V_INT
	VALUES ("562d1cc4-34dd-444c-ae8f-02853d16a15d",
	0,
	"0ab92247-10bb-454c-9d00-8b34354a6cca");
INSERT INTO V_LOC
	VALUES ("325aab42-20a9-4190-918a-9ba0931208a8",
	1,
	27,
	30,
	"562d1cc4-34dd-444c-ae8f-02853d16a15d");
INSERT INTO SM_STATE
	VALUES ("8470e680-40e0-416b-af00-0f936c596662",
	"7be3c37f-d198-43a1-8de3-77558c9269f7",
	"00000000-0000-0000-0000-000000000000",
	'ventricular diastole',
	4,
	0);
INSERT INTO SM_CH
	VALUES ("8470e680-40e0-416b-af00-0f936c596662",
	"ec848a86-a99f-4778-a571-6767eb9c38ac",
	"7be3c37f-d198-43a1-8de3-77558c9269f7",
	"00000000-0000-0000-0000-000000000000",
	'');
INSERT INTO SM_SEME
	VALUES ("8470e680-40e0-416b-af00-0f936c596662",
	"ec848a86-a99f-4778-a571-6767eb9c38ac",
	"7be3c37f-d198-43a1-8de3-77558c9269f7",
	"00000000-0000-0000-0000-000000000000");
INSERT INTO SM_CH
	VALUES ("8470e680-40e0-416b-af00-0f936c596662",
	"d2453add-1fde-4a17-9f98-b5d257a8c3aa",
	"7be3c37f-d198-43a1-8de3-77558c9269f7",
	"00000000-0000-0000-0000-000000000000",
	'');
INSERT INTO SM_SEME
	VALUES ("8470e680-40e0-416b-af00-0f936c596662",
	"d2453add-1fde-4a17-9f98-b5d257a8c3aa",
	"7be3c37f-d198-43a1-8de3-77558c9269f7",
	"00000000-0000-0000-0000-000000000000");
INSERT INTO SM_SEME
	VALUES ("8470e680-40e0-416b-af00-0f936c596662",
	"3f621b76-71a3-4d74-bb05-8543842a5138",
	"7be3c37f-d198-43a1-8de3-77558c9269f7",
	"00000000-0000-0000-0000-000000000000");
INSERT INTO SM_CH
	VALUES ("8470e680-40e0-416b-af00-0f936c596662",
	"08992814-303b-4284-a6a9-da49be327574",
	"7be3c37f-d198-43a1-8de3-77558c9269f7",
	"00000000-0000-0000-0000-000000000000",
	'');
INSERT INTO SM_SEME
	VALUES ("8470e680-40e0-416b-af00-0f936c596662",
	"08992814-303b-4284-a6a9-da49be327574",
	"7be3c37f-d198-43a1-8de3-77558c9269f7",
	"00000000-0000-0000-0000-000000000000");
INSERT INTO SM_SEME
	VALUES ("8470e680-40e0-416b-af00-0f936c596662",
	"031a9ed1-be21-4349-8df5-ae77459b25c5",
	"7be3c37f-d198-43a1-8de3-77558c9269f7",
	"00000000-0000-0000-0000-000000000000");
INSERT INTO SM_MOAH
	VALUES ("3f6509da-4824-4d8a-b162-be5f8b0e9e5c",
	"7be3c37f-d198-43a1-8de3-77558c9269f7",
	"8470e680-40e0-416b-af00-0f936c596662");
INSERT INTO SM_AH
	VALUES ("3f6509da-4824-4d8a-b162-be5f8b0e9e5c",
	"7be3c37f-d198-43a1-8de3-77558c9269f7");
INSERT INTO SM_ACT
	VALUES ("3f6509da-4824-4d8a-b162-be5f8b0e9e5c",
	"7be3c37f-d198-43a1-8de3-77558c9269f7",
	1,
	'',
	'');
INSERT INTO ACT_SAB
	VALUES ("92f164c1-4d27-4963-b32a-b7bcddac130a",
	"7be3c37f-d198-43a1-8de3-77558c9269f7",
	"3f6509da-4824-4d8a-b162-be5f8b0e9e5c");
INSERT INTO ACT_ACT
	VALUES ("92f164c1-4d27-4963-b32a-b7bcddac130a",
	'state',
	0,
	"dad39d60-3029-4563-9621-23ec18cf8351",
	"00000000-0000-0000-0000-000000000000",
	0,
	'heart::ventricular diastole',
	"00000000-0000-0000-0000-000000000000");
INSERT INTO ACT_BLK
	VALUES ("dad39d60-3029-4563-9621-23ec18cf8351",
	0,
	0,
	0,
	'',
	'',
	'',
	0,
	0,
	0,
	0,
	0,
	0,
	0,
	0,
	0,
	0,
	0,
	0,
	0,
	"92f164c1-4d27-4963-b32a-b7bcddac130a",
	"00000000-0000-0000-0000-000000000000");
INSERT INTO SM_STATE
	VALUES ("e7b65438-2a83-4f3c-a30a-077dafaf70d1",
	"7be3c37f-d198-43a1-8de3-77558c9269f7",
	"00000000-0000-0000-0000-000000000000",
	'born',
	1,
	0);
INSERT INTO SM_CH
	VALUES ("e7b65438-2a83-4f3c-a30a-077dafaf70d1",
	"ec848a86-a99f-4778-a571-6767eb9c38ac",
	"7be3c37f-d198-43a1-8de3-77558c9269f7",
	"00000000-0000-0000-0000-000000000000",
	'');
INSERT INTO SM_SEME
	VALUES ("e7b65438-2a83-4f3c-a30a-077dafaf70d1",
	"ec848a86-a99f-4778-a571-6767eb9c38ac",
	"7be3c37f-d198-43a1-8de3-77558c9269f7",
	"00000000-0000-0000-0000-000000000000");
INSERT INTO SM_CH
	VALUES ("e7b65438-2a83-4f3c-a30a-077dafaf70d1",
	"d2453add-1fde-4a17-9f98-b5d257a8c3aa",
	"7be3c37f-d198-43a1-8de3-77558c9269f7",
	"00000000-0000-0000-0000-000000000000",
	'');
INSERT INTO SM_SEME
	VALUES ("e7b65438-2a83-4f3c-a30a-077dafaf70d1",
	"d2453add-1fde-4a17-9f98-b5d257a8c3aa",
	"7be3c37f-d198-43a1-8de3-77558c9269f7",
	"00000000-0000-0000-0000-000000000000");
INSERT INTO SM_CH
	VALUES ("e7b65438-2a83-4f3c-a30a-077dafaf70d1",
	"3f621b76-71a3-4d74-bb05-8543842a5138",
	"7be3c37f-d198-43a1-8de3-77558c9269f7",
	"00000000-0000-0000-0000-000000000000",
	'');
INSERT INTO SM_SEME
	VALUES ("e7b65438-2a83-4f3c-a30a-077dafaf70d1",
	"3f621b76-71a3-4d74-bb05-8543842a5138",
	"7be3c37f-d198-43a1-8de3-77558c9269f7",
	"00000000-0000-0000-0000-000000000000");
INSERT INTO SM_SEME
	VALUES ("e7b65438-2a83-4f3c-a30a-077dafaf70d1",
	"08992814-303b-4284-a6a9-da49be327574",
	"7be3c37f-d198-43a1-8de3-77558c9269f7",
	"00000000-0000-0000-0000-000000000000");
INSERT INTO SM_SEME
	VALUES ("e7b65438-2a83-4f3c-a30a-077dafaf70d1",
	"031a9ed1-be21-4349-8df5-ae77459b25c5",
	"7be3c37f-d198-43a1-8de3-77558c9269f7",
	"00000000-0000-0000-0000-000000000000");
INSERT INTO SM_MOAH
	VALUES ("fbf66854-78d9-4923-9c9b-039c28479700",
	"7be3c37f-d198-43a1-8de3-77558c9269f7",
	"e7b65438-2a83-4f3c-a30a-077dafaf70d1");
INSERT INTO SM_AH
	VALUES ("fbf66854-78d9-4923-9c9b-039c28479700",
	"7be3c37f-d198-43a1-8de3-77558c9269f7");
INSERT INTO SM_ACT
	VALUES ("fbf66854-78d9-4923-9c9b-039c28479700",
	"7be3c37f-d198-43a1-8de3-77558c9269f7",
	1,
	'',
	'');
INSERT INTO ACT_SAB
	VALUES ("412c7901-e4d5-4341-9662-902e2413c803",
	"7be3c37f-d198-43a1-8de3-77558c9269f7",
	"fbf66854-78d9-4923-9c9b-039c28479700");
INSERT INTO ACT_ACT
	VALUES ("412c7901-e4d5-4341-9662-902e2413c803",
	'state',
	0,
	"efd4abdb-bd3b-4780-82d7-31de834b03fb",
	"00000000-0000-0000-0000-000000000000",
	0,
	'heart::born',
	"00000000-0000-0000-0000-000000000000");
INSERT INTO ACT_BLK
	VALUES ("efd4abdb-bd3b-4780-82d7-31de834b03fb",
	0,
	0,
	0,
	'',
	'',
	'',
	0,
	0,
	0,
	0,
	0,
	0,
	0,
	0,
	0,
	0,
	0,
	0,
	0,
	"412c7901-e4d5-4341-9662-902e2413c803",
	"00000000-0000-0000-0000-000000000000");
INSERT INTO SM_NSTXN
	VALUES ("28a737a5-0ba8-4f74-aa8e-51142bccd2b8",
	"7be3c37f-d198-43a1-8de3-77558c9269f7",
	"75232a46-3b40-4f36-8c5d-4489a20549be",
	"ec848a86-a99f-4778-a571-6767eb9c38ac",
	"00000000-0000-0000-0000-000000000000");
INSERT INTO SM_TAH
	VALUES ("4717298a-b1fb-4ec2-a1e5-402d23844bc5",
	"7be3c37f-d198-43a1-8de3-77558c9269f7",
	"28a737a5-0ba8-4f74-aa8e-51142bccd2b8");
INSERT INTO SM_AH
	VALUES ("4717298a-b1fb-4ec2-a1e5-402d23844bc5",
	"7be3c37f-d198-43a1-8de3-77558c9269f7");
INSERT INTO SM_ACT
	VALUES ("4717298a-b1fb-4ec2-a1e5-402d23844bc5",
	"7be3c37f-d198-43a1-8de3-77558c9269f7",
	1,
	'',
	'');
INSERT INTO ACT_TAB
	VALUES ("6158ae9f-51e0-4460-9a76-9869526a87b8",
	"7be3c37f-d198-43a1-8de3-77558c9269f7",
	"4717298a-b1fb-4ec2-a1e5-402d23844bc5");
INSERT INTO ACT_ACT
	VALUES ("6158ae9f-51e0-4460-9a76-9869526a87b8",
	'transition',
	0,
	"1407c0ca-60ec-4417-b285-33bb47e1060d",
	"00000000-0000-0000-0000-000000000000",
	0,
	'HEART1: done',
	"00000000-0000-0000-0000-000000000000");
INSERT INTO ACT_BLK
	VALUES ("1407c0ca-60ec-4417-b285-33bb47e1060d",
	0,
	0,
	0,
	'',
	'',
	'',
	0,
	0,
	0,
	0,
	0,
	0,
	0,
	0,
	0,
	0,
	0,
	0,
	0,
	"6158ae9f-51e0-4460-9a76-9869526a87b8",
	"00000000-0000-0000-0000-000000000000");
INSERT INTO SM_TXN
	VALUES ("28a737a5-0ba8-4f74-aa8e-51142bccd2b8",
	"7be3c37f-d198-43a1-8de3-77558c9269f7",
	"3a9c87ad-740f-4654-8292-906c35df9a04",
	"00000000-0000-0000-0000-000000000000");
INSERT INTO SM_NSTXN
	VALUES ("af255ca0-3973-48b9-916d-e1a2eaf559b7",
	"7be3c37f-d198-43a1-8de3-77558c9269f7",
	"3a9c87ad-740f-4654-8292-906c35df9a04",
	"08992814-303b-4284-a6a9-da49be327574",
	"00000000-0000-0000-0000-000000000000");
INSERT INTO SM_TAH
	VALUES ("ab5ad6e5-386c-4c6b-bbd6-39ce59ee23ff",
	"7be3c37f-d198-43a1-8de3-77558c9269f7",
	"af255ca0-3973-48b9-916d-e1a2eaf559b7");
INSERT INTO SM_AH
	VALUES ("ab5ad6e5-386c-4c6b-bbd6-39ce59ee23ff",
	"7be3c37f-d198-43a1-8de3-77558c9269f7");
INSERT INTO SM_ACT
	VALUES ("ab5ad6e5-386c-4c6b-bbd6-39ce59ee23ff",
	"7be3c37f-d198-43a1-8de3-77558c9269f7",
	1,
	'',
	'');
INSERT INTO ACT_TAB
	VALUES ("21f82269-b93e-44d5-98fc-11686470abfc",
	"7be3c37f-d198-43a1-8de3-77558c9269f7",
	"ab5ad6e5-386c-4c6b-bbd6-39ce59ee23ff");
INSERT INTO ACT_ACT
	VALUES ("21f82269-b93e-44d5-98fc-11686470abfc",
	'transition',
	0,
	"ad989201-ccfd-43c3-b874-f279e3099add",
	"00000000-0000-0000-0000-000000000000",
	0,
	'HEART4: diastolic_pulse',
	"00000000-0000-0000-0000-000000000000");
INSERT INTO ACT_BLK
	VALUES ("ad989201-ccfd-43c3-b874-f279e3099add",
	0,
	0,
	0,
	'',
	'',
	'',
	0,
	0,
	0,
	0,
	0,
	0,
	0,
	0,
	0,
	0,
	0,
	0,
	0,
	"21f82269-b93e-44d5-98fc-11686470abfc",
	"00000000-0000-0000-0000-000000000000");
INSERT INTO SM_TXN
	VALUES ("af255ca0-3973-48b9-916d-e1a2eaf559b7",
	"7be3c37f-d198-43a1-8de3-77558c9269f7",
	"b75b21d4-5485-4e01-9018-01cbf19de246",
	"00000000-0000-0000-0000-000000000000");
INSERT INTO SM_NSTXN
	VALUES ("f0476b7d-21a8-47d7-8daa-e8bfb6be7c26",
	"7be3c37f-d198-43a1-8de3-77558c9269f7",
	"b75b21d4-5485-4e01-9018-01cbf19de246",
	"ec848a86-a99f-4778-a571-6767eb9c38ac",
	"00000000-0000-0000-0000-000000000000");
INSERT INTO SM_TAH
	VALUES ("48499f8e-5ea3-4f61-bb56-35963dbc7a67",
	"7be3c37f-d198-43a1-8de3-77558c9269f7",
	"f0476b7d-21a8-47d7-8daa-e8bfb6be7c26");
INSERT INTO SM_AH
	VALUES ("48499f8e-5ea3-4f61-bb56-35963dbc7a67",
	"7be3c37f-d198-43a1-8de3-77558c9269f7");
INSERT INTO SM_ACT
	VALUES ("48499f8e-5ea3-4f61-bb56-35963dbc7a67",
	"7be3c37f-d198-43a1-8de3-77558c9269f7",
	1,
	'',
	'');
INSERT INTO ACT_TAB
	VALUES ("de4af1e6-3f8a-4f50-aff6-283199477431",
	"7be3c37f-d198-43a1-8de3-77558c9269f7",
	"48499f8e-5ea3-4f61-bb56-35963dbc7a67");
INSERT INTO ACT_ACT
	VALUES ("de4af1e6-3f8a-4f50-aff6-283199477431",
	'transition',
	0,
	"4a4df98f-904f-4bfe-adac-5cfe80d4e4c7",
	"00000000-0000-0000-0000-000000000000",
	0,
	'HEART1: done',
	"00000000-0000-0000-0000-000000000000");
INSERT INTO ACT_BLK
	VALUES ("4a4df98f-904f-4bfe-adac-5cfe80d4e4c7",
	0,
	0,
	0,
	'',
	'',
	'',
	0,
	0,
	0,
	0,
	0,
	0,
	0,
	0,
	0,
	0,
	0,
	0,
	0,
	"de4af1e6-3f8a-4f50-aff6-283199477431",
	"00000000-0000-0000-0000-000000000000");
INSERT INTO SM_TXN
	VALUES ("f0476b7d-21a8-47d7-8daa-e8bfb6be7c26",
	"7be3c37f-d198-43a1-8de3-77558c9269f7",
	"8470e680-40e0-416b-af00-0f936c596662",
	"00000000-0000-0000-0000-000000000000");
INSERT INTO SM_NSTXN
	VALUES ("f1175a5f-66e7-4940-8f5a-6ac8401e0678",
	"7be3c37f-d198-43a1-8de3-77558c9269f7",
	"8470e680-40e0-416b-af00-0f936c596662",
	"031a9ed1-be21-4349-8df5-ae77459b25c5",
	"00000000-0000-0000-0000-000000000000");
INSERT INTO SM_TAH
	VALUES ("b0ff09e6-7028-40d3-bd1b-7dd8d403499f",
	"7be3c37f-d198-43a1-8de3-77558c9269f7",
	"f1175a5f-66e7-4940-8f5a-6ac8401e0678");
INSERT INTO SM_AH
	VALUES ("b0ff09e6-7028-40d3-bd1b-7dd8d403499f",
	"7be3c37f-d198-43a1-8de3-77558c9269f7");
INSERT INTO SM_ACT
	VALUES ("b0ff09e6-7028-40d3-bd1b-7dd8d403499f",
	"7be3c37f-d198-43a1-8de3-77558c9269f7",
	1,
	'',
	'');
INSERT INTO ACT_TAB
	VALUES ("e0812e86-a0d3-44e3-b4d7-511744843668",
	"7be3c37f-d198-43a1-8de3-77558c9269f7",
	"b0ff09e6-7028-40d3-bd1b-7dd8d403499f");
INSERT INTO ACT_ACT
	VALUES ("e0812e86-a0d3-44e3-b4d7-511744843668",
	'transition',
	0,
	"6ca479dd-75ba-41a9-9fff-8d737de09fbe",
	"00000000-0000-0000-0000-000000000000",
	0,
	'HEART5: systolic_pulse',
	"00000000-0000-0000-0000-000000000000");
INSERT INTO ACT_BLK
	VALUES ("6ca479dd-75ba-41a9-9fff-8d737de09fbe",
	0,
	0,
	0,
	'',
	'',
	'',
	0,
	0,
	0,
	0,
	0,
	0,
	0,
	0,
	0,
	0,
	0,
	0,
	0,
	"e0812e86-a0d3-44e3-b4d7-511744843668",
	"00000000-0000-0000-0000-000000000000");
INSERT INTO SM_TXN
	VALUES ("f1175a5f-66e7-4940-8f5a-6ac8401e0678",
	"7be3c37f-d198-43a1-8de3-77558c9269f7",
	"75232a46-3b40-4f36-8c5d-4489a20549be",
	"00000000-0000-0000-0000-000000000000");
INSERT INTO SM_NSTXN
	VALUES ("31bc9cc7-39e5-429b-919b-b106f2784015",
	"7be3c37f-d198-43a1-8de3-77558c9269f7",
	"8470e680-40e0-416b-af00-0f936c596662",
	"3f621b76-71a3-4d74-bb05-8543842a5138",
	"00000000-0000-0000-0000-000000000000");
INSERT INTO SM_TAH
	VALUES ("e5fe63ea-2d84-4806-b020-71e48cd5c9e0",
	"7be3c37f-d198-43a1-8de3-77558c9269f7",
	"31bc9cc7-39e5-429b-919b-b106f2784015");
INSERT INTO SM_AH
	VALUES ("e5fe63ea-2d84-4806-b020-71e48cd5c9e0",
	"7be3c37f-d198-43a1-8de3-77558c9269f7");
INSERT INTO SM_ACT
	VALUES ("e5fe63ea-2d84-4806-b020-71e48cd5c9e0",
	"7be3c37f-d198-43a1-8de3-77558c9269f7",
	1,
	'',
	'');
INSERT INTO ACT_TAB
	VALUES ("112f0ad7-feca-46fb-b265-2878bbd2facb",
	"7be3c37f-d198-43a1-8de3-77558c9269f7",
	"e5fe63ea-2d84-4806-b020-71e48cd5c9e0");
INSERT INTO ACT_ACT
	VALUES ("112f0ad7-feca-46fb-b265-2878bbd2facb",
	'transition',
	0,
	"8112abd4-ebd9-41cd-b91c-fd553c4de13e",
	"00000000-0000-0000-0000-000000000000",
	0,
	'HEART3: systolic_pace',
	"00000000-0000-0000-0000-000000000000");
INSERT INTO ACT_BLK
	VALUES ("8112abd4-ebd9-41cd-b91c-fd553c4de13e",
	0,
	0,
	0,
	'',
	'',
	'',
	0,
	0,
	0,
	0,
	0,
	0,
	0,
	0,
	0,
	0,
	0,
	0,
	0,
	"112f0ad7-feca-46fb-b265-2878bbd2facb",
	"00000000-0000-0000-0000-000000000000");
INSERT INTO SM_TXN
	VALUES ("31bc9cc7-39e5-429b-919b-b106f2784015",
	"7be3c37f-d198-43a1-8de3-77558c9269f7",
	"75232a46-3b40-4f36-8c5d-4489a20549be",
	"00000000-0000-0000-0000-000000000000");
INSERT INTO SM_NSTXN
	VALUES ("06927f39-1b0f-4a6c-900b-892f3d770cac",
	"7be3c37f-d198-43a1-8de3-77558c9269f7",
	"3a9c87ad-740f-4654-8292-906c35df9a04",
	"d2453add-1fde-4a17-9f98-b5d257a8c3aa",
	"00000000-0000-0000-0000-000000000000");
INSERT INTO SM_TAH
	VALUES ("a0fd567f-8995-4dcc-a30a-39cf7109ebab",
	"7be3c37f-d198-43a1-8de3-77558c9269f7",
	"06927f39-1b0f-4a6c-900b-892f3d770cac");
INSERT INTO SM_AH
	VALUES ("a0fd567f-8995-4dcc-a30a-39cf7109ebab",
	"7be3c37f-d198-43a1-8de3-77558c9269f7");
INSERT INTO SM_ACT
	VALUES ("a0fd567f-8995-4dcc-a30a-39cf7109ebab",
	"7be3c37f-d198-43a1-8de3-77558c9269f7",
	1,
	'',
	'');
INSERT INTO ACT_TAB
	VALUES ("be118dfc-4424-4a19-9e27-7325a40b2dd0",
	"7be3c37f-d198-43a1-8de3-77558c9269f7",
	"a0fd567f-8995-4dcc-a30a-39cf7109ebab");
INSERT INTO ACT_ACT
	VALUES ("be118dfc-4424-4a19-9e27-7325a40b2dd0",
	'transition',
	0,
	"a8670ad6-9c08-4c4c-945d-e17446340cdc",
	"00000000-0000-0000-0000-000000000000",
	0,
	'HEART2: diastolic_pace',
	"00000000-0000-0000-0000-000000000000");
INSERT INTO ACT_BLK
	VALUES ("a8670ad6-9c08-4c4c-945d-e17446340cdc",
	0,
	0,
	0,
	'',
	'',
	'',
	0,
	0,
	0,
	0,
	0,
	0,
	0,
	0,
	0,
	0,
	0,
	0,
	0,
	"be118dfc-4424-4a19-9e27-7325a40b2dd0",
	"00000000-0000-0000-0000-000000000000");
INSERT INTO SM_TXN
	VALUES ("06927f39-1b0f-4a6c-900b-892f3d770cac",
	"7be3c37f-d198-43a1-8de3-77558c9269f7",
	"b75b21d4-5485-4e01-9018-01cbf19de246",
	"00000000-0000-0000-0000-000000000000");
INSERT INTO SM_NSTXN
	VALUES ("d2a28c8b-587f-44eb-b66c-685c85198398",
	"7be3c37f-d198-43a1-8de3-77558c9269f7",
	"e7b65438-2a83-4f3c-a30a-077dafaf70d1",
	"031a9ed1-be21-4349-8df5-ae77459b25c5",
	"00000000-0000-0000-0000-000000000000");
INSERT INTO SM_TAH
	VALUES ("2a0e289c-5710-4e13-92ed-4ace0578fa7f",
	"7be3c37f-d198-43a1-8de3-77558c9269f7",
	"d2a28c8b-587f-44eb-b66c-685c85198398");
INSERT INTO SM_AH
	VALUES ("2a0e289c-5710-4e13-92ed-4ace0578fa7f",
	"7be3c37f-d198-43a1-8de3-77558c9269f7");
INSERT INTO SM_ACT
	VALUES ("2a0e289c-5710-4e13-92ed-4ace0578fa7f",
	"7be3c37f-d198-43a1-8de3-77558c9269f7",
	1,
	'',
	'');
INSERT INTO ACT_TAB
	VALUES ("f8f1f1fd-2035-4b8d-b35a-c51743aecb28",
	"7be3c37f-d198-43a1-8de3-77558c9269f7",
	"2a0e289c-5710-4e13-92ed-4ace0578fa7f");
INSERT INTO ACT_ACT
	VALUES ("f8f1f1fd-2035-4b8d-b35a-c51743aecb28",
	'transition',
	0,
	"418ac989-f58e-4e1c-b24c-cc89fd85396e",
	"00000000-0000-0000-0000-000000000000",
	0,
	'HEART5: systolic_pulse',
	"00000000-0000-0000-0000-000000000000");
INSERT INTO ACT_BLK
	VALUES ("418ac989-f58e-4e1c-b24c-cc89fd85396e",
	0,
	0,
	0,
	'',
	'',
	'',
	0,
	0,
	0,
	0,
	0,
	0,
	0,
	0,
	0,
	0,
	0,
	0,
	0,
	"f8f1f1fd-2035-4b8d-b35a-c51743aecb28",
	"00000000-0000-0000-0000-000000000000");
INSERT INTO SM_TXN
	VALUES ("d2a28c8b-587f-44eb-b66c-685c85198398",
	"7be3c37f-d198-43a1-8de3-77558c9269f7",
	"75232a46-3b40-4f36-8c5d-4489a20549be",
	"00000000-0000-0000-0000-000000000000");
INSERT INTO SM_NSTXN
	VALUES ("c6b3e3ef-8905-44cf-8957-d0623af1e820",
	"7be3c37f-d198-43a1-8de3-77558c9269f7",
	"e7b65438-2a83-4f3c-a30a-077dafaf70d1",
	"08992814-303b-4284-a6a9-da49be327574",
	"00000000-0000-0000-0000-000000000000");
INSERT INTO SM_TAH
	VALUES ("e2bbcbbf-e0ed-4141-97ca-914d0aee9a66",
	"7be3c37f-d198-43a1-8de3-77558c9269f7",
	"c6b3e3ef-8905-44cf-8957-d0623af1e820");
INSERT INTO SM_AH
	VALUES ("e2bbcbbf-e0ed-4141-97ca-914d0aee9a66",
	"7be3c37f-d198-43a1-8de3-77558c9269f7");
INSERT INTO SM_ACT
	VALUES ("e2bbcbbf-e0ed-4141-97ca-914d0aee9a66",
	"7be3c37f-d198-43a1-8de3-77558c9269f7",
	1,
	'',
	'');
INSERT INTO ACT_TAB
	VALUES ("9c06195c-7cdb-43d7-a764-37c1600b56ba",
	"7be3c37f-d198-43a1-8de3-77558c9269f7",
	"e2bbcbbf-e0ed-4141-97ca-914d0aee9a66");
INSERT INTO ACT_ACT
	VALUES ("9c06195c-7cdb-43d7-a764-37c1600b56ba",
	'transition',
	0,
	"ed7591be-4b9f-420f-b397-b93fbdde316d",
	"00000000-0000-0000-0000-000000000000",
	0,
	'HEART4: diastolic_pulse',
	"00000000-0000-0000-0000-000000000000");
INSERT INTO ACT_BLK
	VALUES ("ed7591be-4b9f-420f-b397-b93fbdde316d",
	0,
	0,
	0,
	'',
	'',
	'',
	0,
	0,
	0,
	0,
	0,
	0,
	0,
	0,
	0,
	0,
	0,
	0,
	0,
	"9c06195c-7cdb-43d7-a764-37c1600b56ba",
	"00000000-0000-0000-0000-000000000000");
INSERT INTO SM_TXN
	VALUES ("c6b3e3ef-8905-44cf-8957-d0623af1e820",
	"7be3c37f-d198-43a1-8de3-77558c9269f7",
	"b75b21d4-5485-4e01-9018-01cbf19de246",
	"00000000-0000-0000-0000-000000000000");
INSERT INTO SM_ASM
	VALUES ("02b20249-461c-4374-8bfe-9aa25236adba",
	"0ab92247-10bb-454c-9d00-8b34354a6cca");
INSERT INTO SM_SM
	VALUES ("02b20249-461c-4374-8bfe-9aa25236adba",
	'',
	0);
INSERT INTO SM_MOORE
	VALUES ("02b20249-461c-4374-8bfe-9aa25236adba");
INSERT INTO SM_SGEVT
	VALUES ("9c2a3ad9-f78f-494a-b4de-baaff34a05dd",
	"02b20249-461c-4374-8bfe-9aa25236adba",
	"00000000-0000-0000-0000-000000000000",
	"00000000-0000-0000-0000-000000000000",
	"0135ad38-3be7-4ced-98a4-5fc10319baef",
	'out_to_body::diastolic_pace');
INSERT INTO SM_SEVT
	VALUES ("9c2a3ad9-f78f-494a-b4de-baaff34a05dd",
	"02b20249-461c-4374-8bfe-9aa25236adba",
	"00000000-0000-0000-0000-000000000000");
INSERT INTO SM_EVT
	VALUES ("9c2a3ad9-f78f-494a-b4de-baaff34a05dd",
	"02b20249-461c-4374-8bfe-9aa25236adba",
	"00000000-0000-0000-0000-000000000000",
	1,
	'diastolic_pace',
	0,
	'',
	'out_to_body::diastolic_pace',
	'');
INSERT INTO SM_SGEVT
	VALUES ("7190a0b3-4a29-48ed-9e96-310dabf63048",
	"02b20249-461c-4374-8bfe-9aa25236adba",
	"00000000-0000-0000-0000-000000000000",
	"00000000-0000-0000-0000-000000000000",
	"72503faf-492e-4e86-8512-f6a3a0aa2abe",
	'out_to_body::systolic_pace');
INSERT INTO SM_SEVT
	VALUES ("7190a0b3-4a29-48ed-9e96-310dabf63048",
	"02b20249-461c-4374-8bfe-9aa25236adba",
	"00000000-0000-0000-0000-000000000000");
INSERT INTO SM_EVT
	VALUES ("7190a0b3-4a29-48ed-9e96-310dabf63048",
	"02b20249-461c-4374-8bfe-9aa25236adba",
	"00000000-0000-0000-0000-000000000000",
	2,
	'systolic_pace',
	0,
	'',
	'out_to_body::systolic_pace',
	'');
INSERT INTO SM_STATE
	VALUES ("f387b50b-bd60-45aa-833b-c9eac6621b50",
	"02b20249-461c-4374-8bfe-9aa25236adba",
	"00000000-0000-0000-0000-000000000000",
	'receiving paces',
	1,
	0);
INSERT INTO SM_SEME
	VALUES ("f387b50b-bd60-45aa-833b-c9eac6621b50",
	"9c2a3ad9-f78f-494a-b4de-baaff34a05dd",
	"02b20249-461c-4374-8bfe-9aa25236adba",
	"00000000-0000-0000-0000-000000000000");
INSERT INTO SM_SEME
	VALUES ("f387b50b-bd60-45aa-833b-c9eac6621b50",
	"7190a0b3-4a29-48ed-9e96-310dabf63048",
	"02b20249-461c-4374-8bfe-9aa25236adba",
	"00000000-0000-0000-0000-000000000000");
INSERT INTO SM_MOAH
	VALUES ("9247a0b2-b3a1-4d9b-9ce9-cac6f65cb020",
	"02b20249-461c-4374-8bfe-9aa25236adba",
	"f387b50b-bd60-45aa-833b-c9eac6621b50");
INSERT INTO SM_AH
	VALUES ("9247a0b2-b3a1-4d9b-9ce9-cac6f65cb020",
	"02b20249-461c-4374-8bfe-9aa25236adba");
INSERT INTO SM_ACT
	VALUES ("9247a0b2-b3a1-4d9b-9ce9-cac6f65cb020",
	"02b20249-461c-4374-8bfe-9aa25236adba",
	1,
	'',
	'');
INSERT INTO ACT_SAB
	VALUES ("440558d6-37fa-4ec3-9db6-48e718dc17ec",
	"02b20249-461c-4374-8bfe-9aa25236adba",
	"9247a0b2-b3a1-4d9b-9ce9-cac6f65cb020");
INSERT INTO ACT_ACT
	VALUES ("440558d6-37fa-4ec3-9db6-48e718dc17ec",
	'class state',
	0,
	"ba1ba36d-15aa-4813-8b10-e9d197670d3d",
	"00000000-0000-0000-0000-000000000000",
	0,
	'heart::receiving paces',
	"00000000-0000-0000-0000-000000000000");
INSERT INTO ACT_BLK
	VALUES ("ba1ba36d-15aa-4813-8b10-e9d197670d3d",
	0,
	0,
	0,
	'',
	'',
	'',
	0,
	0,
	0,
	0,
	0,
	0,
	0,
	0,
	0,
	0,
	0,
	0,
	0,
	"440558d6-37fa-4ec3-9db6-48e718dc17ec",
	"00000000-0000-0000-0000-000000000000");
INSERT INTO SM_NSTXN
	VALUES ("416634df-bfc9-40fc-b78e-823ff414402f",
	"02b20249-461c-4374-8bfe-9aa25236adba",
	"f387b50b-bd60-45aa-833b-c9eac6621b50",
	"9c2a3ad9-f78f-494a-b4de-baaff34a05dd",
	"00000000-0000-0000-0000-000000000000");
INSERT INTO SM_TAH
	VALUES ("77bfd710-be72-45cd-86a8-e0aaae1f5e64",
	"02b20249-461c-4374-8bfe-9aa25236adba",
	"416634df-bfc9-40fc-b78e-823ff414402f");
INSERT INTO SM_AH
	VALUES ("77bfd710-be72-45cd-86a8-e0aaae1f5e64",
	"02b20249-461c-4374-8bfe-9aa25236adba");
INSERT INTO SM_ACT
	VALUES ("77bfd710-be72-45cd-86a8-e0aaae1f5e64",
	"02b20249-461c-4374-8bfe-9aa25236adba",
	1,
	'select any heart from instances of HEART;
generate HEART2:diastolic_pace() to heart;',
	'');
INSERT INTO ACT_TAB
	VALUES ("4c4941bc-dd69-4ca8-9815-240ef6682d6f",
	"02b20249-461c-4374-8bfe-9aa25236adba",
	"77bfd710-be72-45cd-86a8-e0aaae1f5e64");
INSERT INTO ACT_ACT
	VALUES ("4c4941bc-dd69-4ca8-9815-240ef6682d6f",
	'class transition',
	0,
	"bfe10456-4064-45e1-899f-02041a26971b",
	"00000000-0000-0000-0000-000000000000",
	0,
	'out_to_body::diastolic_pace',
	"00000000-0000-0000-0000-000000000000");
INSERT INTO ACT_BLK
	VALUES ("bfe10456-4064-45e1-899f-02041a26971b",
	1,
	0,
	0,
	'V_VAR.Var_ID',
	'',
	'',
	2,
	1,
	1,
	36,
	0,
	0,
	0,
	0,
	0,
	0,
	0,
	0,
	0,
	"4c4941bc-dd69-4ca8-9815-240ef6682d6f",
	"00000000-0000-0000-0000-000000000000");
INSERT INTO ACT_SMT
	VALUES ("da949f3a-b2db-4e04-87a8-9351676bb04e",
	"bfe10456-4064-45e1-899f-02041a26971b",
	"17f0bc75-0f77-41c6-8f8c-29ac640118b4",
	1,
	1,
	'out_to_body::diastolic_pace line: 1');
INSERT INTO ACT_FIO
	VALUES ("da949f3a-b2db-4e04-87a8-9351676bb04e",
	"823efd59-ea45-476b-a56a-80fa3e8f521d",
	1,
	'any',
	"0ab92247-10bb-454c-9d00-8b34354a6cca",
	1,
	36);
INSERT INTO ACT_SMT
	VALUES ("17f0bc75-0f77-41c6-8f8c-29ac640118b4",
	"bfe10456-4064-45e1-899f-02041a26971b",
	"00000000-0000-0000-0000-000000000000",
	2,
	1,
	'out_to_body::diastolic_pace line: 2');
INSERT INTO E_ESS
	VALUES ("17f0bc75-0f77-41c6-8f8c-29ac640118b4",
	1,
	0,
	2,
	10,
	2,
	17,
	1,
	36,
	0,
	0,
	0,
	0);
INSERT INTO E_GES
	VALUES ("17f0bc75-0f77-41c6-8f8c-29ac640118b4");
INSERT INTO E_GSME
	VALUES ("17f0bc75-0f77-41c6-8f8c-29ac640118b4",
	"d2453add-1fde-4a17-9f98-b5d257a8c3aa");
INSERT INTO E_GEN
	VALUES ("17f0bc75-0f77-41c6-8f8c-29ac640118b4",
	"823efd59-ea45-476b-a56a-80fa3e8f521d");
INSERT INTO V_VAR
	VALUES ("823efd59-ea45-476b-a56a-80fa3e8f521d",
	"bfe10456-4064-45e1-899f-02041a26971b",
	'heart',
	1,
	"ba5eda7a-def5-0000-0000-000000000008");
INSERT INTO V_INT
	VALUES ("823efd59-ea45-476b-a56a-80fa3e8f521d",
	0,
	"0ab92247-10bb-454c-9d00-8b34354a6cca");
INSERT INTO V_LOC
	VALUES ("4e26ae2f-e091-4d97-b7a8-a52cdeafcb27",
	1,
	12,
	16,
	"823efd59-ea45-476b-a56a-80fa3e8f521d");
INSERT INTO V_LOC
	VALUES ("eb66f169-63a7-4ecf-82a7-4fc2f624d24c",
	2,
	37,
	41,
	"823efd59-ea45-476b-a56a-80fa3e8f521d");
INSERT INTO SM_TXN
	VALUES ("416634df-bfc9-40fc-b78e-823ff414402f",
	"02b20249-461c-4374-8bfe-9aa25236adba",
	"f387b50b-bd60-45aa-833b-c9eac6621b50",
	"00000000-0000-0000-0000-000000000000");
INSERT INTO SM_NSTXN
	VALUES ("43f1e087-ab6c-4790-9dec-219a06540547",
	"02b20249-461c-4374-8bfe-9aa25236adba",
	"f387b50b-bd60-45aa-833b-c9eac6621b50",
	"7190a0b3-4a29-48ed-9e96-310dabf63048",
	"00000000-0000-0000-0000-000000000000");
INSERT INTO SM_TAH
	VALUES ("2b8fb1d8-45ec-4fa8-8755-ab197fd36647",
	"02b20249-461c-4374-8bfe-9aa25236adba",
	"43f1e087-ab6c-4790-9dec-219a06540547");
INSERT INTO SM_AH
	VALUES ("2b8fb1d8-45ec-4fa8-8755-ab197fd36647",
	"02b20249-461c-4374-8bfe-9aa25236adba");
INSERT INTO SM_ACT
	VALUES ("2b8fb1d8-45ec-4fa8-8755-ab197fd36647",
	"02b20249-461c-4374-8bfe-9aa25236adba",
	1,
	'select any heart from instances of HEART;
generate HEART3:systolic_pace() to heart;',
	'');
INSERT INTO ACT_TAB
	VALUES ("61869802-8def-4983-94e7-38c414dcf8d0",
	"02b20249-461c-4374-8bfe-9aa25236adba",
	"2b8fb1d8-45ec-4fa8-8755-ab197fd36647");
INSERT INTO ACT_ACT
	VALUES ("61869802-8def-4983-94e7-38c414dcf8d0",
	'class transition',
	0,
	"fbcadb7a-8156-4632-a7d9-8992695a115f",
	"00000000-0000-0000-0000-000000000000",
	0,
	'out_to_body::systolic_pace',
	"00000000-0000-0000-0000-000000000000");
INSERT INTO ACT_BLK
	VALUES ("fbcadb7a-8156-4632-a7d9-8992695a115f",
	1,
	0,
	0,
	'V_VAR.Var_ID',
	'',
	'',
	2,
	1,
	1,
	36,
	0,
	0,
	0,
	0,
	0,
	0,
	0,
	0,
	0,
	"61869802-8def-4983-94e7-38c414dcf8d0",
	"00000000-0000-0000-0000-000000000000");
INSERT INTO ACT_SMT
	VALUES ("c0d4d892-422b-418a-9c16-be4372ac098b",
	"fbcadb7a-8156-4632-a7d9-8992695a115f",
	"be027ef3-3450-4068-af4d-1967f3934514",
	1,
	1,
	'out_to_body::systolic_pace line: 1');
INSERT INTO ACT_FIO
	VALUES ("c0d4d892-422b-418a-9c16-be4372ac098b",
	"b88661aa-2b9b-4c9f-bdd2-9900a8f7e26a",
	1,
	'any',
	"0ab92247-10bb-454c-9d00-8b34354a6cca",
	1,
	36);
INSERT INTO ACT_SMT
	VALUES ("be027ef3-3450-4068-af4d-1967f3934514",
	"fbcadb7a-8156-4632-a7d9-8992695a115f",
	"00000000-0000-0000-0000-000000000000",
	2,
	1,
	'out_to_body::systolic_pace line: 2');
INSERT INTO E_ESS
	VALUES ("be027ef3-3450-4068-af4d-1967f3934514",
	1,
	0,
	2,
	10,
	2,
	17,
	1,
	36,
	0,
	0,
	0,
	0);
INSERT INTO E_GES
	VALUES ("be027ef3-3450-4068-af4d-1967f3934514");
INSERT INTO E_GSME
	VALUES ("be027ef3-3450-4068-af4d-1967f3934514",
	"3f621b76-71a3-4d74-bb05-8543842a5138");
INSERT INTO E_GEN
	VALUES ("be027ef3-3450-4068-af4d-1967f3934514",
	"b88661aa-2b9b-4c9f-bdd2-9900a8f7e26a");
INSERT INTO V_VAR
	VALUES ("b88661aa-2b9b-4c9f-bdd2-9900a8f7e26a",
	"fbcadb7a-8156-4632-a7d9-8992695a115f",
	'heart',
	1,
	"ba5eda7a-def5-0000-0000-000000000008");
INSERT INTO V_INT
	VALUES ("b88661aa-2b9b-4c9f-bdd2-9900a8f7e26a",
	0,
	"0ab92247-10bb-454c-9d00-8b34354a6cca");
INSERT INTO V_LOC
	VALUES ("d3a5d8ad-334d-449f-b655-6a84484b914b",
	1,
	12,
	16,
	"b88661aa-2b9b-4c9f-bdd2-9900a8f7e26a");
INSERT INTO V_LOC
	VALUES ("b91e93fb-3400-4db1-aa8c-129f3bd50646",
	2,
	36,
	40,
	"b88661aa-2b9b-4c9f-bdd2-9900a8f7e26a");
INSERT INTO SM_TXN
	VALUES ("43f1e087-ab6c-4790-9dec-219a06540547",
	"02b20249-461c-4374-8bfe-9aa25236adba",
	"f387b50b-bd60-45aa-833b-c9eac6621b50",
	"00000000-0000-0000-0000-000000000000");
INSERT INTO PE_PE
	VALUES ("2d71d04d-beb6-4ebb-8704-61a35aee894b",
	1,
	"0299068e-17bb-48bd-a584-a45dea11a6ca",
	"00000000-0000-0000-0000-000000000000",
	4);
INSERT INTO O_OBJ
	VALUES ("2d71d04d-beb6-4ebb-8704-61a35aee894b",
	'sinus node',
	2,
	'SINUS_NODE',
	'',
	"00000000-0000-0000-0000-000000000000");
INSERT INTO O_TFR
	VALUES ("4014c3cb-74f9-4b79-86b4-6599577ecee0",
	"2d71d04d-beb6-4ebb-8704-61a35aee894b",
	'log_and_adjust',
	'',
	"ba5eda7a-def5-0000-0000-000000000000",
	1,
	'// Now log the periods, decrement them and continue.
LOG::LogInfo( message:"systolic period, diastolic period" );
LOG::LogInteger( message:self.systolic_period );
LOG::LogInteger( message:self.diastolic_period );
if ( self.decrement < self.systolic_period )
  self.systolic_period = self.systolic_period - self.decrement;
end if;
if ( self.decrement < self.diastolic_period )
  self.diastolic_period = self.diastolic_period - self.decrement;
end if;
',
	1,
	'',
	"00000000-0000-0000-0000-000000000000");
INSERT INTO ACT_OPB
	VALUES ("4e253b98-2e79-49dc-8efd-5e3aa0b24e35",
	"4014c3cb-74f9-4b79-86b4-6599577ecee0");
INSERT INTO ACT_ACT
	VALUES ("4e253b98-2e79-49dc-8efd-5e3aa0b24e35",
	'operation',
	0,
	"72994edb-0c3f-4368-a909-6e02efabb274",
	"00000000-0000-0000-0000-000000000000",
	0,
	'sinus node::log_and_adjust',
	"00000000-0000-0000-0000-000000000000");
INSERT INTO ACT_BLK
	VALUES ("72994edb-0c3f-4368-a909-6e02efabb274",
	0,
	0,
	0,
	'LOG',
	'',
	'',
	8,
	1,
	4,
	1,
	0,
	0,
	0,
	0,
	0,
	0,
	0,
	0,
	0,
	"4e253b98-2e79-49dc-8efd-5e3aa0b24e35",
	"00000000-0000-0000-0000-000000000000");
INSERT INTO ACT_SMT
	VALUES ("f5e26be4-1269-4265-ae6d-8382be40c68c",
	"72994edb-0c3f-4368-a909-6e02efabb274",
	"d90ead8a-f4ec-45af-b904-273d04c186e4",
	2,
	1,
	'sinus node::log_and_adjust line: 2');
INSERT INTO ACT_BRG
	VALUES ("f5e26be4-1269-4265-ae6d-8382be40c68c",
	"15c6811d-9f25-4385-a144-69d88d7717aa",
	2,
	6,
	2,
	1);
INSERT INTO ACT_SMT
	VALUES ("d90ead8a-f4ec-45af-b904-273d04c186e4",
	"72994edb-0c3f-4368-a909-6e02efabb274",
	"ce710352-42ed-4b60-8707-3afb21ace5d2",
	3,
	1,
	'sinus node::log_and_adjust line: 3');
INSERT INTO ACT_BRG
	VALUES ("d90ead8a-f4ec-45af-b904-273d04c186e4",
	"a2a10245-d8ab-4c55-95c5-acde19887386",
	3,
	6,
	3,
	1);
INSERT INTO ACT_SMT
	VALUES ("ce710352-42ed-4b60-8707-3afb21ace5d2",
	"72994edb-0c3f-4368-a909-6e02efabb274",
	"293e4bd5-be2a-4ab4-904d-831eeb61af84",
	4,
	1,
	'sinus node::log_and_adjust line: 4');
INSERT INTO ACT_BRG
	VALUES ("ce710352-42ed-4b60-8707-3afb21ace5d2",
	"a2a10245-d8ab-4c55-95c5-acde19887386",
	4,
	6,
	4,
	1);
INSERT INTO ACT_SMT
	VALUES ("293e4bd5-be2a-4ab4-904d-831eeb61af84",
	"72994edb-0c3f-4368-a909-6e02efabb274",
	"2411ea57-4899-4b2d-a715-465ed74d19c5",
	5,
	1,
	'sinus node::log_and_adjust line: 5');
INSERT INTO ACT_IF
	VALUES ("293e4bd5-be2a-4ab4-904d-831eeb61af84",
	"3bb1569f-819b-42d4-a809-a3b81a0aa877",
	"8e63eafe-da3b-436e-9dfb-e532497c3958",
	"00000000-0000-0000-0000-000000000000",
	"00000000-0000-0000-0000-000000000000");
INSERT INTO ACT_SMT
	VALUES ("2411ea57-4899-4b2d-a715-465ed74d19c5",
	"72994edb-0c3f-4368-a909-6e02efabb274",
	"00000000-0000-0000-0000-000000000000",
	8,
	1,
	'sinus node::log_and_adjust line: 8');
INSERT INTO ACT_IF
	VALUES ("2411ea57-4899-4b2d-a715-465ed74d19c5",
	"f175fa03-6b77-4833-963b-5e7bb245a412",
	"c3ff31af-0fd2-4dde-a335-bd206bed69be",
	"00000000-0000-0000-0000-000000000000",
	"00000000-0000-0000-0000-000000000000");
INSERT INTO V_VAL
	VALUES ("8704b13a-720a-4a4a-8649-988d23ab1b29",
	0,
	0,
	2,
	23,
	56,
	0,
	0,
	0,
	0,
	"ba5eda7a-def5-0000-0000-000000000004",
	"72994edb-0c3f-4368-a909-6e02efabb274");
INSERT INTO V_LST
	VALUES ("8704b13a-720a-4a4a-8649-988d23ab1b29",
	'systolic period, diastolic period');
INSERT INTO V_PAR
	VALUES ("8704b13a-720a-4a4a-8649-988d23ab1b29",
	"f5e26be4-1269-4265-ae6d-8382be40c68c",
	"00000000-0000-0000-0000-000000000000",
	'message',
	"00000000-0000-0000-0000-000000000000",
	2,
	15);
INSERT INTO V_VAL
	VALUES ("096eb86b-90e8-4dbf-be0b-6ef2b272758c",
	0,
	0,
	3,
	26,
	29,
	0,
	0,
	0,
	0,
	"ba5eda7a-def5-0000-0000-000000000008",
	"72994edb-0c3f-4368-a909-6e02efabb274");
INSERT INTO V_IRF
	VALUES ("096eb86b-90e8-4dbf-be0b-6ef2b272758c",
	"f61858ab-d670-462a-ac44-02d330418507");
INSERT INTO V_VAL
	VALUES ("f27af8a7-50b9-487f-9075-18b6b27dc02b",
	0,
	0,
	3,
	31,
	45,
	0,
	0,
	0,
	0,
	"ba5eda7a-def5-0000-0000-000000000002",
	"72994edb-0c3f-4368-a909-6e02efabb274");
INSERT INTO V_AVL
	VALUES ("f27af8a7-50b9-487f-9075-18b6b27dc02b",
	"096eb86b-90e8-4dbf-be0b-6ef2b272758c",
	"2d71d04d-beb6-4ebb-8704-61a35aee894b",
	"ed8653a7-01a2-4623-99f8-9e19340d24d4");
INSERT INTO V_PAR
	VALUES ("f27af8a7-50b9-487f-9075-18b6b27dc02b",
	"d90ead8a-f4ec-45af-b904-273d04c186e4",
	"00000000-0000-0000-0000-000000000000",
	'message',
	"00000000-0000-0000-0000-000000000000",
	3,
	18);
INSERT INTO V_VAL
	VALUES ("2ac50d92-cdfc-4d56-8222-567bc1890a9a",
	0,
	0,
	4,
	26,
	29,
	0,
	0,
	0,
	0,
	"ba5eda7a-def5-0000-0000-000000000008",
	"72994edb-0c3f-4368-a909-6e02efabb274");
INSERT INTO V_IRF
	VALUES ("2ac50d92-cdfc-4d56-8222-567bc1890a9a",
	"f61858ab-d670-462a-ac44-02d330418507");
INSERT INTO V_VAL
	VALUES ("91f63a43-6c2e-422a-82ff-b88f62d11552",
	0,
	0,
	4,
	31,
	46,
	0,
	0,
	0,
	0,
	"ba5eda7a-def5-0000-0000-000000000002",
	"72994edb-0c3f-4368-a909-6e02efabb274");
INSERT INTO V_AVL
	VALUES ("91f63a43-6c2e-422a-82ff-b88f62d11552",
	"2ac50d92-cdfc-4d56-8222-567bc1890a9a",
	"2d71d04d-beb6-4ebb-8704-61a35aee894b",
	"612a0a93-86e8-4adc-9e95-9af3d8152a50");
INSERT INTO V_PAR
	VALUES ("91f63a43-6c2e-422a-82ff-b88f62d11552",
	"ce710352-42ed-4b60-8707-3afb21ace5d2",
	"00000000-0000-0000-0000-000000000000",
	'message',
	"00000000-0000-0000-0000-000000000000",
	4,
	18);
INSERT INTO V_VAL
	VALUES ("649b7a22-46bb-4df4-8a1f-b0ad42d3d6a2",
	0,
	0,
	5,
	6,
	9,
	0,
	0,
	0,
	0,
	"ba5eda7a-def5-0000-0000-000000000008",
	"72994edb-0c3f-4368-a909-6e02efabb274");
INSERT INTO V_IRF
	VALUES ("649b7a22-46bb-4df4-8a1f-b0ad42d3d6a2",
	"f61858ab-d670-462a-ac44-02d330418507");
INSERT INTO V_VAL
	VALUES ("d59f8711-7508-421b-957a-627b4b19d483",
	0,
	0,
	5,
	11,
	19,
	0,
	0,
	0,
	0,
	"ba5eda7a-def5-0000-0000-000000000002",
	"72994edb-0c3f-4368-a909-6e02efabb274");
INSERT INTO V_AVL
	VALUES ("d59f8711-7508-421b-957a-627b4b19d483",
	"649b7a22-46bb-4df4-8a1f-b0ad42d3d6a2",
	"2d71d04d-beb6-4ebb-8704-61a35aee894b",
	"ac822fb9-0787-4df6-9337-4b1c962f691d");
INSERT INTO V_VAL
	VALUES ("8e63eafe-da3b-436e-9dfb-e532497c3958",
	0,
	0,
	-1,
	-1,
	-1,
	0,
	0,
	0,
	0,
	"ba5eda7a-def5-0000-0000-000000000001",
	"72994edb-0c3f-4368-a909-6e02efabb274");
INSERT INTO V_BIN
	VALUES ("8e63eafe-da3b-436e-9dfb-e532497c3958",
	"60e308d6-166e-4fe0-ac55-154f7e6f524d",
	"d59f8711-7508-421b-957a-627b4b19d483",
	'<');
INSERT INTO V_VAL
	VALUES ("c99b83ea-ab59-411e-9dc8-0211c6411a1c",
	0,
	0,
	5,
	23,
	26,
	0,
	0,
	0,
	0,
	"ba5eda7a-def5-0000-0000-000000000008",
	"72994edb-0c3f-4368-a909-6e02efabb274");
INSERT INTO V_IRF
	VALUES ("c99b83ea-ab59-411e-9dc8-0211c6411a1c",
	"f61858ab-d670-462a-ac44-02d330418507");
INSERT INTO V_VAL
	VALUES ("60e308d6-166e-4fe0-ac55-154f7e6f524d",
	0,
	0,
	5,
	28,
	42,
	0,
	0,
	0,
	0,
	"ba5eda7a-def5-0000-0000-000000000002",
	"72994edb-0c3f-4368-a909-6e02efabb274");
INSERT INTO V_AVL
	VALUES ("60e308d6-166e-4fe0-ac55-154f7e6f524d",
	"c99b83ea-ab59-411e-9dc8-0211c6411a1c",
	"2d71d04d-beb6-4ebb-8704-61a35aee894b",
	"ed8653a7-01a2-4623-99f8-9e19340d24d4");
INSERT INTO V_VAL
	VALUES ("ad506a62-e9ad-48fa-8da7-e3a8c1204050",
	0,
	0,
	8,
	6,
	9,
	0,
	0,
	0,
	0,
	"ba5eda7a-def5-0000-0000-000000000008",
	"72994edb-0c3f-4368-a909-6e02efabb274");
INSERT INTO V_IRF
	VALUES ("ad506a62-e9ad-48fa-8da7-e3a8c1204050",
	"f61858ab-d670-462a-ac44-02d330418507");
INSERT INTO V_VAL
	VALUES ("dbae3a55-accf-4afe-baa2-883ef6b03f59",
	0,
	0,
	8,
	11,
	19,
	0,
	0,
	0,
	0,
	"ba5eda7a-def5-0000-0000-000000000002",
	"72994edb-0c3f-4368-a909-6e02efabb274");
INSERT INTO V_AVL
	VALUES ("dbae3a55-accf-4afe-baa2-883ef6b03f59",
	"ad506a62-e9ad-48fa-8da7-e3a8c1204050",
	"2d71d04d-beb6-4ebb-8704-61a35aee894b",
	"ac822fb9-0787-4df6-9337-4b1c962f691d");
INSERT INTO V_VAL
	VALUES ("c3ff31af-0fd2-4dde-a335-bd206bed69be",
	0,
	0,
	-1,
	-1,
	-1,
	0,
	0,
	0,
	0,
	"ba5eda7a-def5-0000-0000-000000000001",
	"72994edb-0c3f-4368-a909-6e02efabb274");
INSERT INTO V_BIN
	VALUES ("c3ff31af-0fd2-4dde-a335-bd206bed69be",
	"1bfbb653-ed4f-40d7-820c-70d24ca12451",
	"dbae3a55-accf-4afe-baa2-883ef6b03f59",
	'<');
INSERT INTO V_VAL
	VALUES ("e4624854-6b41-456e-bac8-465f71637388",
	0,
	0,
	8,
	23,
	26,
	0,
	0,
	0,
	0,
	"ba5eda7a-def5-0000-0000-000000000008",
	"72994edb-0c3f-4368-a909-6e02efabb274");
INSERT INTO V_IRF
	VALUES ("e4624854-6b41-456e-bac8-465f71637388",
	"f61858ab-d670-462a-ac44-02d330418507");
INSERT INTO V_VAL
	VALUES ("1bfbb653-ed4f-40d7-820c-70d24ca12451",
	0,
	0,
	8,
	28,
	43,
	0,
	0,
	0,
	0,
	"ba5eda7a-def5-0000-0000-000000000002",
	"72994edb-0c3f-4368-a909-6e02efabb274");
INSERT INTO V_AVL
	VALUES ("1bfbb653-ed4f-40d7-820c-70d24ca12451",
	"e4624854-6b41-456e-bac8-465f71637388",
	"2d71d04d-beb6-4ebb-8704-61a35aee894b",
	"612a0a93-86e8-4adc-9e95-9af3d8152a50");
INSERT INTO V_VAR
	VALUES ("f61858ab-d670-462a-ac44-02d330418507",
	"72994edb-0c3f-4368-a909-6e02efabb274",
	'self',
	1,
	"ba5eda7a-def5-0000-0000-000000000008");
INSERT INTO V_INT
	VALUES ("f61858ab-d670-462a-ac44-02d330418507",
	0,
	"2d71d04d-beb6-4ebb-8704-61a35aee894b");
INSERT INTO V_LOC
	VALUES ("de5b1fa8-97d3-4cce-a118-94375d1e6ffb",
	3,
	26,
	29,
	"f61858ab-d670-462a-ac44-02d330418507");
INSERT INTO V_LOC
	VALUES ("cae7d5cf-288d-4986-93d4-b35d6424c3be",
	4,
	26,
	29,
	"f61858ab-d670-462a-ac44-02d330418507");
INSERT INTO V_LOC
	VALUES ("731cbec5-c887-4382-b142-8d3bb5be5f86",
	5,
	6,
	9,
	"f61858ab-d670-462a-ac44-02d330418507");
INSERT INTO V_LOC
	VALUES ("a5d3b255-7578-4b29-88c4-d94b920598cd",
	5,
	23,
	26,
	"f61858ab-d670-462a-ac44-02d330418507");
INSERT INTO V_LOC
	VALUES ("02d92d3a-e47e-4bbf-9ac4-57a8e0db36c7",
	6,
	3,
	6,
	"f61858ab-d670-462a-ac44-02d330418507");
INSERT INTO V_LOC
	VALUES ("15dee3ee-5c0b-456a-a431-72a088a770a9",
	6,
	26,
	29,
	"f61858ab-d670-462a-ac44-02d330418507");
INSERT INTO V_LOC
	VALUES ("4fb299f3-94f2-47fb-955e-20f5c8fdfa76",
	6,
	49,
	52,
	"f61858ab-d670-462a-ac44-02d330418507");
INSERT INTO V_LOC
	VALUES ("86834dca-77c7-489c-b606-549a68f522cb",
	8,
	6,
	9,
	"f61858ab-d670-462a-ac44-02d330418507");
INSERT INTO V_LOC
	VALUES ("626a3712-269b-49fd-8e13-014e2a6e9ddb",
	8,
	23,
	26,
	"f61858ab-d670-462a-ac44-02d330418507");
INSERT INTO V_LOC
	VALUES ("4d5fafe8-ab20-47ab-85b1-0da3c44cd0de",
	9,
	3,
	6,
	"f61858ab-d670-462a-ac44-02d330418507");
INSERT INTO V_LOC
	VALUES ("2947427a-96f5-44c2-bf75-1925667403d9",
	9,
	27,
	30,
	"f61858ab-d670-462a-ac44-02d330418507");
INSERT INTO V_LOC
	VALUES ("db4ec8d2-3174-433b-898f-42b587e4525a",
	9,
	51,
	54,
	"f61858ab-d670-462a-ac44-02d330418507");
INSERT INTO ACT_BLK
	VALUES ("3bb1569f-819b-42d4-a809-a3b81a0aa877",
	0,
	0,
	0,
	'',
	'',
	'',
	6,
	3,
	0,
	0,
	0,
	0,
	0,
	0,
	0,
	0,
	0,
	0,
	0,
	"4e253b98-2e79-49dc-8efd-5e3aa0b24e35",
	"00000000-0000-0000-0000-000000000000");
INSERT INTO ACT_SMT
	VALUES ("b088240f-176e-4cd4-a6b5-1892003022c5",
	"3bb1569f-819b-42d4-a809-a3b81a0aa877",
	"00000000-0000-0000-0000-000000000000",
	6,
	3,
	'sinus node::log_and_adjust line: 6');
INSERT INTO ACT_AI
	VALUES ("b088240f-176e-4cd4-a6b5-1892003022c5",
	"9efa0feb-edbb-4f0e-8912-fb914e799880",
	"644d3bae-358d-4506-9b83-1926e5daa101",
	0,
	0);
INSERT INTO V_VAL
	VALUES ("c205d41c-56fe-45f2-ab01-1a72d15cc1bf",
	1,
	0,
	6,
	3,
	6,
	0,
	0,
	0,
	0,
	"ba5eda7a-def5-0000-0000-000000000008",
	"3bb1569f-819b-42d4-a809-a3b81a0aa877");
INSERT INTO V_IRF
	VALUES ("c205d41c-56fe-45f2-ab01-1a72d15cc1bf",
	"f61858ab-d670-462a-ac44-02d330418507");
INSERT INTO V_VAL
	VALUES ("644d3bae-358d-4506-9b83-1926e5daa101",
	1,
	0,
	6,
	8,
	22,
	0,
	0,
	0,
	0,
	"ba5eda7a-def5-0000-0000-000000000002",
	"3bb1569f-819b-42d4-a809-a3b81a0aa877");
INSERT INTO V_AVL
	VALUES ("644d3bae-358d-4506-9b83-1926e5daa101",
	"c205d41c-56fe-45f2-ab01-1a72d15cc1bf",
	"2d71d04d-beb6-4ebb-8704-61a35aee894b",
	"ed8653a7-01a2-4623-99f8-9e19340d24d4");
INSERT INTO V_VAL
	VALUES ("0510cc1d-3587-46b8-a1fb-08f10736c9b7",
	0,
	0,
	6,
	26,
	29,
	0,
	0,
	0,
	0,
	"ba5eda7a-def5-0000-0000-000000000008",
	"3bb1569f-819b-42d4-a809-a3b81a0aa877");
INSERT INTO V_IRF
	VALUES ("0510cc1d-3587-46b8-a1fb-08f10736c9b7",
	"f61858ab-d670-462a-ac44-02d330418507");
INSERT INTO V_VAL
	VALUES ("41ee5111-bae6-4555-bdf7-face58096533",
	0,
	0,
	6,
	31,
	45,
	0,
	0,
	0,
	0,
	"ba5eda7a-def5-0000-0000-000000000002",
	"3bb1569f-819b-42d4-a809-a3b81a0aa877");
INSERT INTO V_AVL
	VALUES ("41ee5111-bae6-4555-bdf7-face58096533",
	"0510cc1d-3587-46b8-a1fb-08f10736c9b7",
	"2d71d04d-beb6-4ebb-8704-61a35aee894b",
	"ed8653a7-01a2-4623-99f8-9e19340d24d4");
INSERT INTO V_VAL
	VALUES ("9efa0feb-edbb-4f0e-8912-fb914e799880",
	0,
	0,
	-1,
	-1,
	-1,
	0,
	0,
	0,
	0,
	"ba5eda7a-def5-0000-0000-000000000002",
	"3bb1569f-819b-42d4-a809-a3b81a0aa877");
INSERT INTO V_BIN
	VALUES ("9efa0feb-edbb-4f0e-8912-fb914e799880",
	"586a6ad9-a06b-44d9-b6f6-5a48f350e963",
	"41ee5111-bae6-4555-bdf7-face58096533",
	'-');
INSERT INTO V_VAL
	VALUES ("282fd97a-2df6-4b7e-ab05-ff7507286431",
	0,
	0,
	6,
	49,
	52,
	0,
	0,
	0,
	0,
	"ba5eda7a-def5-0000-0000-000000000008",
	"3bb1569f-819b-42d4-a809-a3b81a0aa877");
INSERT INTO V_IRF
	VALUES ("282fd97a-2df6-4b7e-ab05-ff7507286431",
	"f61858ab-d670-462a-ac44-02d330418507");
INSERT INTO V_VAL
	VALUES ("586a6ad9-a06b-44d9-b6f6-5a48f350e963",
	0,
	0,
	6,
	54,
	62,
	0,
	0,
	0,
	0,
	"ba5eda7a-def5-0000-0000-000000000002",
	"3bb1569f-819b-42d4-a809-a3b81a0aa877");
INSERT INTO V_AVL
	VALUES ("586a6ad9-a06b-44d9-b6f6-5a48f350e963",
	"282fd97a-2df6-4b7e-ab05-ff7507286431",
	"2d71d04d-beb6-4ebb-8704-61a35aee894b",
	"ac822fb9-0787-4df6-9337-4b1c962f691d");
INSERT INTO ACT_BLK
	VALUES ("f175fa03-6b77-4833-963b-5e7bb245a412",
	0,
	0,
	0,
	'',
	'',
	'',
	9,
	3,
	0,
	0,
	0,
	0,
	0,
	0,
	0,
	0,
	0,
	0,
	0,
	"4e253b98-2e79-49dc-8efd-5e3aa0b24e35",
	"00000000-0000-0000-0000-000000000000");
INSERT INTO ACT_SMT
	VALUES ("a655324c-299b-4022-b10a-f5b695157c05",
	"f175fa03-6b77-4833-963b-5e7bb245a412",
	"00000000-0000-0000-0000-000000000000",
	9,
	3,
	'sinus node::log_and_adjust line: 9');
INSERT INTO ACT_AI
	VALUES ("a655324c-299b-4022-b10a-f5b695157c05",
	"c4e6ba96-6e89-4432-8eaf-f9736087158c",
	"5ee4f951-2348-420f-a6ed-43b8ba57abb7",
	0,
	0);
INSERT INTO V_VAL
	VALUES ("a07c5a62-e2e4-4759-a762-f65eb9508899",
	1,
	0,
	9,
	3,
	6,
	0,
	0,
	0,
	0,
	"ba5eda7a-def5-0000-0000-000000000008",
	"f175fa03-6b77-4833-963b-5e7bb245a412");
INSERT INTO V_IRF
	VALUES ("a07c5a62-e2e4-4759-a762-f65eb9508899",
	"f61858ab-d670-462a-ac44-02d330418507");
INSERT INTO V_VAL
	VALUES ("5ee4f951-2348-420f-a6ed-43b8ba57abb7",
	1,
	0,
	9,
	8,
	23,
	0,
	0,
	0,
	0,
	"ba5eda7a-def5-0000-0000-000000000002",
	"f175fa03-6b77-4833-963b-5e7bb245a412");
INSERT INTO V_AVL
	VALUES ("5ee4f951-2348-420f-a6ed-43b8ba57abb7",
	"a07c5a62-e2e4-4759-a762-f65eb9508899",
	"2d71d04d-beb6-4ebb-8704-61a35aee894b",
	"612a0a93-86e8-4adc-9e95-9af3d8152a50");
INSERT INTO V_VAL
	VALUES ("44e3e215-1e28-42a6-8417-629ee23f632d",
	0,
	0,
	9,
	27,
	30,
	0,
	0,
	0,
	0,
	"ba5eda7a-def5-0000-0000-000000000008",
	"f175fa03-6b77-4833-963b-5e7bb245a412");
INSERT INTO V_IRF
	VALUES ("44e3e215-1e28-42a6-8417-629ee23f632d",
	"f61858ab-d670-462a-ac44-02d330418507");
INSERT INTO V_VAL
	VALUES ("1716d6fc-3954-4169-ba97-5e8f2a57edd4",
	0,
	0,
	9,
	32,
	47,
	0,
	0,
	0,
	0,
	"ba5eda7a-def5-0000-0000-000000000002",
	"f175fa03-6b77-4833-963b-5e7bb245a412");
INSERT INTO V_AVL
	VALUES ("1716d6fc-3954-4169-ba97-5e8f2a57edd4",
	"44e3e215-1e28-42a6-8417-629ee23f632d",
	"2d71d04d-beb6-4ebb-8704-61a35aee894b",
	"612a0a93-86e8-4adc-9e95-9af3d8152a50");
INSERT INTO V_VAL
	VALUES ("c4e6ba96-6e89-4432-8eaf-f9736087158c",
	0,
	0,
	-1,
	-1,
	-1,
	0,
	0,
	0,
	0,
	"ba5eda7a-def5-0000-0000-000000000002",
	"f175fa03-6b77-4833-963b-5e7bb245a412");
INSERT INTO V_BIN
	VALUES ("c4e6ba96-6e89-4432-8eaf-f9736087158c",
	"bbf8ea8f-cc72-45b7-a566-c59ef5a5490b",
	"1716d6fc-3954-4169-ba97-5e8f2a57edd4",
	'-');
INSERT INTO V_VAL
	VALUES ("363959d2-2378-4729-8db1-e17197470956",
	0,
	0,
	9,
	51,
	54,
	0,
	0,
	0,
	0,
	"ba5eda7a-def5-0000-0000-000000000008",
	"f175fa03-6b77-4833-963b-5e7bb245a412");
INSERT INTO V_IRF
	VALUES ("363959d2-2378-4729-8db1-e17197470956",
	"f61858ab-d670-462a-ac44-02d330418507");
INSERT INTO V_VAL
	VALUES ("bbf8ea8f-cc72-45b7-a566-c59ef5a5490b",
	0,
	0,
	9,
	56,
	64,
	0,
	0,
	0,
	0,
	"ba5eda7a-def5-0000-0000-000000000002",
	"f175fa03-6b77-4833-963b-5e7bb245a412");
INSERT INTO V_AVL
	VALUES ("bbf8ea8f-cc72-45b7-a566-c59ef5a5490b",
	"363959d2-2378-4729-8db1-e17197470956",
	"2d71d04d-beb6-4ebb-8704-61a35aee894b",
	"ac822fb9-0787-4df6-9337-4b1c962f691d");
INSERT INTO O_NBATTR
	VALUES ("ed8653a7-01a2-4623-99f8-9e19340d24d4",
	"2d71d04d-beb6-4ebb-8704-61a35aee894b");
INSERT INTO O_BATTR
	VALUES ("ed8653a7-01a2-4623-99f8-9e19340d24d4",
	"2d71d04d-beb6-4ebb-8704-61a35aee894b");
INSERT INTO O_ATTR
	VALUES ("ed8653a7-01a2-4623-99f8-9e19340d24d4",
	"2d71d04d-beb6-4ebb-8704-61a35aee894b",
	"00000000-0000-0000-0000-000000000000",
	'systolic_period',
	'The systolic period is the duration of time between diastolic and systolic pulses.',
	'',
	'systolic_period',
	0,
	"ba5eda7a-def5-0000-0000-000000000002",
	'',
	'');
INSERT INTO O_NBATTR
	VALUES ("612a0a93-86e8-4adc-9e95-9af3d8152a50",
	"2d71d04d-beb6-4ebb-8704-61a35aee894b");
INSERT INTO O_BATTR
	VALUES ("612a0a93-86e8-4adc-9e95-9af3d8152a50",
	"2d71d04d-beb6-4ebb-8704-61a35aee894b");
INSERT INTO O_ATTR
	VALUES ("612a0a93-86e8-4adc-9e95-9af3d8152a50",
	"2d71d04d-beb6-4ebb-8704-61a35aee894b",
	"ed8653a7-01a2-4623-99f8-9e19340d24d4",
	'diastolic_period',
	'The diastolic period is the duration of time between systolic and diastolic pulses.',
	'',
	'diastolic_period',
	0,
	"ba5eda7a-def5-0000-0000-000000000002",
	'',
	'');
INSERT INTO O_NBATTR
	VALUES ("e72dd01c-ae75-41cd-b00e-4f6e5ac659c8",
	"2d71d04d-beb6-4ebb-8704-61a35aee894b");
INSERT INTO O_BATTR
	VALUES ("e72dd01c-ae75-41cd-b00e-4f6e5ac659c8",
	"2d71d04d-beb6-4ebb-8704-61a35aee894b");
INSERT INTO O_ATTR
	VALUES ("e72dd01c-ae75-41cd-b00e-4f6e5ac659c8",
	"2d71d04d-beb6-4ebb-8704-61a35aee894b",
	"ac822fb9-0787-4df6-9337-4b1c962f691d",
	'current_state',
	'',
	'',
	'current_state',
	0,
	"ba5eda7a-def5-0000-0000-000000000006",
	'',
	'');
INSERT INTO O_NBATTR
	VALUES ("ac822fb9-0787-4df6-9337-4b1c962f691d",
	"2d71d04d-beb6-4ebb-8704-61a35aee894b");
INSERT INTO O_BATTR
	VALUES ("ac822fb9-0787-4df6-9337-4b1c962f691d",
	"2d71d04d-beb6-4ebb-8704-61a35aee894b");
INSERT INTO O_ATTR
	VALUES ("ac822fb9-0787-4df6-9337-4b1c962f691d",
	"2d71d04d-beb6-4ebb-8704-61a35aee894b",
	"612a0a93-86e8-4adc-9e95-9af3d8152a50",
	'decrement',
	'This is the value that we reduce the periods each cycle.',
	'',
	'decrement',
	0,
	"ba5eda7a-def5-0000-0000-000000000002",
	'',
	'');
INSERT INTO O_ID
	VALUES (0,
	"2d71d04d-beb6-4ebb-8704-61a35aee894b");
INSERT INTO O_ID
	VALUES (1,
	"2d71d04d-beb6-4ebb-8704-61a35aee894b");
INSERT INTO O_ID
	VALUES (2,
	"2d71d04d-beb6-4ebb-8704-61a35aee894b");
INSERT INTO SM_ISM
	VALUES ("1a2debf6-3c64-4272-b4c0-02b53c3e1624",
	"2d71d04d-beb6-4ebb-8704-61a35aee894b");
INSERT INTO SM_SM
	VALUES ("1a2debf6-3c64-4272-b4c0-02b53c3e1624",
	'',
	0);
INSERT INTO SM_MOORE
	VALUES ("1a2debf6-3c64-4272-b4c0-02b53c3e1624");
INSERT INTO SM_LEVT
	VALUES ("b25264a6-bed4-4c59-b2a6-ecfa760d36fe",
	"1a2debf6-3c64-4272-b4c0-02b53c3e1624",
	"00000000-0000-0000-0000-000000000000");
INSERT INTO SM_SEVT
	VALUES ("b25264a6-bed4-4c59-b2a6-ecfa760d36fe",
	"1a2debf6-3c64-4272-b4c0-02b53c3e1624",
	"00000000-0000-0000-0000-000000000000");
INSERT INTO SM_EVT
	VALUES ("b25264a6-bed4-4c59-b2a6-ecfa760d36fe",
	"1a2debf6-3c64-4272-b4c0-02b53c3e1624",
	"00000000-0000-0000-0000-000000000000",
	1,
	'pop',
	0,
	'',
	'SINUS_NODE1',
	'');
INSERT INTO SM_LEVT
	VALUES ("d5038b4d-974a-428f-ad11-e9a71abb4237",
	"1a2debf6-3c64-4272-b4c0-02b53c3e1624",
	"00000000-0000-0000-0000-000000000000");
INSERT INTO SM_SEVT
	VALUES ("d5038b4d-974a-428f-ad11-e9a71abb4237",
	"1a2debf6-3c64-4272-b4c0-02b53c3e1624",
	"00000000-0000-0000-0000-000000000000");
INSERT INTO SM_EVT
	VALUES ("d5038b4d-974a-428f-ad11-e9a71abb4237",
	"1a2debf6-3c64-4272-b4c0-02b53c3e1624",
	"00000000-0000-0000-0000-000000000000",
	2,
	'period',
	0,
	'',
	'SINUS_NODE2',
	'');
INSERT INTO SM_STATE
	VALUES ("57b4c89f-a17b-4b13-b6a9-29bc71e09c35",
	"1a2debf6-3c64-4272-b4c0-02b53c3e1624",
	"00000000-0000-0000-0000-000000000000",
	'pulsing systolic',
	3,
	0);
INSERT INTO SM_SEME
	VALUES ("57b4c89f-a17b-4b13-b6a9-29bc71e09c35",
	"b25264a6-bed4-4c59-b2a6-ecfa760d36fe",
	"1a2debf6-3c64-4272-b4c0-02b53c3e1624",
	"00000000-0000-0000-0000-000000000000");
INSERT INTO SM_CH
	VALUES ("57b4c89f-a17b-4b13-b6a9-29bc71e09c35",
	"d5038b4d-974a-428f-ad11-e9a71abb4237",
	"1a2debf6-3c64-4272-b4c0-02b53c3e1624",
	"00000000-0000-0000-0000-000000000000",
	'');
INSERT INTO SM_SEME
	VALUES ("57b4c89f-a17b-4b13-b6a9-29bc71e09c35",
	"d5038b4d-974a-428f-ad11-e9a71abb4237",
	"1a2debf6-3c64-4272-b4c0-02b53c3e1624",
	"00000000-0000-0000-0000-000000000000");
INSERT INTO SM_MOAH
	VALUES ("2d1500bf-0b23-4d1a-ba2e-64986943fbee",
	"1a2debf6-3c64-4272-b4c0-02b53c3e1624",
	"57b4c89f-a17b-4b13-b6a9-29bc71e09c35");
INSERT INTO SM_AH
	VALUES ("2d1500bf-0b23-4d1a-ba2e-64986943fbee",
	"1a2debf6-3c64-4272-b4c0-02b53c3e1624");
INSERT INTO SM_ACT
	VALUES ("2d1500bf-0b23-4d1a-ba2e-64986943fbee",
	"1a2debf6-3c64-4272-b4c0-02b53c3e1624",
	1,
	'// Tell the upper heart to pulse.
select one heart related by self->HEART[R1];
generate HEART5:systolic_pulse() to heart;
// Let the rest of the body "hear" the pulse.
send out_to_body::systolic_pulse();
// Set a timer for the systolic period.
create event instance e of SINUS_NODE1:pop() to self;
t = TIM::timer_start( microseconds:self.diastolic_period, event_inst:e );

self.log_and_adjust();
',
	'');
INSERT INTO ACT_SAB
	VALUES ("816c54bf-9365-4ed0-b2fa-b91b616a42e8",
	"1a2debf6-3c64-4272-b4c0-02b53c3e1624",
	"2d1500bf-0b23-4d1a-ba2e-64986943fbee");
INSERT INTO ACT_ACT
	VALUES ("816c54bf-9365-4ed0-b2fa-b91b616a42e8",
	'state',
	0,
	"14eefcf3-05ca-41cc-9cfa-a21b2a2bfa97",
	"00000000-0000-0000-0000-000000000000",
	0,
	'sinus node::pulsing systolic',
	"00000000-0000-0000-0000-000000000000");
INSERT INTO ACT_BLK
	VALUES ("14eefcf3-05ca-41cc-9cfa-a21b2a2bfa97",
	1,
	0,
	0,
	'TIM',
	'',
	'',
	10,
	1,
	8,
	5,
	0,
	0,
	2,
	41,
	0,
	0,
	0,
	0,
	0,
	"816c54bf-9365-4ed0-b2fa-b91b616a42e8",
	"00000000-0000-0000-0000-000000000000");
INSERT INTO ACT_SMT
	VALUES ("f185c4ff-fc25-4af6-bc95-197774dfdbb4",
	"14eefcf3-05ca-41cc-9cfa-a21b2a2bfa97",
	"b85efcb9-1246-4574-99cf-76def72faed5",
	2,
	1,
	'sinus node::pulsing systolic line: 2');
INSERT INTO ACT_SEL
	VALUES ("f185c4ff-fc25-4af6-bc95-197774dfdbb4",
	"70d9381c-695a-42b3-bf71-64d317a0f56c",
	1,
	'one',
	"febb8586-b5c8-4bcf-aed8-f3082e65d168");
INSERT INTO ACT_SR
	VALUES ("f185c4ff-fc25-4af6-bc95-197774dfdbb4");
INSERT INTO ACT_LNK
	VALUES ("5599aef0-b61f-4db6-a88b-1b0525261004",
	'',
	"f185c4ff-fc25-4af6-bc95-197774dfdbb4",
	"3c1d3846-9d5c-4fc0-8953-66cc53544a58",
	"00000000-0000-0000-0000-000000000000",
	2,
	"0ab92247-10bb-454c-9d00-8b34354a6cca",
	2,
	35,
	2,
	41,
	0,
	0);
INSERT INTO ACT_SMT
	VALUES ("b85efcb9-1246-4574-99cf-76def72faed5",
	"14eefcf3-05ca-41cc-9cfa-a21b2a2bfa97",
	"d0a27b98-b8d7-42c2-b657-b51ffb825304",
	3,
	1,
	'sinus node::pulsing systolic line: 3');
INSERT INTO E_ESS
	VALUES ("b85efcb9-1246-4574-99cf-76def72faed5",
	1,
	0,
	3,
	10,
	3,
	17,
	2,
	35,
	0,
	0,
	0,
	0);
INSERT INTO E_GES
	VALUES ("b85efcb9-1246-4574-99cf-76def72faed5");
INSERT INTO E_GSME
	VALUES ("b85efcb9-1246-4574-99cf-76def72faed5",
	"031a9ed1-be21-4349-8df5-ae77459b25c5");
INSERT INTO E_GEN
	VALUES ("b85efcb9-1246-4574-99cf-76def72faed5",
	"70d9381c-695a-42b3-bf71-64d317a0f56c");
INSERT INTO ACT_SMT
	VALUES ("d0a27b98-b8d7-42c2-b657-b51ffb825304",
	"14eefcf3-05ca-41cc-9cfa-a21b2a2bfa97",
	"ebfcf4e6-0b57-4b6d-9d40-dee670e11ab3",
	5,
	1,
	'sinus node::pulsing systolic line: 5');
INSERT INTO ACT_SGN
	VALUES ("d0a27b98-b8d7-42c2-b657-b51ffb825304",
	5,
	19,
	5,
	6,
	"00000000-0000-0000-0000-000000000000",
	"152739bc-29d4-4e3e-866d-44c2110260b0",
	"00000000-0000-0000-0000-000000000000");
INSERT INTO ACT_SMT
	VALUES ("ebfcf4e6-0b57-4b6d-9d40-dee670e11ab3",
	"14eefcf3-05ca-41cc-9cfa-a21b2a2bfa97",
	"8a5f54c0-cc71-4a7e-bec4-73ebc325025f",
	7,
	1,
	'sinus node::pulsing systolic line: 7');
INSERT INTO E_ESS
	VALUES ("ebfcf4e6-0b57-4b6d-9d40-dee670e11ab3",
	1,
	0,
	7,
	28,
	7,
	40,
	5,
	6,
	0,
	0,
	0,
	0);
INSERT INTO E_CES
	VALUES ("ebfcf4e6-0b57-4b6d-9d40-dee670e11ab3",
	1,
	"865df445-291e-484a-9d16-11436909963f");
INSERT INTO E_CSME
	VALUES ("ebfcf4e6-0b57-4b6d-9d40-dee670e11ab3",
	"b25264a6-bed4-4c59-b2a6-ecfa760d36fe");
INSERT INTO E_CEI
	VALUES ("ebfcf4e6-0b57-4b6d-9d40-dee670e11ab3",
	"85e37de3-677b-4386-bc15-74eb4c002916");
INSERT INTO ACT_SMT
	VALUES ("8a5f54c0-cc71-4a7e-bec4-73ebc325025f",
	"14eefcf3-05ca-41cc-9cfa-a21b2a2bfa97",
	"7c0155f2-fe7b-4a58-9acb-736a32b90aaa",
	8,
	1,
	'sinus node::pulsing systolic line: 8');
INSERT INTO ACT_AI
	VALUES ("8a5f54c0-cc71-4a7e-bec4-73ebc325025f",
	"3c7df045-5517-4c0f-be83-35ff4387221a",
	"adc38ef7-973a-4858-b5d5-5c75a98afba2",
	0,
	0);
INSERT INTO ACT_SMT
	VALUES ("7c0155f2-fe7b-4a58-9acb-736a32b90aaa",
	"14eefcf3-05ca-41cc-9cfa-a21b2a2bfa97",
	"00000000-0000-0000-0000-000000000000",
	10,
	1,
	'sinus node::pulsing systolic line: 10');
INSERT INTO ACT_TFM
	VALUES ("7c0155f2-fe7b-4a58-9acb-736a32b90aaa",
	"4014c3cb-74f9-4b79-86b4-6599577ecee0",
	"85e37de3-677b-4386-bc15-74eb4c002916",
	10,
	6,
	0,
	0);
INSERT INTO V_VAL
	VALUES ("febb8586-b5c8-4bcf-aed8-f3082e65d168",
	0,
	0,
	2,
	29,
	32,
	0,
	0,
	0,
	0,
	"ba5eda7a-def5-0000-0000-000000000008",
	"14eefcf3-05ca-41cc-9cfa-a21b2a2bfa97");
INSERT INTO V_IRF
	VALUES ("febb8586-b5c8-4bcf-aed8-f3082e65d168",
	"85e37de3-677b-4386-bc15-74eb4c002916");
INSERT INTO V_VAL
	VALUES ("adc38ef7-973a-4858-b5d5-5c75a98afba2",
	1,
	1,
	8,
	1,
	1,
	0,
	0,
	0,
	0,
	"ba5eda7a-def5-0000-0000-00000000000f",
	"14eefcf3-05ca-41cc-9cfa-a21b2a2bfa97");
INSERT INTO V_TVL
	VALUES ("adc38ef7-973a-4858-b5d5-5c75a98afba2",
	"ce5dbbf1-7eba-4408-8150-0b070086d55a");
INSERT INTO V_VAL
	VALUES ("3c7df045-5517-4c0f-be83-35ff4387221a",
	0,
	0,
	8,
	10,
	-1,
	8,
	23,
	8,
	59,
	"ba5eda7a-def5-0000-0000-00000000000f",
	"14eefcf3-05ca-41cc-9cfa-a21b2a2bfa97");
INSERT INTO V_BRV
	VALUES ("3c7df045-5517-4c0f-be83-35ff4387221a",
	"4237baa4-ca1f-41a7-9921-f04ba0851556",
	1,
	8,
	5);
INSERT INTO V_VAL
	VALUES ("d6facb21-9cb8-446f-8557-ab835bc8fe6a",
	0,
	0,
	8,
	36,
	39,
	0,
	0,
	0,
	0,
	"ba5eda7a-def5-0000-0000-000000000008",
	"14eefcf3-05ca-41cc-9cfa-a21b2a2bfa97");
INSERT INTO V_IRF
	VALUES ("d6facb21-9cb8-446f-8557-ab835bc8fe6a",
	"85e37de3-677b-4386-bc15-74eb4c002916");
INSERT INTO V_VAL
	VALUES ("771b2ae8-7982-488b-aae7-74e74bfff4fa",
	0,
	0,
	8,
	41,
	56,
	0,
	0,
	0,
	0,
	"ba5eda7a-def5-0000-0000-000000000002",
	"14eefcf3-05ca-41cc-9cfa-a21b2a2bfa97");
INSERT INTO V_AVL
	VALUES ("771b2ae8-7982-488b-aae7-74e74bfff4fa",
	"d6facb21-9cb8-446f-8557-ab835bc8fe6a",
	"2d71d04d-beb6-4ebb-8704-61a35aee894b",
	"612a0a93-86e8-4adc-9e95-9af3d8152a50");
INSERT INTO V_PAR
	VALUES ("771b2ae8-7982-488b-aae7-74e74bfff4fa",
	"00000000-0000-0000-0000-000000000000",
	"3c7df045-5517-4c0f-be83-35ff4387221a",
	'microseconds',
	"b96020d3-8b9b-46ed-ac27-fc1b9622ee4d",
	8,
	23);
INSERT INTO V_VAL
	VALUES ("b96020d3-8b9b-46ed-ac27-fc1b9622ee4d",
	0,
	0,
	8,
	70,
	70,
	0,
	0,
	0,
	0,
	"ba5eda7a-def5-0000-0000-00000000000a",
	"14eefcf3-05ca-41cc-9cfa-a21b2a2bfa97");
INSERT INTO V_TVL
	VALUES ("b96020d3-8b9b-46ed-ac27-fc1b9622ee4d",
	"865df445-291e-484a-9d16-11436909963f");
INSERT INTO V_PAR
	VALUES ("b96020d3-8b9b-46ed-ac27-fc1b9622ee4d",
	"00000000-0000-0000-0000-000000000000",
	"3c7df045-5517-4c0f-be83-35ff4387221a",
	'event_inst',
	"00000000-0000-0000-0000-000000000000",
	8,
	59);
INSERT INTO V_VAR
	VALUES ("70d9381c-695a-42b3-bf71-64d317a0f56c",
	"14eefcf3-05ca-41cc-9cfa-a21b2a2bfa97",
	'heart',
	1,
	"ba5eda7a-def5-0000-0000-000000000008");
INSERT INTO V_INT
	VALUES ("70d9381c-695a-42b3-bf71-64d317a0f56c",
	0,
	"0ab92247-10bb-454c-9d00-8b34354a6cca");
INSERT INTO V_LOC
	VALUES ("c136bd11-f803-4861-92e1-24ac6d675411",
	2,
	12,
	16,
	"70d9381c-695a-42b3-bf71-64d317a0f56c");
INSERT INTO V_LOC
	VALUES ("5e3836ce-6706-43a5-b6c3-d1877c201192",
	3,
	37,
	41,
	"70d9381c-695a-42b3-bf71-64d317a0f56c");
INSERT INTO V_VAR
	VALUES ("85e37de3-677b-4386-bc15-74eb4c002916",
	"14eefcf3-05ca-41cc-9cfa-a21b2a2bfa97",
	'self',
	1,
	"ba5eda7a-def5-0000-0000-000000000008");
INSERT INTO V_INT
	VALUES ("85e37de3-677b-4386-bc15-74eb4c002916",
	0,
	"2d71d04d-beb6-4ebb-8704-61a35aee894b");
INSERT INTO V_LOC
	VALUES ("68e6841f-1505-412a-b0fa-e028de412a2f",
	7,
	49,
	52,
	"85e37de3-677b-4386-bc15-74eb4c002916");
INSERT INTO V_LOC
	VALUES ("018ed6d8-aca8-4947-b739-26ec874c4737",
	8,
	36,
	39,
	"85e37de3-677b-4386-bc15-74eb4c002916");
INSERT INTO V_LOC
	VALUES ("50617e7e-8e2c-433f-8a51-490c3a9a726b",
	10,
	1,
	4,
	"85e37de3-677b-4386-bc15-74eb4c002916");
INSERT INTO V_VAR
	VALUES ("865df445-291e-484a-9d16-11436909963f",
	"14eefcf3-05ca-41cc-9cfa-a21b2a2bfa97",
	'e',
	1,
	"ba5eda7a-def5-0000-0000-00000000000a");
INSERT INTO V_TRN
	VALUES ("865df445-291e-484a-9d16-11436909963f",
	"00000000-0000-0000-0000-000000000000",
	'');
INSERT INTO V_LOC
	VALUES ("738efa9b-331d-4951-ab2d-bd5e43ec9d50",
	7,
	23,
	23,
	"865df445-291e-484a-9d16-11436909963f");
INSERT INTO V_LOC
	VALUES ("0549674b-f4b8-41c6-8113-64d4b9e447c8",
	8,
	70,
	70,
	"865df445-291e-484a-9d16-11436909963f");
INSERT INTO V_VAR
	VALUES ("ce5dbbf1-7eba-4408-8150-0b070086d55a",
	"14eefcf3-05ca-41cc-9cfa-a21b2a2bfa97",
	't',
	1,
	"ba5eda7a-def5-0000-0000-00000000000f");
INSERT INTO V_TRN
	VALUES ("ce5dbbf1-7eba-4408-8150-0b070086d55a",
	"00000000-0000-0000-0000-000000000000",
	'');
INSERT INTO V_LOC
	VALUES ("16552bdc-8182-4295-aae4-8afded51009e",
	8,
	1,
	1,
	"ce5dbbf1-7eba-4408-8150-0b070086d55a");
INSERT INTO SM_STATE
	VALUES ("f2a9fc6e-c880-4bb9-9346-b0f57919eba6",
	"1a2debf6-3c64-4272-b4c0-02b53c3e1624",
	"00000000-0000-0000-0000-000000000000",
	'pulsing diastolic',
	1,
	0);
INSERT INTO SM_CH
	VALUES ("f2a9fc6e-c880-4bb9-9346-b0f57919eba6",
	"b25264a6-bed4-4c59-b2a6-ecfa760d36fe",
	"1a2debf6-3c64-4272-b4c0-02b53c3e1624",
	"00000000-0000-0000-0000-000000000000",
	'');
INSERT INTO SM_SEME
	VALUES ("f2a9fc6e-c880-4bb9-9346-b0f57919eba6",
	"b25264a6-bed4-4c59-b2a6-ecfa760d36fe",
	"1a2debf6-3c64-4272-b4c0-02b53c3e1624",
	"00000000-0000-0000-0000-000000000000");
INSERT INTO SM_SEME
	VALUES ("f2a9fc6e-c880-4bb9-9346-b0f57919eba6",
	"d5038b4d-974a-428f-ad11-e9a71abb4237",
	"1a2debf6-3c64-4272-b4c0-02b53c3e1624",
	"00000000-0000-0000-0000-000000000000");
INSERT INTO SM_MOAH
	VALUES ("49353bb3-c65e-419a-aa2c-bfb5ae67e499",
	"1a2debf6-3c64-4272-b4c0-02b53c3e1624",
	"f2a9fc6e-c880-4bb9-9346-b0f57919eba6");
INSERT INTO SM_AH
	VALUES ("49353bb3-c65e-419a-aa2c-bfb5ae67e499",
	"1a2debf6-3c64-4272-b4c0-02b53c3e1624");
INSERT INTO SM_ACT
	VALUES ("49353bb3-c65e-419a-aa2c-bfb5ae67e499",
	"1a2debf6-3c64-4272-b4c0-02b53c3e1624",
	1,
	'// Pulse the heart to relax.
select one heart related by self->HEART[R1];
generate HEART4:diastolic_pulse() to heart;
// Let the rest of the body "hear" the pulse.
send out_to_body::diastolic_pulse();
// Set a timer for the diastolic period.
create event instance e of SINUS_NODE2:period() to self;
t = TIM::timer_start( microseconds:self.systolic_period, event_inst:e );
',
	'');
INSERT INTO ACT_SAB
	VALUES ("e16b58d7-3789-4874-9b66-38dd9bf61480",
	"1a2debf6-3c64-4272-b4c0-02b53c3e1624",
	"49353bb3-c65e-419a-aa2c-bfb5ae67e499");
INSERT INTO ACT_ACT
	VALUES ("e16b58d7-3789-4874-9b66-38dd9bf61480",
	'state',
	0,
	"0e83623d-d4a6-4893-81c0-047a805000ae",
	"00000000-0000-0000-0000-000000000000",
	0,
	'sinus node::pulsing diastolic',
	"00000000-0000-0000-0000-000000000000");
INSERT INTO ACT_BLK
	VALUES ("0e83623d-d4a6-4893-81c0-047a805000ae",
	1,
	0,
	0,
	'TIM',
	'',
	'',
	8,
	1,
	8,
	5,
	0,
	0,
	2,
	41,
	0,
	0,
	0,
	0,
	0,
	"e16b58d7-3789-4874-9b66-38dd9bf61480",
	"00000000-0000-0000-0000-000000000000");
INSERT INTO ACT_SMT
	VALUES ("68b93ebb-6075-4e27-8985-5fd8377ffdb3",
	"0e83623d-d4a6-4893-81c0-047a805000ae",
	"705620c8-4f62-45bc-bd2f-dd3da3fdb914",
	2,
	1,
	'sinus node::pulsing diastolic line: 2');
INSERT INTO ACT_SEL
	VALUES ("68b93ebb-6075-4e27-8985-5fd8377ffdb3",
	"c4cbe87e-2878-41fc-84ee-01ae0cdc5152",
	1,
	'one',
	"4afb7f58-d976-4c0c-abaa-e4f6eb2bedeb");
INSERT INTO ACT_SR
	VALUES ("68b93ebb-6075-4e27-8985-5fd8377ffdb3");
INSERT INTO ACT_LNK
	VALUES ("276a6107-4442-45c3-93cb-71d185df8ef3",
	'',
	"68b93ebb-6075-4e27-8985-5fd8377ffdb3",
	"3c1d3846-9d5c-4fc0-8953-66cc53544a58",
	"00000000-0000-0000-0000-000000000000",
	2,
	"0ab92247-10bb-454c-9d00-8b34354a6cca",
	2,
	35,
	2,
	41,
	0,
	0);
INSERT INTO ACT_SMT
	VALUES ("705620c8-4f62-45bc-bd2f-dd3da3fdb914",
	"0e83623d-d4a6-4893-81c0-047a805000ae",
	"87342f9d-1997-4187-a0aa-5ac80084f912",
	3,
	1,
	'sinus node::pulsing diastolic line: 3');
INSERT INTO E_ESS
	VALUES ("705620c8-4f62-45bc-bd2f-dd3da3fdb914",
	1,
	0,
	3,
	10,
	3,
	17,
	2,
	35,
	0,
	0,
	0,
	0);
INSERT INTO E_GES
	VALUES ("705620c8-4f62-45bc-bd2f-dd3da3fdb914");
INSERT INTO E_GSME
	VALUES ("705620c8-4f62-45bc-bd2f-dd3da3fdb914",
	"08992814-303b-4284-a6a9-da49be327574");
INSERT INTO E_GEN
	VALUES ("705620c8-4f62-45bc-bd2f-dd3da3fdb914",
	"c4cbe87e-2878-41fc-84ee-01ae0cdc5152");
INSERT INTO ACT_SMT
	VALUES ("87342f9d-1997-4187-a0aa-5ac80084f912",
	"0e83623d-d4a6-4893-81c0-047a805000ae",
	"98aa3492-60a0-4809-9a57-1621012ed624",
	5,
	1,
	'sinus node::pulsing diastolic line: 5');
INSERT INTO ACT_SGN
	VALUES ("87342f9d-1997-4187-a0aa-5ac80084f912",
	5,
	19,
	5,
	6,
	"00000000-0000-0000-0000-000000000000",
	"4e5aa703-1285-4229-961c-d4a6f220ed9c",
	"00000000-0000-0000-0000-000000000000");
INSERT INTO ACT_SMT
	VALUES ("98aa3492-60a0-4809-9a57-1621012ed624",
	"0e83623d-d4a6-4893-81c0-047a805000ae",
	"603416da-e1e2-434e-bc53-93ef6b4c7c17",
	7,
	1,
	'sinus node::pulsing diastolic line: 7');
INSERT INTO E_ESS
	VALUES ("98aa3492-60a0-4809-9a57-1621012ed624",
	1,
	0,
	7,
	28,
	7,
	40,
	5,
	6,
	0,
	0,
	0,
	0);
INSERT INTO E_CES
	VALUES ("98aa3492-60a0-4809-9a57-1621012ed624",
	1,
	"9092d72a-8130-4784-86c8-330c646672fc");
INSERT INTO E_CSME
	VALUES ("98aa3492-60a0-4809-9a57-1621012ed624",
	"d5038b4d-974a-428f-ad11-e9a71abb4237");
INSERT INTO E_CEI
	VALUES ("98aa3492-60a0-4809-9a57-1621012ed624",
	"833f429f-400e-45e4-af32-7e6c394ea6c6");
INSERT INTO ACT_SMT
	VALUES ("603416da-e1e2-434e-bc53-93ef6b4c7c17",
	"0e83623d-d4a6-4893-81c0-047a805000ae",
	"00000000-0000-0000-0000-000000000000",
	8,
	1,
	'sinus node::pulsing diastolic line: 8');
INSERT INTO ACT_AI
	VALUES ("603416da-e1e2-434e-bc53-93ef6b4c7c17",
	"57e9734b-0fd0-452f-adf8-9b6dbf015f22",
	"51444e0a-b334-43cc-9474-08086706e031",
	0,
	0);
INSERT INTO V_VAL
	VALUES ("4afb7f58-d976-4c0c-abaa-e4f6eb2bedeb",
	0,
	0,
	2,
	29,
	32,
	0,
	0,
	0,
	0,
	"ba5eda7a-def5-0000-0000-000000000008",
	"0e83623d-d4a6-4893-81c0-047a805000ae");
INSERT INTO V_IRF
	VALUES ("4afb7f58-d976-4c0c-abaa-e4f6eb2bedeb",
	"833f429f-400e-45e4-af32-7e6c394ea6c6");
INSERT INTO V_VAL
	VALUES ("51444e0a-b334-43cc-9474-08086706e031",
	1,
	1,
	8,
	1,
	1,
	0,
	0,
	0,
	0,
	"ba5eda7a-def5-0000-0000-00000000000f",
	"0e83623d-d4a6-4893-81c0-047a805000ae");
INSERT INTO V_TVL
	VALUES ("51444e0a-b334-43cc-9474-08086706e031",
	"52ba403a-2275-4e28-a8fc-8085af6f45de");
INSERT INTO V_VAL
	VALUES ("57e9734b-0fd0-452f-adf8-9b6dbf015f22",
	0,
	0,
	8,
	10,
	-1,
	8,
	23,
	8,
	58,
	"ba5eda7a-def5-0000-0000-00000000000f",
	"0e83623d-d4a6-4893-81c0-047a805000ae");
INSERT INTO V_BRV
	VALUES ("57e9734b-0fd0-452f-adf8-9b6dbf015f22",
	"4237baa4-ca1f-41a7-9921-f04ba0851556",
	1,
	8,
	5);
INSERT INTO V_VAL
	VALUES ("124c4615-6385-479b-a09b-116790d3b72b",
	0,
	0,
	8,
	36,
	39,
	0,
	0,
	0,
	0,
	"ba5eda7a-def5-0000-0000-000000000008",
	"0e83623d-d4a6-4893-81c0-047a805000ae");
INSERT INTO V_IRF
	VALUES ("124c4615-6385-479b-a09b-116790d3b72b",
	"833f429f-400e-45e4-af32-7e6c394ea6c6");
INSERT INTO V_VAL
	VALUES ("098f7101-260b-4bdb-8f48-a85c646bd60b",
	0,
	0,
	8,
	41,
	55,
	0,
	0,
	0,
	0,
	"ba5eda7a-def5-0000-0000-000000000002",
	"0e83623d-d4a6-4893-81c0-047a805000ae");
INSERT INTO V_AVL
	VALUES ("098f7101-260b-4bdb-8f48-a85c646bd60b",
	"124c4615-6385-479b-a09b-116790d3b72b",
	"2d71d04d-beb6-4ebb-8704-61a35aee894b",
	"ed8653a7-01a2-4623-99f8-9e19340d24d4");
INSERT INTO V_PAR
	VALUES ("098f7101-260b-4bdb-8f48-a85c646bd60b",
	"00000000-0000-0000-0000-000000000000",
	"57e9734b-0fd0-452f-adf8-9b6dbf015f22",
	'microseconds',
	"ca05d0db-4f9c-4fcd-946e-128a50c78d9e",
	8,
	23);
INSERT INTO V_VAL
	VALUES ("ca05d0db-4f9c-4fcd-946e-128a50c78d9e",
	0,
	0,
	8,
	69,
	69,
	0,
	0,
	0,
	0,
	"ba5eda7a-def5-0000-0000-00000000000a",
	"0e83623d-d4a6-4893-81c0-047a805000ae");
INSERT INTO V_TVL
	VALUES ("ca05d0db-4f9c-4fcd-946e-128a50c78d9e",
	"9092d72a-8130-4784-86c8-330c646672fc");
INSERT INTO V_PAR
	VALUES ("ca05d0db-4f9c-4fcd-946e-128a50c78d9e",
	"00000000-0000-0000-0000-000000000000",
	"57e9734b-0fd0-452f-adf8-9b6dbf015f22",
	'event_inst',
	"00000000-0000-0000-0000-000000000000",
	8,
	58);
INSERT INTO V_VAR
	VALUES ("c4cbe87e-2878-41fc-84ee-01ae0cdc5152",
	"0e83623d-d4a6-4893-81c0-047a805000ae",
	'heart',
	1,
	"ba5eda7a-def5-0000-0000-000000000008");
INSERT INTO V_INT
	VALUES ("c4cbe87e-2878-41fc-84ee-01ae0cdc5152",
	0,
	"0ab92247-10bb-454c-9d00-8b34354a6cca");
INSERT INTO V_LOC
	VALUES ("27c64a45-e6e8-42ac-9a49-48ffedd4d6c4",
	2,
	12,
	16,
	"c4cbe87e-2878-41fc-84ee-01ae0cdc5152");
INSERT INTO V_LOC
	VALUES ("39a25eff-877c-4507-97bc-afe93dca9f75",
	3,
	38,
	42,
	"c4cbe87e-2878-41fc-84ee-01ae0cdc5152");
INSERT INTO V_VAR
	VALUES ("833f429f-400e-45e4-af32-7e6c394ea6c6",
	"0e83623d-d4a6-4893-81c0-047a805000ae",
	'self',
	1,
	"ba5eda7a-def5-0000-0000-000000000008");
INSERT INTO V_INT
	VALUES ("833f429f-400e-45e4-af32-7e6c394ea6c6",
	0,
	"2d71d04d-beb6-4ebb-8704-61a35aee894b");
INSERT INTO V_LOC
	VALUES ("578da03c-5816-47e4-b480-31fcb5322fdf",
	7,
	52,
	55,
	"833f429f-400e-45e4-af32-7e6c394ea6c6");
INSERT INTO V_LOC
	VALUES ("fda1fcaf-d90f-4670-a749-3f93a19bfa04",
	8,
	36,
	39,
	"833f429f-400e-45e4-af32-7e6c394ea6c6");
INSERT INTO V_VAR
	VALUES ("9092d72a-8130-4784-86c8-330c646672fc",
	"0e83623d-d4a6-4893-81c0-047a805000ae",
	'e',
	1,
	"ba5eda7a-def5-0000-0000-00000000000a");
INSERT INTO V_TRN
	VALUES ("9092d72a-8130-4784-86c8-330c646672fc",
	"00000000-0000-0000-0000-000000000000",
	'');
INSERT INTO V_LOC
	VALUES ("585ca541-200c-4c57-b98e-e3f110ee07d1",
	7,
	23,
	23,
	"9092d72a-8130-4784-86c8-330c646672fc");
INSERT INTO V_LOC
	VALUES ("54d3ac9d-be81-4b4f-ae9c-0594ed325575",
	8,
	69,
	69,
	"9092d72a-8130-4784-86c8-330c646672fc");
INSERT INTO V_VAR
	VALUES ("52ba403a-2275-4e28-a8fc-8085af6f45de",
	"0e83623d-d4a6-4893-81c0-047a805000ae",
	't',
	1,
	"ba5eda7a-def5-0000-0000-00000000000f");
INSERT INTO V_TRN
	VALUES ("52ba403a-2275-4e28-a8fc-8085af6f45de",
	"00000000-0000-0000-0000-000000000000",
	'');
INSERT INTO V_LOC
	VALUES ("9253b181-46b0-49a4-8992-9218fe51569c",
	8,
	1,
	1,
	"52ba403a-2275-4e28-a8fc-8085af6f45de");
INSERT INTO SM_NSTXN
	VALUES ("4b3c6fc6-c7df-427f-885a-569aef0ab5db",
	"1a2debf6-3c64-4272-b4c0-02b53c3e1624",
	"57b4c89f-a17b-4b13-b6a9-29bc71e09c35",
	"b25264a6-bed4-4c59-b2a6-ecfa760d36fe",
	"00000000-0000-0000-0000-000000000000");
INSERT INTO SM_TAH
	VALUES ("925a58a6-1ae1-48f8-bbfa-bd49c0bfccba",
	"1a2debf6-3c64-4272-b4c0-02b53c3e1624",
	"4b3c6fc6-c7df-427f-885a-569aef0ab5db");
INSERT INTO SM_AH
	VALUES ("925a58a6-1ae1-48f8-bbfa-bd49c0bfccba",
	"1a2debf6-3c64-4272-b4c0-02b53c3e1624");
INSERT INTO SM_ACT
	VALUES ("925a58a6-1ae1-48f8-bbfa-bd49c0bfccba",
	"1a2debf6-3c64-4272-b4c0-02b53c3e1624",
	1,
	'',
	'');
INSERT INTO ACT_TAB
	VALUES ("a680a005-435d-48d4-b3be-b174fdf6ff7d",
	"1a2debf6-3c64-4272-b4c0-02b53c3e1624",
	"925a58a6-1ae1-48f8-bbfa-bd49c0bfccba");
INSERT INTO ACT_ACT
	VALUES ("a680a005-435d-48d4-b3be-b174fdf6ff7d",
	'transition',
	0,
	"5dabd611-f2a2-438c-9123-9b013049bcb5",
	"00000000-0000-0000-0000-000000000000",
	0,
	'SINUS_NODE1: pop',
	"00000000-0000-0000-0000-000000000000");
INSERT INTO ACT_BLK
	VALUES ("5dabd611-f2a2-438c-9123-9b013049bcb5",
	0,
	0,
	0,
	'',
	'',
	'',
	0,
	0,
	0,
	0,
	0,
	0,
	0,
	0,
	0,
	0,
	0,
	0,
	0,
	"a680a005-435d-48d4-b3be-b174fdf6ff7d",
	"00000000-0000-0000-0000-000000000000");
INSERT INTO SM_TXN
	VALUES ("4b3c6fc6-c7df-427f-885a-569aef0ab5db",
	"1a2debf6-3c64-4272-b4c0-02b53c3e1624",
	"f2a9fc6e-c880-4bb9-9346-b0f57919eba6",
	"00000000-0000-0000-0000-000000000000");
INSERT INTO SM_NSTXN
	VALUES ("ef6cf1cb-480e-40c6-a219-7b040f7e2084",
	"1a2debf6-3c64-4272-b4c0-02b53c3e1624",
	"f2a9fc6e-c880-4bb9-9346-b0f57919eba6",
	"d5038b4d-974a-428f-ad11-e9a71abb4237",
	"00000000-0000-0000-0000-000000000000");
INSERT INTO SM_TAH
	VALUES ("40509784-e2b1-44da-b2c1-88ad8ca437fb",
	"1a2debf6-3c64-4272-b4c0-02b53c3e1624",
	"ef6cf1cb-480e-40c6-a219-7b040f7e2084");
INSERT INTO SM_AH
	VALUES ("40509784-e2b1-44da-b2c1-88ad8ca437fb",
	"1a2debf6-3c64-4272-b4c0-02b53c3e1624");
INSERT INTO SM_ACT
	VALUES ("40509784-e2b1-44da-b2c1-88ad8ca437fb",
	"1a2debf6-3c64-4272-b4c0-02b53c3e1624",
	1,
	'',
	'');
INSERT INTO ACT_TAB
	VALUES ("06ef2491-46ac-49c9-a855-d7d3209e8c6d",
	"1a2debf6-3c64-4272-b4c0-02b53c3e1624",
	"40509784-e2b1-44da-b2c1-88ad8ca437fb");
INSERT INTO ACT_ACT
	VALUES ("06ef2491-46ac-49c9-a855-d7d3209e8c6d",
	'transition',
	0,
	"943ff425-8359-4db3-a65e-f7b2140f3b11",
	"00000000-0000-0000-0000-000000000000",
	0,
	'SINUS_NODE2: period',
	"00000000-0000-0000-0000-000000000000");
INSERT INTO ACT_BLK
	VALUES ("943ff425-8359-4db3-a65e-f7b2140f3b11",
	0,
	0,
	0,
	'',
	'',
	'',
	0,
	0,
	0,
	0,
	0,
	0,
	0,
	0,
	0,
	0,
	0,
	0,
	0,
	"06ef2491-46ac-49c9-a855-d7d3209e8c6d",
	"00000000-0000-0000-0000-000000000000");
INSERT INTO SM_TXN
	VALUES ("ef6cf1cb-480e-40c6-a219-7b040f7e2084",
	"1a2debf6-3c64-4272-b4c0-02b53c3e1624",
	"57b4c89f-a17b-4b13-b6a9-29bc71e09c35",
	"00000000-0000-0000-0000-000000000000");
INSERT INTO PE_PE
	VALUES ("ec30e476-2277-4a97-b32f-3df5784b0726",
	1,
	"61a575fd-fcfc-433c-a24d-97ab5f20738a",
	"00000000-0000-0000-0000-000000000000",
	2);
INSERT INTO C_C
	VALUES ("ec30e476-2277-4a97-b32f-3df5784b0726",
	"00000000-0000-0000-0000-000000000000",
	"00000000-0000-0000-0000-000000000000",
	'hostmonitor',
	'',
	0,
	"00000000-0000-0000-0000-000000000000",
	0,
	'');
INSERT INTO C_PO
	VALUES ("ab3e0890-c47d-4c40-bb4c-d0d2e9936131",
	"ec30e476-2277-4a97-b32f-3df5784b0726",
	'monitor',
	0,
	0);
INSERT INTO C_IR
	VALUES ("2990e0fc-907b-4012-97c7-a834716abbba",
	"604336a3-9bef-4909-b4e0-7e21963a471d",
	"00000000-0000-0000-0000-000000000000",
	"ab3e0890-c47d-4c40-bb4c-d0d2e9936131");
INSERT INTO C_R
	VALUES ("2990e0fc-907b-4012-97c7-a834716abbba",
	'monitor',
	'',
	'Unnamed Interface',
	'hostmonitor::monitor::monitor');
INSERT INTO SPR_REP
	VALUES ("7e0fb040-ecc0-429f-b85d-9804be77179e",
	"1ccfd096-372b-4476-b1db-866ff636a2fd",
	"2990e0fc-907b-4012-97c7-a834716abbba");
INSERT INTO SPR_RS
	VALUES ("7e0fb040-ecc0-429f-b85d-9804be77179e",
	'increased_activty',
	'',
	'',
	1);
INSERT INTO ACT_RSB
	VALUES ("f400623a-69f1-4f70-96b7-090032038262",
	"7e0fb040-ecc0-429f-b85d-9804be77179e");
INSERT INTO ACT_ACT
	VALUES ("f400623a-69f1-4f70-96b7-090032038262",
	'signal',
	0,
	"6811c649-a714-4aa6-abcd-4b8b6eadfe93",
	"00000000-0000-0000-0000-000000000000",
	0,
	'monitor::monitor::increased_activty',
	"00000000-0000-0000-0000-000000000000");
INSERT INTO ACT_BLK
	VALUES ("6811c649-a714-4aa6-abcd-4b8b6eadfe93",
	0,
	0,
	0,
	'',
	'',
	'',
	0,
	0,
	0,
	0,
	0,
	0,
	0,
	0,
	0,
	0,
	0,
	0,
	0,
	"f400623a-69f1-4f70-96b7-090032038262",
	"00000000-0000-0000-0000-000000000000");
INSERT INTO C_PO
	VALUES ("43094b33-864a-4f16-a473-0807079c6690",
	"ec30e476-2277-4a97-b32f-3df5784b0726",
	'host',
	0,
	0);
INSERT INTO C_IR
	VALUES ("64ae06b2-81a1-4a20-9c2c-af8bfb75a212",
	"92228dbd-dd96-4df2-a320-af096975a042",
	"cbfa3dae-c229-4a5d-a0e1-d53c90b74ce7",
	"43094b33-864a-4f16-a473-0807079c6690");
INSERT INTO C_P
	VALUES ("64ae06b2-81a1-4a20-9c2c-af8bfb75a212",
	'host',
	'Unnamed Interface',
	'',
	'hostmonitor::host::host');
INSERT INTO SPR_PEP
	VALUES ("59210e2c-5b94-4402-9473-80913f6bcbed",
	"29471dd1-27a0-4595-b0b7-467c27ce3e5a",
	"64ae06b2-81a1-4a20-9c2c-af8bfb75a212");
INSERT INTO SPR_PS
	VALUES ("59210e2c-5b94-4402-9473-80913f6bcbed",
	'breath_taken',
	'',
	'',
	1);
INSERT INTO ACT_PSB
	VALUES ("a695a8aa-8388-480c-80b8-915c27237937",
	"59210e2c-5b94-4402-9473-80913f6bcbed");
INSERT INTO ACT_ACT
	VALUES ("a695a8aa-8388-480c-80b8-915c27237937",
	'signal',
	0,
	"de46e406-22d8-489a-a2a8-cc5930257b3f",
	"00000000-0000-0000-0000-000000000000",
	0,
	'host::host::breath_taken',
	"00000000-0000-0000-0000-000000000000");
INSERT INTO ACT_BLK
	VALUES ("de46e406-22d8-489a-a2a8-cc5930257b3f",
	0,
	0,
	0,
	'',
	'',
	'',
	0,
	0,
	0,
	0,
	0,
	0,
	0,
	0,
	0,
	0,
	0,
	0,
	0,
	"a695a8aa-8388-480c-80b8-915c27237937",
	"00000000-0000-0000-0000-000000000000");
INSERT INTO SPR_PEP
	VALUES ("deeca988-72fa-4a8b-978c-6f579e184dfd",
	"22f9d5f3-9583-4006-a41c-976ffcfafae7",
	"64ae06b2-81a1-4a20-9c2c-af8bfb75a212");
INSERT INTO SPR_PS
	VALUES ("deeca988-72fa-4a8b-978c-6f579e184dfd",
	'current_temp',
	'',
	'',
	1);
INSERT INTO ACT_PSB
	VALUES ("fa5d71e5-17dd-42e2-92c4-f3cf3f2b8b54",
	"deeca988-72fa-4a8b-978c-6f579e184dfd");
INSERT INTO ACT_ACT
	VALUES ("fa5d71e5-17dd-42e2-92c4-f3cf3f2b8b54",
	'signal',
	0,
	"47dbef07-48cd-4a1d-bbbd-ba4337e3cf49",
	"00000000-0000-0000-0000-000000000000",
	0,
	'host::host::current_temp',
	"00000000-0000-0000-0000-000000000000");
INSERT INTO ACT_BLK
	VALUES ("47dbef07-48cd-4a1d-bbbd-ba4337e3cf49",
	0,
	0,
	0,
	'',
	'',
	'',
	0,
	0,
	0,
	0,
	0,
	0,
	0,
	0,
	0,
	0,
	0,
	0,
	0,
	"fa5d71e5-17dd-42e2-92c4-f3cf3f2b8b54",
	"00000000-0000-0000-0000-000000000000");
INSERT INTO PE_PE
	VALUES ("9e99e4fa-9c62-4ccd-856f-347c8c195c9e",
	1,
	"00000000-0000-0000-0000-000000000000",
	"ec30e476-2277-4a97-b32f-3df5784b0726",
	7);
INSERT INTO EP_PKG
	VALUES ("9e99e4fa-9c62-4ccd-856f-347c8c195c9e",
	"00000000-0000-0000-0000-000000000000",
	"15b2a15d-7110-4efa-b644-89bd96e12c0e",
	'hostmonitor',
	'',
	0);
INSERT INTO PE_PE
	VALUES ("d645fe2e-8801-4e24-8a41-d568dfba3317",
	1,
	"9e99e4fa-9c62-4ccd-856f-347c8c195c9e",
	"00000000-0000-0000-0000-000000000000",
	9);
INSERT INTO R_REL
	VALUES ("d645fe2e-8801-4e24-8a41-d568dfba3317",
	2,
	'',
	"00000000-0000-0000-0000-000000000000");
INSERT INTO R_SIMP
	VALUES ("d645fe2e-8801-4e24-8a41-d568dfba3317");
INSERT INTO R_PART
	VALUES ("efb4a3a2-4774-40e3-ab8b-4c2da59a10f4",
	"d645fe2e-8801-4e24-8a41-d568dfba3317",
	"f03f2c5a-677a-4082-b2a8-b82ad7b541bf",
	0,
	0,
	'provides temperature monitoring');
INSERT INTO R_RTO
	VALUES ("efb4a3a2-4774-40e3-ab8b-4c2da59a10f4",
	"d645fe2e-8801-4e24-8a41-d568dfba3317",
	"f03f2c5a-677a-4082-b2a8-b82ad7b541bf",
	-1);
INSERT INTO R_OIR
	VALUES ("efb4a3a2-4774-40e3-ab8b-4c2da59a10f4",
	"d645fe2e-8801-4e24-8a41-d568dfba3317",
	"f03f2c5a-677a-4082-b2a8-b82ad7b541bf",
	"00000000-0000-0000-0000-000000000000");
INSERT INTO R_PART
	VALUES ("39bf89fb-5ccd-41c6-9947-87aba6c1c824",
	"d645fe2e-8801-4e24-8a41-d568dfba3317",
	"b66aac2a-c9ff-4e83-8e82-598a4a0a6d25",
	0,
	0,
	'');
INSERT INTO R_RTO
	VALUES ("39bf89fb-5ccd-41c6-9947-87aba6c1c824",
	"d645fe2e-8801-4e24-8a41-d568dfba3317",
	"b66aac2a-c9ff-4e83-8e82-598a4a0a6d25",
	-1);
INSERT INTO R_OIR
	VALUES ("39bf89fb-5ccd-41c6-9947-87aba6c1c824",
	"d645fe2e-8801-4e24-8a41-d568dfba3317",
	"b66aac2a-c9ff-4e83-8e82-598a4a0a6d25",
	"00000000-0000-0000-0000-000000000000");
INSERT INTO PE_PE
	VALUES ("4a3af8fc-5a0f-431b-b1a8-ae27e75f53bf",
	1,
	"9e99e4fa-9c62-4ccd-856f-347c8c195c9e",
	"00000000-0000-0000-0000-000000000000",
	9);
INSERT INTO R_REL
	VALUES ("4a3af8fc-5a0f-431b-b1a8-ae27e75f53bf",
	3,
	'',
	"00000000-0000-0000-0000-000000000000");
INSERT INTO R_SIMP
	VALUES ("4a3af8fc-5a0f-431b-b1a8-ae27e75f53bf");
INSERT INTO R_PART
	VALUES ("efb4a3a2-4774-40e3-ab8b-4c2da59a10f4",
	"4a3af8fc-5a0f-431b-b1a8-ae27e75f53bf",
	"cf5ed20a-72da-4c66-80f5-66edb18aad4c",
	0,
	0,
	'provides respiratory monitoring');
INSERT INTO R_RTO
	VALUES ("efb4a3a2-4774-40e3-ab8b-4c2da59a10f4",
	"4a3af8fc-5a0f-431b-b1a8-ae27e75f53bf",
	"cf5ed20a-72da-4c66-80f5-66edb18aad4c",
	-1);
INSERT INTO R_OIR
	VALUES ("efb4a3a2-4774-40e3-ab8b-4c2da59a10f4",
	"4a3af8fc-5a0f-431b-b1a8-ae27e75f53bf",
	"cf5ed20a-72da-4c66-80f5-66edb18aad4c",
	"00000000-0000-0000-0000-000000000000");
INSERT INTO R_PART
	VALUES ("2ee04072-4080-4ee3-98be-dcbda7b06c6d",
	"4a3af8fc-5a0f-431b-b1a8-ae27e75f53bf",
	"ec958718-df91-4651-8d54-504f9ad007b7",
	0,
	1,
	'');
INSERT INTO R_RTO
	VALUES ("2ee04072-4080-4ee3-98be-dcbda7b06c6d",
	"4a3af8fc-5a0f-431b-b1a8-ae27e75f53bf",
	"ec958718-df91-4651-8d54-504f9ad007b7",
	-1);
INSERT INTO R_OIR
	VALUES ("2ee04072-4080-4ee3-98be-dcbda7b06c6d",
	"4a3af8fc-5a0f-431b-b1a8-ae27e75f53bf",
	"ec958718-df91-4651-8d54-504f9ad007b7",
	"00000000-0000-0000-0000-000000000000");
INSERT INTO PE_PE
	VALUES ("efb4a3a2-4774-40e3-ab8b-4c2da59a10f4",
	1,
	"9e99e4fa-9c62-4ccd-856f-347c8c195c9e",
	"00000000-0000-0000-0000-000000000000",
	4);
INSERT INTO O_OBJ
	VALUES ("efb4a3a2-4774-40e3-ab8b-4c2da59a10f4",
	'Host Monitor',
	2,
	'HM',
	'',
	"00000000-0000-0000-0000-000000000000");
INSERT INTO O_NBATTR
	VALUES ("23f63b34-fd23-4934-a37b-805aabda9642",
	"efb4a3a2-4774-40e3-ab8b-4c2da59a10f4");
INSERT INTO O_BATTR
	VALUES ("23f63b34-fd23-4934-a37b-805aabda9642",
	"efb4a3a2-4774-40e3-ab8b-4c2da59a10f4");
INSERT INTO O_ATTR
	VALUES ("23f63b34-fd23-4934-a37b-805aabda9642",
	"efb4a3a2-4774-40e3-ab8b-4c2da59a10f4",
	"00000000-0000-0000-0000-000000000000",
	'lastTemp',
	'',
	'',
	'lastTemp',
	0,
	"ba5eda7a-def5-0000-0000-000000000002",
	'',
	'');
INSERT INTO O_NBATTR
	VALUES ("700b2269-494c-42b3-b6ed-a1d9131434a1",
	"efb4a3a2-4774-40e3-ab8b-4c2da59a10f4");
INSERT INTO O_BATTR
	VALUES ("700b2269-494c-42b3-b6ed-a1d9131434a1",
	"efb4a3a2-4774-40e3-ab8b-4c2da59a10f4");
INSERT INTO O_ATTR
	VALUES ("700b2269-494c-42b3-b6ed-a1d9131434a1",
	"efb4a3a2-4774-40e3-ab8b-4c2da59a10f4",
	"23f63b34-fd23-4934-a37b-805aabda9642",
	'lastRate',
	'',
	'',
	'lastRate',
	0,
	"ba5eda7a-def5-0000-0000-000000000002",
	'',
	'');
INSERT INTO O_NBATTR
	VALUES ("8640b6f4-bf85-487c-87ec-f679abd08313",
	"efb4a3a2-4774-40e3-ab8b-4c2da59a10f4");
INSERT INTO O_BATTR
	VALUES ("8640b6f4-bf85-487c-87ec-f679abd08313",
	"efb4a3a2-4774-40e3-ab8b-4c2da59a10f4");
INSERT INTO O_ATTR
	VALUES ("8640b6f4-bf85-487c-87ec-f679abd08313",
	"efb4a3a2-4774-40e3-ab8b-4c2da59a10f4",
	"700b2269-494c-42b3-b6ed-a1d9131434a1",
	'current_state',
	'',
	'',
	'current_state',
	0,
	"ba5eda7a-def5-0000-0000-000000000006",
	'',
	'');
INSERT INTO O_ID
	VALUES (0,
	"efb4a3a2-4774-40e3-ab8b-4c2da59a10f4");
INSERT INTO O_ID
	VALUES (1,
	"efb4a3a2-4774-40e3-ab8b-4c2da59a10f4");
INSERT INTO O_ID
	VALUES (2,
	"efb4a3a2-4774-40e3-ab8b-4c2da59a10f4");
INSERT INTO SM_ISM
	VALUES ("3c45471f-f807-4ff4-8315-369490b8cc61",
	"efb4a3a2-4774-40e3-ab8b-4c2da59a10f4");
INSERT INTO SM_SM
	VALUES ("3c45471f-f807-4ff4-8315-369490b8cc61",
	'',
	0);
INSERT INTO SM_MOORE
	VALUES ("3c45471f-f807-4ff4-8315-369490b8cc61");
INSERT INTO SM_LEVT
	VALUES ("f7950d2d-bc7e-40bf-86fd-78c32ea6a1b9",
	"3c45471f-f807-4ff4-8315-369490b8cc61",
	"00000000-0000-0000-0000-000000000000");
INSERT INTO SM_SEVT
	VALUES ("f7950d2d-bc7e-40bf-86fd-78c32ea6a1b9",
	"3c45471f-f807-4ff4-8315-369490b8cc61",
	"00000000-0000-0000-0000-000000000000");
INSERT INTO SM_EVT
	VALUES ("f7950d2d-bc7e-40bf-86fd-78c32ea6a1b9",
	"3c45471f-f807-4ff4-8315-369490b8cc61",
	"00000000-0000-0000-0000-000000000000",
	1,
	'poll',
	0,
	'',
	'HM1',
	'');
INSERT INTO SM_LEVT
	VALUES ("b2be5aff-75f3-451c-9a1f-2c502de0b4eb",
	"3c45471f-f807-4ff4-8315-369490b8cc61",
	"00000000-0000-0000-0000-000000000000");
INSERT INTO SM_SEVT
	VALUES ("b2be5aff-75f3-451c-9a1f-2c502de0b4eb",
	"3c45471f-f807-4ff4-8315-369490b8cc61",
	"00000000-0000-0000-0000-000000000000");
INSERT INTO SM_EVT
	VALUES ("b2be5aff-75f3-451c-9a1f-2c502de0b4eb",
	"3c45471f-f807-4ff4-8315-369490b8cc61",
	"00000000-0000-0000-0000-000000000000",
	2,
	'increasedActivity',
	0,
	'',
	'HM2',
	'');
INSERT INTO SM_STATE
	VALUES ("84ed9027-2747-4a77-b22d-7e8eae8cf306",
	"3c45471f-f807-4ff4-8315-369490b8cc61",
	"00000000-0000-0000-0000-000000000000",
	'Polling monitors',
	1,
	0);
INSERT INTO SM_SEME
	VALUES ("84ed9027-2747-4a77-b22d-7e8eae8cf306",
	"f7950d2d-bc7e-40bf-86fd-78c32ea6a1b9",
	"3c45471f-f807-4ff4-8315-369490b8cc61",
	"00000000-0000-0000-0000-000000000000");
INSERT INTO SM_SEME
	VALUES ("84ed9027-2747-4a77-b22d-7e8eae8cf306",
	"b2be5aff-75f3-451c-9a1f-2c502de0b4eb",
	"3c45471f-f807-4ff4-8315-369490b8cc61",
	"00000000-0000-0000-0000-000000000000");
INSERT INTO SM_MOAH
	VALUES ("3163a494-251e-4f27-8921-bd210a2e483a",
	"3c45471f-f807-4ff4-8315-369490b8cc61",
	"84ed9027-2747-4a77-b22d-7e8eae8cf306");
INSERT INTO SM_AH
	VALUES ("3163a494-251e-4f27-8921-bd210a2e483a",
	"3c45471f-f807-4ff4-8315-369490b8cc61");
INSERT INTO SM_ACT
	VALUES ("3163a494-251e-4f27-8921-bd210a2e483a",
	"3c45471f-f807-4ff4-8315-369490b8cc61",
	1,
	'select one tm related by self->TM[R2];
self.lastTemp = tm.getCurrentTemp();
select one rm related by self->RM[R3];
self.lastRate = rm.getCurrentRate();
if(self.lastTemp > 37.5 or self.lastRate > 18)
  generate HM2 to self;
end if;
generate HM1 to self;',
	'');
INSERT INTO ACT_SAB
	VALUES ("5efbe956-8736-4cc1-83f8-eb45c4fc1f38",
	"3c45471f-f807-4ff4-8315-369490b8cc61",
	"3163a494-251e-4f27-8921-bd210a2e483a");
INSERT INTO ACT_ACT
	VALUES ("5efbe956-8736-4cc1-83f8-eb45c4fc1f38",
	'state',
	0,
	"950ab3da-cd5d-4b57-a294-047553d8dc61",
	"00000000-0000-0000-0000-000000000000",
	0,
	'Host Monitor::Polling monitors',
	"00000000-0000-0000-0000-000000000000");
INSERT INTO ACT_BLK
	VALUES ("950ab3da-cd5d-4b57-a294-047553d8dc61",
	1,
	0,
	0,
	'V_VAR.Var_ID',
	'',
	'',
	8,
	1,
	3,
	32,
	0,
	0,
	3,
	35,
	0,
	0,
	0,
	0,
	0,
	"5efbe956-8736-4cc1-83f8-eb45c4fc1f38",
	"00000000-0000-0000-0000-000000000000");
INSERT INTO ACT_SMT
	VALUES ("45fa5010-87d1-443d-87ac-9f2cc248f5dc",
	"950ab3da-cd5d-4b57-a294-047553d8dc61",
	"3be20c31-7675-4230-ad93-6c224e0c401b",
	1,
	1,
	'Host Monitor::Polling monitors line: 1');
INSERT INTO ACT_SEL
	VALUES ("45fa5010-87d1-443d-87ac-9f2cc248f5dc",
	"77a58c55-ba35-4ca3-835f-4b3efc622c05",
	1,
	'one',
	"2527f6cc-21f5-4c2a-b08b-4cee2173a454");
INSERT INTO ACT_SR
	VALUES ("45fa5010-87d1-443d-87ac-9f2cc248f5dc");
INSERT INTO ACT_LNK
	VALUES ("b17417de-d668-4d99-8c94-e8d96b7a98c0",
	'',
	"45fa5010-87d1-443d-87ac-9f2cc248f5dc",
	"d645fe2e-8801-4e24-8a41-d568dfba3317",
	"00000000-0000-0000-0000-000000000000",
	2,
	"39bf89fb-5ccd-41c6-9947-87aba6c1c824",
	1,
	32,
	1,
	35,
	0,
	0);
INSERT INTO ACT_SMT
	VALUES ("3be20c31-7675-4230-ad93-6c224e0c401b",
	"950ab3da-cd5d-4b57-a294-047553d8dc61",
	"b754e557-ae92-4aae-8de0-8cba1eb4be98",
	2,
	1,
	'Host Monitor::Polling monitors line: 2');
INSERT INTO ACT_AI
	VALUES ("3be20c31-7675-4230-ad93-6c224e0c401b",
	"84aa5716-3c1f-4f06-bf40-e9da656366e6",
	"ff194549-10b9-42ee-9bd7-4594baef7162",
	0,
	0);
INSERT INTO ACT_SMT
	VALUES ("b754e557-ae92-4aae-8de0-8cba1eb4be98",
	"950ab3da-cd5d-4b57-a294-047553d8dc61",
	"8aba1742-d15c-49e6-a76a-d2a4e1d1b18a",
	3,
	1,
	'Host Monitor::Polling monitors line: 3');
INSERT INTO ACT_SEL
	VALUES ("b754e557-ae92-4aae-8de0-8cba1eb4be98",
	"d65159a5-8b73-42eb-a606-367fc307699a",
	1,
	'one',
	"dbb664b7-26a3-4451-b888-798d8162cd3e");
INSERT INTO ACT_SR
	VALUES ("b754e557-ae92-4aae-8de0-8cba1eb4be98");
INSERT INTO ACT_LNK
	VALUES ("a1f13d08-23e1-4da1-a19e-3baf757eac4d",
	'',
	"b754e557-ae92-4aae-8de0-8cba1eb4be98",
	"4a3af8fc-5a0f-431b-b1a8-ae27e75f53bf",
	"00000000-0000-0000-0000-000000000000",
	2,
	"2ee04072-4080-4ee3-98be-dcbda7b06c6d",
	3,
	32,
	3,
	35,
	0,
	0);
INSERT INTO ACT_SMT
	VALUES ("8aba1742-d15c-49e6-a76a-d2a4e1d1b18a",
	"950ab3da-cd5d-4b57-a294-047553d8dc61",
	"33e1baed-b78a-46c8-8a90-3e79f8ea4aa2",
	4,
	1,
	'Host Monitor::Polling monitors line: 4');
INSERT INTO ACT_AI
	VALUES ("8aba1742-d15c-49e6-a76a-d2a4e1d1b18a",
	"49245a5b-d53f-497f-b14d-d985b501d432",
	"28e46c9a-7d48-42cf-9db5-1de57202653b",
	0,
	0);
INSERT INTO ACT_SMT
	VALUES ("33e1baed-b78a-46c8-8a90-3e79f8ea4aa2",
	"950ab3da-cd5d-4b57-a294-047553d8dc61",
	"fa69cc88-6c2d-4da0-ac8b-9ce48b909280",
	5,
	1,
	'Host Monitor::Polling monitors line: 5');
INSERT INTO ACT_IF
	VALUES ("33e1baed-b78a-46c8-8a90-3e79f8ea4aa2",
	"1bfacf52-7fda-406d-82de-fe819aa733c4",
	"9198cd23-abc3-4c95-9918-76800206f08e",
	"00000000-0000-0000-0000-000000000000",
	"00000000-0000-0000-0000-000000000000");
INSERT INTO ACT_SMT
	VALUES ("fa69cc88-6c2d-4da0-ac8b-9ce48b909280",
	"950ab3da-cd5d-4b57-a294-047553d8dc61",
	"00000000-0000-0000-0000-000000000000",
	8,
	1,
	'Host Monitor::Polling monitors line: 8');
INSERT INTO E_ESS
	VALUES ("fa69cc88-6c2d-4da0-ac8b-9ce48b909280",
	1,
	0,
	8,
	10,
	0,
	0,
	3,
	32,
	0,
	0,
	0,
	0);
INSERT INTO E_GES
	VALUES ("fa69cc88-6c2d-4da0-ac8b-9ce48b909280");
INSERT INTO E_GSME
	VALUES ("fa69cc88-6c2d-4da0-ac8b-9ce48b909280",
	"f7950d2d-bc7e-40bf-86fd-78c32ea6a1b9");
INSERT INTO E_GEN
	VALUES ("fa69cc88-6c2d-4da0-ac8b-9ce48b909280",
	"585c6ec0-68f5-4a0f-8c39-8582ae43745c");
INSERT INTO V_VAL
	VALUES ("2527f6cc-21f5-4c2a-b08b-4cee2173a454",
	0,
	0,
	1,
	26,
	29,
	0,
	0,
	0,
	0,
	"ba5eda7a-def5-0000-0000-000000000008",
	"950ab3da-cd5d-4b57-a294-047553d8dc61");
INSERT INTO V_IRF
	VALUES ("2527f6cc-21f5-4c2a-b08b-4cee2173a454",
	"585c6ec0-68f5-4a0f-8c39-8582ae43745c");
INSERT INTO V_VAL
	VALUES ("34a9fcdc-2f5c-414c-af64-cdc90f78ddd5",
	1,
	0,
	2,
	1,
	4,
	0,
	0,
	0,
	0,
	"ba5eda7a-def5-0000-0000-000000000008",
	"950ab3da-cd5d-4b57-a294-047553d8dc61");
INSERT INTO V_IRF
	VALUES ("34a9fcdc-2f5c-414c-af64-cdc90f78ddd5",
	"585c6ec0-68f5-4a0f-8c39-8582ae43745c");
INSERT INTO V_VAL
	VALUES ("ff194549-10b9-42ee-9bd7-4594baef7162",
	1,
	0,
	2,
	6,
	13,
	0,
	0,
	0,
	0,
	"ba5eda7a-def5-0000-0000-000000000002",
	"950ab3da-cd5d-4b57-a294-047553d8dc61");
INSERT INTO V_AVL
	VALUES ("ff194549-10b9-42ee-9bd7-4594baef7162",
	"34a9fcdc-2f5c-414c-af64-cdc90f78ddd5",
	"efb4a3a2-4774-40e3-ab8b-4c2da59a10f4",
	"23f63b34-fd23-4934-a37b-805aabda9642");
INSERT INTO V_VAL
	VALUES ("84aa5716-3c1f-4f06-bf40-e9da656366e6",
	0,
	0,
	2,
	20,
	-1,
	0,
	0,
	0,
	0,
	"ba5eda7a-def5-0000-0000-000000000002",
	"950ab3da-cd5d-4b57-a294-047553d8dc61");
INSERT INTO V_TRV
	VALUES ("84aa5716-3c1f-4f06-bf40-e9da656366e6",
	"1666f3b6-877f-4d1b-af33-383abf3c3851",
	"77a58c55-ba35-4ca3-835f-4b3efc622c05",
	1,
	0,
	0);
INSERT INTO V_VAL
	VALUES ("dbb664b7-26a3-4451-b888-798d8162cd3e",
	0,
	0,
	3,
	26,
	29,
	0,
	0,
	0,
	0,
	"ba5eda7a-def5-0000-0000-000000000008",
	"950ab3da-cd5d-4b57-a294-047553d8dc61");
INSERT INTO V_IRF
	VALUES ("dbb664b7-26a3-4451-b888-798d8162cd3e",
	"585c6ec0-68f5-4a0f-8c39-8582ae43745c");
INSERT INTO V_VAL
	VALUES ("a17dd94c-27c6-424d-bf14-7fa108129435",
	1,
	0,
	4,
	1,
	4,
	0,
	0,
	0,
	0,
	"ba5eda7a-def5-0000-0000-000000000008",
	"950ab3da-cd5d-4b57-a294-047553d8dc61");
INSERT INTO V_IRF
	VALUES ("a17dd94c-27c6-424d-bf14-7fa108129435",
	"585c6ec0-68f5-4a0f-8c39-8582ae43745c");
INSERT INTO V_VAL
	VALUES ("28e46c9a-7d48-42cf-9db5-1de57202653b",
	1,
	0,
	4,
	6,
	13,
	0,
	0,
	0,
	0,
	"ba5eda7a-def5-0000-0000-000000000002",
	"950ab3da-cd5d-4b57-a294-047553d8dc61");
INSERT INTO V_AVL
	VALUES ("28e46c9a-7d48-42cf-9db5-1de57202653b",
	"a17dd94c-27c6-424d-bf14-7fa108129435",
	"efb4a3a2-4774-40e3-ab8b-4c2da59a10f4",
	"700b2269-494c-42b3-b6ed-a1d9131434a1");
INSERT INTO V_VAL
	VALUES ("49245a5b-d53f-497f-b14d-d985b501d432",
	0,
	0,
	4,
	20,
	-1,
	0,
	0,
	0,
	0,
	"ba5eda7a-def5-0000-0000-000000000002",
	"950ab3da-cd5d-4b57-a294-047553d8dc61");
INSERT INTO V_TRV
	VALUES ("49245a5b-d53f-497f-b14d-d985b501d432",
	"8a01b592-1298-452f-b5ba-9ffba70db4da",
	"d65159a5-8b73-42eb-a606-367fc307699a",
	1,
	0,
	0);
INSERT INTO V_VAL
	VALUES ("f25b0d20-0deb-4323-a775-441a07a3b334",
	0,
	0,
	5,
	4,
	7,
	0,
	0,
	0,
	0,
	"ba5eda7a-def5-0000-0000-000000000008",
	"950ab3da-cd5d-4b57-a294-047553d8dc61");
INSERT INTO V_IRF
	VALUES ("f25b0d20-0deb-4323-a775-441a07a3b334",
	"585c6ec0-68f5-4a0f-8c39-8582ae43745c");
INSERT INTO V_VAL
	VALUES ("b4761bbb-b80d-4049-9e67-5caab7d37ccd",
	0,
	0,
	5,
	9,
	16,
	0,
	0,
	0,
	0,
	"ba5eda7a-def5-0000-0000-000000000002",
	"950ab3da-cd5d-4b57-a294-047553d8dc61");
INSERT INTO V_AVL
	VALUES ("b4761bbb-b80d-4049-9e67-5caab7d37ccd",
	"f25b0d20-0deb-4323-a775-441a07a3b334",
	"efb4a3a2-4774-40e3-ab8b-4c2da59a10f4",
	"23f63b34-fd23-4934-a37b-805aabda9642");
INSERT INTO V_VAL
	VALUES ("66831ce7-b2fd-43ea-a083-556f76842ea9",
	0,
	0,
	-1,
	-1,
	-1,
	0,
	0,
	0,
	0,
	"ba5eda7a-def5-0000-0000-000000000001",
	"950ab3da-cd5d-4b57-a294-047553d8dc61");
INSERT INTO V_BIN
	VALUES ("66831ce7-b2fd-43ea-a083-556f76842ea9",
	"305267aa-6af1-409c-a230-8d09b854369e",
	"b4761bbb-b80d-4049-9e67-5caab7d37ccd",
	'>');
INSERT INTO V_VAL
	VALUES ("305267aa-6af1-409c-a230-8d09b854369e",
	0,
	0,
	5,
	20,
	23,
	0,
	0,
	0,
	0,
	"ba5eda7a-def5-0000-0000-000000000003",
	"950ab3da-cd5d-4b57-a294-047553d8dc61");
INSERT INTO V_LRL
	VALUES ("305267aa-6af1-409c-a230-8d09b854369e",
	'37.5');
INSERT INTO V_VAL
	VALUES ("b0e1e2df-1927-408b-a7b2-69cbb38db582",
	0,
	0,
	5,
	28,
	31,
	0,
	0,
	0,
	0,
	"ba5eda7a-def5-0000-0000-000000000008",
	"950ab3da-cd5d-4b57-a294-047553d8dc61");
INSERT INTO V_IRF
	VALUES ("b0e1e2df-1927-408b-a7b2-69cbb38db582",
	"585c6ec0-68f5-4a0f-8c39-8582ae43745c");
INSERT INTO V_VAL
	VALUES ("b71ddf66-50c3-4646-b567-395353db9a88",
	0,
	0,
	5,
	33,
	40,
	0,
	0,
	0,
	0,
	"ba5eda7a-def5-0000-0000-000000000002",
	"950ab3da-cd5d-4b57-a294-047553d8dc61");
INSERT INTO V_AVL
	VALUES ("b71ddf66-50c3-4646-b567-395353db9a88",
	"b0e1e2df-1927-408b-a7b2-69cbb38db582",
	"efb4a3a2-4774-40e3-ab8b-4c2da59a10f4",
	"700b2269-494c-42b3-b6ed-a1d9131434a1");
INSERT INTO V_VAL
	VALUES ("05f885f1-7b90-4535-b7ce-d4f4fe5caffe",
	0,
	0,
	-1,
	-1,
	-1,
	0,
	0,
	0,
	0,
	"ba5eda7a-def5-0000-0000-000000000001",
	"950ab3da-cd5d-4b57-a294-047553d8dc61");
INSERT INTO V_BIN
	VALUES ("05f885f1-7b90-4535-b7ce-d4f4fe5caffe",
	"c397bfdd-7bf2-4e04-a7b1-f3d7ac1b2e60",
	"b71ddf66-50c3-4646-b567-395353db9a88",
	'>');
INSERT INTO V_VAL
	VALUES ("c397bfdd-7bf2-4e04-a7b1-f3d7ac1b2e60",
	0,
	0,
	5,
	44,
	45,
	0,
	0,
	0,
	0,
	"ba5eda7a-def5-0000-0000-000000000002",
	"950ab3da-cd5d-4b57-a294-047553d8dc61");
INSERT INTO V_LIN
	VALUES ("c397bfdd-7bf2-4e04-a7b1-f3d7ac1b2e60",
	'18');
INSERT INTO V_VAL
	VALUES ("9198cd23-abc3-4c95-9918-76800206f08e",
	0,
	0,
	-1,
	-1,
	-1,
	0,
	0,
	0,
	0,
	"ba5eda7a-def5-0000-0000-000000000001",
	"950ab3da-cd5d-4b57-a294-047553d8dc61");
INSERT INTO V_BIN
	VALUES ("9198cd23-abc3-4c95-9918-76800206f08e",
	"05f885f1-7b90-4535-b7ce-d4f4fe5caffe",
	"66831ce7-b2fd-43ea-a083-556f76842ea9",
	'or');
INSERT INTO V_VAR
	VALUES ("77a58c55-ba35-4ca3-835f-4b3efc622c05",
	"950ab3da-cd5d-4b57-a294-047553d8dc61",
	'tm',
	1,
	"ba5eda7a-def5-0000-0000-000000000008");
INSERT INTO V_INT
	VALUES ("77a58c55-ba35-4ca3-835f-4b3efc622c05",
	0,
	"39bf89fb-5ccd-41c6-9947-87aba6c1c824");
INSERT INTO V_LOC
	VALUES ("a1381119-7638-4d31-b1a6-cbc1ea0e2fb0",
	1,
	12,
	13,
	"77a58c55-ba35-4ca3-835f-4b3efc622c05");
INSERT INTO V_LOC
	VALUES ("773010a0-b6e6-43b4-8e1f-0d47b3147f62",
	2,
	17,
	18,
	"77a58c55-ba35-4ca3-835f-4b3efc622c05");
INSERT INTO V_VAR
	VALUES ("585c6ec0-68f5-4a0f-8c39-8582ae43745c",
	"950ab3da-cd5d-4b57-a294-047553d8dc61",
	'self',
	1,
	"ba5eda7a-def5-0000-0000-000000000008");
INSERT INTO V_INT
	VALUES ("585c6ec0-68f5-4a0f-8c39-8582ae43745c",
	0,
	"efb4a3a2-4774-40e3-ab8b-4c2da59a10f4");
INSERT INTO V_LOC
	VALUES ("156cc759-9bdd-43ac-9e80-461a7c3c65b3",
	2,
	1,
	4,
	"585c6ec0-68f5-4a0f-8c39-8582ae43745c");
INSERT INTO V_LOC
	VALUES ("46e24d3c-2c34-42b2-8ca1-06fa53e22109",
	4,
	1,
	4,
	"585c6ec0-68f5-4a0f-8c39-8582ae43745c");
INSERT INTO V_LOC
	VALUES ("854ce5a5-f86c-43f9-a786-0ccbb13d247f",
	5,
	4,
	7,
	"585c6ec0-68f5-4a0f-8c39-8582ae43745c");
INSERT INTO V_LOC
	VALUES ("6148aa39-b930-46c7-97aa-42a2b66d6664",
	5,
	28,
	31,
	"585c6ec0-68f5-4a0f-8c39-8582ae43745c");
INSERT INTO V_LOC
	VALUES ("21475801-73ae-40d2-a839-1eaf0c3426a1",
	6,
	19,
	22,
	"585c6ec0-68f5-4a0f-8c39-8582ae43745c");
INSERT INTO V_LOC
	VALUES ("54873050-0efc-4bcc-ac38-a1ce9c47b61f",
	8,
	17,
	20,
	"585c6ec0-68f5-4a0f-8c39-8582ae43745c");
INSERT INTO V_VAR
	VALUES ("d65159a5-8b73-42eb-a606-367fc307699a",
	"950ab3da-cd5d-4b57-a294-047553d8dc61",
	'rm',
	1,
	"ba5eda7a-def5-0000-0000-000000000008");
INSERT INTO V_INT
	VALUES ("d65159a5-8b73-42eb-a606-367fc307699a",
	0,
	"2ee04072-4080-4ee3-98be-dcbda7b06c6d");
INSERT INTO V_LOC
	VALUES ("62f3b903-1449-41c7-87ee-a0f7a4635d37",
	3,
	12,
	13,
	"d65159a5-8b73-42eb-a606-367fc307699a");
INSERT INTO V_LOC
	VALUES ("d746543b-070f-4178-adf1-c4f546ae06ec",
	4,
	17,
	18,
	"d65159a5-8b73-42eb-a606-367fc307699a");
INSERT INTO ACT_BLK
	VALUES ("1bfacf52-7fda-406d-82de-fe819aa733c4",
	0,
	0,
	0,
	'V_VAR.Var_ID',
	'',
	'',
	6,
	3,
	0,
	0,
	0,
	0,
	0,
	0,
	0,
	0,
	0,
	0,
	0,
	"5efbe956-8736-4cc1-83f8-eb45c4fc1f38",
	"00000000-0000-0000-0000-000000000000");
INSERT INTO ACT_SMT
	VALUES ("e2f38dee-98e6-4e17-83a4-1875d2bb887f",
	"1bfacf52-7fda-406d-82de-fe819aa733c4",
	"00000000-0000-0000-0000-000000000000",
	6,
	3,
	'Host Monitor::Polling monitors line: 6');
INSERT INTO E_ESS
	VALUES ("e2f38dee-98e6-4e17-83a4-1875d2bb887f",
	1,
	0,
	6,
	12,
	0,
	0,
	0,
	0,
	0,
	0,
	0,
	0);
INSERT INTO E_GES
	VALUES ("e2f38dee-98e6-4e17-83a4-1875d2bb887f");
INSERT INTO E_GSME
	VALUES ("e2f38dee-98e6-4e17-83a4-1875d2bb887f",
	"b2be5aff-75f3-451c-9a1f-2c502de0b4eb");
INSERT INTO E_GEN
	VALUES ("e2f38dee-98e6-4e17-83a4-1875d2bb887f",
	"585c6ec0-68f5-4a0f-8c39-8582ae43745c");
INSERT INTO SM_STATE
	VALUES ("8ba8ad19-b354-4557-860a-a091b2b92c07",
	"3c45471f-f807-4ff4-8315-369490b8cc61",
	"00000000-0000-0000-0000-000000000000",
	'Notifying of increased activity',
	2,
	0);
INSERT INTO SM_SEME
	VALUES ("8ba8ad19-b354-4557-860a-a091b2b92c07",
	"f7950d2d-bc7e-40bf-86fd-78c32ea6a1b9",
	"3c45471f-f807-4ff4-8315-369490b8cc61",
	"00000000-0000-0000-0000-000000000000");
INSERT INTO SM_CH
	VALUES ("8ba8ad19-b354-4557-860a-a091b2b92c07",
	"b2be5aff-75f3-451c-9a1f-2c502de0b4eb",
	"3c45471f-f807-4ff4-8315-369490b8cc61",
	"00000000-0000-0000-0000-000000000000",
	'');
INSERT INTO SM_SEME
	VALUES ("8ba8ad19-b354-4557-860a-a091b2b92c07",
	"b2be5aff-75f3-451c-9a1f-2c502de0b4eb",
	"3c45471f-f807-4ff4-8315-369490b8cc61",
	"00000000-0000-0000-0000-000000000000");
INSERT INTO SM_MOAH
	VALUES ("f6c4c266-10c0-4c25-b949-d886991e56da",
	"3c45471f-f807-4ff4-8315-369490b8cc61",
	"8ba8ad19-b354-4557-860a-a091b2b92c07");
INSERT INTO SM_AH
	VALUES ("f6c4c266-10c0-4c25-b949-d886991e56da",
	"3c45471f-f807-4ff4-8315-369490b8cc61");
INSERT INTO SM_ACT
	VALUES ("f6c4c266-10c0-4c25-b949-d886991e56da",
	"3c45471f-f807-4ff4-8315-369490b8cc61",
	1,
	'send monitor::increased_activty(current_temp:self.lastTemp,
                                                    current_rate:self.lastRate);
generate HM1 to self;',
	'');
INSERT INTO ACT_SAB
	VALUES ("8518f7cb-ccfd-4479-905b-7e351b6357a1",
	"3c45471f-f807-4ff4-8315-369490b8cc61",
	"f6c4c266-10c0-4c25-b949-d886991e56da");
INSERT INTO ACT_ACT
	VALUES ("8518f7cb-ccfd-4479-905b-7e351b6357a1",
	'state',
	0,
	"3d9fd05c-2d87-4caa-8c97-093f7cc25615",
	"00000000-0000-0000-0000-000000000000",
	0,
	'Host Monitor::Notifying of increased activity',
	"00000000-0000-0000-0000-000000000000");
INSERT INTO ACT_BLK
	VALUES ("3d9fd05c-2d87-4caa-8c97-093f7cc25615",
	0,
	0,
	0,
	'V_VAR.Var_ID',
	'',
	'',
	3,
	1,
	1,
	6,
	0,
	0,
	0,
	0,
	0,
	0,
	0,
	0,
	0,
	"8518f7cb-ccfd-4479-905b-7e351b6357a1",
	"00000000-0000-0000-0000-000000000000");
INSERT INTO ACT_SMT
	VALUES ("7e951e11-f637-4fc5-bd87-e2ddcd2bef54",
	"3d9fd05c-2d87-4caa-8c97-093f7cc25615",
	"2ec8c4ca-d42f-44aa-ba74-8e17899a2d45",
	1,
	1,
	'Host Monitor::Notifying of increased activity line: 1');
INSERT INTO ACT_SGN
	VALUES ("7e951e11-f637-4fc5-bd87-e2ddcd2bef54",
	1,
	15,
	1,
	6,
	"00000000-0000-0000-0000-000000000000",
	"7e0fb040-ecc0-429f-b85d-9804be77179e",
	"00000000-0000-0000-0000-000000000000");
INSERT INTO ACT_SMT
	VALUES ("2ec8c4ca-d42f-44aa-ba74-8e17899a2d45",
	"3d9fd05c-2d87-4caa-8c97-093f7cc25615",
	"00000000-0000-0000-0000-000000000000",
	3,
	1,
	'Host Monitor::Notifying of increased activity line: 3');
INSERT INTO E_ESS
	VALUES ("2ec8c4ca-d42f-44aa-ba74-8e17899a2d45",
	1,
	0,
	3,
	10,
	0,
	0,
	1,
	6,
	0,
	0,
	0,
	0);
INSERT INTO E_GES
	VALUES ("2ec8c4ca-d42f-44aa-ba74-8e17899a2d45");
INSERT INTO E_GSME
	VALUES ("2ec8c4ca-d42f-44aa-ba74-8e17899a2d45",
	"f7950d2d-bc7e-40bf-86fd-78c32ea6a1b9");
INSERT INTO E_GEN
	VALUES ("2ec8c4ca-d42f-44aa-ba74-8e17899a2d45",
	"27e9cb19-be9c-4c85-8bef-5f232bca1d7f");
INSERT INTO V_VAL
	VALUES ("f344647a-f1bf-452e-8085-c785bcb5127d",
	0,
	0,
	1,
	46,
	49,
	0,
	0,
	0,
	0,
	"ba5eda7a-def5-0000-0000-000000000008",
	"3d9fd05c-2d87-4caa-8c97-093f7cc25615");
INSERT INTO V_IRF
	VALUES ("f344647a-f1bf-452e-8085-c785bcb5127d",
	"27e9cb19-be9c-4c85-8bef-5f232bca1d7f");
INSERT INTO V_VAL
	VALUES ("d1b57cee-ff70-4995-abd5-5d605651a5ce",
	0,
	0,
	1,
	51,
	58,
	0,
	0,
	0,
	0,
	"ba5eda7a-def5-0000-0000-000000000002",
	"3d9fd05c-2d87-4caa-8c97-093f7cc25615");
INSERT INTO V_AVL
	VALUES ("d1b57cee-ff70-4995-abd5-5d605651a5ce",
	"f344647a-f1bf-452e-8085-c785bcb5127d",
	"efb4a3a2-4774-40e3-ab8b-4c2da59a10f4",
	"23f63b34-fd23-4934-a37b-805aabda9642");
INSERT INTO V_PAR
	VALUES ("d1b57cee-ff70-4995-abd5-5d605651a5ce",
	"7e951e11-f637-4fc5-bd87-e2ddcd2bef54",
	"00000000-0000-0000-0000-000000000000",
	'current_temp',
	"f8a1ecca-6f46-44d7-a0c0-1cadcde804ef",
	1,
	33);
INSERT INTO V_VAL
	VALUES ("8a9ddc7e-af80-49f3-a2ec-eb6bb1a8599a",
	0,
	0,
	2,
	66,
	69,
	0,
	0,
	0,
	0,
	"ba5eda7a-def5-0000-0000-000000000008",
	"3d9fd05c-2d87-4caa-8c97-093f7cc25615");
INSERT INTO V_IRF
	VALUES ("8a9ddc7e-af80-49f3-a2ec-eb6bb1a8599a",
	"27e9cb19-be9c-4c85-8bef-5f232bca1d7f");
INSERT INTO V_VAL
	VALUES ("f8a1ecca-6f46-44d7-a0c0-1cadcde804ef",
	0,
	0,
	2,
	71,
	78,
	0,
	0,
	0,
	0,
	"ba5eda7a-def5-0000-0000-000000000002",
	"3d9fd05c-2d87-4caa-8c97-093f7cc25615");
INSERT INTO V_AVL
	VALUES ("f8a1ecca-6f46-44d7-a0c0-1cadcde804ef",
	"8a9ddc7e-af80-49f3-a2ec-eb6bb1a8599a",
	"efb4a3a2-4774-40e3-ab8b-4c2da59a10f4",
	"700b2269-494c-42b3-b6ed-a1d9131434a1");
INSERT INTO V_PAR
	VALUES ("f8a1ecca-6f46-44d7-a0c0-1cadcde804ef",
	"7e951e11-f637-4fc5-bd87-e2ddcd2bef54",
	"00000000-0000-0000-0000-000000000000",
	'current_rate',
	"00000000-0000-0000-0000-000000000000",
	2,
	53);
INSERT INTO V_VAR
	VALUES ("27e9cb19-be9c-4c85-8bef-5f232bca1d7f",
	"3d9fd05c-2d87-4caa-8c97-093f7cc25615",
	'self',
	1,
	"ba5eda7a-def5-0000-0000-000000000008");
INSERT INTO V_INT
	VALUES ("27e9cb19-be9c-4c85-8bef-5f232bca1d7f",
	0,
	"efb4a3a2-4774-40e3-ab8b-4c2da59a10f4");
INSERT INTO V_LOC
	VALUES ("ebe86cb5-e67f-40f2-bfc1-f477dcf5572c",
	1,
	46,
	49,
	"27e9cb19-be9c-4c85-8bef-5f232bca1d7f");
INSERT INTO V_LOC
	VALUES ("b32db0b2-8477-453d-9588-41f5cb3a4291",
	2,
	66,
	69,
	"27e9cb19-be9c-4c85-8bef-5f232bca1d7f");
INSERT INTO V_LOC
	VALUES ("d3d12a4e-4b8c-4622-bdb0-544c039b1423",
	3,
	17,
	20,
	"27e9cb19-be9c-4c85-8bef-5f232bca1d7f");
INSERT INTO SM_NSTXN
	VALUES ("c8384f15-4be3-4000-a8ea-31bfdece976a",
	"3c45471f-f807-4ff4-8315-369490b8cc61",
	"84ed9027-2747-4a77-b22d-7e8eae8cf306",
	"f7950d2d-bc7e-40bf-86fd-78c32ea6a1b9",
	"00000000-0000-0000-0000-000000000000");
INSERT INTO SM_TAH
	VALUES ("8d73500a-dedc-4853-a3e9-a68c12a4ede8",
	"3c45471f-f807-4ff4-8315-369490b8cc61",
	"c8384f15-4be3-4000-a8ea-31bfdece976a");
INSERT INTO SM_AH
	VALUES ("8d73500a-dedc-4853-a3e9-a68c12a4ede8",
	"3c45471f-f807-4ff4-8315-369490b8cc61");
INSERT INTO SM_ACT
	VALUES ("8d73500a-dedc-4853-a3e9-a68c12a4ede8",
	"3c45471f-f807-4ff4-8315-369490b8cc61",
	1,
	'',
	'');
INSERT INTO ACT_TAB
	VALUES ("210119b6-d9ab-41a8-b2c6-994232dc57bb",
	"3c45471f-f807-4ff4-8315-369490b8cc61",
	"8d73500a-dedc-4853-a3e9-a68c12a4ede8");
INSERT INTO ACT_ACT
	VALUES ("210119b6-d9ab-41a8-b2c6-994232dc57bb",
	'transition',
	0,
	"befb3140-5520-4919-862a-9bfe20d959a7",
	"00000000-0000-0000-0000-000000000000",
	0,
	'HM1: poll',
	"00000000-0000-0000-0000-000000000000");
INSERT INTO ACT_BLK
	VALUES ("befb3140-5520-4919-862a-9bfe20d959a7",
	0,
	0,
	0,
	'',
	'',
	'',
	0,
	0,
	0,
	0,
	0,
	0,
	0,
	0,
	0,
	0,
	0,
	0,
	0,
	"210119b6-d9ab-41a8-b2c6-994232dc57bb",
	"00000000-0000-0000-0000-000000000000");
INSERT INTO SM_TXN
	VALUES ("c8384f15-4be3-4000-a8ea-31bfdece976a",
	"3c45471f-f807-4ff4-8315-369490b8cc61",
	"84ed9027-2747-4a77-b22d-7e8eae8cf306",
	"00000000-0000-0000-0000-000000000000");
INSERT INTO SM_NSTXN
	VALUES ("0d203ef0-2511-40d5-9dd7-dc907fdfd42f",
	"3c45471f-f807-4ff4-8315-369490b8cc61",
	"84ed9027-2747-4a77-b22d-7e8eae8cf306",
	"b2be5aff-75f3-451c-9a1f-2c502de0b4eb",
	"00000000-0000-0000-0000-000000000000");
INSERT INTO SM_TAH
	VALUES ("87b48c4c-58d4-492a-ba0e-5604b2136b15",
	"3c45471f-f807-4ff4-8315-369490b8cc61",
	"0d203ef0-2511-40d5-9dd7-dc907fdfd42f");
INSERT INTO SM_AH
	VALUES ("87b48c4c-58d4-492a-ba0e-5604b2136b15",
	"3c45471f-f807-4ff4-8315-369490b8cc61");
INSERT INTO SM_ACT
	VALUES ("87b48c4c-58d4-492a-ba0e-5604b2136b15",
	"3c45471f-f807-4ff4-8315-369490b8cc61",
	1,
	'',
	'');
INSERT INTO ACT_TAB
	VALUES ("9b44f201-5b40-40e3-9b6d-8dd89300e7ca",
	"3c45471f-f807-4ff4-8315-369490b8cc61",
	"87b48c4c-58d4-492a-ba0e-5604b2136b15");
INSERT INTO ACT_ACT
	VALUES ("9b44f201-5b40-40e3-9b6d-8dd89300e7ca",
	'transition',
	0,
	"95b4a140-be1f-4bfb-9745-25c113fa7b3a",
	"00000000-0000-0000-0000-000000000000",
	0,
	'HM2: increasedActivity',
	"00000000-0000-0000-0000-000000000000");
INSERT INTO ACT_BLK
	VALUES ("95b4a140-be1f-4bfb-9745-25c113fa7b3a",
	0,
	0,
	0,
	'',
	'',
	'',
	0,
	0,
	0,
	0,
	0,
	0,
	0,
	0,
	0,
	0,
	0,
	0,
	0,
	"9b44f201-5b40-40e3-9b6d-8dd89300e7ca",
	"00000000-0000-0000-0000-000000000000");
INSERT INTO SM_TXN
	VALUES ("0d203ef0-2511-40d5-9dd7-dc907fdfd42f",
	"3c45471f-f807-4ff4-8315-369490b8cc61",
	"8ba8ad19-b354-4557-860a-a091b2b92c07",
	"00000000-0000-0000-0000-000000000000");
INSERT INTO SM_NSTXN
	VALUES ("37dd0c8e-504b-489f-ab9a-99a67a4c511a",
	"3c45471f-f807-4ff4-8315-369490b8cc61",
	"8ba8ad19-b354-4557-860a-a091b2b92c07",
	"f7950d2d-bc7e-40bf-86fd-78c32ea6a1b9",
	"00000000-0000-0000-0000-000000000000");
INSERT INTO SM_TAH
	VALUES ("2fd38b00-2848-49d6-a4d8-817485e94016",
	"3c45471f-f807-4ff4-8315-369490b8cc61",
	"37dd0c8e-504b-489f-ab9a-99a67a4c511a");
INSERT INTO SM_AH
	VALUES ("2fd38b00-2848-49d6-a4d8-817485e94016",
	"3c45471f-f807-4ff4-8315-369490b8cc61");
INSERT INTO SM_ACT
	VALUES ("2fd38b00-2848-49d6-a4d8-817485e94016",
	"3c45471f-f807-4ff4-8315-369490b8cc61",
	1,
	'',
	'');
INSERT INTO ACT_TAB
	VALUES ("d7f14868-1adc-4920-a53d-0c99b7d6ce6c",
	"3c45471f-f807-4ff4-8315-369490b8cc61",
	"2fd38b00-2848-49d6-a4d8-817485e94016");
INSERT INTO ACT_ACT
	VALUES ("d7f14868-1adc-4920-a53d-0c99b7d6ce6c",
	'transition',
	0,
	"252093ae-a1df-43fb-a83a-7cfa6d08719f",
	"00000000-0000-0000-0000-000000000000",
	0,
	'HM1: poll',
	"00000000-0000-0000-0000-000000000000");
INSERT INTO ACT_BLK
	VALUES ("252093ae-a1df-43fb-a83a-7cfa6d08719f",
	0,
	0,
	0,
	'',
	'',
	'',
	0,
	0,
	0,
	0,
	0,
	0,
	0,
	0,
	0,
	0,
	0,
	0,
	0,
	"d7f14868-1adc-4920-a53d-0c99b7d6ce6c",
	"00000000-0000-0000-0000-000000000000");
INSERT INTO SM_TXN
	VALUES ("37dd0c8e-504b-489f-ab9a-99a67a4c511a",
	"3c45471f-f807-4ff4-8315-369490b8cc61",
	"84ed9027-2747-4a77-b22d-7e8eae8cf306",
	"00000000-0000-0000-0000-000000000000");
INSERT INTO SM_ASM
	VALUES ("70f9a58e-32b5-4ff8-ac4a-4c1d77b7066c",
	"efb4a3a2-4774-40e3-ab8b-4c2da59a10f4");
INSERT INTO SM_SM
	VALUES ("70f9a58e-32b5-4ff8-ac4a-4c1d77b7066c",
	'',
	0);
INSERT INTO SM_MOORE
	VALUES ("70f9a58e-32b5-4ff8-ac4a-4c1d77b7066c");
INSERT INTO SM_SGEVT
	VALUES ("e4a18c15-0153-4433-bf2a-f7f05da75cd2",
	"70f9a58e-32b5-4ff8-ac4a-4c1d77b7066c",
	"00000000-0000-0000-0000-000000000000",
	"ad3540b0-f035-4e93-80e6-923e3530641e",
	"00000000-0000-0000-0000-000000000000",
	'host::breath_taken');
INSERT INTO SM_SEVT
	VALUES ("e4a18c15-0153-4433-bf2a-f7f05da75cd2",
	"70f9a58e-32b5-4ff8-ac4a-4c1d77b7066c",
	"00000000-0000-0000-0000-000000000000");
INSERT INTO SM_EVT
	VALUES ("e4a18c15-0153-4433-bf2a-f7f05da75cd2",
	"70f9a58e-32b5-4ff8-ac4a-4c1d77b7066c",
	"00000000-0000-0000-0000-000000000000",
	1,
	'breath_taken',
	0,
	'',
	'host::breath_taken',
	'');
INSERT INTO SM_SGEVT
	VALUES ("04441243-f329-4acc-9614-fea211c27366",
	"70f9a58e-32b5-4ff8-ac4a-4c1d77b7066c",
	"00000000-0000-0000-0000-000000000000",
	"9aee5af6-fabd-40d2-8f57-85fd54e3a062",
	"00000000-0000-0000-0000-000000000000",
	'host::current_temp');
INSERT INTO SM_SEVT
	VALUES ("04441243-f329-4acc-9614-fea211c27366",
	"70f9a58e-32b5-4ff8-ac4a-4c1d77b7066c",
	"00000000-0000-0000-0000-000000000000");
INSERT INTO SM_EVT
	VALUES ("04441243-f329-4acc-9614-fea211c27366",
	"70f9a58e-32b5-4ff8-ac4a-4c1d77b7066c",
	"00000000-0000-0000-0000-000000000000",
	2,
	'current_temp',
	0,
	'',
	'host::current_temp',
	'');
INSERT INTO SM_STATE
	VALUES ("9b06cc05-446b-42c4-95fa-e2560e64c0d2",
	"70f9a58e-32b5-4ff8-ac4a-4c1d77b7066c",
	"00000000-0000-0000-0000-000000000000",
	'listening to host events',
	1,
	0);
INSERT INTO SM_SEME
	VALUES ("9b06cc05-446b-42c4-95fa-e2560e64c0d2",
	"e4a18c15-0153-4433-bf2a-f7f05da75cd2",
	"70f9a58e-32b5-4ff8-ac4a-4c1d77b7066c",
	"00000000-0000-0000-0000-000000000000");
INSERT INTO SM_SEME
	VALUES ("9b06cc05-446b-42c4-95fa-e2560e64c0d2",
	"04441243-f329-4acc-9614-fea211c27366",
	"70f9a58e-32b5-4ff8-ac4a-4c1d77b7066c",
	"00000000-0000-0000-0000-000000000000");
INSERT INTO SM_MOAH
	VALUES ("aa07d848-309a-401e-92e9-d98dd8d6d3c4",
	"70f9a58e-32b5-4ff8-ac4a-4c1d77b7066c",
	"9b06cc05-446b-42c4-95fa-e2560e64c0d2");
INSERT INTO SM_AH
	VALUES ("aa07d848-309a-401e-92e9-d98dd8d6d3c4",
	"70f9a58e-32b5-4ff8-ac4a-4c1d77b7066c");
INSERT INTO SM_ACT
	VALUES ("aa07d848-309a-401e-92e9-d98dd8d6d3c4",
	"70f9a58e-32b5-4ff8-ac4a-4c1d77b7066c",
	1,
	'',
	'');
INSERT INTO ACT_SAB
	VALUES ("494deedb-94f3-4644-b7ef-c4612625c75e",
	"70f9a58e-32b5-4ff8-ac4a-4c1d77b7066c",
	"aa07d848-309a-401e-92e9-d98dd8d6d3c4");
INSERT INTO ACT_ACT
	VALUES ("494deedb-94f3-4644-b7ef-c4612625c75e",
	'class state',
	0,
	"ee53056b-8454-4ca8-ac2a-4ee8e212685d",
	"00000000-0000-0000-0000-000000000000",
	0,
	'Host Monitor::listening to host events',
	"00000000-0000-0000-0000-000000000000");
INSERT INTO ACT_BLK
	VALUES ("ee53056b-8454-4ca8-ac2a-4ee8e212685d",
	0,
	0,
	0,
	'',
	'',
	'',
	0,
	0,
	0,
	0,
	0,
	0,
	0,
	0,
	0,
	0,
	0,
	0,
	0,
	"494deedb-94f3-4644-b7ef-c4612625c75e",
	"00000000-0000-0000-0000-000000000000");
INSERT INTO SM_NSTXN
	VALUES ("a6d825a0-027a-4b69-ad9f-167b6231e159",
	"70f9a58e-32b5-4ff8-ac4a-4c1d77b7066c",
	"9b06cc05-446b-42c4-95fa-e2560e64c0d2",
	"e4a18c15-0153-4433-bf2a-f7f05da75cd2",
	"00000000-0000-0000-0000-000000000000");
INSERT INTO SM_TAH
	VALUES ("1c75e0f2-d66e-4873-ac5a-a354b88aa914",
	"70f9a58e-32b5-4ff8-ac4a-4c1d77b7066c",
	"a6d825a0-027a-4b69-ad9f-167b6231e159");
INSERT INTO SM_AH
	VALUES ("1c75e0f2-d66e-4873-ac5a-a354b88aa914",
	"70f9a58e-32b5-4ff8-ac4a-4c1d77b7066c");
INSERT INTO SM_ACT
	VALUES ("1c75e0f2-d66e-4873-ac5a-a354b88aa914",
	"70f9a58e-32b5-4ff8-ac4a-4c1d77b7066c",
	1,
	'',
	'');
INSERT INTO ACT_TAB
	VALUES ("9483838b-577b-46ee-9d98-e0e2dc98a0c1",
	"70f9a58e-32b5-4ff8-ac4a-4c1d77b7066c",
	"1c75e0f2-d66e-4873-ac5a-a354b88aa914");
INSERT INTO ACT_ACT
	VALUES ("9483838b-577b-46ee-9d98-e0e2dc98a0c1",
	'class transition',
	0,
	"387c6cbe-7e4f-4401-aa8e-711b93ea816d",
	"00000000-0000-0000-0000-000000000000",
	0,
	'host::breath_taken',
	"00000000-0000-0000-0000-000000000000");
INSERT INTO ACT_BLK
	VALUES ("387c6cbe-7e4f-4401-aa8e-711b93ea816d",
	0,
	0,
	0,
	'',
	'',
	'',
	0,
	0,
	0,
	0,
	0,
	0,
	0,
	0,
	0,
	0,
	0,
	0,
	0,
	"9483838b-577b-46ee-9d98-e0e2dc98a0c1",
	"00000000-0000-0000-0000-000000000000");
INSERT INTO SM_TXN
	VALUES ("a6d825a0-027a-4b69-ad9f-167b6231e159",
	"70f9a58e-32b5-4ff8-ac4a-4c1d77b7066c",
	"9b06cc05-446b-42c4-95fa-e2560e64c0d2",
	"00000000-0000-0000-0000-000000000000");
INSERT INTO SM_NSTXN
	VALUES ("82f9764a-0e44-439b-a7be-94a80a12c99f",
	"70f9a58e-32b5-4ff8-ac4a-4c1d77b7066c",
	"9b06cc05-446b-42c4-95fa-e2560e64c0d2",
	"04441243-f329-4acc-9614-fea211c27366",
	"00000000-0000-0000-0000-000000000000");
INSERT INTO SM_TAH
	VALUES ("8204edf1-44b6-487b-b68b-2085b457195a",
	"70f9a58e-32b5-4ff8-ac4a-4c1d77b7066c",
	"82f9764a-0e44-439b-a7be-94a80a12c99f");
INSERT INTO SM_AH
	VALUES ("8204edf1-44b6-487b-b68b-2085b457195a",
	"70f9a58e-32b5-4ff8-ac4a-4c1d77b7066c");
INSERT INTO SM_ACT
	VALUES ("8204edf1-44b6-487b-b68b-2085b457195a",
	"70f9a58e-32b5-4ff8-ac4a-4c1d77b7066c",
	1,
	'',
	'');
INSERT INTO ACT_TAB
	VALUES ("185e3ef1-c032-4bd5-882e-d5d23d548953",
	"70f9a58e-32b5-4ff8-ac4a-4c1d77b7066c",
	"8204edf1-44b6-487b-b68b-2085b457195a");
INSERT INTO ACT_ACT
	VALUES ("185e3ef1-c032-4bd5-882e-d5d23d548953",
	'class transition',
	0,
	"3fcf7f53-c5f6-465e-9a32-0d84e87e6c17",
	"00000000-0000-0000-0000-000000000000",
	0,
	'host::current_temp',
	"00000000-0000-0000-0000-000000000000");
INSERT INTO ACT_BLK
	VALUES ("3fcf7f53-c5f6-465e-9a32-0d84e87e6c17",
	0,
	0,
	0,
	'',
	'',
	'',
	0,
	0,
	0,
	0,
	0,
	0,
	0,
	0,
	0,
	0,
	0,
	0,
	0,
	"185e3ef1-c032-4bd5-882e-d5d23d548953",
	"00000000-0000-0000-0000-000000000000");
INSERT INTO SM_TXN
	VALUES ("82f9764a-0e44-439b-a7be-94a80a12c99f",
	"70f9a58e-32b5-4ff8-ac4a-4c1d77b7066c",
	"9b06cc05-446b-42c4-95fa-e2560e64c0d2",
	"00000000-0000-0000-0000-000000000000");
INSERT INTO PE_PE
	VALUES ("2ee04072-4080-4ee3-98be-dcbda7b06c6d",
	1,
	"9e99e4fa-9c62-4ccd-856f-347c8c195c9e",
	"00000000-0000-0000-0000-000000000000",
	4);
INSERT INTO O_OBJ
	VALUES ("2ee04072-4080-4ee3-98be-dcbda7b06c6d",
	'Respiratory Monitor',
	4,
	'RM',
	'',
	"00000000-0000-0000-0000-000000000000");
INSERT INTO O_TFR
	VALUES ("8a01b592-1298-452f-b5ba-9ffba70db4da",
	"2ee04072-4080-4ee3-98be-dcbda7b06c6d",
	'getCurrentRate',
	'',
	"ba5eda7a-def5-0000-0000-000000000002",
	1,
	'return 0;',
	1,
	'',
	"00000000-0000-0000-0000-000000000000");
INSERT INTO ACT_OPB
	VALUES ("6920e212-ae90-41b0-8f01-c8ed214a6c4d",
	"8a01b592-1298-452f-b5ba-9ffba70db4da");
INSERT INTO ACT_ACT
	VALUES ("6920e212-ae90-41b0-8f01-c8ed214a6c4d",
	'operation',
	0,
	"bff6db49-2a09-46d9-8b2e-f807ad1154a8",
	"00000000-0000-0000-0000-000000000000",
	0,
	'Respiratory Monitor::getCurrentRate',
	"00000000-0000-0000-0000-000000000000");
INSERT INTO ACT_BLK
	VALUES ("bff6db49-2a09-46d9-8b2e-f807ad1154a8",
	0,
	0,
	0,
	'',
	'',
	'',
	1,
	1,
	0,
	0,
	0,
	0,
	0,
	0,
	0,
	0,
	0,
	0,
	0,
	"6920e212-ae90-41b0-8f01-c8ed214a6c4d",
	"00000000-0000-0000-0000-000000000000");
INSERT INTO ACT_SMT
	VALUES ("4445a96c-a9b5-4070-a587-e3a00b5f8e49",
	"bff6db49-2a09-46d9-8b2e-f807ad1154a8",
	"00000000-0000-0000-0000-000000000000",
	1,
	1,
	'Respiratory Monitor::getCurrentRate line: 1');
INSERT INTO ACT_RET
	VALUES ("4445a96c-a9b5-4070-a587-e3a00b5f8e49",
	"9fdddae7-97af-4f10-9f0a-f60b6f728800");
INSERT INTO V_VAL
	VALUES ("9fdddae7-97af-4f10-9f0a-f60b6f728800",
	0,
	0,
	1,
	8,
	8,
	0,
	0,
	0,
	0,
	"ba5eda7a-def5-0000-0000-000000000002",
	"bff6db49-2a09-46d9-8b2e-f807ad1154a8");
INSERT INTO V_LIN
	VALUES ("9fdddae7-97af-4f10-9f0a-f60b6f728800",
	'0');
INSERT INTO O_ID
	VALUES (0,
	"2ee04072-4080-4ee3-98be-dcbda7b06c6d");
INSERT INTO O_ID
	VALUES (1,
	"2ee04072-4080-4ee3-98be-dcbda7b06c6d");
INSERT INTO O_ID
	VALUES (2,
	"2ee04072-4080-4ee3-98be-dcbda7b06c6d");
INSERT INTO PE_PE
	VALUES ("39bf89fb-5ccd-41c6-9947-87aba6c1c824",
	1,
	"9e99e4fa-9c62-4ccd-856f-347c8c195c9e",
	"00000000-0000-0000-0000-000000000000",
	4);
INSERT INTO O_OBJ
	VALUES ("39bf89fb-5ccd-41c6-9947-87aba6c1c824",
	'Temperature Monitor',
	3,
	'TM',
	'',
	"00000000-0000-0000-0000-000000000000");
INSERT INTO O_TFR
	VALUES ("1666f3b6-877f-4d1b-af33-383abf3c3851",
	"39bf89fb-5ccd-41c6-9947-87aba6c1c824",
	'getCurrentTemp',
	'',
	"ba5eda7a-def5-0000-0000-000000000002",
	1,
	'return 0;',
	1,
	'',
	"00000000-0000-0000-0000-000000000000");
INSERT INTO ACT_OPB
	VALUES ("2e496cbb-76bd-4e94-8c45-14ae0923de18",
	"1666f3b6-877f-4d1b-af33-383abf3c3851");
INSERT INTO ACT_ACT
	VALUES ("2e496cbb-76bd-4e94-8c45-14ae0923de18",
	'operation',
	0,
	"213abfc8-8942-49b9-8a23-16d407f379c9",
	"00000000-0000-0000-0000-000000000000",
	0,
	'Temperature Monitor::getCurrentTemp',
	"00000000-0000-0000-0000-000000000000");
INSERT INTO ACT_BLK
	VALUES ("213abfc8-8942-49b9-8a23-16d407f379c9",
	0,
	0,
	0,
	'',
	'',
	'',
	1,
	1,
	0,
	0,
	0,
	0,
	0,
	0,
	0,
	0,
	0,
	0,
	0,
	"2e496cbb-76bd-4e94-8c45-14ae0923de18",
	"00000000-0000-0000-0000-000000000000");
INSERT INTO ACT_SMT
	VALUES ("1f7af89e-e71d-4e40-9c69-782efb19440d",
	"213abfc8-8942-49b9-8a23-16d407f379c9",
	"00000000-0000-0000-0000-000000000000",
	1,
	1,
	'Temperature Monitor::getCurrentTemp line: 1');
INSERT INTO ACT_RET
	VALUES ("1f7af89e-e71d-4e40-9c69-782efb19440d",
	"3f5d896a-de62-4a22-9b2f-62d5fc8389ae");
INSERT INTO V_VAL
	VALUES ("3f5d896a-de62-4a22-9b2f-62d5fc8389ae",
	0,
	0,
	1,
	8,
	8,
	0,
	0,
	0,
	0,
	"ba5eda7a-def5-0000-0000-000000000002",
	"213abfc8-8942-49b9-8a23-16d407f379c9");
INSERT INTO V_LIN
	VALUES ("3f5d896a-de62-4a22-9b2f-62d5fc8389ae",
	'0');
INSERT INTO O_ID
	VALUES (0,
	"39bf89fb-5ccd-41c6-9947-87aba6c1c824");
INSERT INTO O_ID
	VALUES (1,
	"39bf89fb-5ccd-41c6-9947-87aba6c1c824");
INSERT INTO O_ID
	VALUES (2,
	"39bf89fb-5ccd-41c6-9947-87aba6c1c824");
INSERT INTO PE_PE
	VALUES ("e0b9e174-e379-4344-88b6-ced7f17ce95f",
	1,
	"61a575fd-fcfc-433c-a24d-97ab5f20738a",
	"00000000-0000-0000-0000-000000000000",
	2);
INSERT INTO C_C
	VALUES ("e0b9e174-e379-4344-88b6-ced7f17ce95f",
	"00000000-0000-0000-0000-000000000000",
	"00000000-0000-0000-0000-000000000000",
	'pacemaker',
	'',
	0,
	"00000000-0000-0000-0000-000000000000",
	0,
	'');
INSERT INTO C_PO
	VALUES ("3b429b8e-8ece-48bc-8579-ad6b18c34579",
	"e0b9e174-e379-4344-88b6-ced7f17ce95f",
	'to_heart',
	0,
	0);
INSERT INTO C_IR
	VALUES ("8d3df991-ac02-4460-92a2-cf1561252f7b",
	"0bd9915b-76d2-4a1e-897b-8e05cbe04e89",
	"046423a0-66ed-47cb-aafd-112c1b8e26fd",
	"3b429b8e-8ece-48bc-8579-ad6b18c34579");
INSERT INTO C_P
	VALUES ("8d3df991-ac02-4460-92a2-cf1561252f7b",
	'synchronization',
	'Unnamed Interface',
	'',
	'pacemaker::to_heart::synchronization');
INSERT INTO SPR_PEP
	VALUES ("c1748da8-25d1-46d5-867a-60c2d7fdedff",
	"0f2056aa-552d-47ee-863f-1112ca801894",
	"8d3df991-ac02-4460-92a2-cf1561252f7b");
INSERT INTO SPR_PS
	VALUES ("c1748da8-25d1-46d5-867a-60c2d7fdedff",
	'systolic_pulse',
	'',
	'',
	1);
INSERT INTO ACT_PSB
	VALUES ("d434fb96-f685-4392-8109-cd784db1987b",
	"c1748da8-25d1-46d5-867a-60c2d7fdedff");
INSERT INTO ACT_ACT
	VALUES ("d434fb96-f685-4392-8109-cd784db1987b",
	'signal',
	0,
	"aa8385d5-98a8-405a-b857-9526321843fb",
	"00000000-0000-0000-0000-000000000000",
	0,
	'to_heart::synchronization::systolic_pulse',
	"00000000-0000-0000-0000-000000000000");
INSERT INTO ACT_BLK
	VALUES ("aa8385d5-98a8-405a-b857-9526321843fb",
	0,
	0,
	0,
	'',
	'',
	'',
	0,
	0,
	0,
	0,
	0,
	0,
	0,
	0,
	0,
	0,
	0,
	0,
	0,
	"d434fb96-f685-4392-8109-cd784db1987b",
	"00000000-0000-0000-0000-000000000000");
INSERT INTO SPR_PEP
	VALUES ("82730550-d5bb-4a48-a6aa-100abece628b",
	"538342c3-6d25-4d02-8645-befa35b9427f",
	"8d3df991-ac02-4460-92a2-cf1561252f7b");
INSERT INTO SPR_PS
	VALUES ("82730550-d5bb-4a48-a6aa-100abece628b",
	'diastolic_pulse',
	'',
	'',
	1);
INSERT INTO ACT_PSB
	VALUES ("e1a3960f-44d0-4e5f-8cb6-3f0c4b087c25",
	"82730550-d5bb-4a48-a6aa-100abece628b");
INSERT INTO ACT_ACT
	VALUES ("e1a3960f-44d0-4e5f-8cb6-3f0c4b087c25",
	'signal',
	0,
	"598d9b9f-40a7-4f1a-a518-8c93e7985b4d",
	"00000000-0000-0000-0000-000000000000",
	0,
	'to_heart::synchronization::diastolic_pulse',
	"00000000-0000-0000-0000-000000000000");
INSERT INTO ACT_BLK
	VALUES ("598d9b9f-40a7-4f1a-a518-8c93e7985b4d",
	0,
	0,
	0,
	'',
	'',
	'',
	0,
	0,
	0,
	0,
	0,
	0,
	0,
	0,
	0,
	0,
	0,
	0,
	0,
	"e1a3960f-44d0-4e5f-8cb6-3f0c4b087c25",
	"00000000-0000-0000-0000-000000000000");
INSERT INTO SPR_PEP
	VALUES ("8bb2d11d-563f-45e9-ba20-5eeb6544ea8e",
	"2a89dc7f-4e1b-4de6-82a1-88786929e624",
	"8d3df991-ac02-4460-92a2-cf1561252f7b");
INSERT INTO SPR_PS
	VALUES ("8bb2d11d-563f-45e9-ba20-5eeb6544ea8e",
	'systolic_pace',
	'',
	'',
	1);
INSERT INTO ACT_PSB
	VALUES ("cc7b2ea4-e163-47eb-9a2e-f77262308b77",
	"8bb2d11d-563f-45e9-ba20-5eeb6544ea8e");
INSERT INTO ACT_ACT
	VALUES ("cc7b2ea4-e163-47eb-9a2e-f77262308b77",
	'signal',
	0,
	"1ecfc86e-bed2-4017-8461-1657a62ee8bf",
	"00000000-0000-0000-0000-000000000000",
	0,
	'to_heart::synchronization::systolic_pace',
	"00000000-0000-0000-0000-000000000000");
INSERT INTO ACT_BLK
	VALUES ("1ecfc86e-bed2-4017-8461-1657a62ee8bf",
	0,
	0,
	0,
	'',
	'',
	'',
	0,
	0,
	0,
	0,
	0,
	0,
	0,
	0,
	0,
	0,
	0,
	0,
	0,
	"cc7b2ea4-e163-47eb-9a2e-f77262308b77",
	"00000000-0000-0000-0000-000000000000");
INSERT INTO SPR_PEP
	VALUES ("c72591d0-68fd-4abe-9be6-fcd5ebfd20bc",
	"cae54907-3b8e-4378-8caf-9fcb1c8016a0",
	"8d3df991-ac02-4460-92a2-cf1561252f7b");
INSERT INTO SPR_PS
	VALUES ("c72591d0-68fd-4abe-9be6-fcd5ebfd20bc",
	'diastolic_pace',
	'',
	'',
	1);
INSERT INTO ACT_PSB
	VALUES ("deeff213-3d83-4a62-a443-02daa2743715",
	"c72591d0-68fd-4abe-9be6-fcd5ebfd20bc");
INSERT INTO ACT_ACT
	VALUES ("deeff213-3d83-4a62-a443-02daa2743715",
	'signal',
	0,
	"0d425ea1-b185-4dbd-8eda-49fcb293f0fe",
	"00000000-0000-0000-0000-000000000000",
	0,
	'to_heart::synchronization::diastolic_pace',
	"00000000-0000-0000-0000-000000000000");
INSERT INTO ACT_BLK
	VALUES ("0d425ea1-b185-4dbd-8eda-49fcb293f0fe",
	0,
	0,
	0,
	'',
	'',
	'',
	0,
	0,
	0,
	0,
	0,
	0,
	0,
	0,
	0,
	0,
	0,
	0,
	0,
	"deeff213-3d83-4a62-a443-02daa2743715",
	"00000000-0000-0000-0000-000000000000");
INSERT INTO SPR_PEP
	VALUES ("2df4343f-3880-4c19-bb97-4612d3392d16",
	"66dc1146-68a1-41cb-81e5-82b26ee7682f",
	"8d3df991-ac02-4460-92a2-cf1561252f7b");
INSERT INTO SPR_PO
	VALUES ("2df4343f-3880-4c19-bb97-4612d3392d16",
	'init',
	'',
	'// Initialize by creating the pacer instance and setting its attribute values.
create object instance pacer of PACER;
pacer.systolic_tolerance = 25;   // percent
pacer.diastolic_tolerance = 25;  // percent
pacer.cycle_count = 0;

// Compute the timeouts using the period and tolerance
pacer.systolic_timeout = param.systolic_period + (param.systolic_period * pacer.systolic_tolerance/100);
pacer.diastolic_timeout = param.diastolic_period + (param.diastolic_period * pacer.diastolic_tolerance/100);',
	1);
INSERT INTO ACT_POB
	VALUES ("10017309-5736-4ff8-8816-b80ca30ba796",
	"2df4343f-3880-4c19-bb97-4612d3392d16");
INSERT INTO ACT_ACT
	VALUES ("10017309-5736-4ff8-8816-b80ca30ba796",
	'interface operation',
	0,
	"0e68a4a7-a4ea-4cbb-b283-7f081c603d29",
	"00000000-0000-0000-0000-000000000000",
	0,
	'to_heart::synchronization::init',
	"00000000-0000-0000-0000-000000000000");
INSERT INTO ACT_BLK
	VALUES ("0e68a4a7-a4ea-4cbb-b283-7f081c603d29",
	0,
	0,
	0,
	'',
	'',
	'',
	9,
	1,
	2,
	33,
	0,
	0,
	0,
	0,
	0,
	0,
	0,
	0,
	0,
	"10017309-5736-4ff8-8816-b80ca30ba796",
	"00000000-0000-0000-0000-000000000000");
INSERT INTO ACT_SMT
	VALUES ("fa400077-c09d-4c1f-8a58-6e3b048f2390",
	"0e68a4a7-a4ea-4cbb-b283-7f081c603d29",
	"5082dd5c-9b27-4658-9f4d-905c8ac02bd7",
	2,
	1,
	'to_heart::synchronization::init line: 2');
INSERT INTO ACT_CR
	VALUES ("fa400077-c09d-4c1f-8a58-6e3b048f2390",
	"808cd733-03cb-4817-a808-7e210ac190d4",
	1,
	"37df0e10-44eb-42cf-a2b2-562eaeaa8b91",
	2,
	33);
INSERT INTO ACT_SMT
	VALUES ("5082dd5c-9b27-4658-9f4d-905c8ac02bd7",
	"0e68a4a7-a4ea-4cbb-b283-7f081c603d29",
	"1d9b0e19-7364-45c4-9123-99edb1a4e57f",
	3,
	1,
	'to_heart::synchronization::init line: 3');
INSERT INTO ACT_AI
	VALUES ("5082dd5c-9b27-4658-9f4d-905c8ac02bd7",
	"ec987a56-08a1-4bfb-876d-ec717cca75f2",
	"7802f3d6-768f-4619-8304-38dbebd6544a",
	0,
	0);
INSERT INTO ACT_SMT
	VALUES ("1d9b0e19-7364-45c4-9123-99edb1a4e57f",
	"0e68a4a7-a4ea-4cbb-b283-7f081c603d29",
	"bc5f96a2-9f43-46df-960e-d7794f7b2af8",
	4,
	1,
	'to_heart::synchronization::init line: 4');
INSERT INTO ACT_AI
	VALUES ("1d9b0e19-7364-45c4-9123-99edb1a4e57f",
	"d98151cf-5d9a-48ce-8ecf-40023754c621",
	"5a63a35c-094d-4010-8f5b-d8cbc17c195a",
	0,
	0);
INSERT INTO ACT_SMT
	VALUES ("bc5f96a2-9f43-46df-960e-d7794f7b2af8",
	"0e68a4a7-a4ea-4cbb-b283-7f081c603d29",
	"530737ba-c87d-49fa-9caa-c01da7f5d1c7",
	5,
	1,
	'to_heart::synchronization::init line: 5');
INSERT INTO ACT_AI
	VALUES ("bc5f96a2-9f43-46df-960e-d7794f7b2af8",
	"eb9fb049-33c4-4441-830a-cb4c0fa660f6",
	"a14646d0-cb66-4d2b-a806-4d1c77cdbf26",
	0,
	0);
INSERT INTO ACT_SMT
	VALUES ("530737ba-c87d-49fa-9caa-c01da7f5d1c7",
	"0e68a4a7-a4ea-4cbb-b283-7f081c603d29",
	"50b02884-569d-44a4-be65-c4994eea092d",
	8,
	1,
	'to_heart::synchronization::init line: 8');
INSERT INTO ACT_AI
	VALUES ("530737ba-c87d-49fa-9caa-c01da7f5d1c7",
	"34ba03c8-b42f-4935-8886-76ff03745511",
	"50271ba9-6264-47eb-be86-c4855826b316",
	0,
	0);
INSERT INTO ACT_SMT
	VALUES ("50b02884-569d-44a4-be65-c4994eea092d",
	"0e68a4a7-a4ea-4cbb-b283-7f081c603d29",
	"00000000-0000-0000-0000-000000000000",
	9,
	1,
	'to_heart::synchronization::init line: 9');
INSERT INTO ACT_AI
	VALUES ("50b02884-569d-44a4-be65-c4994eea092d",
	"8e1c0a25-e4dd-43a7-b050-af2a018be41d",
	"38f1bb28-ee07-4a7b-a3fe-839ad5ca1e81",
	0,
	0);
INSERT INTO V_VAL
	VALUES ("5a5d0f81-c7b3-4a4c-808a-c55621a23a43",
	1,
	0,
	3,
	1,
	5,
	0,
	0,
	0,
	0,
	"ba5eda7a-def5-0000-0000-000000000008",
	"0e68a4a7-a4ea-4cbb-b283-7f081c603d29");
INSERT INTO V_IRF
	VALUES ("5a5d0f81-c7b3-4a4c-808a-c55621a23a43",
	"808cd733-03cb-4817-a808-7e210ac190d4");
INSERT INTO V_VAL
	VALUES ("7802f3d6-768f-4619-8304-38dbebd6544a",
	1,
	0,
	3,
	7,
	24,
	0,
	0,
	0,
	0,
	"ba5eda7a-def5-0000-0000-000000000002",
	"0e68a4a7-a4ea-4cbb-b283-7f081c603d29");
INSERT INTO V_AVL
	VALUES ("7802f3d6-768f-4619-8304-38dbebd6544a",
	"5a5d0f81-c7b3-4a4c-808a-c55621a23a43",
	"37df0e10-44eb-42cf-a2b2-562eaeaa8b91",
	"1f8fb69b-ff69-4d22-a435-be104c488376");
INSERT INTO V_VAL
	VALUES ("ec987a56-08a1-4bfb-876d-ec717cca75f2",
	0,
	0,
	3,
	28,
	29,
	0,
	0,
	0,
	0,
	"ba5eda7a-def5-0000-0000-000000000002",
	"0e68a4a7-a4ea-4cbb-b283-7f081c603d29");
INSERT INTO V_LIN
	VALUES ("ec987a56-08a1-4bfb-876d-ec717cca75f2",
	'25');
INSERT INTO V_VAL
	VALUES ("67228d44-2145-4f50-a15a-00a65f932022",
	1,
	0,
	4,
	1,
	5,
	0,
	0,
	0,
	0,
	"ba5eda7a-def5-0000-0000-000000000008",
	"0e68a4a7-a4ea-4cbb-b283-7f081c603d29");
INSERT INTO V_IRF
	VALUES ("67228d44-2145-4f50-a15a-00a65f932022",
	"808cd733-03cb-4817-a808-7e210ac190d4");
INSERT INTO V_VAL
	VALUES ("5a63a35c-094d-4010-8f5b-d8cbc17c195a",
	1,
	0,
	4,
	7,
	25,
	0,
	0,
	0,
	0,
	"ba5eda7a-def5-0000-0000-000000000002",
	"0e68a4a7-a4ea-4cbb-b283-7f081c603d29");
INSERT INTO V_AVL
	VALUES ("5a63a35c-094d-4010-8f5b-d8cbc17c195a",
	"67228d44-2145-4f50-a15a-00a65f932022",
	"37df0e10-44eb-42cf-a2b2-562eaeaa8b91",
	"243b5417-e7e1-4d36-94fa-03e3b6159880");
INSERT INTO V_VAL
	VALUES ("d98151cf-5d9a-48ce-8ecf-40023754c621",
	0,
	0,
	4,
	29,
	30,
	0,
	0,
	0,
	0,
	"ba5eda7a-def5-0000-0000-000000000002",
	"0e68a4a7-a4ea-4cbb-b283-7f081c603d29");
INSERT INTO V_LIN
	VALUES ("d98151cf-5d9a-48ce-8ecf-40023754c621",
	'25');
INSERT INTO V_VAL
	VALUES ("4f7a3d80-0929-4911-a9b9-c762a6112b9a",
	1,
	0,
	5,
	1,
	5,
	0,
	0,
	0,
	0,
	"ba5eda7a-def5-0000-0000-000000000008",
	"0e68a4a7-a4ea-4cbb-b283-7f081c603d29");
INSERT INTO V_IRF
	VALUES ("4f7a3d80-0929-4911-a9b9-c762a6112b9a",
	"808cd733-03cb-4817-a808-7e210ac190d4");
INSERT INTO V_VAL
	VALUES ("a14646d0-cb66-4d2b-a806-4d1c77cdbf26",
	1,
	0,
	5,
	7,
	17,
	0,
	0,
	0,
	0,
	"ba5eda7a-def5-0000-0000-000000000002",
	"0e68a4a7-a4ea-4cbb-b283-7f081c603d29");
INSERT INTO V_AVL
	VALUES ("a14646d0-cb66-4d2b-a806-4d1c77cdbf26",
	"4f7a3d80-0929-4911-a9b9-c762a6112b9a",
	"37df0e10-44eb-42cf-a2b2-562eaeaa8b91",
	"30acaacb-b85a-4399-bdda-a483e946d98e");
INSERT INTO V_VAL
	VALUES ("eb9fb049-33c4-4441-830a-cb4c0fa660f6",
	0,
	0,
	5,
	21,
	21,
	0,
	0,
	0,
	0,
	"ba5eda7a-def5-0000-0000-000000000002",
	"0e68a4a7-a4ea-4cbb-b283-7f081c603d29");
INSERT INTO V_LIN
	VALUES ("eb9fb049-33c4-4441-830a-cb4c0fa660f6",
	'0');
INSERT INTO V_VAL
	VALUES ("9fcc5d7d-3767-4d24-b4a8-305cd0070080",
	1,
	0,
	8,
	1,
	5,
	0,
	0,
	0,
	0,
	"ba5eda7a-def5-0000-0000-000000000008",
	"0e68a4a7-a4ea-4cbb-b283-7f081c603d29");
INSERT INTO V_IRF
	VALUES ("9fcc5d7d-3767-4d24-b4a8-305cd0070080",
	"808cd733-03cb-4817-a808-7e210ac190d4");
INSERT INTO V_VAL
	VALUES ("50271ba9-6264-47eb-be86-c4855826b316",
	1,
	0,
	8,
	7,
	22,
	0,
	0,
	0,
	0,
	"ba5eda7a-def5-0000-0000-000000000002",
	"0e68a4a7-a4ea-4cbb-b283-7f081c603d29");
INSERT INTO V_AVL
	VALUES ("50271ba9-6264-47eb-be86-c4855826b316",
	"9fcc5d7d-3767-4d24-b4a8-305cd0070080",
	"37df0e10-44eb-42cf-a2b2-562eaeaa8b91",
	"de3bd1ca-a337-4d2b-bf0e-cd900d7cf312");
INSERT INTO V_VAL
	VALUES ("c52afd92-a021-42b1-8513-7474d2f66fe9",
	0,
	0,
	8,
	32,
	46,
	0,
	0,
	0,
	0,
	"ba5eda7a-def5-0000-0000-000000000002",
	"0e68a4a7-a4ea-4cbb-b283-7f081c603d29");
INSERT INTO V_PVL
	VALUES ("c52afd92-a021-42b1-8513-7474d2f66fe9",
	"00000000-0000-0000-0000-000000000000",
	"00000000-0000-0000-0000-000000000000",
	"00000000-0000-0000-0000-000000000000",
	"af336be4-ae31-4a5d-86bc-6ebaf5109d31");
INSERT INTO V_VAL
	VALUES ("34ba03c8-b42f-4935-8886-76ff03745511",
	0,
	0,
	-1,
	-1,
	-1,
	0,
	0,
	0,
	0,
	"ba5eda7a-def5-0000-0000-000000000002",
	"0e68a4a7-a4ea-4cbb-b283-7f081c603d29");
INSERT INTO V_BIN
	VALUES ("34ba03c8-b42f-4935-8886-76ff03745511",
	"f479bc4b-2eb6-4449-a105-912525419856",
	"c52afd92-a021-42b1-8513-7474d2f66fe9",
	'+');
INSERT INTO V_VAL
	VALUES ("b2556b2a-7b21-4af8-b487-92fba8345b0c",
	0,
	0,
	8,
	57,
	71,
	0,
	0,
	0,
	0,
	"ba5eda7a-def5-0000-0000-000000000002",
	"0e68a4a7-a4ea-4cbb-b283-7f081c603d29");
INSERT INTO V_PVL
	VALUES ("b2556b2a-7b21-4af8-b487-92fba8345b0c",
	"00000000-0000-0000-0000-000000000000",
	"00000000-0000-0000-0000-000000000000",
	"00000000-0000-0000-0000-000000000000",
	"af336be4-ae31-4a5d-86bc-6ebaf5109d31");
INSERT INTO V_VAL
	VALUES ("4ef36f79-aa96-4034-861a-f6df97b9f445",
	0,
	0,
	-1,
	-1,
	-1,
	0,
	0,
	0,
	0,
	"ba5eda7a-def5-0000-0000-000000000002",
	"0e68a4a7-a4ea-4cbb-b283-7f081c603d29");
INSERT INTO V_BIN
	VALUES ("4ef36f79-aa96-4034-861a-f6df97b9f445",
	"3404ba3e-4f14-4591-aea9-587f0781af5e",
	"b2556b2a-7b21-4af8-b487-92fba8345b0c",
	'*');
INSERT INTO V_VAL
	VALUES ("d72d020e-b820-4151-8206-a2cbbfed60f8",
	0,
	0,
	8,
	75,
	79,
	0,
	0,
	0,
	0,
	"ba5eda7a-def5-0000-0000-000000000008",
	"0e68a4a7-a4ea-4cbb-b283-7f081c603d29");
INSERT INTO V_IRF
	VALUES ("d72d020e-b820-4151-8206-a2cbbfed60f8",
	"808cd733-03cb-4817-a808-7e210ac190d4");
INSERT INTO V_VAL
	VALUES ("3404ba3e-4f14-4591-aea9-587f0781af5e",
	0,
	0,
	8,
	81,
	98,
	0,
	0,
	0,
	0,
	"ba5eda7a-def5-0000-0000-000000000002",
	"0e68a4a7-a4ea-4cbb-b283-7f081c603d29");
INSERT INTO V_AVL
	VALUES ("3404ba3e-4f14-4591-aea9-587f0781af5e",
	"d72d020e-b820-4151-8206-a2cbbfed60f8",
	"37df0e10-44eb-42cf-a2b2-562eaeaa8b91",
	"1f8fb69b-ff69-4d22-a435-be104c488376");
INSERT INTO V_VAL
	VALUES ("f479bc4b-2eb6-4449-a105-912525419856",
	0,
	0,
	-1,
	-1,
	-1,
	0,
	0,
	0,
	0,
	"ba5eda7a-def5-0000-0000-000000000002",
	"0e68a4a7-a4ea-4cbb-b283-7f081c603d29");
INSERT INTO V_BIN
	VALUES ("f479bc4b-2eb6-4449-a105-912525419856",
	"c928e67f-f08e-4294-98f3-44a7107e3359",
	"4ef36f79-aa96-4034-861a-f6df97b9f445",
	'/');
INSERT INTO V_VAL
	VALUES ("c928e67f-f08e-4294-98f3-44a7107e3359",
	0,
	0,
	8,
	100,
	102,
	0,
	0,
	0,
	0,
	"ba5eda7a-def5-0000-0000-000000000002",
	"0e68a4a7-a4ea-4cbb-b283-7f081c603d29");
INSERT INTO V_LIN
	VALUES ("c928e67f-f08e-4294-98f3-44a7107e3359",
	'100');
INSERT INTO V_VAL
	VALUES ("e294ab16-8672-4e66-91a0-88f9e49b33ca",
	1,
	0,
	9,
	1,
	5,
	0,
	0,
	0,
	0,
	"ba5eda7a-def5-0000-0000-000000000008",
	"0e68a4a7-a4ea-4cbb-b283-7f081c603d29");
INSERT INTO V_IRF
	VALUES ("e294ab16-8672-4e66-91a0-88f9e49b33ca",
	"808cd733-03cb-4817-a808-7e210ac190d4");
INSERT INTO V_VAL
	VALUES ("38f1bb28-ee07-4a7b-a3fe-839ad5ca1e81",
	1,
	0,
	9,
	7,
	23,
	0,
	0,
	0,
	0,
	"ba5eda7a-def5-0000-0000-000000000002",
	"0e68a4a7-a4ea-4cbb-b283-7f081c603d29");
INSERT INTO V_AVL
	VALUES ("38f1bb28-ee07-4a7b-a3fe-839ad5ca1e81",
	"e294ab16-8672-4e66-91a0-88f9e49b33ca",
	"37df0e10-44eb-42cf-a2b2-562eaeaa8b91",
	"012e9d7d-a08d-4a55-94c5-e3a1e9c6ea02");
INSERT INTO V_VAL
	VALUES ("74f36e3e-c568-4eb6-981e-3736da03f70d",
	0,
	0,
	9,
	33,
	48,
	0,
	0,
	0,
	0,
	"ba5eda7a-def5-0000-0000-000000000002",
	"0e68a4a7-a4ea-4cbb-b283-7f081c603d29");
INSERT INTO V_PVL
	VALUES ("74f36e3e-c568-4eb6-981e-3736da03f70d",
	"00000000-0000-0000-0000-000000000000",
	"00000000-0000-0000-0000-000000000000",
	"00000000-0000-0000-0000-000000000000",
	"eda96872-7aa7-4e43-b03c-97a23f43406e");
INSERT INTO V_VAL
	VALUES ("8e1c0a25-e4dd-43a7-b050-af2a018be41d",
	0,
	0,
	-1,
	-1,
	-1,
	0,
	0,
	0,
	0,
	"ba5eda7a-def5-0000-0000-000000000002",
	"0e68a4a7-a4ea-4cbb-b283-7f081c603d29");
INSERT INTO V_BIN
	VALUES ("8e1c0a25-e4dd-43a7-b050-af2a018be41d",
	"1c8827e0-12ef-47f9-8847-8f83376d7a48",
	"74f36e3e-c568-4eb6-981e-3736da03f70d",
	'+');
INSERT INTO V_VAL
	VALUES ("d5be1a34-d1c9-4ec8-94ef-2e71b84f5f38",
	0,
	0,
	9,
	59,
	74,
	0,
	0,
	0,
	0,
	"ba5eda7a-def5-0000-0000-000000000002",
	"0e68a4a7-a4ea-4cbb-b283-7f081c603d29");
INSERT INTO V_PVL
	VALUES ("d5be1a34-d1c9-4ec8-94ef-2e71b84f5f38",
	"00000000-0000-0000-0000-000000000000",
	"00000000-0000-0000-0000-000000000000",
	"00000000-0000-0000-0000-000000000000",
	"eda96872-7aa7-4e43-b03c-97a23f43406e");
INSERT INTO V_VAL
	VALUES ("534fd2e1-9ff6-4a02-865e-4923b029cd93",
	0,
	0,
	-1,
	-1,
	-1,
	0,
	0,
	0,
	0,
	"ba5eda7a-def5-0000-0000-000000000002",
	"0e68a4a7-a4ea-4cbb-b283-7f081c603d29");
INSERT INTO V_BIN
	VALUES ("534fd2e1-9ff6-4a02-865e-4923b029cd93",
	"bb99f02d-062f-4869-a8d8-80ef945cf8d5",
	"d5be1a34-d1c9-4ec8-94ef-2e71b84f5f38",
	'*');
INSERT INTO V_VAL
	VALUES ("5e12a913-6350-44d7-acf6-13861fe8eed4",
	0,
	0,
	9,
	78,
	82,
	0,
	0,
	0,
	0,
	"ba5eda7a-def5-0000-0000-000000000008",
	"0e68a4a7-a4ea-4cbb-b283-7f081c603d29");
INSERT INTO V_IRF
	VALUES ("5e12a913-6350-44d7-acf6-13861fe8eed4",
	"808cd733-03cb-4817-a808-7e210ac190d4");
INSERT INTO V_VAL
	VALUES ("bb99f02d-062f-4869-a8d8-80ef945cf8d5",
	0,
	0,
	9,
	84,
	102,
	0,
	0,
	0,
	0,
	"ba5eda7a-def5-0000-0000-000000000002",
	"0e68a4a7-a4ea-4cbb-b283-7f081c603d29");
INSERT INTO V_AVL
	VALUES ("bb99f02d-062f-4869-a8d8-80ef945cf8d5",
	"5e12a913-6350-44d7-acf6-13861fe8eed4",
	"37df0e10-44eb-42cf-a2b2-562eaeaa8b91",
	"243b5417-e7e1-4d36-94fa-03e3b6159880");
INSERT INTO V_VAL
	VALUES ("1c8827e0-12ef-47f9-8847-8f83376d7a48",
	0,
	0,
	-1,
	-1,
	-1,
	0,
	0,
	0,
	0,
	"ba5eda7a-def5-0000-0000-000000000002",
	"0e68a4a7-a4ea-4cbb-b283-7f081c603d29");
INSERT INTO V_BIN
	VALUES ("1c8827e0-12ef-47f9-8847-8f83376d7a48",
	"c0d34172-1f92-4148-8711-9d4e2ff35bd6",
	"534fd2e1-9ff6-4a02-865e-4923b029cd93",
	'/');
INSERT INTO V_VAL
	VALUES ("c0d34172-1f92-4148-8711-9d4e2ff35bd6",
	0,
	0,
	9,
	104,
	106,
	0,
	0,
	0,
	0,
	"ba5eda7a-def5-0000-0000-000000000002",
	"0e68a4a7-a4ea-4cbb-b283-7f081c603d29");
INSERT INTO V_LIN
	VALUES ("c0d34172-1f92-4148-8711-9d4e2ff35bd6",
	'100');
INSERT INTO V_VAR
	VALUES ("808cd733-03cb-4817-a808-7e210ac190d4",
	"0e68a4a7-a4ea-4cbb-b283-7f081c603d29",
	'pacer',
	1,
	"ba5eda7a-def5-0000-0000-000000000008");
INSERT INTO V_INT
	VALUES ("808cd733-03cb-4817-a808-7e210ac190d4",
	0,
	"37df0e10-44eb-42cf-a2b2-562eaeaa8b91");
INSERT INTO V_LOC
	VALUES ("d08b2f4e-5943-452e-a604-e0f621e33997",
	2,
	24,
	28,
	"808cd733-03cb-4817-a808-7e210ac190d4");
INSERT INTO V_LOC
	VALUES ("aa924f59-0c1c-4b23-896d-685329a65ed9",
	3,
	1,
	5,
	"808cd733-03cb-4817-a808-7e210ac190d4");
INSERT INTO V_LOC
	VALUES ("716e14ef-72dd-48f9-bf5f-1882d215fbda",
	4,
	1,
	5,
	"808cd733-03cb-4817-a808-7e210ac190d4");
INSERT INTO V_LOC
	VALUES ("b9e67693-6652-401e-bc05-d3f9d2ba36ec",
	5,
	1,
	5,
	"808cd733-03cb-4817-a808-7e210ac190d4");
INSERT INTO V_LOC
	VALUES ("f16b9796-134f-4a97-bdb7-852c142f6f54",
	8,
	1,
	5,
	"808cd733-03cb-4817-a808-7e210ac190d4");
INSERT INTO V_LOC
	VALUES ("688b72af-1788-4824-b6d9-076ff2ec66ef",
	8,
	75,
	79,
	"808cd733-03cb-4817-a808-7e210ac190d4");
INSERT INTO V_LOC
	VALUES ("353dbb94-3d9a-4831-9b37-edf395ced119",
	9,
	1,
	5,
	"808cd733-03cb-4817-a808-7e210ac190d4");
INSERT INTO V_LOC
	VALUES ("cae96d0c-2ee5-441d-875a-610ab559781d",
	9,
	78,
	82,
	"808cd733-03cb-4817-a808-7e210ac190d4");
INSERT INTO C_PO
	VALUES ("0289f340-750d-4301-a890-91788ac05479",
	"e0b9e174-e379-4344-88b6-ced7f17ce95f",
	'monitor',
	0,
	0);
INSERT INTO C_IR
	VALUES ("f48df434-22ff-4bb0-8975-8f9bd7b88c8a",
	"604336a3-9bef-4909-b4e0-7e21963a471d",
	"00000000-0000-0000-0000-000000000000",
	"0289f340-750d-4301-a890-91788ac05479");
INSERT INTO C_P
	VALUES ("f48df434-22ff-4bb0-8975-8f9bd7b88c8a",
	'monitor',
	'Unnamed Interface',
	'',
	'pacemaker::monitor::monitor');
INSERT INTO SPR_PEP
	VALUES ("972b929e-b5d5-4544-8fd8-867f73076609",
	"1ccfd096-372b-4476-b1db-866ff636a2fd",
	"f48df434-22ff-4bb0-8975-8f9bd7b88c8a");
INSERT INTO SPR_PS
	VALUES ("972b929e-b5d5-4544-8fd8-867f73076609",
	'increased_activty',
	'',
	'',
	1);
INSERT INTO ACT_PSB
	VALUES ("6ef5ec22-660d-45e0-b26a-19b25cad4539",
	"972b929e-b5d5-4544-8fd8-867f73076609");
INSERT INTO ACT_ACT
	VALUES ("6ef5ec22-660d-45e0-b26a-19b25cad4539",
	'signal',
	0,
	"4454293f-88d6-4635-808b-2597117517a5",
	"00000000-0000-0000-0000-000000000000",
	0,
	'monitor::monitor::increased_activty',
	"00000000-0000-0000-0000-000000000000");
INSERT INTO ACT_BLK
	VALUES ("4454293f-88d6-4635-808b-2597117517a5",
	0,
	0,
	0,
	'',
	'',
	'',
	0,
	0,
	0,
	0,
	0,
	0,
	0,
	0,
	0,
	0,
	0,
	0,
	0,
	"6ef5ec22-660d-45e0-b26a-19b25cad4539",
	"00000000-0000-0000-0000-000000000000");
INSERT INTO PE_PE
	VALUES ("b80555e0-255a-41d6-bddb-2a34559da0e1",
	1,
	"00000000-0000-0000-0000-000000000000",
	"e0b9e174-e379-4344-88b6-ced7f17ce95f",
	7);
INSERT INTO EP_PKG
	VALUES ("b80555e0-255a-41d6-bddb-2a34559da0e1",
	"00000000-0000-0000-0000-000000000000",
	"15b2a15d-7110-4efa-b644-89bd96e12c0e",
	'External Entities',
	'',
	0);
INSERT INTO PE_PE
	VALUES ("886eb477-ad30-4633-aa18-5ae26e7c8bf3",
	1,
	"b80555e0-255a-41d6-bddb-2a34559da0e1",
	"00000000-0000-0000-0000-000000000000",
	5);
INSERT INTO S_EE
	VALUES ("886eb477-ad30-4633-aa18-5ae26e7c8bf3",
	'Logging',
	'',
	'LOG',
	"00000000-0000-0000-0000-000000000000",
	'',
	'Logging');
INSERT INTO S_BRG
	VALUES ("5c20863f-fc90-4f48-b56a-4511951a0f73",
	"886eb477-ad30-4633-aa18-5ae26e7c8bf3",
	'LogInteger',
	'',
	0,
	"ba5eda7a-def5-0000-0000-000000000000",
	'',
	0,
	'');
INSERT INTO S_BPARM
	VALUES ("6aea0257-64eb-4aea-8514-e1ba7fec838c",
	"5c20863f-fc90-4f48-b56a-4511951a0f73",
	'message',
	"ba5eda7a-def5-0000-0000-000000000002",
	0,
	'',
	"00000000-0000-0000-0000-000000000000",
	'');
INSERT INTO S_BRG
	VALUES ("01a015bf-ad9d-499f-9dc9-ff427c44c167",
	"886eb477-ad30-4633-aa18-5ae26e7c8bf3",
	'LogReal',
	'',
	0,
	"ba5eda7a-def5-0000-0000-000000000000",
	'',
	1,
	'');
INSERT INTO S_BPARM
	VALUES ("52e6515e-735e-4687-a93b-17ae99566785",
	"01a015bf-ad9d-499f-9dc9-ff427c44c167",
	'message',
	"ba5eda7a-def5-0000-0000-000000000004",
	0,
	'',
	"00000000-0000-0000-0000-000000000000",
	'');
INSERT INTO S_BPARM
	VALUES ("b2c44089-b7e1-4de6-bf9f-8f497e67049a",
	"01a015bf-ad9d-499f-9dc9-ff427c44c167",
	'r',
	"ba5eda7a-def5-0000-0000-000000000003",
	0,
	'',
	"52e6515e-735e-4687-a93b-17ae99566785",
	'');
INSERT INTO ACT_BRB
	VALUES ("11cb729f-c170-4af7-9103-49ff7d6cfdb2",
	"01a015bf-ad9d-499f-9dc9-ff427c44c167");
INSERT INTO ACT_ACT
	VALUES ("11cb729f-c170-4af7-9103-49ff7d6cfdb2",
	'bridge',
	0,
	"2604ee15-71c0-4c49-bf50-d8d698523c3a",
	"00000000-0000-0000-0000-000000000000",
	0,
	'Logging::LogReal',
	"00000000-0000-0000-0000-000000000000");
INSERT INTO ACT_BLK
	VALUES ("2604ee15-71c0-4c49-bf50-d8d698523c3a",
	0,
	0,
	0,
	'',
	'',
	'',
	0,
	0,
	0,
	0,
	0,
	0,
	0,
	0,
	0,
	0,
	0,
	0,
	0,
	"11cb729f-c170-4af7-9103-49ff7d6cfdb2",
	"00000000-0000-0000-0000-000000000000");
INSERT INTO S_BRG
	VALUES ("4fdc1d8a-8926-44db-a6c1-460f04fe7169",
	"886eb477-ad30-4633-aa18-5ae26e7c8bf3",
	'LogTime',
	'',
	0,
	"ba5eda7a-def5-0000-0000-000000000000",
	'',
	1,
	'');
INSERT INTO S_BPARM
	VALUES ("39e5a840-c2d7-4eb1-a3ae-2f21b7f101b3",
	"4fdc1d8a-8926-44db-a6c1-460f04fe7169",
	'message',
	"ba5eda7a-def5-0000-0000-000000000004",
	0,
	'',
	"00000000-0000-0000-0000-000000000000",
	'');
INSERT INTO S_BPARM
	VALUES ("b440bbb0-7fb9-48c4-b557-d7159e8626f1",
	"4fdc1d8a-8926-44db-a6c1-460f04fe7169",
	't',
	"ba5eda7a-def5-0000-0000-000000000010",
	0,
	'',
	"39e5a840-c2d7-4eb1-a3ae-2f21b7f101b3",
	'');
INSERT INTO ACT_BRB
	VALUES ("1070daba-babc-46e3-91c3-da0708479b8c",
	"4fdc1d8a-8926-44db-a6c1-460f04fe7169");
INSERT INTO ACT_ACT
	VALUES ("1070daba-babc-46e3-91c3-da0708479b8c",
	'bridge',
	0,
	"f9639249-0570-472a-999e-8284fefe4514",
	"00000000-0000-0000-0000-000000000000",
	0,
	'Logging::LogTime',
	"00000000-0000-0000-0000-000000000000");
INSERT INTO ACT_BLK
	VALUES ("f9639249-0570-472a-999e-8284fefe4514",
	0,
	0,
	0,
	'',
	'',
	'',
	0,
	0,
	0,
	0,
	0,
	0,
	0,
	0,
	0,
	0,
	0,
	0,
	0,
	"1070daba-babc-46e3-91c3-da0708479b8c",
	"00000000-0000-0000-0000-000000000000");
INSERT INTO S_BRG
	VALUES ("ee38a825-88e3-4c8a-b37e-b5ac3a4f0a7f",
	"886eb477-ad30-4633-aa18-5ae26e7c8bf3",
	'LogDate',
	'',
	0,
	"ba5eda7a-def5-0000-0000-000000000000",
	'',
	1,
	'');
INSERT INTO S_BPARM
	VALUES ("a3745e7c-c9f4-4702-ac22-976a63fed1d8",
	"ee38a825-88e3-4c8a-b37e-b5ac3a4f0a7f",
	'message',
	"ba5eda7a-def5-0000-0000-000000000004",
	0,
	'',
	"beacd6e1-38be-4750-ab05-563d8ec7d0c6",
	'');
INSERT INTO S_BPARM
	VALUES ("beacd6e1-38be-4750-ab05-563d8ec7d0c6",
	"ee38a825-88e3-4c8a-b37e-b5ac3a4f0a7f",
	'd',
	"ba5eda7a-def5-0000-0000-00000000000e",
	0,
	'',
	"00000000-0000-0000-0000-000000000000",
	'');
INSERT INTO ACT_BRB
	VALUES ("7c53e36b-7d4f-4142-91a4-5045b983ce02",
	"ee38a825-88e3-4c8a-b37e-b5ac3a4f0a7f");
INSERT INTO ACT_ACT
	VALUES ("7c53e36b-7d4f-4142-91a4-5045b983ce02",
	'bridge',
	0,
	"603a8f5e-96a0-4739-9699-ab0ec070a0f1",
	"00000000-0000-0000-0000-000000000000",
	0,
	'Logging::LogDate',
	"00000000-0000-0000-0000-000000000000");
INSERT INTO ACT_BLK
	VALUES ("603a8f5e-96a0-4739-9699-ab0ec070a0f1",
	0,
	0,
	0,
	'',
	'',
	'',
	0,
	0,
	0,
	0,
	0,
	0,
	0,
	0,
	0,
	0,
	0,
	0,
	0,
	"7c53e36b-7d4f-4142-91a4-5045b983ce02",
	"00000000-0000-0000-0000-000000000000");
INSERT INTO S_BRG
	VALUES ("f3e874e2-637e-4f9e-b26f-62c96da29699",
	"886eb477-ad30-4633-aa18-5ae26e7c8bf3",
	'LogInfo',
	'',
	0,
	"ba5eda7a-def5-0000-0000-000000000000",
	'',
	1,
	'');
INSERT INTO S_BPARM
	VALUES ("52b4313c-5af5-4ffa-9048-e76fd582a55a",
	"f3e874e2-637e-4f9e-b26f-62c96da29699",
	'message',
	"ba5eda7a-def5-0000-0000-000000000004",
	0,
	'',
	"00000000-0000-0000-0000-000000000000",
	'');
INSERT INTO ACT_BRB
	VALUES ("c0a6f2dd-3058-4732-9dd9-dcffe5d1770f",
	"f3e874e2-637e-4f9e-b26f-62c96da29699");
INSERT INTO ACT_ACT
	VALUES ("c0a6f2dd-3058-4732-9dd9-dcffe5d1770f",
	'bridge',
	0,
	"92422c12-930e-4d4f-872b-a1a3b232b047",
	"00000000-0000-0000-0000-000000000000",
	0,
	'Logging::LogInfo',
	"00000000-0000-0000-0000-000000000000");
INSERT INTO ACT_BLK
	VALUES ("92422c12-930e-4d4f-872b-a1a3b232b047",
	0,
	0,
	0,
	'',
	'',
	'',
	0,
	0,
	0,
	0,
	0,
	0,
	0,
	0,
	0,
	0,
	0,
	0,
	0,
	"c0a6f2dd-3058-4732-9dd9-dcffe5d1770f",
	"00000000-0000-0000-0000-000000000000");
INSERT INTO S_BRG
	VALUES ("b2ce3cd7-bd88-403c-b4a8-c57a75bc67f3",
	"886eb477-ad30-4633-aa18-5ae26e7c8bf3",
	'LogFailure',
	'',
	0,
	"ba5eda7a-def5-0000-0000-000000000000",
	'',
	1,
	'');
INSERT INTO S_BPARM
	VALUES ("8a24c186-0ead-479e-8428-abd6d70720d9",
	"b2ce3cd7-bd88-403c-b4a8-c57a75bc67f3",
	'message',
	"ba5eda7a-def5-0000-0000-000000000004",
	0,
	'',
	"00000000-0000-0000-0000-000000000000",
	'');
INSERT INTO ACT_BRB
	VALUES ("3b2721f3-3ae1-4ab0-a0c7-2874d4ed2f16",
	"b2ce3cd7-bd88-403c-b4a8-c57a75bc67f3");
INSERT INTO ACT_ACT
	VALUES ("3b2721f3-3ae1-4ab0-a0c7-2874d4ed2f16",
	'bridge',
	0,
	"77ad70a0-472b-4277-990e-4a85f7528d7a",
	"00000000-0000-0000-0000-000000000000",
	0,
	'Logging::LogFailure',
	"00000000-0000-0000-0000-000000000000");
INSERT INTO ACT_BLK
	VALUES ("77ad70a0-472b-4277-990e-4a85f7528d7a",
	0,
	0,
	0,
	'',
	'',
	'',
	0,
	0,
	0,
	0,
	0,
	0,
	0,
	0,
	0,
	0,
	0,
	0,
	0,
	"3b2721f3-3ae1-4ab0-a0c7-2874d4ed2f16",
	"00000000-0000-0000-0000-000000000000");
INSERT INTO S_BRG
	VALUES ("77d5bc2d-0c83-4b84-b1d1-ebed394c5c85",
	"886eb477-ad30-4633-aa18-5ae26e7c8bf3",
	'LogSuccess',
	'',
	0,
	"ba5eda7a-def5-0000-0000-000000000000",
	'',
	1,
	'');
INSERT INTO S_BPARM
	VALUES ("5e1fd9bf-b675-4d03-b2ed-710fb1748c55",
	"77d5bc2d-0c83-4b84-b1d1-ebed394c5c85",
	'message',
	"ba5eda7a-def5-0000-0000-000000000004",
	0,
	'',
	"00000000-0000-0000-0000-000000000000",
	'');
INSERT INTO ACT_BRB
	VALUES ("b5f86a4a-1734-40e4-8061-36014e2c4c29",
	"77d5bc2d-0c83-4b84-b1d1-ebed394c5c85");
INSERT INTO ACT_ACT
	VALUES ("b5f86a4a-1734-40e4-8061-36014e2c4c29",
	'bridge',
	0,
	"9e605021-e439-404c-b8e7-02731c1ce8f9",
	"00000000-0000-0000-0000-000000000000",
	0,
	'Logging::LogSuccess',
	"00000000-0000-0000-0000-000000000000");
INSERT INTO ACT_BLK
	VALUES ("9e605021-e439-404c-b8e7-02731c1ce8f9",
	0,
	0,
	0,
	'',
	'',
	'',
	0,
	0,
	0,
	0,
	0,
	0,
	0,
	0,
	0,
	0,
	0,
	0,
	0,
	"b5f86a4a-1734-40e4-8061-36014e2c4c29",
	"00000000-0000-0000-0000-000000000000");
INSERT INTO PE_PE
	VALUES ("b19224dd-00fa-4c82-96d0-a1de6fb63dd3",
	1,
	"b80555e0-255a-41d6-bddb-2a34559da0e1",
	"00000000-0000-0000-0000-000000000000",
	5);
INSERT INTO S_EE
	VALUES ("b19224dd-00fa-4c82-96d0-a1de6fb63dd3",
	'Architecture',
	'',
	'ARCH',
	"00000000-0000-0000-0000-000000000000",
	'',
	'Architecture');
INSERT INTO S_BRG
	VALUES ("6ffd1c3a-6bf8-49a6-a40e-667e9eb2a496",
	"b19224dd-00fa-4c82-96d0-a1de6fb63dd3",
	'shutdown',
	'',
	0,
	"ba5eda7a-def5-0000-0000-000000000000",
	'control stop;',
	1,
	'');
INSERT INTO ACT_BRB
	VALUES ("9ba1f4aa-f97a-42a3-8296-260dd5e59485",
	"6ffd1c3a-6bf8-49a6-a40e-667e9eb2a496");
INSERT INTO ACT_ACT
	VALUES ("9ba1f4aa-f97a-42a3-8296-260dd5e59485",
	'bridge',
	0,
	"746b6aa9-3d9e-4831-b319-1f20c16f9ec1",
	"00000000-0000-0000-0000-000000000000",
	0,
	'Architecture::shutdown',
	"00000000-0000-0000-0000-000000000000");
INSERT INTO ACT_BLK
	VALUES ("746b6aa9-3d9e-4831-b319-1f20c16f9ec1",
	0,
	0,
	0,
	'',
	'',
	'',
	1,
	1,
	0,
	0,
	0,
	0,
	0,
	0,
	0,
	0,
	0,
	0,
	0,
	"9ba1f4aa-f97a-42a3-8296-260dd5e59485",
	"00000000-0000-0000-0000-000000000000");
INSERT INTO ACT_SMT
	VALUES ("3c45a38a-00bd-47a3-aa89-fd45a2becd90",
	"746b6aa9-3d9e-4831-b319-1f20c16f9ec1",
	"00000000-0000-0000-0000-000000000000",
	1,
	1,
	'Architecture::shutdown line: 1');
INSERT INTO ACT_CTL
	VALUES ("3c45a38a-00bd-47a3-aa89-fd45a2becd90");
INSERT INTO PE_PE
	VALUES ("7d537bd0-1800-46ca-b303-65747756e279",
	1,
	"b80555e0-255a-41d6-bddb-2a34559da0e1",
	"00000000-0000-0000-0000-000000000000",
	5);
INSERT INTO S_EE
	VALUES ("7d537bd0-1800-46ca-b303-65747756e279",
	'Time',
	'The Time external entity provides date, timestamp, and timer related operations.',
	'TIM',
	"00000000-0000-0000-0000-000000000000",
	'',
	'Time');
INSERT INTO S_BRG
	VALUES ("be0f1ce5-c613-4a01-9891-62f7b470cdb8",
	"7d537bd0-1800-46ca-b303-65747756e279",
	'timer_cancel',
	'This bridge operation cancels and deletes the passed timer instance. If the 
timer exists (that is, it had not expired), a TRUE value is returned. If the
timer no longer exists, a FALSE value is returned.',
	1,
	"ba5eda7a-def5-0000-0000-000000000001",
	'',
	0,
	'');
INSERT INTO S_BPARM
	VALUES ("11217a2a-bad4-4f45-bdda-705a2279dc69",
	"be0f1ce5-c613-4a01-9891-62f7b470cdb8",
	'timer_inst_ref',
	"ba5eda7a-def5-0000-0000-00000000000f",
	0,
	'',
	"00000000-0000-0000-0000-000000000000",
	'');
INSERT INTO S_BRG
	VALUES ("3c8e28f5-0766-415f-9cbd-5147f2d7706b",
	"7d537bd0-1800-46ca-b303-65747756e279",
	'timer_add_time',
	'This bridge operation attempts to add the specified number of microseconds to a
passed existing timer. If the timer exists (that is, it has not expired), a TRUE
value is returned. If the timer no longer exists, a FALSE value is returned.',
	1,
	"ba5eda7a-def5-0000-0000-000000000001",
	'',
	0,
	'');
INSERT INTO S_BPARM
	VALUES ("64cd26c8-355d-42bc-bd92-e6355ec4bc54",
	"3c8e28f5-0766-415f-9cbd-5147f2d7706b",
	'microseconds',
	"ba5eda7a-def5-0000-0000-000000000002",
	0,
	'',
	"00000000-0000-0000-0000-000000000000",
	'');
INSERT INTO S_BPARM
	VALUES ("7de235c5-9023-4992-bd30-7e81f127e9eb",
	"3c8e28f5-0766-415f-9cbd-5147f2d7706b",
	'timer_inst_ref',
	"ba5eda7a-def5-0000-0000-00000000000f",
	0,
	'',
	"64cd26c8-355d-42bc-bd92-e6355ec4bc54",
	'');
INSERT INTO S_BRG
	VALUES ("f630496f-2a4a-4c14-b359-2aed7a1c2b9f",
	"7d537bd0-1800-46ca-b303-65747756e279",
	'timer_reset_time',
	'This bridge operation attempts to set the passed existing timer to expire in
the specified number of microseconds. If the timer exists (that is, it has not
expired), a TRUE value is returned. If the timer no longer exists, a FALSE value
is returned.',
	1,
	"ba5eda7a-def5-0000-0000-000000000001",
	'',
	0,
	'');
INSERT INTO S_BPARM
	VALUES ("bf779e86-b326-464e-9c66-40d518e79927",
	"f630496f-2a4a-4c14-b359-2aed7a1c2b9f",
	'microseconds',
	"ba5eda7a-def5-0000-0000-000000000002",
	0,
	'',
	"00000000-0000-0000-0000-000000000000",
	'');
INSERT INTO S_BPARM
	VALUES ("a957ca19-d1b2-465c-a547-c48905e8ddea",
	"f630496f-2a4a-4c14-b359-2aed7a1c2b9f",
	'timer_inst_ref',
	"ba5eda7a-def5-0000-0000-00000000000f",
	0,
	'',
	"bf779e86-b326-464e-9c66-40d518e79927",
	'');
INSERT INTO S_BRG
	VALUES ("70f838f2-9b3a-4852-ac91-db32b248c36a",
	"7d537bd0-1800-46ca-b303-65747756e279",
	'timer_remaining_time',
	'Returns the time remaining (in microseconds) for the passed timer instance. If
the timer has expired, a zero value is returned.',
	1,
	"ba5eda7a-def5-0000-0000-000000000002",
	'',
	0,
	'');
INSERT INTO S_BPARM
	VALUES ("836ba303-da64-4efe-ac92-5547dca8e6e2",
	"70f838f2-9b3a-4852-ac91-db32b248c36a",
	'timer_inst_ref',
	"ba5eda7a-def5-0000-0000-00000000000f",
	0,
	'',
	"00000000-0000-0000-0000-000000000000",
	'');
INSERT INTO S_BRG
	VALUES ("c89c8f88-1396-4ad5-8310-ad7d1fd3b8fc",
	"7d537bd0-1800-46ca-b303-65747756e279",
	'timer_start_recurring',
	'This bridge operation starts a timer set to expire in the specified number of
microseconds, generating the passed event upon expiration. Upon expiration, the
timer will be restarted and fire again in the specified number of microseconds
generating the passed event. This bridge operation returns the instance handle
of the timer.',
	1,
	"ba5eda7a-def5-0000-0000-00000000000f",
	'',
	0,
	'');
INSERT INTO S_BPARM
	VALUES ("5e0cd899-7a83-4da9-8329-ec2a897a14bb",
	"c89c8f88-1396-4ad5-8310-ad7d1fd3b8fc",
	'event_inst',
	"ba5eda7a-def5-0000-0000-00000000000a",
	0,
	'',
	"00000000-0000-0000-0000-000000000000",
	'');
INSERT INTO S_BPARM
	VALUES ("2d2e1878-ca99-46dc-9e95-ae9f59e48361",
	"c89c8f88-1396-4ad5-8310-ad7d1fd3b8fc",
	'microseconds',
	"ba5eda7a-def5-0000-0000-000000000002",
	0,
	'',
	"5e0cd899-7a83-4da9-8329-ec2a897a14bb",
	'');
INSERT INTO S_BRG
	VALUES ("83c91e8f-6af0-4683-a1df-2db4ba29fd01",
	"7d537bd0-1800-46ca-b303-65747756e279",
	'timer_start',
	'This bridge operation starts a timer set to expire in the specified number of
microseconds, generating the passed event upon expiration. Returns the instance
handle of the timer.',
	1,
	"ba5eda7a-def5-0000-0000-00000000000f",
	'',
	0,
	'');
INSERT INTO S_BPARM
	VALUES ("7552e041-0da4-44c7-9303-780178249ae1",
	"83c91e8f-6af0-4683-a1df-2db4ba29fd01",
	'event_inst',
	"ba5eda7a-def5-0000-0000-00000000000a",
	0,
	'',
	"00000000-0000-0000-0000-000000000000",
	'');
INSERT INTO S_BPARM
	VALUES ("beb6ef09-1708-4e55-ab67-cd6dc83e40d3",
	"83c91e8f-6af0-4683-a1df-2db4ba29fd01",
	'microseconds',
	"ba5eda7a-def5-0000-0000-000000000002",
	0,
	'',
	"7552e041-0da4-44c7-9303-780178249ae1",
	'');
INSERT INTO S_BRG
	VALUES ("c2b08336-a02f-437a-8024-06c5e8af63e1",
	"7d537bd0-1800-46ca-b303-65747756e279",
	'current_clock',
	'',
	1,
	"ba5eda7a-def5-0000-0000-000000000010",
	'',
	0,
	'');
INSERT INTO S_BRG
	VALUES ("4f5e0d10-67ed-493f-88c3-7c92fa561b95",
	"7d537bd0-1800-46ca-b303-65747756e279",
	'get_year',
	'',
	1,
	"ba5eda7a-def5-0000-0000-000000000002",
	'',
	0,
	'');
INSERT INTO S_BPARM
	VALUES ("02a20398-0e84-48d1-a096-bd6fea5d2e0a",
	"4f5e0d10-67ed-493f-88c3-7c92fa561b95",
	'date',
	"ba5eda7a-def5-0000-0000-00000000000e",
	0,
	'',
	"00000000-0000-0000-0000-000000000000",
	'');
INSERT INTO S_BRG
	VALUES ("a8ae584a-620d-43aa-a558-54813c0802b7",
	"7d537bd0-1800-46ca-b303-65747756e279",
	'get_month',
	'',
	1,
	"ba5eda7a-def5-0000-0000-000000000002",
	'',
	0,
	'');
INSERT INTO S_BPARM
	VALUES ("22e64dd4-bd54-4fb4-93d7-54968abcee18",
	"a8ae584a-620d-43aa-a558-54813c0802b7",
	'date',
	"ba5eda7a-def5-0000-0000-00000000000e",
	0,
	'',
	"00000000-0000-0000-0000-000000000000",
	'');
INSERT INTO S_BRG
	VALUES ("4ce0110d-6699-469f-9725-d143e483b9c3",
	"7d537bd0-1800-46ca-b303-65747756e279",
	'get_day',
	'',
	1,
	"ba5eda7a-def5-0000-0000-000000000002",
	'',
	0,
	'');
INSERT INTO S_BPARM
	VALUES ("ba84f1e2-5e48-4910-bb3f-e38860bb7674",
	"4ce0110d-6699-469f-9725-d143e483b9c3",
	'date',
	"ba5eda7a-def5-0000-0000-00000000000e",
	0,
	'',
	"00000000-0000-0000-0000-000000000000",
	'');
INSERT INTO S_BRG
	VALUES ("00f15fc3-5b87-43d2-a67f-6eb8d1b671cf",
	"7d537bd0-1800-46ca-b303-65747756e279",
	'get_hour',
	'',
	1,
	"ba5eda7a-def5-0000-0000-000000000002",
	'',
	0,
	'');
INSERT INTO S_BPARM
	VALUES ("35491be4-96d0-46db-86a5-68aa3536e83b",
	"00f15fc3-5b87-43d2-a67f-6eb8d1b671cf",
	'date',
	"ba5eda7a-def5-0000-0000-00000000000e",
	0,
	'',
	"00000000-0000-0000-0000-000000000000",
	'');
INSERT INTO S_BRG
	VALUES ("c6adbda1-dea7-49f3-a60b-dc70ec7a7307",
	"7d537bd0-1800-46ca-b303-65747756e279",
	'get_minute',
	'',
	1,
	"ba5eda7a-def5-0000-0000-000000000002",
	'',
	0,
	'');
INSERT INTO S_BPARM
	VALUES ("80293e8b-80d4-4a74-a8e5-10abfc9eb110",
	"c6adbda1-dea7-49f3-a60b-dc70ec7a7307",
	'date',
	"ba5eda7a-def5-0000-0000-00000000000e",
	0,
	'',
	"00000000-0000-0000-0000-000000000000",
	'');
INSERT INTO S_BRG
	VALUES ("fdf5d2cd-4160-40de-8e4d-75ca8c827b2e",
	"7d537bd0-1800-46ca-b303-65747756e279",
	'get_second',
	'',
	1,
	"ba5eda7a-def5-0000-0000-000000000002",
	'',
	0,
	'');
INSERT INTO S_BPARM
	VALUES ("a08045ae-71dd-4f5b-8c5a-23754751a0fc",
	"fdf5d2cd-4160-40de-8e4d-75ca8c827b2e",
	'date',
	"ba5eda7a-def5-0000-0000-00000000000e",
	0,
	'',
	"00000000-0000-0000-0000-000000000000",
	'');
INSERT INTO S_BRG
	VALUES ("85e1b134-d089-4b2d-bc62-ad75d0727364",
	"7d537bd0-1800-46ca-b303-65747756e279",
	'create_date',
	'',
	1,
	"ba5eda7a-def5-0000-0000-00000000000e",
	'',
	0,
	'');
INSERT INTO S_BPARM
	VALUES ("876537fc-1f77-41c5-aa29-2b4c97e1ec6b",
	"85e1b134-d089-4b2d-bc62-ad75d0727364",
	'year',
	"ba5eda7a-def5-0000-0000-000000000002",
	0,
	'',
	"b7538155-cee0-4057-a641-66d048aeabb0",
	'');
INSERT INTO S_BPARM
	VALUES ("d1d9e48d-3eba-4154-9f39-02406b6c51cd",
	"85e1b134-d089-4b2d-bc62-ad75d0727364",
	'month',
	"ba5eda7a-def5-0000-0000-000000000002",
	0,
	'',
	"9c51f8f0-1d39-4b8b-957f-29e61c29632a",
	'');
INSERT INTO S_BPARM
	VALUES ("659fb7dd-fef5-41f0-88a5-66d09624d41c",
	"85e1b134-d089-4b2d-bc62-ad75d0727364",
	'day',
	"ba5eda7a-def5-0000-0000-000000000002",
	0,
	'',
	"00000000-0000-0000-0000-000000000000",
	'');
INSERT INTO S_BPARM
	VALUES ("eba20eb7-e965-44ea-89ba-64c6e19833bb",
	"85e1b134-d089-4b2d-bc62-ad75d0727364",
	'hour',
	"ba5eda7a-def5-0000-0000-000000000002",
	0,
	'',
	"659fb7dd-fef5-41f0-88a5-66d09624d41c",
	'');
INSERT INTO S_BPARM
	VALUES ("9c51f8f0-1d39-4b8b-957f-29e61c29632a",
	"85e1b134-d089-4b2d-bc62-ad75d0727364",
	'minute',
	"ba5eda7a-def5-0000-0000-000000000002",
	0,
	'',
	"eba20eb7-e965-44ea-89ba-64c6e19833bb",
	'');
INSERT INTO S_BPARM
	VALUES ("b7538155-cee0-4057-a641-66d048aeabb0",
	"85e1b134-d089-4b2d-bc62-ad75d0727364",
	'second',
	"ba5eda7a-def5-0000-0000-000000000002",
	0,
	'',
	"d1d9e48d-3eba-4154-9f39-02406b6c51cd",
	'');
INSERT INTO S_BRG
	VALUES ("520cd557-5460-430d-96b9-d3c084b3d6de",
	"7d537bd0-1800-46ca-b303-65747756e279",
	'current_date',
	'',
	1,
	"ba5eda7a-def5-0000-0000-00000000000e",
	'',
	0,
	'');
INSERT INTO PE_PE
	VALUES ("79417bd8-4d07-4b9f-aa0f-c64f877051b2",
	1,
	"00000000-0000-0000-0000-000000000000",
	"e0b9e174-e379-4344-88b6-ced7f17ce95f",
	7);
INSERT INTO EP_PKG
	VALUES ("79417bd8-4d07-4b9f-aa0f-c64f877051b2",
	"00000000-0000-0000-0000-000000000000",
	"15b2a15d-7110-4efa-b644-89bd96e12c0e",
	'pacemaker',
	'',
	0);
INSERT INTO PE_PE
	VALUES ("37df0e10-44eb-42cf-a2b2-562eaeaa8b91",
	1,
	"79417bd8-4d07-4b9f-aa0f-c64f877051b2",
	"00000000-0000-0000-0000-000000000000",
	4);
INSERT INTO O_OBJ
	VALUES ("37df0e10-44eb-42cf-a2b2-562eaeaa8b91",
	'pacer',
	1,
	'PACER',
	'',
	"00000000-0000-0000-0000-000000000000");
INSERT INTO O_NBATTR
	VALUES ("1f8fb69b-ff69-4d22-a435-be104c488376",
	"37df0e10-44eb-42cf-a2b2-562eaeaa8b91");
INSERT INTO O_BATTR
	VALUES ("1f8fb69b-ff69-4d22-a435-be104c488376",
	"37df0e10-44eb-42cf-a2b2-562eaeaa8b91");
INSERT INTO O_ATTR
	VALUES ("1f8fb69b-ff69-4d22-a435-be104c488376",
	"37df0e10-44eb-42cf-a2b2-562eaeaa8b91",
	"00000000-0000-0000-0000-000000000000",
	'systolic_tolerance',
	'',
	'',
	'systolic_tolerance',
	0,
	"ba5eda7a-def5-0000-0000-000000000002",
	'',
	'');
INSERT INTO O_NBATTR
	VALUES ("243b5417-e7e1-4d36-94fa-03e3b6159880",
	"37df0e10-44eb-42cf-a2b2-562eaeaa8b91");
INSERT INTO O_BATTR
	VALUES ("243b5417-e7e1-4d36-94fa-03e3b6159880",
	"37df0e10-44eb-42cf-a2b2-562eaeaa8b91");
INSERT INTO O_ATTR
	VALUES ("243b5417-e7e1-4d36-94fa-03e3b6159880",
	"37df0e10-44eb-42cf-a2b2-562eaeaa8b91",
	"1f8fb69b-ff69-4d22-a435-be104c488376",
	'diastolic_tolerance',
	'',
	'',
	'diastolic_tolerance',
	0,
	"ba5eda7a-def5-0000-0000-000000000002",
	'',
	'');
INSERT INTO O_NBATTR
	VALUES ("f4962745-a2d2-499c-8574-3f3c18e95ff1",
	"37df0e10-44eb-42cf-a2b2-562eaeaa8b91");
INSERT INTO O_BATTR
	VALUES ("f4962745-a2d2-499c-8574-3f3c18e95ff1",
	"37df0e10-44eb-42cf-a2b2-562eaeaa8b91");
INSERT INTO O_ATTR
	VALUES ("f4962745-a2d2-499c-8574-3f3c18e95ff1",
	"37df0e10-44eb-42cf-a2b2-562eaeaa8b91",
	"30acaacb-b85a-4399-bdda-a483e946d98e",
	'current_state',
	'',
	'',
	'current_state',
	0,
	"ba5eda7a-def5-0000-0000-000000000006",
	'',
	'');
INSERT INTO O_NBATTR
	VALUES ("30acaacb-b85a-4399-bdda-a483e946d98e",
	"37df0e10-44eb-42cf-a2b2-562eaeaa8b91");
INSERT INTO O_BATTR
	VALUES ("30acaacb-b85a-4399-bdda-a483e946d98e",
	"37df0e10-44eb-42cf-a2b2-562eaeaa8b91");
INSERT INTO O_ATTR
	VALUES ("30acaacb-b85a-4399-bdda-a483e946d98e",
	"37df0e10-44eb-42cf-a2b2-562eaeaa8b91",
	"243b5417-e7e1-4d36-94fa-03e3b6159880",
	'cycle_count',
	'',
	'',
	'cycle_count',
	0,
	"ba5eda7a-def5-0000-0000-000000000002",
	'',
	'');
INSERT INTO O_NBATTR
	VALUES ("40761c35-6334-4d6b-b757-b55282ee4019",
	"37df0e10-44eb-42cf-a2b2-562eaeaa8b91");
INSERT INTO O_BATTR
	VALUES ("40761c35-6334-4d6b-b757-b55282ee4019",
	"37df0e10-44eb-42cf-a2b2-562eaeaa8b91");
INSERT INTO O_ATTR
	VALUES ("40761c35-6334-4d6b-b757-b55282ee4019",
	"37df0e10-44eb-42cf-a2b2-562eaeaa8b91",
	"f4962745-a2d2-499c-8574-3f3c18e95ff1",
	'timeout_timer',
	'',
	'',
	'timeout_timer',
	0,
	"ba5eda7a-def5-0000-0000-00000000000f",
	'',
	'');
INSERT INTO O_NBATTR
	VALUES ("de3bd1ca-a337-4d2b-bf0e-cd900d7cf312",
	"37df0e10-44eb-42cf-a2b2-562eaeaa8b91");
INSERT INTO O_BATTR
	VALUES ("de3bd1ca-a337-4d2b-bf0e-cd900d7cf312",
	"37df0e10-44eb-42cf-a2b2-562eaeaa8b91");
INSERT INTO O_ATTR
	VALUES ("de3bd1ca-a337-4d2b-bf0e-cd900d7cf312",
	"37df0e10-44eb-42cf-a2b2-562eaeaa8b91",
	"40761c35-6334-4d6b-b757-b55282ee4019",
	'systolic_timeout',
	'Duration of wait time before we decide that the expected systolic pulse has been missed.',
	'',
	'systolic_timeout',
	0,
	"ba5eda7a-def5-0000-0000-000000000002",
	'',
	'');
INSERT INTO O_NBATTR
	VALUES ("012e9d7d-a08d-4a55-94c5-e3a1e9c6ea02",
	"37df0e10-44eb-42cf-a2b2-562eaeaa8b91");
INSERT INTO O_BATTR
	VALUES ("012e9d7d-a08d-4a55-94c5-e3a1e9c6ea02",
	"37df0e10-44eb-42cf-a2b2-562eaeaa8b91");
INSERT INTO O_ATTR
	VALUES ("012e9d7d-a08d-4a55-94c5-e3a1e9c6ea02",
	"37df0e10-44eb-42cf-a2b2-562eaeaa8b91",
	"de3bd1ca-a337-4d2b-bf0e-cd900d7cf312",
	'diastolic_timeout',
	'Duration of wait time before we decide that the expected diastolic pulse has been missed.',
	'',
	'diastolic_timeout',
	0,
	"ba5eda7a-def5-0000-0000-000000000002",
	'',
	'');
INSERT INTO O_ID
	VALUES (0,
	"37df0e10-44eb-42cf-a2b2-562eaeaa8b91");
INSERT INTO O_ID
	VALUES (1,
	"37df0e10-44eb-42cf-a2b2-562eaeaa8b91");
INSERT INTO O_ID
	VALUES (2,
	"37df0e10-44eb-42cf-a2b2-562eaeaa8b91");
INSERT INTO SM_ISM
	VALUES ("fe897b86-348e-4f91-be9e-44926e987b59",
	"37df0e10-44eb-42cf-a2b2-562eaeaa8b91");
INSERT INTO SM_SM
	VALUES ("fe897b86-348e-4f91-be9e-44926e987b59",
	'',
	0);
INSERT INTO SM_MOORE
	VALUES ("fe897b86-348e-4f91-be9e-44926e987b59");
INSERT INTO SM_EVTDI
	VALUES ("121fc0cc-8728-449e-b3ac-948b6cda5837",
	"fe897b86-348e-4f91-be9e-44926e987b59",
	'blood_temp',
	'',
	"ba5eda7a-def5-0000-0000-000000000002",
	'',
	"b2e23e4d-6075-460f-8f8a-4d678fae5b4a",
	"00000000-0000-0000-0000-000000000000");
INSERT INTO SM_EVTDI
	VALUES ("05a4199a-a655-4c1a-8cad-2b8f88084321",
	"fe897b86-348e-4f91-be9e-44926e987b59",
	'respiratory_rate',
	'',
	"ba5eda7a-def5-0000-0000-000000000002",
	'',
	"b2e23e4d-6075-460f-8f8a-4d678fae5b4a",
	"121fc0cc-8728-449e-b3ac-948b6cda5837");
INSERT INTO SM_LEVT
	VALUES ("e65ffa7f-22ef-4029-b0d5-f1ae56a1fc8e",
	"fe897b86-348e-4f91-be9e-44926e987b59",
	"00000000-0000-0000-0000-000000000000");
INSERT INTO SM_SEVT
	VALUES ("e65ffa7f-22ef-4029-b0d5-f1ae56a1fc8e",
	"fe897b86-348e-4f91-be9e-44926e987b59",
	"00000000-0000-0000-0000-000000000000");
INSERT INTO SM_EVT
	VALUES ("e65ffa7f-22ef-4029-b0d5-f1ae56a1fc8e",
	"fe897b86-348e-4f91-be9e-44926e987b59",
	"00000000-0000-0000-0000-000000000000",
	1,
	'systolic_pulse',
	0,
	'',
	'PACER1',
	'');
INSERT INTO SM_LEVT
	VALUES ("21c22857-7533-4482-ac24-a6655e5ca2bc",
	"fe897b86-348e-4f91-be9e-44926e987b59",
	"00000000-0000-0000-0000-000000000000");
INSERT INTO SM_SEVT
	VALUES ("21c22857-7533-4482-ac24-a6655e5ca2bc",
	"fe897b86-348e-4f91-be9e-44926e987b59",
	"00000000-0000-0000-0000-000000000000");
INSERT INTO SM_EVT
	VALUES ("21c22857-7533-4482-ac24-a6655e5ca2bc",
	"fe897b86-348e-4f91-be9e-44926e987b59",
	"00000000-0000-0000-0000-000000000000",
	2,
	'diastolic_pulse',
	0,
	'',
	'PACER2',
	'');
INSERT INTO SM_LEVT
	VALUES ("e21167e3-2ebe-40ce-8a6e-029667752180",
	"fe897b86-348e-4f91-be9e-44926e987b59",
	"00000000-0000-0000-0000-000000000000");
INSERT INTO SM_SEVT
	VALUES ("e21167e3-2ebe-40ce-8a6e-029667752180",
	"fe897b86-348e-4f91-be9e-44926e987b59",
	"00000000-0000-0000-0000-000000000000");
INSERT INTO SM_EVT
	VALUES ("e21167e3-2ebe-40ce-8a6e-029667752180",
	"fe897b86-348e-4f91-be9e-44926e987b59",
	"00000000-0000-0000-0000-000000000000",
	3,
	'timeout',
	0,
	'',
	'PACER3',
	'');
INSERT INTO SM_LEVT
	VALUES ("b2e23e4d-6075-460f-8f8a-4d678fae5b4a",
	"fe897b86-348e-4f91-be9e-44926e987b59",
	"00000000-0000-0000-0000-000000000000");
INSERT INTO SM_SEVT
	VALUES ("b2e23e4d-6075-460f-8f8a-4d678fae5b4a",
	"fe897b86-348e-4f91-be9e-44926e987b59",
	"00000000-0000-0000-0000-000000000000");
INSERT INTO SM_EVT
	VALUES ("b2e23e4d-6075-460f-8f8a-4d678fae5b4a",
	"fe897b86-348e-4f91-be9e-44926e987b59",
	"00000000-0000-0000-0000-000000000000",
	4,
	'increased_activity',
	0,
	'',
	'PACER4',
	'');
INSERT INTO SM_LEVT
	VALUES ("aa336b0a-cf83-4695-9a19-b140f862a6f7",
	"fe897b86-348e-4f91-be9e-44926e987b59",
	"00000000-0000-0000-0000-000000000000");
INSERT INTO SM_SEVT
	VALUES ("aa336b0a-cf83-4695-9a19-b140f862a6f7",
	"fe897b86-348e-4f91-be9e-44926e987b59",
	"00000000-0000-0000-0000-000000000000");
INSERT INTO SM_EVT
	VALUES ("aa336b0a-cf83-4695-9a19-b140f862a6f7",
	"fe897b86-348e-4f91-be9e-44926e987b59",
	"00000000-0000-0000-0000-000000000000",
	5,
	'rate_increased',
	0,
	'',
	'PACER5',
	'');
INSERT INTO SM_STATE
	VALUES ("87b18a90-7e2f-4651-98c4-3fd876899757",
	"fe897b86-348e-4f91-be9e-44926e987b59",
	"00000000-0000-0000-0000-000000000000",
	'syncing',
	1,
	0);
INSERT INTO SM_SEME
	VALUES ("87b18a90-7e2f-4651-98c4-3fd876899757",
	"e65ffa7f-22ef-4029-b0d5-f1ae56a1fc8e",
	"fe897b86-348e-4f91-be9e-44926e987b59",
	"00000000-0000-0000-0000-000000000000");
INSERT INTO SM_SEME
	VALUES ("87b18a90-7e2f-4651-98c4-3fd876899757",
	"21c22857-7533-4482-ac24-a6655e5ca2bc",
	"fe897b86-348e-4f91-be9e-44926e987b59",
	"00000000-0000-0000-0000-000000000000");
INSERT INTO SM_CH
	VALUES ("87b18a90-7e2f-4651-98c4-3fd876899757",
	"e21167e3-2ebe-40ce-8a6e-029667752180",
	"fe897b86-348e-4f91-be9e-44926e987b59",
	"00000000-0000-0000-0000-000000000000",
	'');
INSERT INTO SM_SEME
	VALUES ("87b18a90-7e2f-4651-98c4-3fd876899757",
	"e21167e3-2ebe-40ce-8a6e-029667752180",
	"fe897b86-348e-4f91-be9e-44926e987b59",
	"00000000-0000-0000-0000-000000000000");
INSERT INTO SM_SEME
	VALUES ("87b18a90-7e2f-4651-98c4-3fd876899757",
	"b2e23e4d-6075-460f-8f8a-4d678fae5b4a",
	"fe897b86-348e-4f91-be9e-44926e987b59",
	"00000000-0000-0000-0000-000000000000");
INSERT INTO SM_CH
	VALUES ("87b18a90-7e2f-4651-98c4-3fd876899757",
	"aa336b0a-cf83-4695-9a19-b140f862a6f7",
	"fe897b86-348e-4f91-be9e-44926e987b59",
	"00000000-0000-0000-0000-000000000000",
	'');
INSERT INTO SM_SEME
	VALUES ("87b18a90-7e2f-4651-98c4-3fd876899757",
	"aa336b0a-cf83-4695-9a19-b140f862a6f7",
	"fe897b86-348e-4f91-be9e-44926e987b59",
	"00000000-0000-0000-0000-000000000000");
INSERT INTO SM_MOAH
	VALUES ("0d03d0e0-03b2-42ff-bcf5-594578e3f70d",
	"fe897b86-348e-4f91-be9e-44926e987b59",
	"87b18a90-7e2f-4651-98c4-3fd876899757");
INSERT INTO SM_AH
	VALUES ("0d03d0e0-03b2-42ff-bcf5-594578e3f70d",
	"fe897b86-348e-4f91-be9e-44926e987b59");
INSERT INTO SM_ACT
	VALUES ("0d03d0e0-03b2-42ff-bcf5-594578e3f70d",
	"fe897b86-348e-4f91-be9e-44926e987b59",
	1,
	'',
	'');
INSERT INTO ACT_SAB
	VALUES ("6c7c14ef-9965-453f-bf1d-497495cfa375",
	"fe897b86-348e-4f91-be9e-44926e987b59",
	"0d03d0e0-03b2-42ff-bcf5-594578e3f70d");
INSERT INTO ACT_ACT
	VALUES ("6c7c14ef-9965-453f-bf1d-497495cfa375",
	'state',
	0,
	"55afb7ec-440d-4ab1-98ba-ad6285e7c449",
	"00000000-0000-0000-0000-000000000000",
	0,
	'pacer::syncing',
	"00000000-0000-0000-0000-000000000000");
INSERT INTO ACT_BLK
	VALUES ("55afb7ec-440d-4ab1-98ba-ad6285e7c449",
	0,
	0,
	0,
	'',
	'',
	'',
	0,
	0,
	0,
	0,
	0,
	0,
	0,
	0,
	0,
	0,
	0,
	0,
	0,
	"6c7c14ef-9965-453f-bf1d-497495cfa375",
	"00000000-0000-0000-0000-000000000000");
INSERT INTO SM_STATE
	VALUES ("8f42f2fd-54a8-4ee0-8bcc-8a5b2aa72aa6",
	"fe897b86-348e-4f91-be9e-44926e987b59",
	"00000000-0000-0000-0000-000000000000",
	'listening for systolic pulse',
	2,
	0);
INSERT INTO SM_SEME
	VALUES ("8f42f2fd-54a8-4ee0-8bcc-8a5b2aa72aa6",
	"e65ffa7f-22ef-4029-b0d5-f1ae56a1fc8e",
	"fe897b86-348e-4f91-be9e-44926e987b59",
	"00000000-0000-0000-0000-000000000000");
INSERT INTO SM_CH
	VALUES ("8f42f2fd-54a8-4ee0-8bcc-8a5b2aa72aa6",
	"21c22857-7533-4482-ac24-a6655e5ca2bc",
	"fe897b86-348e-4f91-be9e-44926e987b59",
	"00000000-0000-0000-0000-000000000000",
	'');
INSERT INTO SM_SEME
	VALUES ("8f42f2fd-54a8-4ee0-8bcc-8a5b2aa72aa6",
	"21c22857-7533-4482-ac24-a6655e5ca2bc",
	"fe897b86-348e-4f91-be9e-44926e987b59",
	"00000000-0000-0000-0000-000000000000");
INSERT INTO SM_SEME
	VALUES ("8f42f2fd-54a8-4ee0-8bcc-8a5b2aa72aa6",
	"e21167e3-2ebe-40ce-8a6e-029667752180",
	"fe897b86-348e-4f91-be9e-44926e987b59",
	"00000000-0000-0000-0000-000000000000");
INSERT INTO SM_CH
	VALUES ("8f42f2fd-54a8-4ee0-8bcc-8a5b2aa72aa6",
	"b2e23e4d-6075-460f-8f8a-4d678fae5b4a",
	"fe897b86-348e-4f91-be9e-44926e987b59",
	"00000000-0000-0000-0000-000000000000",
	'');
INSERT INTO SM_SEME
	VALUES ("8f42f2fd-54a8-4ee0-8bcc-8a5b2aa72aa6",
	"b2e23e4d-6075-460f-8f8a-4d678fae5b4a",
	"fe897b86-348e-4f91-be9e-44926e987b59",
	"00000000-0000-0000-0000-000000000000");
INSERT INTO SM_CH
	VALUES ("8f42f2fd-54a8-4ee0-8bcc-8a5b2aa72aa6",
	"aa336b0a-cf83-4695-9a19-b140f862a6f7",
	"fe897b86-348e-4f91-be9e-44926e987b59",
	"00000000-0000-0000-0000-000000000000",
	'');
INSERT INTO SM_SEME
	VALUES ("8f42f2fd-54a8-4ee0-8bcc-8a5b2aa72aa6",
	"aa336b0a-cf83-4695-9a19-b140f862a6f7",
	"fe897b86-348e-4f91-be9e-44926e987b59",
	"00000000-0000-0000-0000-000000000000");
INSERT INTO SM_MOAH
	VALUES ("8b741343-bdec-4269-b2bd-05034f4293e4",
	"fe897b86-348e-4f91-be9e-44926e987b59",
	"8f42f2fd-54a8-4ee0-8bcc-8a5b2aa72aa6");
INSERT INTO SM_AH
	VALUES ("8b741343-bdec-4269-b2bd-05034f4293e4",
	"fe897b86-348e-4f91-be9e-44926e987b59");
INSERT INTO SM_ACT
	VALUES ("8b741343-bdec-4269-b2bd-05034f4293e4",
	"fe897b86-348e-4f91-be9e-44926e987b59",
	1,
	'// Cancel existing timeout timer
existed = TIM::timer_cancel(timer_inst_ref:self.timeout_timer);

// Set up the timeout timer
create event instance timeout of PACER3:''timeout'' to self;
self.timeout_timer = TIM::timer_start(microseconds:self.systolic_timeout,
                                                            event_inst:timeout);

self.cycle_count = self.cycle_count + 1;
LOG::LogInfo( message:"cycle count" );
LOG::LogInteger( message:self.cycle_count );
',
	'');
INSERT INTO ACT_SAB
	VALUES ("ca02eb12-5761-43fe-97c1-d968cef4e908",
	"fe897b86-348e-4f91-be9e-44926e987b59",
	"8b741343-bdec-4269-b2bd-05034f4293e4");
INSERT INTO ACT_ACT
	VALUES ("ca02eb12-5761-43fe-97c1-d968cef4e908",
	'state',
	0,
	"661cf176-9b01-488e-9d76-5717c1b536dd",
	"00000000-0000-0000-0000-000000000000",
	0,
	'pacer::listening for systolic pulse',
	"00000000-0000-0000-0000-000000000000");
INSERT INTO ACT_BLK
	VALUES ("661cf176-9b01-488e-9d76-5717c1b536dd",
	0,
	0,
	0,
	'LOG',
	'',
	'',
	11,
	1,
	11,
	1,
	0,
	0,
	0,
	0,
	0,
	0,
	0,
	0,
	0,
	"ca02eb12-5761-43fe-97c1-d968cef4e908",
	"00000000-0000-0000-0000-000000000000");
INSERT INTO ACT_SMT
	VALUES ("05a435d5-041a-439f-876e-0c8c93ef6ecc",
	"661cf176-9b01-488e-9d76-5717c1b536dd",
	"5c540923-2ab9-4c9d-9866-029d3f29636d",
	2,
	1,
	'pacer::listening for systolic pulse line: 2');
INSERT INTO ACT_AI
	VALUES ("05a435d5-041a-439f-876e-0c8c93ef6ecc",
	"1c1ce13e-b11d-45ed-b8a2-dc862e48046a",
	"78a9c636-4182-4d94-90ad-a1c862345c96",
	0,
	0);
INSERT INTO ACT_SMT
	VALUES ("5c540923-2ab9-4c9d-9866-029d3f29636d",
	"661cf176-9b01-488e-9d76-5717c1b536dd",
	"ab91d9c6-7997-479e-b87c-27794458be9e",
	5,
	1,
	'pacer::listening for systolic pulse line: 5');
INSERT INTO E_ESS
	VALUES ("5c540923-2ab9-4c9d-9866-029d3f29636d",
	1,
	0,
	5,
	34,
	5,
	41,
	2,
	11,
	0,
	0,
	0,
	0);
INSERT INTO E_CES
	VALUES ("5c540923-2ab9-4c9d-9866-029d3f29636d",
	1,
	"f4adc637-40e1-45f6-ab08-07ed7a791787");
INSERT INTO E_CSME
	VALUES ("5c540923-2ab9-4c9d-9866-029d3f29636d",
	"e21167e3-2ebe-40ce-8a6e-029667752180");
INSERT INTO E_CEI
	VALUES ("5c540923-2ab9-4c9d-9866-029d3f29636d",
	"42682f03-0d87-4e53-886a-d394cfb8ab3f");
INSERT INTO ACT_SMT
	VALUES ("ab91d9c6-7997-479e-b87c-27794458be9e",
	"661cf176-9b01-488e-9d76-5717c1b536dd",
	"3ee43f40-7bff-42be-bb32-457e4f0fd6c6",
	6,
	1,
	'pacer::listening for systolic pulse line: 6');
INSERT INTO ACT_AI
	VALUES ("ab91d9c6-7997-479e-b87c-27794458be9e",
	"63a8042e-21c4-442e-9c76-a0da61ba4b32",
	"0bf366e7-51c1-451c-aac2-b3d26ff69eac",
	0,
	0);
INSERT INTO ACT_SMT
	VALUES ("3ee43f40-7bff-42be-bb32-457e4f0fd6c6",
	"661cf176-9b01-488e-9d76-5717c1b536dd",
	"5eab564f-185e-47c4-bc82-0a6c992235f4",
	9,
	1,
	'pacer::listening for systolic pulse line: 9');
INSERT INTO ACT_AI
	VALUES ("3ee43f40-7bff-42be-bb32-457e4f0fd6c6",
	"fbaa4bfa-b11a-4e4a-a6b4-0e9884be8990",
	"187453cf-f03d-46c4-b27a-d144a4eab7d1",
	0,
	0);
INSERT INTO ACT_SMT
	VALUES ("5eab564f-185e-47c4-bc82-0a6c992235f4",
	"661cf176-9b01-488e-9d76-5717c1b536dd",
	"1aa9ca62-df4b-4ec6-9361-9c12f366f690",
	10,
	1,
	'pacer::listening for systolic pulse line: 10');
INSERT INTO ACT_BRG
	VALUES ("5eab564f-185e-47c4-bc82-0a6c992235f4",
	"f3e874e2-637e-4f9e-b26f-62c96da29699",
	10,
	6,
	10,
	1);
INSERT INTO ACT_SMT
	VALUES ("1aa9ca62-df4b-4ec6-9361-9c12f366f690",
	"661cf176-9b01-488e-9d76-5717c1b536dd",
	"00000000-0000-0000-0000-000000000000",
	11,
	1,
	'pacer::listening for systolic pulse line: 11');
INSERT INTO ACT_BRG
	VALUES ("1aa9ca62-df4b-4ec6-9361-9c12f366f690",
	"5c20863f-fc90-4f48-b56a-4511951a0f73",
	11,
	6,
	11,
	1);
INSERT INTO V_VAL
	VALUES ("78a9c636-4182-4d94-90ad-a1c862345c96",
	1,
	1,
	2,
	1,
	7,
	0,
	0,
	0,
	0,
	"ba5eda7a-def5-0000-0000-000000000001",
	"661cf176-9b01-488e-9d76-5717c1b536dd");
INSERT INTO V_TVL
	VALUES ("78a9c636-4182-4d94-90ad-a1c862345c96",
	"b963b821-395e-4f25-986d-cfddaa636d90");
INSERT INTO V_VAL
	VALUES ("1c1ce13e-b11d-45ed-b8a2-dc862e48046a",
	0,
	0,
	2,
	16,
	-1,
	2,
	29,
	0,
	0,
	"ba5eda7a-def5-0000-0000-000000000001",
	"661cf176-9b01-488e-9d76-5717c1b536dd");
INSERT INTO V_BRV
	VALUES ("1c1ce13e-b11d-45ed-b8a2-dc862e48046a",
	"be0f1ce5-c613-4a01-9891-62f7b470cdb8",
	1,
	2,
	11);
INSERT INTO V_VAL
	VALUES ("5290c707-64e9-4b3a-825c-4e03f6bf75ac",
	0,
	0,
	2,
	44,
	47,
	0,
	0,
	0,
	0,
	"ba5eda7a-def5-0000-0000-000000000008",
	"661cf176-9b01-488e-9d76-5717c1b536dd");
INSERT INTO V_IRF
	VALUES ("5290c707-64e9-4b3a-825c-4e03f6bf75ac",
	"42682f03-0d87-4e53-886a-d394cfb8ab3f");
INSERT INTO V_VAL
	VALUES ("d84477d8-2733-408e-9a1a-abc53a04b292",
	0,
	0,
	2,
	49,
	61,
	0,
	0,
	0,
	0,
	"ba5eda7a-def5-0000-0000-00000000000f",
	"661cf176-9b01-488e-9d76-5717c1b536dd");
INSERT INTO V_AVL
	VALUES ("d84477d8-2733-408e-9a1a-abc53a04b292",
	"5290c707-64e9-4b3a-825c-4e03f6bf75ac",
	"37df0e10-44eb-42cf-a2b2-562eaeaa8b91",
	"40761c35-6334-4d6b-b757-b55282ee4019");
INSERT INTO V_PAR
	VALUES ("d84477d8-2733-408e-9a1a-abc53a04b292",
	"00000000-0000-0000-0000-000000000000",
	"1c1ce13e-b11d-45ed-b8a2-dc862e48046a",
	'timer_inst_ref',
	"00000000-0000-0000-0000-000000000000",
	2,
	29);
INSERT INTO V_VAL
	VALUES ("c7fb2b01-75c7-4034-93a3-c6f80bd4c50d",
	1,
	0,
	6,
	1,
	4,
	0,
	0,
	0,
	0,
	"ba5eda7a-def5-0000-0000-000000000008",
	"661cf176-9b01-488e-9d76-5717c1b536dd");
INSERT INTO V_IRF
	VALUES ("c7fb2b01-75c7-4034-93a3-c6f80bd4c50d",
	"42682f03-0d87-4e53-886a-d394cfb8ab3f");
INSERT INTO V_VAL
	VALUES ("0bf366e7-51c1-451c-aac2-b3d26ff69eac",
	1,
	0,
	6,
	6,
	18,
	0,
	0,
	0,
	0,
	"ba5eda7a-def5-0000-0000-00000000000f",
	"661cf176-9b01-488e-9d76-5717c1b536dd");
INSERT INTO V_AVL
	VALUES ("0bf366e7-51c1-451c-aac2-b3d26ff69eac",
	"c7fb2b01-75c7-4034-93a3-c6f80bd4c50d",
	"37df0e10-44eb-42cf-a2b2-562eaeaa8b91",
	"40761c35-6334-4d6b-b757-b55282ee4019");
INSERT INTO V_VAL
	VALUES ("63a8042e-21c4-442e-9c76-a0da61ba4b32",
	0,
	0,
	6,
	27,
	-1,
	6,
	39,
	7,
	61,
	"ba5eda7a-def5-0000-0000-00000000000f",
	"661cf176-9b01-488e-9d76-5717c1b536dd");
INSERT INTO V_BRV
	VALUES ("63a8042e-21c4-442e-9c76-a0da61ba4b32",
	"83c91e8f-6af0-4683-a1df-2db4ba29fd01",
	1,
	6,
	22);
INSERT INTO V_VAL
	VALUES ("5e455ebc-3ac9-4272-a077-410eb52f7a9f",
	0,
	0,
	6,
	52,
	55,
	0,
	0,
	0,
	0,
	"ba5eda7a-def5-0000-0000-000000000008",
	"661cf176-9b01-488e-9d76-5717c1b536dd");
INSERT INTO V_IRF
	VALUES ("5e455ebc-3ac9-4272-a077-410eb52f7a9f",
	"42682f03-0d87-4e53-886a-d394cfb8ab3f");
INSERT INTO V_VAL
	VALUES ("9f8f7dd4-39fc-4122-93c2-a94d8f6fb7ba",
	0,
	0,
	6,
	57,
	72,
	0,
	0,
	0,
	0,
	"ba5eda7a-def5-0000-0000-000000000002",
	"661cf176-9b01-488e-9d76-5717c1b536dd");
INSERT INTO V_AVL
	VALUES ("9f8f7dd4-39fc-4122-93c2-a94d8f6fb7ba",
	"5e455ebc-3ac9-4272-a077-410eb52f7a9f",
	"37df0e10-44eb-42cf-a2b2-562eaeaa8b91",
	"de3bd1ca-a337-4d2b-bf0e-cd900d7cf312");
INSERT INTO V_PAR
	VALUES ("9f8f7dd4-39fc-4122-93c2-a94d8f6fb7ba",
	"00000000-0000-0000-0000-000000000000",
	"63a8042e-21c4-442e-9c76-a0da61ba4b32",
	'microseconds',
	"716dadcf-c4a3-4b46-94b2-09e03514bd67",
	6,
	39);
INSERT INTO V_VAL
	VALUES ("716dadcf-c4a3-4b46-94b2-09e03514bd67",
	0,
	0,
	7,
	72,
	78,
	0,
	0,
	0,
	0,
	"ba5eda7a-def5-0000-0000-00000000000a",
	"661cf176-9b01-488e-9d76-5717c1b536dd");
INSERT INTO V_TVL
	VALUES ("716dadcf-c4a3-4b46-94b2-09e03514bd67",
	"f4adc637-40e1-45f6-ab08-07ed7a791787");
INSERT INTO V_PAR
	VALUES ("716dadcf-c4a3-4b46-94b2-09e03514bd67",
	"00000000-0000-0000-0000-000000000000",
	"63a8042e-21c4-442e-9c76-a0da61ba4b32",
	'event_inst',
	"00000000-0000-0000-0000-000000000000",
	7,
	61);
INSERT INTO V_VAL
	VALUES ("022862a6-d6c3-4695-a830-594e7cf0a5c0",
	1,
	0,
	9,
	1,
	4,
	0,
	0,
	0,
	0,
	"ba5eda7a-def5-0000-0000-000000000008",
	"661cf176-9b01-488e-9d76-5717c1b536dd");
INSERT INTO V_IRF
	VALUES ("022862a6-d6c3-4695-a830-594e7cf0a5c0",
	"42682f03-0d87-4e53-886a-d394cfb8ab3f");
INSERT INTO V_VAL
	VALUES ("187453cf-f03d-46c4-b27a-d144a4eab7d1",
	1,
	0,
	9,
	6,
	16,
	0,
	0,
	0,
	0,
	"ba5eda7a-def5-0000-0000-000000000002",
	"661cf176-9b01-488e-9d76-5717c1b536dd");
INSERT INTO V_AVL
	VALUES ("187453cf-f03d-46c4-b27a-d144a4eab7d1",
	"022862a6-d6c3-4695-a830-594e7cf0a5c0",
	"37df0e10-44eb-42cf-a2b2-562eaeaa8b91",
	"30acaacb-b85a-4399-bdda-a483e946d98e");
INSERT INTO V_VAL
	VALUES ("a2231b5a-1f3f-46d0-822b-0e65a2e2f944",
	0,
	0,
	9,
	20,
	23,
	0,
	0,
	0,
	0,
	"ba5eda7a-def5-0000-0000-000000000008",
	"661cf176-9b01-488e-9d76-5717c1b536dd");
INSERT INTO V_IRF
	VALUES ("a2231b5a-1f3f-46d0-822b-0e65a2e2f944",
	"42682f03-0d87-4e53-886a-d394cfb8ab3f");
INSERT INTO V_VAL
	VALUES ("6c113558-d165-434f-91ae-09eecf73e45e",
	0,
	0,
	9,
	25,
	35,
	0,
	0,
	0,
	0,
	"ba5eda7a-def5-0000-0000-000000000002",
	"661cf176-9b01-488e-9d76-5717c1b536dd");
INSERT INTO V_AVL
	VALUES ("6c113558-d165-434f-91ae-09eecf73e45e",
	"a2231b5a-1f3f-46d0-822b-0e65a2e2f944",
	"37df0e10-44eb-42cf-a2b2-562eaeaa8b91",
	"30acaacb-b85a-4399-bdda-a483e946d98e");
INSERT INTO V_VAL
	VALUES ("fbaa4bfa-b11a-4e4a-a6b4-0e9884be8990",
	0,
	0,
	-1,
	-1,
	-1,
	0,
	0,
	0,
	0,
	"ba5eda7a-def5-0000-0000-000000000002",
	"661cf176-9b01-488e-9d76-5717c1b536dd");
INSERT INTO V_BIN
	VALUES ("fbaa4bfa-b11a-4e4a-a6b4-0e9884be8990",
	"7d144053-bd03-4ea8-a60f-5cb99625a1f3",
	"6c113558-d165-434f-91ae-09eecf73e45e",
	'+');
INSERT INTO V_VAL
	VALUES ("7d144053-bd03-4ea8-a60f-5cb99625a1f3",
	0,
	0,
	9,
	39,
	39,
	0,
	0,
	0,
	0,
	"ba5eda7a-def5-0000-0000-000000000002",
	"661cf176-9b01-488e-9d76-5717c1b536dd");
INSERT INTO V_LIN
	VALUES ("7d144053-bd03-4ea8-a60f-5cb99625a1f3",
	'1');
INSERT INTO V_VAL
	VALUES ("9aca2018-4aac-45f7-892b-d9d32efcfa40",
	0,
	0,
	10,
	23,
	34,
	0,
	0,
	0,
	0,
	"ba5eda7a-def5-0000-0000-000000000004",
	"661cf176-9b01-488e-9d76-5717c1b536dd");
INSERT INTO V_LST
	VALUES ("9aca2018-4aac-45f7-892b-d9d32efcfa40",
	'cycle count');
INSERT INTO V_PAR
	VALUES ("9aca2018-4aac-45f7-892b-d9d32efcfa40",
	"5eab564f-185e-47c4-bc82-0a6c992235f4",
	"00000000-0000-0000-0000-000000000000",
	'message',
	"00000000-0000-0000-0000-000000000000",
	10,
	15);
INSERT INTO V_VAL
	VALUES ("79576fd2-9803-4cea-9eec-ce33cbc13600",
	0,
	0,
	11,
	26,
	29,
	0,
	0,
	0,
	0,
	"ba5eda7a-def5-0000-0000-000000000008",
	"661cf176-9b01-488e-9d76-5717c1b536dd");
INSERT INTO V_IRF
	VALUES ("79576fd2-9803-4cea-9eec-ce33cbc13600",
	"42682f03-0d87-4e53-886a-d394cfb8ab3f");
INSERT INTO V_VAL
	VALUES ("7d9c8f56-ea95-4487-8d2a-25478d0975ec",
	0,
	0,
	11,
	31,
	41,
	0,
	0,
	0,
	0,
	"ba5eda7a-def5-0000-0000-000000000002",
	"661cf176-9b01-488e-9d76-5717c1b536dd");
INSERT INTO V_AVL
	VALUES ("7d9c8f56-ea95-4487-8d2a-25478d0975ec",
	"79576fd2-9803-4cea-9eec-ce33cbc13600",
	"37df0e10-44eb-42cf-a2b2-562eaeaa8b91",
	"30acaacb-b85a-4399-bdda-a483e946d98e");
INSERT INTO V_PAR
	VALUES ("7d9c8f56-ea95-4487-8d2a-25478d0975ec",
	"1aa9ca62-df4b-4ec6-9361-9c12f366f690",
	"00000000-0000-0000-0000-000000000000",
	'message',
	"00000000-0000-0000-0000-000000000000",
	11,
	18);
INSERT INTO V_VAR
	VALUES ("b963b821-395e-4f25-986d-cfddaa636d90",
	"661cf176-9b01-488e-9d76-5717c1b536dd",
	'existed',
	1,
	"ba5eda7a-def5-0000-0000-000000000001");
INSERT INTO V_TRN
	VALUES ("b963b821-395e-4f25-986d-cfddaa636d90",
	"00000000-0000-0000-0000-000000000000",
	'');
INSERT INTO V_LOC
	VALUES ("8439b260-5f80-4036-a651-cf64a3c9a263",
	2,
	1,
	7,
	"b963b821-395e-4f25-986d-cfddaa636d90");
INSERT INTO V_VAR
	VALUES ("42682f03-0d87-4e53-886a-d394cfb8ab3f",
	"661cf176-9b01-488e-9d76-5717c1b536dd",
	'self',
	1,
	"ba5eda7a-def5-0000-0000-000000000008");
INSERT INTO V_INT
	VALUES ("42682f03-0d87-4e53-886a-d394cfb8ab3f",
	0,
	"37df0e10-44eb-42cf-a2b2-562eaeaa8b91");
INSERT INTO V_LOC
	VALUES ("1adf2c39-f186-4af0-bae6-aa7120db411c",
	2,
	44,
	47,
	"42682f03-0d87-4e53-886a-d394cfb8ab3f");
INSERT INTO V_LOC
	VALUES ("478bfbf0-5d2f-4589-96d5-3dd5c67a30cc",
	5,
	54,
	57,
	"42682f03-0d87-4e53-886a-d394cfb8ab3f");
INSERT INTO V_LOC
	VALUES ("d6b31ef5-76c9-4aae-9875-24f127cf4bc1",
	6,
	1,
	4,
	"42682f03-0d87-4e53-886a-d394cfb8ab3f");
INSERT INTO V_LOC
	VALUES ("121dd5c5-515f-4e76-a717-901ee3562932",
	6,
	52,
	55,
	"42682f03-0d87-4e53-886a-d394cfb8ab3f");
INSERT INTO V_LOC
	VALUES ("862878b5-45af-416c-938a-30f3ec0cced0",
	9,
	1,
	4,
	"42682f03-0d87-4e53-886a-d394cfb8ab3f");
INSERT INTO V_LOC
	VALUES ("1a98a069-2226-4b7c-bd9e-ba7e7563c95c",
	9,
	20,
	23,
	"42682f03-0d87-4e53-886a-d394cfb8ab3f");
INSERT INTO V_LOC
	VALUES ("ac976171-08e1-4d30-9743-4c8d8e3ccd34",
	11,
	26,
	29,
	"42682f03-0d87-4e53-886a-d394cfb8ab3f");
INSERT INTO V_VAR
	VALUES ("f4adc637-40e1-45f6-ab08-07ed7a791787",
	"661cf176-9b01-488e-9d76-5717c1b536dd",
	'timeout',
	1,
	"ba5eda7a-def5-0000-0000-00000000000a");
INSERT INTO V_TRN
	VALUES ("f4adc637-40e1-45f6-ab08-07ed7a791787",
	"00000000-0000-0000-0000-000000000000",
	'');
INSERT INTO V_LOC
	VALUES ("52350dc8-e99b-4f9e-84df-5d66ecf09370",
	5,
	23,
	29,
	"f4adc637-40e1-45f6-ab08-07ed7a791787");
INSERT INTO V_LOC
	VALUES ("bb0896e6-ff8c-41da-8773-bf1a6ce332b8",
	7,
	72,
	78,
	"f4adc637-40e1-45f6-ab08-07ed7a791787");
INSERT INTO SM_STATE
	VALUES ("c644a787-3331-451d-9127-a6e833146a0b",
	"fe897b86-348e-4f91-be9e-44926e987b59",
	"00000000-0000-0000-0000-000000000000",
	'listening for diastolic pulse',
	3,
	0);
INSERT INTO SM_CH
	VALUES ("c644a787-3331-451d-9127-a6e833146a0b",
	"e65ffa7f-22ef-4029-b0d5-f1ae56a1fc8e",
	"fe897b86-348e-4f91-be9e-44926e987b59",
	"00000000-0000-0000-0000-000000000000",
	'');
INSERT INTO SM_SEME
	VALUES ("c644a787-3331-451d-9127-a6e833146a0b",
	"e65ffa7f-22ef-4029-b0d5-f1ae56a1fc8e",
	"fe897b86-348e-4f91-be9e-44926e987b59",
	"00000000-0000-0000-0000-000000000000");
INSERT INTO SM_SEME
	VALUES ("c644a787-3331-451d-9127-a6e833146a0b",
	"21c22857-7533-4482-ac24-a6655e5ca2bc",
	"fe897b86-348e-4f91-be9e-44926e987b59",
	"00000000-0000-0000-0000-000000000000");
INSERT INTO SM_SEME
	VALUES ("c644a787-3331-451d-9127-a6e833146a0b",
	"e21167e3-2ebe-40ce-8a6e-029667752180",
	"fe897b86-348e-4f91-be9e-44926e987b59",
	"00000000-0000-0000-0000-000000000000");
INSERT INTO SM_CH
	VALUES ("c644a787-3331-451d-9127-a6e833146a0b",
	"b2e23e4d-6075-460f-8f8a-4d678fae5b4a",
	"fe897b86-348e-4f91-be9e-44926e987b59",
	"00000000-0000-0000-0000-000000000000",
	'');
INSERT INTO SM_SEME
	VALUES ("c644a787-3331-451d-9127-a6e833146a0b",
	"b2e23e4d-6075-460f-8f8a-4d678fae5b4a",
	"fe897b86-348e-4f91-be9e-44926e987b59",
	"00000000-0000-0000-0000-000000000000");
INSERT INTO SM_CH
	VALUES ("c644a787-3331-451d-9127-a6e833146a0b",
	"aa336b0a-cf83-4695-9a19-b140f862a6f7",
	"fe897b86-348e-4f91-be9e-44926e987b59",
	"00000000-0000-0000-0000-000000000000",
	'');
INSERT INTO SM_SEME
	VALUES ("c644a787-3331-451d-9127-a6e833146a0b",
	"aa336b0a-cf83-4695-9a19-b140f862a6f7",
	"fe897b86-348e-4f91-be9e-44926e987b59",
	"00000000-0000-0000-0000-000000000000");
INSERT INTO SM_MOAH
	VALUES ("2972ad0d-01e0-469c-82e7-9c7a1c1efac0",
	"fe897b86-348e-4f91-be9e-44926e987b59",
	"c644a787-3331-451d-9127-a6e833146a0b");
INSERT INTO SM_AH
	VALUES ("2972ad0d-01e0-469c-82e7-9c7a1c1efac0",
	"fe897b86-348e-4f91-be9e-44926e987b59");
INSERT INTO SM_ACT
	VALUES ("2972ad0d-01e0-469c-82e7-9c7a1c1efac0",
	"fe897b86-348e-4f91-be9e-44926e987b59",
	1,
	'// Cancel existing timeout timer
existed = TIM::timer_cancel(timer_inst_ref:self.timeout_timer);

// Set up the timeout timer
create event instance timeout of PACER3:''timeout'' to self;
self.timeout_timer=TIM::timer_start(microseconds:self.diastolic_timeout,
                                                            event_inst:timeout);
',
	'');
INSERT INTO ACT_SAB
	VALUES ("7ad8be25-69c2-4a3b-af3d-3c2399bfa2de",
	"fe897b86-348e-4f91-be9e-44926e987b59",
	"2972ad0d-01e0-469c-82e7-9c7a1c1efac0");
INSERT INTO ACT_ACT
	VALUES ("7ad8be25-69c2-4a3b-af3d-3c2399bfa2de",
	'state',
	0,
	"e660cd8e-da84-4ea9-84f8-92f7a2c1f8a2",
	"00000000-0000-0000-0000-000000000000",
	0,
	'pacer::listening for diastolic pulse',
	"00000000-0000-0000-0000-000000000000");
INSERT INTO ACT_BLK
	VALUES ("e660cd8e-da84-4ea9-84f8-92f7a2c1f8a2",
	0,
	0,
	0,
	'TIM',
	'',
	'',
	6,
	1,
	6,
	20,
	0,
	0,
	0,
	0,
	0,
	0,
	0,
	0,
	0,
	"7ad8be25-69c2-4a3b-af3d-3c2399bfa2de",
	"00000000-0000-0000-0000-000000000000");
INSERT INTO ACT_SMT
	VALUES ("6274897f-83ee-4751-b699-1e33990cf90d",
	"e660cd8e-da84-4ea9-84f8-92f7a2c1f8a2",
	"7ae7a377-9c2a-4a63-8f97-cc40978e6743",
	2,
	1,
	'pacer::listening for diastolic pulse line: 2');
INSERT INTO ACT_AI
	VALUES ("6274897f-83ee-4751-b699-1e33990cf90d",
	"73e3e147-d242-4154-bf66-6d730764af5a",
	"9a0ca351-19a5-4c47-8ffd-deb4cdab412b",
	0,
	0);
INSERT INTO ACT_SMT
	VALUES ("7ae7a377-9c2a-4a63-8f97-cc40978e6743",
	"e660cd8e-da84-4ea9-84f8-92f7a2c1f8a2",
	"a3b6eb1c-4a5e-45c2-b905-0b40a97c71b3",
	5,
	1,
	'pacer::listening for diastolic pulse line: 5');
INSERT INTO E_ESS
	VALUES ("7ae7a377-9c2a-4a63-8f97-cc40978e6743",
	1,
	0,
	5,
	34,
	5,
	41,
	2,
	11,
	0,
	0,
	0,
	0);
INSERT INTO E_CES
	VALUES ("7ae7a377-9c2a-4a63-8f97-cc40978e6743",
	1,
	"aaf8546f-759d-41e2-bf1a-41218bf04989");
INSERT INTO E_CSME
	VALUES ("7ae7a377-9c2a-4a63-8f97-cc40978e6743",
	"e21167e3-2ebe-40ce-8a6e-029667752180");
INSERT INTO E_CEI
	VALUES ("7ae7a377-9c2a-4a63-8f97-cc40978e6743",
	"edf39d4d-671e-415b-b225-fc1635717ea4");
INSERT INTO ACT_SMT
	VALUES ("a3b6eb1c-4a5e-45c2-b905-0b40a97c71b3",
	"e660cd8e-da84-4ea9-84f8-92f7a2c1f8a2",
	"00000000-0000-0000-0000-000000000000",
	6,
	1,
	'pacer::listening for diastolic pulse line: 6');
INSERT INTO ACT_AI
	VALUES ("a3b6eb1c-4a5e-45c2-b905-0b40a97c71b3",
	"b69278c8-9c10-4271-8e3c-6d490140840a",
	"83486a42-fa88-4c86-b6f5-8f30e947830e",
	0,
	0);
INSERT INTO V_VAL
	VALUES ("9a0ca351-19a5-4c47-8ffd-deb4cdab412b",
	1,
	1,
	2,
	1,
	7,
	0,
	0,
	0,
	0,
	"ba5eda7a-def5-0000-0000-000000000001",
	"e660cd8e-da84-4ea9-84f8-92f7a2c1f8a2");
INSERT INTO V_TVL
	VALUES ("9a0ca351-19a5-4c47-8ffd-deb4cdab412b",
	"0adb645f-711b-48b5-984d-4f7d8c2aa782");
INSERT INTO V_VAL
	VALUES ("73e3e147-d242-4154-bf66-6d730764af5a",
	0,
	0,
	2,
	16,
	-1,
	2,
	29,
	0,
	0,
	"ba5eda7a-def5-0000-0000-000000000001",
	"e660cd8e-da84-4ea9-84f8-92f7a2c1f8a2");
INSERT INTO V_BRV
	VALUES ("73e3e147-d242-4154-bf66-6d730764af5a",
	"be0f1ce5-c613-4a01-9891-62f7b470cdb8",
	1,
	2,
	11);
INSERT INTO V_VAL
	VALUES ("e371b41a-1934-4e4f-a349-ec8c724637b5",
	0,
	0,
	2,
	44,
	47,
	0,
	0,
	0,
	0,
	"ba5eda7a-def5-0000-0000-000000000008",
	"e660cd8e-da84-4ea9-84f8-92f7a2c1f8a2");
INSERT INTO V_IRF
	VALUES ("e371b41a-1934-4e4f-a349-ec8c724637b5",
	"edf39d4d-671e-415b-b225-fc1635717ea4");
INSERT INTO V_VAL
	VALUES ("7be5c1bf-9bc8-43c2-a08a-18a3a6384cb7",
	0,
	0,
	2,
	49,
	61,
	0,
	0,
	0,
	0,
	"ba5eda7a-def5-0000-0000-00000000000f",
	"e660cd8e-da84-4ea9-84f8-92f7a2c1f8a2");
INSERT INTO V_AVL
	VALUES ("7be5c1bf-9bc8-43c2-a08a-18a3a6384cb7",
	"e371b41a-1934-4e4f-a349-ec8c724637b5",
	"37df0e10-44eb-42cf-a2b2-562eaeaa8b91",
	"40761c35-6334-4d6b-b757-b55282ee4019");
INSERT INTO V_PAR
	VALUES ("7be5c1bf-9bc8-43c2-a08a-18a3a6384cb7",
	"00000000-0000-0000-0000-000000000000",
	"73e3e147-d242-4154-bf66-6d730764af5a",
	'timer_inst_ref',
	"00000000-0000-0000-0000-000000000000",
	2,
	29);
INSERT INTO V_VAL
	VALUES ("731e320c-92ed-4f4a-beca-9f7a98dae31f",
	1,
	0,
	6,
	1,
	4,
	0,
	0,
	0,
	0,
	"ba5eda7a-def5-0000-0000-000000000008",
	"e660cd8e-da84-4ea9-84f8-92f7a2c1f8a2");
INSERT INTO V_IRF
	VALUES ("731e320c-92ed-4f4a-beca-9f7a98dae31f",
	"edf39d4d-671e-415b-b225-fc1635717ea4");
INSERT INTO V_VAL
	VALUES ("83486a42-fa88-4c86-b6f5-8f30e947830e",
	1,
	0,
	6,
	6,
	18,
	0,
	0,
	0,
	0,
	"ba5eda7a-def5-0000-0000-00000000000f",
	"e660cd8e-da84-4ea9-84f8-92f7a2c1f8a2");
INSERT INTO V_AVL
	VALUES ("83486a42-fa88-4c86-b6f5-8f30e947830e",
	"731e320c-92ed-4f4a-beca-9f7a98dae31f",
	"37df0e10-44eb-42cf-a2b2-562eaeaa8b91",
	"40761c35-6334-4d6b-b757-b55282ee4019");
INSERT INTO V_VAL
	VALUES ("b69278c8-9c10-4271-8e3c-6d490140840a",
	0,
	0,
	6,
	25,
	-1,
	6,
	37,
	7,
	61,
	"ba5eda7a-def5-0000-0000-00000000000f",
	"e660cd8e-da84-4ea9-84f8-92f7a2c1f8a2");
INSERT INTO V_BRV
	VALUES ("b69278c8-9c10-4271-8e3c-6d490140840a",
	"83c91e8f-6af0-4683-a1df-2db4ba29fd01",
	1,
	6,
	20);
INSERT INTO V_VAL
	VALUES ("ab0993ba-887d-4545-950d-c3a27c661165",
	0,
	0,
	6,
	50,
	53,
	0,
	0,
	0,
	0,
	"ba5eda7a-def5-0000-0000-000000000008",
	"e660cd8e-da84-4ea9-84f8-92f7a2c1f8a2");
INSERT INTO V_IRF
	VALUES ("ab0993ba-887d-4545-950d-c3a27c661165",
	"edf39d4d-671e-415b-b225-fc1635717ea4");
INSERT INTO V_VAL
	VALUES ("bc51329c-dd0e-4940-8fa8-6ece6efc7993",
	0,
	0,
	6,
	55,
	71,
	0,
	0,
	0,
	0,
	"ba5eda7a-def5-0000-0000-000000000002",
	"e660cd8e-da84-4ea9-84f8-92f7a2c1f8a2");
INSERT INTO V_AVL
	VALUES ("bc51329c-dd0e-4940-8fa8-6ece6efc7993",
	"ab0993ba-887d-4545-950d-c3a27c661165",
	"37df0e10-44eb-42cf-a2b2-562eaeaa8b91",
	"012e9d7d-a08d-4a55-94c5-e3a1e9c6ea02");
INSERT INTO V_PAR
	VALUES ("bc51329c-dd0e-4940-8fa8-6ece6efc7993",
	"00000000-0000-0000-0000-000000000000",
	"b69278c8-9c10-4271-8e3c-6d490140840a",
	'microseconds',
	"6b121211-3e76-46f8-b78c-0c3b0b46070d",
	6,
	37);
INSERT INTO V_VAL
	VALUES ("6b121211-3e76-46f8-b78c-0c3b0b46070d",
	0,
	0,
	7,
	72,
	78,
	0,
	0,
	0,
	0,
	"ba5eda7a-def5-0000-0000-00000000000a",
	"e660cd8e-da84-4ea9-84f8-92f7a2c1f8a2");
INSERT INTO V_TVL
	VALUES ("6b121211-3e76-46f8-b78c-0c3b0b46070d",
	"aaf8546f-759d-41e2-bf1a-41218bf04989");
INSERT INTO V_PAR
	VALUES ("6b121211-3e76-46f8-b78c-0c3b0b46070d",
	"00000000-0000-0000-0000-000000000000",
	"b69278c8-9c10-4271-8e3c-6d490140840a",
	'event_inst',
	"00000000-0000-0000-0000-000000000000",
	7,
	61);
INSERT INTO V_VAR
	VALUES ("0adb645f-711b-48b5-984d-4f7d8c2aa782",
	"e660cd8e-da84-4ea9-84f8-92f7a2c1f8a2",
	'existed',
	1,
	"ba5eda7a-def5-0000-0000-000000000001");
INSERT INTO V_TRN
	VALUES ("0adb645f-711b-48b5-984d-4f7d8c2aa782",
	"00000000-0000-0000-0000-000000000000",
	'');
INSERT INTO V_LOC
	VALUES ("3b03fa74-bd8a-4ba5-a854-fbbdbcc79dd1",
	2,
	1,
	7,
	"0adb645f-711b-48b5-984d-4f7d8c2aa782");
INSERT INTO V_VAR
	VALUES ("edf39d4d-671e-415b-b225-fc1635717ea4",
	"e660cd8e-da84-4ea9-84f8-92f7a2c1f8a2",
	'self',
	1,
	"ba5eda7a-def5-0000-0000-000000000008");
INSERT INTO V_INT
	VALUES ("edf39d4d-671e-415b-b225-fc1635717ea4",
	0,
	"37df0e10-44eb-42cf-a2b2-562eaeaa8b91");
INSERT INTO V_LOC
	VALUES ("a3e8d132-fcdd-4e14-aa5c-0431424c066e",
	2,
	44,
	47,
	"edf39d4d-671e-415b-b225-fc1635717ea4");
INSERT INTO V_LOC
	VALUES ("5912d28d-cd72-44b5-90a7-d3408f8efb77",
	5,
	54,
	57,
	"edf39d4d-671e-415b-b225-fc1635717ea4");
INSERT INTO V_LOC
	VALUES ("74480d24-dfaf-4533-814a-2fc2f2291747",
	6,
	1,
	4,
	"edf39d4d-671e-415b-b225-fc1635717ea4");
INSERT INTO V_LOC
	VALUES ("48c4e2db-9897-4607-b472-47982503191f",
	6,
	50,
	53,
	"edf39d4d-671e-415b-b225-fc1635717ea4");
INSERT INTO V_VAR
	VALUES ("aaf8546f-759d-41e2-bf1a-41218bf04989",
	"e660cd8e-da84-4ea9-84f8-92f7a2c1f8a2",
	'timeout',
	1,
	"ba5eda7a-def5-0000-0000-00000000000a");
INSERT INTO V_TRN
	VALUES ("aaf8546f-759d-41e2-bf1a-41218bf04989",
	"00000000-0000-0000-0000-000000000000",
	'');
INSERT INTO V_LOC
	VALUES ("7f63ff9f-26d9-4423-bf4b-e9081ecf1283",
	5,
	23,
	29,
	"aaf8546f-759d-41e2-bf1a-41218bf04989");
INSERT INTO V_LOC
	VALUES ("a5466543-0acd-4647-b6b0-20adb88d916f",
	7,
	72,
	78,
	"aaf8546f-759d-41e2-bf1a-41218bf04989");
INSERT INTO SM_STATE
	VALUES ("02873410-2b59-4375-9edc-ed3740f4ee32",
	"fe897b86-348e-4f91-be9e-44926e987b59",
	"00000000-0000-0000-0000-000000000000",
	'Increasing rate',
	4,
	0);
INSERT INTO SM_CH
	VALUES ("02873410-2b59-4375-9edc-ed3740f4ee32",
	"e65ffa7f-22ef-4029-b0d5-f1ae56a1fc8e",
	"fe897b86-348e-4f91-be9e-44926e987b59",
	"00000000-0000-0000-0000-000000000000",
	'');
INSERT INTO SM_SEME
	VALUES ("02873410-2b59-4375-9edc-ed3740f4ee32",
	"e65ffa7f-22ef-4029-b0d5-f1ae56a1fc8e",
	"fe897b86-348e-4f91-be9e-44926e987b59",
	"00000000-0000-0000-0000-000000000000");
INSERT INTO SM_CH
	VALUES ("02873410-2b59-4375-9edc-ed3740f4ee32",
	"21c22857-7533-4482-ac24-a6655e5ca2bc",
	"fe897b86-348e-4f91-be9e-44926e987b59",
	"00000000-0000-0000-0000-000000000000",
	'');
INSERT INTO SM_SEME
	VALUES ("02873410-2b59-4375-9edc-ed3740f4ee32",
	"21c22857-7533-4482-ac24-a6655e5ca2bc",
	"fe897b86-348e-4f91-be9e-44926e987b59",
	"00000000-0000-0000-0000-000000000000");
INSERT INTO SM_CH
	VALUES ("02873410-2b59-4375-9edc-ed3740f4ee32",
	"e21167e3-2ebe-40ce-8a6e-029667752180",
	"fe897b86-348e-4f91-be9e-44926e987b59",
	"00000000-0000-0000-0000-000000000000",
	'');
INSERT INTO SM_SEME
	VALUES ("02873410-2b59-4375-9edc-ed3740f4ee32",
	"e21167e3-2ebe-40ce-8a6e-029667752180",
	"fe897b86-348e-4f91-be9e-44926e987b59",
	"00000000-0000-0000-0000-000000000000");
INSERT INTO SM_CH
	VALUES ("02873410-2b59-4375-9edc-ed3740f4ee32",
	"b2e23e4d-6075-460f-8f8a-4d678fae5b4a",
	"fe897b86-348e-4f91-be9e-44926e987b59",
	"00000000-0000-0000-0000-000000000000",
	'');
INSERT INTO SM_SEME
	VALUES ("02873410-2b59-4375-9edc-ed3740f4ee32",
	"b2e23e4d-6075-460f-8f8a-4d678fae5b4a",
	"fe897b86-348e-4f91-be9e-44926e987b59",
	"00000000-0000-0000-0000-000000000000");
INSERT INTO SM_SEME
	VALUES ("02873410-2b59-4375-9edc-ed3740f4ee32",
	"aa336b0a-cf83-4695-9a19-b140f862a6f7",
	"fe897b86-348e-4f91-be9e-44926e987b59",
	"00000000-0000-0000-0000-000000000000");
INSERT INTO SM_MOAH
	VALUES ("89fbf9c0-917a-4200-b2fb-ae2de26b679c",
	"fe897b86-348e-4f91-be9e-44926e987b59",
	"02873410-2b59-4375-9edc-ed3740f4ee32");
INSERT INTO SM_AH
	VALUES ("89fbf9c0-917a-4200-b2fb-ae2de26b679c",
	"fe897b86-348e-4f91-be9e-44926e987b59");
INSERT INTO SM_ACT
	VALUES ("89fbf9c0-917a-4200-b2fb-ae2de26b679c",
	"fe897b86-348e-4f91-be9e-44926e987b59",
	1,
	'// calculate an increased rate based on the blood temperature
// and the current respiratory rate
self.systolic_timeout = self.systolic_timeout + 1;
self.diastolic_timeout = self.diastolic_timeout + 1;
generate PACER5 to self;',
	'');
INSERT INTO ACT_SAB
	VALUES ("10fc8b28-5877-4a84-8fe7-742fb94a32f5",
	"fe897b86-348e-4f91-be9e-44926e987b59",
	"89fbf9c0-917a-4200-b2fb-ae2de26b679c");
INSERT INTO ACT_ACT
	VALUES ("10fc8b28-5877-4a84-8fe7-742fb94a32f5",
	'state',
	0,
	"4a4b8aac-b66e-4e51-a24a-7a876e481fb0",
	"00000000-0000-0000-0000-000000000000",
	0,
	'pacer::Increasing rate',
	"00000000-0000-0000-0000-000000000000");
INSERT INTO ACT_BLK
	VALUES ("4a4b8aac-b66e-4e51-a24a-7a876e481fb0",
	0,
	0,
	0,
	'V_VAR.Var_ID',
	'',
	'',
	5,
	1,
	0,
	0,
	0,
	0,
	0,
	0,
	0,
	0,
	0,
	0,
	0,
	"10fc8b28-5877-4a84-8fe7-742fb94a32f5",
	"00000000-0000-0000-0000-000000000000");
INSERT INTO ACT_SMT
	VALUES ("15f521b3-517b-4fbd-8c5b-da5fdf68cfb8",
	"4a4b8aac-b66e-4e51-a24a-7a876e481fb0",
	"16f00a7f-67a1-458e-a34c-cd573af5bfa7",
	3,
	1,
	'pacer::Increasing rate line: 3');
INSERT INTO ACT_AI
	VALUES ("15f521b3-517b-4fbd-8c5b-da5fdf68cfb8",
	"19bb2337-e5a1-4354-a7fb-6b406f8e6bf5",
	"0b1a8f82-2a6f-4ea7-8247-0c35b1f7b39a",
	0,
	0);
INSERT INTO ACT_SMT
	VALUES ("16f00a7f-67a1-458e-a34c-cd573af5bfa7",
	"4a4b8aac-b66e-4e51-a24a-7a876e481fb0",
	"4c5a4cb1-d154-4914-9456-5adea534719b",
	4,
	1,
	'pacer::Increasing rate line: 4');
INSERT INTO ACT_AI
	VALUES ("16f00a7f-67a1-458e-a34c-cd573af5bfa7",
	"12e07799-e163-4e87-844b-61ed42ac6abc",
	"bb19adbf-802a-44e6-977d-dc92e7144bf5",
	0,
	0);
INSERT INTO ACT_SMT
	VALUES ("4c5a4cb1-d154-4914-9456-5adea534719b",
	"4a4b8aac-b66e-4e51-a24a-7a876e481fb0",
	"00000000-0000-0000-0000-000000000000",
	5,
	1,
	'pacer::Increasing rate line: 5');
INSERT INTO E_ESS
	VALUES ("4c5a4cb1-d154-4914-9456-5adea534719b",
	1,
	0,
	5,
	10,
	0,
	0,
	0,
	0,
	0,
	0,
	0,
	0);
INSERT INTO E_GES
	VALUES ("4c5a4cb1-d154-4914-9456-5adea534719b");
INSERT INTO E_GSME
	VALUES ("4c5a4cb1-d154-4914-9456-5adea534719b",
	"aa336b0a-cf83-4695-9a19-b140f862a6f7");
INSERT INTO E_GEN
	VALUES ("4c5a4cb1-d154-4914-9456-5adea534719b",
	"97fe152f-bf85-4a85-ad4f-1ac3a6ff872e");
INSERT INTO V_VAL
	VALUES ("a2932ea4-888d-47d0-9b87-b4d7a2cde674",
	1,
	0,
	3,
	1,
	4,
	0,
	0,
	0,
	0,
	"ba5eda7a-def5-0000-0000-000000000008",
	"4a4b8aac-b66e-4e51-a24a-7a876e481fb0");
INSERT INTO V_IRF
	VALUES ("a2932ea4-888d-47d0-9b87-b4d7a2cde674",
	"97fe152f-bf85-4a85-ad4f-1ac3a6ff872e");
INSERT INTO V_VAL
	VALUES ("0b1a8f82-2a6f-4ea7-8247-0c35b1f7b39a",
	1,
	0,
	3,
	6,
	21,
	0,
	0,
	0,
	0,
	"ba5eda7a-def5-0000-0000-000000000002",
	"4a4b8aac-b66e-4e51-a24a-7a876e481fb0");
INSERT INTO V_AVL
	VALUES ("0b1a8f82-2a6f-4ea7-8247-0c35b1f7b39a",
	"a2932ea4-888d-47d0-9b87-b4d7a2cde674",
	"37df0e10-44eb-42cf-a2b2-562eaeaa8b91",
	"de3bd1ca-a337-4d2b-bf0e-cd900d7cf312");
INSERT INTO V_VAL
	VALUES ("032043b6-b580-4702-8f61-497902b6d308",
	0,
	0,
	3,
	25,
	28,
	0,
	0,
	0,
	0,
	"ba5eda7a-def5-0000-0000-000000000008",
	"4a4b8aac-b66e-4e51-a24a-7a876e481fb0");
INSERT INTO V_IRF
	VALUES ("032043b6-b580-4702-8f61-497902b6d308",
	"97fe152f-bf85-4a85-ad4f-1ac3a6ff872e");
INSERT INTO V_VAL
	VALUES ("8b8e2c13-3d97-4398-b40b-194ce7ab5db7",
	0,
	0,
	3,
	30,
	45,
	0,
	0,
	0,
	0,
	"ba5eda7a-def5-0000-0000-000000000002",
	"4a4b8aac-b66e-4e51-a24a-7a876e481fb0");
INSERT INTO V_AVL
	VALUES ("8b8e2c13-3d97-4398-b40b-194ce7ab5db7",
	"032043b6-b580-4702-8f61-497902b6d308",
	"37df0e10-44eb-42cf-a2b2-562eaeaa8b91",
	"de3bd1ca-a337-4d2b-bf0e-cd900d7cf312");
INSERT INTO V_VAL
	VALUES ("19bb2337-e5a1-4354-a7fb-6b406f8e6bf5",
	0,
	0,
	-1,
	-1,
	-1,
	0,
	0,
	0,
	0,
	"ba5eda7a-def5-0000-0000-000000000002",
	"4a4b8aac-b66e-4e51-a24a-7a876e481fb0");
INSERT INTO V_BIN
	VALUES ("19bb2337-e5a1-4354-a7fb-6b406f8e6bf5",
	"ed369a6c-934e-4a51-9418-553647133509",
	"8b8e2c13-3d97-4398-b40b-194ce7ab5db7",
	'+');
INSERT INTO V_VAL
	VALUES ("ed369a6c-934e-4a51-9418-553647133509",
	0,
	0,
	3,
	49,
	49,
	0,
	0,
	0,
	0,
	"ba5eda7a-def5-0000-0000-000000000002",
	"4a4b8aac-b66e-4e51-a24a-7a876e481fb0");
INSERT INTO V_LIN
	VALUES ("ed369a6c-934e-4a51-9418-553647133509",
	'1');
INSERT INTO V_VAL
	VALUES ("6ebea355-4987-47b9-9ea4-6cea02449cf6",
	1,
	0,
	4,
	1,
	4,
	0,
	0,
	0,
	0,
	"ba5eda7a-def5-0000-0000-000000000008",
	"4a4b8aac-b66e-4e51-a24a-7a876e481fb0");
INSERT INTO V_IRF
	VALUES ("6ebea355-4987-47b9-9ea4-6cea02449cf6",
	"97fe152f-bf85-4a85-ad4f-1ac3a6ff872e");
INSERT INTO V_VAL
	VALUES ("bb19adbf-802a-44e6-977d-dc92e7144bf5",
	1,
	0,
	4,
	6,
	22,
	0,
	0,
	0,
	0,
	"ba5eda7a-def5-0000-0000-000000000002",
	"4a4b8aac-b66e-4e51-a24a-7a876e481fb0");
INSERT INTO V_AVL
	VALUES ("bb19adbf-802a-44e6-977d-dc92e7144bf5",
	"6ebea355-4987-47b9-9ea4-6cea02449cf6",
	"37df0e10-44eb-42cf-a2b2-562eaeaa8b91",
	"012e9d7d-a08d-4a55-94c5-e3a1e9c6ea02");
INSERT INTO V_VAL
	VALUES ("1677d22d-551b-45bc-af3b-04516c2a353d",
	0,
	0,
	4,
	26,
	29,
	0,
	0,
	0,
	0,
	"ba5eda7a-def5-0000-0000-000000000008",
	"4a4b8aac-b66e-4e51-a24a-7a876e481fb0");
INSERT INTO V_IRF
	VALUES ("1677d22d-551b-45bc-af3b-04516c2a353d",
	"97fe152f-bf85-4a85-ad4f-1ac3a6ff872e");
INSERT INTO V_VAL
	VALUES ("2a401523-4875-4240-a761-7fd6f45dab09",
	0,
	0,
	4,
	31,
	47,
	0,
	0,
	0,
	0,
	"ba5eda7a-def5-0000-0000-000000000002",
	"4a4b8aac-b66e-4e51-a24a-7a876e481fb0");
INSERT INTO V_AVL
	VALUES ("2a401523-4875-4240-a761-7fd6f45dab09",
	"1677d22d-551b-45bc-af3b-04516c2a353d",
	"37df0e10-44eb-42cf-a2b2-562eaeaa8b91",
	"012e9d7d-a08d-4a55-94c5-e3a1e9c6ea02");
INSERT INTO V_VAL
	VALUES ("12e07799-e163-4e87-844b-61ed42ac6abc",
	0,
	0,
	-1,
	-1,
	-1,
	0,
	0,
	0,
	0,
	"ba5eda7a-def5-0000-0000-000000000002",
	"4a4b8aac-b66e-4e51-a24a-7a876e481fb0");
INSERT INTO V_BIN
	VALUES ("12e07799-e163-4e87-844b-61ed42ac6abc",
	"4ab9e15b-f79f-4ede-b38e-e41941811dad",
	"2a401523-4875-4240-a761-7fd6f45dab09",
	'+');
INSERT INTO V_VAL
	VALUES ("4ab9e15b-f79f-4ede-b38e-e41941811dad",
	0,
	0,
	4,
	51,
	51,
	0,
	0,
	0,
	0,
	"ba5eda7a-def5-0000-0000-000000000002",
	"4a4b8aac-b66e-4e51-a24a-7a876e481fb0");
INSERT INTO V_LIN
	VALUES ("4ab9e15b-f79f-4ede-b38e-e41941811dad",
	'1');
INSERT INTO V_VAR
	VALUES ("97fe152f-bf85-4a85-ad4f-1ac3a6ff872e",
	"4a4b8aac-b66e-4e51-a24a-7a876e481fb0",
	'self',
	1,
	"ba5eda7a-def5-0000-0000-000000000008");
INSERT INTO V_INT
	VALUES ("97fe152f-bf85-4a85-ad4f-1ac3a6ff872e",
	0,
	"37df0e10-44eb-42cf-a2b2-562eaeaa8b91");
INSERT INTO V_LOC
	VALUES ("f3200b45-1443-44fd-b23e-1321bdd36d90",
	3,
	1,
	4,
	"97fe152f-bf85-4a85-ad4f-1ac3a6ff872e");
INSERT INTO V_LOC
	VALUES ("25342e89-50b1-4a47-b8af-2fb59393ffc3",
	3,
	25,
	28,
	"97fe152f-bf85-4a85-ad4f-1ac3a6ff872e");
INSERT INTO V_LOC
	VALUES ("a519007c-81db-43e6-9a11-2666a07fa031",
	4,
	1,
	4,
	"97fe152f-bf85-4a85-ad4f-1ac3a6ff872e");
INSERT INTO V_LOC
	VALUES ("67e35c90-a848-4b4f-9281-e943a19b3172",
	4,
	26,
	29,
	"97fe152f-bf85-4a85-ad4f-1ac3a6ff872e");
INSERT INTO V_LOC
	VALUES ("e8e2b320-e590-4b6c-bdcb-ef061cfe5cc8",
	5,
	20,
	23,
	"97fe152f-bf85-4a85-ad4f-1ac3a6ff872e");
INSERT INTO SM_NSTXN
	VALUES ("3acf6148-0abf-43c6-a778-f5d9dc6ca9fe",
	"fe897b86-348e-4f91-be9e-44926e987b59",
	"8f42f2fd-54a8-4ee0-8bcc-8a5b2aa72aa6",
	"e65ffa7f-22ef-4029-b0d5-f1ae56a1fc8e",
	"00000000-0000-0000-0000-000000000000");
INSERT INTO SM_TAH
	VALUES ("704a0e72-919c-4bfa-8308-5b67ea0daa33",
	"fe897b86-348e-4f91-be9e-44926e987b59",
	"3acf6148-0abf-43c6-a778-f5d9dc6ca9fe");
INSERT INTO SM_AH
	VALUES ("704a0e72-919c-4bfa-8308-5b67ea0daa33",
	"fe897b86-348e-4f91-be9e-44926e987b59");
INSERT INTO SM_ACT
	VALUES ("704a0e72-919c-4bfa-8308-5b67ea0daa33",
	"fe897b86-348e-4f91-be9e-44926e987b59",
	1,
	'',
	'');
INSERT INTO ACT_TAB
	VALUES ("06b35218-5dad-47b6-8fc2-dd147c24b02b",
	"fe897b86-348e-4f91-be9e-44926e987b59",
	"704a0e72-919c-4bfa-8308-5b67ea0daa33");
INSERT INTO ACT_ACT
	VALUES ("06b35218-5dad-47b6-8fc2-dd147c24b02b",
	'transition',
	0,
	"5c066a6f-91b8-4c03-a822-1d6030ca28c9",
	"00000000-0000-0000-0000-000000000000",
	0,
	'PACER1: systolic_pulse',
	"00000000-0000-0000-0000-000000000000");
INSERT INTO ACT_BLK
	VALUES ("5c066a6f-91b8-4c03-a822-1d6030ca28c9",
	0,
	0,
	0,
	'',
	'',
	'',
	0,
	0,
	0,
	0,
	0,
	0,
	0,
	0,
	0,
	0,
	0,
	0,
	0,
	"06b35218-5dad-47b6-8fc2-dd147c24b02b",
	"00000000-0000-0000-0000-000000000000");
INSERT INTO SM_TXN
	VALUES ("3acf6148-0abf-43c6-a778-f5d9dc6ca9fe",
	"fe897b86-348e-4f91-be9e-44926e987b59",
	"c644a787-3331-451d-9127-a6e833146a0b",
	"00000000-0000-0000-0000-000000000000");
INSERT INTO SM_NSTXN
	VALUES ("f9692982-4bf2-41a0-a84d-d0b7c2dc1d06",
	"fe897b86-348e-4f91-be9e-44926e987b59",
	"c644a787-3331-451d-9127-a6e833146a0b",
	"21c22857-7533-4482-ac24-a6655e5ca2bc",
	"00000000-0000-0000-0000-000000000000");
INSERT INTO SM_TAH
	VALUES ("e0b8dde9-5348-4e4f-987f-4cd4c91d9173",
	"fe897b86-348e-4f91-be9e-44926e987b59",
	"f9692982-4bf2-41a0-a84d-d0b7c2dc1d06");
INSERT INTO SM_AH
	VALUES ("e0b8dde9-5348-4e4f-987f-4cd4c91d9173",
	"fe897b86-348e-4f91-be9e-44926e987b59");
INSERT INTO SM_ACT
	VALUES ("e0b8dde9-5348-4e4f-987f-4cd4c91d9173",
	"fe897b86-348e-4f91-be9e-44926e987b59",
	1,
	'',
	'');
INSERT INTO ACT_TAB
	VALUES ("538ab76e-2864-4c56-8d4d-890590108a50",
	"fe897b86-348e-4f91-be9e-44926e987b59",
	"e0b8dde9-5348-4e4f-987f-4cd4c91d9173");
INSERT INTO ACT_ACT
	VALUES ("538ab76e-2864-4c56-8d4d-890590108a50",
	'transition',
	0,
	"ba0d247d-7a1c-44db-b9c0-74d47e97c5f9",
	"00000000-0000-0000-0000-000000000000",
	0,
	'PACER2: diastolic_pulse',
	"00000000-0000-0000-0000-000000000000");
INSERT INTO ACT_BLK
	VALUES ("ba0d247d-7a1c-44db-b9c0-74d47e97c5f9",
	0,
	0,
	0,
	'',
	'',
	'',
	0,
	0,
	0,
	0,
	0,
	0,
	0,
	0,
	0,
	0,
	0,
	0,
	0,
	"538ab76e-2864-4c56-8d4d-890590108a50",
	"00000000-0000-0000-0000-000000000000");
INSERT INTO SM_TXN
	VALUES ("f9692982-4bf2-41a0-a84d-d0b7c2dc1d06",
	"fe897b86-348e-4f91-be9e-44926e987b59",
	"8f42f2fd-54a8-4ee0-8bcc-8a5b2aa72aa6",
	"00000000-0000-0000-0000-000000000000");
INSERT INTO SM_NSTXN
	VALUES ("d2224dca-11d9-433f-9161-e2f227c7c40b",
	"fe897b86-348e-4f91-be9e-44926e987b59",
	"87b18a90-7e2f-4651-98c4-3fd876899757",
	"21c22857-7533-4482-ac24-a6655e5ca2bc",
	"00000000-0000-0000-0000-000000000000");
INSERT INTO SM_TAH
	VALUES ("33e69e92-396a-4a2f-8a3d-452528a524b0",
	"fe897b86-348e-4f91-be9e-44926e987b59",
	"d2224dca-11d9-433f-9161-e2f227c7c40b");
INSERT INTO SM_AH
	VALUES ("33e69e92-396a-4a2f-8a3d-452528a524b0",
	"fe897b86-348e-4f91-be9e-44926e987b59");
INSERT INTO SM_ACT
	VALUES ("33e69e92-396a-4a2f-8a3d-452528a524b0",
	"fe897b86-348e-4f91-be9e-44926e987b59",
	1,
	'',
	'');
INSERT INTO ACT_TAB
	VALUES ("a216bb09-ef8e-44ee-b461-4632437d3018",
	"fe897b86-348e-4f91-be9e-44926e987b59",
	"33e69e92-396a-4a2f-8a3d-452528a524b0");
INSERT INTO ACT_ACT
	VALUES ("a216bb09-ef8e-44ee-b461-4632437d3018",
	'transition',
	0,
	"05f7e798-af65-4258-9054-9f60012a066a",
	"00000000-0000-0000-0000-000000000000",
	0,
	'PACER2: diastolic_pulse',
	"00000000-0000-0000-0000-000000000000");
INSERT INTO ACT_BLK
	VALUES ("05f7e798-af65-4258-9054-9f60012a066a",
	0,
	0,
	0,
	'',
	'',
	'',
	0,
	0,
	0,
	0,
	0,
	0,
	0,
	0,
	0,
	0,
	0,
	0,
	0,
	"a216bb09-ef8e-44ee-b461-4632437d3018",
	"00000000-0000-0000-0000-000000000000");
INSERT INTO SM_TXN
	VALUES ("d2224dca-11d9-433f-9161-e2f227c7c40b",
	"fe897b86-348e-4f91-be9e-44926e987b59",
	"8f42f2fd-54a8-4ee0-8bcc-8a5b2aa72aa6",
	"00000000-0000-0000-0000-000000000000");
INSERT INTO SM_NSTXN
	VALUES ("3447de86-f8ae-4ff2-b344-22409b4ea04e",
	"fe897b86-348e-4f91-be9e-44926e987b59",
	"87b18a90-7e2f-4651-98c4-3fd876899757",
	"e65ffa7f-22ef-4029-b0d5-f1ae56a1fc8e",
	"00000000-0000-0000-0000-000000000000");
INSERT INTO SM_TAH
	VALUES ("2ee09445-fa03-4ab8-980d-ce0dfa66aefa",
	"fe897b86-348e-4f91-be9e-44926e987b59",
	"3447de86-f8ae-4ff2-b344-22409b4ea04e");
INSERT INTO SM_AH
	VALUES ("2ee09445-fa03-4ab8-980d-ce0dfa66aefa",
	"fe897b86-348e-4f91-be9e-44926e987b59");
INSERT INTO SM_ACT
	VALUES ("2ee09445-fa03-4ab8-980d-ce0dfa66aefa",
	"fe897b86-348e-4f91-be9e-44926e987b59",
	1,
	'',
	'');
INSERT INTO ACT_TAB
	VALUES ("9249254c-5945-414d-80f9-f3b352e249f2",
	"fe897b86-348e-4f91-be9e-44926e987b59",
	"2ee09445-fa03-4ab8-980d-ce0dfa66aefa");
INSERT INTO ACT_ACT
	VALUES ("9249254c-5945-414d-80f9-f3b352e249f2",
	'transition',
	0,
	"9252222b-84dc-474e-9a8f-d7455579c4d5",
	"00000000-0000-0000-0000-000000000000",
	0,
	'PACER1: systolic_pulse',
	"00000000-0000-0000-0000-000000000000");
INSERT INTO ACT_BLK
	VALUES ("9252222b-84dc-474e-9a8f-d7455579c4d5",
	0,
	0,
	0,
	'',
	'',
	'',
	0,
	0,
	0,
	0,
	0,
	0,
	0,
	0,
	0,
	0,
	0,
	0,
	0,
	"9249254c-5945-414d-80f9-f3b352e249f2",
	"00000000-0000-0000-0000-000000000000");
INSERT INTO SM_TXN
	VALUES ("3447de86-f8ae-4ff2-b344-22409b4ea04e",
	"fe897b86-348e-4f91-be9e-44926e987b59",
	"c644a787-3331-451d-9127-a6e833146a0b",
	"00000000-0000-0000-0000-000000000000");
INSERT INTO SM_NSTXN
	VALUES ("7fe84b89-c82c-4c7d-a7ad-412f9c87a98e",
	"fe897b86-348e-4f91-be9e-44926e987b59",
	"c644a787-3331-451d-9127-a6e833146a0b",
	"e21167e3-2ebe-40ce-8a6e-029667752180",
	"00000000-0000-0000-0000-000000000000");
INSERT INTO SM_TAH
	VALUES ("cf1f722f-6355-4ecb-9963-9eea29b26420",
	"fe897b86-348e-4f91-be9e-44926e987b59",
	"7fe84b89-c82c-4c7d-a7ad-412f9c87a98e");
INSERT INTO SM_AH
	VALUES ("cf1f722f-6355-4ecb-9963-9eea29b26420",
	"fe897b86-348e-4f91-be9e-44926e987b59");
INSERT INTO SM_ACT
	VALUES ("cf1f722f-6355-4ecb-9963-9eea29b26420",
	"fe897b86-348e-4f91-be9e-44926e987b59",
	1,
	'send to_heart::diastolic_pace();',
	'');
INSERT INTO ACT_TAB
	VALUES ("e3a1853f-8c19-4ed8-81c9-917467265b9c",
	"fe897b86-348e-4f91-be9e-44926e987b59",
	"cf1f722f-6355-4ecb-9963-9eea29b26420");
INSERT INTO ACT_ACT
	VALUES ("e3a1853f-8c19-4ed8-81c9-917467265b9c",
	'transition',
	0,
	"ea0730a4-d810-4f45-805e-2b0e428967df",
	"00000000-0000-0000-0000-000000000000",
	0,
	'PACER3: timeout',
	"00000000-0000-0000-0000-000000000000");
INSERT INTO ACT_BLK
	VALUES ("ea0730a4-d810-4f45-805e-2b0e428967df",
	0,
	0,
	0,
	'to_heart',
	'',
	'',
	1,
	1,
	1,
	6,
	0,
	0,
	0,
	0,
	0,
	0,
	0,
	0,
	0,
	"e3a1853f-8c19-4ed8-81c9-917467265b9c",
	"00000000-0000-0000-0000-000000000000");
INSERT INTO ACT_SMT
	VALUES ("221a6e50-6c55-4528-97e8-d60f88866fd5",
	"ea0730a4-d810-4f45-805e-2b0e428967df",
	"00000000-0000-0000-0000-000000000000",
	1,
	1,
	'PACER3: timeout line: 1');
INSERT INTO ACT_SGN
	VALUES ("221a6e50-6c55-4528-97e8-d60f88866fd5",
	1,
	16,
	1,
	6,
	"c72591d0-68fd-4abe-9be6-fcd5ebfd20bc",
	"00000000-0000-0000-0000-000000000000",
	"00000000-0000-0000-0000-000000000000");
INSERT INTO SM_TXN
	VALUES ("7fe84b89-c82c-4c7d-a7ad-412f9c87a98e",
	"fe897b86-348e-4f91-be9e-44926e987b59",
	"87b18a90-7e2f-4651-98c4-3fd876899757",
	"00000000-0000-0000-0000-000000000000");
INSERT INTO SM_NSTXN
	VALUES ("a9de50ec-f696-40fb-9ed7-68dd1cf92064",
	"fe897b86-348e-4f91-be9e-44926e987b59",
	"8f42f2fd-54a8-4ee0-8bcc-8a5b2aa72aa6",
	"e21167e3-2ebe-40ce-8a6e-029667752180",
	"00000000-0000-0000-0000-000000000000");
INSERT INTO SM_TAH
	VALUES ("38e89b59-1503-45fc-b272-f104a5031a3d",
	"fe897b86-348e-4f91-be9e-44926e987b59",
	"a9de50ec-f696-40fb-9ed7-68dd1cf92064");
INSERT INTO SM_AH
	VALUES ("38e89b59-1503-45fc-b272-f104a5031a3d",
	"fe897b86-348e-4f91-be9e-44926e987b59");
INSERT INTO SM_ACT
	VALUES ("38e89b59-1503-45fc-b272-f104a5031a3d",
	"fe897b86-348e-4f91-be9e-44926e987b59",
	1,
	'send to_heart::systolic_pace();',
	'');
INSERT INTO ACT_TAB
	VALUES ("d12751ca-787e-4736-828e-1d02a64df1ce",
	"fe897b86-348e-4f91-be9e-44926e987b59",
	"38e89b59-1503-45fc-b272-f104a5031a3d");
INSERT INTO ACT_ACT
	VALUES ("d12751ca-787e-4736-828e-1d02a64df1ce",
	'transition',
	0,
	"7206eb6f-0d93-412d-844f-c241f70deb35",
	"00000000-0000-0000-0000-000000000000",
	0,
	'PACER3: timeout',
	"00000000-0000-0000-0000-000000000000");
INSERT INTO ACT_BLK
	VALUES ("7206eb6f-0d93-412d-844f-c241f70deb35",
	0,
	0,
	0,
	'to_heart',
	'',
	'',
	1,
	1,
	1,
	6,
	0,
	0,
	0,
	0,
	0,
	0,
	0,
	0,
	0,
	"d12751ca-787e-4736-828e-1d02a64df1ce",
	"00000000-0000-0000-0000-000000000000");
INSERT INTO ACT_SMT
	VALUES ("a1cc7898-e75e-44e8-88ea-571a56468700",
	"7206eb6f-0d93-412d-844f-c241f70deb35",
	"00000000-0000-0000-0000-000000000000",
	1,
	1,
	'PACER3: timeout line: 1');
INSERT INTO ACT_SGN
	VALUES ("a1cc7898-e75e-44e8-88ea-571a56468700",
	1,
	16,
	1,
	6,
	"8bb2d11d-563f-45e9-ba20-5eeb6544ea8e",
	"00000000-0000-0000-0000-000000000000",
	"00000000-0000-0000-0000-000000000000");
INSERT INTO SM_TXN
	VALUES ("a9de50ec-f696-40fb-9ed7-68dd1cf92064",
	"fe897b86-348e-4f91-be9e-44926e987b59",
	"87b18a90-7e2f-4651-98c4-3fd876899757",
	"00000000-0000-0000-0000-000000000000");
INSERT INTO SM_NSTXN
	VALUES ("b2baa07a-3e5b-4c13-a4ba-1de1580e99b5",
	"fe897b86-348e-4f91-be9e-44926e987b59",
	"02873410-2b59-4375-9edc-ed3740f4ee32",
	"aa336b0a-cf83-4695-9a19-b140f862a6f7",
	"00000000-0000-0000-0000-000000000000");
INSERT INTO SM_TAH
	VALUES ("bde938b1-3ef9-4bf2-b435-1c517b46ab3e",
	"fe897b86-348e-4f91-be9e-44926e987b59",
	"b2baa07a-3e5b-4c13-a4ba-1de1580e99b5");
INSERT INTO SM_AH
	VALUES ("bde938b1-3ef9-4bf2-b435-1c517b46ab3e",
	"fe897b86-348e-4f91-be9e-44926e987b59");
INSERT INTO SM_ACT
	VALUES ("bde938b1-3ef9-4bf2-b435-1c517b46ab3e",
	"fe897b86-348e-4f91-be9e-44926e987b59",
	1,
	'',
	'');
INSERT INTO ACT_TAB
	VALUES ("e2dc6cc1-8773-43ec-9998-ccccc69d6695",
	"fe897b86-348e-4f91-be9e-44926e987b59",
	"bde938b1-3ef9-4bf2-b435-1c517b46ab3e");
INSERT INTO ACT_ACT
	VALUES ("e2dc6cc1-8773-43ec-9998-ccccc69d6695",
	'transition',
	0,
	"1c2a86bf-5143-48ea-88fb-d5487a1f65ab",
	"00000000-0000-0000-0000-000000000000",
	0,
	'PACER5: rate_increased',
	"00000000-0000-0000-0000-000000000000");
INSERT INTO ACT_BLK
	VALUES ("1c2a86bf-5143-48ea-88fb-d5487a1f65ab",
	0,
	0,
	0,
	'',
	'',
	'',
	0,
	0,
	0,
	0,
	0,
	0,
	0,
	0,
	0,
	0,
	0,
	0,
	0,
	"e2dc6cc1-8773-43ec-9998-ccccc69d6695",
	"00000000-0000-0000-0000-000000000000");
INSERT INTO SM_TXN
	VALUES ("b2baa07a-3e5b-4c13-a4ba-1de1580e99b5",
	"fe897b86-348e-4f91-be9e-44926e987b59",
	"87b18a90-7e2f-4651-98c4-3fd876899757",
	"00000000-0000-0000-0000-000000000000");
INSERT INTO SM_NSTXN
	VALUES ("bdd62489-7247-40ed-b209-37c703e556ea",
	"fe897b86-348e-4f91-be9e-44926e987b59",
	"87b18a90-7e2f-4651-98c4-3fd876899757",
	"b2e23e4d-6075-460f-8f8a-4d678fae5b4a",
	"00000000-0000-0000-0000-000000000000");
INSERT INTO SM_TAH
	VALUES ("c474785f-b507-4cc3-9a1b-1db2f12161c1",
	"fe897b86-348e-4f91-be9e-44926e987b59",
	"bdd62489-7247-40ed-b209-37c703e556ea");
INSERT INTO SM_AH
	VALUES ("c474785f-b507-4cc3-9a1b-1db2f12161c1",
	"fe897b86-348e-4f91-be9e-44926e987b59");
INSERT INTO SM_ACT
	VALUES ("c474785f-b507-4cc3-9a1b-1db2f12161c1",
	"fe897b86-348e-4f91-be9e-44926e987b59",
	1,
	'',
	'');
INSERT INTO ACT_TAB
	VALUES ("64f74b15-dbb7-4e47-9e7a-f1d847e8ca24",
	"fe897b86-348e-4f91-be9e-44926e987b59",
	"c474785f-b507-4cc3-9a1b-1db2f12161c1");
INSERT INTO ACT_ACT
	VALUES ("64f74b15-dbb7-4e47-9e7a-f1d847e8ca24",
	'transition',
	0,
	"e423fffe-f561-468d-8d5c-c3105d105b73",
	"00000000-0000-0000-0000-000000000000",
	0,
	'PACER4: increased_activity',
	"00000000-0000-0000-0000-000000000000");
INSERT INTO ACT_BLK
	VALUES ("e423fffe-f561-468d-8d5c-c3105d105b73",
	0,
	0,
	0,
	'',
	'',
	'',
	0,
	0,
	0,
	0,
	0,
	0,
	0,
	0,
	0,
	0,
	0,
	0,
	0,
	"64f74b15-dbb7-4e47-9e7a-f1d847e8ca24",
	"00000000-0000-0000-0000-000000000000");
INSERT INTO SM_TXN
	VALUES ("bdd62489-7247-40ed-b209-37c703e556ea",
	"fe897b86-348e-4f91-be9e-44926e987b59",
	"02873410-2b59-4375-9edc-ed3740f4ee32",
	"00000000-0000-0000-0000-000000000000");
INSERT INTO SM_ASM
	VALUES ("0ba9d299-2690-41e3-b7fe-b2ace54a72aa",
	"37df0e10-44eb-42cf-a2b2-562eaeaa8b91");
INSERT INTO SM_SM
	VALUES ("0ba9d299-2690-41e3-b7fe-b2ace54a72aa",
	'',
	0);
INSERT INTO SM_MOORE
	VALUES ("0ba9d299-2690-41e3-b7fe-b2ace54a72aa");
INSERT INTO SM_SGEVT
	VALUES ("4f69b75c-e42e-49b3-b154-f955b309b351",
	"0ba9d299-2690-41e3-b7fe-b2ace54a72aa",
	"00000000-0000-0000-0000-000000000000",
	"82730550-d5bb-4a48-a6aa-100abece628b",
	"00000000-0000-0000-0000-000000000000",
	'to_heart::diastolic_pulse');
INSERT INTO SM_SEVT
	VALUES ("4f69b75c-e42e-49b3-b154-f955b309b351",
	"0ba9d299-2690-41e3-b7fe-b2ace54a72aa",
	"00000000-0000-0000-0000-000000000000");
INSERT INTO SM_EVT
	VALUES ("4f69b75c-e42e-49b3-b154-f955b309b351",
	"0ba9d299-2690-41e3-b7fe-b2ace54a72aa",
	"00000000-0000-0000-0000-000000000000",
	3,
	'diastolic_pulse',
	0,
	'',
	'to_heart::diastolic_pulse',
	'');
INSERT INTO SM_SGEVT
	VALUES ("4042bb9b-be7f-44f8-ad0e-f43e1d6bbcae",
	"0ba9d299-2690-41e3-b7fe-b2ace54a72aa",
	"00000000-0000-0000-0000-000000000000",
	"c1748da8-25d1-46d5-867a-60c2d7fdedff",
	"00000000-0000-0000-0000-000000000000",
	'to_heart::systolic_pulse');
INSERT INTO SM_SEVT
	VALUES ("4042bb9b-be7f-44f8-ad0e-f43e1d6bbcae",
	"0ba9d299-2690-41e3-b7fe-b2ace54a72aa",
	"00000000-0000-0000-0000-000000000000");
INSERT INTO SM_EVT
	VALUES ("4042bb9b-be7f-44f8-ad0e-f43e1d6bbcae",
	"0ba9d299-2690-41e3-b7fe-b2ace54a72aa",
	"00000000-0000-0000-0000-000000000000",
	4,
	'systolic_pulse',
	0,
	'',
	'to_heart::systolic_pulse',
	'');
INSERT INTO SM_SGEVT
	VALUES ("1c26cab7-c7e4-4258-8f0e-8a44c5a38892",
	"0ba9d299-2690-41e3-b7fe-b2ace54a72aa",
	"00000000-0000-0000-0000-000000000000",
	"972b929e-b5d5-4544-8fd8-867f73076609",
	"00000000-0000-0000-0000-000000000000",
	'monitor::increased_activty');
INSERT INTO SM_SEVT
	VALUES ("1c26cab7-c7e4-4258-8f0e-8a44c5a38892",
	"0ba9d299-2690-41e3-b7fe-b2ace54a72aa",
	"00000000-0000-0000-0000-000000000000");
INSERT INTO SM_EVT
	VALUES ("1c26cab7-c7e4-4258-8f0e-8a44c5a38892",
	"0ba9d299-2690-41e3-b7fe-b2ace54a72aa",
	"00000000-0000-0000-0000-000000000000",
	5,
	'increased_activty',
	0,
	'',
	'monitor::increased_activty',
	'');
INSERT INTO SM_STATE
	VALUES ("56238f2d-2d9a-45d4-97dd-6a531d435857",
	"0ba9d299-2690-41e3-b7fe-b2ace54a72aa",
	"00000000-0000-0000-0000-000000000000",
	'monitoring host',
	1,
	0);
INSERT INTO SM_SEME
	VALUES ("56238f2d-2d9a-45d4-97dd-6a531d435857",
	"4f69b75c-e42e-49b3-b154-f955b309b351",
	"0ba9d299-2690-41e3-b7fe-b2ace54a72aa",
	"00000000-0000-0000-0000-000000000000");
INSERT INTO SM_SEME
	VALUES ("56238f2d-2d9a-45d4-97dd-6a531d435857",
	"4042bb9b-be7f-44f8-ad0e-f43e1d6bbcae",
	"0ba9d299-2690-41e3-b7fe-b2ace54a72aa",
	"00000000-0000-0000-0000-000000000000");
INSERT INTO SM_SEME
	VALUES ("56238f2d-2d9a-45d4-97dd-6a531d435857",
	"1c26cab7-c7e4-4258-8f0e-8a44c5a38892",
	"0ba9d299-2690-41e3-b7fe-b2ace54a72aa",
	"00000000-0000-0000-0000-000000000000");
INSERT INTO SM_MOAH
	VALUES ("eac67953-81a5-4bdb-9c01-a10554842969",
	"0ba9d299-2690-41e3-b7fe-b2ace54a72aa",
	"56238f2d-2d9a-45d4-97dd-6a531d435857");
INSERT INTO SM_AH
	VALUES ("eac67953-81a5-4bdb-9c01-a10554842969",
	"0ba9d299-2690-41e3-b7fe-b2ace54a72aa");
INSERT INTO SM_ACT
	VALUES ("eac67953-81a5-4bdb-9c01-a10554842969",
	"0ba9d299-2690-41e3-b7fe-b2ace54a72aa",
	1,
	'',
	'');
INSERT INTO ACT_SAB
	VALUES ("a15cb858-647b-4f1e-872a-a260fb5be7b9",
	"0ba9d299-2690-41e3-b7fe-b2ace54a72aa",
	"eac67953-81a5-4bdb-9c01-a10554842969");
INSERT INTO ACT_ACT
	VALUES ("a15cb858-647b-4f1e-872a-a260fb5be7b9",
	'class state',
	0,
	"9352db45-5c4f-471b-9351-6514a02883bf",
	"00000000-0000-0000-0000-000000000000",
	0,
	'pacer::monitoring host',
	"00000000-0000-0000-0000-000000000000");
INSERT INTO ACT_BLK
	VALUES ("9352db45-5c4f-471b-9351-6514a02883bf",
	0,
	0,
	0,
	'',
	'',
	'',
	0,
	0,
	0,
	0,
	0,
	0,
	0,
	0,
	0,
	0,
	0,
	0,
	0,
	"a15cb858-647b-4f1e-872a-a260fb5be7b9",
	"00000000-0000-0000-0000-000000000000");
INSERT INTO SM_NSTXN
	VALUES ("03b728a3-57fa-43aa-9cca-00c16027d560",
	"0ba9d299-2690-41e3-b7fe-b2ace54a72aa",
	"56238f2d-2d9a-45d4-97dd-6a531d435857",
	"4f69b75c-e42e-49b3-b154-f955b309b351",
	"00000000-0000-0000-0000-000000000000");
INSERT INTO SM_TAH
	VALUES ("f64eb944-f564-4fa4-a868-11dbaafa8a8e",
	"0ba9d299-2690-41e3-b7fe-b2ace54a72aa",
	"03b728a3-57fa-43aa-9cca-00c16027d560");
INSERT INTO SM_AH
	VALUES ("f64eb944-f564-4fa4-a868-11dbaafa8a8e",
	"0ba9d299-2690-41e3-b7fe-b2ace54a72aa");
INSERT INTO SM_ACT
	VALUES ("f64eb944-f564-4fa4-a868-11dbaafa8a8e",
	"0ba9d299-2690-41e3-b7fe-b2ace54a72aa",
	1,
	'// Redirect signal from heart to become event to pacer.
select any pacer from instances of PACER;
generate PACER2:diastolic_pulse() to pacer;
',
	'');
INSERT INTO ACT_TAB
	VALUES ("0ed0a3f4-ab36-4fe3-b236-bf472bd1b250",
	"0ba9d299-2690-41e3-b7fe-b2ace54a72aa",
	"f64eb944-f564-4fa4-a868-11dbaafa8a8e");
INSERT INTO ACT_ACT
	VALUES ("0ed0a3f4-ab36-4fe3-b236-bf472bd1b250",
	'class transition',
	0,
	"90cb848c-7466-4885-9878-17bf656ef4a9",
	"00000000-0000-0000-0000-000000000000",
	0,
	'to_heart::diastolic_pulse',
	"00000000-0000-0000-0000-000000000000");
INSERT INTO ACT_BLK
	VALUES ("90cb848c-7466-4885-9878-17bf656ef4a9",
	1,
	0,
	0,
	'V_VAR.Var_ID',
	'',
	'',
	3,
	1,
	2,
	36,
	0,
	0,
	0,
	0,
	0,
	0,
	0,
	0,
	0,
	"0ed0a3f4-ab36-4fe3-b236-bf472bd1b250",
	"00000000-0000-0000-0000-000000000000");
INSERT INTO ACT_SMT
	VALUES ("c68e81b5-16aa-4031-9e17-3e49c721264c",
	"90cb848c-7466-4885-9878-17bf656ef4a9",
	"bd5c2b69-f6f6-4a76-9477-ac00aab2220e",
	2,
	1,
	'to_heart::diastolic_pulse line: 2');
INSERT INTO ACT_FIO
	VALUES ("c68e81b5-16aa-4031-9e17-3e49c721264c",
	"58d8aeb5-9a81-4f60-871f-a765cd8b1c36",
	1,
	'any',
	"37df0e10-44eb-42cf-a2b2-562eaeaa8b91",
	2,
	36);
INSERT INTO ACT_SMT
	VALUES ("bd5c2b69-f6f6-4a76-9477-ac00aab2220e",
	"90cb848c-7466-4885-9878-17bf656ef4a9",
	"00000000-0000-0000-0000-000000000000",
	3,
	1,
	'to_heart::diastolic_pulse line: 3');
INSERT INTO E_ESS
	VALUES ("bd5c2b69-f6f6-4a76-9477-ac00aab2220e",
	1,
	0,
	3,
	10,
	3,
	17,
	2,
	36,
	0,
	0,
	0,
	0);
INSERT INTO E_GES
	VALUES ("bd5c2b69-f6f6-4a76-9477-ac00aab2220e");
INSERT INTO E_GSME
	VALUES ("bd5c2b69-f6f6-4a76-9477-ac00aab2220e",
	"21c22857-7533-4482-ac24-a6655e5ca2bc");
INSERT INTO E_GEN
	VALUES ("bd5c2b69-f6f6-4a76-9477-ac00aab2220e",
	"58d8aeb5-9a81-4f60-871f-a765cd8b1c36");
INSERT INTO V_VAR
	VALUES ("58d8aeb5-9a81-4f60-871f-a765cd8b1c36",
	"90cb848c-7466-4885-9878-17bf656ef4a9",
	'pacer',
	1,
	"ba5eda7a-def5-0000-0000-000000000008");
INSERT INTO V_INT
	VALUES ("58d8aeb5-9a81-4f60-871f-a765cd8b1c36",
	0,
	"37df0e10-44eb-42cf-a2b2-562eaeaa8b91");
INSERT INTO V_LOC
	VALUES ("ebbf815b-a1c4-4641-80b2-53a53ddbea59",
	2,
	12,
	16,
	"58d8aeb5-9a81-4f60-871f-a765cd8b1c36");
INSERT INTO V_LOC
	VALUES ("2700a75b-da4d-4d81-b9a3-a1e65746e6c5",
	3,
	38,
	42,
	"58d8aeb5-9a81-4f60-871f-a765cd8b1c36");
INSERT INTO SM_TXN
	VALUES ("03b728a3-57fa-43aa-9cca-00c16027d560",
	"0ba9d299-2690-41e3-b7fe-b2ace54a72aa",
	"56238f2d-2d9a-45d4-97dd-6a531d435857",
	"00000000-0000-0000-0000-000000000000");
INSERT INTO SM_NSTXN
	VALUES ("1550101c-0ff8-4211-afc7-e30ca848b9fb",
	"0ba9d299-2690-41e3-b7fe-b2ace54a72aa",
	"56238f2d-2d9a-45d4-97dd-6a531d435857",
	"4042bb9b-be7f-44f8-ad0e-f43e1d6bbcae",
	"00000000-0000-0000-0000-000000000000");
INSERT INTO SM_TAH
	VALUES ("ea38fff8-4aef-4550-bd7a-2df9cdf4c40f",
	"0ba9d299-2690-41e3-b7fe-b2ace54a72aa",
	"1550101c-0ff8-4211-afc7-e30ca848b9fb");
INSERT INTO SM_AH
	VALUES ("ea38fff8-4aef-4550-bd7a-2df9cdf4c40f",
	"0ba9d299-2690-41e3-b7fe-b2ace54a72aa");
INSERT INTO SM_ACT
	VALUES ("ea38fff8-4aef-4550-bd7a-2df9cdf4c40f",
	"0ba9d299-2690-41e3-b7fe-b2ace54a72aa",
	1,
	'// Redirect signal from heart to become event to pacer.
select any pacer from instances of PACER;
generate PACER1:systolic_pulse() to pacer;
',
	'');
INSERT INTO ACT_TAB
	VALUES ("3dc40b65-c5e6-40ad-abb1-7b8f77e526fb",
	"0ba9d299-2690-41e3-b7fe-b2ace54a72aa",
	"ea38fff8-4aef-4550-bd7a-2df9cdf4c40f");
INSERT INTO ACT_ACT
	VALUES ("3dc40b65-c5e6-40ad-abb1-7b8f77e526fb",
	'class transition',
	0,
	"e7d3bac7-7fb0-4e55-9c78-50c73cae3cf4",
	"00000000-0000-0000-0000-000000000000",
	0,
	'to_heart::systolic_pulse',
	"00000000-0000-0000-0000-000000000000");
INSERT INTO ACT_BLK
	VALUES ("e7d3bac7-7fb0-4e55-9c78-50c73cae3cf4",
	1,
	0,
	0,
	'V_VAR.Var_ID',
	'',
	'',
	3,
	1,
	2,
	36,
	0,
	0,
	0,
	0,
	0,
	0,
	0,
	0,
	0,
	"3dc40b65-c5e6-40ad-abb1-7b8f77e526fb",
	"00000000-0000-0000-0000-000000000000");
INSERT INTO ACT_SMT
	VALUES ("f31ca549-db75-4d8c-b9a8-82c5249a3d06",
	"e7d3bac7-7fb0-4e55-9c78-50c73cae3cf4",
	"a65458d7-69be-418b-8bba-fcc0fd6efdc4",
	2,
	1,
	'to_heart::systolic_pulse line: 2');
INSERT INTO ACT_FIO
	VALUES ("f31ca549-db75-4d8c-b9a8-82c5249a3d06",
	"36573f2a-99b5-49c5-8035-1eed8c1f1390",
	1,
	'any',
	"37df0e10-44eb-42cf-a2b2-562eaeaa8b91",
	2,
	36);
INSERT INTO ACT_SMT
	VALUES ("a65458d7-69be-418b-8bba-fcc0fd6efdc4",
	"e7d3bac7-7fb0-4e55-9c78-50c73cae3cf4",
	"00000000-0000-0000-0000-000000000000",
	3,
	1,
	'to_heart::systolic_pulse line: 3');
INSERT INTO E_ESS
	VALUES ("a65458d7-69be-418b-8bba-fcc0fd6efdc4",
	1,
	0,
	3,
	10,
	3,
	17,
	2,
	36,
	0,
	0,
	0,
	0);
INSERT INTO E_GES
	VALUES ("a65458d7-69be-418b-8bba-fcc0fd6efdc4");
INSERT INTO E_GSME
	VALUES ("a65458d7-69be-418b-8bba-fcc0fd6efdc4",
	"e65ffa7f-22ef-4029-b0d5-f1ae56a1fc8e");
INSERT INTO E_GEN
	VALUES ("a65458d7-69be-418b-8bba-fcc0fd6efdc4",
	"36573f2a-99b5-49c5-8035-1eed8c1f1390");
INSERT INTO V_VAR
	VALUES ("36573f2a-99b5-49c5-8035-1eed8c1f1390",
	"e7d3bac7-7fb0-4e55-9c78-50c73cae3cf4",
	'pacer',
	1,
	"ba5eda7a-def5-0000-0000-000000000008");
INSERT INTO V_INT
	VALUES ("36573f2a-99b5-49c5-8035-1eed8c1f1390",
	0,
	"37df0e10-44eb-42cf-a2b2-562eaeaa8b91");
INSERT INTO V_LOC
	VALUES ("90c61e35-735b-4361-bb6b-795c13fa9239",
	2,
	12,
	16,
	"36573f2a-99b5-49c5-8035-1eed8c1f1390");
INSERT INTO V_LOC
	VALUES ("c1025089-d7a7-4cdd-b08f-ab3d1b3fe224",
	3,
	37,
	41,
	"36573f2a-99b5-49c5-8035-1eed8c1f1390");
INSERT INTO SM_TXN
	VALUES ("1550101c-0ff8-4211-afc7-e30ca848b9fb",
	"0ba9d299-2690-41e3-b7fe-b2ace54a72aa",
	"56238f2d-2d9a-45d4-97dd-6a531d435857",
	"00000000-0000-0000-0000-000000000000");
INSERT INTO SM_NSTXN
	VALUES ("67b64480-d9c1-4e82-be1d-aa9a0cbfd358",
	"0ba9d299-2690-41e3-b7fe-b2ace54a72aa",
	"56238f2d-2d9a-45d4-97dd-6a531d435857",
	"1c26cab7-c7e4-4258-8f0e-8a44c5a38892",
	"00000000-0000-0000-0000-000000000000");
INSERT INTO SM_TAH
	VALUES ("53023d77-1193-4b3e-98fa-abb59467bcfd",
	"0ba9d299-2690-41e3-b7fe-b2ace54a72aa",
	"67b64480-d9c1-4e82-be1d-aa9a0cbfd358");
INSERT INTO SM_AH
	VALUES ("53023d77-1193-4b3e-98fa-abb59467bcfd",
	"0ba9d299-2690-41e3-b7fe-b2ace54a72aa");
INSERT INTO SM_ACT
	VALUES ("53023d77-1193-4b3e-98fa-abb59467bcfd",
	"0ba9d299-2690-41e3-b7fe-b2ace54a72aa",
	1,
	'// Redirect signal from monitor to become event to pacer.
select any pacer from instances of PACER;
generate PACER5:rate_increased() to pacer;
',
	'');
INSERT INTO ACT_TAB
	VALUES ("05adfea8-f75c-4769-963c-305b56a80a62",
	"0ba9d299-2690-41e3-b7fe-b2ace54a72aa",
	"53023d77-1193-4b3e-98fa-abb59467bcfd");
INSERT INTO ACT_ACT
	VALUES ("05adfea8-f75c-4769-963c-305b56a80a62",
	'class transition',
	0,
	"b3fd78ce-0ffa-4925-b19d-2266cc227647",
	"00000000-0000-0000-0000-000000000000",
	0,
	'monitor::increased_activty',
	"00000000-0000-0000-0000-000000000000");
INSERT INTO ACT_BLK
	VALUES ("b3fd78ce-0ffa-4925-b19d-2266cc227647",
	1,
	0,
	0,
	'V_VAR.Var_ID',
	'',
	'',
	3,
	1,
	2,
	36,
	0,
	0,
	0,
	0,
	0,
	0,
	0,
	0,
	0,
	"05adfea8-f75c-4769-963c-305b56a80a62",
	"00000000-0000-0000-0000-000000000000");
INSERT INTO ACT_SMT
	VALUES ("1c764e20-6f2d-4326-b4da-cb8b0e2fcfb1",
	"b3fd78ce-0ffa-4925-b19d-2266cc227647",
	"c1abaa06-c4c2-4952-adc0-b6f6ed94aab9",
	2,
	1,
	'monitor::increased_activty line: 2');
INSERT INTO ACT_FIO
	VALUES ("1c764e20-6f2d-4326-b4da-cb8b0e2fcfb1",
	"c8cef3d5-dcc1-41e3-893e-d0ea68c67111",
	1,
	'any',
	"37df0e10-44eb-42cf-a2b2-562eaeaa8b91",
	2,
	36);
INSERT INTO ACT_SMT
	VALUES ("c1abaa06-c4c2-4952-adc0-b6f6ed94aab9",
	"b3fd78ce-0ffa-4925-b19d-2266cc227647",
	"00000000-0000-0000-0000-000000000000",
	3,
	1,
	'monitor::increased_activty line: 3');
INSERT INTO E_ESS
	VALUES ("c1abaa06-c4c2-4952-adc0-b6f6ed94aab9",
	1,
	0,
	3,
	10,
	3,
	17,
	2,
	36,
	0,
	0,
	0,
	0);
INSERT INTO E_GES
	VALUES ("c1abaa06-c4c2-4952-adc0-b6f6ed94aab9");
INSERT INTO E_GSME
	VALUES ("c1abaa06-c4c2-4952-adc0-b6f6ed94aab9",
	"aa336b0a-cf83-4695-9a19-b140f862a6f7");
INSERT INTO E_GEN
	VALUES ("c1abaa06-c4c2-4952-adc0-b6f6ed94aab9",
	"c8cef3d5-dcc1-41e3-893e-d0ea68c67111");
INSERT INTO V_VAR
	VALUES ("c8cef3d5-dcc1-41e3-893e-d0ea68c67111",
	"b3fd78ce-0ffa-4925-b19d-2266cc227647",
	'pacer',
	1,
	"ba5eda7a-def5-0000-0000-000000000008");
INSERT INTO V_INT
	VALUES ("c8cef3d5-dcc1-41e3-893e-d0ea68c67111",
	0,
	"37df0e10-44eb-42cf-a2b2-562eaeaa8b91");
INSERT INTO V_LOC
	VALUES ("325593c5-8993-4da4-9985-8e95a4b1d518",
	2,
	12,
	16,
	"c8cef3d5-dcc1-41e3-893e-d0ea68c67111");
INSERT INTO V_LOC
	VALUES ("ecfe3d99-5465-4eff-b8a8-7532fcf60dc8",
	3,
	37,
	41,
	"c8cef3d5-dcc1-41e3-893e-d0ea68c67111");
INSERT INTO SM_TXN
	VALUES ("67b64480-d9c1-4e82-be1d-aa9a0cbfd358",
	"0ba9d299-2690-41e3-b7fe-b2ace54a72aa",
	"56238f2d-2d9a-45d4-97dd-6a531d435857",
	"00000000-0000-0000-0000-000000000000");
INSERT INTO PE_PE
	VALUES ("64cd4cde-e522-4a43-aefa-801975114eb9",
	1,
	"61a575fd-fcfc-433c-a24d-97ab5f20738a",
	"00000000-0000-0000-0000-000000000000",
	2);
INSERT INTO C_C
	VALUES ("64cd4cde-e522-4a43-aefa-801975114eb9",
	"00000000-0000-0000-0000-000000000000",
	"00000000-0000-0000-0000-000000000000",
	'pacer',
	'The pacer component listens to the host''s heartbeat and sends signals to
increase the rate depending on the host''s current rate.  It consists of two
internal components, one that handles generating a beat and the other that
listens for increased activity.',
	0,
	"00000000-0000-0000-0000-000000000000",
	0,
	'');
INSERT INTO C_PO
	VALUES ("9f96fd3d-ed79-466e-b824-217159e2b0e2",
	"64cd4cde-e522-4a43-aefa-801975114eb9",
	'to_heart',
	0,
	0);
INSERT INTO C_IR
	VALUES ("b6871f7e-a5e2-4808-8125-ce38580c2041",
	"0bd9915b-76d2-4a1e-897b-8e05cbe04e89",
	"00000000-0000-0000-0000-000000000000",
	"9f96fd3d-ed79-466e-b824-217159e2b0e2");
INSERT INTO C_P
	VALUES ("b6871f7e-a5e2-4808-8125-ce38580c2041",
	'synchronization',
	'Unnamed Interface',
	'',
	'pacer::to_heart::synchronization');
INSERT INTO SPR_PEP
	VALUES ("392f9d99-0953-4843-a94a-d1c8d6a90ef5",
	"0f2056aa-552d-47ee-863f-1112ca801894",
	"b6871f7e-a5e2-4808-8125-ce38580c2041");
INSERT INTO SPR_PS
	VALUES ("392f9d99-0953-4843-a94a-d1c8d6a90ef5",
	'systolic_pulse',
	'',
	'',
	1);
INSERT INTO ACT_PSB
	VALUES ("77ca054e-a8fc-4994-bb7f-3c4f76445b8d",
	"392f9d99-0953-4843-a94a-d1c8d6a90ef5");
INSERT INTO ACT_ACT
	VALUES ("77ca054e-a8fc-4994-bb7f-3c4f76445b8d",
	'signal',
	0,
	"6370583a-b4dc-4cd3-8cbf-f1407db2bb41",
	"00000000-0000-0000-0000-000000000000",
	0,
	'to_heart::synchronization::systolic_pulse',
	"00000000-0000-0000-0000-000000000000");
INSERT INTO ACT_BLK
	VALUES ("6370583a-b4dc-4cd3-8cbf-f1407db2bb41",
	0,
	0,
	0,
	'',
	'',
	'',
	0,
	0,
	0,
	0,
	0,
	0,
	0,
	0,
	0,
	0,
	0,
	0,
	0,
	"77ca054e-a8fc-4994-bb7f-3c4f76445b8d",
	"00000000-0000-0000-0000-000000000000");
INSERT INTO SPR_PEP
	VALUES ("9ceabb50-f4f2-44ed-adb8-caebe1863e00",
	"538342c3-6d25-4d02-8645-befa35b9427f",
	"b6871f7e-a5e2-4808-8125-ce38580c2041");
INSERT INTO SPR_PS
	VALUES ("9ceabb50-f4f2-44ed-adb8-caebe1863e00",
	'diastolic_pulse',
	'',
	'',
	1);
INSERT INTO ACT_PSB
	VALUES ("fa990d3e-9441-4e48-bc6f-7d146c141534",
	"9ceabb50-f4f2-44ed-adb8-caebe1863e00");
INSERT INTO ACT_ACT
	VALUES ("fa990d3e-9441-4e48-bc6f-7d146c141534",
	'signal',
	0,
	"25eecf76-0533-4520-92e5-822ad1bf3ce0",
	"00000000-0000-0000-0000-000000000000",
	0,
	'to_heart::synchronization::diastolic_pulse',
	"00000000-0000-0000-0000-000000000000");
INSERT INTO ACT_BLK
	VALUES ("25eecf76-0533-4520-92e5-822ad1bf3ce0",
	0,
	0,
	0,
	'',
	'',
	'',
	0,
	0,
	0,
	0,
	0,
	0,
	0,
	0,
	0,
	0,
	0,
	0,
	0,
	"fa990d3e-9441-4e48-bc6f-7d146c141534",
	"00000000-0000-0000-0000-000000000000");
INSERT INTO SPR_PEP
	VALUES ("a44a5420-cd1f-464f-9a31-7b3f8e14836b",
	"2a89dc7f-4e1b-4de6-82a1-88786929e624",
	"b6871f7e-a5e2-4808-8125-ce38580c2041");
INSERT INTO SPR_PS
	VALUES ("a44a5420-cd1f-464f-9a31-7b3f8e14836b",
	'systolic_pace',
	'',
	'',
	1);
INSERT INTO ACT_PSB
	VALUES ("1819d336-9de8-47b8-994c-4b66d71c1197",
	"a44a5420-cd1f-464f-9a31-7b3f8e14836b");
INSERT INTO ACT_ACT
	VALUES ("1819d336-9de8-47b8-994c-4b66d71c1197",
	'signal',
	0,
	"36d03af1-672f-462b-a605-476a96ccaa58",
	"00000000-0000-0000-0000-000000000000",
	0,
	'to_heart::synchronization::systolic_pace',
	"00000000-0000-0000-0000-000000000000");
INSERT INTO ACT_BLK
	VALUES ("36d03af1-672f-462b-a605-476a96ccaa58",
	0,
	0,
	0,
	'',
	'',
	'',
	0,
	0,
	0,
	0,
	0,
	0,
	0,
	0,
	0,
	0,
	0,
	0,
	0,
	"1819d336-9de8-47b8-994c-4b66d71c1197",
	"00000000-0000-0000-0000-000000000000");
INSERT INTO SPR_PEP
	VALUES ("e63227dc-3512-4f68-9d1c-fd3859c03ad2",
	"cae54907-3b8e-4378-8caf-9fcb1c8016a0",
	"b6871f7e-a5e2-4808-8125-ce38580c2041");
INSERT INTO SPR_PS
	VALUES ("e63227dc-3512-4f68-9d1c-fd3859c03ad2",
	'diastolic_pace',
	'',
	'',
	1);
INSERT INTO ACT_PSB
	VALUES ("db2eadef-cc76-499d-ac66-5e18cb70abc0",
	"e63227dc-3512-4f68-9d1c-fd3859c03ad2");
INSERT INTO ACT_ACT
	VALUES ("db2eadef-cc76-499d-ac66-5e18cb70abc0",
	'signal',
	0,
	"1ecf742e-9b07-4c71-8de4-5d8c4e71cf96",
	"00000000-0000-0000-0000-000000000000",
	0,
	'to_heart::synchronization::diastolic_pace',
	"00000000-0000-0000-0000-000000000000");
INSERT INTO ACT_BLK
	VALUES ("1ecf742e-9b07-4c71-8de4-5d8c4e71cf96",
	0,
	0,
	0,
	'',
	'',
	'',
	0,
	0,
	0,
	0,
	0,
	0,
	0,
	0,
	0,
	0,
	0,
	0,
	0,
	"db2eadef-cc76-499d-ac66-5e18cb70abc0",
	"00000000-0000-0000-0000-000000000000");
INSERT INTO SPR_PEP
	VALUES ("7ca059b9-96b0-4975-a315-078a753fa124",
	"66dc1146-68a1-41cb-81e5-82b26ee7682f",
	"b6871f7e-a5e2-4808-8125-ce38580c2041");
INSERT INTO SPR_PO
	VALUES ("7ca059b9-96b0-4975-a315-078a753fa124",
	'init',
	'',
	'',
	1);
INSERT INTO ACT_POB
	VALUES ("3566b0f0-3b5c-46ee-86d0-cf837dd52b15",
	"7ca059b9-96b0-4975-a315-078a753fa124");
INSERT INTO ACT_ACT
	VALUES ("3566b0f0-3b5c-46ee-86d0-cf837dd52b15",
	'interface operation',
	0,
	"0f37e742-41cd-4785-8a19-57e449cfb3a1",
	"00000000-0000-0000-0000-000000000000",
	0,
	'to_heart::synchronization::init',
	"00000000-0000-0000-0000-000000000000");
INSERT INTO ACT_BLK
	VALUES ("0f37e742-41cd-4785-8a19-57e449cfb3a1",
	0,
	0,
	0,
	'',
	'',
	'',
	0,
	0,
	0,
	0,
	0,
	0,
	0,
	0,
	0,
	0,
	0,
	0,
	0,
	"3566b0f0-3b5c-46ee-86d0-cf837dd52b15",
	"00000000-0000-0000-0000-000000000000");
INSERT INTO C_PO
	VALUES ("338b5866-c417-4b6c-a5d6-21150376b65b",
	"64cd4cde-e522-4a43-aefa-801975114eb9",
	'host',
	0,
	0);
INSERT INTO C_IR
	VALUES ("d4051d51-e8fe-44b5-a867-57cdfff4f5ed",
	"92228dbd-dd96-4df2-a320-af096975a042",
	"00000000-0000-0000-0000-000000000000",
	"338b5866-c417-4b6c-a5d6-21150376b65b");
INSERT INTO C_P
	VALUES ("d4051d51-e8fe-44b5-a867-57cdfff4f5ed",
	'host',
	'Unnamed Interface',
	'',
	'pacer::host::host');
INSERT INTO SPR_PEP
	VALUES ("ad3540b0-f035-4e93-80e6-923e3530641e",
	"29471dd1-27a0-4595-b0b7-467c27ce3e5a",
	"d4051d51-e8fe-44b5-a867-57cdfff4f5ed");
INSERT INTO SPR_PS
	VALUES ("ad3540b0-f035-4e93-80e6-923e3530641e",
	'breath_taken',
	'',
	'',
	1);
INSERT INTO ACT_PSB
	VALUES ("255ca866-bb48-4814-a04f-3b73eba1b60a",
	"ad3540b0-f035-4e93-80e6-923e3530641e");
INSERT INTO ACT_ACT
	VALUES ("255ca866-bb48-4814-a04f-3b73eba1b60a",
	'signal',
	0,
	"8968cd1c-c95b-498f-912c-3ed66b194384",
	"00000000-0000-0000-0000-000000000000",
	0,
	'host::host::breath_taken',
	"00000000-0000-0000-0000-000000000000");
INSERT INTO ACT_BLK
	VALUES ("8968cd1c-c95b-498f-912c-3ed66b194384",
	0,
	0,
	0,
	'',
	'',
	'',
	0,
	0,
	0,
	0,
	0,
	0,
	0,
	0,
	0,
	0,
	0,
	0,
	0,
	"255ca866-bb48-4814-a04f-3b73eba1b60a",
	"00000000-0000-0000-0000-000000000000");
INSERT INTO SPR_PEP
	VALUES ("9aee5af6-fabd-40d2-8f57-85fd54e3a062",
	"22f9d5f3-9583-4006-a41c-976ffcfafae7",
	"d4051d51-e8fe-44b5-a867-57cdfff4f5ed");
INSERT INTO SPR_PS
	VALUES ("9aee5af6-fabd-40d2-8f57-85fd54e3a062",
	'current_temp',
	'',
	'',
	1);
INSERT INTO ACT_PSB
	VALUES ("c9c46dbd-2ed3-4d93-ba2d-fdadfb1a9c02",
	"9aee5af6-fabd-40d2-8f57-85fd54e3a062");
INSERT INTO ACT_ACT
	VALUES ("c9c46dbd-2ed3-4d93-ba2d-fdadfb1a9c02",
	'signal',
	0,
	"3ed88604-9548-438a-9e90-e4867c3fc569",
	"00000000-0000-0000-0000-000000000000",
	0,
	'host::host::current_temp',
	"00000000-0000-0000-0000-000000000000");
INSERT INTO ACT_BLK
	VALUES ("3ed88604-9548-438a-9e90-e4867c3fc569",
	0,
	0,
	0,
	'',
	'',
	'',
	0,
	0,
	0,
	0,
	0,
	0,
	0,
	0,
	0,
	0,
	0,
	0,
	0,
	"c9c46dbd-2ed3-4d93-ba2d-fdadfb1a9c02",
	"00000000-0000-0000-0000-000000000000");
INSERT INTO PA_DIC
	VALUES ("64cd4cde-e522-4a43-aefa-801975114eb9",
	"046423a0-66ed-47cb-aafd-112c1b8e26fd");
INSERT INTO C_DG
	VALUES ("046423a0-66ed-47cb-aafd-112c1b8e26fd",
	'-> pacemaker::to_heart::synchronization');
INSERT INTO C_RID
	VALUES ("b6871f7e-a5e2-4808-8125-ce38580c2041",
	"046423a0-66ed-47cb-aafd-112c1b8e26fd");
INSERT INTO PA_DIC
	VALUES ("64cd4cde-e522-4a43-aefa-801975114eb9",
	"cbfa3dae-c229-4a5d-a0e1-d53c90b74ce7");
INSERT INTO C_DG
	VALUES ("cbfa3dae-c229-4a5d-a0e1-d53c90b74ce7",
	'-> hostmonitor::host::host');
INSERT INTO C_RID
	VALUES ("d4051d51-e8fe-44b5-a867-57cdfff4f5ed",
	"cbfa3dae-c229-4a5d-a0e1-d53c90b74ce7");
INSERT INTO PE_PE
	VALUES ("2f35a681-993a-4966-b581-f41a20d414fe",
	-1,
	"00000000-0000-0000-0000-000000000000",
	"64cd4cde-e522-4a43-aefa-801975114eb9",
	-1);
INSERT INTO CL_IC
	VALUES ("2f35a681-993a-4966-b581-f41a20d414fe",
	"e0b9e174-e379-4344-88b6-ced7f17ce95f",
	"00000000-0000-0000-0000-000000000000",
	"00000000-0000-0000-0000-000000000000",
	0,
	'',
	'avpace::library::pacemaker',
	'');
INSERT INTO CL_IIR
	VALUES ("d9662004-7339-40eb-998c-a254c18fc3f9",
	"8d3df991-ac02-4460-92a2-cf1561252f7b",
	"2f35a681-993a-4966-b581-f41a20d414fe",
	"046423a0-66ed-47cb-aafd-112c1b8e26fd",
	'synchronization',
	'');
INSERT INTO CL_IP
	VALUES ("d9662004-7339-40eb-998c-a254c18fc3f9",
	'synchronization',
	'');
INSERT INTO CL_IIR
	VALUES ("28a50159-b123-4b18-a6a0-ce2afb598de7",
	"f48df434-22ff-4bb0-8975-8f9bd7b88c8a",
	"2f35a681-993a-4966-b581-f41a20d414fe",
	"00000000-0000-0000-0000-000000000000",
	'monitor',
	'');
INSERT INTO CL_IP
	VALUES ("28a50159-b123-4b18-a6a0-ce2afb598de7",
	'monitor',
	'');
INSERT INTO CL_IPINS
	VALUES ("485320c8-bcdf-4c2e-9135-1db08349b450",
	"28a50159-b123-4b18-a6a0-ce2afb598de7");
INSERT INTO PE_PE
	VALUES ("9b75af22-0b0c-465e-b178-138763712405",
	-1,
	"00000000-0000-0000-0000-000000000000",
	"64cd4cde-e522-4a43-aefa-801975114eb9",
	-1);
INSERT INTO CL_IC
	VALUES ("9b75af22-0b0c-465e-b178-138763712405",
	"ec30e476-2277-4a97-b32f-3df5784b0726",
	"00000000-0000-0000-0000-000000000000",
	"00000000-0000-0000-0000-000000000000",
	0,
	'',
	'avpace::library::hostmonitor',
	'');
INSERT INTO CL_IIR
	VALUES ("e2ca288d-4de2-4215-aa62-a6999735579b",
	"2990e0fc-907b-4012-97c7-a834716abbba",
	"9b75af22-0b0c-465e-b178-138763712405",
	"00000000-0000-0000-0000-000000000000",
	'monitor',
	'');
INSERT INTO CL_IR
	VALUES ("e2ca288d-4de2-4215-aa62-a6999735579b",
	"485320c8-bcdf-4c2e-9135-1db08349b450",
	'monitor',
	'');
INSERT INTO CL_IIR
	VALUES ("4acbb5a8-1cb9-41a5-a185-721ac49b18b8",
	"64ae06b2-81a1-4a20-9c2c-af8bfb75a212",
	"9b75af22-0b0c-465e-b178-138763712405",
	"cbfa3dae-c229-4a5d-a0e1-d53c90b74ce7",
	'host',
	'');
INSERT INTO CL_IP
	VALUES ("4acbb5a8-1cb9-41a5-a185-721ac49b18b8",
	'host',
	'');
INSERT INTO PE_PE
	VALUES ("485320c8-bcdf-4c2e-9135-1db08349b450",
	1,
	"00000000-0000-0000-0000-000000000000",
	"64cd4cde-e522-4a43-aefa-801975114eb9",
	22);
INSERT INTO C_SF
	VALUES ("485320c8-bcdf-4c2e-9135-1db08349b450",
	"2990e0fc-907b-4012-97c7-a834716abbba",
	"f48df434-22ff-4bb0-8975-8f9bd7b88c8a",
	'',
	'pacemaker::monitor::monitor -o)- hostmonitor::monitor::monitor');
INSERT INTO EP_PKG
	VALUES ("ec31a90f-95df-4b5c-af74-f5199f89b092",
	"15b2a15d-7110-4efa-b644-89bd96e12c0e",
	"15b2a15d-7110-4efa-b644-89bd96e12c0e",
	'interfaces',
	'',
	0);
INSERT INTO PE_PE
	VALUES ("92228dbd-dd96-4df2-a320-af096975a042",
	1,
	"ec31a90f-95df-4b5c-af74-f5199f89b092",
	"00000000-0000-0000-0000-000000000000",
	6);
INSERT INTO C_I
	VALUES ("92228dbd-dd96-4df2-a320-af096975a042",
	"00000000-0000-0000-0000-000000000000",
	'host',
	'');
INSERT INTO C_EP
	VALUES ("29471dd1-27a0-4595-b0b7-467c27ce3e5a",
	"92228dbd-dd96-4df2-a320-af096975a042",
	-1,
	'breath_taken',
	'');
INSERT INTO C_AS
	VALUES ("29471dd1-27a0-4595-b0b7-467c27ce3e5a",
	'breath_taken',
	'',
	0,
	"00000000-0000-0000-0000-000000000000");
INSERT INTO C_EP
	VALUES ("22f9d5f3-9583-4006-a41c-976ffcfafae7",
	"92228dbd-dd96-4df2-a320-af096975a042",
	-1,
	'current_temp',
	'');
INSERT INTO C_AS
	VALUES ("22f9d5f3-9583-4006-a41c-976ffcfafae7",
	'current_temp',
	'',
	0,
	"29471dd1-27a0-4595-b0b7-467c27ce3e5a");
INSERT INTO PE_PE
	VALUES ("604336a3-9bef-4909-b4e0-7e21963a471d",
	1,
	"ec31a90f-95df-4b5c-af74-f5199f89b092",
	"00000000-0000-0000-0000-000000000000",
	6);
INSERT INTO C_I
	VALUES ("604336a3-9bef-4909-b4e0-7e21963a471d",
	"00000000-0000-0000-0000-000000000000",
	'monitor',
	'');
INSERT INTO C_EP
	VALUES ("1ccfd096-372b-4476-b1db-866ff636a2fd",
	"604336a3-9bef-4909-b4e0-7e21963a471d",
	-1,
	'increased_activty',
	'');
INSERT INTO C_AS
	VALUES ("1ccfd096-372b-4476-b1db-866ff636a2fd",
	'increased_activty',
	'',
	0,
	"00000000-0000-0000-0000-000000000000");
INSERT INTO C_PP
	VALUES ("94f05155-edc8-4aaf-b6ca-7d693450ae84",
	"1ccfd096-372b-4476-b1db-866ff636a2fd",
	"ba5eda7a-def5-0000-0000-000000000002",
	'current_temp',
	'',
	0,
	'',
	"00000000-0000-0000-0000-000000000000");
INSERT INTO C_PP
	VALUES ("08dbd6f6-8761-4cb8-b72c-83e71216c887",
	"1ccfd096-372b-4476-b1db-866ff636a2fd",
	"ba5eda7a-def5-0000-0000-000000000002",
	'current_rate',
	'',
	0,
	'',
	"94f05155-edc8-4aaf-b6ca-7d693450ae84");
INSERT INTO PE_PE
	VALUES ("0bd9915b-76d2-4a1e-897b-8e05cbe04e89",
	1,
	"ec31a90f-95df-4b5c-af74-f5199f89b092",
	"00000000-0000-0000-0000-000000000000",
	6);
INSERT INTO C_I
	VALUES ("0bd9915b-76d2-4a1e-897b-8e05cbe04e89",
	"00000000-0000-0000-0000-000000000000",
	'synchronization',
	'');
INSERT INTO C_EP
	VALUES ("0f2056aa-552d-47ee-863f-1112ca801894",
	"0bd9915b-76d2-4a1e-897b-8e05cbe04e89",
	-1,
	'systolic_pulse',
	'');
INSERT INTO C_AS
	VALUES ("0f2056aa-552d-47ee-863f-1112ca801894",
	'systolic_pulse',
	'',
	0,
	"00000000-0000-0000-0000-000000000000");
INSERT INTO C_EP
	VALUES ("538342c3-6d25-4d02-8645-befa35b9427f",
	"0bd9915b-76d2-4a1e-897b-8e05cbe04e89",
	-1,
	'diastolic_pulse',
	'');
INSERT INTO C_AS
	VALUES ("538342c3-6d25-4d02-8645-befa35b9427f",
	'diastolic_pulse',
	'',
	0,
	"0f2056aa-552d-47ee-863f-1112ca801894");
INSERT INTO C_EP
	VALUES ("2a89dc7f-4e1b-4de6-82a1-88786929e624",
	"0bd9915b-76d2-4a1e-897b-8e05cbe04e89",
	-1,
	'systolic_pace',
	'');
INSERT INTO C_AS
	VALUES ("2a89dc7f-4e1b-4de6-82a1-88786929e624",
	'systolic_pace',
	'',
	1,
	"538342c3-6d25-4d02-8645-befa35b9427f");
INSERT INTO C_EP
	VALUES ("cae54907-3b8e-4378-8caf-9fcb1c8016a0",
	"0bd9915b-76d2-4a1e-897b-8e05cbe04e89",
	-1,
	'diastolic_pace',
	'');
INSERT INTO C_AS
	VALUES ("cae54907-3b8e-4378-8caf-9fcb1c8016a0",
	'diastolic_pace',
	'',
	1,
	"2a89dc7f-4e1b-4de6-82a1-88786929e624");
INSERT INTO C_EP
	VALUES ("66dc1146-68a1-41cb-81e5-82b26ee7682f",
	"0bd9915b-76d2-4a1e-897b-8e05cbe04e89",
	-1,
	'init',
	'');
INSERT INTO C_IO
	VALUES ("66dc1146-68a1-41cb-81e5-82b26ee7682f",
	"ba5eda7a-def5-0000-0000-000000000000",
	'init',
	'',
	0,
	'',
	"00000000-0000-0000-0000-000000000000");
INSERT INTO C_PP
	VALUES ("af336be4-ae31-4a5d-86bc-6ebaf5109d31",
	"66dc1146-68a1-41cb-81e5-82b26ee7682f",
	"ba5eda7a-def5-0000-0000-000000000002",
	'systolic_period',
	'The systolic period is the duration of time between diastolic and systolic pulses.',
	0,
	'',
	"00000000-0000-0000-0000-000000000000");
INSERT INTO C_PP
	VALUES ("eda96872-7aa7-4e43-b03c-97a23f43406e",
	"66dc1146-68a1-41cb-81e5-82b26ee7682f",
	"ba5eda7a-def5-0000-0000-000000000002",
	'diastolic_period',
	'The diastolic period is the duration of time between systolic and diastolic pulses.',
	0,
	'',
	"af336be4-ae31-4a5d-86bc-6ebaf5109d31");
INSERT INTO EP_PKG
	VALUES ("94858fb3-8fb4-4321-8ca9-a1bee365a4f1",
	"15b2a15d-7110-4efa-b644-89bd96e12c0e",
	"15b2a15d-7110-4efa-b644-89bd96e12c0e",
	'system',
	'',
	0);
INSERT INTO PE_PE
	VALUES ("a3f539d3-66f7-4f16-8e88-9f84704d5ddc",
	1,
	"94858fb3-8fb4-4321-8ca9-a1bee365a4f1",
	"00000000-0000-0000-0000-000000000000",
	21);
INSERT INTO CL_IC
	VALUES ("a3f539d3-66f7-4f16-8e88-9f84704d5ddc",
	"ba87c6eb-2533-4e97-ad6a-c00c71348da9",
	"00000000-0000-0000-0000-000000000000",
	"00000000-0000-0000-0000-000000000000",
	0,
	'',
	'avpace::library::heart',
	'');
INSERT INTO CL_IIR
	VALUES ("f790253e-6068-4924-bc26-009aefceede2",
	"f91727a5-250f-4333-9975-1bf60c569d24",
	"a3f539d3-66f7-4f16-8e88-9f84704d5ddc",
	"00000000-0000-0000-0000-000000000000",
	'synchronization',
	'');
INSERT INTO CL_IR
	VALUES ("f790253e-6068-4924-bc26-009aefceede2",
	"4c328a36-e524-47d6-8a5b-ebeaa7b4f1e4",
	'synchronization',
	'');
INSERT INTO CL_IIR
	VALUES ("1695635f-d9ea-4ab1-9d74-e04c6970eb33",
	"79019045-5212-4970-a66f-a4a532cc55a1",
	"a3f539d3-66f7-4f16-8e88-9f84704d5ddc",
	"00000000-0000-0000-0000-000000000000",
	'host',
	'');
INSERT INTO CL_IR
	VALUES ("1695635f-d9ea-4ab1-9d74-e04c6970eb33",
	"00000000-0000-0000-0000-000000000000",
	'host',
	'');
INSERT INTO PE_PE
	VALUES ("91f2fa54-b26f-45c3-b6b9-30d19396bc8f",
	1,
	"94858fb3-8fb4-4321-8ca9-a1bee365a4f1",
	"00000000-0000-0000-0000-000000000000",
	21);
INSERT INTO CL_IC
	VALUES ("91f2fa54-b26f-45c3-b6b9-30d19396bc8f",
	"64cd4cde-e522-4a43-aefa-801975114eb9",
	"00000000-0000-0000-0000-000000000000",
	"00000000-0000-0000-0000-000000000000",
	0,
	'',
	'avpace::library::pacer',
	'');
INSERT INTO CL_IIR
	VALUES ("667ffc1e-41c6-4068-9d2f-57b2fcef524b",
	"b6871f7e-a5e2-4808-8125-ce38580c2041",
	"91f2fa54-b26f-45c3-b6b9-30d19396bc8f",
	"00000000-0000-0000-0000-000000000000",
	'synchronization',
	'');
INSERT INTO CL_IP
	VALUES ("667ffc1e-41c6-4068-9d2f-57b2fcef524b",
	'synchronization',
	'');
INSERT INTO CL_IPINS
	VALUES ("4c328a36-e524-47d6-8a5b-ebeaa7b4f1e4",
	"667ffc1e-41c6-4068-9d2f-57b2fcef524b");
INSERT INTO CL_IIR
	VALUES ("41666281-5ffb-48f3-8f24-baec344b9968",
	"d4051d51-e8fe-44b5-a867-57cdfff4f5ed",
	"91f2fa54-b26f-45c3-b6b9-30d19396bc8f",
	"00000000-0000-0000-0000-000000000000",
	'host',
	'');
INSERT INTO CL_IP
	VALUES ("41666281-5ffb-48f3-8f24-baec344b9968",
	'host',
	'');
INSERT INTO PE_PE
	VALUES ("4c328a36-e524-47d6-8a5b-ebeaa7b4f1e4",
	1,
	"94858fb3-8fb4-4321-8ca9-a1bee365a4f1",
	"00000000-0000-0000-0000-000000000000",
	22);
INSERT INTO C_SF
	VALUES ("4c328a36-e524-47d6-8a5b-ebeaa7b4f1e4",
	"f91727a5-250f-4333-9975-1bf60c569d24",
	"b6871f7e-a5e2-4808-8125-ce38580c2041",
	'',
	'pacer::to_heart::synchronization -o)- heart::out_to_body::synchronization');
INSERT INTO PE_PE
	VALUES ("ba5eda7a-def5-0000-0000-000000000000",
	1,
	"00000000-0000-0000-0000-000000000000",
	"00000000-0000-0000-0000-000000000000",
	3);
INSERT INTO S_DT
	VALUES ("ba5eda7a-def5-0000-0000-000000000000",
	"00000000-0000-0000-0000-000000000000",
	'void',
	'',
	'');
INSERT INTO S_CDT
	VALUES ("ba5eda7a-def5-0000-0000-000000000000",
	0);
INSERT INTO PE_PE
	VALUES ("ba5eda7a-def5-0000-0000-000000000001",
	1,
	"00000000-0000-0000-0000-000000000000",
	"00000000-0000-0000-0000-000000000000",
	3);
INSERT INTO S_DT
	VALUES ("ba5eda7a-def5-0000-0000-000000000001",
	"00000000-0000-0000-0000-000000000000",
	'boolean',
	'',
	'');
INSERT INTO S_CDT
	VALUES ("ba5eda7a-def5-0000-0000-000000000001",
	1);
INSERT INTO PE_PE
	VALUES ("ba5eda7a-def5-0000-0000-000000000002",
	1,
	"00000000-0000-0000-0000-000000000000",
	"00000000-0000-0000-0000-000000000000",
	3);
INSERT INTO S_DT
	VALUES ("ba5eda7a-def5-0000-0000-000000000002",
	"00000000-0000-0000-0000-000000000000",
	'integer',
	'',
	'');
INSERT INTO S_CDT
	VALUES ("ba5eda7a-def5-0000-0000-000000000002",
	2);
INSERT INTO PE_PE
	VALUES ("ba5eda7a-def5-0000-0000-000000000003",
	1,
	"00000000-0000-0000-0000-000000000000",
	"00000000-0000-0000-0000-000000000000",
	3);
INSERT INTO S_DT
	VALUES ("ba5eda7a-def5-0000-0000-000000000003",
	"00000000-0000-0000-0000-000000000000",
	'real',
	'',
	'');
INSERT INTO S_CDT
	VALUES ("ba5eda7a-def5-0000-0000-000000000003",
	3);
INSERT INTO PE_PE
	VALUES ("ba5eda7a-def5-0000-0000-000000000004",
	1,
	"00000000-0000-0000-0000-000000000000",
	"00000000-0000-0000-0000-000000000000",
	3);
INSERT INTO S_DT
	VALUES ("ba5eda7a-def5-0000-0000-000000000004",
	"00000000-0000-0000-0000-000000000000",
	'string',
	'',
	'');
INSERT INTO S_CDT
	VALUES ("ba5eda7a-def5-0000-0000-000000000004",
	4);
INSERT INTO PE_PE
	VALUES ("ba5eda7a-def5-0000-0000-000000000005",
	1,
	"00000000-0000-0000-0000-000000000000",
	"00000000-0000-0000-0000-000000000000",
	3);
INSERT INTO S_DT
	VALUES ("ba5eda7a-def5-0000-0000-000000000005",
	"00000000-0000-0000-0000-000000000000",
	'unique_id',
	'',
	'');
INSERT INTO S_CDT
	VALUES ("ba5eda7a-def5-0000-0000-000000000005",
	5);
INSERT INTO PE_PE
	VALUES ("ba5eda7a-def5-0000-0000-000000000006",
	1,
	"00000000-0000-0000-0000-000000000000",
	"00000000-0000-0000-0000-000000000000",
	3);
INSERT INTO S_DT
	VALUES ("ba5eda7a-def5-0000-0000-000000000006",
	"00000000-0000-0000-0000-000000000000",
	'state<State_Model>',
	'',
	'');
INSERT INTO S_CDT
	VALUES ("ba5eda7a-def5-0000-0000-000000000006",
	6);
INSERT INTO PE_PE
	VALUES ("ba5eda7a-def5-0000-0000-000000000007",
	1,
	"00000000-0000-0000-0000-000000000000",
	"00000000-0000-0000-0000-000000000000",
	3);
INSERT INTO S_DT
	VALUES ("ba5eda7a-def5-0000-0000-000000000007",
	"00000000-0000-0000-0000-000000000000",
	'same_as<Base_Attribute>',
	'',
	'');
INSERT INTO S_CDT
	VALUES ("ba5eda7a-def5-0000-0000-000000000007",
	7);
INSERT INTO PE_PE
	VALUES ("ba5eda7a-def5-0000-0000-000000000008",
	1,
	"00000000-0000-0000-0000-000000000000",
	"00000000-0000-0000-0000-000000000000",
	3);
INSERT INTO S_DT
	VALUES ("ba5eda7a-def5-0000-0000-000000000008",
	"00000000-0000-0000-0000-000000000000",
	'inst_ref<Object>',
	'',
	'');
INSERT INTO S_CDT
	VALUES ("ba5eda7a-def5-0000-0000-000000000008",
	8);
INSERT INTO PE_PE
	VALUES ("ba5eda7a-def5-0000-0000-000000000009",
	1,
	"00000000-0000-0000-0000-000000000000",
	"00000000-0000-0000-0000-000000000000",
	3);
INSERT INTO S_DT
	VALUES ("ba5eda7a-def5-0000-0000-000000000009",
	"00000000-0000-0000-0000-000000000000",
	'inst_ref_set<Object>',
	'',
	'');
INSERT INTO S_CDT
	VALUES ("ba5eda7a-def5-0000-0000-000000000009",
	9);
INSERT INTO PE_PE
	VALUES ("ba5eda7a-def5-0000-0000-00000000000a",
	1,
	"00000000-0000-0000-0000-000000000000",
	"00000000-0000-0000-0000-000000000000",
	3);
INSERT INTO S_DT
	VALUES ("ba5eda7a-def5-0000-0000-00000000000a",
	"00000000-0000-0000-0000-000000000000",
	'inst<Event>',
	'',
	'');
INSERT INTO S_CDT
	VALUES ("ba5eda7a-def5-0000-0000-00000000000a",
	10);
INSERT INTO PE_PE
	VALUES ("ba5eda7a-def5-0000-0000-00000000000b",
	1,
	"00000000-0000-0000-0000-000000000000",
	"00000000-0000-0000-0000-000000000000",
	3);
INSERT INTO S_DT
	VALUES ("ba5eda7a-def5-0000-0000-00000000000b",
	"00000000-0000-0000-0000-000000000000",
	'inst<Mapping>',
	'',
	'');
INSERT INTO S_CDT
	VALUES ("ba5eda7a-def5-0000-0000-00000000000b",
	11);
INSERT INTO PE_PE
	VALUES ("ba5eda7a-def5-0000-0000-00000000000c",
	1,
	"00000000-0000-0000-0000-000000000000",
	"00000000-0000-0000-0000-000000000000",
	3);
INSERT INTO S_DT
	VALUES ("ba5eda7a-def5-0000-0000-00000000000c",
	"00000000-0000-0000-0000-000000000000",
	'inst_ref<Mapping>',
	'',
	'');
INSERT INTO S_CDT
	VALUES ("ba5eda7a-def5-0000-0000-00000000000c",
	12);
INSERT INTO PE_PE
	VALUES ("ba5eda7a-def5-0000-0000-00000000000d",
	1,
	"00000000-0000-0000-0000-000000000000",
	"00000000-0000-0000-0000-000000000000",
	3);
INSERT INTO S_DT
	VALUES ("ba5eda7a-def5-0000-0000-00000000000d",
	"00000000-0000-0000-0000-000000000000",
	'component_ref',
	'',
	'');
INSERT INTO S_CDT
	VALUES ("ba5eda7a-def5-0000-0000-00000000000d",
	13);
INSERT INTO PE_PE
	VALUES ("ba5eda7a-def5-0000-0000-00000000000e",
	1,
	"00000000-0000-0000-0000-000000000000",
	"00000000-0000-0000-0000-000000000000",
	3);
INSERT INTO S_DT
	VALUES ("ba5eda7a-def5-0000-0000-00000000000e",
	"00000000-0000-0000-0000-000000000000",
	'date',
	'',
	'');
INSERT INTO S_UDT
	VALUES ("ba5eda7a-def5-0000-0000-00000000000e",
	"ba5eda7a-def5-0000-0000-00000000000b",
	1);
INSERT INTO PE_PE
	VALUES ("ba5eda7a-def5-0000-0000-00000000000f",
	1,
	"00000000-0000-0000-0000-000000000000",
	"00000000-0000-0000-0000-000000000000",
	3);
INSERT INTO S_DT
	VALUES ("ba5eda7a-def5-0000-0000-00000000000f",
	"00000000-0000-0000-0000-000000000000",
	'inst_ref<Timer>',
	'',
	'');
INSERT INTO S_UDT
	VALUES ("ba5eda7a-def5-0000-0000-00000000000f",
	"ba5eda7a-def5-0000-0000-00000000000c",
	3);
INSERT INTO PE_PE
	VALUES ("ba5eda7a-def5-0000-0000-000000000010",
	1,
	"00000000-0000-0000-0000-000000000000",
	"00000000-0000-0000-0000-000000000000",
	3);
INSERT INTO S_DT
	VALUES ("ba5eda7a-def5-0000-0000-000000000010",
	"00000000-0000-0000-0000-000000000000",
	'timestamp',
	'',
	'');
INSERT INTO S_UDT
	VALUES ("ba5eda7a-def5-0000-0000-000000000010",
	"ba5eda7a-def5-0000-0000-00000000000b",
	2);
