-- BP 6.1D content: domain syschar: 3

INSERT INTO S_DOM
	VALUES (36762,
	'ca_smsmc_test',
	'',
	0,
	1);
INSERT INTO S_CDT
	VALUES (524289,
	0);
INSERT INTO S_DT
	VALUES (524289,
	36762,
	'void',
	'');
INSERT INTO S_CDT
	VALUES (524290,
	1);
INSERT INTO S_DT
	VALUES (524290,
	36762,
	'boolean',
	'');
INSERT INTO S_CDT
	VALUES (524291,
	2);
INSERT INTO S_DT
	VALUES (524291,
	36762,
	'integer',
	'');
INSERT INTO S_CDT
	VALUES (524292,
	3);
INSERT INTO S_DT
	VALUES (524292,
	36762,
	'real',
	'');
INSERT INTO S_CDT
	VALUES (524293,
	4);
INSERT INTO S_DT
	VALUES (524293,
	36762,
	'string',
	'');
INSERT INTO S_CDT
	VALUES (524294,
	5);
INSERT INTO S_DT
	VALUES (524294,
	36762,
	'unique_id',
	'');
INSERT INTO S_CDT
	VALUES (524295,
	6);
INSERT INTO S_DT
	VALUES (524295,
	36762,
	'state<State_Model>',
	'');
INSERT INTO S_CDT
	VALUES (524296,
	7);
INSERT INTO S_DT
	VALUES (524296,
	36762,
	'same_as<Base_Attribute>',
	'');
INSERT INTO S_CDT
	VALUES (524297,
	8);
INSERT INTO S_DT
	VALUES (524297,
	36762,
	'inst_ref<Object>',
	'');
INSERT INTO S_CDT
	VALUES (524298,
	9);
INSERT INTO S_DT
	VALUES (524298,
	36762,
	'inst_ref_set<Object>',
	'');
INSERT INTO S_CDT
	VALUES (524299,
	10);
INSERT INTO S_DT
	VALUES (524299,
	36762,
	'inst<Event>',
	'');
INSERT INTO S_CDT
	VALUES (524300,
	11);
INSERT INTO S_DT
	VALUES (524300,
	36762,
	'inst<Mapping>',
	'');
INSERT INTO S_CDT
	VALUES (524301,
	12);
INSERT INTO S_DT
	VALUES (524301,
	36762,
	'inst_ref<Mapping>',
	'');
INSERT INTO S_UDT
	VALUES (524302,
	524300,
	1);
INSERT INTO S_DT
	VALUES (524302,
	36762,
	'date',
	'');
INSERT INTO S_UDT
	VALUES (524303,
	524300,
	2);
INSERT INTO S_DT
	VALUES (524303,
	36762,
	'timestamp',
	'');
INSERT INTO S_UDT
	VALUES (524304,
	524301,
	3);
INSERT INTO S_DT
	VALUES (524304,
	36762,
	'inst_ref<Timer>',
	'');
INSERT INTO GD_MD
	VALUES (524289,
	1,
	36762,
	1,
	1,
	0,
	1,
	1,
	0,
	12,
	1600,
	4200,
	1.000000,
	0);
INSERT INTO GD_GE
	VALUES (524293,
	524289,
	1048578,
	11);
INSERT INTO GD_SHP
	VALUES (524293,
	1696,
	1312,
	1904,
	1456);
INSERT INTO GD_GE
	VALUES (524297,
	524289,
	1572867,
	11);
INSERT INTO GD_SHP
	VALUES (524297,
	2032,
	1312,
	2240,
	1456);
INSERT INTO GD_MD
	VALUES (524290,
	2,
	36762,
	1,
	1,
	0,
	1,
	1,
	0,
	12,
	1600,
	4200,
	1.000000,
	0);
INSERT INTO GD_GE
	VALUES (524294,
	524290,
	1048578,
	11);
INSERT INTO GD_SHP
	VALUES (524294,
	1696,
	1312,
	1904,
	1456);
INSERT INTO GD_GE
	VALUES (524298,
	524290,
	1572867,
	11);
INSERT INTO GD_SHP
	VALUES (524298,
	2032,
	1312,
	2240,
	1456);
INSERT INTO GD_MD
	VALUES (524291,
	3,
	36762,
	1,
	1,
	0,
	1,
	1,
	0,
	12,
	1600,
	4200,
	1.000000,
	0);
INSERT INTO GD_GE
	VALUES (524295,
	524291,
	1048578,
	11);
INSERT INTO GD_SHP
	VALUES (524295,
	1696,
	1312,
	1904,
	1456);
INSERT INTO GD_GE
	VALUES (524299,
	524291,
	1572867,
	11);
INSERT INTO GD_SHP
	VALUES (524299,
	2032,
	1312,
	2240,
	1456);
INSERT INTO GD_MD
	VALUES (524292,
	4,
	36762,
	1,
	1,
	0,
	1,
	1,
	0,
	12,
	1600,
	4200,
	1.000000,
	0);
INSERT INTO GD_GE
	VALUES (524296,
	524292,
	1048578,
	11);
INSERT INTO GD_SHP
	VALUES (524296,
	1696,
	1312,
	1904,
	1456);
INSERT INTO GD_GE
	VALUES (524300,
	524292,
	1572867,
	11);
INSERT INTO GD_SHP
	VALUES (524300,
	2032,
	1312,
	2240,
	1456);
INSERT INTO S_SS
	VALUES (1048578,
	'One Subsystem',
	'',
	'',
	1,
	36762,
	1048578);
INSERT INTO O_OBJ
	VALUES (1048577,
	'A Class',
	1,
	'A',
	'',
	1048578);
INSERT INTO O_NBATTR
	VALUES (1048578,
	1048577);
INSERT INTO O_BATTR
	VALUES (1048578,
	1048577);
INSERT INTO O_ATTR
	VALUES (1048578,
	1048577,
	0,
	'id',
	'',
	'',
	'id',
	0,
	524294);
INSERT INTO O_NBATTR
	VALUES (1048577,
	1048577);
INSERT INTO O_BATTR
	VALUES (1048577,
	1048577);
INSERT INTO O_ATTR
	VALUES (1048577,
	1048577,
	1048578,
	'current_state',
	'',
	'',
	'current_state',
	0,
	524295);
INSERT INTO O_ID
	VALUES (0,
	1048577);
INSERT INTO O_OIDA
	VALUES (1048578,
	1048577,
	0);
INSERT INTO SM_ISM
	VALUES (2097156,
	1048577);
INSERT INTO SM_SM
	VALUES (2097156,
	'',
	4);
INSERT INTO SM_MOORE
	VALUES (2097156);
INSERT INTO SM_SUPDT
	VALUES (2097153,
	2097156,
	0);
INSERT INTO SM_STATE
	VALUES (2097153,
	2097156,
	2097153,
	'State Name',
	1,
	0);
INSERT INTO SM_LEVT
	VALUES (2097153,
	2097156,
	2097153);
INSERT INTO SM_SEVT
	VALUES (2097153,
	2097156,
	2097153);
INSERT INTO SM_EVT
	VALUES (2097153,
	2097156,
	2097153,
	1,
	'test1',
	0,
	'',
	'A1',
	'');
INSERT INTO SM_SEME
	VALUES (2097153,
	2097153,
	2097156,
	2097153);
INSERT INTO SM_NSTXN
	VALUES (2097153,
	2097156,
	2097153,
	2097153,
	2097153);
INSERT INTO SM_TXN
	VALUES (2097153,
	2097156,
	2097153,
	2097153);
INSERT INTO SM_MOAH
	VALUES (2097153,
	2097156,
	2097153);
INSERT INTO SM_AH
	VALUES (2097153,
	2097156);
INSERT INTO SM_ACT
	VALUES (2097153,
	2097156,
	1,
	'',
	'');
INSERT INTO GD_MD
	VALUES (2097153,
	8,
	2097156,
	40,
	1,
	0,
	1,
	1,
	0,
	12,
	1600,
	4200,
	1.000000,
	0);
INSERT INTO GD_GE
	VALUES (2097154,
	2097153,
	2097153,
	41);
INSERT INTO GD_SHP
	VALUES (2097154,
	1776,
	1328,
	2064,
	1488);
INSERT INTO GD_GE
	VALUES (2097155,
	2097153,
	2097153,
	42);
INSERT INTO GD_CON
	VALUES (2097155,
	2097154,
	2097154,
	0);
INSERT INTO GD_CTXT
	VALUES (2097155,
	0,
	0,
	0,
	0,
	0,
	0,
	2033,
	1219,
	2095,
	1241,
	-27,
	-100,
	0,
	0,
	0,
	0,
	0,
	0);
INSERT INTO GD_LS
	VALUES (2097156,
	2097155,
	2064,
	1408,
	2128,
	1408,
	0);
INSERT INTO GD_LS
	VALUES (2097157,
	2097155,
	2128,
	1408,
	2128,
	1248,
	2097156);
INSERT INTO GD_LS
	VALUES (2097158,
	2097155,
	2128,
	1248,
	2000,
	1248,
	2097157);
INSERT INTO GD_LS
	VALUES (2097159,
	2097155,
	2000,
	1248,
	2000,
	1328,
	2097158);
INSERT INTO O_IOBJ
	VALUES (1048577,
	1572865,
	6,
	1048578,
	'B Class',
	'B');
INSERT INTO CA_SMSMC
	VALUES (1048577,
	2621445,
	2097156,
	0,
	1048577);
INSERT INTO CA_COMM
	VALUES (1048577,
	1048578);
INSERT INTO CA_SMSME
	VALUES (1048577,
	2097156,
	2097153);
INSERT INTO GD_MD
	VALUES (1048577,
	5,
	1048578,
	11,
	1,
	0,
	1,
	1,
	0,
	12,
	1600,
	4200,
	1.000000,
	0);
INSERT INTO GD_GE
	VALUES (1048580,
	1048577,
	1048577,
	21);
INSERT INTO GD_SHP
	VALUES (1048580,
	1712,
	1296,
	1904,
	1472);
INSERT INTO GD_MD
	VALUES (1048578,
	6,
	1048578,
	11,
	1,
	0,
	1,
	1,
	0,
	12,
	1600,
	4200,
	1.000000,
	0);
INSERT INTO GD_GE
	VALUES (1048582,
	1048578,
	1048577,
	21);
INSERT INTO GD_SHP
	VALUES (1048582,
	1712,
	1296,
	1904,
	1360);
INSERT INTO GD_GE
	VALUES (1048583,
	1048578,
	1048577,
	23);
INSERT INTO GD_SHP
	VALUES (1048583,
	1712,
	1456,
	1920,
	1552);
INSERT INTO GD_GE
	VALUES (1048584,
	1048578,
	1048584,
	1005);
INSERT INTO GD_CON
	VALUES (1048584,
	1048583,
	1048582,
	0);
INSERT INTO GD_CTXT
	VALUES (1048584,
	0,
	0,
	0,
	0,
	0,
	0,
	1765,
	1406,
	1827,
	1428,
	-7,
	7,
	0,
	0,
	0,
	0,
	0,
	0);
INSERT INTO GD_LS
	VALUES (1048587,
	1048584,
	1840,
	1456,
	1840,
	1360,
	0);
INSERT INTO GD_GE
	VALUES (1048588,
	1048578,
	1048577,
	28);
INSERT INTO GD_CON
	VALUES (1048588,
	1048583,
	1048582,
	0);
INSERT INTO GD_CTXT
	VALUES (1048588,
	0,
	0,
	0,
	0,
	0,
	0,
	0,
	0,
	0,
	0,
	0,
	0,
	0,
	0,
	0,
	0,
	0,
	0);
INSERT INTO GD_LS
	VALUES (1048589,
	1048588,
	1808,
	1456,
	1808,
	1360,
	0);
INSERT INTO GD_MD
	VALUES (1048579,
	7,
	1048578,
	11,
	1,
	0,
	1,
	1,
	0,
	12,
	1600,
	4200,
	1.000000,
	0);
INSERT INTO GD_GE
	VALUES (1048581,
	1048579,
	1048577,
	21);
INSERT INTO GD_SHP
	VALUES (1048581,
	1712,
	1296,
	1904,
	1360);
INSERT INTO S_SS
	VALUES (1572867,
	'Other Subsystem',
	'',
	'',
	100,
	36762,
	1572867);
INSERT INTO O_OBJ
	VALUES (1572865,
	'B Class',
	100,
	'B',
	'',
	1572867);
INSERT INTO O_NBATTR
	VALUES (1572865,
	1572865);
INSERT INTO O_BATTR
	VALUES (1572865,
	1572865);
INSERT INTO O_ATTR
	VALUES (1572865,
	1572865,
	0,
	'id',
	'',
	'',
	'id',
	0,
	524294);
INSERT INTO O_NBATTR
	VALUES (1572866,
	1572865);
INSERT INTO O_BATTR
	VALUES (1572866,
	1572865);
INSERT INTO O_ATTR
	VALUES (1572866,
	1572865,
	1572865,
	'current_state',
	'',
	'',
	'current_state',
	0,
	524295);
INSERT INTO O_ID
	VALUES (0,
	1572865);
INSERT INTO O_OIDA
	VALUES (1572865,
	1572865,
	0);
INSERT INTO SM_ISM
	VALUES (2621445,
	1572865);
INSERT INTO SM_SM
	VALUES (2621445,
	'',
	5);
INSERT INTO SM_MOORE
	VALUES (2621445);
INSERT INTO SM_SUPDT
	VALUES (2621441,
	2621445,
	0);
INSERT INTO SM_STATE
	VALUES (2621441,
	2621445,
	0,
	'State Name',
	1,
	0);
INSERT INTO SM_LEVT
	VALUES (2621441,
	2621445,
	2621441);
INSERT INTO SM_SEVT
	VALUES (2621441,
	2621445,
	2621441);
INSERT INTO SM_EVT
	VALUES (2621441,
	2621445,
	2621441,
	1,
	'test1',
	0,
	'',
	'B1',
	'');
INSERT INTO SM_CH
	VALUES (2621441,
	2621441,
	2621445,
	2621441,
	'');
INSERT INTO SM_SEME
	VALUES (2621441,
	2621441,
	2621445,
	2621441);
INSERT INTO SM_MOAH
	VALUES (2621441,
	2621445,
	2621441);
INSERT INTO SM_AH
	VALUES (2621441,
	2621445);
INSERT INTO SM_ACT
	VALUES (2621441,
	2621445,
	1,
	'select any a from instances of A;
generate A1 to a;
',
	'');
INSERT INTO GD_MD
	VALUES (2621441,
	8,
	2621445,
	40,
	1,
	0,
	1,
	1,
	0,
	12,
	1600,
	4200,
	1.000000,
	0);
INSERT INTO GD_GE
	VALUES (2621442,
	2621441,
	2621441,
	41);
INSERT INTO GD_SHP
	VALUES (2621442,
	1728,
	1328,
	2064,
	1472);
INSERT INTO O_IOBJ
	VALUES (1572865,
	1048577,
	6,
	1572867,
	'A Class',
	'A');
INSERT INTO CA_SMSMC
	VALUES (1572865,
	2621445,
	2097156,
	1572865,
	0);
INSERT INTO CA_COMM
	VALUES (1572865,
	1572867);
INSERT INTO CA_SMSME
	VALUES (1572865,
	2097156,
	2097153);
INSERT INTO GD_MD
	VALUES (1572865,
	5,
	1572867,
	11,
	1,
	0,
	1,
	1,
	0,
	12,
	1600,
	4200,
	1.000000,
	0);
INSERT INTO GD_GE
	VALUES (1572868,
	1572865,
	1572865,
	21);
INSERT INTO GD_SHP
	VALUES (1572868,
	1760,
	1296,
	2112,
	1552);
INSERT INTO GD_MD
	VALUES (1572866,
	6,
	1572867,
	11,
	1,
	0,
	1,
	1,
	0,
	12,
	1600,
	4200,
	1.000000,
	0);
INSERT INTO GD_GE
	VALUES (1572870,
	1572866,
	1572865,
	21);
INSERT INTO GD_SHP
	VALUES (1572870,
	1760,
	1296,
	1952,
	1360);
INSERT INTO GD_GE
	VALUES (1572871,
	1572866,
	1572865,
	23);
INSERT INTO GD_SHP
	VALUES (1572871,
	1776,
	1488,
	2000,
	1584);
INSERT INTO GD_GE
	VALUES (1572872,
	1572866,
	1572872,
	1005);
INSERT INTO GD_CON
	VALUES (1572872,
	1572870,
	1572871,
	0);
INSERT INTO GD_CTXT
	VALUES (1572872,
	0,
	0,
	0,
	0,
	0,
	0,
	1768,
	1420,
	1830,
	1442,
	-4,
	5,
	0,
	0,
	0,
	0,
	0,
	0);
INSERT INTO GD_LS
	VALUES (1572875,
	1572872,
	1840,
	1360,
	1840,
	1488,
	0);
INSERT INTO GD_GE
	VALUES (1572876,
	1572866,
	1572865,
	28);
INSERT INTO GD_CON
	VALUES (1572876,
	1572870,
	1572871,
	0);
INSERT INTO GD_CTXT
	VALUES (1572876,
	0,
	0,
	0,
	0,
	0,
	0,
	0,
	0,
	0,
	0,
	0,
	0,
	0,
	0,
	0,
	0,
	0,
	0);
INSERT INTO GD_LS
	VALUES (1572877,
	1572876,
	1856,
	1360,
	1856,
	1488,
	0);
INSERT INTO GD_MD
	VALUES (1572867,
	7,
	1572867,
	11,
	1,
	0,
	1,
	1,
	0,
	12,
	1600,
	4200,
	1.000000,
	0);
INSERT INTO GD_GE
	VALUES (1572869,
	1572867,
	1572865,
	21);
INSERT INTO GD_SHP
	VALUES (1572869,
	1760,
	1296,
	1952,
	1360);
