<?xml version="1.0" encoding="UTF-8"?>
<feature
      id="com.mentor.nucleus.bp.bld.pkg"
      label="BridgePoint Builder"
      version="4.2.1"
      provider-name="xtUML.org">

   <copyright>
      Copyright © 1999-2014 Mentor Graphics Corporation. All rights reserved.
   </copyright>

   <license url="license.html">
Licensed under the Apache License, Version 2.0 (the "License"); you may not 
use this file except in compliance with the License.  You may obtain a copy 
of the License at

      http://www.apache.org/licenses/LICENSE-2.0

Unless required by applicable law or agreed to in writing, software 
distributed under the License is distributed on an "AS IS" BASIS, WITHOUT 
WARRANTIES OR CONDITIONS OF ANY KIND, either express or implied.   See the 
License for the specific language governing permissions and limitations under
the License.
   </license>

   <requires>
      <import plugin="org.eclipse.core.resources"/>
      <import plugin="org.eclipse.ui"/>
      <import plugin="org.eclipse.ui.workbench.texteditor"/>
   </requires>

   <plugin id="com.mentor.nucleus.bp.core"
         download-size="0"
         install-size="0"
         version="4.2.1"/>

   <plugin id="com.mentor.nucleus.bp.doc"
         download-size="0"
         install-size="0"
         version="4.2.1"/>

   <plugin id="com.mentor.nucleus.bp.ui.text"
         download-size="0"
         install-size="0"
         version="4.2.1"/>

   <plugin id="com.mentor.nucleus.bp.ui.properties"
         download-size="0"
         install-size="0"
         version="4.2.1"/>

   <plugin id="com.mentor.nucleus.bp.ui.explorer"
         download-size="0"
         install-size="0"
         version="4.2.1"/>

   <plugin id="com.mentor.nucleus.bp.ui.canvas"
         download-size="0"
         install-size="0"
         version="4.2.1"/>

   <plugin id="com.mentor.nucleus.bp.ui.graphics"
         download-size="0"
         install-size="0"
         version="4.2.1"/>

   <plugin id="com.mentor.nucleus.bp.als.oal"
         download-size="0"
         install-size="0"
         version="4.2.1"/>

   <plugin id="com.mentor.nucleus.bp.io.core"
         download-size="0"
         install-size="0"
         version="4.2.1"/>

   <plugin id="com.mentor.nucleus.bp.io.mdl"
         download-size="0"
         install-size="0"
         version="4.2.1"/>

   <plugin id="com.mentor.nucleus.bp.io.sql"
         download-size="0"
         install-size="0"
         version="4.2.1"/>

   <plugin id="com.mentor.nucleus.bp.model.compare"
         download-size="0"
         install-size="0"
         version="4.2.1"/>

   <plugin id="com.mentor.nucleus.bp.cdt"
         download-size="0"
         install-size="0"
         version="4.2.1"/>
         
   <plugin id="com.mentor.nucleus.bp.welcome"
         download-size="0"
         install-size="0"
         version="4.2.1"/>

   <plugin id="com.mentor.nucleus.bp.bld.pkg"
         download-size="0"
         install-size="0"
         version="4.2.1"/>

   <plugin id="com.mentor.nucleus.bp.ui.sem"
         download-size="0"
         install-size="0"
         version="4.2.1"/>

   <plugin id="com.mentor.nucleus.bp.io.image"
         download-size="0"
         install-size="0"
         version="4.2.1"/>

   <plugin id="com.mentor.nucleus.bp.sequencecapture"
         download-size="0"
         install-size="0"
         version="4.2.1"/>
         
   <plugin id="com.mentor.nucleus.bp.docgen"
         download-size="0"
         install-size="0"
         version="4.2.1"/>

   <plugin id="com.mentor.nucleus.bp.utilities"
         download-size="0"
         install-size="0"
         version="4.2.1"/>

   <plugin id="com.mentor.nucleus.bp.search"
         download-size="0"
         install-size="0"
         version="4.2.1"/>

   <plugin id="com.mentor.nucleus.bp.ui.search"
         download-size="0"
         install-size="0"
         version="4.2.1"/>

   <plugin id="com.mentor.nucleus.bp.cli"
         download-size="0"
         install-size="0"
         version="4.2.1"/>
</feature>
